time_s,mode,state,bananas_seen,label,det_conf,cls_conf,size_pct,hunger,lr,fb,ud,yaw,battery,brain,escape_dir,loom_l,loom_c,loom_r,escape_level,wobble_floor,loom_in_l,loom_in_r,hand
9.07,FLYING,APPROACH,1,rotten,0.64,0.99,3.6,100,0,0,-4,0,75,ARMING,,0.00,0.00,0.00,0.00,0.00,0.00,0.00,
9.19,FLYING,APPROACH,1,rotten,0.64,0.99,3.6,100,0,2,-7,0,75,ARMING,,0.06,0.07,0.16,0.00,0.00,0.00,0.00,
9.25,FLYING,APPROACH,1,rotten,0.64,0.99,3.6,100,0,4,-9,0,75,ARMING,,0.15,0.14,0.32,0.00,0.00,0.00,0.00,
9.33,FLYING,APPROACH,1,rotten,0.55,0.99,3.7,100,0,5,-10,0,75,ARMING,,0.25,0.19,0.47,0.00,0.00,0.00,0.00,
9.35,FLYING,APPROACH,1,rotten,0.55,0.99,3.7,100,0,6,-11,0,75,ARMING,,0.32,0.22,0.54,0.00,0.00,0.00,0.00,
9.37,FLYING,APPROACH,1,rotten,0.55,0.99,3.7,100,0,7,-12,0,75,ARMING,,0.50,0.22,0.51,0.00,0.00,0.00,0.00,
9.46,FLYING,APPROACH,1,rotten,0.68,0.99,3.7,100,0,7,-12,0,75,ARMING,,0.51,0.16,0.38,0.00,0.00,0.00,0.00,
9.49,FLYING,APPROACH,1,rotten,0.68,0.99,3.7,100,0,7,-12,0,75,ARMING,,0.52,0.13,0.32,0.00,0.00,0.00,0.00,
9.51,FLYING,APPROACH,1,rotten,0.68,0.99,3.7,100,0,7,-13,0,75,ARMING,,0.52,0.12,0.28,0.00,0.00,0.00,0.00,
9.58,FLYING,APPROACH,1,rotten,0.36,0.88,3.5,100,0,7,-13,0,75,ARMING,,0.69,0.20,0.56,0.00,0.00,0.00,0.00,
9.61,FLYING,APPROACH,1,rotten,0.36,0.88,3.5,100,0,7,-13,0,75,ARMING,,0.77,0.24,0.70,0.00,0.00,0.00,0.00,
9.64,FLYING,APPROACH,1,rotten,0.36,0.88,3.5,100,0,7,-13,0,75,ARMING,,0.81,0.23,0.47,0.00,0.00,0.00,0.00,
9.72,FLYING,APPROACH,1,rotten,0.62,0.95,3.6,100,0,7,-13,0,75,ARMING,,0.76,0.18,0.35,0.00,0.00,0.00,0.00,
9.74,FLYING,APPROACH,1,rotten,0.62,0.95,3.6,100,0,7,-13,0,75,ARMING,,0.74,0.16,0.29,0.00,0.00,0.00,0.00,
9.76,FLYING,APPROACH,1,rotten,0.62,0.95,3.6,100,0,7,-13,0,75,ARMING,,0.73,0.14,0.36,0.00,0.00,0.00,0.00,
9.86,FLYING,APPROACH,1,rotten,0.50,0.97,3.7,100,0,7,-13,0,75,ARMING,,0.56,0.11,0.28,0.00,0.00,0.00,0.00,
9.88,FLYING,APPROACH,1,rotten,0.50,0.97,3.7,100,0,7,-13,0,75,ARMING,,0.48,0.09,0.20,0.00,0.00,0.00,0.00,
9.90,FLYING,APPROACH,1,rotten,0.50,0.97,3.7,100,0,7,-13,0,75,ARMING,,0.44,0.09,0.16,0.00,0.00,0.00,0.00,
9.99,FLYING,APPROACH,1,rotten,0.55,0.99,3.7,100,0,7,-13,0,75,ARMING,,0.42,0.11,0.17,0.00,0.00,0.00,0.00,
10.01,FLYING,APPROACH,1,rotten,0.55,0.99,3.7,100,0,7,-13,0,75,ARMING,,0.39,0.12,0.17,0.00,0.00,0.00,0.00,
10.04,FLYING,APPROACH,1,rotten,0.55,0.99,3.7,100,0,7,-13,0,75,ARMING,,0.38,0.13,0.20,0.00,0.00,0.00,0.00,
10.12,FLYING,APPROACH,1,rotten,0.59,0.99,3.7,100,0,7,-13,0,75,ARMING,,0.35,0.14,0.27,0.00,0.00,0.00,0.00,
10.15,FLYING,APPROACH,1,rotten,0.59,0.99,3.7,100,0,7,-13,0,75,ARMING,,0.34,0.14,0.30,0.00,0.00,0.00,0.00,
10.17,FLYING,APPROACH,1,rotten,0.59,0.99,3.7,100,0,7,-13,0,75,ARMING,,0.33,0.14,0.33,0.00,0.00,0.00,0.00,
10.25,FLYING,APPROACH,1,rotten,0.34,0.98,3.8,100,0,7,-13,0,75,ARMING,,0.41,0.15,0.42,0.00,0.00,0.00,0.00,
10.27,FLYING,APPROACH,1,rotten,0.34,0.98,3.8,100,0,7,-13,0,75,ARMING,,0.45,0.15,0.46,0.00,0.00,0.00,0.00,
10.30,FLYING,APPROACH,1,rotten,0.34,0.98,3.8,100,0,7,-13,0,75,ARMING,,0.44,0.15,0.33,0.00,0.00,0.00,0.00,
10.38,FLYING,APPROACH,1,rotten,0.37,0.97,3.6,100,0,7,-13,0,75,ARMING,,0.44,0.14,0.22,0.00,0.00,0.00,0.00,
10.40,FLYING,APPROACH,1,rotten,0.37,0.97,3.6,100,0,7,-13,0,75,ARMING,,0.44,0.14,0.21,0.00,0.00,0.00,0.00,
10.44,FLYING,APPROACH,1,rotten,0.37,0.97,3.6,100,0,7,-13,0,75,ARMING,,0.45,0.14,0.20,0.00,0.00,0.00,0.00,
10.53,FLYING,APPROACH,0,,,,,100,0,7,-8,0,75,ARMING,,0.36,0.17,0.22,0.00,0.00,0.00,0.00,
10.55,FLYING,APPROACH,0,,,,,100,0,7,-5,0,75,ARMING,,0.37,0.18,0.26,0.00,0.00,0.00,0.00,
10.57,FLYING,APPROACH,0,,,,,100,0,7,-3,0,75,ARMING,,0.37,0.19,0.25,0.00,0.00,0.00,0.00,
10.65,FLYING,APPROACH,1,rotten,0.45,0.98,3.6,100,0,7,-7,0,75,ARMING,,0.55,0.20,0.27,0.00,0.00,0.00,0.00,
10.67,FLYING,APPROACH,1,rotten,0.45,0.98,3.6,100,0,7,-9,0,75,ARMING,,0.64,0.19,0.27,0.00,0.00,0.00,0.00,
10.71,FLYING,APPROACH,1,rotten,0.45,0.98,3.6,100,0,7,-10,0,75,ARMING,,0.73,0.18,0.27,0.00,0.00,0.00,0.00,
10.79,FLYING,APPROACH,1,rotten,0.43,0.97,3.7,100,0,7,-11,0,75,ARMING,,0.65,0.17,0.25,0.00,0.00,0.00,0.00,
10.81,FLYING,APPROACH,1,rotten,0.43,0.97,3.7,100,0,7,-12,0,75,ARMING,,0.62,0.16,0.20,0.00,0.00,0.00,0.00,
10.83,FLYING,APPROACH,1,rotten,0.43,0.97,3.7,100,0,7,-12,0,75,ARMING,,0.60,0.18,0.22,0.00,0.00,0.00,0.00,
10.93,FLYING,APPROACH,1,rotten,0.61,0.98,3.9,100,0,7,-12,0,75,ARMING,,0.85,0.23,0.28,0.00,0.00,0.00,0.00,
10.95,FLYING,APPROACH,1,rotten,0.61,0.98,3.9,100,0,7,-13,0,75,ARMING,,1.13,0.25,0.34,0.00,0.00,0.00,0.00,
10.97,FLYING,APPROACH,1,rotten,0.61,0.98,3.9,100,0,7,-13,0,75,ARMING,,1.27,0.27,0.36,0.00,0.00,0.00,0.00,
11.05,FLYING,FEED,1,rotten,0.62,0.97,4.1,100,0,5,-13,0,75,CRUISE,,1.34,0.34,0.38,0.00,0.00,0.00,0.00,
11.22,FLYING,FEED,1,rotten,0.62,0.97,4.1,99,0,3,-13,0,75,CRUISE,,0.00,0.00,0.00,0.00,0.00,0.00,0.00,
11.27,FLYING,FEED,1,rotten,0.62,0.97,4.1,99,0,2,-13,0,75,CRUISE,,0.39,0.08,0.16,0.00,0.00,0.00,0.00,
11.36,FLYING,FEED,1,rotten,0.32,0.99,4.2,98,0,1,-13,0,75,CRUISE,,0.77,0.17,0.28,0.00,0.00,0.00,0.00,
11.41,FLYING,FEED,1,rotten,0.32,0.99,4.2,98,0,0,-14,0,75,CRUISE,,0.77,0.22,0.30,0.00,0.00,0.00,0.00,
11.46,FLYING,FEED,1,rotten,0.32,0.99,4.2,98,0,0,-14,0,75,CRUISE,,1.14,0.30,0.39,0.00,0.00,0.17,0.00,
11.56,FLYING,FEED,1,rotten,0.43,0.97,4.5,97,0,0,-14,0,75,CRUISE,,1.53,0.37,0.40,0.15,0.00,0.37,0.00,
11.60,FLYING,FEED,1,rotten,0.43,0.97,4.5,97,0,0,-13,0,75,AVOID_RIGHT,,1.82,0.41,0.40,0.32,0.00,0.51,0.00,
11.65,FLYING,FEED,1,rotten,0.43,0.97,4.5,96,0,0,-13,0,75,AVOID_RIGHT,,1.97,0.43,0.40,0.44,0.00,0.58,0.00,
11.75,FLYING,SCARED,1,rotten,0.38,0.98,4.4,96,0,-40,0,0,75,ESCAPE,RIGHT,1.97,0.71,0.37,0.63,0.00,0.59,0.00,
11.80,FLYING,SCARED,1,rotten,0.38,0.98,4.4,96,0,-40,0,0,75,ESCAPE,RIGHT,1.56,0.96,0.36,0.50,0.00,0.38,0.08,
11.84,FLYING,SCARED,1,rotten,0.38,0.98,4.4,96,0,-40,0,0,75,ESCAPE,RIGHT,1.35,1.09,0.36,0.37,0.00,0.28,0.14,
11.94,FLYING,SCARED,1,rotten,0.32,1.00,4.3,96,0,-40,0,0,75,ESCAPE,RIGHT,0.99,1.15,0.52,0.51,0.00,0.17,0.17,
11.99,FLYING,SCARED,1,rotten,0.32,1.00,4.3,96,0,-40,0,0,75,ESCAPE,,1.08,0.96,0.66,0.29,0.00,0.14,0.08,
12.03,FLYING,SCARED,1,rotten,0.32,1.00,4.3,96,0,-40,0,0,75,ESCAPE,,1.13,0.86,0.73,0.16,0.00,0.17,0.03,
12.13,FLYING,SCARED,1,rotten,0.37,0.99,4.2,96,0,-40,0,0,75,ESCAPE,,1.16,1.12,1.21,0.09,1.31,0.00,0.00,
12.18,FLYING,SCARED,1,rotten,0.37,0.99,4.2,96,0,-40,0,0,75,ESCAPE,,1.28,1.25,1.45,0.05,0.92,0.00,0.00,
12.23,FLYING,SCARED,1,rotten,0.37,0.99,4.2,96,0,-40,0,0,75,ESCAPE,,1.34,1.14,1.26,0.03,0.64,0.00,0.00,
12.32,FLYING,SCARED,1,rotten,0.32,0.96,3.8,96,0,-40,0,0,75,ESCAPE,,1.37,0.77,0.98,0.02,0.45,0.06,0.00,
12.37,FLYING,SCARED,1,rotten,0.32,0.96,3.8,96,0,-40,0,0,75,ESCAPE,,1.14,0.58,0.84,0.01,0.31,0.01,0.00,
12.42,FLYING,SCARED,1,rotten,0.32,0.96,3.8,96,0,-40,0,0,75,ESCAPE,,1.02,0.87,0.94,0.01,0.22,0.00,0.00,
12.51,FLYING,SCARED,1,rotten,0.34,0.97,3.1,96,0,-40,0,0,75,ESCAPE,,1.37,2.08,1.07,0.56,0.15,0.56,0.56,
12.56,FLYING,SCARED,1,rotten,0.34,0.97,3.1,96,0,-40,0,0,75,ESCAPE,RIGHT,1.89,2.69,1.15,1.00,0.11,0.89,0.89,
12.61,FLYING,SCARED,1,rotten,0.34,0.97,3.1,96,0,-40,0,0,75,ESCAPE,RIGHT,2.26,2.57,1.19,1.00,0.08,0.85,0.85,
12.71,FLYING,WAIT,1,,,,,96,0,-26,0,0,75,ESCAPE,RIGHT,2.34,2.40,1.27,1.00,0.05,0.77,0.77,
12.76,FLYING,WAIT,1,,,,,96,0,-16,0,0,75,ESCAPE,RIGHT,1.77,1.47,1.30,1.00,0.04,0.47,0.32,
12.81,FLYING,WAIT,1,,,,,96,0,-10,0,0,75,ESCAPE,RIGHT,1.49,1.01,1.32,1.00,0.03,0.33,0.25,
12.88,FLYING,WAIT,0,,,,,96,0,-7,0,0,75,ESCAPE,RIGHT,1.35,1.05,1.29,0.88,0.02,0.27,0.23,
12.92,FLYING,WAIT,0,,,,,96,0,-4,0,0,75,ESCAPE,RIGHT,1.35,1.29,1.38,0.61,0.44,0.06,0.07,
12.97,FLYING,WAIT,0,,,,,96,0,-3,0,0,75,ESCAPE,RIGHT,1.35,1.63,1.43,0.55,0.31,0.26,0.26,
13.04,FLYING,WAIT,0,,,,,96,0,-1,0,0,75,ESCAPE,RIGHT,1.35,1.79,1.46,0.71,0.21,0.39,0.39,
13.09,FLYING,WAIT,0,,,,,96,0,-1,0,0,75,ESCAPE,RIGHT,1.57,2.58,1.56,0.81,1.31,0.24,0.24,
13.14,FLYING,WAIT,0,,,,,96,0,0,0,0,75,ESCAPE,RIGHT,1.81,3.06,1.61,1.00,0.92,0.67,0.67,
13.20,FLYING,WAIT,0,,,,,96,0,0,0,0,75,ESCAPE,RIGHT,1.92,3.29,1.63,1.00,0.64,0.93,0.93,
13.25,FLYING,WAIT,0,,,,,96,0,0,0,0,75,ESCAPE,RIGHT,1.77,2.52,1.12,1.00,0.45,0.64,0.64,
13.30,FLYING,WAIT,0,,,,,96,0,0,0,0,75,ESCAPE,RIGHT,1.70,1.92,0.79,1.00,0.44,0.34,0.34,
13.37,FLYING,WAIT,0,,,,,96,0,0,0,0,75,ESCAPE,RIGHT,1.77,1.46,0.63,1.00,0.31,0.33,0.18,
13.42,FLYING,WAIT,0,,,,,96,0,0,0,0,75,ESCAPE,RIGHT,1.81,1.18,0.55,0.74,0.21,0.40,0.08,
13.46,FLYING,WAIT,0,,,,,96,0,0,0,0,75,ESCAPE,RIGHT,2.42,0.62,0.52,0.72,0.15,0.73,0.00,
13.53,FLYING,WAIT,0,,,,,96,0,0,0,0,75,AVOID_RIGHT,RIGHT,2.72,0.31,0.38,0.82,0.10,0.91,0.00,
13.58,FLYING,WAIT,0,,,,,96,0,0,0,0,75,AVOID_RIGHT,RIGHT,2.87,0.16,0.34,0.87,0.07,1.00,0.00,
13.63,FLYING,WAIT,0,,,,,96,0,0,0,0,75,AVOID_RIGHT,RIGHT,2.41,0.08,0.33,0.95,0.05,0.78,0.00,
13.70,FLYING,WAIT,0,,,,,96,0,0,0,0,75,AVOID_RIGHT,RIGHT,2.18,0.06,0.32,0.79,0.04,0.67,0.00,
13.74,FLYING,WAIT,0,,,,,96,0,0,0,0,75,AVOID_RIGHT,RIGHT,2.08,0.05,0.23,0.86,0.03,0.63,0.00,
13.79,FLYING,WAIT,0,,,,,96,0,0,0,0,75,AVOID_RIGHT,RIGHT,2.09,0.02,0.19,0.74,0.02,0.64,0.00,
13.86,FLYING,WAIT,0,,,,,96,0,0,0,0,75,AVOID_RIGHT,RIGHT,2.10,0.01,0.13,0.81,0.01,0.64,0.00,
13.91,FLYING,WAIT,0,,,,,96,0,0,0,0,75,AVOID_RIGHT,RIGHT,2.13,0.10,0.16,0.75,0.44,0.45,0.00,
13.95,FLYING,WAIT,0,,,,,96,0,0,0,0,75,AVOID_RIGHT,RIGHT,2.41,0.24,0.23,0.68,0.31,0.65,0.00,
14.02,FLYING,WAIT,0,,,,,96,0,0,0,0,75,AVOID_RIGHT,RIGHT,2.55,0.32,0.27,0.78,0.21,0.77,0.00,
14.07,FLYING,WAIT,0,,,,,96,0,0,0,0,75,AVOID_RIGHT,RIGHT,2.47,0.31,0.15,0.73,0.15,0.76,0.00,
14.12,FLYING,WAIT,0,,,,,96,0,0,0,0,75,AVOID_RIGHT,RIGHT,2.43,0.23,0.09,0.82,0.10,0.76,0.00,
14.18,FLYING,WAIT,0,,,,,96,0,0,0,0,75,AVOID_RIGHT,RIGHT,2.10,0.18,0.06,0.72,0.07,0.61,0.00,
14.23,FLYING,WAIT,0,,,,,96,0,0,0,0,75,AVOID_RIGHT,RIGHT,2.33,0.19,0.04,0.82,0.05,0.74,0.00,
14.28,FLYING,WAIT,0,,,,,96,0,0,0,0,75,AVOID_RIGHT,RIGHT,1.99,0.19,0.10,0.72,0.04,0.58,0.00,
14.35,FLYING,WAIT,0,,,,,96,0,0,0,0,75,AVOID_RIGHT,RIGHT,2.33,0.19,0.07,0.81,0.03,0.75,0.00,
14.40,FLYING,WAIT,0,,,,,96,0,0,0,0,75,AVOID_RIGHT,RIGHT,2.79,0.15,0.06,0.84,0.02,0.99,0.00,
14.44,FLYING,WAIT,0,,,,,96,0,0,0,0,75,AVOID_RIGHT,RIGHT,3.02,0.12,0.06,0.88,0.44,0.89,0.00,
14.51,FLYING,WAIT,0,,,,,96,0,0,0,0,75,AVOID_RIGHT,RIGHT,2.47,0.75,0.13,0.81,0.31,0.68,0.00,
14.56,FLYING,WAIT,0,,,,,96,0,0,0,0,75,AVOID_RIGHT,RIGHT,2.05,1.06,0.21,0.72,0.44,0.41,0.00,
14.60,FLYING,WAIT,0,,,,,96,0,0,0,0,75,AVOID_RIGHT,RIGHT,1.84,1.22,0.24,0.66,0.31,0.37,0.06,
14.67,FLYING,WAIT,0,,,,,96,0,0,0,0,75,AVOID_RIGHT,RIGHT,2.43,1.13,0.28,0.63,0.44,0.60,0.00,
14.72,FLYING,WAIT,0,,,,,96,0,0,0,0,75,AVOID_RIGHT,RIGHT,2.73,1.24,0.48,0.62,0.44,0.74,0.00,
14.77,FLYING,WAIT,0,,,,,96,0,0,0,0,75,AVOID_RIGHT,RIGHT,2.84,1.14,0.60,0.86,0.31,0.87,0.02,
14.84,FLYING,WAIT,0,,,,,96,0,0,0,0,75,AVOID_RIGHT,RIGHT,2.90,1.09,0.66,0.80,0.21,0.94,0.04,
14.88,FLYING,WAIT,0,,,,,96,0,0,0,0,75,AVOID_RIGHT,RIGHT,3.23,0.62,0.40,0.86,0.15,1.00,0.00,
14.93,FLYING,WAIT,0,,,,,96,0,0,0,0,75,AVOID_RIGHT,RIGHT,3.73,0.39,0.26,0.97,0.10,1.00,0.00,
15.00,FLYING,WAIT,0,,,,,96,0,0,0,0,75,AVOID_RIGHT,RIGHT,3.64,0.27,0.26,0.95,0.07,1.00,0.00,
15.05,FLYING,WAIT,0,,,,,96,0,0,0,0,75,AVOID_RIGHT,RIGHT,2.47,0.22,0.25,1.00,0.05,0.81,0.00,
15.10,FLYING,WAIT,0,,,,,96,0,0,0,0,75,AVOID_RIGHT,RIGHT,1.69,0.19,0.30,0.83,0.04,0.43,0.00,
15.16,FLYING,WAIT,0,,,,,96,0,0,0,0,75,AVOID_RIGHT,RIGHT,1.29,0.22,0.32,0.58,0.03,0.23,0.00,
15.21,FLYING,WAIT,0,,,,,96,0,0,0,0,75,AVOID_RIGHT,RIGHT,1.10,0.24,0.33,0.33,0.02,0.14,0.00,
15.26,FLYING,WAIT,0,,,,,96,0,0,0,0,75,AVOID_RIGHT,,0.73,0.25,0.34,0.18,0.01,0.00,0.00,
15.32,FLYING,WAIT,0,,,,,96,0,0,0,0,75,AVOID_RIGHT,,0.48,0.27,0.29,0.10,0.01,0.00,0.00,
15.37,FLYING,WAIT,0,,,,,96,0,0,0,0,75,AVOID_RIGHT,,0.38,0.28,0.31,0.06,0.01,0.00,0.00,
15.41,FLYING,WAIT,0,,,,,96,0,0,0,0,75,CRUISE,,0.32,0.28,0.32,0.03,0.00,0.00,0.00,
15.48,FLYING,WAIT,0,,,,,96,0,0,0,0,75,CRUISE,,0.41,0.26,0.36,0.02,0.00,0.00,0.00,
15.53,FLYING,WAIT,0,,,,,96,0,0,0,0,75,CRUISE,,0.50,0.25,0.38,0.01,0.00,0.00,0.00,
15.57,FLYING,WAIT,0,,,,,96,0,0,0,0,75,CRUISE,,0.57,0.26,0.44,0.01,0.00,0.00,0.00,
15.64,FLYING,WAIT,0,,,,,96,0,0,0,0,75,CRUISE,,0.60,0.26,0.41,0.00,0.00,0.00,0.00,
15.69,FLYING,WAIT,0,,,,,96,0,0,0,0,75,CRUISE,,0.62,0.26,0.40,0.00,0.00,0.00,0.00,
15.73,FLYING,WAIT,0,,,,,96,0,0,0,0,75,CRUISE,,0.62,0.26,0.40,0.00,0.00,0.00,0.00,
15.80,FLYING,WAIT,0,,,,,96,0,0,0,0,75,CRUISE,,0.82,0.26,0.43,0.00,0.00,0.01,0.00,
15.85,FLYING,WAIT,0,,,,,96,0,0,0,0,75,CRUISE,,0.92,0.26,0.44,0.00,0.00,0.06,0.00,
15.89,FLYING,WAIT,0,,,,,96,0,0,0,0,75,CRUISE,,1.00,0.26,0.45,0.00,0.00,0.10,0.00,
15.96,FLYING,WAIT,0,,,,,96,0,0,0,0,75,CRUISE,,1.11,0.27,0.41,0.00,0.00,0.16,0.00,
16.01,FLYING,WAIT,0,,,,,96,0,0,0,0,75,CRUISE,,1.35,0.27,0.39,0.00,0.00,0.28,0.00,
16.06,FLYING,WAIT,0,,,,,96,0,0,0,0,75,CRUISE,,1.64,0.27,0.38,0.26,0.00,0.42,0.00,
16.12,FLYING,WAIT,0,,,,,96,0,0,0,0,75,AVOID_RIGHT,,2.39,0.33,0.41,0.56,0.00,0.79,0.00,
16.17,FLYING,WAIT,0,,,,,96,0,0,0,0,75,AVOID_RIGHT,RIGHT,2.86,0.35,0.42,0.72,0.00,1.00,0.00,
16.22,FLYING,WAIT,0,,,,,96,0,0,0,0,75,ESCAPE,RIGHT,3.21,0.31,0.39,0.82,0.00,1.00,0.00,
16.29,FLYING,WAIT,0,,,,,96,0,0,0,0,75,ESCAPE,RIGHT,3.27,0.29,0.37,0.91,0.00,1.00,0.00,
16.33,FLYING,WAIT,0,,,,,96,0,0,0,0,75,ESCAPE,RIGHT,2.80,0.28,0.39,0.92,0.00,1.00,0.00,
16.38,FLYING,WAIT,0,,,,,96,0,0,0,0,75,ESCAPE,RIGHT,2.56,0.31,0.40,0.93,0.00,0.88,0.00,
16.45,FLYING,WAIT,0,,,,,96,0,0,0,0,75,ESCAPE,RIGHT,2.90,0.32,0.37,0.93,0.00,1.00,0.00,
16.50,FLYING,WAIT,0,,,,,96,0,0,0,0,75,ESCAPE,RIGHT,3.07,0.33,0.34,1.00,0.00,1.00,0.00,
16.55,FLYING,WAIT,0,,,,,96,0,0,0,0,75,ESCAPE,RIGHT,2.31,0.32,0.32,0.90,0.00,0.75,0.00,
16.61,FLYING,WAIT,0,,,,,96,0,0,0,0,75,ESCAPE,RIGHT,1.69,0.31,0.31,0.76,0.00,0.45,0.00,
16.66,FLYING,WAIT,0,,,,,96,0,0,0,0,75,ESCAPE,RIGHT,1.03,0.31,0.28,0.54,0.00,0.11,0.00,
16.71,FLYING,WAIT,0,,,,,96,0,0,0,0,75,ESCAPE,RIGHT,0.69,0.32,0.27,0.30,0.00,0.00,0.00,
16.77,FLYING,WAIT,0,,,,,96,0,0,0,0,75,ESCAPE,,0.83,0.33,0.31,0.17,0.00,0.02,0.00,
16.82,FLYING,WAIT,0,,,,,96,0,0,0,0,75,ESCAPE,,0.90,0.28,0.34,0.10,0.00,0.05,0.00,
16.87,FLYING,WAIT,0,,,,,96,0,0,0,0,75,ESCAPE,,0.80,0.26,0.33,0.05,0.00,0.00,0.00,
16.93,FLYING,WAIT,0,,,,,96,0,0,0,0,75,ESCAPE,,0.63,0.21,0.33,0.03,0.00,0.00,0.00,
16.98,FLYING,WAIT,0,,,,,96,0,0,0,0,75,ESCAPE,,0.54,0.19,0.33,0.02,0.00,0.00,0.00,
17.03,FLYING,WAIT,0,,,,,96,0,0,0,0,75,ESCAPE,,0.49,0.17,0.22,0.01,0.00,0.00,0.00,
17.09,FLYING,WAIT,0,,,,,96,0,0,0,0,75,ESCAPE,,0.46,0.20,0.17,0.01,0.00,0.00,0.00,
17.14,FLYING,WAIT,0,,,,,96,0,0,0,0,75,ESCAPE,,0.35,0.21,0.15,0.00,0.00,0.00,0.00,
17.19,FLYING,WAIT,0,,,,,96,0,0,0,0,75,ESCAPE,,0.30,0.16,0.16,0.00,0.00,0.00,0.00,
17.25,FLYING,WAIT,0,,,,,96,0,0,0,0,75,ESCAPE,,0.33,0.13,0.17,0.00,0.00,0.00,0.00,
17.30,FLYING,WAIT,0,,,,,96,0,0,0,0,75,ESCAPE,,0.35,0.11,0.17,0.00,0.00,0.00,0.00,
17.34,FLYING,WAIT,0,,,,,96,0,0,0,0,75,ESCAPE,,0.32,0.10,0.17,0.00,0.00,0.00,0.00,
17.41,FLYING,WAIT,0,,,,,96,0,0,0,0,75,ESCAPE,,0.30,0.10,0.13,0.00,0.00,0.00,0.00,
17.46,FLYING,WAIT,0,,,,,96,0,0,0,0,75,ESCAPE,,0.25,0.09,0.13,0.00,0.00,0.00,0.00,
17.50,FLYING,WAIT,0,,,,,96,0,0,0,0,75,ESCAPE,,0.19,0.09,0.13,0.00,0.00,0.00,0.00,
17.57,FLYING,WAIT,0,,,,,96,0,0,0,0,75,ESCAPE,,0.16,0.09,0.13,0.00,0.00,0.00,0.00,
17.62,FLYING,WAIT,0,,,,,96,0,0,0,0,75,ESCAPE,,0.14,0.11,0.14,0.00,0.00,0.00,0.00,
17.66,FLYING,WAIT,0,,,,,96,0,0,0,0,75,ESCAPE,,0.15,0.16,0.15,0.00,0.00,0.00,0.00,
17.73,FLYING,APPROACH,0,,,,,96,0,4,0,0,75,ESCAPE,,0.16,0.22,0.14,0.00,0.00,0.00,0.00,
17.78,FLYING,APPROACH,0,,,,,96,0,6,0,0,75,ESCAPE,,0.16,0.25,0.14,0.00,0.00,0.00,0.00,
17.82,FLYING,APPROACH,0,,,,,96,0,8,0,0,75,CRUISE,,0.19,0.19,0.14,0.00,0.00,0.00,0.00,
17.89,FLYING,APPROACH,0,,,,,96,0,9,0,0,75,CRUISE,,0.21,0.16,0.19,0.00,0.00,0.00,0.00,
17.94,FLYING,APPROACH,0,,,,,96,0,10,0,0,75,CRUISE,,0.22,0.17,0.21,0.00,0.00,0.00,0.00,
17.98,FLYING,APPROACH,0,,,,,96,0,11,0,0,75,CRUISE,,0.18,0.19,0.22,0.00,0.00,0.00,0.00,
18.05,FLYING,APPROACH,0,,,,,96,0,11,0,0,75,CRUISE,,0.16,0.18,0.20,0.00,0.00,0.00,0.00,
18.10,FLYING,APPROACH,0,,,,,96,0,11,0,0,75,CRUISE,,0.15,0.14,0.18,0.00,0.00,0.00,0.00,
18.14,FLYING,APPROACH,0,,,,,96,0,11,0,0,75,CRUISE,,0.21,0.10,0.17,0.00,0.00,0.00,0.00,
18.21,FLYING,APPROACH,0,,,,,96,0,11,0,0,75,CRUISE,,0.19,0.09,0.17,0.00,0.00,0.00,0.00,
18.26,FLYING,APPROACH,0,,,,,96,0,11,0,0,75,CRUISE,,0.19,0.09,0.17,0.00,0.00,0.00,0.00,
18.30,FLYING,APPROACH,0,,,,,96,0,11,0,0,75,CRUISE,,0.19,0.11,0.17,0.00,0.00,0.00,0.00,
18.37,FLYING,APPROACH,0,,,,,96,0,11,0,0,75,CRUISE,,0.28,0.14,0.19,0.00,0.44,0.00,0.00,
18.42,FLYING,APPROACH,0,,,,,96,0,11,0,0,75,CRUISE,,0.61,0.37,0.35,0.00,0.31,0.00,0.00,
18.46,FLYING,APPROACH,0,,,,,96,0,11,0,0,75,CRUISE,,0.78,0.49,0.43,0.00,0.21,0.00,0.00,
18.55,FLYING,APPROACH,0,,,,,96,0,11,0,0,75,CRUISE,,0.52,0.42,0.42,0.00,0.15,0.00,0.00,
18.60,FLYING,APPROACH,0,,,,,96,0,11,0,0,75,CRUISE,,0.34,0.30,0.33,0.00,0.10,0.00,0.00,
18.65,FLYING,APPROACH,0,,,,,96,0,11,0,0,75,CRUISE,,0.26,0.24,0.29,0.00,0.07,0.00,0.00,
18.71,FLYING,APPROACH,0,,,,,96,0,11,0,0,75,CRUISE,,0.26,0.21,0.30,0.00,0.05,0.00,0.00,
18.76,FLYING,APPROACH,0,,,,,96,0,11,0,0,75,CRUISE,,0.26,0.22,0.37,0.00,0.04,0.00,0.00,
18.81,FLYING,APPROACH,0,,,,,96,0,11,0,0,75,CRUISE,,0.24,0.25,0.46,0.00,0.03,0.00,0.00,
18.87,FLYING,APPROACH,0,,,,,96,0,11,0,0,75,CRUISE,,0.24,0.27,0.53,0.00,0.44,0.00,0.00,
18.92,FLYING,APPROACH,0,,,,,96,0,11,0,0,75,CRUISE,,0.27,0.43,0.87,0.00,0.31,0.00,0.00,
18.97,FLYING,APPROACH,0,,,,,96,0,11,0,0,75,CRUISE,,0.34,0.51,1.05,0.00,0.21,0.00,0.00,
19.04,FLYING,APPROACH,0,,,,,96,0,11,0,0,75,CRUISE,,0.32,0.43,0.86,0.00,0.15,0.00,0.00,
19.08,FLYING,APPROACH,0,,,,,96,0,11,0,0,75,CRUISE,,0.31,0.35,0.65,0.00,0.10,0.00,0.00,
19.13,FLYING,APPROACH,0,,,,,96,0,11,0,0,75,CRUISE,,0.28,0.31,0.54,0.00,0.07,0.00,0.00,
19.20,FLYING,APPROACH,0,,,,,96,0,11,0,0,75,CRUISE,,0.27,0.29,0.50,0.00,0.05,0.00,0.00,
19.24,FLYING,APPROACH,0,,,,,96,0,11,0,0,75,CRUISE,,0.29,0.30,0.47,0.00,0.04,0.00,0.00,
19.29,FLYING,APPROACH,0,,,,,96,0,11,0,0,75,CRUISE,,0.34,0.30,0.42,0.00,0.03,0.00,0.00,
19.36,FLYING,APPROACH,0,,,,,96,0,11,0,0,75,CRUISE,,0.42,0.32,0.37,0.00,0.02,0.00,0.00,
19.40,FLYING,APPROACH,0,,,,,96,0,11,0,0,75,CRUISE,,0.40,0.34,0.35,0.00,0.01,0.00,0.00,
19.45,FLYING,APPROACH,0,,,,,96,0,11,0,0,75,CRUISE,,0.39,0.35,0.34,0.00,0.01,0.00,0.00,
19.52,FLYING,APPROACH,0,,,,,96,0,11,0,0,75,CRUISE,,0.39,0.39,0.35,0.00,0.01,0.00,0.00,
19.56,FLYING,APPROACH,0,,,,,96,0,11,0,0,75,CRUISE,,0.39,0.44,0.35,0.00,0.44,0.00,0.00,
19.61,FLYING,APPROACH,0,,,,,96,0,11,0,0,75,CRUISE,,0.70,0.53,0.40,0.00,0.31,0.00,0.00,
19.68,FLYING,APPROACH,0,,,,,96,0,11,0,0,75,CRUISE,,0.85,0.58,0.43,0.00,0.21,0.00,0.00,
19.72,FLYING,APPROACH,0,,,,,96,0,11,0,0,75,CRUISE,,0.62,0.66,0.58,0.00,0.44,0.00,0.00,
19.77,FLYING,APPROACH,0,,,,,96,0,11,0,0,75,CRUISE,,0.50,0.71,0.77,0.00,0.31,0.00,0.00,
19.84,FLYING,APPROACH,0,,,,,96,0,11,0,0,75,CRUISE,,0.52,0.73,1.07,0.00,0.21,0.00,0.00,
19.89,FLYING,APPROACH,0,,,,,96,0,11,0,0,75,CRUISE,,0.53,0.58,1.22,0.00,0.15,0.00,0.09,
19.93,FLYING,APPROACH,0,,,,,96,0,11,0,0,75,CRUISE,,0.46,0.49,1.29,0.00,0.10,0.00,0.15,
20.00,FLYING,APPROACH,0,,,,,96,0,11,0,0,75,CRUISE,,0.42,0.40,1.32,0.00,0.07,0.00,0.18,
20.05,FLYING,APPROACH,0,,,,,96,0,11,0,0,75,CRUISE,,0.42,0.35,1.34,0.15,0.05,0.00,0.20,
20.09,FLYING,APPROACH,0,,,,,96,0,11,0,0,75,AVOID_LEFT,,0.49,0.33,1.35,0.26,0.04,0.00,0.21,
20.16,FLYING,APPROACH,0,,,,,96,0,11,0,0,75,AVOID_LEFT,,0.46,0.38,1.39,0.30,0.03,0.00,0.24,
20.21,FLYING,APPROACH,0,,,,,96,0,11,0,0,75,AVOID_LEFT,,0.41,0.40,1.41,0.31,0.02,0.00,0.25,
20.26,FLYING,APPROACH,0,,,,,96,0,11,0,0,75,CRUISE,,0.35,0.39,1.21,0.28,0.01,0.00,0.15,
20.32,FLYING,APPROACH,0,,,,,96,0,11,0,0,75,CRUISE,,0.30,0.38,1.08,0.21,0.01,0.00,0.09,
20.37,FLYING,APPROACH,0,,,,,96,0,11,0,0,75,CRUISE,,0.27,0.40,1.02,0.12,0.01,0.00,0.06,
20.42,FLYING,APPROACH,0,,,,,96,0,11,0,0,75,CRUISE,,0.26,0.41,0.87,0.07,0.00,0.00,0.00,
20.48,FLYING,APPROACH,0,,,,,96,0,11,0,0,75,CRUISE,,0.33,0.43,0.73,0.04,0.00,0.00,0.00,
20.53,FLYING,APPROACH,0,,,,,96,0,11,0,0,75,CRUISE,,0.37,0.44,0.60,0.02,0.00,0.00,0.00,
20.58,FLYING,APPROACH,0,,,,,96,0,11,0,0,75,CRUISE,,0.35,0.45,0.41,0.01,0.00,0.00,0.00,
20.64,FLYING,APPROACH,0,,,,,96,0,11,0,0,75,CRUISE,,0.30,0.43,0.31,0.01,0.00,0.00,0.00,
20.69,FLYING,APPROACH,0,,,,,96,0,11,0,0,75,CRUISE,,0.26,0.39,0.26,0.00,0.00,0.00,0.00,
20.74,FLYING,APPROACH,0,,,,,96,0,11,0,0,75,CRUISE,,0.24,0.37,0.22,0.00,0.00,0.00,0.00,
20.80,FLYING,APPROACH,0,,,,,96,0,11,0,0,75,CRUISE,,0.32,0.44,0.20,0.00,0.00,0.00,0.00,
20.85,FLYING,APPROACH,0,,,,,96,0,11,0,0,75,CRUISE,,0.36,0.47,0.23,0.00,0.00,0.00,0.00,
20.90,FLYING,APPROACH,0,,,,,96,0,11,0,0,75,CRUISE,,0.33,0.49,0.25,0.00,0.00,0.00,0.00,
20.96,FLYING,APPROACH,0,,,,,96,0,11,0,0,75,CRUISE,,0.30,0.48,0.26,0.00,0.00,0.00,0.00,
21.01,FLYING,APPROACH,0,,,,,96,0,11,0,0,75,CRUISE,,0.29,0.47,0.27,0.00,0.00,0.00,0.00,
21.06,FLYING,APPROACH,0,,,,,96,0,11,0,0,75,CRUISE,,0.28,0.47,0.27,0.00,0.44,0.00,0.00,
21.12,FLYING,APPROACH,0,,,,,96,0,11,0,0,75,CRUISE,,0.74,0.56,0.68,0.00,0.31,0.00,0.00,
21.17,FLYING,APPROACH,0,,,,,96,0,11,0,0,75,CRUISE,,0.97,0.62,0.89,0.00,0.44,0.00,0.00,
21.22,FLYING,APPROACH,0,,,,,96,0,11,0,0,75,CRUISE,,0.98,0.66,1.03,0.00,0.31,0.00,0.00,
21.28,FLYING,APPROACH,0,,,,,96,0,11,0,0,75,CRUISE,,0.84,0.70,1.10,0.00,0.21,0.00,0.00,
21.33,FLYING,APPROACH,0,,,,,96,0,11,0,0,75,CRUISE,,0.59,0.71,0.83,0.00,0.15,0.00,0.00,
21.38,FLYING,APPROACH,0,,,,,96,0,11,0,0,75,CRUISE,,0.46,0.68,0.65,0.00,0.10,0.00,0.00,
21.44,FLYING,APPROACH,0,,,,,96,0,11,0,0,75,CRUISE,,0.39,0.67,0.55,0.00,0.07,0.00,0.00,
21.49,FLYING,APPROACH,0,,,,,96,0,11,0,0,75,CRUISE,,0.34,0.66,0.47,0.00,0.05,0.00,0.00,
21.54,FLYING,APPROACH,0,,,,,96,0,11,0,0,75,CRUISE,,0.32,0.68,0.42,0.00,0.04,0.00,0.00,
21.60,FLYING,APPROACH,0,,,,,96,0,11,0,0,75,CRUISE,,0.31,0.69,0.51,0.00,0.03,0.00,0.00,
21.65,FLYING,APPROACH,0,,,,,96,0,11,0,0,75,CRUISE,,0.30,0.59,0.55,0.00,0.02,0.00,0.00,
21.70,FLYING,APPROACH,0,,,,,96,0,11,0,0,75,CRUISE,,0.30,0.54,0.57,0.00,0.01,0.00,0.00,
21.77,FLYING,APPROACH,0,,,,,96,0,11,0,0,75,CRUISE,,0.32,0.60,0.49,0.00,0.01,0.00,0.00,
21.81,FLYING,APPROACH,0,,,,,96,0,11,0,0,75,CRUISE,,0.33,0.63,0.45,0.00,0.01,0.00,0.00,
21.86,FLYING,APPROACH,0,,,,,96,0,11,0,0,75,CRUISE,,0.33,0.62,0.43,0.00,0.00,0.00,0.00,
21.93,FLYING,SEARCH,0,,,,,96,0,7,0,0,75,CRUISE,,0.46,0.62,0.56,0.00,0.00,0.00,0.00,
21.97,FLYING,SEARCH,0,,,,,96,0,5,0,0,75,CRUISE,,0.52,0.62,0.62,0.00,0.00,0.00,0.00,
22.02,FLYING,SEARCH,0,,,,,96,0,3,0,0,75,CRUISE,,0.45,0.51,0.49,0.00,0.00,0.00,0.00,
22.09,FLYING,SEARCH,0,,,,,96,0,2,0,0,75,CRUISE,,0.35,0.38,0.42,0.00,0.00,0.00,0.00,
22.13,FLYING,SEARCH,0,,,,,96,0,1,0,0,75,CRUISE,,0.30,0.32,0.44,0.00,0.00,0.00,0.00,
22.18,FLYING,SEARCH,0,,,,,96,0,0,0,0,75,CRUISE,,0.31,0.34,0.48,0.00,0.00,0.00,0.00,
22.25,FLYING,SEARCH,0,,,,,96,0,0,0,0,75,CRUISE,,0.31,0.36,0.50,0.00,0.00,0.00,0.00,
22.29,FLYING,SEARCH,0,,,,,96,0,0,0,0,75,CRUISE,,0.32,0.36,0.51,0.00,0.00,0.00,0.00,
22.34,FLYING,SEARCH,0,,,,,96,0,0,0,0,75,CRUISE,,0.36,0.33,0.52,0.00,0.00,0.00,0.00,
22.41,FLYING,SEARCH,0,,,,,96,0,0,0,0,75,CRUISE,,0.39,0.32,0.53,0.00,0.00,0.00,0.00,
22.45,FLYING,SEARCH,0,,,,,96,0,0,0,0,75,CRUISE,,0.30,0.31,0.46,0.00,0.00,0.00,0.00,
22.50,FLYING,SEARCH,0,,,,,96,0,0,0,0,75,CRUISE,,0.26,0.32,0.42,0.00,0.00,0.00,0.00,
22.57,FLYING,SEARCH,0,,,,,96,0,0,0,0,75,CRUISE,,0.42,0.32,0.53,0.00,0.00,0.00,0.00,
22.62,FLYING,SEARCH,0,,,,,96,0,0,0,0,75,CRUISE,,0.50,1.21,0.60,0.00,0.00,0.21,0.21,
22.66,FLYING,SEARCH,0,,,,,96,0,0,0,0,75,AVOID_RIGHT,,0.44,1.66,0.83,0.52,0.00,0.43,0.43,
22.73,FLYING,SEARCH,0,,,,,96,0,0,0,0,75,AVOID_RIGHT,,0.41,1.04,0.89,0.39,0.00,0.12,0.12,
22.78,FLYING,SEARCH,0,,,,,96,0,0,0,0,75,AVOID_RIGHT,,0.42,0.67,0.91,0.22,0.00,0.00,0.06,
22.82,FLYING,SEARCH,0,,,,,96,0,0,0,0,75,CRUISE,,0.42,0.54,0.93,0.12,0.00,0.00,0.06,
22.89,FLYING,SEARCH,0,,,,,96,0,0,0,0,75,CRUISE,,0.41,0.48,0.97,0.07,0.00,0.00,0.08,
22.94,FLYING,SEARCH,0,,,,,96,0,0,0,0,75,CRUISE,,0.40,0.54,1.04,0.04,0.44,0.00,0.00,
22.99,FLYING,SEARCH,0,,,,,96,0,0,0,0,75,CRUISE,,0.62,0.69,1.42,0.02,0.31,0.00,0.15,
23.05,FLYING,SEARCH,0,,,,,96,0,0,0,0,75,CRUISE,,0.72,0.76,1.60,0.16,0.21,0.00,0.29,
23.10,FLYING,SEARCH,0,,,,,96,0,0,0,0,75,CRUISE,,0.53,0.58,1.32,0.12,0.15,0.00,0.18,
23.15,FLYING,SEARCH,0,,,,,96,0,0,0,0,75,CRUISE,,0.43,0.46,1.10,0.07,0.10,0.00,0.10,
23.21,FLYING,SEARCH,0,,,,,96,0,0,0,0,75,CRUISE,,0.39,0.36,0.90,0.04,0.07,0.00,0.01,
23.26,FLYING,SEARCH,0,,,,,96,0,0,0,0,75,CRUISE,,0.38,0.28,0.76,0.02,0.05,0.00,0.00,
23.31,FLYING,SEARCH,0,,,,,96,0,0,0,0,75,CRUISE,,0.37,0.24,0.69,0.01,0.44,0.00,0.00,
23.37,FLYING,SEARCH,0,,,,,96,0,0,0,0,75,CRUISE,,0.60,0.31,1.10,0.01,0.31,0.00,0.00,
23.42,FLYING,SEARCH,0,,,,,96,0,0,0,0,75,CRUISE,,0.72,0.35,1.30,0.00,0.21,0.00,0.14,
23.47,FLYING,SEARCH,0,,,,,96,0,0,0,0,75,CRUISE,,0.56,0.33,0.89,0.00,0.15,0.00,0.00,
23.54,FLYING,SEARCH,0,,,,,96,0,0,0,0,75,CRUISE,,0.39,0.26,0.56,0.00,0.10,0.00,0.00,
23.59,FLYING,SEARCH,0,,,,,96,0,0,0,0,75,CRUISE,,0.31,0.22,0.39,0.00,0.07,0.00,0.00,
23.64,FLYING,SEARCH,0,,,,,96,0,0,0,0,75,CRUISE,,0.27,0.20,0.31,0.00,0.05,0.00,0.00,
23.71,FLYING,SEARCH,0,,,,,96,0,0,0,0,75,CRUISE,,0.33,0.18,0.26,0.00,0.04,0.00,0.00,
23.75,FLYING,SEARCH,0,,,,,96,0,0,0,0,75,CRUISE,,0.36,0.16,0.24,0.00,0.03,0.00,0.00,
23.80,FLYING,SEARCH,0,,,,,96,0,0,0,2,75,CRUISE,,0.35,0.15,0.18,0.00,0.02,0.00,0.00,
23.87,FLYING,SEARCH,0,,,,,96,0,0,0,4,75,CRUISE,,0.31,0.11,0.13,0.00,0.01,0.00,0.00,
23.91,FLYING,SEARCH,0,,,,,96,0,0,0,5,75,CRUISE,,0.28,0.10,0.10,0.00,0.01,0.00,0.00,
23.96,FLYING,SEARCH,0,,,,,96,0,0,0,6,75,CRUISE,,0.27,0.10,0.08,0.00,0.01,0.00,0.00,
24.03,FLYING,SEARCH,0,,,,,96,0,0,0,7,75,CRUISE,,0.26,0.10,0.07,0.00,0.00,0.00,0.00,
24.07,FLYING,SEARCH,0,,,,,96,0,0,0,7,75,CRUISE,,0.26,0.09,0.12,0.00,0.00,0.00,0.00,
24.12,FLYING,SEARCH,0,,,,,96,0,0,0,7,75,CRUISE,,0.27,0.08,0.15,0.00,0.00,0.00,0.00,
24.19,FLYING,SEARCH,0,,,,,96,0,0,0,7,75,CRUISE,,0.27,0.10,0.13,0.00,0.00,0.00,0.00,
24.23,FLYING,SEARCH,0,,,,,96,0,0,0,7,75,CRUISE,,0.23,0.12,0.13,0.00,0.00,0.00,0.00,
24.28,FLYING,SEARCH,0,,,,,96,0,0,0,7,75,CRUISE,,0.21,0.13,0.21,0.00,0.00,0.00,0.00,
24.35,FLYING,SEARCH,0,,,,,96,0,0,0,7,75,CRUISE,,0.20,0.14,0.25,0.00,0.00,0.00,0.00,
24.39,FLYING,SEARCH,0,,,,,96,0,0,0,7,75,CRUISE,,0.22,0.14,0.24,0.00,0.44,0.00,0.00,
24.44,FLYING,SEARCH,0,,,,,96,0,0,0,7,75,CRUISE,,0.26,0.14,0.24,0.00,0.31,0.00,0.00,
24.51,FLYING,SEARCH,0,,,,,96,0,0,0,7,75,CRUISE,,0.40,0.13,0.28,0.00,0.21,0.00,0.00,
24.56,FLYING,SEARCH,0,,,,,96,0,0,0,7,75,CRUISE,,0.52,0.16,0.29,0.00,0.15,0.00,0.00,
24.60,FLYING,SEARCH,0,,,,,96,0,0,0,7,75,CRUISE,,0.58,0.24,0.30,0.00,0.10,0.00,0.00,
24.67,FLYING,SEARCH,0,,,,,96,0,0,0,7,75,CRUISE,,0.61,0.28,0.29,0.00,0.07,0.00,0.00,
24.72,FLYING,SEARCH,0,,,,,96,0,0,0,7,75,CRUISE,,0.49,0.33,0.28,0.00,0.05,0.00,0.00,
24.76,FLYING,SEARCH,0,,,,,96,0,0,0,7,75,CRUISE,,0.43,0.35,0.28,0.00,0.44,0.00,0.00,
24.83,FLYING,SEARCH,0,,,,,96,0,0,0,5,75,CRUISE,,0.36,0.36,0.32,0.00,0.31,0.00,0.00,
24.88,FLYING,SEARCH,0,,,,,96,0,0,0,3,75,CRUISE,,0.32,0.36,0.34,0.00,0.21,0.00,0.00,
24.92,FLYING,SEARCH,0,,,,,96,0,0,0,2,75,CRUISE,,0.36,0.41,0.23,0.00,0.15,0.00,0.00,
24.99,FLYING,SEARCH,0,,,,,96,0,0,0,1,75,CRUISE,,0.45,0.40,0.16,0.00,0.10,0.00,0.00,
25.04,FLYING,SEARCH,0,,,,,96,0,0,0,0,75,CRUISE,,0.49,0.41,0.12,0.00,0.07,0.00,0.00,
25.08,FLYING,SEARCH,0,,,,,96,0,0,0,0,75,CRUISE,,0.52,0.41,0.10,0.00,0.44,0.00,0.00,
25.15,FLYING,SEARCH,0,,,,,96,0,0,0,0,75,CRUISE,,0.51,0.55,0.47,0.00,0.31,0.00,0.00,
25.20,FLYING,SEARCH,0,,,,,96,0,0,0,0,75,CRUISE,,0.51,0.62,0.65,0.00,0.21,0.00,0.00,
25.25,FLYING,SEARCH,0,,,,,96,0,0,0,0,75,CRUISE,,0.41,0.46,0.45,0.00,0.15,0.00,0.00,
25.31,FLYING,SEARCH,0,,,,,96,0,0,0,0,75,CRUISE,,0.33,0.35,0.31,0.00,0.10,0.00,0.00,
25.36,FLYING,SEARCH,0,,,,,96,0,0,0,0,75,CRUISE,,0.30,0.29,0.24,0.00,0.07,0.00,0.00,
25.41,FLYING,SEARCH,0,,,,,96,0,0,0,0,75,CRUISE,,0.28,0.23,0.20,0.00,0.05,0.00,0.00,
25.47,FLYING,SEARCH,0,,,,,96,0,0,0,0,75,CRUISE,,0.26,0.20,0.17,0.00,0.04,0.00,0.00,
25.52,FLYING,SEARCH,0,,,,,96,0,0,0,0,75,CRUISE,,0.27,0.17,0.21,0.00,0.03,0.00,0.00,
25.57,FLYING,SEARCH,0,,,,,96,0,0,0,0,75,CRUISE,,0.22,0.16,0.15,0.00,0.02,0.00,0.00,
25.63,FLYING,SEARCH,0,,,,,96,0,0,0,0,75,CRUISE,,0.20,0.13,0.19,0.00,0.01,0.00,0.00,
25.68,FLYING,SEARCH,0,,,,,96,0,0,0,0,75,CRUISE,,0.15,0.13,0.14,0.00,0.01,0.00,0.00,
25.73,FLYING,SEARCH,0,,,,,96,0,0,0,0,75,CRUISE,,0.12,0.13,0.16,0.00,0.01,0.00,0.00,
25.79,FLYING,SEARCH,0,,,,,96,0,0,0,0,75,CRUISE,,0.15,0.16,0.15,0.00,0.00,0.00,0.00,
25.84,FLYING,SEARCH,0,,,,,96,0,0,0,0,75,CRUISE,,0.20,0.18,0.15,0.00,0.00,0.00,0.00,
25.89,FLYING,SEARCH,0,,,,,96,0,0,0,0,75,CRUISE,,0.21,0.14,0.15,0.00,0.00,0.00,0.00,
25.95,FLYING,SEARCH,0,,,,,96,0,0,0,0,75,CRUISE,,0.22,0.12,0.15,0.00,0.00,0.00,0.00,
26.00,FLYING,SEARCH,0,,,,,96,0,0,0,0,75,CRUISE,,0.22,0.11,0.15,0.00,0.00,0.00,0.00,
26.05,FLYING,SEARCH,0,,,,,96,0,0,0,0,75,CRUISE,,0.21,0.12,0.16,0.00,0.00,0.00,0.00,
26.15,FLYING,APPROACH,1,rotten,0.45,0.99,1.3,96,7,0,0,0,75,CRUISE,,0.20,0.12,0.16,0.00,0.00,0.00,0.00,
26.19,FLYING,APPROACH,1,rotten,0.45,0.99,1.3,96,11,3,0,0,75,CRUISE,,0.19,0.11,0.16,0.00,0.00,0.00,0.00,
26.24,FLYING,APPROACH,1,rotten,0.45,0.99,1.3,96,14,6,0,0,75,CRUISE,,0.15,0.11,0.15,0.00,0.00,0.00,0.00,
26.31,FLYING,APPROACH,0,,,,,96,9,6,0,0,75,CRUISE,,0.13,0.12,0.11,0.00,0.00,0.00,0.00,
26.36,FLYING,APPROACH,0,,,,,96,6,7,0,0,75,CRUISE,,0.14,0.14,0.12,0.00,0.44,0.00,0.00,
26.40,FLYING,APPROACH,0,,,,,96,3,7,0,0,75,CRUISE,,0.50,0.47,0.11,0.00,0.31,0.00,0.00,
26.47,FLYING,APPROACH,0,,,,,96,2,7,0,0,75,CRUISE,,0.68,0.63,0.10,0.00,0.21,0.00,0.00,
26.52,FLYING,APPROACH,0,,,,,96,1,7,0,0,75,CRUISE,,0.42,0.40,0.10,0.00,0.15,0.00,0.00,
26.56,FLYING,APPROACH,0,,,,,96,1,7,0,0,75,CRUISE,,0.29,0.28,0.10,0.00,0.10,0.00,0.00,
26.63,FLYING,APPROACH,0,,,,,96,0,7,0,0,75,CRUISE,,0.25,0.27,0.14,0.00,0.07,0.00,0.00,
26.68,FLYING,APPROACH,0,,,,,96,0,7,0,0,75,CRUISE,,0.22,0.27,0.16,0.00,0.05,0.00,0.00,
26.72,FLYING,APPROACH,0,,,,,96,0,7,0,0,75,CRUISE,,0.19,0.21,0.16,0.00,0.04,0.00,0.00,
26.79,FLYING,APPROACH,0,,,,,96,0,7,0,0,75,CRUISE,,0.17,0.17,0.17,0.00,0.03,0.00,0.00,
26.84,FLYING,APPROACH,0,,,,,96,0,7,0,0,75,CRUISE,,0.16,0.16,0.20,0.00,0.44,0.00,0.00,
26.89,FLYING,APPROACH,0,,,,,96,0,7,0,0,75,CRUISE,,0.27,0.28,0.45,0.00,0.31,0.00,0.00,
26.95,FLYING,APPROACH,0,,,,,96,0,7,0,0,75,CRUISE,,0.32,0.33,0.58,0.00,0.21,0.00,0.00,
27.00,FLYING,APPROACH,0,,,,,96,0,7,0,0,75,CRUISE,,0.27,0.27,0.40,0.00,0.15,0.00,0.00,
27.05,FLYING,APPROACH,0,,,,,96,0,7,0,0,75,CRUISE,,0.24,0.24,0.31,0.00,0.10,0.00,0.00,
27.11,FLYING,APPROACH,0,,,,,96,0,7,0,0,75,CRUISE,,0.29,0.30,0.33,0.00,0.07,0.00,0.00,
27.16,FLYING,APPROACH,0,,,,,96,0,7,0,0,75,CRUISE,,0.32,0.32,0.53,0.00,0.05,0.00,0.00,
27.21,FLYING,APPROACH,0,,,,,96,0,7,0,0,75,CRUISE,,0.28,0.36,0.65,0.00,0.04,0.00,0.00,
27.27,FLYING,SEARCH,0,,,,,96,0,5,0,2,75,CRUISE,,0.26,0.37,0.82,0.00,0.03,0.00,0.00,
27.32,FLYING,SEARCH,0,,,,,96,0,3,0,4,75,CRUISE,,0.28,0.40,0.93,0.00,0.87,0.00,0.00,
27.37,FLYING,SEARCH,0,,,,,96,0,2,0,5,75,CRUISE,,0.41,0.70,1.61,0.00,0.61,0.00,0.08,
27.44,FLYING,SEARCH,0,,,,,96,0,1,0,6,75,CRUISE,,0.70,0.94,1.94,0.15,0.43,0.00,0.35,
27.48,FLYING,SEARCH,0,,,,,96,0,0,0,7,75,CRUISE,,0.84,0.97,1.48,0.23,0.30,0.00,0.19,
27.53,FLYING,SEARCH,0,,,,,96,0,0,0,7,75,CRUISE,,0.60,0.80,1.26,0.13,0.21,0.00,0.12,
27.60,FLYING,SEARCH,0,,,,,96,0,0,0,7,75,CRUISE,,0.47,0.66,1.12,0.07,0.15,0.00,0.08,
27.64,FLYING,SEARCH,0,,,,,96,0,0,0,7,75,CRUISE,,0.42,0.56,0.94,0.04,0.10,0.00,0.02,
27.69,FLYING,SEARCH,0,,,,,96,0,0,0,7,75,CRUISE,,0.36,0.39,0.86,0.02,0.07,0.00,0.00,
27.76,FLYING,SEARCH,0,,,,,96,0,0,0,7,75,CRUISE,,0.33,0.30,0.84,0.01,0.05,0.00,0.00,
27.81,FLYING,SEARCH,0,,,,,96,0,0,0,5,75,CRUISE,,0.28,0.28,0.83,0.01,0.04,0.00,0.00,
27.86,FLYING,SEARCH,0,,,,,96,0,0,0,3,75,CRUISE,,0.27,0.26,0.81,0.00,0.02,0.00,0.00,
27.95,FLYING,APPROACH,1,rotten,0.23,0.97,1.0,96,7,0,0,2,75,CRUISE,,0.27,0.26,0.80,0.00,0.02,0.00,0.00,
28.00,FLYING,APPROACH,1,rotten,0.23,0.97,1.0,96,11,4,0,1,75,CRUISE,,0.32,0.26,0.79,0.00,0.01,0.00,0.00,
28.05,FLYING,APPROACH,1,rotten,0.23,0.97,1.0,96,14,6,0,0,75,CRUISE,,0.40,0.26,0.83,0.00,0.01,0.00,0.00,
28.12,FLYING,APPROACH,0,,,,,96,9,7,0,0,75,CRUISE,,0.48,0.33,0.96,0.00,0.01,0.00,0.05,
28.16,FLYING,APPROACH,0,,,,,96,6,7,0,0,75,CRUISE,,0.53,0.37,1.02,0.00,0.00,0.00,0.08,
28.21,FLYING,APPROACH,0,,,,,96,3,7,0,0,75,CRUISE,,0.63,0.39,1.05,0.00,0.87,0.00,0.00,
28.28,FLYING,APPROACH,0,,,,,96,2,7,0,0,75,CRUISE,,0.72,0.73,1.43,0.00,0.61,0.00,0.00,
28.32,FLYING,APPROACH,0,,,,,96,1,7,0,0,75,CRUISE,,0.77,0.90,1.62,0.00,0.43,0.00,0.17,
28.37,FLYING,APPROACH,0,,,,,96,1,7,0,0,75,CRUISE,,0.66,0.62,1.18,0.00,0.30,0.00,0.01,
28.44,FLYING,APPROACH,0,,,,,96,0,7,0,0,75,CRUISE,,0.61,0.48,0.95,0.00,0.87,0.00,0.00,
28.48,FLYING,APPROACH,0,,,,,96,0,7,0,0,75,CRUISE,,0.71,0.55,0.79,0.00,0.61,0.00,0.00,
28.53,FLYING,APPROACH,0,,,,,96,0,7,0,0,75,CRUISE,,0.76,0.59,0.73,0.00,0.43,0.00,0.00,
28.60,FLYING,APPROACH,0,,,,,96,0,7,0,0,75,CRUISE,,0.67,0.47,0.66,0.00,0.30,0.00,0.00,
28.65,FLYING,APPROACH,0,,,,,96,0,7,0,0,75,CRUISE,,0.52,0.32,0.63,0.00,0.21,0.00,0.00,
28.69,FLYING,APPROACH,0,,,,,96,0,7,0,0,75,CRUISE,,0.34,0.24,0.42,0.00,0.15,0.00,0.00,
28.76,FLYING,APPROACH,0,,,,,96,0,7,0,0,75,CRUISE,,0.25,0.18,0.28,0.00,0.10,0.00,0.00,
28.81,FLYING,APPROACH,0,,,,,96,0,7,0,0,75,CRUISE,,0.19,0.15,0.21,0.00,0.07,0.00,0.00,
28.86,FLYING,APPROACH,0,,,,,96,0,7,0,0,75,CRUISE,,0.17,0.13,0.17,0.00,0.05,0.00,0.00,
28.92,FLYING,APPROACH,0,,,,,96,0,7,0,0,75,CRUISE,,0.15,0.13,0.15,0.00,0.04,0.00,0.00,
28.97,FLYING,APPROACH,0,,,,,96,0,7,0,0,75,CRUISE,,0.14,0.12,0.14,0.00,0.02,0.00,0.00,
29.02,FLYING,APPROACH,0,,,,,96,0,7,0,0,75,CRUISE,,0.21,0.12,0.14,0.00,0.44,0.00,0.00,
29.08,FLYING,SEARCH,0,,,,,96,0,5,0,0,75,CRUISE,,0.83,0.69,0.47,0.00,0.31,0.00,0.00,
29.13,FLYING,SEARCH,0,,,,,96,0,3,0,0,75,CRUISE,,1.14,0.97,0.63,0.00,0.21,0.04,0.00,
29.18,FLYING,SEARCH,0,,,,,96,0,2,0,0,75,CRUISE,,0.71,0.55,0.48,0.00,0.15,0.00,0.00,
29.28,FLYING,SEARCH,1,,,,,96,0,1,0,0,75,CRUISE,,0.42,0.34,0.34,0.00,0.10,0.00,0.00,
29.32,FLYING,SEARCH,1,,,,,96,0,0,0,0,75,CRUISE,,0.33,0.26,0.34,0.00,0.44,0.00,0.00,
29.37,FLYING,SEARCH,1,,,,,96,0,0,0,0,75,CRUISE,,0.28,0.29,0.53,0.00,0.31,0.00,0.00,
29.44,FLYING,SEARCH,0,,,,,96,0,0,0,0,75,CRUISE,,0.29,0.31,0.63,0.00,0.21,0.00,0.00,
29.49,FLYING,SEARCH,0,,,,,96,0,0,0,0,75,CRUISE,,0.30,0.23,0.66,0.00,0.15,0.00,0.00,
29.53,FLYING,SEARCH,0,,,,,96,0,0,0,0,75,CRUISE,,0.30,0.19,0.68,0.00,0.10,0.00,0.00,
29.60,FLYING,SEARCH,0,,,,,96,0,0,0,0,75,CRUISE,,0.28,0.20,0.64,0.00,0.07,0.00,0.00,
29.65,FLYING,SEARCH,0,,,,,96,0,0,0,0,75,CRUISE,,0.25,0.21,0.53,0.00,0.05,0.00,0.00,
29.69,FLYING,SEARCH,0,,,,,96,0,0,0,0,75,CRUISE,,0.22,0.21,0.47,0.00,0.04,0.00,0.00,
29.76,FLYING,SEARCH,0,,,,,96,0,0,0,0,75,CRUISE,,0.21,0.18,0.50,0.00,0.03,0.00,0.00,
29.81,FLYING,SEARCH,0,,,,,96,0,0,0,2,75,CRUISE,,0.23,0.17,0.52,0.00,0.02,0.00,0.00,
29.86,FLYING,SEARCH,0,,,,,96,0,0,0,4,75,CRUISE,,0.24,0.16,0.53,0.00,0.01,0.00,0.00,
29.92,FLYING,SEARCH,0,,,,,96,0,0,0,5,75,CRUISE,,0.23,0.18,0.54,0.00,0.01,0.00,0.00,
29.97,FLYING,SEARCH,0,,,,,96,0,0,0,6,75,CRUISE,,0.21,0.19,0.56,0.00,0.01,0.00,0.00,
30.02,FLYING,SEARCH,0,,,,,96,0,0,0,7,75,CRUISE,,0.19,0.21,0.73,0.00,0.44,0.00,0.00,
30.08,FLYING,SEARCH,0,,,,,96,0,0,0,7,75,CRUISE,,0.40,0.37,0.91,0.00,0.31,0.00,0.00,
30.13,FLYING,SEARCH,0,,,,,96,0,0,0,7,75,CRUISE,,0.54,0.45,0.99,0.00,0.44,0.00,0.00,
30.18,FLYING,SEARCH,0,,,,,96,0,0,0,7,75,CRUISE,,0.60,0.57,1.10,0.00,0.31,0.00,0.00,
30.24,FLYING,SEARCH,0,,,,,96,0,0,0,7,75,CRUISE,,0.64,0.63,1.08,0.00,0.21,0.00,0.04,
30.29,FLYING,SEARCH,0,,,,,96,0,0,0,7,75,CRUISE,,0.43,0.39,0.80,0.00,0.15,0.00,0.00,
30.34,FLYING,SEARCH,0,,,,,96,0,0,0,7,75,CRUISE,,0.33,0.26,0.66,0.00,0.10,0.00,0.00,
30.41,FLYING,SEARCH,0,,,,,96,0,0,0,7,75,CRUISE,,0.27,0.21,0.60,0.00,0.07,0.00,0.00,
30.45,FLYING,SEARCH,0,,,,,96,0,0,0,7,75,CRUISE,,0.24,0.17,0.57,0.00,0.05,0.00,0.00,
30.50,FLYING,SEARCH,0,,,,,96,0,0,0,7,75,CRUISE,,0.22,0.20,0.56,0.00,0.04,0.00,0.00,
30.57,FLYING,SEARCH,0,,,,,96,0,0,0,7,75,CRUISE,,0.23,0.21,0.61,0.00,0.44,0.00,0.00,
30.62,FLYING,SEARCH,0,,,,,96,0,0,0,7,75,CRUISE,,0.28,0.45,0.71,0.00,0.31,0.00,0.00,
30.66,FLYING,SEARCH,0,,,,,96,0,0,0,7,75,CRUISE,,0.30,0.57,0.76,0.00,0.21,0.00,0.00,
30.73,FLYING,SEARCH,0,,,,,96,0,0,0,7,75,CRUISE,,0.27,0.35,0.57,0.00,0.15,0.00,0.00,
30.78,FLYING,SEARCH,0,,,,,96,0,0,0,5,75,CRUISE,,0.22,0.23,0.38,0.00,0.10,0.00,0.00,
30.82,FLYING,SEARCH,0,,,,,96,0,0,0,3,75,CRUISE,,0.20,0.17,0.29,0.00,0.07,0.00,0.00,
30.89,FLYING,SEARCH,0,,,,,96,0,0,0,2,75,CRUISE,,0.23,0.14,0.23,0.00,0.05,0.00,0.00,
30.94,FLYING,SEARCH,0,,,,,96,0,0,0,1,75,CRUISE,,0.25,0.12,0.21,0.00,0.04,0.00,0.00,
30.99,FLYING,SEARCH,0,,,,,96,0,0,0,0,75,CRUISE,,0.20,0.11,0.20,0.00,0.03,0.00,0.00,
31.05,FLYING,SEARCH,0,,,,,96,0,0,0,0,75,CRUISE,,0.17,0.09,0.20,0.00,0.02,0.00,0.00,
31.10,FLYING,SEARCH,0,,,,,96,0,0,0,0,75,CRUISE,,0.19,0.14,0.21,0.00,0.44,0.00,0.00,
31.15,FLYING,SEARCH,0,,,,,96,0,0,0,0,75,CRUISE,,0.23,0.35,0.38,0.00,0.31,0.00,0.00,
31.21,FLYING,SEARCH,0,,,,,96,0,0,0,0,75,CRUISE,,0.28,0.63,0.46,0.00,0.44,0.00,0.00,
31.26,FLYING,SEARCH,0,,,,,96,0,0,0,0,75,CRUISE,,0.30,0.77,0.42,0.00,0.31,0.00,0.00,
31.31,FLYING,SEARCH,0,,,,,96,0,0,0,0,75,CRUISE,,0.31,0.82,0.35,0.00,0.21,0.00,0.00,
31.38,FLYING,SEARCH,0,,,,,96,0,0,0,0,75,CRUISE,,0.32,0.50,0.32,0.00,0.15,0.00,0.00,
31.42,FLYING,SEARCH,0,,,,,96,0,0,0,0,75,CRUISE,,0.31,0.34,0.31,0.00,0.10,0.00,0.00,
31.47,FLYING,SEARCH,0,,,,,96,0,0,0,0,75,CRUISE,,0.31,0.22,0.32,0.00,0.07,0.00,0.00,
31.55,FLYING,SEARCH,0,,,,,96,0,0,0,0,75,CRUISE,,0.35,0.16,0.35,0.00,0.44,0.00,0.00,
31.59,FLYING,SEARCH,0,,,,,96,0,0,0,0,75,CRUISE,,0.43,0.36,0.38,0.00,0.31,0.00,0.00,
31.64,FLYING,SEARCH,0,,,,,96,0,0,0,0,75,CRUISE,,0.57,0.52,0.39,0.00,0.44,0.00,0.00,
31.71,FLYING,SEARCH,0,,,,,96,0,0,0,0,75,CRUISE,,0.72,0.87,0.36,0.00,0.31,0.00,0.00,
31.76,FLYING,SEARCH,0,,,,,96,0,0,0,0,75,CRUISE,,0.80,1.04,0.34,0.00,0.21,0.01,0.01,
31.80,FLYING,SEARCH,0,,,,,96,0,0,0,0,75,CRUISE,,0.84,0.65,0.38,0.00,0.15,0.00,0.00,
31.87,FLYING,SEARCH,0,,,,,96,0,0,0,0,75,CRUISE,,0.86,0.44,0.53,0.00,0.10,0.00,0.00,
31.92,FLYING,SEARCH,0,,,,,96,0,0,0,0,75,CRUISE,,0.88,0.35,0.68,0.00,0.44,0.00,0.00,
31.96,FLYING,SEARCH,0,,,,,96,0,0,0,0,75,CRUISE,,0.74,0.59,0.86,0.00,0.31,0.00,0.00,
32.03,FLYING,SEARCH,0,,,,,96,0,0,0,0,75,CRUISE,,0.67,0.72,0.95,0.00,0.21,0.00,0.00,
32.08,FLYING,SEARCH,0,,,,,96,0,0,0,0,75,CRUISE,,0.82,0.44,0.67,0.00,0.15,0.00,0.00,
32.12,FLYING,SEARCH,0,,,,,96,0,0,0,0,75,CRUISE,,0.91,0.31,0.43,0.00,0.44,0.00,0.00,
32.19,FLYING,SEARCH,0,,,,,96,0,0,0,0,75,CRUISE,,1.07,0.73,0.30,0.00,0.31,0.00,0.00,
32.24,FLYING,SEARCH,0,,,,,96,0,0,0,0,75,CRUISE,,1.15,0.94,0.23,0.00,0.21,0.07,0.00,
32.29,FLYING,SEARCH,0,,,,,96,0,0,0,0,75,CRUISE,,1.19,0.63,0.20,0.00,0.15,0.12,0.00,
32.36,FLYING,SEARCH,0,,,,,96,0,0,0,0,75,CRUISE,,1.44,0.48,0.18,0.15,0.10,0.27,0.00,
32.40,FLYING,SEARCH,0,,,,,96,0,0,0,0,75,CRUISE,,1.56,0.69,0.17,0.23,0.07,0.34,0.00,
32.45,FLYING,SEARCH,0,,,,,96,0,0,0,0,75,CRUISE,,1.38,0.80,0.17,0.32,0.05,0.26,0.00,
32.52,FLYING,SEARCH,0,,,,,96,0,0,0,0,75,CRUISE,,1.10,0.70,0.24,0.18,0.04,0.13,0.00,
32.56,FLYING,SEARCH,0,,,,,96,0,0,0,0,75,CRUISE,,0.92,0.65,0.39,0.10,0.44,0.00,0.00,
32.61,FLYING,SEARCH,0,,,,,96,0,0,0,0,75,CRUISE,,0.84,0.76,0.61,0.06,0.31,0.00,0.00,
32.68,FLYING,SEARCH,0,,,,,96,0,0,0,0,75,CRUISE,,0.79,0.81,0.71,0.03,0.21,0.00,0.00,
32.72,FLYING,SEARCH,0,,,,,96,0,0,0,0,75,CRUISE,,0.70,0.50,0.76,0.02,0.15,0.00,0.00,
32.77,FLYING,SEARCH,0,,,,,96,0,0,0,2,75,CRUISE,,0.65,0.34,0.78,0.01,0.10,0.00,0.00,
32.84,FLYING,SEARCH,0,,,,,96,0,0,0,4,75,CRUISE,,0.63,0.23,0.79,0.01,0.07,0.00,0.00,
32.89,FLYING,SEARCH,0,,,,,96,0,0,0,5,75,CRUISE,,0.51,0.18,0.67,0.00,0.05,0.00,0.00,
32.93,FLYING,SEARCH,0,,,,,96,0,0,0,6,75,CRUISE,,0.45,0.16,0.61,0.00,0.44,0.00,0.00,
33.00,FLYING,SEARCH,0,,,,,96,0,0,0,7,75,CRUISE,,0.71,0.48,1.25,0.00,0.31,0.00,0.07,
33.05,FLYING,SEARCH,0,,,,,96,0,0,0,7,75,CRUISE,,0.84,0.64,1.58,0.00,0.44,0.00,0.17,
33.10,FLYING,SEARCH,0,,,,,96,0,0,0,7,75,CRUISE,,0.90,0.72,1.06,0.00,0.31,0.00,0.00,
33.16,FLYING,SEARCH,0,,,,,96,0,0,0,7,75,CRUISE,,0.83,0.64,0.73,0.00,0.21,0.00,0.00,
33.21,FLYING,SEARCH,0,,,,,96,0,0,0,7,75,CRUISE,,1.11,0.46,0.51,0.00,0.15,0.08,0.00,
33.26,FLYING,SEARCH,0,,,,,96,0,0,0,7,75,CRUISE,,1.39,0.37,0.41,0.00,0.10,0.24,0.00,
33.33,FLYING,SEARCH,0,,,,,96,0,0,0,7,75,AVOID_RIGHT,,2.17,0.53,0.35,0.41,0.07,0.65,0.00,
33.38,FLYING,SEARCH,0,,,,,96,0,0,0,7,75,AVOID_RIGHT,,2.57,0.69,0.46,0.49,0.44,0.66,0.00,
33.42,FLYING,SEARCH,0,,,,,96,0,0,0,7,75,AVOID_RIGHT,,1.86,0.69,0.51,0.52,0.31,0.38,0.00,
33.49,FLYING,SEARCH,0,,,,,96,0,0,0,7,75,AVOID_RIGHT,,1.19,0.58,0.54,0.29,0.21,0.09,0.00,
33.54,FLYING,SEARCH,0,,,,,96,0,0,0,7,75,AVOID_RIGHT,,0.86,0.45,0.51,0.16,0.15,0.00,0.00,
33.59,FLYING,SEARCH,0,,,,,96,0,0,0,7,75,AVOID_RIGHT,,0.69,0.39,0.49,0.09,0.10,0.00,0.00,
33.65,FLYING,SEARCH,0,,,,,96,0,0,0,7,75,CRUISE,,0.52,0.33,0.56,0.05,0.07,0.00,0.00,
33.70,FLYING,SEARCH,0,,,,,96,0,0,0,7,75,CRUISE,,0.43,0.30,0.71,0.03,0.05,0.00,0.00,
33.75,FLYING,SEARCH,0,,,,,96,0,0,0,7,75,CRUISE,,0.65,0.29,0.79,0.02,0.04,0.00,0.00,
33.81,FLYING,SEARCH,0,,,,,96,0,0,0,5,75,CRUISE,,0.76,0.40,0.89,0.01,0.44,0.00,0.00,
33.86,FLYING,SEARCH,0,,,,,96,0,0,0,3,75,CRUISE,,0.78,0.72,0.75,0.01,0.31,0.00,0.00,
33.91,FLYING,SEARCH,0,,,,,96,0,0,0,2,75,CRUISE,,0.74,0.88,0.94,0.00,0.21,0.00,0.00,
33.98,FLYING,SEARCH,0,,,,,96,0,0,0,1,75,CRUISE,,0.56,0.96,1.20,0.00,0.44,0.00,0.00,
34.02,FLYING,SEARCH,0,,,,,96,0,0,0,0,75,CRUISE,,0.57,0.66,1.32,0.00,0.31,0.00,0.11,
34.07,FLYING,SEARCH,0,,,,,96,0,0,0,0,75,CRUISE,,0.58,0.49,1.39,0.00,0.21,0.00,0.19,
34.14,FLYING,SEARCH,0,,,,,96,0,0,0,0,75,CRUISE,,0.67,0.40,1.19,0.15,0.15,0.00,0.12,
34.18,FLYING,SEARCH,0,,,,,96,0,0,0,0,75,CRUISE,,0.71,0.36,1.09,0.11,0.10,0.00,0.09,
34.23,FLYING,SEARCH,0,,,,,96,0,0,0,0,75,CRUISE,,0.61,0.27,0.98,0.06,0.07,0.00,0.05,
34.30,FLYING,SEARCH,0,,,,,96,0,0,0,0,75,CRUISE,,0.51,0.23,0.77,0.04,0.05,0.00,0.00,
34.35,FLYING,SEARCH,0,,,,,96,0,0,0,0,75,CRUISE,,0.47,0.21,0.66,0.02,0.04,0.00,0.00,
34.39,FLYING,SEARCH,0,,,,,96,0,0,0,0,75,CRUISE,,0.65,0.21,0.61,0.01,0.03,0.00,0.00,
34.46,FLYING,SEARCH,0,,,,,96,0,0,0,0,75,CRUISE,,1.05,0.20,0.42,0.01,0.02,0.11,0.00,
34.51,FLYING,SEARCH,0,,,,,96,0,0,0,0,75,CRUISE,,1.27,0.28,0.34,0.00,0.01,0.23,0.00,
34.56,FLYING,SEARCH,0,,,,,96,0,0,0,0,75,CRUISE,,1.38,0.31,0.29,0.00,0.01,0.28,0.00,
34.62,FLYING,SEARCH,0,,,,,96,0,0,0,0,75,AVOID_RIGHT,,1.43,0.65,1.08,0.15,0.01,0.31,0.14,
34.67,FLYING,SEARCH,0,,,,,96,0,0,0,0,75,AVOID_RIGHT,,0.85,0.82,1.47,0.21,0.00,0.02,0.34,
34.72,FLYING,SEARCH,0,,,,,96,0,0,0,0,75,AVOID_RIGHT,,0.55,0.91,1.28,0.27,0.00,0.05,0.24,
34.79,FLYING,SEARCH,0,,,,,96,0,0,0,0,75,CRUISE,,0.40,1.44,0.76,0.41,0.00,0.32,0.32,
34.84,FLYING,SCARED,0,,,,,96,0,-40,0,0,75,ESCAPE,RIGHT,1.06,1.70,0.46,0.75,0.00,0.45,0.45,
34.88,FLYING,SCARED,0,,,,,96,0,-40,0,0,75,ESCAPE,RIGHT,1.52,1.00,0.31,0.71,0.00,0.36,0.10,
34.95,FLYING,SCARED,0,,,,,96,0,-40,0,0,75,ESCAPE,RIGHT,1.70,0.61,0.25,0.56,0.00,0.45,0.00,
35.00,FLYING,SCARED,0,,,,,96,0,-40,0,0,75,ESCAPE,RIGHT,1.84,0.42,0.40,0.58,0.00,0.52,0.00,
35.05,FLYING,SCARED,0,,,,,96,0,-40,0,0,75,ESCAPE,RIGHT,1.86,0.33,0.48,0.58,0.00,0.53,0.00,
35.11,FLYING,SCARED,0,,,,,96,0,-40,0,0,75,ESCAPE,RIGHT,1.97,0.30,0.41,0.59,0.00,0.59,0.00,
35.16,FLYING,SCARED,0,,,,,96,0,-40,0,0,75,ESCAPE,RIGHT,1.80,0.35,0.37,0.44,1.31,0.00,0.00,
35.21,FLYING,SCARED,0,,,,,96,0,-40,0,0,75,ESCAPE,,2.11,1.16,0.97,0.25,0.92,0.20,0.00,
35.28,FLYING,SCARED,0,,,,,96,0,-40,0,0,75,ESCAPE,,2.92,1.56,1.28,0.51,0.64,0.74,0.06,
35.33,FLYING,SCARED,0,,,,,96,0,-40,0,0,75,ESCAPE,RIGHT,3.51,1.28,0.98,0.70,0.45,1.00,0.02,
35.37,FLYING,SCARED,0,,,,,96,0,-40,0,0,75,ESCAPE,RIGHT,3.80,1.14,0.83,0.91,0.44,1.00,0.00,
35.44,FLYING,SCARED,0,,,,,96,0,-40,0,0,75,ESCAPE,RIGHT,2.76,1.52,0.83,0.92,0.31,0.83,0.21,
35.49,FLYING,SCARED,0,,,,,96,0,-40,0,0,75,ESCAPE,RIGHT,2.24,1.71,0.83,1.00,0.21,0.61,0.35,
35.54,FLYING,SCARED,0,,,,,96,0,-40,0,0,75,ESCAPE,RIGHT,2.36,1.43,0.65,1.00,0.15,0.71,0.24,
35.61,FLYING,SCARED,0,,,,,96,0,-40,0,0,75,ESCAPE,RIGHT,2.56,0.79,0.49,0.95,0.10,0.83,0.00,
35.66,FLYING,SCARED,0,,,,,96,0,-40,0,0,75,ESCAPE,RIGHT,2.52,0.40,0.42,0.94,0.07,0.82,0.00,
35.71,FLYING,SCARED,0,,,,,96,0,-40,0,0,75,ESCAPE,RIGHT,2.62,0.21,0.38,0.94,0.05,0.88,0.00,
35.78,FLYING,SCARED,0,,,,,96,0,-40,0,0,75,ESCAPE,RIGHT,2.61,0.08,0.30,1.00,0.04,0.88,0.00,
35.82,FLYING,SCARED,0,,,,,96,0,-40,0,0,75,ESCAPE,RIGHT,2.60,0.02,0.34,0.97,0.03,0.89,0.00,
35.87,FLYING,WAIT,0,,,,,96,0,-26,0,0,75,ESCAPE,RIGHT,2.60,0.54,0.45,0.96,0.44,0.68,0.00,
35.94,FLYING,WAIT,0,,,,,96,0,-16,0,0,75,ESCAPE,RIGHT,2.65,0.92,0.56,0.95,0.31,0.77,0.00,
35.99,FLYING,WAIT,0,,,,,96,0,-10,0,0,75,ESCAPE,RIGHT,2.67,1.11,0.61,0.94,0.21,0.83,0.05,
36.04,FLYING,WAIT,0,,,,,96,0,-7,0,0,75,ESCAPE,RIGHT,2.05,0.61,0.64,0.89,0.15,0.55,0.00,
36.11,FLYING,WAIT,0,,,,,96,0,-4,0,0,75,ESCAPE,RIGHT,0.95,0.35,0.65,0.67,0.10,0.02,0.00,
36.15,FLYING,WAIT,0,,,,,96,0,-3,0,0,75,ESCAPE,RIGHT,0.41,0.31,0.91,0.38,0.44,0.00,0.00,
36.20,FLYING,WAIT,0,,,,,96,0,-1,0,0,75,ESCAPE,RIGHT,0.48,0.37,1.74,0.31,0.31,0.00,0.32,
36.27,FLYING,WAIT,0,,,,,96,0,-1,0,0,75,ESCAPE,RIGHT,0.66,0.50,2.92,0.54,0.87,0.00,0.62,
36.32,FLYING,WAIT,0,,,,,96,0,0,0,0,75,ESCAPE,RIGHT,1.26,0.97,3.50,0.83,0.61,0.00,1.00,
36.37,FLYING,WAIT,0,,,,,96,0,0,0,0,75,ESCAPE,RIGHT,1.56,1.21,3.61,0.87,0.44,0.16,1.00,
36.44,FLYING,WAIT,0,,,,,96,0,0,0,0,75,ESCAPE,RIGHT,1.59,1.09,3.53,1.00,0.31,0.24,1.00,
36.49,FLYING,WAIT,0,,,,,96,0,0,0,0,75,AVOID_LEFT,RIGHT,1.61,1.02,3.13,1.00,0.87,0.00,0.73,
36.53,FLYING,WAIT,0,,,,,96,0,0,0,0,75,AVOID_LEFT,RIGHT,2.10,1.15,2.93,1.00,0.61,0.35,0.76,
36.60,FLYING,WAIT,0,,,,,96,0,0,0,0,75,AVOID_LEFT,RIGHT,2.35,1.21,2.77,1.00,0.43,0.56,0.77,
36.65,FLYING,WAIT,0,,,,,96,0,0,0,0,75,AVOID_LEFT,RIGHT,2.91,0.78,1.56,1.00,0.30,0.91,0.23,
36.70,FLYING,WAIT,0,,,,,96,0,0,0,0,75,AVOID_RIGHT,RIGHT,3.20,0.46,0.95,1.00,0.21,1.00,0.00,
36.77,FLYING,WAIT,0,,,,,96,0,0,0,0,75,AVOID_RIGHT,RIGHT,3.34,0.20,0.63,1.00,0.15,1.00,0.00,
36.82,FLYING,WAIT,0,,,,,96,0,0,0,0,75,AVOID_RIGHT,RIGHT,3.28,0.07,0.59,1.00,0.44,1.00,0.00,
36.87,FLYING,WAIT,0,,,,,96,0,0,0,0,75,AVOID_RIGHT,RIGHT,3.13,0.03,0.68,1.00,0.31,1.00,0.00,
36.94,FLYING,WAIT,0,,,,,96,0,0,0,0,75,AVOID_RIGHT,RIGHT,3.04,0.01,0.72,1.00,0.21,1.00,0.00,
36.99,FLYING,WAIT,0,,,,,96,0,0,0,0,75,AVOID_RIGHT,RIGHT,2.87,-0.01,0.51,0.95,0.15,0.96,0.00,
37.03,FLYING,WAIT,0,,,,,96,0,0,0,0,75,AVOID_RIGHT,RIGHT,2.78,-0.02,0.36,1.00,0.10,0.94,0.00,
37.10,FLYING,WAIT,0,,,,,96,0,0,0,0,75,AVOID_RIGHT,RIGHT,1.86,-0.02,0.28,0.90,0.07,0.49,0.00,
37.15,FLYING,WAIT,0,,,,,96,0,0,0,0,75,AVOID_RIGHT,RIGHT,1.07,-0.03,0.24,0.51,0.05,0.11,0.00,
37.20,FLYING,WAIT,0,,,,,96,0,0,0,0,75,AVOID_RIGHT,,0.68,-0.03,0.19,0.29,0.04,0.00,0.00,
37.26,FLYING,WAIT,0,,,,,96,0,0,0,0,75,AVOID_RIGHT,,0.79,-0.04,0.11,0.16,0.03,0.00,0.00,
37.31,FLYING,WAIT,0,,,,,96,0,0,0,0,75,AVOID_RIGHT,,0.87,-0.04,0.12,0.09,0.44,0.00,0.00,
37.36,FLYING,WAIT,0,,,,,96,0,0,0,0,75,AVOID_RIGHT,,1.27,-0.02,0.32,0.05,0.31,0.08,0.00,
37.43,FLYING,WAIT,0,,,,,96,0,0,0,0,75,CRUISE,,1.70,-0.00,0.43,0.17,0.21,0.34,0.00,
37.47,FLYING,WAIT,0,,,,,96,0,0,0,0,75,CRUISE,,1.91,-0.02,0.29,0.36,0.15,0.48,0.00,
37.53,FLYING,WAIT,0,,,,,96,0,0,0,0,75,AVOID_RIGHT,,1.68,-0.04,0.22,0.46,0.10,0.39,0.00,
37.60,FLYING,WAIT,0,,,,,96,0,0,0,0,75,AVOID_RIGHT,,1.52,-0.02,0.22,0.35,0.44,0.14,0.00,
37.65,FLYING,WAIT,0,,,,,96,0,0,0,0,75,AVOID_RIGHT,,1.37,0.18,0.45,0.19,0.31,0.13,0.00,
37.70,FLYING,WAIT,0,,,,,96,0,0,0,0,75,CRUISE,,1.22,0.37,0.64,0.11,0.44,0.00,0.00,
37.76,FLYING,WAIT,0,,,,,96,0,0,0,0,75,CRUISE,,1.14,0.43,0.87,0.06,0.31,0.02,0.00,
37.81,FLYING,WAIT,0,,,,,96,0,0,0,0,75,CRUISE,,1.11,0.46,0.98,0.03,0.44,0.00,0.00,
37.86,FLYING,WAIT,0,,,,,96,0,0,0,0,75,CRUISE,,1.21,0.48,1.06,0.02,0.44,0.00,0.00,
37.93,FLYING,WAIT,0,,,,,96,0,0,0,0,75,CRUISE,,0.80,0.37,0.87,0.01,0.31,0.00,0.00,
37.97,FLYING,WAIT,0,,,,,96,0,0,0,0,75,CRUISE,,0.57,0.29,0.77,0.01,0.21,0.00,0.00,
38.02,FLYING,WAIT,0,,,,,96,0,0,0,0,75,CRUISE,,0.46,0.26,0.68,0.00,0.15,0.00,0.00,
38.09,FLYING,WAIT,0,,,,,96,0,0,0,0,75,CRUISE,,0.43,0.20,0.58,0.00,0.10,0.00,0.00,
38.14,FLYING,WAIT,0,,,,,96,0,0,0,0,75,CRUISE,,0.41,0.22,0.51,0.00,0.07,0.00,0.00,
38.18,FLYING,WAIT,0,,,,,96,0,0,0,0,75,CRUISE,,0.38,0.20,0.46,0.00,0.05,0.00,0.00,
38.25,FLYING,WAIT,0,,,,,96,0,0,0,0,75,CRUISE,,0.31,0.19,0.44,0.00,0.04,0.00,0.00,
38.30,FLYING,WAIT,0,,,,,96,0,0,0,0,75,CRUISE,,0.27,0.18,0.43,0.00,0.03,0.00,0.00,
38.35,FLYING,WAIT,0,,,,,96,0,0,0,0,75,CRUISE,,0.22,0.20,0.44,0.00,0.02,0.00,0.00,
38.41,FLYING,WAIT,0,,,,,96,0,0,0,0,75,CRUISE,,0.20,0.21,0.45,0.00,0.01,0.00,0.00,
38.46,FLYING,WAIT,0,,,,,96,0,0,0,0,75,CRUISE,,0.17,0.20,0.43,0.00,0.01,0.00,0.00,
38.51,FLYING,WAIT,0,,,,,96,0,0,0,0,75,CRUISE,,0.18,0.19,0.42,0.00,0.01,0.00,0.00,
38.57,FLYING,WAIT,0,,,,,96,0,0,0,0,75,CRUISE,,0.19,0.18,0.45,0.00,0.00,0.00,0.00,
38.62,FLYING,WAIT,0,,,,,96,0,0,0,0,75,CRUISE,,0.19,0.17,0.46,0.00,0.00,0.00,0.00,
38.67,FLYING,WAIT,0,,,,,96,0,0,0,0,75,CRUISE,,0.19,0.17,0.46,0.00,0.00,0.00,0.00,
38.74,FLYING,WAIT,0,,,,,96,0,0,0,0,75,CRUISE,,0.19,0.18,0.45,0.00,0.00,0.00,0.00,
38.78,FLYING,WAIT,0,,,,,96,0,0,0,0,75,CRUISE,,0.19,0.19,0.44,0.00,0.00,0.00,0.00,
38.83,FLYING,WAIT,0,,,,,96,0,0,0,0,75,CRUISE,,0.19,0.19,0.36,0.00,0.00,0.00,0.00,
38.90,FLYING,WAIT,0,,,,,96,0,0,0,0,75,CRUISE,,0.19,0.17,0.28,0.00,0.00,0.00,0.00,
38.95,FLYING,WAIT,0,,,,,96,0,0,0,0,75,CRUISE,,0.19,0.16,0.24,0.00,0.00,0.00,0.00,
38.99,FLYING,WAIT,0,,,,,96,0,0,0,0,75,CRUISE,,0.19,0.15,0.23,0.00,0.00,0.00,0.00,
39.06,FLYING,WAIT,0,,,,,96,0,0,0,0,75,CRUISE,,0.19,0.21,0.37,0.00,0.00,0.00,0.00,
39.11,FLYING,WAIT,0,,,,,96,0,0,0,0,75,CRUISE,,0.19,0.24,0.44,0.00,0.00,0.00,0.00,
39.15,FLYING,WAIT,0,,,,,96,0,0,0,0,75,CRUISE,,0.19,0.24,0.47,0.00,0.00,0.00,0.00,
39.22,FLYING,WAIT,0,,,,,96,0,0,0,0,75,CRUISE,,0.19,0.21,0.41,0.00,0.00,0.00,0.00,
39.27,FLYING,WAIT,0,,,,,96,0,0,0,0,75,CRUISE,,0.23,0.20,0.37,0.00,0.00,0.00,0.00,
39.32,FLYING,WAIT,0,,,,,96,0,0,0,0,75,CRUISE,,0.23,0.16,0.29,0.00,0.00,0.00,0.00,
39.38,FLYING,WAIT,0,,,,,96,0,0,0,0,75,CRUISE,,0.30,0.14,0.26,0.00,0.44,0.00,0.00,
39.43,FLYING,WAIT,0,,,,,96,0,0,0,0,75,CRUISE,,0.57,0.33,0.59,0.00,0.31,0.00,0.00,
39.48,FLYING,WAIT,0,,,,,96,0,0,0,0,75,CRUISE,,0.70,0.54,0.93,0.00,0.44,0.00,0.00,
39.54,FLYING,WAIT,0,,,,,96,0,0,0,0,75,CRUISE,,0.67,0.64,1.04,0.00,0.31,0.00,0.00,
39.59,FLYING,WAIT,0,,,,,96,0,0,0,0,75,CRUISE,,0.65,0.69,1.10,0.00,0.21,0.00,0.04,
39.64,FLYING,WAIT,0,,,,,96,0,0,0,0,75,CRUISE,,0.41,0.46,0.73,0.00,0.15,0.00,0.00,
39.71,FLYING,WAIT,0,,,,,96,0,0,0,0,75,CRUISE,,0.28,0.29,0.46,0.00,0.10,0.00,0.00,
39.75,FLYING,WAIT,0,,,,,96,0,0,0,0,75,CRUISE,,0.23,0.23,0.32,0.00,0.07,0.00,0.00,
39.80,FLYING,WAIT,0,,,,,96,0,0,0,0,75,CRUISE,,0.21,0.19,0.26,0.00,0.05,0.00,0.00,
39.87,FLYING,WAIT,0,,,,,96,0,0,0,0,75,CRUISE,,0.20,0.20,0.28,0.00,0.04,0.00,0.00,
39.92,FLYING,WAIT,0,,,,,96,0,0,0,0,75,CRUISE,,0.19,0.21,0.30,0.00,0.03,0.00,0.00,
39.96,FLYING,WAIT,0,,,,,96,0,0,0,0,75,CRUISE,,0.19,0.21,0.31,0.00,0.02,0.00,0.00,
40.03,FLYING,WAIT,0,,,,,96,0,0,0,0,75,CRUISE,,0.19,0.21,0.41,0.00,0.01,0.00,0.00,
40.08,FLYING,WAIT,0,,,,,96,0,0,0,0,75,CRUISE,,0.28,0.24,0.48,0.00,0.44,0.00,0.00,
40.12,FLYING,WAIT,0,,,,,96,0,0,0,0,75,CRUISE,,0.54,0.42,0.59,0.00,0.31,0.00,0.00,
40.19,FLYING,WAIT,0,,,,,96,0,0,0,0,75,CRUISE,,0.67,0.52,0.65,0.00,0.21,0.00,0.00,
40.24,FLYING,WAIT,0,,,,,96,0,0,0,0,75,CRUISE,,0.44,0.37,0.50,0.00,0.15,0.00,0.00,
40.29,FLYING,WAIT,0,,,,,96,0,0,0,0,75,CRUISE,,0.29,0.29,0.42,0.00,0.10,0.00,0.00,
40.35,FLYING,WAIT,0,,,,,96,0,0,0,0,75,CRUISE,,0.22,0.23,0.37,0.00,0.07,0.00,0.00,
40.40,FLYING,WAIT,0,,,,,96,0,0,0,0,75,CRUISE,,0.18,0.20,0.33,0.00,0.05,0.00,0.00,
40.45,FLYING,WAIT,0,,,,,96,0,0,0,0,75,CRUISE,,0.17,0.17,0.26,0.00,0.04,0.00,0.00,
40.52,FLYING,WAIT,0,,,,,96,0,0,0,0,75,CRUISE,,0.15,0.14,0.22,0.00,0.03,0.00,0.00,
40.56,FLYING,WAIT,0,,,,,96,0,0,0,0,75,CRUISE,,0.14,0.13,0.18,0.00,0.02,0.00,0.00,
40.61,FLYING,WAIT,0,,,,,96,0,0,0,0,75,CRUISE,,0.13,0.14,0.21,0.00,0.44,0.00,0.00,
40.68,FLYING,WAIT,0,,,,,96,0,0,0,0,75,CRUISE,,0.35,0.39,0.69,0.00,0.31,0.00,0.00,
40.73,FLYING,WAIT,0,,,,,96,0,0,0,0,75,CRUISE,,0.46,0.52,0.93,0.00,0.21,0.00,0.00,
40.77,FLYING,WAIT,0,,,,,96,0,0,0,0,75,CRUISE,,0.30,0.28,0.53,0.00,0.15,0.00,0.00,
40.84,FLYING,WAIT,0,,,,,96,0,0,0,0,75,CRUISE,,0.21,0.16,0.33,0.00,0.10,0.00,0.00,
40.89,FLYING,APPROACH,0,,,,,96,0,4,0,0,75,CRUISE,,0.18,0.10,0.23,0.00,0.07,0.00,0.00,
40.94,FLYING,APPROACH,0,,,,,96,0,6,0,0,75,CRUISE,,0.17,0.09,0.20,0.00,0.05,0.00,0.00,
41.00,FLYING,APPROACH,0,,,,,96,0,8,0,0,75,CRUISE,,0.17,0.10,0.17,0.00,0.04,0.00,0.00,
41.05,FLYING,APPROACH,0,,,,,96,0,9,0,0,75,CRUISE,,0.13,0.10,0.17,0.00,0.03,0.00,0.00,
41.10,FLYING,APPROACH,0,,,,,96,0,10,0,0,75,CRUISE,,0.11,0.10,0.19,0.00,0.02,0.00,0.00,
41.16,FLYING,APPROACH,0,,,,,96,0,11,0,0,75,CRUISE,,0.10,0.13,0.20,0.00,0.01,0.00,0.00,
41.21,FLYING,APPROACH,0,,,,,96,0,11,0,0,75,CRUISE,,0.13,0.14,0.19,0.00,0.01,0.00,0.00,
41.26,FLYING,APPROACH,0,,,,,96,0,11,0,0,75,CRUISE,,0.17,0.13,0.18,0.00,0.01,0.00,0.00,
41.33,FLYING,APPROACH,0,,,,,96,0,11,0,0,75,CRUISE,,0.19,0.12,0.20,0.00,0.00,0.00,0.00,
41.37,FLYING,APPROACH,0,,,,,96,0,11,0,0,75,CRUISE,,0.17,0.11,0.21,0.00,0.00,0.00,0.00,
41.42,FLYING,APPROACH,0,,,,,96,0,11,0,0,75,CRUISE,,0.16,0.11,0.19,0.00,0.00,0.00,0.00,
41.49,FLYING,APPROACH,0,,,,,96,0,11,0,0,75,CRUISE,,0.16,0.11,0.18,0.00,0.00,0.00,0.00,
41.53,FLYING,APPROACH,0,,,,,96,0,11,0,0,75,CRUISE,,0.17,0.12,0.21,0.00,0.44,0.00,0.00,
41.58,FLYING,APPROACH,0,,,,,96,0,11,0,0,75,CRUISE,,0.25,0.31,0.73,0.00,0.31,0.00,0.00,
41.65,FLYING,APPROACH,0,,,,,96,0,11,0,0,75,CRUISE,,0.31,0.52,1.00,0.00,0.44,0.00,0.00,
41.70,FLYING,APPROACH,0,,,,,96,0,11,0,0,75,CRUISE,,0.62,0.62,1.06,0.00,0.31,0.00,0.00,
41.74,FLYING,APPROACH,0,,,,,96,0,11,0,0,75,CRUISE,,0.78,0.63,0.99,0.00,0.21,0.00,0.00,
41.81,FLYING,APPROACH,0,,,,,96,0,11,0,0,75,CRUISE,,0.60,0.42,0.82,0.00,0.15,0.00,0.00,
41.86,FLYING,APPROACH,0,,,,,96,0,11,0,0,75,CRUISE,,0.45,0.32,0.59,0.00,0.10,0.00,0.00,
41.90,FLYING,APPROACH,0,,,,,96,0,11,0,0,75,CRUISE,,0.37,0.30,0.52,0.00,0.07,0.00,0.00,
41.97,FLYING,APPROACH,0,,,,,96,0,11,0,0,75,CRUISE,,0.33,0.29,0.46,0.00,0.05,0.00,0.00,
42.02,FLYING,APPROACH,0,,,,,96,0,11,0,0,75,CRUISE,,0.31,0.24,0.44,0.00,0.04,0.00,0.00,
42.07,FLYING,APPROACH,0,,,,,96,0,11,0,0,75,CRUISE,,0.30,0.22,0.43,0.00,0.03,0.00,0.00,
42.13,FLYING,APPROACH,0,,,,,96,0,11,0,0,75,CRUISE,,0.32,0.28,0.46,0.00,0.02,0.00,0.00,
42.18,FLYING,APPROACH,0,,,,,96,0,11,0,0,75,CRUISE,,0.34,0.31,0.48,0.00,0.01,0.00,0.00,
42.23,FLYING,APPROACH,0,,,,,96,0,11,0,0,75,CRUISE,,0.36,0.32,0.49,0.00,0.01,0.00,0.00,
42.30,FLYING,APPROACH,0,,,,,96,0,11,0,0,75,CRUISE,,0.34,0.38,0.59,0.00,0.01,0.00,0.00,
42.34,FLYING,APPROACH,0,,,,,96,0,11,0,0,75,CRUISE,,0.32,0.42,0.64,0.00,0.00,0.00,0.00,
42.39,FLYING,APPROACH,0,,,,,96,0,11,0,0,75,CRUISE,,0.31,0.40,0.67,0.00,0.00,0.00,0.00,
42.46,FLYING,APPROACH,0,,,,,96,0,11,0,0,75,CRUISE,,0.30,0.39,0.66,0.00,0.00,0.00,0.00,
42.50,FLYING,APPROACH,0,,,,,96,0,11,0,0,75,CRUISE,,0.30,0.38,0.61,0.00,0.00,0.00,0.00,
42.55,FLYING,APPROACH,0,,,,,96,0,11,0,0,75,CRUISE,,0.31,0.38,0.58,0.00,0.00,0.00,0.00,
42.62,FLYING,APPROACH,0,,,,,96,0,11,0,0,75,CRUISE,,0.29,0.33,0.65,0.00,0.00,0.00,0.00,
42.66,FLYING,APPROACH,0,,,,,96,0,11,0,0,75,CRUISE,,0.29,0.31,0.69,0.00,0.00,0.00,0.00,
42.71,FLYING,APPROACH,0,,,,,96,0,11,0,0,75,CRUISE,,0.28,0.29,0.71,0.00,0.00,0.00,0.00,
42.78,FLYING,APPROACH,0,,,,,96,0,11,0,0,75,CRUISE,,0.30,0.29,0.68,0.00,0.00,0.00,0.00,
42.83,FLYING,APPROACH,0,,,,,96,0,11,0,0,75,CRUISE,,0.30,0.29,0.60,0.00,0.00,0.00,0.00,
42.87,FLYING,APPROACH,0,,,,,96,0,11,0,0,75,CRUISE,,0.29,0.30,0.57,0.00,0.00,0.00,0.00,
42.94,FLYING,APPROACH,0,,,,,96,0,11,0,0,75,CRUISE,,0.28,0.29,0.55,0.00,0.00,0.00,0.00,
42.99,FLYING,APPROACH,0,,,,,96,0,11,0,0,75,CRUISE,,0.27,0.24,0.51,0.00,0.00,0.00,0.00,
43.04,FLYING,APPROACH,0,,,,,96,0,11,0,0,75,CRUISE,,0.27,0.21,0.49,0.00,0.00,0.00,0.00,
43.10,FLYING,APPROACH,0,,,,,96,0,11,0,0,75,CRUISE,,0.29,0.26,0.50,0.00,0.00,0.00,0.00,
43.15,FLYING,APPROACH,0,,,,,96,0,11,0,0,75,CRUISE,,0.30,0.28,0.51,0.00,0.00,0.00,0.00,
43.20,FLYING,APPROACH,0,,,,,96,0,11,0,0,75,CRUISE,,0.31,0.29,0.51,0.00,0.00,0.00,0.00,
43.27,FLYING,APPROACH,0,,,,,96,0,11,0,0,75,CRUISE,,0.32,0.31,0.65,0.00,0.00,0.00,0.00,
43.31,FLYING,APPROACH,0,,,,,96,0,11,0,0,75,CRUISE,,0.32,0.32,0.72,0.00,0.00,0.00,0.00,
43.36,FLYING,APPROACH,0,,,,,96,0,11,0,0,75,CRUISE,,0.38,0.33,0.61,0.00,0.00,0.00,0.00,
43.43,FLYING,APPROACH,0,,,,,96,0,11,0,0,75,CRUISE,,0.41,0.33,0.51,0.00,0.00,0.00,0.00,
43.48,FLYING,APPROACH,0,,,,,96,0,11,0,0,75,CRUISE,,0.42,0.33,0.51,0.00,0.00,0.00,0.00,
43.53,FLYING,APPROACH,0,,,,,96,0,11,0,0,75,CRUISE,,0.43,0.34,0.50,0.00,0.00,0.00,0.00,
43.60,FLYING,APPROACH,0,,,,,96,0,11,0,0,75,CRUISE,,0.45,0.34,0.50,0.00,0.00,0.00,0.00,
43.65,FLYING,APPROACH,0,,,,,96,0,11,0,0,75,CRUISE,,0.44,0.34,0.39,0.00,0.00,0.00,0.00,
43.70,FLYING,APPROACH,0,,,,,96,0,11,0,0,75,CRUISE,,0.48,0.34,0.34,0.00,0.00,0.00,0.00,
43.76,FLYING,APPROACH,0,,,,,96,0,11,0,0,75,CRUISE,,0.58,0.32,0.31,0.00,0.00,0.00,0.00,
43.81,FLYING,APPROACH,0,,,,,96,0,11,0,0,75,CRUISE,,0.63,0.31,0.38,0.00,0.00,0.00,0.00,
43.86,FLYING,APPROACH,0,,,,,96,0,11,0,0,75,CRUISE,,0.66,0.30,0.42,0.00,0.00,0.00,0.00,
43.93,FLYING,APPROACH,0,,,,,96,0,11,0,0,75,CRUISE,,0.56,0.29,0.58,0.00,0.00,0.00,0.00,
43.97,FLYING,APPROACH,0,,,,,96,0,11,0,0,75,CRUISE,,0.51,0.28,0.67,0.00,0.00,0.00,0.00,
44.02,FLYING,APPROACH,0,,,,,96,0,11,0,0,75,CRUISE,,0.41,0.27,0.57,0.00,0.00,0.00,0.00,
44.09,FLYING,APPROACH,0,,,,,96,0,11,0,0,75,CRUISE,,0.35,0.29,0.52,0.00,0.00,0.00,0.00,
44.14,FLYING,APPROACH,0,,,,,96,0,11,0,0,75,CRUISE,,0.39,0.32,0.55,0.00,0.00,0.00,0.00,
44.18,FLYING,APPROACH,0,,,,,96,0,11,0,0,75,CRUISE,,0.47,0.40,0.56,0.00,0.00,0.00,0.00,
44.25,FLYING,APPROACH,0,,,,,96,0,11,0,0,75,CRUISE,,0.47,0.44,0.53,0.00,0.00,0.00,0.00,
44.30,FLYING,APPROACH,0,,,,,96,0,11,0,0,75,CRUISE,,0.50,0.44,0.51,0.00,0.00,0.00,0.00,
44.34,FLYING,APPROACH,0,,,,,96,0,11,0,0,75,CRUISE,,0.52,0.45,0.48,0.00,0.00,0.00,0.00,
44.41,FLYING,APPROACH,0,,,,,96,0,11,0,0,75,CRUISE,,0.56,0.48,0.47,0.00,0.00,0.00,0.00,
44.46,FLYING,APPROACH,0,,,,,96,0,11,0,0,75,CRUISE,,0.58,0.49,0.46,0.00,0.00,0.00,0.00,
44.51,FLYING,APPROACH,0,,,,,96,0,11,0,0,75,CRUISE,,0.59,0.56,0.48,0.00,0.00,0.00,0.00,
44.57,FLYING,APPROACH,0,,,,,96,0,11,0,0,75,CRUISE,,0.52,0.51,0.49,0.00,0.00,0.00,0.00,
44.62,FLYING,APPROACH,0,,,,,96,0,11,0,0,75,CRUISE,,0.35,0.45,0.45,0.00,0.00,0.00,0.00,
44.67,FLYING,APPROACH,0,,,,,96,0,11,0,0,75,CRUISE,,0.27,0.42,0.43,0.00,0.00,0.00,0.00,
44.74,FLYING,APPROACH,0,,,,,96,0,11,0,0,75,CRUISE,,0.39,0.42,0.50,0.00,0.00,0.00,0.00,
44.78,FLYING,APPROACH,0,,,,,96,0,11,0,0,75,CRUISE,,0.45,0.42,0.53,0.00,0.00,0.00,0.00,
44.83,FLYING,APPROACH,0,,,,,96,0,11,0,0,75,CRUISE,,0.46,0.42,0.54,0.00,0.00,0.00,0.00,
44.90,FLYING,APPROACH,0,,,,,96,0,11,0,0,75,CRUISE,,0.47,0.42,0.68,0.00,0.00,0.00,0.00,
44.95,FLYING,APPROACH,0,,,,,96,0,11,0,0,75,CRUISE,,0.47,0.41,0.74,0.00,0.00,0.00,0.00,
44.99,FLYING,APPROACH,0,,,,,96,0,11,0,0,75,CRUISE,,0.54,0.41,0.78,0.00,0.00,0.00,0.00,
45.06,FLYING,APPROACH,0,,,,,96,0,11,0,0,75,CRUISE,,0.61,0.38,0.75,0.00,0.00,0.00,0.00,
45.11,FLYING,APPROACH,0,,,,,96,0,11,0,0,75,CRUISE,,0.65,0.37,0.73,0.00,0.00,0.00,0.00,
45.16,FLYING,APPROACH,0,,,,,96,0,11,0,0,75,CRUISE,,0.61,0.37,0.64,0.00,0.00,0.00,0.00,
45.22,FLYING,APPROACH,0,,,,,96,0,11,0,0,75,CRUISE,,0.59,0.44,0.59,0.00,0.00,0.00,0.00,
45.27,FLYING,APPROACH,0,,,,,96,0,11,0,0,75,CRUISE,,0.57,0.48,0.57,0.00,0.00,0.00,0.00,
45.32,FLYING,APPROACH,0,,,,,96,0,11,0,0,75,CRUISE,,0.49,0.50,0.56,0.00,0.00,0.00,0.00,
45.39,FLYING,APPROACH,0,,,,,96,0,11,0,0,75,CRUISE,,0.45,0.42,0.52,0.00,0.00,0.00,0.00,
45.43,FLYING,SEARCH,0,,,,,96,0,7,0,2,75,CRUISE,,0.42,0.38,0.47,0.00,0.00,0.00,0.00,
45.48,FLYING,SEARCH,0,,,,,96,0,5,0,4,75,CRUISE,,0.42,0.36,0.48,0.00,0.00,0.00,0.00,
45.55,FLYING,SEARCH,0,,,,,96,0,3,0,5,75,CRUISE,,0.45,0.31,0.50,0.00,0.00,0.00,0.00,
45.59,FLYING,SEARCH,0,,,,,96,0,2,0,6,75,CRUISE,,0.47,0.27,0.51,0.00,0.00,0.00,0.00,
45.64,FLYING,SEARCH,0,,,,,96,0,1,0,7,75,CRUISE,,0.42,0.26,0.49,0.00,0.00,0.00,0.00,
45.74,FLYING,APPROACH,1,rotten,0.20,0.96,2.0,96,6,0,0,4,75,CRUISE,,0.36,0.25,0.42,0.00,0.00,0.00,0.00,
45.79,FLYING,APPROACH,1,rotten,0.20,0.96,2.0,96,11,3,0,2,75,CRUISE,,0.34,0.22,0.36,0.00,0.00,0.00,0.00,
45.84,FLYING,APPROACH,1,rotten,0.20,0.96,2.0,96,14,5,0,1,75,CRUISE,,0.33,0.21,0.33,0.00,0.00,0.00,0.00,
45.90,FLYING,APPROACH,0,,,,,96,9,6,0,1,75,CRUISE,,0.35,0.20,0.37,0.00,0.00,0.00,0.00,
45.95,FLYING,APPROACH,0,,,,,96,5,6,0,0,75,CRUISE,,0.35,0.22,0.39,0.00,0.00,0.00,0.00,
46.00,FLYING,APPROACH,0,,,,,96,3,7,0,0,75,CRUISE,,0.36,0.24,0.40,0.00,0.00,0.00,0.00,
46.06,FLYING,APPROACH,0,,,,,96,2,7,0,0,75,CRUISE,,0.33,0.25,0.37,0.00,0.00,0.00,0.00,
46.11,FLYING,APPROACH,0,,,,,96,1,7,0,0,75,CRUISE,,0.32,0.25,0.35,0.00,0.00,0.00,0.00,
46.16,FLYING,APPROACH,0,,,,,96,1,7,0,0,75,CRUISE,,0.31,0.25,0.34,0.00,0.00,0.00,0.00,
46.26,FLYING,APPROACH,1,rotten,0.27,0.98,2.3,96,7,7,0,0,75,CRUISE,,0.36,0.27,0.36,0.00,0.00,0.00,0.00,
46.31,FLYING,APPROACH,1,rotten,0.27,0.98,2.3,96,11,7,0,0,75,CRUISE,,0.38,0.27,0.38,0.00,0.00,0.00,0.00,
46.35,FLYING,APPROACH,1,rotten,0.27,0.98,2.3,96,14,7,0,0,75,CRUISE,,0.37,0.28,0.38,0.00,0.00,0.00,0.00,
46.45,FLYING,APPROACH,1,rotten,0.33,0.95,2.6,96,16,7,0,0,75,CRUISE,,0.31,0.33,0.37,0.00,0.00,0.00,0.00,
46.50,FLYING,APPROACH,1,rotten,0.33,0.95,2.6,96,17,7,0,0,75,CRUISE,,0.28,0.36,0.36,0.00,0.00,0.00,0.00,
46.55,FLYING,APPROACH,1,rotten,0.33,0.95,2.6,96,18,7,0,0,75,CRUISE,,0.27,0.49,0.36,0.00,0.00,0.00,0.00,
46.61,FLYING,APPROACH,0,,,,,96,12,7,0,0,75,CRUISE,,0.25,0.48,0.34,0.00,0.00,0.00,0.00,
46.66,FLYING,APPROACH,0,,,,,96,7,7,0,0,75,CRUISE,,0.23,0.56,0.34,0.00,0.00,0.00,0.00,
46.71,FLYING,APPROACH,0,,,,,96,5,7,0,0,75,CRUISE,,0.22,0.59,0.28,0.00,0.00,0.00,0.00,
46.81,FLYING,APPROACH,1,rotten,0.31,0.93,2.5,96,10,7,0,0,75,CRUISE,,0.20,0.61,0.26,0.00,0.00,0.00,0.00,
46.85,FLYING,APPROACH,1,rotten,0.31,0.93,2.5,96,13,7,0,0,75,CRUISE,,0.18,0.61,0.24,0.00,0.00,0.00,0.00,
46.90,FLYING,APPROACH,1,rotten,0.31,0.93,2.5,96,15,7,0,0,75,CRUISE,,0.17,0.60,0.24,0.00,0.00,0.00,0.00,
47.00,FLYING,APPROACH,1,rotten,0.24,1.00,2.6,96,16,7,0,0,75,CRUISE,,0.25,1.35,0.35,0.00,0.44,0.03,0.03,
47.05,FLYING,APPROACH,1,rotten,0.24,1.00,2.6,96,17,7,0,0,75,CRUISE,,0.29,1.72,0.40,0.15,0.44,0.21,0.21,
47.10,FLYING,APPROACH,1,rotten,0.24,1.00,2.6,96,17,7,0,0,75,CRUISE,,0.31,1.94,0.64,0.34,0.31,0.39,0.39,
47.20,FLYING,APPROACH,1,rotten,0.28,0.99,2.6,96,17,7,0,0,75,AVOID_LEFT,,0.29,1.80,0.49,0.57,0.21,0.37,0.37,
47.25,FLYING,APPROACH,1,rotten,0.28,0.99,2.6,96,17,7,0,0,75,AVOID_LEFT,,0.28,1.74,0.51,0.58,0.44,0.22,0.22,
47.29,FLYING,APPROACH,1,rotten,0.28,0.99,2.6,96,16,7,0,0,75,AVOID_LEFT,,0.28,1.70,0.52,0.59,0.31,0.27,0.27,
47.39,FLYING,APPROACH,1,,,,,96,11,7,0,0,75,AVOID_LEFT,,0.29,1.46,0.66,0.59,0.21,0.19,0.19,
47.44,FLYING,APPROACH,1,,,,,96,7,7,0,0,75,AVOID_LEFT,,0.30,1.32,0.73,0.48,0.15,0.16,0.16,
47.49,FLYING,APPROACH,1,,,,,96,4,7,0,0,75,AVOID_LEFT,,0.35,0.84,0.77,0.36,0.10,0.00,0.00,
47.56,FLYING,APPROACH,0,,,,,96,3,7,0,0,75,AVOID_LEFT,,0.38,0.60,0.84,0.20,0.07,0.00,0.00,
47.60,FLYING,APPROACH,0,,,,,96,1,7,0,0,75,CRUISE,,0.40,0.93,0.88,0.11,0.05,0.01,0.01,
47.65,FLYING,APPROACH,0,,,,,96,1,7,0,0,75,CRUISE,,0.41,1.41,0.90,0.06,0.44,0.06,0.06,
47.72,FLYING,APPROACH,0,,,,,96,0,7,0,0,75,CRUISE,,0.40,2.23,1.08,0.55,0.31,0.53,0.53,
47.77,FLYING,SCARED,0,,,,,96,0,-40,0,0,75,ESCAPE,RIGHT,0.39,2.72,1.28,1.00,0.21,0.83,0.83,
47.82,FLYING,SCARED,0,,,,,96,0,-40,0,0,75,ESCAPE,RIGHT,0.39,2.90,1.38,1.00,0.15,0.97,0.97,
47.92,FLYING,SCARED,1,rotten,0.43,1.00,2.9,96,0,-40,0,0,75,ESCAPE,RIGHT,0.36,2.98,1.08,1.00,0.10,1.00,1.00,
47.97,FLYING,SCARED,1,rotten,0.43,1.00,2.9,96,0,-40,0,0,75,ESCAPE,RIGHT,0.33,2.41,0.89,1.00,0.07,0.77,0.77,
48.02,FLYING,SCARED,1,rotten,0.43,1.00,2.9,96,0,-40,0,0,75,ESCAPE,RIGHT,0.32,1.89,0.83,1.00,0.05,0.52,0.52,
48.12,FLYING,SCARED,1,rotten,0.37,0.98,3.1,96,0,-40,0,0,75,ESCAPE,RIGHT,0.38,1.62,1.18,1.00,0.87,0.00,0.00,
48.16,FLYING,SCARED,1,rotten,0.37,0.98,3.1,96,0,-40,0,0,75,ESCAPE,RIGHT,1.05,1.49,1.69,0.69,0.87,0.00,0.01,
48.21,FLYING,SCARED,1,rotten,0.37,0.98,3.1,96,0,-40,0,0,75,ESCAPE,RIGHT,1.62,1.28,1.96,0.39,0.61,0.10,0.27,
48.31,FLYING,SCARED,1,,,,,96,0,-40,0,0,75,ESCAPE,RIGHT,2.33,1.17,2.13,0.46,0.87,0.33,0.23,
48.36,FLYING,SCARED,1,,,,,96,0,-40,0,0,75,ESCAPE,RIGHT,2.68,1.11,2.75,0.93,0.61,0.64,0.67,
48.41,FLYING,SCARED,1,,,,,96,0,-40,0,0,75,ESCAPE,RIGHT,2.26,1.40,3.06,1.00,0.43,0.52,0.92,
48.48,FLYING,SCARED,0,,,,,96,0,-40,0,0,75,ESCAPE,RIGHT,1.80,0.92,2.75,1.00,0.30,0.35,0.83,
48.53,FLYING,SCARED,0,,,,,96,0,-40,0,0,75,ESCAPE,RIGHT,1.07,0.68,1.64,0.96,0.21,0.03,0.31,
48.57,FLYING,SCARED,0,,,,,96,0,-40,0,0,75,ESCAPE,RIGHT,0.71,0.56,1.08,0.80,0.44,0.00,0.00,
48.64,FLYING,SCARED,0,,,,,96,0,-40,0,0,75,ESCAPE,RIGHT,1.09,1.39,1.12,0.45,0.31,0.14,0.14,
48.69,FLYING,SCARED,0,,,,,96,0,-40,0,0,75,ESCAPE,RIGHT,1.64,1.85,1.84,0.45,0.44,0.30,0.30,
48.74,FLYING,SCARED,0,,,,,96,0,-40,0,0,75,ESCAPE,RIGHT,1.93,2.21,2.33,0.89,0.31,0.55,0.61,
48.81,FLYING,WAIT,0,,,,,96,0,-26,0,0,75,ESCAPE,RIGHT,2.24,2.57,2.66,1.00,0.44,0.67,0.71,
48.86,FLYING,WAIT,0,,,,,96,0,-16,0,0,75,ESCAPE,RIGHT,2.39,2.75,2.83,1.00,0.31,0.82,0.86,
48.91,FLYING,WAIT,0,,,,,96,0,-10,0,0,75,ESCAPE,RIGHT,1.71,1.85,2.22,1.00,0.21,0.42,0.61,
48.98,FLYING,WAIT,0,,,,,96,0,-7,0,0,75,ESCAPE,RIGHT,1.25,1.12,1.43,1.00,0.15,0.15,0.24,
49.02,FLYING,WAIT,0,,,,,96,0,-4,0,0,75,ESCAPE,RIGHT,0.90,0.65,0.91,0.66,0.10,0.00,0.00,
49.07,FLYING,WAIT,0,,,,,96,0,-3,0,0,75,ESCAPE,RIGHT,0.73,0.41,0.65,0.37,0.44,0.00,0.00,
49.14,FLYING,WAIT,0,,,,,96,0,-1,0,0,75,ESCAPE,,0.78,0.38,0.67,0.21,0.87,0.00,0.00,
49.18,FLYING,WAIT,0,,,,,96,0,-1,0,0,75,ESCAPE,,1.13,0.64,1.47,0.12,0.61,0.00,0.03,
49.23,FLYING,WAIT,0,,,,,96,0,0,0,0,75,ESCAPE,,1.30,0.77,1.86,0.20,0.43,0.04,0.32,
49.30,FLYING,WAIT,0,,,,,96,0,0,0,0,75,ESCAPE,,0.93,0.49,2.06,0.37,0.44,0.00,0.41,
49.35,FLYING,WAIT,0,,,,,96,0,0,0,0,75,ESCAPE,LEFT,0.74,0.35,2.15,0.62,0.44,0.00,0.46,
49.40,FLYING,WAIT,0,,,,,96,0,0,0,0,75,ESCAPE,LEFT,0.78,0.44,2.39,0.61,0.31,0.00,0.64,
49.47,FLYING,WAIT,0,,,,,96,0,0,0,0,75,ESCAPE,LEFT,0.80,0.48,2.31,0.75,0.21,0.00,0.65,
49.51,FLYING,WAIT,0,,,,,96,0,0,0,0,75,AVOID_LEFT,LEFT,0.39,0.37,1.47,0.68,0.15,0.00,0.26,
49.56,FLYING,WAIT,0,,,,,96,0,0,0,0,75,AVOID_LEFT,LEFT,0.18,0.32,1.06,0.50,0.10,0.00,0.08,
49.63,FLYING,WAIT,0,,,,,96,0,0,0,0,75,AVOID_LEFT,,0.08,0.24,0.72,0.28,0.07,0.00,0.00,
49.68,FLYING,WAIT,0,,,,,96,0,0,0,0,75,AVOID_LEFT,,0.05,0.23,0.55,0.16,0.05,0.00,0.00,
49.72,FLYING,WAIT,0,,,,,96,0,0,0,0,75,AVOID_LEFT,,0.01,0.19,0.43,0.09,0.04,0.00,0.00,
49.79,FLYING,WAIT,0,,,,,96,0,0,0,0,75,CRUISE,,0.01,0.17,0.37,0.05,0.03,0.00,0.00,
49.84,FLYING,WAIT,0,,,,,96,0,0,0,0,75,CRUISE,,0.07,0.16,0.34,0.03,0.02,0.00,0.00,
49.89,FLYING,WAIT,0,,,,,96,0,0,0,0,75,CRUISE,,0.10,0.16,0.33,0.02,0.01,0.00,0.00,
49.95,FLYING,WAIT,0,,,,,96,0,0,0,0,75,CRUISE,,0.12,0.05,0.28,0.01,0.01,0.00,0.00,
50.00,FLYING,WAIT,0,,,,,96,0,0,0,0,75,CRUISE,,0.06,-0.01,0.23,0.00,0.01,0.00,0.00,
50.05,FLYING,WAIT,0,,,,,96,0,0,0,0,75,CRUISE,,0.05,-0.04,0.21,0.00,0.00,0.00,0.00,
50.12,FLYING,WAIT,0,,,,,96,0,0,0,0,75,CRUISE,,0.02,0.04,0.16,0.00,0.00,0.00,0.00,
50.16,FLYING,WAIT,0,,,,,96,0,0,0,0,75,CRUISE,,0.03,0.10,0.13,0.00,0.44,0.00,0.00,
50.21,FLYING,WAIT,0,,,,,96,0,0,0,0,75,CRUISE,,0.11,0.31,0.23,0.00,0.31,0.00,0.00,
50.28,FLYING,WAIT,0,,,,,96,0,0,0,0,75,CRUISE,,0.15,0.41,0.28,0.00,0.21,0.00,0.00,
50.33,FLYING,WAIT,0,,,,,96,0,0,0,0,75,CRUISE,,0.15,0.24,0.22,0.00,0.15,0.00,0.00,
50.37,FLYING,WAIT,0,,,,,96,0,0,0,0,75,CRUISE,,0.07,0.16,0.18,0.00,0.10,0.00,0.00,
50.44,FLYING,WAIT,0,,,,,96,0,0,0,0,75,CRUISE,,0.04,0.11,0.16,0.00,0.07,0.00,0.00,
50.49,FLYING,WAIT,0,,,,,96,0,0,0,0,75,CRUISE,,0.02,0.09,0.16,0.00,0.05,0.00,0.00,
50.54,FLYING,WAIT,0,,,,,96,0,0,0,0,75,CRUISE,,0.04,0.08,0.18,0.00,1.31,0.00,0.00,
50.60,FLYING,WAIT,0,,,,,96,0,0,0,0,75,CRUISE,,2.23,1.75,1.43,0.15,0.92,0.26,0.02,
50.65,FLYING,WAIT,0,,,,,96,0,0,0,0,75,AVOID_RIGHT,RIGHT,3.33,2.58,2.06,0.72,0.64,0.95,0.57,
50.70,FLYING,WAIT,0,,,,,96,0,0,0,0,75,AVOID_RIGHT,RIGHT,1.75,1.34,1.08,0.83,0.45,0.25,0.04,
50.77,FLYING,WAIT,0,,,,,96,0,0,0,0,75,AVOID_RIGHT,RIGHT,0.96,0.72,0.59,0.47,0.87,0.00,0.00,
50.82,FLYING,WAIT,0,,,,,96,0,0,0,0,75,AVOID_RIGHT,,1.18,1.25,0.86,0.26,0.61,0.00,0.00,
50.87,FLYING,WAIT,0,,,,,96,0,0,0,0,75,AVOID_RIGHT,,1.29,1.51,1.00,0.15,0.44,0.14,0.14,
50.93,FLYING,WAIT,0,,,,,96,0,0,0,0,75,CRUISE,,0.87,1.52,0.95,0.21,0.31,0.21,0.21,
50.98,FLYING,WAIT,0,,,,,96,0,0,0,0,75,CRUISE,,0.62,1.44,0.88,0.16,0.21,0.21,0.21,
51.03,FLYING,WAIT,0,,,,,96,0,0,0,0,75,CRUISE,,0.37,0.80,0.52,0.09,0.15,0.00,0.00,
51.10,FLYING,WAIT,0,,,,,96,0,0,0,0,75,CRUISE,,0.23,0.48,0.34,0.05,0.10,0.00,0.00,
51.14,FLYING,WAIT,0,,,,,96,0,0,0,0,75,CRUISE,,0.16,0.32,0.24,0.03,0.07,0.00,0.00,
51.19,FLYING,WAIT,0,,,,,96,0,0,0,0,75,CRUISE,,0.14,0.24,0.19,0.02,0.05,0.00,0.00,
51.26,FLYING,WAIT,0,,,,,96,0,0,0,0,75,CRUISE,,0.18,0.21,0.17,0.01,0.04,0.00,0.00,
51.31,FLYING,WAIT,0,,,,,96,0,0,0,0,75,CRUISE,,0.20,0.20,0.15,0.01,0.03,0.00,0.00,
51.35,FLYING,WAIT,0,,,,,96,0,0,0,0,75,CRUISE,,0.18,0.19,0.15,0.00,0.02,0.00,0.00,
51.42,FLYING,WAIT,0,,,,,96,0,0,0,0,75,CRUISE,,0.15,0.18,0.15,0.00,0.01,0.00,0.00,
51.47,FLYING,WAIT,0,,,,,96,0,0,0,0,75,CRUISE,,0.13,0.15,0.16,0.00,0.01,0.00,0.00,
51.51,FLYING,WAIT,0,,,,,96,0,0,0,0,75,CRUISE,,0.12,0.14,0.17,0.00,0.01,0.00,0.00,
51.58,FLYING,WAIT,0,,,,,96,0,0,0,0,75,CRUISE,,0.13,0.16,0.21,0.00,0.00,0.00,0.00,
51.63,FLYING,WAIT,0,,,,,96,0,0,0,0,75,CRUISE,,0.14,0.17,0.23,0.00,0.00,0.00,0.00,
51.68,FLYING,WAIT,0,,,,,96,0,0,0,0,75,CRUISE,,0.12,0.15,0.18,0.00,0.00,0.00,0.00,
51.74,FLYING,WAIT,0,,,,,96,0,0,0,0,75,CRUISE,,0.11,0.15,0.12,0.00,0.00,0.00,0.00,
51.79,FLYING,WAIT,0,,,,,96,0,0,0,0,75,CRUISE,,0.10,0.13,0.09,0.00,0.00,0.00,0.00,
51.84,FLYING,WAIT,0,,,,,96,0,0,0,0,75,CRUISE,,0.10,0.12,0.08,0.00,0.00,0.00,0.00,
51.91,FLYING,WAIT,0,,,,,96,0,0,0,0,75,CRUISE,,0.09,0.11,0.09,0.00,0.00,0.00,0.00,
51.95,FLYING,WAIT,0,,,,,96,0,0,0,0,75,CRUISE,,0.08,0.13,0.14,0.00,0.00,0.00,0.00,
52.00,FLYING,WAIT,0,,,,,96,0,0,0,0,75,CRUISE,,0.08,0.15,0.21,0.00,0.00,0.00,0.00,
52.07,FLYING,WAIT,0,,,,,96,0,0,0,0,75,CRUISE,,0.13,0.30,0.25,0.00,0.00,0.00,0.00,
52.12,FLYING,WAIT,0,,,,,96,0,0,0,0,75,CRUISE,,0.15,0.38,0.27,0.00,0.00,0.00,0.00,
52.16,FLYING,WAIT,0,,,,,96,0,0,0,0,75,CRUISE,,0.14,0.34,0.28,0.00,0.00,0.00,0.00,
52.23,FLYING,WAIT,0,,,,,96,0,0,0,0,75,CRUISE,,0.13,0.31,0.20,0.00,0.00,0.00,0.00,
52.28,FLYING,WAIT,0,,,,,96,0,0,0,0,75,CRUISE,,0.11,0.29,0.17,0.00,0.00,0.00,0.00,
52.32,FLYING,WAIT,0,,,,,96,0,0,0,0,75,CRUISE,,0.10,0.28,0.15,0.00,0.00,0.00,0.00,
52.39,FLYING,WAIT,0,,,,,96,0,0,0,0,75,CRUISE,,0.11,0.28,0.15,0.00,0.00,0.00,0.00,
52.44,FLYING,WAIT,0,,,,,96,0,0,0,0,75,CRUISE,,0.11,0.27,0.12,0.00,0.00,0.00,0.00,
52.49,FLYING,WAIT,0,,,,,96,0,0,0,0,75,CRUISE,,0.11,0.23,0.14,0.00,0.00,0.00,0.00,
52.55,FLYING,WAIT,0,,,,,96,0,0,0,0,75,CRUISE,,0.11,0.22,0.18,0.00,0.00,0.00,0.00,
52.60,FLYING,WAIT,0,,,,,96,0,0,0,0,75,CRUISE,,0.12,0.21,0.21,0.00,0.00,0.00,0.00,
52.65,FLYING,WAIT,0,,,,,96,0,0,0,0,75,CRUISE,,0.14,0.17,0.18,0.00,0.00,0.00,0.00,
52.73,FLYING,WAIT,0,,,,,96,0,0,0,0,75,CRUISE,,0.15,0.16,0.16,0.00,0.00,0.00,0.00,
52.80,FLYING,WAIT,0,,,,,96,0,0,0,0,75,CRUISE,,0.15,0.15,0.15,0.00,0.00,0.00,0.00,
52.86,FLYING,WAIT,0,,,,,96,0,0,0,0,75,CRUISE,,0.15,0.17,0.18,0.00,0.00,0.00,0.00,
52.93,FLYING,WAIT,0,,,,,96,0,0,0,0,75,CRUISE,,0.15,0.16,0.15,0.00,0.00,0.00,0.00,
52.98,FLYING,WAIT,0,,,,,96,0,0,0,0,75,CRUISE,,0.15,0.15,0.17,0.00,0.00,0.00,0.00,
53.02,FLYING,WAIT,0,,,,,96,0,0,0,0,75,CRUISE,,0.15,0.14,0.18,0.00,0.00,0.00,0.00,
53.09,FLYING,WAIT,0,,,,,96,0,0,0,0,75,CRUISE,,0.16,0.15,0.18,0.00,0.00,0.00,0.00,
53.14,FLYING,WAIT,0,,,,,96,0,0,0,0,75,CRUISE,,0.16,0.16,0.15,0.00,0.00,0.00,0.00,
53.19,FLYING,WAIT,0,,,,,96,0,0,0,0,75,CRUISE,,0.15,0.14,0.13,0.00,0.00,0.00,0.00,
53.26,FLYING,WAIT,0,,,,,96,0,0,0,0,75,CRUISE,,0.15,0.11,0.15,0.00,0.00,0.00,0.00,
53.31,FLYING,WAIT,0,,,,,96,0,0,0,0,75,CRUISE,,0.14,0.12,0.16,0.00,0.00,0.00,0.00,
53.36,FLYING,WAIT,0,,,,,96,0,0,0,0,75,CRUISE,,0.12,0.13,0.20,0.00,0.00,0.00,0.00,
53.43,FLYING,WAIT,0,,,,,96,0,0,0,0,75,CRUISE,,0.11,0.14,0.19,0.00,0.00,0.00,0.00,
53.49,FLYING,WAIT,0,,,,,96,0,0,0,0,75,CRUISE,,0.13,0.16,0.20,0.00,0.00,0.00,0.00,
53.54,FLYING,WAIT,0,,,,,96,0,0,0,0,75,CRUISE,,0.15,0.28,0.21,0.00,0.00,0.00,0.00,
53.61,FLYING,WAIT,0,,,,,96,0,0,0,0,75,CRUISE,,0.16,0.33,0.22,0.00,0.00,0.00,0.00,
53.66,FLYING,WAIT,0,,,,,96,0,0,0,0,75,CRUISE,,0.22,0.33,0.24,0.00,0.00,0.00,0.00,
53.71,FLYING,WAIT,0,,,,,96,0,0,0,0,75,CRUISE,,0.20,0.33,0.24,0.00,0.00,0.00,0.00,
53.78,FLYING,WAIT,0,,,,,96,0,0,0,0,75,CRUISE,,0.17,0.27,0.25,0.00,0.00,0.00,0.00,
53.83,FLYING,APPROACH,0,,,,,96,0,4,0,0,75,CRUISE,,0.14,0.23,0.23,0.00,0.00,0.00,0.00,
53.88,FLYING,APPROACH,0,,,,,96,0,6,0,0,75,CRUISE,,0.12,0.19,0.19,0.00,0.00,0.00,0.00,
53.96,FLYING,APPROACH,0,,,,,96,0,8,0,0,75,CRUISE,,0.11,0.16,0.18,0.00,0.00,0.00,0.00,
54.01,FLYING,APPROACH,0,,,,,96,0,9,0,0,75,CRUISE,,0.11,0.15,0.15,0.00,0.00,0.00,0.00,
54.10,FLYING,APPROACH,0,,,,,96,0,10,0,0,75,CRUISE,,0.11,0.13,0.13,0.00,0.00,0.00,0.00,
54.18,FLYING,APPROACH,0,,,,,96,0,11,0,0,74,CRUISE,,0.11,0.12,0.12,0.00,0.00,0.00,0.00,
54.24,FLYING,APPROACH,0,,,,,96,0,11,0,0,74,CRUISE,,0.11,0.12,0.11,0.00,0.00,0.00,0.00,
54.30,FLYING,APPROACH,0,,,,,96,0,11,0,0,74,CRUISE,,0.12,0.14,0.13,0.00,0.00,0.00,0.00,
54.38,FLYING,APPROACH,0,,,,,96,0,11,0,0,74,CRUISE,,0.14,0.16,0.14,0.00,0.00,0.00,0.00,
54.45,FLYING,APPROACH,0,,,,,96,0,11,0,0,74,CRUISE,,0.16,0.19,0.14,0.00,0.00,0.00,0.00,
54.51,FLYING,APPROACH,0,,,,,96,0,11,0,0,74,CRUISE,,0.16,0.24,0.15,0.00,0.00,0.00,0.00,
54.59,FLYING,APPROACH,0,,,,,96,0,11,0,0,74,CRUISE,,0.22,0.40,0.17,0.00,0.00,0.00,0.00,
54.64,FLYING,APPROACH,0,,,,,96,0,11,0,0,74,CRUISE,,0.26,0.48,0.20,0.00,0.44,0.00,0.00,
54.69,FLYING,APPROACH,0,,,,,96,0,11,0,0,74,CRUISE,,0.29,0.55,0.53,0.00,0.31,0.00,0.00,
54.77,FLYING,APPROACH,0,,,,,96,0,11,0,0,74,CRUISE,,0.35,0.61,0.69,0.00,0.21,0.00,0.00,
54.82,FLYING,APPROACH,0,,,,,96,0,11,0,0,74,CRUISE,,0.43,0.64,0.78,0.00,0.44,0.00,0.00,
54.86,FLYING,APPROACH,0,,,,,96,0,11,0,0,74,CRUISE,,0.75,0.96,0.82,0.00,0.31,0.00,0.00,
54.93,FLYING,APPROACH,0,,,,,96,0,11,0,0,74,CRUISE,,0.91,1.13,0.84,0.00,0.21,0.01,0.01,
54.98,FLYING,APPROACH,0,,,,,96,0,11,0,0,74,CRUISE,,0.61,0.83,0.58,0.00,0.15,0.00,0.00,
55.02,FLYING,APPROACH,0,,,,,96,0,11,0,0,74,CRUISE,,0.46,0.68,0.45,0.00,0.10,0.00,0.00,
55.09,FLYING,APPROACH,0,,,,,96,0,11,0,0,74,CRUISE,,0.40,0.60,0.36,0.00,0.07,0.00,0.00,
55.14,FLYING,APPROACH,0,,,,,96,0,11,0,0,74,CRUISE,,0.37,0.57,0.35,0.00,0.05,0.00,0.00,
55.19,FLYING,APPROACH,0,,,,,96,0,11,0,0,74,CRUISE,,0.36,0.55,0.35,0.00,0.44,0.00,0.00,
55.25,FLYING,APPROACH,0,,,,,96,0,11,0,0,74,CRUISE,,0.40,0.94,0.95,0.00,0.31,0.00,0.00,
55.30,FLYING,APPROACH,0,,,,,96,0,11,0,0,74,CRUISE,,0.42,1.13,1.24,0.00,0.21,0.01,0.07,
55.35,FLYING,APPROACH,0,,,,,96,0,11,0,0,74,CRUISE,,0.37,0.72,0.72,0.00,0.15,0.00,0.00,
55.41,FLYING,APPROACH,0,,,,,96,0,11,0,0,74,CRUISE,,0.34,0.52,0.46,0.00,0.44,0.00,0.00,
55.46,FLYING,APPROACH,0,,,,,96,0,11,0,0,74,CRUISE,,0.66,0.99,0.67,0.00,0.31,0.00,0.00,
55.51,FLYING,APPROACH,0,,,,,96,0,11,0,0,74,CRUISE,,0.82,1.23,0.77,0.00,0.21,0.06,0.06,
55.58,FLYING,APPROACH,0,,,,,96,0,11,0,0,74,CRUISE,,0.60,0.78,0.63,0.00,0.15,0.00,0.00,
55.62,FLYING,APPROACH,0,,,,,96,0,11,0,0,74,CRUISE,,0.45,0.55,0.53,0.00,0.10,0.00,0.00,
55.67,FLYING,APPROACH,0,,,,,96,0,11,0,0,74,CRUISE,,0.39,0.43,0.41,0.00,0.07,0.00,0.00,
55.74,FLYING,APPROACH,0,,,,,96,0,11,0,0,74,CRUISE,,0.35,0.39,0.34,0.00,0.05,0.00,0.00,
55.78,FLYING,APPROACH,0,,,,,96,0,11,0,0,74,CRUISE,,0.33,0.37,0.31,0.00,0.04,0.00,0.00,
55.83,FLYING,APPROACH,0,,,,,96,0,11,0,0,74,CRUISE,,0.32,0.43,0.29,0.00,0.03,0.00,0.00,
55.90,FLYING,APPROACH,0,,,,,96,0,11,0,0,74,CRUISE,,0.32,0.38,0.31,0.00,0.02,0.00,0.00,
55.95,FLYING,APPROACH,0,,,,,96,0,11,0,0,74,CRUISE,,0.32,0.36,0.33,0.00,0.01,0.00,0.00,
56.00,FLYING,APPROACH,0,,,,,96,0,11,0,0,74,CRUISE,,0.32,0.35,0.34,0.00,0.01,0.00,0.00,
56.07,FLYING,APPROACH,0,,,,,96,0,11,0,0,74,CRUISE,,0.31,0.32,0.33,0.00,0.01,0.00,0.00,
56.11,FLYING,APPROACH,0,,,,,96,0,11,0,0,74,CRUISE,,0.31,0.30,0.33,0.00,0.00,0.00,0.00,
56.16,FLYING,APPROACH,0,,,,,96,0,11,0,0,74,CRUISE,,0.31,0.29,0.32,0.00,0.00,0.00,0.00,
56.23,FLYING,APPROACH,0,,,,,96,0,11,0,0,74,CRUISE,,0.30,0.27,0.30,0.00,0.00,0.00,0.00,
56.28,FLYING,APPROACH,0,,,,,96,0,11,0,0,74,CRUISE,,0.30,0.26,0.29,0.00,0.00,0.00,0.00,
56.32,FLYING,APPROACH,0,,,,,96,0,11,0,0,74,CRUISE,,0.30,0.26,0.28,0.00,0.00,0.00,0.00,
56.39,FLYING,APPROACH,0,,,,,96,0,11,0,0,74,CRUISE,,0.28,0.24,0.27,0.00,0.00,0.00,0.00,
56.44,FLYING,APPROACH,0,,,,,96,0,11,0,0,74,CRUISE,,0.27,0.25,0.25,0.00,0.00,0.00,0.00,
56.49,FLYING,APPROACH,0,,,,,96,0,11,0,0,74,CRUISE,,0.27,0.25,0.24,0.00,0.00,0.00,0.00,
56.55,FLYING,APPROACH,0,,,,,96,0,11,0,0,74,CRUISE,,0.34,0.33,0.26,0.00,0.00,0.00,0.00,
56.60,FLYING,APPROACH,0,,,,,96,0,11,0,0,74,CRUISE,,0.38,0.38,0.31,0.00,0.00,0.00,0.00,
56.65,FLYING,APPROACH,0,,,,,96,0,11,0,0,74,CRUISE,,0.38,0.40,0.33,0.00,0.00,0.00,0.00,
56.72,FLYING,APPROACH,0,,,,,96,0,11,0,0,74,CRUISE,,0.38,0.41,0.35,0.00,0.00,0.00,0.00,
56.76,FLYING,APPROACH,0,,,,,96,0,11,0,0,74,CRUISE,,0.44,0.44,0.36,0.00,0.00,0.00,0.00,
56.81,FLYING,APPROACH,0,,,,,96,0,11,0,0,74,CRUISE,,0.46,0.45,0.41,0.00,0.00,0.00,0.00,
56.88,FLYING,APPROACH,0,,,,,96,0,11,0,0,74,CRUISE,,0.44,0.52,0.43,0.00,0.00,0.00,0.00,
56.93,FLYING,APPROACH,0,,,,,96,0,11,0,0,74,CRUISE,,0.38,0.56,0.40,0.00,0.00,0.00,0.00,
56.97,FLYING,APPROACH,0,,,,,96,0,11,0,0,74,CRUISE,,0.39,0.57,0.38,0.00,0.00,0.00,0.00,
57.04,FLYING,APPROACH,0,,,,,96,0,11,0,0,74,CRUISE,,0.38,0.58,0.39,0.00,0.00,0.00,0.00,
57.09,FLYING,APPROACH,0,,,,,96,0,11,0,0,74,CRUISE,,0.37,0.58,0.40,0.00,0.00,0.00,0.00,
57.13,FLYING,APPROACH,0,,,,,96,0,11,0,0,74,CRUISE,,0.37,0.58,0.40,0.00,0.00,0.00,0.00,
57.20,FLYING,APPROACH,0,,,,,96,0,11,0,0,74,CRUISE,,0.40,0.68,0.38,0.00,0.00,0.00,0.00,
57.25,FLYING,APPROACH,0,,,,,96,0,11,0,0,74,CRUISE,,0.41,0.73,0.37,0.00,0.00,0.00,0.00,
57.30,FLYING,APPROACH,0,,,,,96,0,11,0,0,74,CRUISE,,0.42,0.75,0.36,0.00,0.00,0.00,0.00,
57.36,FLYING,APPROACH,0,,,,,96,0,11,0,0,74,CRUISE,,0.59,0.73,0.39,0.00,0.00,0.00,0.00,
57.41,FLYING,APPROACH,0,,,,,96,0,11,0,0,74,CRUISE,,0.68,0.73,0.40,0.00,0.00,0.00,0.00,
57.46,FLYING,APPROACH,0,,,,,96,0,11,0,0,74,CRUISE,,0.72,0.73,0.39,0.00,0.00,0.00,0.00,
57.53,FLYING,APPROACH,0,,,,,96,0,11,0,0,74,CRUISE,,0.74,0.73,0.37,0.00,0.00,0.00,0.00,
57.57,FLYING,APPROACH,0,,,,,96,0,11,0,0,74,CRUISE,,0.75,0.73,0.36,0.00,0.00,0.00,0.00,
57.62,FLYING,APPROACH,0,,,,,96,0,11,0,0,74,CRUISE,,0.76,0.54,0.35,0.00,0.00,0.00,0.00,
57.69,FLYING,APPROACH,0,,,,,96,0,11,0,0,74,CRUISE,,0.80,0.45,0.33,0.00,0.00,0.00,0.00,
57.74,FLYING,APPROACH,0,,,,,96,0,11,0,0,74,CRUISE,,0.81,0.45,0.33,0.00,0.44,0.00,0.00,
57.78,FLYING,APPROACH,0,,,,,96,0,11,0,0,74,CRUISE,,0.80,0.66,0.65,0.00,0.31,0.00,0.00,
57.85,FLYING,APPROACH,0,,,,,96,0,11,0,0,74,CRUISE,,0.79,0.78,0.81,0.00,0.21,0.00,0.00,
57.90,FLYING,APPROACH,0,,,,,96,0,11,0,0,74,CRUISE,,0.94,0.99,0.91,0.00,0.44,0.00,0.00,
57.95,FLYING,APPROACH,0,,,,,96,0,11,0,0,74,CRUISE,,1.15,1.46,0.96,0.00,0.31,0.13,0.13,
58.01,FLYING,APPROACH,0,,,,,96,0,11,0,0,74,CRUISE,,1.35,1.70,0.99,0.30,0.21,0.30,0.30,
58.06,FLYING,APPROACH,0,,,,,96,0,11,0,0,74,CRUISE,,1.44,1.31,0.71,0.22,0.15,0.20,0.13,
58.11,FLYING,APPROACH,0,,,,,96,0,11,0,0,74,CRUISE,,1.42,1.07,0.57,0.13,0.44,0.04,0.00,
58.18,FLYING,APPROACH,0,,,,,96,0,11,0,0,74,CRUISE,,1.14,0.89,0.90,0.07,0.31,0.00,0.00,
58.22,FLYING,APPROACH,0,,,,,96,0,11,0,0,74,CRUISE,,1.00,0.86,1.06,0.04,0.44,0.00,0.00,
58.27,FLYING,SEARCH,0,,,,,96,0,7,0,0,74,CRUISE,,1.44,1.52,1.15,0.02,0.31,0.16,0.16,
58.34,FLYING,SEARCH,0,,,,,96,0,5,0,0,74,CRUISE,,1.65,1.85,1.19,0.53,0.21,0.39,0.39,
58.39,FLYING,SEARCH,0,,,,,96,0,3,0,0,74,CRUISE,,1.08,1.25,0.72,0.40,0.15,0.13,0.13,
58.44,FLYING,SEARCH,0,,,,,96,0,2,0,0,74,CRUISE,,0.79,0.96,0.48,0.22,0.10,0.01,0.01,
58.51,FLYING,SEARCH,0,,,,,96,0,1,0,0,74,CRUISE,,0.82,0.82,0.48,0.13,0.07,0.00,0.00,
58.55,FLYING,SEARCH,0,,,,,96,0,0,0,0,74,CRUISE,,0.84,0.75,0.47,0.07,0.05,0.00,0.00,
58.60,FLYING,SEARCH,0,,,,,96,0,0,0,0,74,CRUISE,,0.73,0.56,0.43,0.04,0.04,0.00,0.00,
58.67,FLYING,SEARCH,0,,,,,96,0,0,0,0,74,CRUISE,,0.64,0.47,0.38,0.02,0.03,0.00,0.00,
58.71,FLYING,SEARCH,0,,,,,96,0,0,0,0,74,CRUISE,,0.59,0.44,0.33,0.01,0.02,0.00,0.00,
58.76,FLYING,SEARCH,0,,,,,96,0,0,0,0,74,CRUISE,,0.57,0.50,0.31,0.01,0.01,0.00,0.00,
58.83,FLYING,SEARCH,0,,,,,96,0,0,0,0,74,CRUISE,,0.57,0.70,0.35,0.00,0.01,0.00,0.00,
58.88,FLYING,SEARCH,0,,,,,96,0,0,0,0,74,CRUISE,,0.57,0.80,0.38,0.00,0.01,0.00,0.00,
58.92,FLYING,SEARCH,0,,,,,96,0,0,0,0,74,CRUISE,,0.57,0.84,0.48,0.00,0.44,0.00,0.00,
58.99,FLYING,SEARCH,0,,,,,96,0,0,0,0,74,CRUISE,,0.89,1.21,1.07,0.00,0.31,0.05,0.05,
59.04,FLYING,SEARCH,0,,,,,96,0,0,0,0,74,CRUISE,,1.05,1.39,1.37,0.00,0.44,0.08,0.08,
59.09,FLYING,SEARCH,0,,,,,96,0,0,0,0,74,CRUISE,,1.11,0.98,1.37,0.00,0.31,0.00,0.13,
59.16,FLYING,SEARCH,0,,,,,96,0,0,0,0,74,CRUISE,,0.93,0.62,1.18,0.00,0.21,0.00,0.08,
59.20,FLYING,SEARCH,0,,,,,96,0,0,0,0,74,CRUISE,,0.70,0.60,1.22,0.00,0.44,0.00,0.00,
59.25,FLYING,SEARCH,0,,,,,96,0,0,0,0,74,CRUISE,,0.58,0.59,1.24,0.00,0.31,0.00,0.07,
59.32,FLYING,SEARCH,0,,,,,96,0,0,0,0,74,CRUISE,,0.53,0.58,1.25,0.00,0.21,0.00,0.12,
59.36,FLYING,SEARCH,0,,,,,96,0,0,0,0,74,CRUISE,,0.36,0.42,0.70,0.00,0.15,0.00,0.00,
59.41,FLYING,SEARCH,0,,,,,96,0,0,0,0,74,CRUISE,,0.28,0.35,0.42,0.00,0.44,0.00,0.00,
59.48,FLYING,SEARCH,0,,,,,96,0,0,0,0,74,CRUISE,,0.82,0.85,0.81,0.00,0.31,0.00,0.00,
59.53,FLYING,SEARCH,0,,,,,96,0,0,0,0,74,CRUISE,,1.09,1.10,1.00,0.00,0.21,0.05,0.05,
59.57,FLYING,SEARCH,0,,,,,96,0,0,0,0,74,CRUISE,,0.77,0.59,0.64,0.00,0.15,0.00,0.00,
59.64,FLYING,SEARCH,0,,,,,96,0,0,0,0,74,CRUISE,,0.61,0.34,0.46,0.00,0.44,0.00,0.00,
59.69,FLYING,SEARCH,0,,,,,96,0,0,0,0,74,CRUISE,,0.83,0.70,0.72,0.00,0.31,0.00,0.00,
59.74,FLYING,SEARCH,0,,,,,96,0,0,0,0,74,CRUISE,,0.95,0.88,0.85,0.00,0.21,0.00,0.00,
59.83,FLYING,SEARCH,1,,,,,96,0,0,0,2,74,CRUISE,,0.61,0.57,0.57,0.00,0.15,0.00,0.00,
59.88,FLYING,SEARCH,1,,,,,96,0,0,0,4,74,CRUISE,,0.41,0.34,0.38,0.00,0.10,0.00,0.00,
59.93,FLYING,SEARCH,1,,,,,96,0,0,0,5,74,CRUISE,,0.33,0.23,0.33,0.00,0.07,0.00,0.00,
60.03,FLYING,APPROACH,1,rotten,0.32,0.99,1.5,96,0,0,0,3,74,CRUISE,,0.30,0.18,0.22,0.00,0.05,0.00,0.00,
60.07,FLYING,APPROACH,1,rotten,0.32,0.99,1.5,96,0,3,0,2,74,CRUISE,,0.29,0.19,0.28,0.00,0.44,0.00,0.00,
60.12,FLYING,APPROACH,1,rotten,0.32,0.99,1.5,96,0,5,0,1,74,CRUISE,,0.35,0.32,0.52,0.00,0.31,0.00,0.00,
60.19,FLYING,APPROACH,0,,,,,96,0,6,0,1,73,CRUISE,,0.47,0.38,0.65,0.00,0.21,0.00,0.00,
60.24,FLYING,APPROACH,0,,,,,96,0,7,0,0,73,CRUISE,,0.53,0.37,0.55,0.00,0.15,0.00,0.00,
60.28,FLYING,APPROACH,0,,,,,96,0,7,0,0,73,CRUISE,,0.48,0.32,0.38,0.00,0.10,0.00,0.00,
60.38,FLYING,APPROACH,1,rotten,0.27,1.00,1.5,96,0,8,0,0,73,CRUISE,,0.46,0.30,0.30,0.00,0.44,0.00,0.00,
60.43,FLYING,APPROACH,1,rotten,0.27,1.00,1.5,96,0,8,0,0,73,CRUISE,,0.44,0.26,0.46,0.00,0.31,0.00,0.00,
60.48,FLYING,APPROACH,1,rotten,0.27,1.00,1.5,96,0,9,0,0,73,CRUISE,,0.45,0.24,0.54,0.00,0.21,0.00,0.00,
60.54,FLYING,APPROACH,0,,,,,96,0,8,0,0,73,CRUISE,,0.44,0.22,0.36,0.00,0.15,0.00,0.00,
60.59,FLYING,APPROACH,0,,,,,96,0,8,0,0,73,CRUISE,,0.45,0.22,0.27,0.00,0.44,0.00,0.00,
60.64,FLYING,APPROACH,0,,,,,96,0,8,0,0,73,CRUISE,,0.68,0.52,0.56,0.00,0.31,0.00,0.00,
60.71,FLYING,APPROACH,0,,,,,96,0,8,0,0,73,CRUISE,,0.79,0.68,0.70,0.00,0.21,0.00,0.00,
60.75,FLYING,APPROACH,0,,,,,96,0,8,0,0,73,CRUISE,,0.47,0.41,0.46,0.00,0.15,0.00,0.00,
60.80,FLYING,APPROACH,0,,,,,96,0,8,0,0,73,CRUISE,,0.32,0.27,0.33,0.00,0.10,0.00,0.00,
60.87,FLYING,APPROACH,0,,,,,96,0,8,0,0,73,CRUISE,,0.26,0.22,0.31,0.00,0.07,0.00,0.00,
60.92,FLYING,APPROACH,0,,,,,96,0,8,0,0,73,CRUISE,,0.24,0.20,0.29,0.00,0.05,0.00,0.00,
60.96,FLYING,APPROACH,0,,,,,96,0,8,0,0,73,CRUISE,,0.22,0.19,0.29,0.00,0.04,0.00,0.00,
61.03,FLYING,APPROACH,0,,,,,96,0,8,0,0,73,CRUISE,,0.28,0.20,0.30,0.00,0.03,0.00,0.00,
61.08,FLYING,APPROACH,0,,,,,96,0,8,0,0,73,CRUISE,,0.31,0.21,0.31,0.00,0.02,0.00,0.00,
61.12,FLYING,APPROACH,0,,,,,96,0,8,0,0,73,CRUISE,,0.31,0.21,0.35,0.00,0.01,0.00,0.00,
61.19,FLYING,APPROACH,0,,,,,96,0,8,0,0,73,CRUISE,,0.30,0.25,0.32,0.00,0.01,0.00,0.00,
61.24,FLYING,APPROACH,0,,,,,96,0,8,0,0,73,CRUISE,,0.30,0.28,0.30,0.00,0.01,0.00,0.00,
61.29,FLYING,APPROACH,0,,,,,96,0,8,0,0,73,CRUISE,,0.30,0.29,0.29,0.00,0.00,0.00,0.00,
61.38,FLYING,APPROACH,1,rotten,0.23,0.99,1.6,96,0,8,0,0,73,CRUISE,,0.34,0.34,0.36,0.00,0.00,0.00,0.00,
61.43,FLYING,APPROACH,1,rotten,0.23,0.99,1.6,96,0,8,0,0,73,CRUISE,,0.38,0.39,0.39,0.00,0.00,0.00,0.00,
61.48,FLYING,APPROACH,1,rotten,0.23,0.99,1.6,96,0,9,0,0,73,CRUISE,,0.42,0.47,0.41,0.00,0.00,0.00,0.00,
61.55,FLYING,APPROACH,0,,,,,96,0,8,0,0,73,CRUISE,,0.63,0.67,0.49,0.00,0.00,0.00,0.00,
61.59,FLYING,APPROACH,0,,,,,96,0,8,0,0,73,CRUISE,,0.73,0.77,0.52,0.00,0.00,0.00,0.00,
61.64,FLYING,APPROACH,0,,,,,96,0,8,0,0,73,CRUISE,,0.78,0.76,0.54,0.00,0.44,0.00,0.00,
61.71,FLYING,APPROACH,0,,,,,96,0,8,0,0,73,CRUISE,,0.98,0.75,0.71,0.00,0.31,0.00,0.00,
61.75,FLYING,APPROACH,0,,,,,96,0,8,0,0,73,CRUISE,,1.09,0.82,0.79,0.00,0.21,0.00,0.00,
61.80,FLYING,APPROACH,0,,,,,96,0,8,0,0,73,CRUISE,,1.23,0.89,0.69,0.00,0.15,0.11,0.00,
61.87,FLYING,APPROACH,0,,,,,96,0,8,0,0,73,CRUISE,,1.16,1.06,0.64,0.00,0.10,0.10,0.05,
61.92,FLYING,APPROACH,0,,,,,96,0,8,0,0,73,CRUISE,,1.13,1.15,0.61,0.00,0.07,0.11,0.11,
61.97,FLYING,APPROACH,0,,,,,96,0,8,0,0,73,CRUISE,,1.05,1.19,0.51,0.00,0.05,0.14,0.14,
62.06,FLYING,APPROACH,1,,,,,96,0,8,0,0,73,CRUISE,,1.01,1.21,0.46,0.00,0.44,0.00,0.00,
62.11,FLYING,APPROACH,1,,,,,96,0,8,0,0,73,CRUISE,,0.99,1.22,0.49,0.00,0.31,0.02,0.02,
62.16,FLYING,APPROACH,1,,,,,96,0,8,0,0,73,CRUISE,,0.84,1.10,0.51,0.00,0.21,0.01,0.01,
62.26,FLYING,APPROACH,1,,,,,96,0,8,0,0,73,CRUISE,,0.62,0.71,0.38,0.00,0.15,0.00,0.00,
62.30,FLYING,APPROACH,1,,,,,96,0,8,0,0,73,CRUISE,,0.48,0.44,0.31,0.00,0.10,0.00,0.00,
62.35,FLYING,APPROACH,1,,,,,96,0,8,0,0,73,CRUISE,,0.40,0.30,0.28,0.00,0.07,0.00,0.00,
62.45,FLYING,APPROACH,1,rotten,0.29,1.00,1.8,96,0,8,0,0,73,CRUISE,,0.43,0.32,0.30,0.00,0.05,0.00,0.00,
62.50,FLYING,APPROACH,1,rotten,0.29,1.00,1.8,96,0,8,0,0,73,CRUISE,,0.46,0.38,0.31,0.00,0.04,0.00,0.00,
62.54,FLYING,APPROACH,1,rotten,0.29,1.00,1.8,96,0,8,0,0,73,CRUISE,,0.52,0.41,0.32,0.00,0.44,0.00,0.00,
62.61,FLYING,APPROACH,0,,,,,96,0,8,0,0,73,CRUISE,,1.31,1.02,0.86,0.00,0.31,0.07,0.00,
62.66,FLYING,APPROACH,0,,,,,96,0,8,0,0,73,CRUISE,,1.70,1.32,1.13,0.00,0.44,0.20,0.01,
62.71,FLYING,APPROACH,0,,,,,96,0,8,0,0,73,CRUISE,,1.22,0.96,0.99,0.00,0.31,0.02,0.00,
62.81,FLYING,APPROACH,1,,,,,96,0,8,0,0,73,CRUISE,,0.98,0.77,0.76,0.00,0.21,0.00,0.00,
62.85,FLYING,APPROACH,1,,,,,96,0,8,0,0,73,CRUISE,,0.93,0.67,0.56,0.00,0.15,0.00,0.00,
62.90,FLYING,APPROACH,1,,,,,96,0,8,0,0,73,CRUISE,,0.92,0.62,0.46,0.00,0.10,0.00,0.00,
63.00,FLYING,APPROACH,1,rotten,0.22,0.99,2.1,96,0,8,0,0,73,CRUISE,,1.25,0.72,0.42,0.00,0.07,0.15,0.00,
63.05,FLYING,APPROACH,1,rotten,0.22,0.99,2.1,96,0,8,0,0,73,CRUISE,,1.41,0.76,0.41,0.15,0.05,0.25,0.00,
63.10,FLYING,APPROACH,1,rotten,0.22,0.99,2.1,96,0,8,0,0,73,CRUISE,,1.49,0.79,0.40,0.23,0.04,0.30,0.00,
63.16,FLYING,APPROACH,0,,,,,96,0,8,0,0,73,CRUISE,,1.45,0.63,0.45,0.25,0.03,0.28,0.00,
63.21,FLYING,APPROACH,0,,,,,96,0,8,0,0,73,CRUISE,,1.43,0.51,0.48,0.19,0.02,0.27,0.00,
63.26,FLYING,APPROACH,0,,,,,96,0,8,0,0,73,CRUISE,,1.42,0.45,0.49,0.25,0.01,0.27,0.00,
63.36,FLYING,APPROACH,1,rotten,0.39,1.00,2.0,96,0,8,0,0,73,CRUISE,,1.19,0.55,0.52,0.29,0.01,0.16,0.00,
63.41,FLYING,APPROACH,1,rotten,0.39,1.00,2.0,96,0,8,0,0,73,CRUISE,,0.87,0.60,0.54,0.16,0.01,0.00,0.00,
63.45,FLYING,APPROACH,1,rotten,0.39,1.00,2.0,96,0,8,0,0,73,CRUISE,,0.71,0.62,0.54,0.09,0.00,0.00,0.00,
63.52,FLYING,APPROACH,0,,,,,96,0,8,0,0,73,CRUISE,,0.77,0.75,0.48,0.05,0.00,0.00,0.00,
63.57,FLYING,APPROACH,0,,,,,96,0,8,0,0,73,CRUISE,,0.83,0.81,0.45,0.03,0.00,0.00,0.00,
63.62,FLYING,APPROACH,0,,,,,96,0,8,0,0,73,CRUISE,,0.85,0.89,0.44,0.02,0.00,0.01,0.01,
63.68,FLYING,APPROACH,0,,,,,96,0,8,0,0,73,CRUISE,,0.95,0.85,0.42,0.01,0.00,0.04,0.00,
63.73,FLYING,APPROACH,0,,,,,96,0,8,0,0,73,CRUISE,,1.00,0.83,0.38,0.01,0.00,0.07,0.00,
63.78,FLYING,APPROACH,0,,,,,96,0,8,0,0,73,CRUISE,,1.03,0.82,0.36,0.00,0.44,0.00,0.00,
63.85,FLYING,APPROACH,0,,,,,96,0,8,0,0,73,CRUISE,,1.23,1.13,0.96,0.00,0.31,0.03,0.00,
63.89,FLYING,APPROACH,0,,,,,96,0,8,0,0,73,CRUISE,,1.33,1.29,1.26,0.00,0.21,0.13,0.10,
63.94,FLYING,APPROACH,0,,,,,96,0,8,0,0,73,CRUISE,,0.83,0.79,0.71,0.00,0.15,0.00,0.00,
64.04,FLYING,APPROACH,1,rotten,0.32,1.00,2.3,96,-2,8,0,0,73,CRUISE,,0.58,0.55,0.43,0.00,0.44,0.00,0.00,
64.09,FLYING,APPROACH,1,rotten,0.32,1.00,2.3,96,-4,8,0,0,73,CRUISE,,0.50,0.61,0.52,0.00,0.31,0.00,0.00,
64.13,FLYING,APPROACH,1,rotten,0.32,1.00,2.3,96,-5,8,0,0,73,CRUISE,,0.48,0.65,0.56,0.00,0.21,0.00,0.00,
64.23,FLYING,APPROACH,1,rotten,0.66,1.00,2.5,96,-6,8,0,0,73,CRUISE,,0.45,0.58,0.46,0.00,0.15,0.00,0.00,
64.28,FLYING,APPROACH,1,rotten,0.66,1.00,2.5,96,-7,8,0,0,73,CRUISE,,0.42,0.45,0.36,0.00,0.10,0.00,0.00,
64.33,FLYING,APPROACH,1,rotten,0.66,1.00,2.5,96,-7,8,0,0,73,CRUISE,,0.41,0.39,0.30,0.00,0.07,0.00,0.00,
64.42,FLYING,APPROACH,1,rotten,0.22,0.99,2.5,96,-7,8,0,0,73,CRUISE,,0.74,0.43,0.27,0.00,0.05,0.00,0.00,
64.47,FLYING,APPROACH,1,rotten,0.22,0.99,2.5,96,-8,8,0,0,73,CRUISE,,0.91,0.45,0.26,0.00,0.04,0.00,0.00,
64.53,FLYING,APPROACH,1,rotten,0.22,0.99,2.5,96,-8,8,0,0,73,CRUISE,,0.94,0.46,0.23,0.00,0.03,0.03,0.00,
64.60,FLYING,APPROACH,0,,,,,96,-5,8,0,0,73,CRUISE,,0.85,0.41,0.20,0.00,0.02,0.00,0.00,
64.65,FLYING,APPROACH,0,,,,,96,-3,8,0,0,73,CRUISE,,0.81,0.39,0.19,0.00,0.01,0.00,0.00,
64.69,FLYING,APPROACH,0,,,,,96,-2,8,0,0,73,CRUISE,,0.78,0.38,0.19,0.00,0.01,0.00,0.00,
64.76,FLYING,APPROACH,0,,,,,96,-1,8,0,0,73,CRUISE,,1.07,0.53,0.22,0.00,0.01,0.10,0.00,
64.81,FLYING,APPROACH,0,,,,,96,0,8,0,0,73,CRUISE,,1.21,0.60,0.23,0.00,0.00,0.17,0.00,
64.86,FLYING,APPROACH,0,,,,,96,0,8,0,0,73,CRUISE,,1.28,0.64,0.24,0.00,0.00,0.20,0.00,
64.96,FLYING,APPROACH,1,,,,,96,0,8,0,0,73,CRUISE,,1.12,0.66,0.23,0.00,0.00,0.13,0.00,
65.00,FLYING,APPROACH,1,,,,,96,0,8,0,0,73,CRUISE,,1.04,0.67,0.22,0.00,0.00,0.09,0.00,
65.05,FLYING,APPROACH,1,,,,,96,0,8,0,0,73,CRUISE,,0.90,0.68,0.18,0.00,0.00,0.02,0.00,
65.12,FLYING,APPROACH,0,,,,,96,0,8,0,0,73,CRUISE,,0.67,0.84,0.15,0.00,0.00,0.00,0.00,
65.17,FLYING,APPROACH,0,,,,,96,0,8,0,0,73,CRUISE,,0.57,0.92,0.14,0.00,0.00,0.03,0.03,
65.21,FLYING,APPROACH,0,,,,,96,0,8,0,0,73,CRUISE,,0.51,0.96,0.12,0.00,0.00,0.05,0.05,
65.28,FLYING,APPROACH,0,,,,,96,0,8,0,0,72,CRUISE,,0.42,0.98,0.10,0.00,0.00,0.06,0.06,
65.33,FLYING,APPROACH,0,,,,,96,0,8,0,0,72,CRUISE,,0.36,1.00,0.10,0.00,0.00,0.06,0.06,
65.37,FLYING,APPROACH,0,,,,,96,0,8,0,0,72,CRUISE,,0.34,1.00,0.12,0.00,0.44,0.00,0.00,
65.44,FLYING,APPROACH,0,,,,,96,0,8,0,0,72,CRUISE,,0.46,1.08,0.53,0.00,0.31,0.00,0.00,
65.49,FLYING,APPROACH,0,,,,,96,0,8,0,0,72,CRUISE,,0.57,1.11,0.74,0.00,0.44,0.00,0.00,
65.54,FLYING,SEARCH,0,,,,,96,0,5,0,0,72,CRUISE,,1.04,1.13,0.88,0.00,0.31,0.00,0.00,
65.62,FLYING,SEARCH,0,,,,,96,0,3,0,0,72,CRUISE,,1.28,1.01,0.75,0.00,0.21,0.11,0.00,
65.66,FLYING,SEARCH,0,,,,,96,0,2,0,0,72,CRUISE,,0.94,0.81,0.55,0.00,0.15,0.00,0.00,
65.71,FLYING,SEARCH,0,,,,,96,0,1,0,0,72,CRUISE,,0.77,0.71,0.46,0.00,0.10,0.00,0.00,
65.78,FLYING,SEARCH,0,,,,,96,0,0,0,2,72,CRUISE,,0.80,0.86,0.48,0.00,0.44,0.00,0.00,
65.83,FLYING,SEARCH,0,,,,,96,0,0,0,4,72,CRUISE,,0.85,1.07,0.63,0.00,0.31,0.00,0.00,
65.87,FLYING,SEARCH,0,,,,,96,0,0,0,5,72,CRUISE,,0.88,1.17,0.71,0.00,0.21,0.08,0.08,
65.97,FLYING,APPROACH,1,rotten,0.39,1.00,3.6,96,0,0,0,3,72,CRUISE,,0.89,1.14,0.58,0.00,0.15,0.10,0.10,
66.02,FLYING,APPROACH,1,rotten,0.39,1.00,3.6,96,0,2,0,2,72,CRUISE,,0.63,0.74,0.36,0.00,0.10,0.00,0.00,
66.07,FLYING,APPROACH,1,rotten,0.39,1.00,3.6,96,0,4,0,1,72,CRUISE,,0.51,0.54,0.25,0.00,0.07,0.00,0.00,
66.16,FLYING,APPROACH,1,rotten,0.46,1.00,3.6,96,0,5,0,1,72,CRUISE,,0.46,0.44,0.26,0.00,0.05,0.00,0.00,
66.21,FLYING,APPROACH,1,rotten,0.46,1.00,3.6,96,0,6,0,0,72,CRUISE,,0.56,0.38,0.29,0.00,0.04,0.00,0.00,
66.26,FLYING,APPROACH,1,rotten,0.46,1.00,3.6,96,0,7,0,0,72,CRUISE,,0.55,0.35,0.31,0.00,0.44,0.00,0.00,
66.36,FLYING,FEED,1,rotten,0.37,1.00,4.1,96,0,4,0,0,72,CRUISE,,0.55,0.44,0.31,0.00,0.31,0.00,0.00,
66.41,FLYING,FEED,1,rotten,0.37,1.00,4.1,96,0,3,0,0,72,CRUISE,,0.50,0.48,0.25,0.00,0.21,0.00,0.00,
66.45,FLYING,FEED,1,rotten,0.37,1.00,4.1,96,0,1,0,0,72,CRUISE,,0.48,0.50,0.32,0.00,0.15,0.00,0.00,
66.52,FLYING,FEED,0,,,,,96,0,1,0,0,72,CRUISE,,0.56,0.51,0.35,0.00,0.10,0.00,0.00,
66.57,FLYING,FEED,0,,,,,96,0,0,0,0,72,CRUISE,,0.61,0.55,0.36,0.00,0.07,0.00,0.00,
66.62,FLYING,FEED,0,,,,,96,0,0,0,0,72,CRUISE,,0.64,0.57,0.36,0.00,0.05,0.00,0.00,
66.68,FLYING,FEED,0,,,,,96,0,0,0,0,72,CRUISE,,0.61,0.60,0.36,0.00,0.04,0.00,0.00,
66.73,FLYING,FEED,0,,,,,96,0,0,0,0,72,CRUISE,,0.57,0.61,0.26,0.00,0.03,0.00,0.00,
66.78,FLYING,FEED,0,,,,,96,0,0,0,0,72,CRUISE,,0.57,0.64,0.21,0.00,0.02,0.00,0.00,
66.85,FLYING,FEED,0,,,,,96,0,0,0,0,72,CRUISE,,0.55,0.66,0.25,0.00,0.01,0.00,0.00,
66.89,FLYING,FEED,0,,,,,96,0,0,0,0,72,CRUISE,,0.54,0.67,0.27,0.00,0.01,0.00,0.00,
66.94,FLYING,FEED,0,,,,,96,0,0,0,0,72,CRUISE,,0.48,0.63,0.29,0.00,0.01,0.00,0.00,
67.04,FLYING,FEED,1,rotten,0.42,1.00,4.2,95,-2,0,2,0,72,CRUISE,,0.45,0.59,0.22,0.00,0.00,0.00,0.00,
67.09,FLYING,FEED,1,rotten,0.42,1.00,4.2,95,-4,0,4,0,72,CRUISE,,0.34,0.46,0.16,0.00,0.00,0.00,0.00,
67.13,FLYING,FEED,1,rotten,0.42,1.00,4.2,95,-5,0,5,0,72,CRUISE,,0.29,0.39,0.13,0.00,0.00,0.00,0.00,
67.20,FLYING,FEED,0,,,,,95,-3,0,3,0,72,CRUISE,,0.28,0.32,0.12,0.00,0.00,0.00,0.00,
67.25,FLYING,FEED,0,,,,,95,-2,0,2,0,72,CRUISE,,0.27,0.29,0.14,0.00,0.00,0.00,0.00,
67.30,FLYING,FEED,0,,,,,95,-1,0,1,0,72,CRUISE,,0.26,0.25,0.15,0.00,0.44,0.00,0.00,
67.39,FLYING,FEED,1,rotten,0.30,0.99,4.2,94,-3,0,4,0,72,CRUISE,,0.63,0.20,0.58,0.00,0.31,0.00,0.00,
67.44,FLYING,FEED,1,rotten,0.30,0.99,4.2,94,-5,0,6,0,72,CRUISE,,0.81,0.17,0.79,0.00,0.44,0.00,0.00,
67.49,FLYING,FEED,1,rotten,0.30,0.99,4.2,94,-6,0,7,0,72,CRUISE,,0.90,0.51,0.82,0.00,0.31,0.00,0.00,
67.56,FLYING,FEED,0,,,,,94,-4,0,4,0,72,CRUISE,,0.90,0.67,0.66,0.00,0.21,0.00,0.00,
67.60,FLYING,FEED,0,,,,,94,-2,0,3,0,72,CRUISE,,0.60,0.44,0.47,0.00,0.15,0.00,0.00,
67.65,FLYING,FEED,0,,,,,94,-1,0,1,0,72,CRUISE,,0.46,0.31,0.32,0.00,0.10,0.00,0.00,
67.72,FLYING,FEED,0,,,,,94,-1,0,1,0,72,CRUISE,,0.41,0.21,0.23,0.00,0.07,0.00,0.00,
67.77,FLYING,FEED,0,,,,,94,0,0,0,0,72,CRUISE,,0.39,0.14,0.18,0.00,0.05,0.00,0.00,
67.81,FLYING,FEED,0,,,,,94,0,0,0,0,72,CRUISE,,0.43,0.10,0.15,0.00,0.04,0.00,0.00,
67.88,FLYING,FEED,0,,,,,94,0,0,0,0,72,CRUISE,,0.44,0.08,0.12,0.00,0.03,0.00,0.00,
67.93,FLYING,FEED,0,,,,,94,0,0,0,0,72,CRUISE,,0.33,0.07,0.11,0.00,0.02,0.00,0.00,
67.98,FLYING,FEED,0,,,,,94,0,0,0,0,72,CRUISE,,0.27,0.07,0.10,0.00,0.01,0.00,0.00,
68.04,FLYING,FEED,0,,,,,94,0,0,0,0,72,CRUISE,,0.24,0.11,0.09,0.00,0.01,0.00,0.00,
68.09,FLYING,FEED,0,,,,,94,0,0,0,0,72,CRUISE,,0.21,0.13,0.07,0.00,0.01,0.00,0.00,
68.14,FLYING,FEED,0,,,,,94,0,0,0,0,72,CRUISE,,0.20,0.10,0.05,0.00,0.00,0.00,0.00,
68.21,FLYING,FEED,0,,,,,94,0,0,0,0,72,CRUISE,,0.19,0.09,0.07,0.00,0.00,0.00,0.00,
68.25,FLYING,FEED,0,,,,,94,0,0,0,0,72,CRUISE,,0.23,0.07,0.07,0.00,0.00,0.00,0.00,
68.30,FLYING,FEED,0,,,,,94,0,0,0,0,72,CRUISE,,0.26,0.06,0.08,0.00,0.44,0.00,0.00,
68.40,FLYING,FEED,1,rotten,0.27,1.00,3.4,93,0,0,0,0,72,CRUISE,,0.30,0.63,0.43,0.00,0.31,0.00,0.00,
68.45,FLYING,FEED,1,rotten,0.27,1.00,3.4,93,0,0,0,0,72,CRUISE,,0.42,0.91,0.60,0.00,0.44,0.00,0.00,
68.49,FLYING,FEED,1,rotten,0.27,1.00,3.4,92,0,0,0,0,72,CRUISE,,0.67,0.85,0.73,0.00,0.31,0.00,0.00,
68.56,FLYING,FEED,0,,,,,92,0,0,0,0,72,CRUISE,,0.80,0.82,0.69,0.00,0.21,0.00,0.00,
68.61,FLYING,FEED,0,,,,,92,0,0,0,0,72,CRUISE,,0.70,0.80,0.50,0.00,0.15,0.00,0.00,
68.66,FLYING,FEED,0,,,,,92,0,0,0,0,72,CRUISE,,0.65,0.80,0.41,0.00,0.10,0.00,0.00,
68.73,FLYING,FEED,0,,,,,92,0,0,0,0,72,CRUISE,,0.75,0.91,0.44,0.00,0.07,0.02,0.02,
68.77,FLYING,FEED,0,,,,,92,0,0,0,0,72,CRUISE,,0.81,0.97,0.46,0.00,0.05,0.06,0.06,
68.82,FLYING,FEED,0,,,,,92,0,0,0,0,72,CRUISE,,0.83,0.96,0.51,0.00,0.04,0.06,0.06,
68.92,FLYING,FEED,1,,,,,92,0,0,0,0,72,CRUISE,,0.72,0.84,0.42,0.00,0.03,0.01,0.01,
68.97,FLYING,FEED,1,,,,,92,0,0,0,0,72,CRUISE,,0.49,0.49,0.29,0.00,0.02,0.00,0.00,
69.01,FLYING,FEED,1,,,,,92,0,0,0,0,72,CRUISE,,0.38,0.31,0.23,0.00,0.01,0.00,0.00,
69.08,FLYING,FEED,0,,,,,92,0,0,0,0,72,CRUISE,,0.49,0.31,0.27,0.00,0.01,0.00,0.00,
69.13,FLYING,FEED,0,,,,,92,0,0,0,0,72,CRUISE,,0.61,0.50,0.28,0.00,0.01,0.00,0.00,
69.18,FLYING,FEED,0,,,,,92,0,0,0,0,72,CRUISE,,0.66,0.61,0.29,0.00,0.00,0.00,0.00,
69.24,FLYING,FEED,0,,,,,92,0,0,0,0,72,CRUISE,,0.72,0.65,0.28,0.00,0.00,0.00,0.00,
69.29,FLYING,FEED,0,,,,,92,0,0,0,0,72,CRUISE,,0.74,0.67,0.30,0.00,0.00,0.00,0.00,
69.34,FLYING,FEED,0,,,,,92,0,0,0,0,72,CRUISE,,0.69,0.58,0.27,0.00,0.00,0.00,0.00,
69.41,FLYING,FEED,0,,,,,92,0,0,0,0,72,CRUISE,,0.48,0.45,0.26,0.00,0.00,0.00,0.00,
69.45,FLYING,FEED,0,,,,,92,0,0,0,0,72,CRUISE,,0.37,0.36,0.25,0.00,0.00,0.00,0.00,
69.50,FLYING,SEARCH,0,,,,,92,0,0,0,2,72,CRUISE,,0.32,0.31,0.25,0.00,0.00,0.00,0.00,
69.57,FLYING,SEARCH,0,,,,,92,0,0,0,4,72,CRUISE,,0.44,0.42,0.35,0.00,0.00,0.00,0.00,
69.62,FLYING,SEARCH,0,,,,,92,0,0,0,5,72,CRUISE,,0.50,0.50,0.39,0.00,0.00,0.00,0.00,
69.67,FLYING,SEARCH,0,,,,,92,0,0,0,6,72,CRUISE,,0.53,0.54,0.42,0.00,0.00,0.00,0.00,
69.73,FLYING,SEARCH,0,,,,,92,0,0,0,7,72,CRUISE,,0.88,0.88,0.43,0.00,0.00,0.04,0.04,
69.78,FLYING,SEARCH,0,,,,,92,0,0,0,4,72,CRUISE,,1.05,1.04,0.43,0.00,0.00,0.13,0.12,
69.83,FLYING,SEARCH,0,,,,,92,0,0,0,2,72,CRUISE,,1.14,1.13,0.43,0.00,0.00,0.17,0.16,
69.90,FLYING,SEARCH,0,,,,,92,0,0,0,1,72,CRUISE,,1.25,1.12,0.45,0.15,0.00,0.22,0.16,
69.95,FLYING,SEARCH,0,,,,,92,0,0,0,1,72,CRUISE,,1.31,1.11,0.47,0.11,0.00,0.25,0.16,
69.99,FLYING,SEARCH,0,,,,,92,0,0,0,0,72,CRUISE,,1.33,1.11,0.47,0.06,0.44,0.05,0.00,
70.09,FLYING,SEARCH,1,,,,,92,0,0,0,0,72,CRUISE,,1.84,1.34,0.89,0.04,0.31,0.37,0.12,
70.14,FLYING,SEARCH,1,,,,,92,0,0,0,0,71,AVOID_RIGHT,,2.10,1.46,1.09,0.39,0.21,0.54,0.22,
70.19,FLYING,SEARCH,1,,,,,92,0,0,0,0,71,AVOID_RIGHT,,1.55,0.88,1.04,0.44,0.44,0.16,0.00,
70.26,FLYING,SEARCH,0,,,,,92,0,0,0,0,71,AVOID_RIGHT,,1.28,0.59,1.02,0.25,0.31,0.09,0.00,
70.31,FLYING,SEARCH,0,,,,,92,0,0,0,0,71,AVOID_RIGHT,,1.15,0.38,1.00,0.14,0.21,0.07,0.00,
70.35,FLYING,SEARCH,0,,,,,92,0,0,0,0,71,AVOID_RIGHT,,0.66,0.28,0.60,0.08,0.15,0.00,0.00,
70.45,FLYING,SEARCH,1,,,,,92,0,0,0,0,71,CRUISE,,0.41,0.23,0.40,0.04,0.10,0.00,0.00,
70.50,FLYING,SEARCH,1,,,,,92,0,0,0,0,71,CRUISE,,0.29,0.21,0.30,0.02,0.07,0.00,0.00,
70.55,FLYING,SEARCH,1,,,,,92,0,0,0,0,71,CRUISE,,0.24,0.26,0.29,0.01,0.05,0.00,0.00,
70.61,FLYING,SEARCH,0,,,,,92,0,0,0,0,71,CRUISE,,0.23,0.38,0.23,0.01,0.04,0.00,0.00,
70.66,FLYING,SEARCH,0,,,,,92,0,0,0,0,71,CRUISE,,0.24,0.44,0.24,0.00,0.03,0.00,0.00,
70.71,FLYING,SEARCH,0,,,,,92,0,0,0,0,71,CRUISE,,0.24,0.48,0.24,0.00,0.44,0.00,0.00,
70.78,FLYING,SEARCH,0,,,,,92,0,0,0,0,71,CRUISE,,0.57,0.93,0.66,0.00,0.31,0.00,0.00,
70.82,FLYING,SEARCH,0,,,,,92,0,0,0,0,71,CRUISE,,0.81,1.15,0.86,0.00,0.44,0.00,0.00,
70.87,FLYING,SEARCH,0,,,,,92,0,0,0,0,71,CRUISE,,0.94,1.17,0.97,0.00,0.31,0.03,0.03,
70.94,FLYING,SEARCH,0,,,,,92,0,0,0,0,71,CRUISE,,1.00,0.95,0.95,0.00,0.21,0.00,0.00,
70.99,FLYING,SEARCH,0,,,,,92,0,0,0,0,71,CRUISE,,0.66,0.68,0.65,0.00,0.15,0.00,0.00,
71.03,FLYING,SEARCH,0,,,,,92,0,0,0,0,71,CRUISE,,0.43,0.42,0.39,0.00,0.10,0.00,0.00,
71.10,FLYING,SEARCH,0,,,,,92,0,0,0,0,71,CRUISE,,0.28,0.29,0.23,0.00,0.07,0.00,0.00,
71.15,FLYING,SEARCH,0,,,,,92,0,0,0,0,71,CRUISE,,0.24,0.23,0.18,0.00,0.05,0.00,0.00,
71.20,FLYING,SEARCH,0,,,,,92,0,0,0,0,71,CRUISE,,0.26,0.22,0.13,0.00,0.04,0.00,0.00,
71.26,FLYING,SEARCH,0,,,,,92,0,0,0,0,71,CRUISE,,0.33,0.29,0.15,0.00,0.03,0.00,0.00,
71.31,FLYING,SEARCH,0,,,,,92,0,0,0,0,71,CRUISE,,0.56,0.40,0.22,0.00,0.44,0.00,0.00,
71.36,FLYING,SEARCH,0,,,,,92,0,0,0,0,71,CRUISE,,0.94,0.74,0.51,0.00,0.31,0.00,0.00,
71.43,FLYING,SEARCH,0,,,,,92,0,0,0,0,71,CRUISE,,1.13,0.90,0.70,0.00,0.44,0.00,0.00,
71.47,FLYING,SEARCH,0,,,,,92,0,0,0,0,71,CRUISE,,1.03,0.73,0.79,0.00,0.31,0.00,0.00,
71.52,FLYING,SEARCH,0,,,,,92,0,0,0,0,71,CRUISE,,0.83,0.54,0.67,0.00,0.21,0.00,0.00,
71.59,FLYING,SEARCH,0,,,,,92,0,0,0,0,71,CRUISE,,0.68,0.41,0.54,0.00,0.15,0.00,0.00,
71.64,FLYING,SEARCH,0,,,,,92,0,0,0,0,71,CRUISE,,0.52,0.35,0.36,0.00,0.10,0.00,0.00,
71.68,FLYING,SEARCH,0,,,,,92,0,0,0,0,71,CRUISE,,0.44,0.31,0.26,0.00,0.07,0.00,0.00,
71.75,FLYING,SEARCH,0,,,,,92,0,0,0,0,71,CRUISE,,0.67,0.32,0.21,0.00,0.05,0.00,0.00,
71.80,FLYING,SEARCH,0,,,,,92,0,0,0,2,71,CRUISE,,0.79,0.34,0.21,0.00,0.04,0.00,0.00,
71.84,FLYING,SEARCH,0,,,,,92,0,0,0,4,71,CRUISE,,0.80,0.35,0.21,0.00,0.03,0.00,0.00,
71.91,FLYING,SEARCH,0,,,,,92,0,0,0,5,71,CRUISE,,0.80,0.51,0.22,0.00,0.02,0.00,0.00,
71.96,FLYING,SEARCH,0,,,,,92,0,0,0,6,71,CRUISE,,0.80,0.72,0.28,0.00,0.01,0.00,0.00,
72.01,FLYING,SEARCH,0,,,,,92,0,0,0,7,71,CRUISE,,0.82,0.83,0.32,0.00,0.01,0.01,0.01,
72.07,FLYING,SEARCH,0,,,,,92,0,0,0,7,71,CRUISE,,0.80,0.88,0.36,0.00,0.01,0.04,0.04,
72.12,FLYING,SEARCH,0,,,,,92,0,0,0,7,71,CRUISE,,0.75,0.76,0.38,0.00,0.00,0.00,0.00,
72.17,FLYING,SEARCH,0,,,,,92,0,0,0,7,71,CRUISE,,0.72,0.70,0.29,0.00,0.00,0.00,0.00,
72.24,FLYING,SEARCH,0,,,,,92,0,0,0,7,71,CRUISE,,0.71,0.74,0.24,0.00,0.44,0.00,0.00,
72.28,FLYING,SEARCH,0,,,,,92,0,0,0,7,71,CRUISE,,0.70,0.78,0.42,0.00,0.31,0.00,0.00,
72.33,FLYING,SEARCH,0,,,,,92,0,0,0,7,71,CRUISE,,0.66,0.80,0.51,0.00,0.21,0.00,0.00,
72.40,FLYING,SEARCH,0,,,,,92,0,0,0,7,71,CRUISE,,0.65,0.81,0.38,0.00,0.15,0.00,0.00,
72.45,FLYING,SEARCH,0,,,,,92,0,0,0,7,71,CRUISE,,0.81,0.77,0.27,0.00,0.10,0.00,0.00,
72.49,FLYING,SEARCH,0,,,,,92,0,0,0,7,71,CRUISE,,0.91,0.99,0.26,0.00,0.07,0.06,0.06,
72.56,FLYING,SEARCH,0,,,,,92,0,0,0,7,71,CRUISE,,1.55,1.10,0.35,0.15,0.05,0.35,0.13,
72.61,FLYING,SEARCH,0,,,,,92,0,0,0,7,71,CRUISE,,1.87,1.16,0.39,0.38,0.04,0.52,0.16,
72.66,FLYING,SEARCH,0,,,,,92,0,0,0,7,71,AVOID_RIGHT,,2.03,1.19,0.41,0.36,0.44,0.40,0.00,
72.73,FLYING,SCARED,0,,,,,92,0,-40,0,0,71,AVOID_RIGHT,RIGHT,2.91,1.55,0.90,0.61,0.31,0.90,0.22,
72.78,FLYING,SCARED,0,,,,,92,0,-40,0,0,71,ESCAPE,RIGHT,3.34,1.73,1.15,1.00,0.21,1.00,0.36,
72.82,FLYING,SCARED,0,,,,,92,0,-40,0,0,71,ESCAPE,RIGHT,3.32,1.93,1.58,1.00,0.87,0.82,0.13,
72.90,FLYING,SCARED,0,,,,,92,0,-40,0,0,71,ESCAPE,RIGHT,3.31,2.18,1.74,1.00,0.61,0.95,0.38,
72.94,FLYING,SCARED,0,,,,,92,0,-40,0,0,71,ESCAPE,RIGHT,3.30,2.30,1.83,1.00,0.43,1.00,0.54,
72.99,FLYING,SCARED,0,,,,,92,0,-40,0,0,71,ESCAPE,RIGHT,3.39,2.01,1.10,1.00,0.30,1.00,0.46,
73.06,FLYING,SCARED,0,,,,,92,0,-40,0,0,71,ESCAPE,RIGHT,3.05,1.55,0.74,1.00,0.44,0.91,0.16,
73.11,FLYING,SCARED,0,,,,,92,0,-40,0,0,71,ESCAPE,RIGHT,1.95,0.98,0.56,1.00,0.31,0.42,0.00,
73.16,FLYING,SCARED,0,,,,,92,0,-40,0,0,71,ESCAPE,RIGHT,1.21,0.62,0.55,0.69,0.87,0.00,0.00,
73.23,FLYING,SCARED,0,,,,,92,0,-40,0,0,71,ESCAPE,RIGHT,0.83,0.44,1.47,0.39,0.87,0.00,0.00,
73.28,FLYING,SCARED,0,,,,,92,0,-40,0,0,71,ESCAPE,RIGHT,0.69,0.46,2.44,0.43,0.61,0.00,0.51,
73.32,FLYING,SCARED,0,,,,,92,0,-40,0,0,71,ESCAPE,RIGHT,0.62,0.60,3.01,0.62,0.44,0.00,0.89,
73.39,FLYING,SCARED,0,,,,,92,0,-40,0,0,71,ESCAPE,RIGHT,0.56,0.61,3.21,0.86,0.31,0.00,1.00,
73.44,FLYING,SCARED,0,,,,,92,0,-40,0,0,71,ESCAPE,RIGHT,0.53,0.62,2.48,0.90,0.44,0.00,0.62,
73.49,FLYING,SCARED,0,,,,,92,0,-40,0,0,71,ESCAPE,RIGHT,0.59,0.62,1.88,0.67,0.31,0.00,0.39,
73.56,FLYING,SCARED,0,,,,,92,0,-40,0,0,71,ESCAPE,RIGHT,1.01,0.63,1.36,0.49,0.21,0.00,0.17,
73.61,FLYING,SCARED,0,,,,,92,0,-40,0,0,71,ESCAPE,,1.27,0.76,1.16,0.28,0.44,0.02,0.00,
73.65,FLYING,SCARED,0,,,,,92,0,-40,0,0,71,ESCAPE,,1.50,0.83,1.06,0.15,0.31,0.20,0.00,
73.72,FLYING,WAIT,0,,,,,92,0,-26,0,0,71,ESCAPE,,1.62,0.86,1.08,0.09,0.21,0.30,0.03,
73.77,FLYING,WAIT,0,,,,,92,0,-16,0,0,71,ESCAPE,,1.79,0.76,1.09,0.30,0.15,0.42,0.07,
73.82,FLYING,WAIT,0,,,,,92,0,-10,0,0,71,ESCAPE,,1.86,0.65,0.80,0.37,0.10,0.48,0.00,
73.89,FLYING,WAIT,0,,,,,92,0,-7,0,0,71,ESCAPE,,1.90,0.56,0.65,0.42,0.07,0.51,0.00,
73.94,FLYING,WAIT,0,,,,,92,0,-4,0,0,71,ESCAPE,,1.70,0.52,0.73,0.46,0.44,0.23,0.00,
73.98,FLYING,WAIT,0,,,,,92,0,-3,0,0,71,ESCAPE,,1.52,0.60,0.81,0.26,0.31,0.21,0.00,
74.05,FLYING,WAIT,0,,,,,92,0,-1,0,0,71,ESCAPE,,1.42,0.63,0.86,0.15,0.44,0.09,0.00,
74.10,FLYING,WAIT,0,,,,,92,0,-1,0,0,71,ESCAPE,,1.37,0.88,0.88,0.08,1.31,0.00,0.00,
74.15,FLYING,WAIT,0,,,,,92,0,0,0,0,71,ESCAPE,,1.36,1.00,1.20,0.05,0.92,0.00,0.00,
74.21,FLYING,WAIT,0,,,,,92,0,0,0,0,71,ESCAPE,,1.35,1.06,1.36,0.03,0.64,0.00,0.00,
74.26,FLYING,WAIT,0,,,,,92,0,0,0,0,71,ESCAPE,,1.51,1.26,1.58,0.01,0.87,0.00,0.00,
74.31,FLYING,WAIT,0,,,,,92,0,0,0,0,71,ESCAPE,,1.59,1.36,1.70,0.01,0.61,0.09,0.14,
74.38,FLYING,WAIT,0,,,,,92,0,0,0,0,71,ESCAPE,,1.63,1.41,1.75,0.15,0.43,0.20,0.26,
74.42,FLYING,WAIT,0,,,,,92,0,0,0,0,71,AVOID_LEFT,,1.49,1.20,1.50,0.11,0.44,0.12,0.13,
74.47,FLYING,WAIT,0,,,,,92,0,0,0,0,71,AVOID_LEFT,,1.41,0.80,0.82,0.06,0.31,0.15,0.00,
74.55,FLYING,WAIT,0,,,,,92,0,0,0,0,71,CRUISE,,1.38,0.56,0.45,0.04,0.21,0.18,0.00,
74.60,FLYING,WAIT,0,,,,,92,0,0,0,0,71,CRUISE,,0.87,0.29,0.29,0.02,0.15,0.00,0.00,
74.65,FLYING,WAIT,0,,,,,92,0,0,0,0,71,CRUISE,,0.62,0.15,0.33,0.01,0.44,0.00,0.00,
74.71,FLYING,WAIT,0,,,,,92,0,0,0,0,71,CRUISE,,0.57,0.68,0.88,0.01,0.31,0.00,0.00,
74.76,FLYING,WAIT,0,,,,,92,0,0,0,0,71,CRUISE,,0.54,0.94,1.16,0.00,0.21,0.00,0.07,
74.81,FLYING,WAIT,0,,,,,92,0,0,0,0,71,CRUISE,,0.38,0.56,0.65,0.00,0.15,0.00,0.00,
74.88,FLYING,WAIT,0,,,,,92,0,0,0,0,71,CRUISE,,0.27,0.38,0.40,0.00,0.10,0.00,0.00,
74.93,FLYING,WAIT,0,,,,,92,0,0,0,0,71,CRUISE,,0.21,0.33,0.29,0.00,0.07,0.00,0.00,
74.97,FLYING,WAIT,0,,,,,92,0,0,0,0,71,CRUISE,,0.19,0.31,0.24,0.00,0.05,0.00,0.00,
75.04,FLYING,WAIT,0,,,,,92,0,0,0,0,71,CRUISE,,0.17,0.30,0.24,0.00,0.04,0.00,0.00,
75.09,FLYING,WAIT,0,,,,,92,0,0,0,0,71,CRUISE,,0.13,0.27,0.20,0.00,0.03,0.00,0.00,
75.13,FLYING,WAIT,0,,,,,92,0,0,0,0,71,CRUISE,,0.11,0.26,0.22,0.00,0.02,0.00,0.00,
75.20,FLYING,WAIT,0,,,,,92,0,0,0,0,71,CRUISE,,0.15,0.33,0.20,0.00,0.01,0.00,0.00,
75.25,FLYING,WAIT,0,,,,,92,0,0,0,0,71,CRUISE,,0.19,0.36,0.19,0.00,0.44,0.00,0.00,
75.30,FLYING,WAIT,0,,,,,92,0,0,0,0,71,CRUISE,,0.44,0.42,0.18,0.00,0.31,0.00,0.00,
75.37,FLYING,WAIT,0,,,,,92,0,0,0,0,71,CRUISE,,0.57,0.37,0.18,0.00,0.21,0.00,0.00,
75.41,FLYING,WAIT,0,,,,,92,0,0,0,0,71,CRUISE,,0.42,0.35,0.19,0.00,0.15,0.00,0.00,
75.46,FLYING,WAIT,0,,,,,92,0,0,0,0,71,CRUISE,,0.34,0.34,0.23,0.00,1.31,0.00,0.00,
75.55,FLYING,WAIT,0,,,,,92,0,0,0,0,71,CRUISE,,1.45,1.86,1.79,0.00,0.92,0.07,0.07,
75.60,FLYING,WAIT,0,,,,,92,0,0,0,0,71,CRUISE,RIGHT,2.01,2.62,2.57,0.67,0.64,0.59,0.59,
75.65,FLYING,WAIT,0,,,,,92,0,0,0,0,71,AVOID_LEFT,RIGHT,2.21,1.86,1.55,0.80,0.45,0.48,0.31,
75.72,FLYING,WAIT,0,,,,,92,0,0,0,0,71,CRUISE,RIGHT,1.52,1.19,0.89,0.71,0.31,0.20,0.04,
75.77,FLYING,WAIT,0,,,,,92,0,0,0,0,71,CRUISE,RIGHT,1.18,0.85,0.56,0.55,0.44,0.00,0.00,
75.81,FLYING,WAIT,0,,,,,92,0,0,0,0,71,CRUISE,RIGHT,1.00,0.64,0.39,0.31,0.31,0.00,0.00,
75.88,FLYING,WAIT,0,,,,,92,0,0,0,0,71,CRUISE,,0.83,0.49,0.32,0.17,0.21,0.00,0.00,
75.93,FLYING,WAIT,0,,,,,92,0,0,0,0,71,CRUISE,,0.48,0.35,0.28,0.10,0.15,0.00,0.00,
75.97,FLYING,WAIT,0,,,,,92,0,0,0,0,71,CRUISE,,0.29,0.27,0.28,0.05,0.10,0.00,0.00,
76.04,FLYING,WAIT,0,,,,,92,0,0,0,0,71,CRUISE,,0.20,0.21,0.24,0.03,0.07,0.00,0.00,
76.09,FLYING,WAIT,0,,,,,92,0,0,0,0,71,CRUISE,,0.16,0.18,0.21,0.02,0.05,0.00,0.00,
76.14,FLYING,WAIT,0,,,,,92,0,0,0,0,71,CRUISE,,0.16,0.20,0.19,0.01,0.04,0.00,0.00,
76.21,FLYING,WAIT,0,,,,,92,0,0,0,0,71,CRUISE,,0.16,0.21,0.18,0.01,0.03,0.00,0.00,
76.25,FLYING,WAIT,0,,,,,92,0,0,0,0,70,CRUISE,,0.11,0.20,0.16,0.00,0.02,0.00,0.00,
76.30,FLYING,WAIT,0,,,,,92,0,0,0,0,70,CRUISE,,0.09,0.20,0.16,0.00,0.01,0.00,0.00,
76.37,FLYING,WAIT,0,,,,,92,0,0,0,0,70,CRUISE,,0.12,0.20,0.18,0.00,0.01,0.00,0.00,
76.41,FLYING,WAIT,0,,,,,92,0,0,0,0,70,CRUISE,,0.13,0.20,0.20,0.00,0.01,0.00,0.00,
76.46,FLYING,WAIT,0,,,,,92,0,0,0,0,70,CRUISE,,0.15,0.20,0.20,0.00,0.00,0.00,0.00,
76.55,FLYING,WAIT,0,,,,,92,0,0,0,0,70,CRUISE,,0.13,0.21,0.18,0.00,0.00,0.00,0.00,
76.60,FLYING,WAIT,0,,,,,92,0,0,0,0,70,CRUISE,,0.11,0.21,0.17,0.00,0.00,0.00,0.00,
76.65,FLYING,WAIT,0,,,,,92,0,0,0,0,70,CRUISE,,0.10,0.23,0.15,0.00,0.00,0.00,0.00,
76.72,FLYING,WAIT,0,,,,,92,0,0,0,0,70,CRUISE,,0.12,0.24,0.13,0.00,0.00,0.00,0.00,
76.76,FLYING,WAIT,0,,,,,92,0,0,0,0,70,CRUISE,,0.13,0.21,0.14,0.00,0.00,0.00,0.00,
76.81,FLYING,WAIT,0,,,,,92,0,0,0,0,70,CRUISE,,0.13,0.19,0.14,0.00,0.00,0.00,0.00,
76.88,FLYING,WAIT,0,,,,,92,0,0,0,0,70,CRUISE,,0.21,0.17,0.12,0.00,0.00,0.00,0.00,
76.93,FLYING,WAIT,0,,,,,92,0,0,0,0,70,CRUISE,,0.24,0.17,0.12,0.00,0.00,0.00,0.00,
76.97,FLYING,WAIT,0,,,,,92,0,0,0,0,70,CRUISE,,0.27,0.18,0.14,0.00,0.00,0.00,0.00,
77.04,FLYING,WAIT,0,,,,,92,0,0,0,0,70,CRUISE,,0.22,0.19,0.15,0.00,0.00,0.00,0.00,
77.09,FLYING,WAIT,0,,,,,92,0,0,0,0,70,CRUISE,,0.21,0.20,0.16,0.00,0.00,0.00,0.00,
77.14,FLYING,WAIT,0,,,,,92,0,0,0,0,70,CRUISE,,0.21,0.22,0.19,0.00,0.00,0.00,0.00,
77.20,FLYING,WAIT,0,,,,,92,0,0,0,0,70,CRUISE,,0.23,0.23,0.22,0.00,0.00,0.00,0.00,
77.25,FLYING,WAIT,0,,,,,92,0,0,0,0,70,CRUISE,,0.24,0.22,0.24,0.00,0.00,0.00,0.00,
77.30,FLYING,WAIT,0,,,,,92,0,0,0,0,70,CRUISE,,0.25,0.22,0.20,0.00,0.00,0.00,0.00,
77.37,FLYING,WAIT,0,,,,,92,0,0,0,0,70,CRUISE,,0.26,0.25,0.18,0.00,0.00,0.00,0.00,
77.41,FLYING,WAIT,0,,,,,92,0,0,0,0,70,CRUISE,,0.27,0.26,0.16,0.00,0.00,0.00,0.00,
77.46,FLYING,WAIT,0,,,,,92,0,0,0,0,70,CRUISE,,0.28,0.27,0.16,0.00,0.00,0.00,0.00,
77.53,FLYING,WAIT,0,,,,,92,0,0,0,0,70,CRUISE,,0.28,0.23,0.15,0.00,0.00,0.00,0.00,
77.58,FLYING,WAIT,0,,,,,92,0,0,0,0,70,CRUISE,,0.27,0.21,0.19,0.00,0.00,0.00,0.00,
77.62,FLYING,WAIT,0,,,,,92,0,0,0,0,70,CRUISE,,0.24,0.19,0.20,0.00,0.00,0.00,0.00,
77.69,FLYING,WAIT,0,,,,,92,0,0,0,0,70,CRUISE,,0.21,0.15,0.21,0.00,0.00,0.00,0.00,
77.74,FLYING,WAIT,0,,,,,92,0,0,0,0,70,CRUISE,,0.20,0.13,0.18,0.00,0.00,0.00,0.00,
77.79,FLYING,WAIT,0,,,,,92,0,0,0,0,70,CRUISE,,0.18,0.11,0.16,0.00,0.00,0.00,0.00,
77.86,FLYING,WAIT,0,,,,,92,0,0,0,0,70,CRUISE,,0.17,0.10,0.15,0.00,0.00,0.00,0.00,
77.90,FLYING,WAIT,0,,,,,92,0,0,0,0,70,CRUISE,,0.16,0.09,0.14,0.00,0.00,0.00,0.00,
77.95,FLYING,WAIT,0,,,,,92,0,0,0,0,70,CRUISE,,0.15,0.10,0.13,0.00,0.00,0.00,0.00,
78.02,FLYING,WAIT,0,,,,,92,0,0,0,0,70,CRUISE,,0.15,0.10,0.12,0.00,0.00,0.00,0.00,
78.07,FLYING,WAIT,0,,,,,92,0,0,0,0,70,CRUISE,,0.16,0.10,0.11,0.00,0.00,0.00,0.00,
78.11,FLYING,WAIT,0,,,,,92,0,0,0,0,70,CRUISE,,0.16,0.07,0.09,0.00,0.00,0.00,0.00,
78.18,FLYING,WAIT,0,,,,,92,0,0,0,0,70,CRUISE,,0.16,0.06,0.08,0.00,0.00,0.00,0.00,
78.23,FLYING,WAIT,0,,,,,92,0,0,0,0,70,CRUISE,,0.13,0.05,0.07,0.00,0.00,0.00,0.00,
78.28,FLYING,WAIT,0,,,,,92,0,0,0,0,70,CRUISE,,0.11,0.06,0.06,0.00,0.00,0.00,0.00,
78.34,FLYING,WAIT,0,,,,,92,0,0,0,0,70,CRUISE,,0.11,0.06,0.05,0.00,0.00,0.00,0.00,
78.39,FLYING,WAIT,0,,,,,92,0,0,0,0,70,CRUISE,,0.11,0.07,0.05,0.00,0.00,0.00,0.00,
78.44,FLYING,WAIT,0,,,,,92,0,0,0,0,70,CRUISE,,0.12,0.08,0.08,0.00,0.00,0.00,0.00,
78.51,FLYING,WAIT,0,,,,,92,0,0,0,0,70,CRUISE,,0.13,0.09,0.10,0.00,0.00,0.00,0.00,
78.55,FLYING,WAIT,0,,,,,92,0,0,0,0,70,CRUISE,,0.16,0.11,0.15,0.00,0.00,0.00,0.00,
78.60,FLYING,WAIT,0,,,,,92,0,0,0,0,70,CRUISE,,0.19,0.14,0.17,0.00,0.00,0.00,0.00,
78.67,FLYING,WAIT,0,,,,,92,0,0,0,0,70,CRUISE,,0.21,0.15,0.18,0.00,0.00,0.00,0.00,
78.72,FLYING,WAIT,0,,,,,92,0,0,0,0,70,CRUISE,,0.20,0.15,0.17,0.00,0.00,0.00,0.00,
78.76,FLYING,APPROACH,0,,,,,92,0,4,0,0,70,CRUISE,,0.20,0.14,0.19,0.00,0.00,0.00,0.00,
78.83,FLYING,APPROACH,0,,,,,92,0,6,0,0,70,CRUISE,,0.20,0.16,0.24,0.00,0.00,0.00,0.00,
78.88,FLYING,APPROACH,0,,,,,92,0,8,0,0,70,CRUISE,,0.20,0.17,0.26,0.00,0.00,0.00,0.00,
78.93,FLYING,APPROACH,0,,,,,92,0,9,0,0,70,CRUISE,,0.21,0.24,0.25,0.00,0.00,0.00,0.00,
79.00,FLYING,APPROACH,0,,,,,92,0,10,0,0,70,CRUISE,,0.28,0.27,0.24,0.00,0.00,0.00,0.00,
79.04,FLYING,APPROACH,0,,,,,92,0,11,0,0,70,CRUISE,,0.32,0.27,0.24,0.00,0.00,0.00,0.00,
79.09,FLYING,APPROACH,0,,,,,92,0,11,0,0,70,CRUISE,,0.34,0.27,0.25,0.00,0.00,0.00,0.00,
79.16,FLYING,APPROACH,0,,,,,92,0,11,0,0,70,CRUISE,,0.40,0.24,0.23,0.00,0.00,0.00,0.00,
79.21,FLYING,APPROACH,0,,,,,92,0,11,0,0,70,CRUISE,,0.43,0.23,0.23,0.00,0.00,0.00,0.00,
79.25,FLYING,APPROACH,0,,,,,92,0,11,0,0,70,CRUISE,,0.34,0.15,0.18,0.00,0.00,0.00,0.00,
79.32,FLYING,APPROACH,0,,,,,92,0,11,0,0,70,CRUISE,,0.25,0.12,0.16,0.00,0.00,0.00,0.00,
79.37,FLYING,APPROACH,0,,,,,92,0,11,0,0,70,CRUISE,,0.21,0.10,0.15,0.00,0.00,0.00,0.00,
79.42,FLYING,APPROACH,0,,,,,92,0,11,0,0,70,CRUISE,,0.19,0.09,0.16,0.00,0.00,0.00,0.00,
79.48,FLYING,APPROACH,0,,,,,92,0,11,0,0,70,CRUISE,,0.20,0.09,0.17,0.00,0.00,0.00,0.00,
79.53,FLYING,APPROACH,0,,,,,92,0,11,0,0,70,CRUISE,,0.20,0.18,0.23,0.00,0.00,0.00,0.00,
79.58,FLYING,APPROACH,0,,,,,92,0,11,0,0,70,CRUISE,,0.22,0.23,0.26,0.00,0.00,0.00,0.00,
79.65,FLYING,APPROACH,0,,,,,92,0,11,0,0,70,CRUISE,,0.23,0.24,0.28,0.00,0.00,0.00,0.00,
79.69,FLYING,APPROACH,0,,,,,92,0,11,0,0,70,CRUISE,,0.24,0.25,0.27,0.00,0.00,0.00,0.00,
79.74,FLYING,APPROACH,0,,,,,92,0,11,0,0,70,CRUISE,,0.25,0.30,0.26,0.00,0.00,0.00,0.00,
79.81,FLYING,APPROACH,0,,,,,92,0,11,0,0,70,CRUISE,,0.25,0.32,0.22,0.00,0.00,0.00,0.00,
79.86,FLYING,APPROACH,0,,,,,92,0,11,0,0,70,CRUISE,,0.20,0.33,0.21,0.00,0.00,0.00,0.00,
79.90,FLYING,APPROACH,0,,,,,92,0,11,0,0,70,CRUISE,,0.17,0.24,0.16,0.00,0.00,0.00,0.00,
79.97,FLYING,APPROACH,0,,,,,92,0,11,0,0,70,CRUISE,,0.17,0.20,0.14,0.00,0.00,0.00,0.00,
80.02,FLYING,APPROACH,0,,,,,92,0,11,0,0,70,CRUISE,,0.19,0.14,0.12,0.00,0.00,0.00,0.00,
80.07,FLYING,APPROACH,0,,,,,92,0,11,0,0,70,CRUISE,,0.22,0.12,0.18,0.00,0.00,0.00,0.00,
80.13,FLYING,APPROACH,0,,,,,92,0,11,0,0,70,CRUISE,,0.24,0.11,0.23,0.00,0.00,0.00,0.00,
80.18,FLYING,APPROACH,0,,,,,92,0,11,0,0,70,CRUISE,,0.24,0.11,0.27,0.00,0.44,0.00,0.00,
80.23,FLYING,APPROACH,0,,,,,92,0,11,0,0,70,CRUISE,,0.28,0.49,0.65,0.00,0.31,0.00,0.00,
80.30,FLYING,APPROACH,0,,,,,92,0,11,0,0,70,CRUISE,,0.30,0.68,0.84,0.00,0.21,0.00,0.00,
80.34,FLYING,APPROACH,0,,,,,92,0,11,0,0,70,CRUISE,,0.27,0.45,0.52,0.00,0.15,0.00,0.00,
80.39,FLYING,APPROACH,0,,,,,92,0,11,0,0,70,CRUISE,,0.25,0.33,0.36,0.00,0.10,0.00,0.00,
80.46,FLYING,APPROACH,0,,,,,92,0,11,0,0,70,CRUISE,,0.36,0.41,0.29,0.00,0.07,0.00,0.00,
80.51,FLYING,APPROACH,0,,,,,92,0,11,0,0,70,CRUISE,,0.43,0.52,0.35,0.00,0.44,0.00,0.00,
80.55,FLYING,APPROACH,0,,,,,92,0,11,0,0,70,CRUISE,,0.71,1.07,0.42,0.00,0.31,0.00,0.00,
80.62,FLYING,APPROACH,0,,,,,92,0,11,0,0,70,CRUISE,,0.86,1.35,0.46,0.00,0.21,0.12,0.12,
80.67,FLYING,APPROACH,0,,,,,92,0,11,0,0,70,CRUISE,,0.65,0.98,0.37,0.00,0.15,0.00,0.00,
80.72,FLYING,APPROACH,0,,,,,92,0,11,0,0,70,CRUISE,,0.54,0.77,0.32,0.00,0.10,0.00,0.00,
80.79,FLYING,APPROACH,0,,,,,92,0,11,0,0,70,CRUISE,,0.45,0.65,0.34,0.00,0.07,0.00,0.00,
80.83,FLYING,APPROACH,0,,,,,92,0,11,0,0,70,CRUISE,,0.42,0.58,0.35,0.00,0.05,0.00,0.00,
80.88,FLYING,APPROACH,0,,,,,92,0,11,0,0,70,CRUISE,,0.40,0.51,0.36,0.00,0.04,0.00,0.00,
80.95,FLYING,APPROACH,0,,,,,92,0,11,0,0,70,CRUISE,,0.45,0.45,0.36,0.00,0.03,0.00,0.00,
81.00,FLYING,APPROACH,0,,,,,92,0,11,0,0,70,CRUISE,,0.48,0.40,0.35,0.00,0.02,0.00,0.00,
81.04,FLYING,APPROACH,0,,,,,92,0,11,0,0,70,CRUISE,,0.45,0.34,0.31,0.00,0.01,0.00,0.00,
81.11,FLYING,APPROACH,0,,,,,92,0,11,0,0,70,CRUISE,,0.44,0.31,0.28,0.00,0.01,0.00,0.00,
81.16,FLYING,APPROACH,0,,,,,92,0,11,0,0,70,CRUISE,,0.42,0.28,0.28,0.00,0.01,0.00,0.00,
81.21,FLYING,APPROACH,0,,,,,92,0,11,0,0,70,CRUISE,,0.41,0.27,0.27,0.00,0.00,0.00,0.00,
81.27,FLYING,APPROACH,0,,,,,92,0,11,0,0,70,CRUISE,,0.36,0.27,0.25,0.00,0.00,0.00,0.00,
81.32,FLYING,APPROACH,0,,,,,92,0,11,0,0,70,CRUISE,,0.33,0.27,0.24,0.00,0.00,0.00,0.00,
81.37,FLYING,APPROACH,0,,,,,92,0,11,0,0,70,CRUISE,,0.32,0.27,0.24,0.00,0.00,0.00,0.00,
81.44,FLYING,APPROACH,0,,,,,92,0,11,0,0,70,CRUISE,,0.34,0.29,0.29,0.00,0.00,0.00,0.00,
81.49,FLYING,APPROACH,0,,,,,92,0,11,0,0,70,CRUISE,,0.35,0.30,0.32,0.00,0.00,0.00,0.00,
81.53,FLYING,APPROACH,0,,,,,92,0,11,0,0,70,CRUISE,,0.36,0.32,0.33,0.00,0.00,0.00,0.00,
81.60,FLYING,APPROACH,0,,,,,92,0,11,0,0,70,CRUISE,,0.38,0.33,0.38,0.00,0.00,0.00,0.00,
81.65,FLYING,APPROACH,0,,,,,92,0,11,0,0,70,CRUISE,,0.38,0.33,0.40,0.00,0.00,0.00,0.00,
81.70,FLYING,APPROACH,0,,,,,92,0,11,0,0,70,CRUISE,,0.39,0.37,0.41,0.00,0.00,0.00,0.00,
81.76,FLYING,APPROACH,0,,,,,92,0,11,0,0,70,CRUISE,,0.44,0.34,0.37,0.00,0.00,0.00,0.00,
81.81,FLYING,APPROACH,0,,,,,92,0,11,0,0,70,CRUISE,,0.47,0.32,0.34,0.00,0.00,0.00,0.00,
81.86,FLYING,APPROACH,0,,,,,92,0,11,0,0,70,CRUISE,,0.48,0.32,0.33,0.00,0.00,0.00,0.00,
81.93,FLYING,APPROACH,0,,,,,92,0,11,0,0,70,CRUISE,,0.57,0.37,0.31,0.00,0.00,0.00,0.00,
81.98,FLYING,APPROACH,0,,,,,92,0,11,0,0,70,CRUISE,,0.61,0.39,0.27,0.00,0.00,0.00,0.00,
82.02,FLYING,APPROACH,0,,,,,92,0,11,0,0,70,CRUISE,,0.63,0.41,0.24,0.00,0.00,0.00,0.00,
82.09,FLYING,APPROACH,0,,,,,92,0,11,0,0,70,CRUISE,,0.62,0.35,0.22,0.00,0.00,0.00,0.00,
82.14,FLYING,APPROACH,0,,,,,92,0,11,0,0,70,CRUISE,,0.62,0.34,0.21,0.00,0.00,0.00,0.00,
82.19,FLYING,APPROACH,0,,,,,92,0,11,0,0,70,CRUISE,,0.61,0.34,0.21,0.00,0.00,0.00,0.00,
82.26,FLYING,APPROACH,0,,,,,92,0,11,0,0,70,CRUISE,,0.61,0.35,0.22,0.00,0.00,0.00,0.00,
82.30,FLYING,APPROACH,0,,,,,92,0,11,0,0,70,CRUISE,,0.61,0.38,0.28,0.00,0.00,0.00,0.00,
82.35,FLYING,APPROACH,0,,,,,92,0,11,0,0,70,CRUISE,,0.60,0.40,0.27,0.00,0.00,0.00,0.00,
82.42,FLYING,APPROACH,0,,,,,92,0,11,0,0,70,CRUISE,,0.59,0.41,0.30,0.00,0.00,0.00,0.00,
82.46,FLYING,APPROACH,0,,,,,92,0,11,0,0,70,CRUISE,,0.67,0.42,0.31,0.00,0.00,0.00,0.00,
82.53,FLYING,APPROACH,0,,,,,92,0,11,0,0,70,CRUISE,,0.71,0.52,0.37,0.00,0.00,0.00,0.00,
82.60,FLYING,APPROACH,0,,,,,92,0,11,0,0,70,CRUISE,,0.68,0.57,0.40,0.00,0.00,0.00,0.00,
82.65,FLYING,APPROACH,0,,,,,92,0,11,0,0,70,CRUISE,,0.62,0.53,0.37,0.00,0.00,0.00,0.00,
82.70,FLYING,APPROACH,0,,,,,92,0,11,0,0,70,CRUISE,,0.59,0.51,0.35,0.00,0.00,0.00,0.00,
82.76,FLYING,APPROACH,0,,,,,92,0,11,0,0,70,CRUISE,,0.59,0.52,0.40,0.00,0.00,0.00,0.00,
82.81,FLYING,APPROACH,0,,,,,92,0,11,0,0,70,CRUISE,,0.59,0.53,0.43,0.00,0.00,0.00,0.00,
82.86,FLYING,APPROACH,0,,,,,92,0,11,0,0,70,CRUISE,,0.59,0.53,0.44,0.00,0.00,0.00,0.00,
82.93,FLYING,APPROACH,0,,,,,92,0,11,0,0,70,CRUISE,,0.52,0.63,0.38,0.00,0.00,0.00,0.00,
82.98,FLYING,APPROACH,0,,,,,92,0,11,0,0,70,CRUISE,,0.49,0.68,0.35,0.00,0.00,0.00,0.00,
83.02,FLYING,APPROACH,0,,,,,92,0,11,0,0,70,CRUISE,,0.47,0.63,0.34,0.00,0.00,0.00,0.00,
83.09,FLYING,APPROACH,0,,,,,92,0,11,0,0,70,CRUISE,,0.62,0.60,0.38,0.00,0.00,0.00,0.00,
83.14,FLYING,SEARCH,0,,,,,92,0,7,0,0,70,CRUISE,,0.70,0.62,0.43,0.00,0.00,0.00,0.00,
83.19,FLYING,SEARCH,0,,,,,92,0,5,0,0,70,CRUISE,,0.68,0.67,0.46,0.00,0.00,0.00,0.00,
83.25,FLYING,SEARCH,0,,,,,92,0,3,0,0,70,CRUISE,,0.67,0.70,0.48,0.00,0.00,0.00,0.00,
83.30,FLYING,SEARCH,0,,,,,92,0,2,0,0,70,CRUISE,,0.74,0.71,0.55,0.00,0.00,0.00,0.00,
83.35,FLYING,SEARCH,0,,,,,92,0,1,0,0,70,CRUISE,,0.86,0.81,0.59,0.00,0.00,0.02,0.00,
83.42,FLYING,SEARCH,0,,,,,92,0,0,0,0,70,CRUISE,,1.01,0.86,0.61,0.00,0.00,0.10,0.03,
83.47,FLYING,SEARCH,0,,,,,92,0,0,0,0,70,CRUISE,,1.11,0.89,0.60,0.00,0.00,0.15,0.04,
83.52,FLYING,SEARCH,0,,,,,92,0,0,0,0,70,CRUISE,,1.13,0.88,0.55,0.00,0.00,0.16,0.04,
83.59,FLYING,SEARCH,0,,,,,92,0,0,0,0,70,CRUISE,,1.14,0.86,0.53,0.00,0.00,0.17,0.03,
83.64,FLYING,SEARCH,0,,,,,92,0,0,0,0,70,CRUISE,,0.94,0.70,0.40,0.00,0.00,0.07,0.00,
83.69,FLYING,SEARCH,0,,,,,92,0,0,0,0,70,CRUISE,,0.84,0.62,0.34,0.00,0.00,0.02,0.00,
83.76,FLYING,SEARCH,0,,,,,92,0,0,0,0,70,CRUISE,,0.95,0.58,0.33,0.00,0.00,0.07,0.00,
83.80,FLYING,SEARCH,0,,,,,92,0,0,0,2,70,CRUISE,,1.06,0.60,0.35,0.00,0.44,0.00,0.00,
83.85,FLYING,SEARCH,0,,,,,92,0,0,0,4,70,CRUISE,,1.26,0.85,0.52,0.00,0.31,0.08,0.00,
83.92,FLYING,SEARCH,0,,,,,92,0,0,0,5,70,CRUISE,,1.36,0.97,0.61,0.00,0.21,0.17,0.00,
83.97,FLYING,SEARCH,0,,,,,92,0,0,0,6,70,CRUISE,,0.97,0.77,0.44,0.00,0.15,0.01,0.00,
84.02,FLYING,SEARCH,0,,,,,92,0,0,0,7,70,CRUISE,,0.77,0.67,0.36,0.00,0.44,0.00,0.00,
84.08,FLYING,SEARCH,0,,,,,92,0,0,0,7,70,CRUISE,,0.71,0.68,0.87,0.00,0.31,0.00,0.00,
84.13,FLYING,SEARCH,0,,,,,92,0,0,0,7,70,CRUISE,,0.76,0.76,1.13,0.00,0.87,0.00,0.00,
84.18,FLYING,SEARCH,0,,,,,92,0,0,0,7,69,CRUISE,,0.88,1.17,1.02,0.00,0.61,0.00,0.00,
84.25,FLYING,SEARCH,0,,,,,92,0,0,0,7,69,CRUISE,,0.94,1.37,0.83,0.00,0.43,0.07,0.07,
84.29,FLYING,SEARCH,0,,,,,92,0,0,0,7,69,CRUISE,,0.58,0.82,0.54,0.00,0.30,0.00,0.00,
84.34,FLYING,SEARCH,0,,,,,92,0,0,0,7,69,CRUISE,,0.39,0.54,0.37,0.00,0.21,0.00,0.00,
84.41,FLYING,SEARCH,0,,,,,92,0,0,0,7,69,CRUISE,,0.30,0.34,0.24,0.00,0.15,0.00,0.00,
84.46,FLYING,SEARCH,0,,,,,92,0,0,0,7,69,CRUISE,,0.40,0.31,0.22,0.00,0.44,0.00,0.00,
84.50,FLYING,SEARCH,0,,,,,92,0,0,0,7,69,CRUISE,,0.52,0.79,0.75,0.00,0.31,0.00,0.00,
84.57,FLYING,SEARCH,0,,,,,92,0,0,0,7,69,CRUISE,,0.65,1.03,1.06,0.00,0.44,0.00,0.00,
84.62,FLYING,SEARCH,0,,,,,92,0,0,0,7,69,CRUISE,,0.71,0.99,1.21,0.00,0.31,0.00,0.05,
84.67,FLYING,SEARCH,0,,,,,92,0,0,0,7,69,CRUISE,,0.75,0.98,1.01,0.00,0.21,0.00,0.00,
84.74,FLYING,SEARCH,0,,,,,92,0,0,0,7,69,CRUISE,,0.88,0.97,0.74,0.00,0.15,0.01,0.01,
84.78,FLYING,SEARCH,0,,,,,92,0,0,0,5,69,CRUISE,,0.95,0.89,0.51,0.00,0.10,0.02,0.00,
84.83,FLYING,SEARCH,0,,,,,92,0,0,0,3,69,CRUISE,,0.98,0.85,0.39,0.00,0.44,0.00,0.00,
84.90,FLYING,SEARCH,0,,,,,92,0,0,0,2,69,CRUISE,,0.98,0.71,0.35,0.00,0.31,0.00,0.00,
84.94,FLYING,SEARCH,0,,,,,92,0,0,0,1,69,CRUISE,,1.21,0.82,0.35,0.00,0.44,0.00,0.00,
84.99,FLYING,SEARCH,0,,,,,92,0,0,0,0,69,CRUISE,,1.41,0.96,0.81,0.00,0.31,0.15,0.00,
85.06,FLYING,SEARCH,0,,,,,92,0,0,0,0,69,CRUISE,,1.51,1.03,1.03,0.00,0.44,0.14,0.00,
85.11,FLYING,SEARCH,0,,,,,92,0,0,0,0,69,CRUISE,,1.00,0.76,0.79,0.00,0.31,0.00,0.00,
85.16,FLYING,SEARCH,0,,,,,92,0,0,0,0,69,CRUISE,,0.74,0.63,0.67,0.00,0.44,0.00,0.00,
85.22,FLYING,SEARCH,0,,,,,92,0,0,0,0,69,CRUISE,,1.10,0.76,0.89,0.00,0.31,0.00,0.00,
85.27,FLYING,SEARCH,0,,,,,92,0,0,0,0,69,CRUISE,,1.27,0.83,0.99,0.00,0.21,0.13,0.00,
85.32,FLYING,SEARCH,0,,,,,92,0,0,0,0,69,CRUISE,,1.06,0.61,0.73,0.00,0.15,0.05,0.00,
85.38,FLYING,SEARCH,0,,,,,92,0,0,0,0,69,CRUISE,,0.91,0.50,0.59,0.00,0.44,0.00,0.00,
85.43,FLYING,SEARCH,0,,,,,92,0,0,0,0,69,CRUISE,,0.83,0.53,0.52,0.00,0.44,0.00,0.00,
85.48,FLYING,SEARCH,0,,,,,92,0,0,0,0,69,CRUISE,,0.80,0.55,0.51,0.00,0.31,0.00,0.00,
85.55,FLYING,SEARCH,0,,,,,92,0,0,0,0,69,CRUISE,,0.88,0.56,0.51,0.00,0.44,0.00,0.00,
85.59,FLYING,SEARCH,0,,,,,92,0,0,0,0,69,CRUISE,,0.92,0.48,0.55,0.00,0.31,0.00,0.00,
85.64,FLYING,SEARCH,0,,,,,92,0,0,0,0,69,CRUISE,,0.78,0.55,0.56,0.00,0.44,0.00,0.00,
85.71,FLYING,SEARCH,0,,,,,92,0,0,0,0,69,CRUISE,,0.71,0.67,0.49,0.00,0.31,0.00,0.00,
85.76,FLYING,SEARCH,0,,,,,92,0,0,0,0,69,CRUISE,,0.73,0.74,0.44,0.00,0.21,0.00,0.00,
85.80,FLYING,SEARCH,0,,,,,92,0,0,0,0,69,CRUISE,,0.74,0.55,0.43,0.00,0.44,0.00,0.00,
85.87,FLYING,SEARCH,0,,,,,92,0,0,0,0,69,CRUISE,,0.61,0.46,0.44,0.00,0.31,0.00,0.00,
85.92,FLYING,SEARCH,0,,,,,92,0,0,0,0,69,CRUISE,,0.55,0.42,0.45,0.00,0.21,0.00,0.00,
85.97,FLYING,SEARCH,0,,,,,92,0,0,0,0,69,CRUISE,,0.62,0.57,0.49,0.00,0.15,0.00,0.00,
86.03,FLYING,SEARCH,0,,,,,92,0,0,0,0,69,CRUISE,,0.67,0.63,0.52,0.00,0.10,0.00,0.00,
86.08,FLYING,SEARCH,0,,,,,92,0,0,0,0,69,CRUISE,,0.70,0.65,0.53,0.00,0.07,0.00,0.00,
86.13,FLYING,SEARCH,0,,,,,92,0,0,0,0,69,CRUISE,,0.61,0.56,0.48,0.00,0.44,0.00,0.00,
86.20,FLYING,SEARCH,0,,,,,92,0,0,0,0,69,CRUISE,,0.49,0.52,0.46,0.00,0.31,0.00,0.00,
86.24,FLYING,SEARCH,0,,,,,92,0,0,0,0,69,CRUISE,,0.42,0.44,0.45,0.00,0.21,0.00,0.00,
86.29,FLYING,SEARCH,0,,,,,92,0,0,0,0,69,CRUISE,,0.39,0.38,0.44,0.00,0.15,0.00,0.00,
86.36,FLYING,SEARCH,0,,,,,92,0,0,0,0,69,CRUISE,,0.37,0.35,0.41,0.00,0.10,0.00,0.00,
86.41,FLYING,SEARCH,0,,,,,92,0,0,0,0,69,CRUISE,,0.31,0.33,0.40,0.00,0.07,0.00,0.00,
86.45,FLYING,SEARCH,0,,,,,92,0,0,0,0,69,CRUISE,,0.28,0.28,0.36,0.00,0.05,0.00,0.00,
86.52,FLYING,SEARCH,0,,,,,92,0,0,0,0,69,CRUISE,,0.27,0.23,0.25,0.00,0.04,0.00,0.00,
86.57,FLYING,SEARCH,0,,,,,92,0,0,0,0,69,CRUISE,,0.21,0.19,0.20,0.00,0.03,0.00,0.00,
86.62,FLYING,SEARCH,0,,,,,92,0,0,0,0,69,CRUISE,,0.18,0.18,0.17,0.00,0.44,0.00,0.00,
86.68,FLYING,SEARCH,0,,,,,92,0,0,0,0,69,CRUISE,,0.67,0.62,0.72,0.00,0.31,0.00,0.00,
86.73,FLYING,SEARCH,0,,,,,92,0,0,0,0,69,CRUISE,,0.91,0.84,0.99,0.00,0.21,0.00,0.00,
86.78,FLYING,SEARCH,0,,,,,92,0,0,0,2,69,CRUISE,,0.70,0.50,0.55,0.00,0.15,0.00,0.00,
86.84,FLYING,SEARCH,0,,,,,92,0,0,0,4,69,CRUISE,,0.41,0.33,0.32,0.00,0.44,0.00,0.00,
86.89,FLYING,SEARCH,0,,,,,92,0,0,0,5,69,CRUISE,,0.23,0.51,0.36,0.00,0.31,0.00,0.00,
86.94,FLYING,SEARCH,0,,,,,92,0,0,0,6,69,CRUISE,,0.15,0.60,0.38,0.00,0.21,0.00,0.00,
87.01,FLYING,SEARCH,0,,,,,92,0,0,0,7,69,CRUISE,,0.13,0.33,0.26,0.00,0.15,0.00,0.00,
87.05,FLYING,SEARCH,0,,,,,92,0,0,0,7,69,CRUISE,,0.14,0.19,0.18,0.00,0.10,0.00,0.00,
87.10,FLYING,SEARCH,0,,,,,92,0,0,0,7,69,CRUISE,,0.16,0.12,0.14,0.00,0.07,0.00,0.00,
87.17,FLYING,SEARCH,0,,,,,92,0,0,0,7,69,CRUISE,,0.22,0.13,0.19,0.00,0.05,0.00,0.00,
87.22,FLYING,SEARCH,0,,,,,92,0,0,0,7,69,CRUISE,,0.27,0.17,0.21,0.00,0.04,0.00,0.00,
87.26,FLYING,SEARCH,0,,,,,92,0,0,0,7,69,CRUISE,,0.36,0.20,0.24,0.00,0.03,0.00,0.00,
87.33,FLYING,SEARCH,0,,,,,92,0,0,0,7,69,CRUISE,,0.51,0.33,0.36,0.00,0.02,0.00,0.00,
87.38,FLYING,SEARCH,0,,,,,92,0,0,0,7,69,CRUISE,,0.59,0.39,0.42,0.00,0.01,0.00,0.00,
87.43,FLYING,SEARCH,0,,,,,92,0,0,0,7,69,CRUISE,,0.63,0.47,0.45,0.00,0.01,0.00,0.00,
87.49,FLYING,SEARCH,0,,,,,92,0,0,0,7,69,CRUISE,,0.80,0.66,0.51,0.00,0.01,0.00,0.00,
87.54,FLYING,SEARCH,0,,,,,92,0,0,0,7,69,CRUISE,,0.89,0.76,0.54,0.00,0.00,0.04,0.00,
87.59,FLYING,SEARCH,0,,,,,92,0,0,0,7,69,CRUISE,,0.91,0.65,0.53,0.00,0.00,0.05,0.00,
87.66,FLYING,SEARCH,0,,,,,92,0,0,0,7,69,CRUISE,,0.92,0.60,0.48,0.00,0.00,0.06,0.00,
87.71,FLYING,SEARCH,0,,,,,92,0,0,0,7,69,CRUISE,,0.92,0.58,0.46,0.00,0.00,0.06,0.00,
87.75,FLYING,SEARCH,0,,,,,92,0,0,0,7,69,CRUISE,,0.82,0.49,0.42,0.00,0.00,0.01,0.00,
87.82,FLYING,SEARCH,0,,,,,92,0,0,0,5,69,CRUISE,,0.72,0.42,0.37,0.00,0.00,0.00,0.00,
87.87,FLYING,SEARCH,0,,,,,92,0,0,0,3,69,CRUISE,,0.60,0.35,0.34,0.00,0.00,0.00,0.00,
87.92,FLYING,SEARCH,0,,,,,92,0,0,0,2,69,CRUISE,,0.48,0.32,0.32,0.00,0.00,0.00,0.00,
87.98,FLYING,SEARCH,0,,,,,92,0,0,0,1,69,CRUISE,,0.41,0.32,0.28,0.00,0.00,0.00,0.00,
88.03,FLYING,SEARCH,0,,,,,92,0,0,0,0,69,CRUISE,,0.31,0.31,0.26,0.00,0.00,0.00,0.00,
88.08,FLYING,SEARCH,0,,,,,92,0,0,0,0,69,CRUISE,,0.23,0.25,0.23,0.00,0.00,0.00,0.00,
88.15,FLYING,SEARCH,0,,,,,92,0,0,0,0,69,CRUISE,,0.16,0.22,0.19,0.00,0.00,0.00,0.00,
88.19,FLYING,SEARCH,0,,,,,92,0,0,0,0,69,CRUISE,,0.13,0.15,0.15,0.00,0.00,0.00,0.00,
88.24,FLYING,SEARCH,0,,,,,92,0,0,0,0,69,CRUISE,,0.12,0.11,0.12,0.00,0.00,0.00,0.00,
88.31,FLYING,SEARCH,0,,,,,92,0,0,0,0,69,CRUISE,,0.16,0.12,0.13,0.00,0.00,0.00,0.00,
88.36,FLYING,SEARCH,0,,,,,92,0,0,0,0,69,CRUISE,,0.18,0.14,0.13,0.00,0.00,0.00,0.00,
88.41,FLYING,SEARCH,0,,,,,92,0,0,0,0,69,CRUISE,,0.19,0.16,0.13,0.00,0.00,0.00,0.00,
88.47,FLYING,SEARCH,0,,,,,92,0,0,0,0,69,CRUISE,,0.17,0.18,0.15,0.00,0.00,0.00,0.00,
88.52,FLYING,SEARCH,0,,,,,92,0,0,0,0,69,CRUISE,,0.15,0.16,0.16,0.00,0.00,0.00,0.00,
88.57,FLYING,SEARCH,0,,,,,92,0,0,0,0,69,CRUISE,,0.14,0.15,0.16,0.00,0.00,0.00,0.00,
88.64,FLYING,SEARCH,0,,,,,92,0,0,0,0,69,CRUISE,,0.12,0.15,0.15,0.00,0.00,0.00,0.00,
88.68,FLYING,SEARCH,0,,,,,92,0,0,0,0,69,CRUISE,,0.11,0.15,0.13,0.00,0.00,0.00,0.00,
88.73,FLYING,SEARCH,0,,,,,92,0,0,0,0,69,CRUISE,,0.10,0.14,0.11,0.00,0.00,0.00,0.00,
88.80,FLYING,SEARCH,0,,,,,92,0,0,0,0,69,CRUISE,,0.12,0.14,0.10,0.00,0.00,0.00,0.00,
88.85,FLYING,SEARCH,0,,,,,92,0,0,0,0,69,CRUISE,,0.13,0.14,0.13,0.00,0.00,0.00,0.00,
88.89,FLYING,SEARCH,0,,,,,92,0,0,0,0,69,CRUISE,,0.14,0.19,0.14,0.00,0.00,0.00,0.00,
88.96,FLYING,SEARCH,0,,,,,92,0,0,0,0,69,CRUISE,,0.19,0.22,0.15,0.00,0.00,0.00,0.00,
89.01,FLYING,SEARCH,0,,,,,92,0,0,0,0,69,CRUISE,,0.21,0.24,0.12,0.00,0.00,0.00,0.00,
89.06,FLYING,SEARCH,0,,,,,92,0,0,0,0,69,CRUISE,,0.24,0.22,0.11,0.00,0.00,0.00,0.00,
89.13,FLYING,SEARCH,0,,,,,92,0,0,0,0,69,CRUISE,,0.25,0.18,0.10,0.00,0.00,0.00,0.00,
89.17,FLYING,SEARCH,0,,,,,92,0,0,0,0,68,CRUISE,,0.26,0.15,0.08,0.00,0.00,0.00,0.00,
89.22,FLYING,SEARCH,0,,,,,92,0,0,0,0,68,CRUISE,,0.20,0.13,0.07,0.00,0.00,0.00,0.00,
89.29,FLYING,SEARCH,0,,,,,92,0,0,0,0,68,CRUISE,,0.17,0.12,0.07,0.00,0.00,0.00,0.00,
89.34,FLYING,SEARCH,0,,,,,92,0,0,0,0,68,CRUISE,,0.15,0.11,0.07,0.00,0.00,0.00,0.00,
89.38,FLYING,SEARCH,0,,,,,92,0,0,0,0,68,CRUISE,,0.14,0.11,0.10,0.00,0.00,0.00,0.00,
89.45,FLYING,SEARCH,0,,,,,92,0,0,0,0,68,CRUISE,,0.14,0.11,0.12,0.00,0.00,0.00,0.00,
89.50,FLYING,SEARCH,0,,,,,92,0,0,0,0,68,CRUISE,,0.15,0.11,0.12,0.00,0.00,0.00,0.00,
89.55,FLYING,SEARCH,0,,,,,92,0,0,0,0,68,CRUISE,,0.16,0.12,0.13,0.00,0.00,0.00,0.00,
89.61,FLYING,SEARCH,0,,,,,92,0,0,0,0,68,CRUISE,,0.18,0.13,0.20,0.00,0.00,0.00,0.00,
89.66,FLYING,SEARCH,0,,,,,92,0,0,0,0,68,CRUISE,,0.27,0.14,0.23,0.00,0.00,0.00,0.00,
89.71,FLYING,SEARCH,0,,,,,92,0,0,0,0,68,CRUISE,,0.23,0.15,0.16,0.00,0.00,0.00,0.00,
89.78,FLYING,SEARCH,0,,,,,92,0,0,0,2,68,CRUISE,,0.23,0.15,0.13,0.00,0.00,0.00,0.00,
89.82,FLYING,SEARCH,0,,,,,92,0,0,0,4,68,CRUISE,,0.20,0.15,0.11,0.00,0.00,0.00,0.00,
89.87,FLYING,SEARCH,0,,,,,92,0,0,0,5,68,CRUISE,,0.22,0.14,0.16,0.00,0.00,0.00,0.00,
89.94,FLYING,SEARCH,0,,,,,92,0,0,0,6,68,CRUISE,,0.25,0.14,0.18,0.00,0.00,0.00,0.00,
89.99,FLYING,SEARCH,0,,,,,92,0,0,0,7,68,CRUISE,,0.27,0.14,0.18,0.00,0.00,0.00,0.00,
90.03,FLYING,SEARCH,0,,,,,92,0,0,0,7,68,CRUISE,,0.27,0.15,0.17,0.00,0.00,0.00,0.00,
90.10,FLYING,SEARCH,0,,,,,92,0,0,0,7,68,CRUISE,,0.26,0.15,0.17,0.00,0.00,0.00,0.00,
90.15,FLYING,SEARCH,0,,,,,92,0,0,0,7,68,CRUISE,,0.25,0.16,0.18,0.00,0.44,0.00,0.00,
90.20,FLYING,SEARCH,0,,,,,92,0,0,0,7,68,CRUISE,,0.24,0.30,0.52,0.00,0.31,0.00,0.00,
90.26,FLYING,SEARCH,0,,,,,92,0,0,0,7,68,CRUISE,,0.25,0.37,0.69,0.00,0.21,0.00,0.00,
90.31,FLYING,SEARCH,0,,,,,92,0,0,0,7,68,CRUISE,,0.26,0.35,0.45,0.00,0.15,0.00,0.00,
90.36,FLYING,SEARCH,0,,,,,92,0,0,0,7,68,CRUISE,,0.27,0.34,0.34,0.00,0.10,0.00,0.00,
90.43,FLYING,SEARCH,0,,,,,92,0,0,0,7,68,CRUISE,,0.39,0.42,0.33,0.00,0.07,0.00,0.00,
90.47,FLYING,SEARCH,0,,,,,92,0,0,0,7,68,CRUISE,,0.45,0.47,0.33,0.00,0.05,0.00,0.00,
90.52,FLYING,SEARCH,0,,,,,92,0,0,0,7,68,CRUISE,,0.47,0.49,0.33,0.00,0.04,0.00,0.00,
90.59,FLYING,SEARCH,0,,,,,92,0,0,0,7,68,CRUISE,,0.45,0.46,0.31,0.00,0.03,0.00,0.00,
90.64,FLYING,SEARCH,0,,,,,92,0,0,0,7,68,CRUISE,,0.37,0.38,0.34,0.00,0.44,0.00,0.00,
90.68,FLYING,SEARCH,0,,,,,92,0,0,0,7,68,CRUISE,,0.29,0.34,0.55,0.00,0.31,0.00,0.00,
90.75,FLYING,SEARCH,0,,,,,92,0,0,0,7,68,CRUISE,,0.25,0.32,0.66,0.00,0.21,0.00,0.00,
90.80,FLYING,SEARCH,0,,,,,92,0,0,0,5,68,CRUISE,,0.28,0.31,0.49,0.00,0.15,0.00,0.00,
90.85,FLYING,SEARCH,0,,,,,92,0,0,0,3,68,CRUISE,,0.32,0.28,0.33,0.00,0.10,0.00,0.00,
90.92,FLYING,SEARCH,0,,,,,92,0,0,0,2,68,CRUISE,,0.33,0.27,0.25,0.00,0.07,0.00,0.00,
90.96,FLYING,SEARCH,0,,,,,92,0,0,0,1,68,CRUISE,,0.34,0.26,0.27,0.00,0.05,0.00,0.00,
91.01,FLYING,SEARCH,0,,,,,92,0,0,0,0,68,CRUISE,,0.33,0.25,0.30,0.00,0.04,0.00,0.00,
91.08,FLYING,SEARCH,0,,,,,92,0,0,0,0,68,CRUISE,,0.33,0.25,0.32,0.00,0.03,0.00,0.00,
91.13,FLYING,SEARCH,0,,,,,92,0,0,0,0,68,CRUISE,,0.32,0.24,0.26,0.00,0.02,0.00,0.00,
91.17,FLYING,SEARCH,0,,,,,92,0,0,0,0,68,CRUISE,,0.31,0.23,0.24,0.00,0.01,0.00,0.00,
91.24,FLYING,SEARCH,0,,,,,92,0,0,0,0,68,CRUISE,,0.32,0.20,0.24,0.00,0.01,0.00,0.00,
91.29,FLYING,SEARCH,0,,,,,92,0,0,0,0,68,CRUISE,,0.32,0.19,0.24,0.00,0.01,0.00,0.00,
91.34,FLYING,SEARCH,0,,,,,92,0,0,0,0,68,CRUISE,,0.34,0.16,0.24,0.00,0.00,0.00,0.00,
91.40,FLYING,SEARCH,0,,,,,92,0,0,0,0,68,CRUISE,,0.25,0.15,0.18,0.00,0.00,0.00,0.00,
91.45,FLYING,SEARCH,0,,,,,92,0,0,0,0,68,CRUISE,,0.22,0.13,0.16,0.00,0.00,0.00,0.00,
91.50,FLYING,SEARCH,0,,,,,92,0,0,0,0,68,CRUISE,,0.20,0.13,0.15,0.00,0.00,0.00,0.00,
91.57,FLYING,SEARCH,0,,,,,92,0,0,0,0,68,CRUISE,,0.25,0.17,0.14,0.00,0.00,0.00,0.00,
91.61,FLYING,SEARCH,0,,,,,92,0,0,0,0,68,CRUISE,,0.27,0.20,0.13,0.00,0.00,0.00,0.00,
91.66,FLYING,SEARCH,0,,,,,92,0,0,0,0,68,CRUISE,,0.28,0.21,0.12,0.00,0.00,0.00,0.00,
91.73,FLYING,SEARCH,0,,,,,92,0,0,0,0,68,CRUISE,,0.36,0.21,0.14,0.00,0.00,0.00,0.00,
91.78,FLYING,SEARCH,0,,,,,92,0,0,0,0,68,CRUISE,,0.40,0.21,0.15,0.00,0.00,0.00,0.00,
91.83,FLYING,SEARCH,0,,,,,92,0,0,0,0,68,CRUISE,,0.42,0.20,0.15,0.00,0.00,0.00,0.00,
91.89,FLYING,SEARCH,0,,,,,92,0,0,0,0,68,CRUISE,,0.40,0.20,0.17,0.00,0.00,0.00,0.00,
91.94,FLYING,SEARCH,0,,,,,92,0,0,0,0,68,CRUISE,,0.39,0.20,0.21,0.00,0.00,0.00,0.00,
91.99,FLYING,SEARCH,0,,,,,92,0,0,0,0,68,CRUISE,,0.39,0.20,0.21,0.00,0.00,0.00,0.00,
92.06,FLYING,SEARCH,0,,,,,92,0,0,0,0,68,CRUISE,,0.40,0.22,0.20,0.00,0.00,0.00,0.00,
92.10,FLYING,SEARCH,0,,,,,92,0,0,0,0,68,CRUISE,,0.48,0.23,0.19,0.00,0.00,0.00,0.00,
92.15,FLYING,SEARCH,0,,,,,92,0,0,0,0,68,CRUISE,,0.44,0.24,0.19,0.00,0.00,0.00,0.00,
92.22,FLYING,SEARCH,0,,,,,92,0,0,0,0,68,CRUISE,,0.43,0.21,0.20,0.00,0.00,0.00,0.00,
92.27,FLYING,SEARCH,0,,,,,92,0,0,0,0,68,CRUISE,,0.38,0.20,0.22,0.00,0.00,0.00,0.00,
92.31,FLYING,SEARCH,0,,,,,92,0,0,0,0,68,CRUISE,,0.36,0.19,0.25,0.00,0.00,0.00,0.00,
92.38,FLYING,SEARCH,0,,,,,92,0,0,0,0,68,CRUISE,,0.37,0.19,0.25,0.00,0.00,0.00,0.00,
92.43,FLYING,SEARCH,0,,,,,92,0,0,0,0,68,CRUISE,,0.38,0.18,0.22,0.00,0.00,0.00,0.00,
92.48,FLYING,SEARCH,0,,,,,92,0,0,0,0,68,CRUISE,,0.38,0.19,0.21,0.00,0.00,0.00,0.00,
92.54,FLYING,SEARCH,0,,,,,92,0,0,0,0,68,CRUISE,,0.48,0.24,0.23,0.00,0.00,0.00,0.00,
92.59,FLYING,SEARCH,0,,,,,92,0,0,0,0,68,CRUISE,,0.54,0.26,0.24,0.00,0.00,0.00,0.00,
92.64,FLYING,SEARCH,0,,,,,92,0,0,0,0,68,CRUISE,,0.48,0.23,0.25,0.00,0.00,0.00,0.00,
92.71,FLYING,SEARCH,0,,,,,92,0,0,0,0,68,CRUISE,,0.41,0.22,0.26,0.00,0.00,0.00,0.00,
92.75,FLYING,SEARCH,0,,,,,92,0,0,0,0,68,CRUISE,,0.38,0.22,0.26,0.00,0.00,0.00,0.00,
92.80,FLYING,SEARCH,0,,,,,92,0,0,0,2,68,CRUISE,,0.36,0.20,0.26,0.00,0.00,0.00,0.00,
92.87,FLYING,SEARCH,0,,,,,92,0,0,0,4,68,CRUISE,,0.32,0.17,0.26,0.00,0.00,0.00,0.00,
92.92,FLYING,SEARCH,0,,,,,92,0,0,0,5,68,CRUISE,,0.30,0.13,0.25,0.00,0.00,0.00,0.00,
92.97,FLYING,SEARCH,0,,,,,92,0,0,0,6,68,CRUISE,,0.28,0.10,0.25,0.00,0.00,0.00,0.00,
93.03,FLYING,SEARCH,0,,,,,92,0,0,0,7,68,CRUISE,,0.22,0.12,0.19,0.00,0.00,0.00,0.00,
93.08,FLYING,SEARCH,0,,,,,92,0,0,0,7,68,CRUISE,,0.19,0.13,0.14,0.00,0.00,0.00,0.00,
93.13,FLYING,SEARCH,0,,,,,92,0,0,0,7,68,CRUISE,,0.17,0.13,0.12,0.00,0.00,0.00,0.00,
93.20,FLYING,SEARCH,0,,,,,92,0,0,0,7,68,CRUISE,,0.23,0.13,0.11,0.00,0.00,0.00,0.00,
93.25,FLYING,SEARCH,0,,,,,92,0,0,0,7,68,CRUISE,,0.27,0.15,0.11,0.00,0.00,0.00,0.00,
93.29,FLYING,SEARCH,0,,,,,92,0,0,0,7,68,CRUISE,,0.34,0.16,0.12,0.00,0.00,0.00,0.00,
93.36,FLYING,SEARCH,0,,,,,92,0,0,0,7,68,CRUISE,,0.49,0.16,0.12,0.00,0.00,0.00,0.00,
93.41,FLYING,SEARCH,0,,,,,92,0,0,0,7,68,CRUISE,,0.56,0.17,0.21,0.00,0.00,0.00,0.00,
93.45,FLYING,SEARCH,0,,,,,92,0,0,0,7,68,CRUISE,,0.60,0.18,0.27,0.00,0.00,0.00,0.00,
93.52,FLYING,SEARCH,0,,,,,92,0,0,0,7,68,CRUISE,,0.67,0.20,0.28,0.00,0.00,0.00,0.00,
93.57,FLYING,SEARCH,0,,,,,92,0,0,0,7,68,CRUISE,,0.72,0.21,0.21,0.00,0.00,0.00,0.00,
93.62,FLYING,SEARCH,0,,,,,92,0,0,0,7,68,CRUISE,,0.73,0.21,0.17,0.00,0.00,0.00,0.00,
93.68,FLYING,SEARCH,0,,,,,92,0,0,0,7,68,CRUISE,,0.75,0.24,0.17,0.00,0.00,0.00,0.00,
93.73,FLYING,SEARCH,0,,,,,92,0,0,0,7,68,CRUISE,,0.80,0.25,0.17,0.00,0.00,0.00,0.00,
93.78,FLYING,SEARCH,0,,,,,92,0,0,0,5,68,CRUISE,,0.85,0.25,0.16,0.00,0.00,0.03,0.00,
93.85,FLYING,SEARCH,0,,,,,92,0,0,0,3,68,CRUISE,,0.88,0.25,0.15,0.00,0.00,0.04,0.00,
93.90,FLYING,SEARCH,0,,,,,92,0,0,0,2,68,CRUISE,,0.89,0.24,0.14,0.00,0.00,0.05,0.00,
93.94,FLYING,SEARCH,0,,,,,92,0,0,0,1,68,CRUISE,,0.89,0.23,0.18,0.00,0.00,0.05,0.00,
94.01,FLYING,SEARCH,0,,,,,92,0,0,0,0,68,CRUISE,,0.90,0.23,0.21,0.00,0.00,0.05,0.00,
94.06,FLYING,SEARCH,0,,,,,92,0,0,0,0,68,CRUISE,,0.90,0.22,0.23,0.00,0.00,0.05,0.00,
94.10,FLYING,SEARCH,0,,,,,92,0,0,0,0,68,CRUISE,,0.88,0.22,0.15,0.00,0.00,0.04,0.00,
94.17,FLYING,SEARCH,0,,,,,92,0,0,0,0,68,CRUISE,,0.80,0.21,0.12,0.00,0.00,0.00,0.00,
94.22,FLYING,SEARCH,0,,,,,92,0,0,0,0,68,CRUISE,,0.72,0.17,0.10,0.00,0.00,0.00,0.00,
94.27,FLYING,SEARCH,0,,,,,92,0,0,0,0,68,CRUISE,,0.68,0.14,0.10,0.00,0.00,0.00,0.00,
94.33,FLYING,SEARCH,0,,,,,92,0,0,0,0,68,CRUISE,,0.63,0.13,0.16,0.00,0.00,0.00,0.00,
94.38,FLYING,SEARCH,0,,,,,92,0,0,0,0,68,CRUISE,,0.65,0.13,0.19,0.00,0.44,0.00,0.00,
94.43,FLYING,SEARCH,0,,,,,92,0,0,0,0,68,CRUISE,,0.70,0.33,0.37,0.00,0.31,0.00,0.00,
94.50,FLYING,SEARCH,0,,,,,92,0,0,0,0,68,CRUISE,,0.81,0.59,0.60,0.00,0.44,0.00,0.00,
94.55,FLYING,SEARCH,0,,,,,92,0,0,0,0,68,CRUISE,,0.86,0.72,0.72,0.00,0.31,0.00,0.00,
94.59,FLYING,SEARCH,0,,,,,92,0,0,0,0,68,CRUISE,,0.80,0.71,0.67,0.00,0.21,0.00,0.00,
94.66,FLYING,SEARCH,0,,,,,92,0,0,0,0,68,CRUISE,,0.59,0.39,0.51,0.00,0.15,0.00,0.00,
94.71,FLYING,SEARCH,0,,,,,92,0,0,0,0,68,CRUISE,,0.49,0.24,0.43,0.00,0.44,0.00,0.00,
94.76,FLYING,SEARCH,0,,,,,92,0,0,0,0,68,CRUISE,,0.50,0.44,0.41,0.00,0.31,0.00,0.00,
94.82,FLYING,SEARCH,0,,,,,92,0,0,0,0,68,CRUISE,,0.60,0.58,0.49,0.00,0.44,0.00,0.00,
94.87,FLYING,SEARCH,0,,,,,92,0,0,0,0,68,CRUISE,,0.64,0.67,0.52,0.00,0.31,0.00,0.00,
94.92,FLYING,SEARCH,0,,,,,92,0,0,0,0,68,CRUISE,,0.60,0.71,0.48,0.00,0.21,0.00,0.00,
94.99,FLYING,SEARCH,0,,,,,92,0,0,0,0,68,CRUISE,,0.55,0.44,0.34,0.00,0.15,0.00,0.00,
95.03,FLYING,SEARCH,0,,,,,92,0,0,0,0,68,CRUISE,,0.50,0.30,0.26,0.00,0.10,0.00,0.00,
95.08,FLYING,SEARCH,0,,,,,92,0,0,0,0,68,CRUISE,,0.44,0.26,0.22,0.00,0.07,0.00,0.00,
95.15,FLYING,SEARCH,0,,,,,92,0,0,0,0,68,CRUISE,,0.42,0.25,0.25,0.00,0.05,0.00,0.00,
95.20,FLYING,SEARCH,0,,,,,92,0,0,0,0,68,CRUISE,,0.36,0.29,0.26,0.00,0.04,0.00,0.00,
95.24,FLYING,SEARCH,0,,,,,92,0,0,0,0,68,CRUISE,,0.37,0.31,0.19,0.00,0.03,0.00,0.00,
95.31,FLYING,SEARCH,0,,,,,92,0,0,0,0,68,CRUISE,,0.38,0.30,0.16,0.00,0.02,0.00,0.00,
95.36,FLYING,SEARCH,0,,,,,92,0,0,0,0,68,CRUISE,,0.42,0.28,0.16,0.00,0.01,0.00,0.00,
95.41,FLYING,SEARCH,0,,,,,92,0,0,0,0,68,CRUISE,,0.50,0.27,0.19,0.00,0.01,0.00,0.00,
95.47,FLYING,SEARCH,0,,,,,92,0,0,0,0,68,CRUISE,,0.49,0.25,0.29,0.00,0.01,0.00,0.00,
95.52,FLYING,SEARCH,0,,,,,92,0,0,0,0,68,CRUISE,,0.50,0.23,0.34,0.00,0.00,0.00,0.00,
95.57,FLYING,SEARCH,0,,,,,92,0,0,0,0,68,CRUISE,,0.50,0.22,0.37,0.00,0.00,0.00,0.00,
95.64,FLYING,SEARCH,0,,,,,92,0,0,0,0,68,CRUISE,,0.53,0.26,0.38,0.00,0.00,0.00,0.00,
95.68,FLYING,SEARCH,0,,,,,92,0,0,0,0,68,CRUISE,,0.55,0.29,0.39,0.00,0.00,0.00,0.00,
95.73,FLYING,SEARCH,0,,,,,92,0,0,0,0,68,CRUISE,,0.56,0.23,0.33,0.00,0.00,0.00,0.00,
95.80,FLYING,SEARCH,0,,,,,92,0,0,0,2,68,CRUISE,,0.50,0.21,0.27,0.00,0.00,0.00,0.00,
95.85,FLYING,SEARCH,0,,,,,92,0,0,0,4,68,CRUISE,,0.48,0.19,0.25,0.00,0.00,0.00,0.00,
95.89,FLYING,SEARCH,0,,,,,92,0,0,0,5,68,CRUISE,,0.45,0.14,0.18,0.00,0.00,0.00,0.00,
95.96,FLYING,SEARCH,0,,,,,92,0,0,0,6,68,CRUISE,,0.36,0.11,0.14,0.00,0.00,0.00,0.00,
96.01,FLYING,SEARCH,0,,,,,92,0,0,0,7,68,CRUISE,,0.30,0.08,0.13,0.00,0.00,0.00,0.00,
96.06,FLYING,SEARCH,0,,,,,92,0,0,0,7,68,CRUISE,,0.21,0.09,0.14,0.00,0.00,0.00,0.00,
96.12,FLYING,SEARCH,0,,,,,92,0,0,0,7,68,CRUISE,,0.16,0.09,0.14,0.00,0.00,0.00,0.00,
96.17,FLYING,SEARCH,0,,,,,92,0,0,0,7,67,CRUISE,,0.15,0.09,0.14,0.00,0.00,0.00,0.00,
96.22,FLYING,SEARCH,0,,,,,92,0,0,0,7,67,CRUISE,,0.22,0.09,0.14,0.00,0.00,0.00,0.00,
96.29,FLYING,SEARCH,0,,,,,92,0,0,0,7,67,CRUISE,,0.25,0.09,0.13,0.00,0.00,0.00,0.00,
96.34,FLYING,SEARCH,0,,,,,92,0,0,0,7,67,CRUISE,,0.26,0.10,0.13,0.00,0.00,0.00,0.00,
96.38,FLYING,SEARCH,0,,,,,92,0,0,0,7,67,CRUISE,,0.27,0.12,0.13,0.00,0.00,0.00,0.00,
96.45,FLYING,SEARCH,0,,,,,92,0,0,0,7,67,CRUISE,,0.35,0.20,0.14,0.00,0.44,0.00,0.00,
96.50,FLYING,SEARCH,0,,,,,92,0,0,0,7,67,CRUISE,,0.39,0.31,0.37,0.00,0.31,0.00,0.00,
96.55,FLYING,SEARCH,0,,,,,92,0,0,0,7,67,CRUISE,,0.46,0.37,0.48,0.00,0.21,0.00,0.00,
96.62,FLYING,SEARCH,0,,,,,92,0,0,0,7,67,CRUISE,,0.59,0.34,0.42,0.00,0.15,0.00,0.00,
96.67,FLYING,SEARCH,0,,,,,92,0,0,0,7,67,CRUISE,,0.65,0.33,0.37,0.00,0.10,0.00,0.00,
96.71,FLYING,SEARCH,0,,,,,92,0,0,0,7,67,CRUISE,,0.65,0.33,0.32,0.00,0.07,0.00,0.00,
96.78,FLYING,SEARCH,0,,,,,92,0,0,0,5,67,CRUISE,,0.64,0.35,0.30,0.00,0.05,0.00,0.00,
96.83,FLYING,SEARCH,0,,,,,92,0,0,0,3,67,CRUISE,,0.64,0.34,0.32,0.00,0.44,0.00,0.00,
96.87,FLYING,SEARCH,0,,,,,92,0,0,0,2,67,CRUISE,,0.73,0.35,0.35,0.00,0.31,0.00,0.00,
96.94,FLYING,SEARCH,0,,,,,92,0,0,0,1,67,CRUISE,,0.71,0.34,0.36,0.00,0.21,0.00,0.00,
96.99,FLYING,SEARCH,0,,,,,92,0,0,0,0,67,CRUISE,,0.82,0.40,0.32,0.00,0.15,0.00,0.00,
97.04,FLYING,SEARCH,0,,,,,92,0,0,0,0,67,CRUISE,,0.96,0.49,0.31,0.00,0.10,0.03,0.00,
97.11,FLYING,SEARCH,0,,,,,92,0,0,0,0,67,CRUISE,,1.02,0.54,0.38,0.00,0.44,0.00,0.00,
97.15,FLYING,SEARCH,0,,,,,92,0,0,0,0,67,CRUISE,,0.89,0.47,0.41,0.00,0.31,0.00,0.00,
97.20,FLYING,SEARCH,0,,,,,92,0,0,0,0,67,CRUISE,,0.82,0.43,0.43,0.00,0.21,0.00,0.00,
97.27,FLYING,SEARCH,0,,,,,92,0,0,0,0,67,CRUISE,,0.88,0.54,0.41,0.00,0.15,0.00,0.00,
97.32,FLYING,SEARCH,0,,,,,92,0,0,0,0,67,CRUISE,,0.92,0.59,0.39,0.00,0.44,0.00,0.00,
97.36,FLYING,SEARCH,0,,,,,92,0,0,0,0,67,CRUISE,,0.92,0.49,0.36,0.00,0.31,0.00,0.00,
97.43,FLYING,SEARCH,0,,,,,92,0,0,0,0,67,CRUISE,,0.92,0.44,0.35,0.00,0.21,0.00,0.00,
97.48,FLYING,SEARCH,0,,,,,92,0,0,0,0,67,CRUISE,,0.93,0.41,0.34,0.00,0.44,0.00,0.00,
97.53,FLYING,SEARCH,0,,,,,92,0,0,0,0,67,CRUISE,,0.77,0.40,0.37,0.00,0.31,0.00,0.00,
97.59,FLYING,SEARCH,0,,,,,92,0,0,0,0,67,CRUISE,,0.69,0.36,0.38,0.00,0.21,0.00,0.00,
97.64,FLYING,SEARCH,0,,,,,92,0,0,0,0,67,CRUISE,,0.87,0.38,0.56,0.00,0.44,0.00,0.00,
97.69,FLYING,SEARCH,0,,,,,92,0,0,0,0,67,CRUISE,,1.22,0.79,0.66,0.00,0.31,0.06,0.00,
97.76,FLYING,SEARCH,0,,,,,92,0,0,0,0,67,CRUISE,,1.40,1.00,0.69,0.00,0.87,0.00,0.00,
97.81,FLYING,SEARCH,0,,,,,92,0,0,0,0,67,CRUISE,,0.96,0.92,0.58,0.00,0.87,0.00,0.00,
97.85,FLYING,SEARCH,0,,,,,92,0,0,0,0,67,CRUISE,,0.74,0.88,0.52,0.00,0.61,0.00,0.00,
97.92,FLYING,SEARCH,0,,,,,92,0,0,0,0,67,CRUISE,,0.63,0.85,0.49,0.00,0.44,0.00,0.00,
97.97,FLYING,SEARCH,0,,,,,92,0,0,0,0,67,CRUISE,,0.47,0.68,0.37,0.00,0.31,0.00,0.00,
98.02,FLYING,SEARCH,0,,,,,92,0,0,0,0,67,CRUISE,,0.39,0.59,0.31,0.00,0.21,0.00,0.00,
98.08,FLYING,SEARCH,0,,,,,92,0,0,0,0,67,CRUISE,,0.45,0.69,0.38,0.00,0.15,0.00,0.00,
98.13,FLYING,SEARCH,0,,,,,92,0,0,0,0,67,CRUISE,,0.48,0.74,0.42,0.00,0.44,0.00,0.00,
98.18,FLYING,SEARCH,0,,,,,92,0,0,0,0,67,CRUISE,,0.49,0.71,0.36,0.00,0.31,0.00,0.00,
98.25,FLYING,SEARCH,0,,,,,92,0,0,0,0,67,CRUISE,,0.40,0.52,0.30,0.00,0.21,0.00,0.00,
98.29,FLYING,SEARCH,0,,,,,92,0,0,0,0,67,CRUISE,,0.36,0.39,0.28,0.00,0.15,0.00,0.00,
98.34,FLYING,SEARCH,0,,,,,92,0,0,0,0,67,CRUISE,,0.31,0.31,0.24,0.00,0.10,0.00,0.00,
98.41,FLYING,SEARCH,0,,,,,92,0,0,0,0,67,CRUISE,,0.28,0.25,0.22,0.00,0.07,0.00,0.00,
98.46,FLYING,SEARCH,0,,,,,92,0,0,0,0,67,CRUISE,,0.27,0.21,0.20,0.00,0.05,0.00,0.00,
98.50,FLYING,SEARCH,0,,,,,92,0,0,0,0,67,CRUISE,,0.29,0.19,0.20,0.00,0.04,0.00,0.00,
98.57,FLYING,SEARCH,0,,,,,92,0,0,0,0,67,CRUISE,,0.27,0.19,0.19,0.00,0.03,0.00,0.00,
98.62,FLYING,SEARCH,0,,,,,92,0,0,0,0,67,CRUISE,,0.29,0.20,0.20,0.00,0.02,0.00,0.00,
98.67,FLYING,SEARCH,0,,,,,92,0,0,0,0,67,CRUISE,,0.32,0.23,0.26,0.00,0.01,0.00,0.00,
98.74,FLYING,SEARCH,0,,,,,92,0,0,0,0,67,CRUISE,,0.39,0.26,0.33,0.00,0.01,0.00,0.00,
98.78,FLYING,SEARCH,0,,,,,92,0,0,0,2,67,CRUISE,,0.43,0.28,0.36,0.00,0.01,0.00,0.00,
98.83,FLYING,SEARCH,0,,,,,92,0,0,0,4,67,CRUISE,,0.44,0.29,0.38,0.00,0.00,0.00,0.00,
98.90,FLYING,SEARCH,0,,,,,92,0,0,0,5,67,CRUISE,,0.41,0.25,0.33,0.00,0.00,0.00,0.00,
98.95,FLYING,SEARCH,0,,,,,92,0,0,0,6,67,CRUISE,,0.39,0.21,0.31,0.00,0.00,0.00,0.00,
98.99,FLYING,SEARCH,0,,,,,92,0,0,0,7,67,CRUISE,,0.39,0.19,0.30,0.00,0.00,0.00,0.00,
99.06,FLYING,SEARCH,0,,,,,92,0,0,0,7,67,CRUISE,,0.51,0.23,0.38,0.00,0.00,0.00,0.00,
99.11,FLYING,SEARCH,0,,,,,92,0,0,0,7,67,CRUISE,,0.58,0.25,0.42,0.00,0.00,0.00,0.00,
99.16,FLYING,SEARCH,0,,,,,92,0,0,0,7,67,CRUISE,,0.61,0.25,0.44,0.00,0.00,0.00,0.00,
99.22,FLYING,SEARCH,0,,,,,92,0,0,0,7,67,CRUISE,,0.68,0.30,0.42,0.00,0.00,0.00,0.00,
99.27,FLYING,SEARCH,0,,,,,92,0,0,0,7,67,CRUISE,,0.71,0.33,0.40,0.00,0.00,0.00,0.00,
99.32,FLYING,SEARCH,0,,,,,92,0,0,0,7,67,CRUISE,,0.73,0.33,0.40,0.00,0.00,0.00,0.00,
99.39,FLYING,SEARCH,0,,,,,92,0,0,0,7,67,CRUISE,,0.74,0.34,0.43,0.00,0.00,0.00,0.00,
99.43,FLYING,SEARCH,0,,,,,92,0,0,0,7,67,CRUISE,,0.74,0.38,0.45,0.00,0.00,0.00,0.00,
99.48,FLYING,SEARCH,0,,,,,92,0,0,0,7,67,CRUISE,,0.75,0.41,0.54,0.00,0.00,0.00,0.00,
99.55,FLYING,SEARCH,0,,,,,92,0,0,0,7,67,CRUISE,,0.82,0.43,0.59,0.00,0.44,0.00,0.00,
99.59,FLYING,SEARCH,0,,,,,92,0,0,0,7,67,CRUISE,,0.85,0.29,0.36,0.00,0.31,0.00,0.00,
99.64,FLYING,SEARCH,0,,,,,92,0,0,0,7,67,CRUISE,,0.77,0.23,0.25,0.00,0.21,0.00,0.00,
99.71,FLYING,SEARCH,0,,,,,92,0,0,0,7,67,CRUISE,,0.54,0.21,0.20,0.00,0.15,0.00,0.00,
99.76,FLYING,SEARCH,0,,,,,92,0,0,0,7,67,CRUISE,,0.43,0.25,0.19,0.00,0.10,0.00,0.00,
99.80,FLYING,SEARCH,0,,,,,92,0,0,0,5,67,CRUISE,,0.41,0.27,0.20,0.00,0.07,0.00,0.00,
99.87,FLYING,SEARCH,0,,,,,92,0,0,0,3,67,CRUISE,,0.40,0.28,0.20,0.00,0.05,0.00,0.00,
99.92,FLYING,SEARCH,0,,,,,92,0,0,0,2,67,CRUISE,,0.36,0.25,0.15,0.00,0.04,0.00,0.00,
99.97,FLYING,SEARCH,0,,,,,92,0,0,0,1,67,CRUISE,,0.34,0.23,0.12,0.00,0.03,0.00,0.00,
100.04,FLYING,SEARCH,0,,,,,92,0,0,0,0,67,CRUISE,,0.45,0.21,0.17,0.00,0.02,0.00,0.00,
100.08,FLYING,SEARCH,0,,,,,92,0,0,0,0,67,CRUISE,,0.55,0.22,0.20,0.00,0.44,0.00,0.00,
100.13,FLYING,SEARCH,0,,,,,92,0,0,0,0,67,CRUISE,,0.65,0.23,0.25,0.00,0.31,0.00,0.00,
100.20,FLYING,SEARCH,0,,,,,92,0,0,0,0,67,CRUISE,,0.70,0.24,0.20,0.00,0.21,0.00,0.00,
100.25,FLYING,SEARCH,0,,,,,92,0,0,0,0,67,CRUISE,,0.54,0.25,0.16,0.00,0.15,0.00,0.00,
100.29,FLYING,SEARCH,0,,,,,92,0,0,0,0,67,CRUISE,,0.45,0.25,0.14,0.00,0.10,0.00,0.00,
100.36,FLYING,SEARCH,0,,,,,92,0,0,0,0,67,CRUISE,,0.41,0.22,0.14,0.00,0.07,0.00,0.00,
100.41,FLYING,SEARCH,0,,,,,92,0,0,0,0,67,CRUISE,,0.37,0.22,0.14,0.00,0.05,0.00,0.00,
100.46,FLYING,SEARCH,0,,,,,92,0,0,0,0,67,CRUISE,,0.36,0.22,0.19,0.00,0.04,0.00,0.00,
100.53,FLYING,SEARCH,0,,,,,92,0,0,0,0,67,CRUISE,,0.43,0.24,0.21,0.00,0.03,0.00,0.00,
100.57,FLYING,SEARCH,0,,,,,92,0,0,0,0,67,CRUISE,,0.53,0.25,0.23,0.00,0.02,0.00,0.00,
100.62,FLYING,SEARCH,0,,,,,92,0,0,0,0,67,CRUISE,,0.59,0.25,0.22,0.00,0.01,0.00,0.00,
100.69,FLYING,SEARCH,0,,,,,92,0,0,0,0,67,CRUISE,,0.63,0.24,0.22,0.00,0.01,0.00,0.00,
100.74,FLYING,SEARCH,0,,,,,92,0,0,0,0,67,CRUISE,,0.76,0.24,0.22,0.00,0.01,0.00,0.00,
100.78,FLYING,SEARCH,0,,,,,92,0,0,0,0,67,CRUISE,,0.85,0.24,0.23,0.00,0.00,0.02,0.00,
100.85,FLYING,SEARCH,0,,,,,92,0,0,0,0,67,CRUISE,,0.89,0.25,0.24,0.00,0.00,0.04,0.00,
100.90,FLYING,SEARCH,0,,,,,92,0,0,0,0,67,CRUISE,,0.91,0.25,0.24,0.00,0.00,0.06,0.00,
100.94,FLYING,SEARCH,0,,,,,92,0,0,0,0,67,CRUISE,,0.91,0.22,0.21,0.00,0.00,0.05,0.00,
101.01,FLYING,SEARCH,0,,,,,92,0,0,0,0,67,CRUISE,,0.91,0.21,0.19,0.00,0.00,0.05,0.00,
101.06,FLYING,SEARCH,0,,,,,92,0,0,0,0,67,CRUISE,,0.91,0.21,0.18,0.00,0.00,0.05,0.00,
101.11,FLYING,SEARCH,0,,,,,92,0,0,0,0,67,CRUISE,,0.87,0.16,0.18,0.00,0.00,0.03,0.00,
101.17,FLYING,SEARCH,0,,,,,92,0,0,0,0,67,CRUISE,,0.74,0.14,0.21,0.00,0.00,0.00,0.00,
101.22,FLYING,SEARCH,0,,,,,92,0,0,0,0,67,CRUISE,,0.66,0.13,0.23,0.00,0.00,0.00,0.00,
101.27,FLYING,SEARCH,0,,,,,92,0,0,0,0,67,CRUISE,,0.56,0.14,0.23,0.00,0.00,0.00,0.00,
101.34,FLYING,SEARCH,0,,,,,92,0,0,0,0,67,CRUISE,,0.52,0.14,0.21,0.00,0.00,0.00,0.00,
101.38,FLYING,SEARCH,0,,,,,92,0,0,0,0,67,CRUISE,,0.37,0.13,0.20,0.00,0.00,0.00,0.00,
101.43,FLYING,SEARCH,0,,,,,92,0,0,0,0,67,CRUISE,,0.29,0.12,0.17,0.00,0.00,0.00,0.00,
101.50,FLYING,SEARCH,0,,,,,92,0,0,0,0,67,CRUISE,,0.24,0.11,0.16,0.00,0.00,0.00,0.00,
101.55,FLYING,SEARCH,0,,,,,92,0,0,0,0,67,CRUISE,,0.24,0.13,0.18,0.00,0.00,0.00,0.00,
101.59,FLYING,SEARCH,0,,,,,92,0,0,0,0,67,CRUISE,,0.28,0.14,0.23,0.00,0.00,0.00,0.00,
101.66,FLYING,SEARCH,0,,,,,92,0,0,0,0,67,CRUISE,,0.29,0.14,0.26,0.00,0.00,0.00,0.00,
101.71,FLYING,SEARCH,0,,,,,92,0,0,0,0,67,CRUISE,,0.30,0.24,0.27,0.00,0.44,0.00,0.00,
101.76,FLYING,SEARCH,0,,,,,92,0,0,0,0,67,CRUISE,,0.90,0.53,0.22,0.00,0.31,0.00,0.00,
101.83,FLYING,SEARCH,0,,,,,92,0,0,0,2,67,CRUISE,,1.19,0.68,0.20,0.00,0.21,0.09,0.00,
101.87,FLYING,SEARCH,0,,,,,92,0,0,0,4,67,CRUISE,,0.68,0.45,0.18,0.00,0.15,0.00,0.00,
101.92,FLYING,SEARCH,0,,,,,92,0,0,0,5,67,CRUISE,,0.43,0.32,0.16,0.00,0.10,0.00,0.00,
101.99,FLYING,SEARCH,0,,,,,92,0,0,0,6,67,CRUISE,,0.31,0.25,0.15,0.00,0.07,0.00,0.00,
102.04,FLYING,SEARCH,0,,,,,92,0,0,0,7,67,CRUISE,,0.25,0.21,0.14,0.00,0.05,0.00,0.00,
102.08,FLYING,SEARCH,0,,,,,92,0,0,0,7,67,CRUISE,,0.22,0.17,0.20,0.00,0.04,0.00,0.00,
102.15,FLYING,SEARCH,0,,,,,92,0,0,0,7,67,CRUISE,,0.20,0.14,0.17,0.00,0.03,0.00,0.00,
102.20,FLYING,SEARCH,0,,,,,92,0,0,0,7,66,CRUISE,,0.18,0.13,0.16,0.00,0.02,0.00,0.00,
102.25,FLYING,SEARCH,0,,,,,92,0,0,0,7,66,CRUISE,,0.18,0.15,0.16,0.00,0.01,0.00,0.00,
102.31,FLYING,SEARCH,0,,,,,92,0,0,0,7,66,CRUISE,,0.26,0.14,0.16,0.00,0.01,0.00,0.00,
102.36,FLYING,SEARCH,0,,,,,92,0,0,0,7,66,CRUISE,,0.31,0.17,0.15,0.00,0.01,0.00,0.00,
102.41,FLYING,SEARCH,0,,,,,92,0,0,0,7,66,CRUISE,,0.33,0.15,0.15,0.00,0.00,0.00,0.00,
102.48,FLYING,SEARCH,0,,,,,92,0,0,0,7,66,CRUISE,,0.29,0.16,0.13,0.00,0.00,0.00,0.00,
102.52,FLYING,SEARCH,0,,,,,92,0,0,0,7,66,CRUISE,,0.40,0.17,0.15,0.00,0.44,0.00,0.00,
102.57,FLYING,SEARCH,0,,,,,92,0,0,0,7,66,CRUISE,,0.48,0.27,0.44,0.00,0.31,0.00,0.00,
102.64,FLYING,SEARCH,0,,,,,92,0,0,0,7,66,CRUISE,,0.52,0.33,0.58,0.00,0.21,0.00,0.00,
102.69,FLYING,SEARCH,0,,,,,92,0,0,0,7,66,CRUISE,,0.40,0.27,0.39,0.00,0.15,0.00,0.00,
102.73,FLYING,SEARCH,0,,,,,92,0,0,0,7,66,CRUISE,,0.34,0.24,0.30,0.00,0.44,0.00,0.00,
102.80,FLYING,SEARCH,0,,,,,92,0,0,0,5,66,CRUISE,,0.63,0.43,0.29,0.00,0.31,0.00,0.00,
102.85,FLYING,SEARCH,0,,,,,92,0,0,0,3,66,CRUISE,,0.77,0.52,0.28,0.00,0.21,0.00,0.00,
102.90,FLYING,SEARCH,0,,,,,92,0,0,0,2,66,CRUISE,,0.83,0.57,0.34,0.00,0.15,0.00,0.00,
102.97,FLYING,SEARCH,0,,,,,92,0,0,0,1,66,CRUISE,,0.73,0.61,0.35,0.00,0.10,0.00,0.00,
103.01,FLYING,SEARCH,0,,,,,92,0,0,0,0,66,CRUISE,,0.68,0.63,0.36,0.00,0.07,0.00,0.00,
103.06,FLYING,SEARCH,0,,,,,92,0,0,0,0,66,CRUISE,,0.65,0.54,0.36,0.00,0.44,0.00,0.00,
103.13,FLYING,SEARCH,0,,,,,92,0,0,0,0,66,CRUISE,,0.63,0.50,0.35,0.00,0.31,0.00,0.00,
103.18,FLYING,SEARCH,0,,,,,92,0,0,0,0,66,CRUISE,,0.63,0.48,0.30,0.00,0.21,0.00,0.00,
103.23,FLYING,SEARCH,0,,,,,92,0,0,0,0,66,CRUISE,,0.54,0.41,0.28,0.00,0.15,0.00,0.00,
103.29,FLYING,SEARCH,0,,,,,92,0,0,0,0,66,CRUISE,,0.41,0.31,0.26,0.00,0.10,0.00,0.00,
103.34,FLYING,SEARCH,0,,,,,92,0,0,0,0,66,CRUISE,,0.34,0.23,0.21,0.00,0.07,0.00,0.00,
103.39,FLYING,SEARCH,0,,,,,92,0,0,0,0,66,CRUISE,,0.29,0.19,0.19,0.00,0.05,0.00,0.00,
103.45,FLYING,SEARCH,0,,,,,92,0,0,0,0,66,CRUISE,,0.22,0.17,0.25,0.00,0.04,0.00,0.00,
103.50,FLYING,SEARCH,0,,,,,92,0,0,0,0,66,CRUISE,,0.19,0.16,0.28,0.00,0.03,0.00,0.00,
103.55,FLYING,SEARCH,0,,,,,92,0,0,0,0,66,CRUISE,,0.17,0.16,0.22,0.00,0.02,0.00,0.00,
103.62,FLYING,SEARCH,0,,,,,92,0,0,0,0,66,CRUISE,,0.18,0.13,0.19,0.00,0.01,0.00,0.00,
103.66,FLYING,SEARCH,0,,,,,92,0,0,0,0,66,CRUISE,,0.19,0.15,0.17,0.00,0.01,0.00,0.00,
103.71,FLYING,SEARCH,0,,,,,92,0,0,0,0,66,CRUISE,,0.16,0.13,0.13,0.00,0.01,0.00,0.00,
103.78,FLYING,SEARCH,0,,,,,92,0,0,0,0,66,CRUISE,,0.15,0.15,0.11,0.00,0.44,0.00,0.00,
103.83,FLYING,SEARCH,0,,,,,92,0,0,0,0,66,CRUISE,,0.29,0.13,0.19,0.00,0.31,0.00,0.00,
103.87,FLYING,SEARCH,0,,,,,92,0,0,0,0,66,CRUISE,,0.36,0.12,0.22,0.00,0.21,0.00,0.00,
103.94,FLYING,SEARCH,0,,,,,92,0,0,0,0,66,CRUISE,,0.31,0.11,0.22,0.00,0.15,0.00,0.00,
103.99,FLYING,SEARCH,0,,,,,92,0,0,0,0,66,CRUISE,,0.29,0.11,0.20,0.00,0.10,0.00,0.00,
104.04,FLYING,SEARCH,0,,,,,92,0,0,0,0,66,CRUISE,,0.26,0.13,0.15,0.00,0.07,0.00,0.00,
104.10,FLYING,SEARCH,0,,,,,92,0,0,0,0,66,CRUISE,,0.27,0.14,0.11,0.00,0.05,0.00,0.00,
104.15,FLYING,SEARCH,0,,,,,92,0,0,0,0,66,CRUISE,,0.27,0.15,0.09,0.00,0.04,0.00,0.00,
104.20,FLYING,SEARCH,0,,,,,92,0,0,0,0,66,CRUISE,,0.30,0.11,0.11,0.00,0.03,0.00,0.00,
104.27,FLYING,SEARCH,0,,,,,92,0,0,0,0,66,CRUISE,,0.32,0.08,0.12,0.00,0.02,0.00,0.00,
104.31,FLYING,SEARCH,0,,,,,92,0,0,0,0,66,CRUISE,,0.23,0.08,0.08,0.00,0.01,0.00,0.00,
104.36,FLYING,SEARCH,0,,,,,92,0,0,0,0,66,CRUISE,,0.19,0.09,0.07,0.00,0.01,0.00,0.00,
104.43,FLYING,SEARCH,0,,,,,92,0,0,0,0,66,CRUISE,,0.26,0.11,0.16,0.00,0.01,0.00,0.00,
104.48,FLYING,SEARCH,0,,,,,92,0,0,0,0,66,CRUISE,,0.29,0.13,0.22,0.00,0.00,0.00,0.00,
104.52,FLYING,SEARCH,0,,,,,92,0,0,0,0,66,CRUISE,,0.31,0.15,0.24,0.00,0.00,0.00,0.00,
104.59,FLYING,SEARCH,0,,,,,92,0,0,0,0,66,CRUISE,,0.27,0.16,0.26,0.00,0.00,0.00,0.00,
104.64,FLYING,SEARCH,0,,,,,92,0,0,0,0,66,CRUISE,,0.24,0.16,0.28,0.00,0.00,0.00,0.00,
104.69,FLYING,SEARCH,0,,,,,92,0,0,0,0,66,CRUISE,,0.20,0.17,0.29,0.00,0.00,0.00,0.00,
104.76,FLYING,SEARCH,0,,,,,92,0,0,0,0,66,CRUISE,,0.18,0.17,0.29,0.00,0.00,0.00,0.00,
104.80,FLYING,SEARCH,0,,,,,92,0,0,0,2,66,CRUISE,,0.17,0.13,0.29,0.00,0.00,0.00,0.00,
104.85,FLYING,SEARCH,0,,,,,92,0,0,0,4,66,CRUISE,,0.14,0.11,0.18,0.00,0.00,0.00,0.00,
104.92,FLYING,SEARCH,0,,,,,92,0,0,0,5,66,CRUISE,,0.13,0.09,0.13,0.00,0.00,0.00,0.00,
104.97,FLYING,SEARCH,0,,,,,92,0,0,0,6,66,CRUISE,,0.15,0.11,0.15,0.00,0.00,0.00,0.00,
105.01,FLYING,SEARCH,0,,,,,92,0,0,0,7,66,CRUISE,,0.19,0.11,0.16,0.00,0.00,0.00,0.00,
105.08,FLYING,SEARCH,0,,,,,92,0,0,0,7,66,CRUISE,,0.22,0.12,0.15,0.00,0.00,0.00,0.00,
105.13,FLYING,SEARCH,0,,,,,92,0,0,0,7,66,CRUISE,,0.23,0.12,0.14,0.00,0.00,0.00,0.00,
105.18,FLYING,SEARCH,0,,,,,92,0,0,0,7,66,CRUISE,,0.26,0.12,0.14,0.00,0.00,0.00,0.00,
105.24,FLYING,SEARCH,0,,,,,92,0,0,0,7,66,CRUISE,,0.32,0.12,0.15,0.00,0.00,0.00,0.00,
105.29,FLYING,SEARCH,0,,,,,92,0,0,0,7,66,CRUISE,,0.36,0.12,0.15,0.00,0.00,0.00,0.00,
105.34,FLYING,SEARCH,0,,,,,92,0,0,0,7,66,CRUISE,,0.36,0.12,0.15,0.00,0.00,0.00,0.00,
105.40,FLYING,SEARCH,0,,,,,92,0,0,0,7,66,CRUISE,,0.28,0.12,0.15,0.00,0.00,0.00,0.00,
105.45,FLYING,SEARCH,0,,,,,92,0,0,0,7,66,CRUISE,,0.23,0.13,0.15,0.00,0.00,0.00,0.00,
105.50,FLYING,SEARCH,0,,,,,92,0,0,0,7,66,CRUISE,,0.21,0.14,0.16,0.00,0.00,0.00,0.00,
105.57,FLYING,SEARCH,0,,,,,92,0,0,0,7,66,CRUISE,,0.27,0.20,0.16,0.00,0.00,0.00,0.00,
105.62,FLYING,SEARCH,0,,,,,92,0,0,0,7,66,CRUISE,,0.29,0.23,0.19,0.00,0.00,0.00,0.00,
105.66,FLYING,SEARCH,0,,,,,92,0,0,0,7,66,CRUISE,,0.31,0.28,0.21,0.00,0.00,0.00,0.00,
105.73,FLYING,SEARCH,0,,,,,92,0,0,0,7,66,CRUISE,,0.32,0.34,0.25,0.00,0.44,0.00,0.00,
105.78,FLYING,SEARCH,0,,,,,92,0,0,0,5,66,CRUISE,,0.63,0.40,0.18,0.00,0.31,0.00,0.00,
105.83,FLYING,SEARCH,0,,,,,92,0,0,0,3,66,CRUISE,,0.79,0.43,0.25,0.00,0.21,0.00,0.00,
105.89,FLYING,SEARCH,0,,,,,92,0,0,0,2,66,CRUISE,,0.71,0.45,0.28,0.00,0.15,0.00,0.00,
105.94,FLYING,SEARCH,0,,,,,92,0,0,0,1,66,CRUISE,,0.60,0.46,0.30,0.00,0.10,0.00,0.00,
105.99,FLYING,SEARCH,0,,,,,92,0,0,0,0,66,CRUISE,,0.54,0.45,0.25,0.00,0.44,0.00,0.00,
106.06,FLYING,SEARCH,0,,,,,92,0,0,0,0,66,CRUISE,,0.81,0.44,0.23,0.00,0.31,0.00,0.00,
106.10,FLYING,SEARCH,0,,,,,92,0,0,0,0,66,CRUISE,,0.94,0.44,0.27,0.00,0.21,0.00,0.00,
106.15,FLYING,SEARCH,0,,,,,92,0,0,0,0,66,CRUISE,,0.57,0.33,0.28,0.00,0.15,0.00,0.00,
106.22,FLYING,SEARCH,0,,,,,92,0,0,0,0,66,CRUISE,,0.38,0.26,0.20,0.00,0.10,0.00,0.00,
106.27,FLYING,SEARCH,0,,,,,92,0,0,0,0,66,CRUISE,,0.26,0.23,0.16,0.00,0.07,0.00,0.00,
106.31,FLYING,SEARCH,0,,,,,92,0,0,0,0,66,CRUISE,,0.23,0.21,0.19,0.00,0.05,0.00,0.00,
106.38,FLYING,SEARCH,0,,,,,92,0,0,0,0,66,CRUISE,,0.25,0.20,0.21,0.00,0.04,0.00,0.00,
106.43,FLYING,SEARCH,0,,,,,92,0,0,0,0,66,CRUISE,,0.27,0.19,0.21,0.00,0.03,0.00,0.00,
106.48,FLYING,SEARCH,0,,,,,92,0,0,0,0,66,CRUISE,,0.23,0.15,0.20,0.00,0.02,0.00,0.00,
106.54,FLYING,SEARCH,0,,,,,92,0,0,0,0,66,CRUISE,,0.21,0.14,0.21,0.00,0.01,0.00,0.00,
106.59,FLYING,SEARCH,0,,,,,92,0,0,0,0,66,CRUISE,,0.19,0.15,0.17,0.00,0.01,0.00,0.00,
106.64,FLYING,SEARCH,0,,,,,92,0,0,0,0,66,CRUISE,,0.17,0.16,0.15,0.00,0.01,0.00,0.00,
106.71,FLYING,SEARCH,0,,,,,92,0,0,0,0,66,CRUISE,,0.16,0.16,0.14,0.00,0.00,0.00,0.00,
106.75,FLYING,SEARCH,0,,,,,92,0,0,0,0,66,CRUISE,,0.18,0.15,0.22,0.00,0.00,0.00,0.00,
106.80,FLYING,SEARCH,0,,,,,92,0,0,0,0,66,CRUISE,,0.23,0.15,0.26,0.00,0.00,0.00,0.00,
106.87,FLYING,SEARCH,0,,,,,92,0,0,0,0,66,CRUISE,,0.24,0.17,0.25,0.00,0.00,0.00,0.00,
106.92,FLYING,SEARCH,0,,,,,92,0,0,0,0,66,CRUISE,,0.26,0.18,0.25,0.00,0.44,0.00,0.00,
106.96,FLYING,SEARCH,0,,,,,92,0,0,0,0,66,CRUISE,,0.37,0.21,0.25,0.00,0.31,0.00,0.00,
107.03,FLYING,SEARCH,0,,,,,92,0,0,0,0,66,CRUISE,,0.60,0.33,0.28,0.00,0.44,0.00,0.00,
107.08,FLYING,SEARCH,0,,,,,92,0,0,0,0,66,CRUISE,,0.71,0.39,0.33,0.00,0.87,0.00,0.00,
107.12,FLYING,SEARCH,0,,,,,92,0,0,0,0,66,CRUISE,,1.04,0.66,0.53,0.00,0.61,0.00,0.00,
107.19,FLYING,SEARCH,0,,,,,92,0,0,0,0,66,CRUISE,,0.92,0.66,0.64,0.00,0.43,0.00,0.00,
107.24,FLYING,SEARCH,0,,,,,92,0,0,0,0,66,CRUISE,,0.86,0.66,0.67,0.00,0.30,0.00,0.00,
107.29,FLYING,SEARCH,0,,,,,92,0,0,0,0,66,CRUISE,,0.82,0.66,0.68,0.00,0.44,0.00,0.00,
107.35,FLYING,SEARCH,0,,,,,92,0,0,0,0,66,CRUISE,,1.12,0.85,1.09,0.00,0.31,0.00,0.00,
107.40,FLYING,SEARCH,0,,,,,92,0,0,0,0,66,CRUISE,,1.26,0.94,1.30,0.00,0.21,0.12,0.14,
107.45,FLYING,SEARCH,0,,,,,92,0,0,0,0,66,CRUISE,,0.73,0.59,0.82,0.00,0.15,0.00,0.00,
107.52,FLYING,SEARCH,0,,,,,92,0,0,0,0,66,CRUISE,,0.46,0.42,0.58,0.00,0.44,0.00,0.00,
107.56,FLYING,SEARCH,0,,,,,92,0,0,0,0,66,CRUISE,,0.71,0.73,0.46,0.00,0.31,0.00,0.00,
107.61,FLYING,SEARCH,0,,,,,92,0,0,0,0,66,CRUISE,,0.84,0.88,0.37,0.00,0.21,0.00,0.00,
107.68,FLYING,SEARCH,0,,,,,92,0,0,0,0,66,CRUISE,,0.52,0.58,0.31,0.00,0.15,0.00,0.00,
107.72,FLYING,SEARCH,0,,,,,92,0,0,0,0,66,CRUISE,,0.36,0.34,0.22,0.00,0.10,0.00,0.00,
107.77,FLYING,SEARCH,0,,,,,92,0,0,0,2,66,CRUISE,,0.28,0.21,0.15,0.00,0.07,0.00,0.00,
107.84,FLYING,SEARCH,0,,,,,92,0,0,0,4,66,CRUISE,,0.20,0.15,0.10,0.00,0.05,0.00,0.00,
107.89,FLYING,SEARCH,0,,,,,92,0,0,0,5,66,CRUISE,,0.16,0.13,0.07,0.00,0.04,0.00,0.00,
107.93,FLYING,SEARCH,0,,,,,92,0,0,0,6,66,CRUISE,,0.14,0.13,0.05,0.00,0.03,0.00,0.00,
108.00,FLYING,SEARCH,0,,,,,92,0,0,0,7,66,CRUISE,,0.15,0.12,0.10,0.00,0.02,0.00,0.00,
108.05,FLYING,SEARCH,0,,,,,92,0,0,0,7,66,CRUISE,,0.15,0.11,0.12,0.00,0.01,0.00,0.00,
108.10,FLYING,SEARCH,0,,,,,92,0,0,0,7,66,CRUISE,,0.15,0.12,0.13,0.00,0.01,0.00,0.00,
108.16,FLYING,SEARCH,0,,,,,92,0,0,0,7,65,CRUISE,,0.23,0.16,0.15,0.00,0.01,0.00,0.00,
108.21,FLYING,SEARCH,0,,,,,92,0,0,0,7,65,CRUISE,,0.27,0.17,0.15,0.00,0.00,0.00,0.00,
108.26,FLYING,SEARCH,0,,,,,92,0,0,0,7,65,CRUISE,,0.30,0.18,0.14,0.00,0.00,0.00,0.00,
108.33,FLYING,SEARCH,0,,,,,92,0,0,0,7,65,CRUISE,,0.39,0.20,0.14,0.00,0.00,0.00,0.00,
108.37,FLYING,SEARCH,0,,,,,92,0,0,0,7,65,CRUISE,,0.43,0.21,0.13,0.00,0.00,0.00,0.00,
108.42,FLYING,SEARCH,0,,,,,92,0,0,0,7,65,CRUISE,,0.46,0.20,0.12,0.00,0.00,0.00,0.00,
108.49,FLYING,SEARCH,0,,,,,92,0,0,0,7,65,CRUISE,,0.43,0.19,0.09,0.00,0.00,0.00,0.00,
108.54,FLYING,SEARCH,0,,,,,92,0,0,0,7,65,CRUISE,,0.42,0.19,0.09,0.00,0.00,0.00,0.00,
108.58,FLYING,SEARCH,0,,,,,92,0,0,0,7,65,CRUISE,,0.41,0.17,0.18,0.00,0.00,0.00,0.00,
108.65,FLYING,SEARCH,0,,,,,92,0,0,0,7,65,CRUISE,,0.37,0.16,0.24,0.00,0.00,0.00,0.00,
108.70,FLYING,SEARCH,0,,,,,92,0,0,0,7,65,CRUISE,,0.34,0.15,0.27,0.00,0.00,0.00,0.00,
108.75,FLYING,SEARCH,0,,,,,92,0,0,0,7,65,CRUISE,,0.32,0.13,0.29,0.00,0.00,0.00,0.00,
108.81,FLYING,SEARCH,0,,,,,92,0,0,0,5,65,CRUISE,,0.32,0.12,0.30,0.00,0.00,0.00,0.00,
108.86,FLYING,SEARCH,0,,,,,92,0,0,0,3,65,CRUISE,,0.34,0.12,0.27,0.00,0.00,0.00,0.00,
108.91,FLYING,SEARCH,0,,,,,92,0,0,0,2,65,CRUISE,,0.30,0.12,0.26,0.00,0.00,0.00,0.00,
108.97,FLYING,SEARCH,0,,,,,92,0,0,0,1,65,CRUISE,,0.28,0.14,0.26,0.00,0.00,0.00,0.00,
109.02,FLYING,SEARCH,0,,,,,92,0,0,0,0,65,CRUISE,,0.23,0.15,0.24,0.00,0.00,0.00,0.00,
109.07,FLYING,SEARCH,0,,,,,92,0,0,0,0,65,CRUISE,,0.21,0.16,0.25,0.00,0.00,0.00,0.00,
109.14,FLYING,SEARCH,0,,,,,92,0,0,0,0,65,CRUISE,,0.20,0.16,0.26,0.00,0.00,0.00,0.00,
109.18,FLYING,SEARCH,0,,,,,92,0,0,0,0,65,CRUISE,,0.19,0.16,0.27,0.00,0.00,0.00,0.00,
109.23,FLYING,SEARCH,0,,,,,92,0,0,0,0,65,CRUISE,,0.19,0.12,0.23,0.00,0.00,0.00,0.00,
109.30,FLYING,SEARCH,0,,,,,92,0,0,0,0,65,CRUISE,,0.19,0.11,0.19,0.00,0.00,0.00,0.00,
109.35,FLYING,SEARCH,0,,,,,92,0,0,0,0,65,CRUISE,,0.20,0.10,0.18,0.00,0.00,0.00,0.00,
109.39,FLYING,SEARCH,0,,,,,92,0,0,0,0,65,CRUISE,,0.23,0.10,0.17,0.00,0.44,0.00,0.00,
109.46,FLYING,SEARCH,0,,,,,92,0,0,0,0,65,CRUISE,,0.25,0.10,0.31,0.00,0.31,0.00,0.00,
109.51,FLYING,SEARCH,0,,,,,92,0,0,0,0,65,CRUISE,,0.28,0.10,0.38,0.00,0.44,0.00,0.00,
109.56,FLYING,SEARCH,0,,,,,92,0,0,0,0,65,CRUISE,,0.30,0.14,0.41,0.00,0.31,0.00,0.00,
109.62,FLYING,SEARCH,0,,,,,92,0,0,0,0,65,CRUISE,,0.32,0.18,0.41,0.00,0.21,0.00,0.00,
109.67,FLYING,SEARCH,0,,,,,92,0,0,0,0,65,CRUISE,,0.28,0.20,0.32,0.00,0.15,0.00,0.00,
109.72,FLYING,SEARCH,0,,,,,92,0,0,0,0,65,CRUISE,,0.27,0.15,0.27,0.00,0.10,0.00,0.00,
109.79,FLYING,SEARCH,0,,,,,92,0,0,0,0,65,CRUISE,,0.27,0.13,0.25,0.00,0.07,0.00,0.00,
109.83,FLYING,SEARCH,0,,,,,92,0,0,0,0,65,CRUISE,,0.26,0.14,0.22,0.00,0.05,0.00,0.00,
109.88,FLYING,SEARCH,0,,,,,92,0,0,0,0,65,CRUISE,,0.29,0.15,0.21,0.00,0.04,0.00,0.00,
109.95,FLYING,SEARCH,0,,,,,92,0,0,0,0,65,CRUISE,,0.38,0.17,0.25,0.00,0.03,0.00,0.00,
110.00,FLYING,SEARCH,0,,,,,92,0,0,0,0,65,CRUISE,,0.43,0.16,0.27,0.00,0.02,0.00,0.00,
110.04,FLYING,SEARCH,0,,,,,92,0,0,0,0,65,CRUISE,,0.41,0.20,0.35,0.00,0.01,0.00,0.00,
110.11,FLYING,SEARCH,0,,,,,92,0,0,0,0,65,CRUISE,,0.33,0.21,0.38,0.00,0.01,0.00,0.00,
110.16,FLYING,SEARCH,0,,,,,92,0,0,0,0,65,CRUISE,,0.30,0.22,0.40,0.00,0.01,0.00,0.00,
110.20,FLYING,SEARCH,0,,,,,92,0,0,0,0,65,CRUISE,,0.29,0.22,0.36,0.00,0.00,0.00,0.00,
110.27,FLYING,SEARCH,0,,,,,92,0,0,0,0,65,CRUISE,,0.28,0.22,0.34,0.00,0.00,0.00,0.00,
110.32,FLYING,SEARCH,0,,,,,92,0,0,0,0,65,CRUISE,,0.31,0.19,0.28,0.00,0.00,0.00,0.00,
110.37,FLYING,SEARCH,0,,,,,92,0,0,0,0,65,CRUISE,,0.33,0.18,0.25,0.00,0.00,0.00,0.00,
110.43,FLYING,SEARCH,0,,,,,92,0,0,0,0,65,CRUISE,,0.42,0.19,0.29,0.00,0.00,0.00,0.00,
110.48,FLYING,SEARCH,0,,,,,92,0,0,0,0,65,CRUISE,,0.47,0.19,0.31,0.00,0.00,0.00,0.00,
110.53,FLYING,SEARCH,0,,,,,92,0,0,0,0,65,CRUISE,,0.40,0.19,0.32,0.00,0.00,0.00,0.00,
110.60,FLYING,SEARCH,0,,,,,92,0,0,0,0,65,CRUISE,,0.33,0.22,0.31,0.00,0.00,0.00,0.00,
110.64,FLYING,SEARCH,0,,,,,92,0,0,0,0,65,CRUISE,,0.25,0.23,0.29,0.00,0.00,0.00,0.00,
110.69,FLYING,SEARCH,0,,,,,92,0,0,0,0,65,CRUISE,,0.21,0.23,0.17,0.00,0.00,0.00,0.00,
110.76,FLYING,SEARCH,0,,,,,92,0,0,0,0,65,CRUISE,,0.19,0.21,0.12,0.00,0.00,0.00,0.00,
110.81,FLYING,SEARCH,0,,,,,92,0,0,0,2,65,CRUISE,,0.18,0.17,0.08,0.00,0.00,0.00,0.00,
110.85,FLYING,SEARCH,0,,,,,92,0,0,0,4,65,CRUISE,,0.17,0.16,0.09,0.00,0.00,0.00,0.00,
110.92,FLYING,SEARCH,0,,,,,92,0,0,0,5,65,CRUISE,,0.25,0.16,0.11,0.00,0.00,0.00,0.00,
110.97,FLYING,SEARCH,0,,,,,92,0,0,0,6,65,CRUISE,,0.30,0.18,0.12,0.00,0.00,0.00,0.00,
111.02,FLYING,SEARCH,0,,,,,92,0,0,0,7,65,CRUISE,,0.32,0.22,0.11,0.00,0.00,0.00,0.00,
111.08,FLYING,SEARCH,0,,,,,92,0,0,0,7,65,CRUISE,,0.42,0.25,0.11,0.00,0.00,0.00,0.00,
111.13,FLYING,SEARCH,0,,,,,92,0,0,0,7,65,CRUISE,,0.47,0.21,0.12,0.00,0.00,0.00,0.00,
111.18,FLYING,SEARCH,0,,,,,92,0,0,0,7,65,CRUISE,,0.50,0.19,0.14,0.00,0.00,0.00,0.00,
111.25,FLYING,SEARCH,0,,,,,92,0,0,0,7,65,CRUISE,,0.44,0.17,0.13,0.00,0.00,0.00,0.00,
