time_s,mode,state,bananas_seen,label,det_conf,cls_conf,size_pct,hunger,lr,fb,ud,yaw,battery,brain,escape_dir,loom_l,loom_c,loom_r,escape_level,wobble_floor,loom_in_l,loom_in_r,hand,self_moving,fps,brain_ms,dng02_rotation,dng02_l,dng02_r,dng02_steer,dng02_thrust,intended_yaw,dng02_yaw
11.85,FLYING,SCAN,0,,,,,100,0,0,0,10,61,ARMING,,0.00,0.00,0.00,0.00,0.00,0.00,0.00,,,0.0,0,0.000,0,0,0.000,0.000,10,0
12.00,FLYING,SCAN,0,,,,,100,0,0,0,17,61,ARMING,,0.05,0.02,0.06,0.00,0.00,0.00,0.00,,,6.6,0,3.314,0,0,0.000,0.000,17,0
12.03,FLYING,SCAN,0,,,,,100,0,0,0,21,61,ARMING,,0.11,0.10,0.27,0.00,0.00,0.00,0.00,,,38.5,0,1.039,0,0,0.000,0.000,21,0
12.06,FLYING,SCAN,0,,,,,100,0,0,0,24,61,ARMING,,0.15,0.22,0.45,0.00,0.00,0.00,0.00,,,38.3,0,1.192,0,0,0.000,0.000,24,0
12.08,FLYING,SCAN,0,,,,,100,0,0,0,26,61,ARMING,,0.19,0.37,0.55,0.00,0.00,0.00,0.00,,,43.7,0,1.259,0,0,0.000,0.000,26,0
12.10,FLYING,SCAN,0,,,,,100,0,0,0,27,61,ARMING,,0.42,0.53,0.52,0.00,0.00,0.00,0.00,,,43.8,0,1.347,0,0,0.000,0.000,27,0
12.15,FLYING,SCAN,0,,,,,100,0,0,0,28,61,ARMING,,0.53,0.62,0.41,0.00,0.00,0.00,0.00,,,21.0,0,2.706,0,0,0.000,0.000,28,0
12.17,FLYING,SCAN,0,,,,,100,0,0,0,29,61,ARMING,,0.42,0.45,0.31,0.00,0.00,0.00,0.00,,,44.0,0,1.010,0,0,0.000,0.000,29,0
12.21,FLYING,SCAN,0,,,,,100,0,0,0,29,61,ARMING,,0.31,0.22,0.15,0.00,0.00,0.00,0.00,,,29.8,0,1.526,0,0,0.000,0.000,29,0
12.24,FLYING,SCAN,0,,,,,100,0,0,0,29,61,ARMING,,0.17,0.11,0.08,0.00,0.00,0.00,0.00,,,29.3,0,1.130,0,0,0.000,0.000,29,0
12.27,FLYING,SCAN,0,,,,,100,0,0,0,29,61,ARMING,,0.11,0.06,0.20,0.00,0.00,0.00,0.00,,,29.6,0,0.597,0,0,0.000,0.000,29,0
12.31,FLYING,SCAN,0,,,,,100,0,0,0,29,61,ARMING,,0.06,0.03,0.27,0.00,0.00,0.00,0.00,,,26.4,0,0.440,0,0,0.000,0.000,29,0
12.33,FLYING,SCAN,0,,,,,100,0,0,0,29,61,ARMING,,0.06,0.02,0.22,0.00,0.00,0.00,0.00,,,43.8,0,-0.968,0,0,0.000,0.000,29,0
12.38,FLYING,SCAN,0,,,,,100,0,0,0,29,61,ARMING,,0.06,0.01,0.20,0.00,0.00,0.00,0.00,,,22.6,0,0.094,0,0,0.000,0.000,29,0
12.42,FLYING,SCAN,0,,,,,100,0,0,0,29,61,ARMING,,0.06,0.07,0.24,0.00,0.00,0.00,0.00,,,27.4,0,-0.399,0,0,0.000,0.000,29,0
12.45,FLYING,SCAN,0,,,,,100,0,0,0,29,61,ARMING,,0.04,0.11,0.28,0.00,0.00,0.00,0.00,,,30.4,0,-0.481,0,0,0.000,0.000,29,0
12.47,FLYING,SCAN,0,,,,,100,0,0,0,29,61,ARMING,,0.02,0.14,0.47,0.00,0.00,0.00,0.00,,,43.4,0,-1.109,0,0,0.000,0.000,29,0
12.50,FLYING,SCAN,0,,,,,100,0,0,0,29,61,ARMING,,0.01,0.14,0.57,0.00,0.00,0.00,0.00,,,30.5,0,-0.315,0,0,0.000,0.000,29,0
12.55,FLYING,SCAN,0,,,,,100,0,0,0,29,61,ARMING,,0.00,0.11,0.48,0.00,0.00,0.00,0.00,,,22.8,0,-0.027,0,0,0.000,0.000,29,0
12.57,FLYING,SCAN,0,,,,,100,0,0,0,29,61,ARMING,,0.00,0.08,0.44,0.00,0.00,0.00,0.00,,,43.7,0,-1.483,0,0,0.000,0.000,29,0
12.61,FLYING,SCAN,0,,,,,100,0,0,0,29,61,ARMING,,0.00,0.05,0.42,0.00,0.00,0.00,0.00,,,22.9,0,-0.119,0,0,0.000,0.000,29,0
12.65,FLYING,SCAN,0,,,,,100,0,0,0,29,61,ARMING,,0.04,0.05,0.49,0.00,0.00,0.00,0.00,,,29.4,0,-0.921,0,0,0.000,0.000,29,0
12.67,FLYING,SCAN,0,,,,,100,0,0,0,29,61,ARMING,,0.06,0.19,0.60,0.00,0.00,0.00,0.00,,,45.7,0,-1.687,0,0,0.000,0.000,29,0
12.70,FLYING,SCAN,0,,,,,100,0,0,0,29,61,ARMING,,0.07,0.26,0.76,0.00,0.00,0.00,0.00,,,29.3,0,-1.168,0,0,0.000,0.000,29,0
12.74,FLYING,SCAN,0,,,,,100,0,0,0,29,61,ARMING,,0.14,0.13,0.92,0.00,0.00,0.00,0.00,,,30.2,0,-1.110,0,0,0.000,0.000,29,0
12.77,FLYING,SCAN,0,,,,,100,0,0,0,29,61,ARMING,,0.17,0.06,0.92,0.00,0.00,0.00,0.00,,,29.9,0,-1.018,0,0,0.000,0.000,29,0
12.82,FLYING,SCAN,0,,,,,100,0,0,0,29,61,ARMING,,0.11,0.03,0.84,0.00,0.00,0.00,0.00,,,22.4,0,-0.208,0,0,0.000,0.000,29,0
12.84,FLYING,SCAN,0,,,,,100,0,0,0,29,61,ARMING,,0.08,0.09,0.80,0.00,0.00,0.00,0.00,,,44.0,0,-1.527,0,0,0.000,0.000,29,0
12.87,FLYING,SCAN,0,,,,,100,0,0,0,29,61,ARMING,,0.07,0.12,0.75,0.00,0.00,0.00,0.00,,,30.3,0,-0.618,0,0,0.000,0.000,29,0
12.90,FLYING,SCAN,0,,,,,100,0,0,0,29,61,ARMING,,0.03,0.15,0.86,0.00,0.00,0.00,0.00,,,30.1,0,-0.520,0,0,0.000,0.000,29,0
12.95,FLYING,SCAN,0,,,,,100,0,0,0,29,61,ARMING,,0.02,0.20,0.78,0.00,0.00,0.00,0.00,,,22.7,0,0.347,0,0,0.000,0.000,29,0
12.97,FLYING,SCAN,0,,,,,100,0,0,0,29,61,ARMING,,0.01,0.23,0.87,0.00,0.00,0.00,0.00,,,44.6,0,-1.022,0,0,0.000,0.000,29,0
13.01,FLYING,SCAN,0,,,,,100,0,0,0,29,61,ARMING,,0.00,0.24,0.77,0.00,0.00,0.00,0.00,,,29.3,0,-0.232,0,0,0.000,0.000,29,0
13.04,FLYING,SCAN,0,,,,,100,0,0,0,29,61,ARMING,,0.14,0.22,0.40,0.00,0.00,0.00,0.00,,,30.8,0,-0.269,0,0,0.000,0.000,29,0
13.07,FLYING,SCAN,0,,,,,100,0,0,0,29,61,ARMING,,0.20,0.20,0.21,0.00,0.00,0.00,0.00,,,30.0,0,-0.414,0,0,0.000,0.000,29,0
13.10,FLYING,SCAN,0,,,,,100,0,0,0,29,61,ARMING,,0.10,0.20,0.21,0.00,0.00,0.00,0.00,,,30.7,0,-0.285,0,0,0.000,0.000,29,0
13.14,FLYING,SCAN,0,,,,,100,0,0,0,29,61,ARMING,,0.05,0.20,0.34,0.00,0.00,0.00,0.00,,,29.6,0,-0.427,0,0,0.000,0.000,29,0
13.17,FLYING,SCAN,0,,,,,100,0,0,0,29,61,ARMING,,0.03,0.21,0.50,0.00,0.00,0.00,0.00,,,30.5,0,-0.428,0,0,0.000,0.000,29,0
13.20,FLYING,SCAN,0,,,,,100,0,0,0,29,61,ARMING,,0.01,0.14,0.58,0.00,0.00,0.00,0.00,,,29.4,0,-0.420,0,0,0.000,0.000,29,0
13.24,FLYING,SCAN,0,,,,,100,0,0,0,29,61,ARMING,,0.01,0.10,0.62,0.00,0.00,0.00,0.00,,,30.3,0,-0.063,0,0,0.000,0.000,29,0
13.27,FLYING,SCAN,0,,,,,100,0,0,0,29,61,ARMING,,0.00,0.09,0.60,0.00,0.00,0.00,0.00,,,29.6,0,0.403,0,0,0.000,0.000,29,0
13.30,FLYING,SCAN,0,,,,,100,0,0,0,29,61,ARMING,,0.01,0.14,0.63,0.00,0.00,0.00,0.00,,,30.7,0,0.915,0,0,0.000,0.000,29,0
13.35,FLYING,SCAN,0,,,,,100,0,0,0,29,61,ARMING,,0.02,0.29,0.57,0.00,0.00,0.00,0.00,,,22.5,0,1.880,0,0,0.000,0.000,29,0
13.37,FLYING,SCAN,0,,,,,100,0,0,0,29,61,ARMING,,0.25,0.41,0.54,0.00,0.00,0.00,0.00,,,43.8,0,0.670,0,0,0.000,0.000,29,0
13.40,FLYING,SCAN,0,,,,,100,0,0,0,29,61,ARMING,,0.40,0.42,0.47,0.00,0.00,0.00,0.00,,,30.5,0,1.452,0,0,0.000,0.000,29,0
13.45,FLYING,SCAN,0,,,,,100,0,0,0,29,61,ARMING,,0.47,0.36,0.24,0.00,0.00,0.00,0.00,,,22.4,0,2.156,0,0,0.000,0.000,29,0
13.47,FLYING,SCAN,0,,,,,100,0,0,0,29,61,ARMING,,0.50,0.33,0.13,0.00,0.00,0.00,0.00,,,43.7,0,0.721,0,0,0.000,0.000,29,0
13.50,FLYING,SCAN,0,,,,,100,0,0,0,29,61,ARMING,,0.52,0.48,0.16,0.00,0.00,0.00,0.00,,,30.8,0,0.974,0,0,0.000,0.000,29,0
13.54,FLYING,SCAN,0,,,,,100,0,0,0,29,61,ARMING,,0.54,0.56,0.37,0.00,0.00,0.00,0.00,,,29.5,0,0.487,0,0,0.000,0.000,29,0
13.57,FLYING,SCAN,0,,,,,100,0,0,0,29,61,ARMING,,0.55,0.57,0.55,0.00,0.00,0.00,0.00,,,30.3,0,0.151,0,0,0.000,0.000,29,0
13.60,FLYING,SCAN,0,,,,,100,0,0,0,29,61,ARMING,,0.42,0.51,0.57,0.00,0.00,0.00,0.00,,,29.5,0,-0.035,0,0,0.000,0.000,29,0
13.65,FLYING,SCAN,0,,,,,100,0,0,0,29,61,ARMING,,0.36,0.40,0.52,0.00,0.00,0.00,0.00,,,22.3,0,0.653,0,0,0.000,0.000,29,0
13.67,FLYING,SCAN,0,,,,,100,0,0,0,29,61,ARMING,,0.35,0.34,0.49,0.00,0.00,0.00,0.00,,,43.8,0,-0.812,0,0,0.000,0.000,29,0
13.70,FLYING,SCAN,0,,,,,100,0,0,0,29,61,ARMING,,0.34,0.31,0.65,0.00,0.00,0.00,0.00,,,30.5,0,-0.011,0,0,0.000,0.000,29,0
13.75,FLYING,SCAN,0,,,,,100,0,0,0,29,61,ARMING,,0.30,0.26,0.74,0.00,0.00,0.00,0.00,,,22.7,0,0.712,0,0,0.000,0.000,29,0
13.77,FLYING,SCAN,0,,,,,100,0,0,0,29,61,ARMING,,0.25,0.24,0.78,0.00,0.00,0.00,0.00,,,44.0,0,-0.485,0,0,0.000,0.000,29,0
13.80,FLYING,SCAN,0,,,,,100,0,0,0,29,61,ARMING,,0.12,0.23,0.64,0.00,0.00,0.00,0.00,,,30.6,0,0.128,0,0,0.000,0.000,29,0
13.84,FLYING,SCAN,0,,,,,100,0,0,0,29,61,ARMING,,0.06,0.16,0.74,0.00,0.00,0.00,0.00,,,29.6,0,0.108,0,0,0.000,0.000,29,0
13.87,FLYING,SCAN,0,,,,,100,0,0,0,29,61,CRUISE,,0.03,0.12,0.79,0.00,0.00,0.00,0.00,,,30.1,0,0.288,0,0,0.000,0.000,29,0
14.07,FLYING,SCAN,0,,,,,100,0,0,0,26,61,CRUISE,,0.00,0.00,0.00,0.00,0.00,0.00,0.00,,yes,5.0,174,0.000,6,8,-0.131,0.410,29,-3
14.12,FLYING,SCAN,0,,,,,100,0,0,0,30,61,CRUISE,,0.00,0.00,0.54,0.00,1.75,0.00,0.00,,yes,18.2,32,7.662,0,7,0.050,0.536,29,1
14.18,FLYING,SCAN,0,,,,,100,0,0,0,29,61,CRUISE,,0.00,0.61,1.31,0.00,1.22,0.00,0.00,,yes,18.4,32,-3.089,1,0,0.000,0.349,29,0
14.23,FLYING,SCAN,0,,,,,100,0,0,0,27,61,CRUISE,,0.00,0.30,1.79,0.00,0.87,0.00,0.06,,yes,18.4,32,0.272,5,5,-0.120,0.430,29,-2
14.29,FLYING,SCAN,0,,,,,100,0,0,0,26,61,CRUISE,,0.00,0.28,2.03,0.15,0.61,0.00,0.31,,yes,18.2,32,-2.664,2,0,-0.160,0.323,29,-3
14.34,FLYING,SCAN,0,,,,,100,0,0,0,27,61,AVOID_LEFT,,0.00,0.27,2.15,0.34,0.44,0.00,0.46,,yes,18.1,32,-2.255,0,0,-0.179,0.210,29,-2
14.40,FLYING,SCAN,0,,,,,100,0,0,0,-3,61,AVOID_LEFT,,0.11,0.46,1.24,0.26,0.31,0.00,0.07,,yes,18.1,32,-0.267,6,5,-0.228,0.371,0,-3
14.45,FLYING,SCAN,0,,,,,100,0,0,0,-3,61,AVOID_LEFT,,0.22,0.70,1.84,0.26,0.44,0.00,0.30,,yes,18.2,32,-6.029,1,0,-0.195,0.271,0,-3
14.51,FLYING,SCAN,0,,,,,100,0,0,0,-4,61,AVOID_LEFT,,0.27,0.91,1.55,0.19,0.87,0.00,0.00,,yes,18.1,32,-5.832,1,0,-0.223,0.171,0,-4
14.56,FLYING,SCAN,0,,,,,100,0,0,0,-4,61,OPTOMOTOR,,0.20,0.92,1.69,0.11,0.87,0.00,0.01,,yes,17.9,33,-4.056,0,0,-0.249,0.125,0,-4
14.62,FLYING,SCAN,0,,,,,100,0,0,0,-6,61,OPTOMOTOR,,0.15,0.80,1.47,0.06,0.61,0.00,0.03,,yes,18.4,33,-6.417,2,0,-0.324,0.137,0,-6
14.67,FLYING,SCAN,0,,,,,100,0,0,0,-7,61,OPTOMOTOR,,0.12,0.73,1.66,0.03,0.43,0.00,0.21,,yes,18.1,33,-4.639,2,0,-0.366,0.144,0,-7
14.73,FLYING,SCAN,0,,,,,100,0,0,0,-6,61,OPTOMOTOR,,0.30,0.74,1.50,0.16,0.30,0.00,0.20,,yes,18.1,32,-2.120,1,0,-0.339,0.129,0,-6
14.79,FLYING,SCAN,0,,,,,100,0,0,0,-5,61,OPTOMOTOR,,0.39,0.75,1.43,0.24,0.21,0.00,0.21,,yes,16.9,37,-3.740,2,0,-0.337,0.125,0,-5
14.84,FLYING,SCAN,0,,,,,100,0,0,0,-4,61,AVOID_LEFT,,0.32,0.55,1.32,0.18,0.15,0.00,0.18,,yes,18.0,33,-2.935,0,0,-0.236,0.085,0,-4
14.90,FLYING,SCAN,0,,,,,100,0,0,0,-4,61,AVOID_LEFT,,0.28,0.44,1.26,0.22,0.10,0.00,0.18,,yes,17.8,33,-2.757,2,0,-0.279,0.100,0,-4
14.95,FLYING,SCAN,0,,,,,100,0,0,0,-6,61,AVOID_LEFT,,0.26,0.38,1.18,0.17,0.07,0.00,0.15,,yes,19.8,28,-1.324,2,0,-0.341,0.123,0,-6
15.01,FLYING,SCAN,0,,,,,100,0,0,0,-5,61,OPTOMOTOR,,0.31,0.40,0.95,0.09,0.44,0.00,0.00,,,18.2,32,-2.568,0,0,-0.275,0.112,0,-5
15.06,FLYING,SCAN,0,,,,,100,0,0,0,-6,61,OPTOMOTOR,,0.38,1.03,0.83,0.05,0.31,0.00,0.00,,,17.8,33,-1.254,2,1,-0.301,0.135,0,-6
15.12,FLYING,SCAN,0,,,,,100,0,0,0,-6,61,OPTOMOTOR,,0.42,1.35,0.77,0.03,0.44,0.06,0.06,,,18.2,32,-2.254,1,0,-0.303,0.123,0,-6
15.17,FLYING,SCAN,0,,,,,100,0,0,0,-6,61,OPTOMOTOR,,0.29,1.16,0.79,0.02,0.31,0.03,0.03,,,18.2,33,-1.233,2,0,-0.317,0.122,0,-6
15.23,FLYING,SCAN,0,,,,,100,0,0,0,-4,61,OPTOMOTOR,,0.22,0.93,0.80,0.01,0.44,0.00,0.00,,,17.7,34,0.414,6,7,-0.210,0.445,0,-4
15.28,FLYING,SCAN,0,,,,,100,0,0,0,0,61,CRUISE,,0.33,0.54,0.72,0.01,0.44,0.00,0.00,,,18.2,32,0.888,0,4,-0.023,0.484,0,0
15.34,FLYING,SCAN,0,,,,,100,0,0,0,0,61,CRUISE,,0.50,0.35,0.62,0.00,0.31,0.00,0.00,,,18.3,33,0.668,5,6,0.014,0.654,0,0
15.39,FLYING,SCAN,0,,,,,100,0,0,0,0,61,CRUISE,,0.58,0.27,0.57,0.00,0.21,0.00,0.00,,,18.2,32,1.706,0,2,0.005,0.435,0,0
15.45,FLYING,SCAN,0,,,,,100,0,0,0,4,61,CRUISE,,0.62,0.30,0.42,0.00,0.44,0.00,0.00,,,18.2,32,1.623,0,4,0.215,0.407,0,4
15.50,FLYING,SCAN,0,,,,,100,0,0,0,6,61,OPTOMOTOR,,0.68,0.35,0.47,0.00,0.44,0.00,0.00,,,18.2,33,1.329,1,5,0.320,0.429,0,6
15.56,FLYING,SCAN,0,,,,,100,0,0,0,4,61,OPTOMOTOR,,0.71,0.42,0.34,0.00,0.31,0.00,0.00,,,17.9,33,0.599,6,8,0.198,0.652,0,4
15.61,FLYING,SCAN,0,,,,,100,0,0,0,13,61,CRUISE,,0.68,0.45,0.25,0.00,0.21,0.00,0.00,,,18.2,32,0.727,6,8,0.164,0.791,10,3
15.67,FLYING,SCAN,0,,,,,100,0,0,0,23,61,CRUISE,,0.51,0.45,0.17,0.00,0.15,0.00,0.00,,yes,18.3,32,1.126,0,7,0.302,0.693,17,6
15.72,FLYING,SCAN,0,,,,,100,0,0,0,26,61,CRUISE,,0.42,0.44,0.13,0.00,0.44,0.00,0.00,,yes,18.3,32,1.570,0,6,0.235,0.605,21,5
15.78,FLYING,SCAN,0,,,,,100,0,0,0,30,61,OPTOMOTOR,,0.76,0.57,0.12,0.00,0.31,0.00,0.00,,yes,18.2,32,1.439,0,5,0.294,0.478,24,6
15.83,FLYING,SCAN,0,,,,,100,0,0,0,33,61,OPTOMOTOR,,0.93,0.63,0.11,0.00,0.21,0.00,0.00,,yes,18.3,32,2.171,0,3,0.365,0.398,26,7
15.89,FLYING,SCAN,0,,,,,100,0,0,0,36,61,OPTOMOTOR,,0.99,0.49,0.11,0.00,0.15,0.02,0.00,,yes,18.4,32,1.808,0,6,0.464,0.381,27,9
15.94,FLYING,SCAN,0,,,,,100,0,0,0,38,61,OPTOMOTOR,,0.88,0.43,0.19,0.00,0.87,0.00,0.00,,yes,18.4,31,1.832,0,6,0.507,0.386,28,10
16.00,FLYING,SCAN,0,,,,,100,0,0,0,36,61,OPTOMOTOR,,0.77,0.47,0.38,0.00,0.87,0.00,0.00,,yes,17.5,35,2.563,0,1,0.342,0.251,29,7
16.05,FLYING,SCAN,0,,,,,100,0,0,0,34,61,OPTOMOTOR,,0.39,0.50,0.47,0.00,0.61,0.00,0.00,,yes,18.4,32,-2.283,1,0,0.226,0.160,29,5
16.11,FLYING,SCAN,0,,,,,100,0,0,0,26,61,CRUISE,,0.19,0.52,0.77,0.00,1.31,0.00,0.00,,yes,18.3,32,-5.022,2,0,-0.129,0.157,29,-3
16.16,FLYING,SCAN,0,,,,,100,0,0,0,25,61,OPTOMOTOR,,0.10,0.52,0.94,0.00,0.92,0.00,0.00,,yes,18.3,32,-1.729,0,0,-0.213,0.117,29,-4
16.22,FLYING,SCAN,0,,,,,100,0,0,0,24,61,OPTOMOTOR,,0.05,0.48,1.03,0.00,1.31,0.00,0.00,,yes,18.3,32,-5.290,1,0,-0.254,0.113,29,-5
16.27,FLYING,SCAN,0,,,,,100,0,0,0,23,61,OPTOMOTOR,,0.02,0.29,0.84,0.00,0.92,0.00,0.00,,yes,18.4,32,-5.794,1,0,-0.276,0.112,29,-6
16.33,FLYING,SCAN,0,,,,,100,0,0,0,22,61,OPTOMOTOR,,0.01,0.20,0.74,0.00,1.31,0.00,0.00,,yes,18.5,31,-1.357,2,0,-0.339,0.130,29,-7
16.38,FLYING,SCAN,0,,,,,100,0,0,0,23,61,OPTOMOTOR,,0.01,0.18,0.69,0.00,0.92,0.00,0.00,,yes,18.7,32,-4.318,1,0,-0.287,0.106,29,-6
16.44,FLYING,SCAN,0,,,,,100,0,0,0,23,61,OPTOMOTOR,,0.00,0.17,0.62,0.00,1.31,0.00,0.00,,yes,15.4,43,0.001,5,5,-0.280,0.322,29,-6
16.50,FLYING,SCAN,0,,,,,100,0,0,0,24,61,OPTOMOTOR,,0.00,0.09,0.41,0.00,0.92,0.00,0.00,,yes,18.5,32,-2.014,0,0,-0.264,0.210,29,-5
16.55,FLYING,SCAN,0,,,,,100,0,0,0,22,61,OPTOMOTOR,,0.00,0.04,0.30,0.00,0.64,0.00,0.00,,yes,18.5,32,-2.295,2,0,-0.353,0.171,29,-7
16.61,FLYING,SCAN,0,,,,,100,0,0,0,23,61,OPTOMOTOR,,0.03,0.05,0.27,0.00,0.87,0.00,0.00,,yes,18.3,32,-2.577,1,0,-0.295,0.129,29,-6
16.66,FLYING,SCAN,0,,,,,100,0,0,0,25,61,OPTOMOTOR,,0.26,0.22,0.51,0.00,0.61,0.00,0.00,,yes,18.8,31,0.081,6,7,-0.187,0.392,29,-4
16.71,FLYING,SCAN,0,,,,,100,0,0,0,25,61,OPTOMOTOR,,0.37,0.49,0.68,0.00,0.87,0.00,0.00,,yes,18.4,32,-2.982,1,0,-0.206,0.283,29,-4
16.77,FLYING,SCAN,0,,,,,100,0,0,0,24,61,CRUISE,,0.35,0.62,0.76,0.00,0.61,0.00,0.00,,yes,18.6,31,-3.190,1,0,-0.234,0.178,29,-5
16.82,FLYING,SCAN,0,,,,,100,0,0,0,25,61,OPTOMOTOR,,0.34,0.50,0.54,0.00,0.44,0.00,0.00,,yes,18.6,31,-0.060,6,7,-0.195,0.391,29,-4
16.88,FLYING,SCAN,0,,,,,100,0,0,0,25,61,CRUISE,,0.23,0.33,0.43,0.00,0.31,0.00,0.00,,yes,18.2,32,-3.738,1,0,-0.199,0.325,29,-4
16.93,FLYING,SCAN,0,,,,,100,0,0,0,25,61,OPTOMOTOR,,0.18,0.24,0.43,0.00,0.87,0.00,0.00,,yes,18.5,32,-0.070,6,8,-0.182,0.522,29,-4
16.99,FLYING,SCAN,0,,,,,100,0,0,0,25,61,CRUISE,,0.20,0.20,0.43,0.00,0.61,0.00,0.00,,yes,18.3,32,-2.910,2,0,-0.213,0.389,29,-4
17.04,FLYING,SCAN,0,,,,,100,0,0,0,24,61,OPTOMOTOR,,0.26,0.17,0.32,0.00,0.87,0.00,0.00,,yes,18.4,32,-2.543,2,0,-0.258,0.271,29,-5
17.09,FLYING,SCAN,0,,,,,100,0,0,0,24,61,OPTOMOTOR,,0.29,0.23,0.27,0.00,0.61,0.00,0.00,,yes,18.3,32,0.508,6,7,-0.230,0.501,29,-5
17.15,FLYING,SCAN,0,,,,,100,0,0,0,24,61,OPTOMOTOR,,0.22,0.25,0.23,0.00,0.44,0.00,0.00,,yes,18.4,32,-2.455,1,0,-0.226,0.315,29,-5
17.20,FLYING,SCAN,0,,,,,100,0,0,0,23,60,OPTOMOTOR,,0.18,0.21,0.17,0.00,0.31,0.00,0.00,,yes,18.5,32,-2.551,2,0,-0.323,0.230,29,-6
17.26,FLYING,SCAN,0,,,,,100,0,0,0,24,60,OPTOMOTOR,,0.19,0.19,0.14,0.00,0.87,0.00,0.00,,yes,18.4,32,0.260,6,7,-0.226,0.420,29,-5
17.31,FLYING,SCAN,0,,,,,100,0,0,0,24,60,OPTOMOTOR,,0.22,0.19,0.20,0.00,0.61,0.00,0.00,,yes,18.5,32,-3.365,2,0,-0.238,0.332,29,-5
17.37,FLYING,SCAN,0,,,,,100,0,0,0,24,60,OPTOMOTOR,,0.24,0.21,0.24,0.00,1.75,0.00,0.00,,yes,18.6,31,-1.497,2,1,-0.262,0.258,29,-5
17.42,FLYING,SCAN,0,,,,,100,0,0,0,26,60,OPTOMOTOR,,0.12,0.25,0.38,0.00,1.22,0.00,0.00,,yes,18.3,32,0.668,3,7,-0.140,0.479,29,-3
17.47,FLYING,SCAN,0,,,,,100,0,0,0,25,60,CRUISE,,0.06,0.26,0.45,0.00,0.86,0.00,0.00,,yes,18.3,32,-1.353,2,0,-0.193,0.394,29,-4
17.53,FLYING,SCAN,0,,,,,100,0,0,0,27,60,CRUISE,,0.03,0.24,0.38,0.00,0.87,0.00,0.00,,yes,18.4,32,1.180,5,8,-0.097,0.555,29,-2
17.58,FLYING,SCAN,0,,,,,100,0,0,0,26,60,CRUISE,,0.02,0.23,0.35,0.00,0.61,0.00,0.00,,yes,18.4,32,-0.411,6,5,-0.130,0.694,29,-3
17.64,FLYING,SCAN,0,,,,,100,0,0,0,28,60,CRUISE,,0.01,0.22,0.34,0.00,0.44,0.00,0.00,,yes,18.4,32,-0.003,5,8,-0.039,0.825,29,-1
17.69,FLYING,SCAN,0,,,,,100,0,0,0,30,60,CRUISE,,0.10,0.20,0.31,0.00,0.31,0.00,0.00,,yes,18.4,32,1.654,1,4,0.059,0.631,29,1
17.75,FLYING,SCAN,0,,,,,100,0,0,0,31,60,CRUISE,,0.14,0.19,0.28,0.00,0.87,0.00,0.00,,yes,18.3,32,0.289,6,7,0.088,0.789,29,2
17.80,FLYING,SCAN,0,,,,,100,0,0,0,30,60,CRUISE,,0.16,0.18,0.28,0.00,0.61,0.00,0.00,,yes,18.2,32,-0.218,6,6,0.028,0.873,29,1
17.86,FLYING,SCAN,0,,,,,100,0,0,0,36,60,CRUISE,,0.16,0.19,0.29,0.00,0.44,0.00,0.00,,yes,18.3,32,1.458,0,8,0.369,0.773,29,7
17.91,FLYING,SCAN,0,,,,,100,0,0,0,32,60,OPTOMOTOR,,0.19,0.19,0.30,0.00,0.31,0.00,0.00,,yes,18.2,32,-0.714,6,5,0.127,0.773,29,3
17.97,FLYING,SCAN,0,,,,,100,0,0,0,29,60,CRUISE,,0.20,0.20,0.31,0.00,0.44,0.00,0.00,,yes,18.3,32,-0.829,3,5,-0.011,0.717,29,0
18.03,FLYING,SCAN,0,,,,,100,0,0,0,28,60,CRUISE,,0.25,0.23,0.32,0.00,0.31,0.00,0.00,,yes,15.7,41,-0.642,5,7,-0.064,0.789,29,-1
18.08,FLYING,SCAN,0,,,,,100,0,0,0,31,60,CRUISE,,0.27,0.30,0.36,0.00,1.31,0.00,0.00,,yes,19.7,29,1.842,0,5,0.110,0.640,29,2
18.13,FLYING,SCAN,0,,,,,100,0,0,0,0,60,CRUISE,,0.15,0.34,0.52,0.00,0.92,0.00,0.00,,yes,18.3,32,-2.385,1,0,-0.021,0.393,0,0
18.19,FLYING,SCAN,0,,,,,100,0,0,0,-2,60,CRUISE,,0.09,0.36,0.61,0.00,0.64,0.00,0.00,,yes,18.2,32,-2.796,1,0,-0.107,0.269,0,-2
18.24,FLYING,SCAN,0,,,,,100,0,0,0,-5,60,CRUISE,,0.05,0.37,0.66,0.00,1.75,0.00,0.00,,yes,18.2,33,-4.083,2,0,-0.263,0.218,0,-5
18.30,FLYING,SCAN,0,,,,,100,0,0,0,-7,60,OPTOMOTOR,,0.02,0.34,0.68,0.00,1.22,0.00,0.00,,yes,18.0,33,-1.677,2,0,-0.359,0.175,0,-7
18.36,FLYING,SCAN,0,,,,,100,0,0,0,-7,60,OPTOMOTOR,,0.01,0.33,0.69,0.00,0.87,0.00,0.00,,yes,17.9,33,-4.044,1,0,-0.336,0.146,0,-7
18.41,FLYING,SCAN,0,,,,,100,0,0,0,-3,60,OPTOMOTOR,,0.03,0.26,0.64,0.00,0.61,0.00,0.00,,yes,17.9,32,0.709,3,7,-0.153,0.316,0,-3
18.47,FLYING,SCAN,0,,,,,100,0,0,0,-3,60,CRUISE,,0.05,0.23,0.62,0.00,0.43,0.00,0.00,,yes,18.0,33,0.439,6,7,-0.125,0.626,0,-3
18.52,FLYING,SCAN,0,,,,,100,0,0,0,-1,60,CRUISE,,0.08,0.21,0.61,0.00,0.30,0.00,0.00,,yes,17.6,34,0.643,6,8,-0.039,0.777,0,-1
18.58,FLYING,SCAN,0,,,,,100,0,0,0,-2,60,CRUISE,,0.11,0.21,0.47,0.00,0.21,0.00,0.00,,yes,18.0,33,0.570,6,5,-0.106,0.819,0,-2
18.63,FLYING,SCAN,0,,,,,100,0,0,0,1,60,CRUISE,,0.13,0.20,0.40,0.00,0.15,0.00,0.00,,yes,18.5,32,0.258,6,8,0.030,0.928,0,1
18.69,FLYING,SCAN,0,,,,,100,0,0,0,1,60,CRUISE,,0.14,0.22,0.36,0.00,0.10,0.00,0.00,,yes,18.1,32,-0.181,6,7,0.059,0.985,0,1
18.75,FLYING,SCAN,0,,,,,100,0,0,0,2,60,CRUISE,,0.13,0.22,0.30,0.00,0.87,0.00,0.00,,,17.2,35,-0.235,5,7,0.124,0.983,0,2
18.80,FLYING,SCAN,0,,,,,100,0,0,0,1,60,CRUISE,,0.11,0.20,0.23,0.00,0.61,0.00,0.00,,,17.9,34,-0.055,6,8,0.026,1.000,0,1
18.86,FLYING,SCAN,0,,,,,100,0,0,0,2,60,OPTOMOTOR,,0.09,0.19,0.19,0.00,0.43,0.00,0.00,,,17.8,33,0.577,5,6,0.120,0.933,0,2
18.92,FLYING,SCAN,0,,,,,100,0,0,0,2,60,CRUISE,,0.19,0.19,0.18,0.00,0.30,0.00,0.00,,,17.6,34,0.663,4,7,0.106,0.892,0,2
18.97,FLYING,SCAN,0,,,,,100,0,0,0,3,60,CRUISE,,0.35,0.19,0.19,0.00,0.21,0.00,0.00,,,17.5,34,0.530,6,8,0.152,0.955,0,3
19.03,FLYING,SCAN,0,,,,,100,0,0,0,3,60,CRUISE,,0.43,0.18,0.20,0.00,0.44,0.00,0.00,,,18.0,33,0.636,5,7,0.140,0.895,0,3
19.08,FLYING,SCAN,0,,,,,100,0,0,0,3,60,CRUISE,,0.47,0.17,0.20,0.00,0.31,0.00,0.00,,,18.7,31,0.441,6,7,0.150,0.952,0,3
19.14,FLYING,SCAN,0,,,,,100,0,0,0,8,60,OPTOMOTOR,,0.41,0.16,0.19,0.00,0.44,0.00,0.00,,,18.3,32,1.170,2,7,0.407,0.836,0,8
19.19,FLYING,SCAN,0,,,,,100,0,0,0,8,60,OPTOMOTOR,,0.36,0.20,0.22,0.00,0.31,0.00,0.00,,,18.2,32,0.597,5,7,0.376,0.871,0,8
19.25,FLYING,SCAN,0,,,,,100,0,0,0,6,60,OPTOMOTOR,,0.27,0.22,0.23,0.00,0.44,0.00,0.00,,,18.2,32,0.488,6,7,0.289,0.924,0,6
19.30,FLYING,SCAN,0,,,,,100,0,0,0,5,60,OPTOMOTOR,,0.17,0.22,0.18,0.00,0.31,0.00,0.00,,,18.3,32,0.576,6,7,0.240,0.954,0,5
19.36,FLYING,SCAN,0,,,,,100,0,0,0,14,60,OPTOMOTOR,,0.12,0.19,0.15,0.00,0.21,0.00,0.00,,,18.1,32,0.362,6,7,0.212,0.942,10,4
19.41,FLYING,SCAN,0,,,,,100,0,0,0,23,60,CRUISE,,0.14,0.17,0.14,0.00,0.44,0.00,0.00,,yes,18.5,32,1.223,1,8,0.302,0.831,17,6
19.47,FLYING,SCAN,0,,,,,100,0,0,0,27,60,OPTOMOTOR,,0.17,0.15,0.19,0.00,0.31,0.00,0.00,,yes,18.2,32,1.623,0,5,0.294,0.648,21,6
19.52,FLYING,SCAN,0,,,,,100,0,0,0,33,60,OPTOMOTOR,,0.23,0.15,0.23,0.00,0.87,0.00,0.00,,yes,18.4,32,1.739,0,7,0.442,0.570,24,9
19.58,FLYING,SCAN,0,,,,,100,0,0,0,37,60,OPTOMOTOR,,0.29,0.14,0.24,0.00,0.61,0.00,0.00,,yes,16.8,37,1.160,2,8,0.529,0.597,26,11
19.63,FLYING,SCAN,0,,,,,100,0,0,0,33,60,OPTOMOTOR,,0.31,0.15,0.26,0.00,0.87,0.00,0.00,,yes,19.5,29,0.342,6,7,0.311,0.756,27,6
19.68,FLYING,SCAN,0,,,,,100,0,0,0,32,60,OPTOMOTOR,,0.24,0.15,0.26,0.00,0.61,0.00,0.00,,yes,18.4,32,0.564,6,6,0.203,0.840,28,4
19.74,FLYING,SCAN,0,,,,,100,0,0,0,26,60,CRUISE,,0.15,0.16,0.27,0.00,0.87,0.00,0.00,,yes,18.1,32,-3.118,2,0,-0.138,0.568,29,-3
19.79,FLYING,SCAN,0,,,,,100,0,0,0,26,60,CRUISE,,0.10,0.15,0.32,0.00,0.61,0.00,0.00,,yes,18.2,32,-0.411,6,7,-0.157,0.639,29,-3
19.85,FLYING,SCAN,0,,,,,100,0,0,0,25,60,CRUISE,,0.08,0.13,0.34,0.00,2.18,0.00,0.00,,yes,18.4,32,-4.591,2,0,-0.191,0.469,29,-4
19.90,FLYING,SCAN,0,,,,,100,0,0,0,25,60,CRUISE,,0.04,0.12,0.32,0.00,1.53,0.00,0.00,,yes,18.5,31,-3.501,1,0,-0.186,0.283,29,-4
19.96,FLYING,SCAN,0,,,,,100,0,0,0,25,60,CRUISE,,0.02,0.11,0.29,0.00,1.07,0.00,0.00,,yes,18.4,31,0.356,5,5,-0.205,0.393,29,-4
20.01,FLYING,SCAN,0,,,,,100,0,0,0,25,60,CRUISE,,0.08,0.10,0.28,0.00,0.75,0.00,0.00,,yes,18.4,31,-2.201,2,0,-0.189,0.288,29,-4
20.08,FLYING,SCAN,0,,,,,100,0,0,0,28,60,CRUISE,,0.12,0.10,0.24,0.00,0.52,0.00,0.00,,yes,15.5,31,2.502,0,2,-0.030,0.214,29,-1
20.13,FLYING,SCAN,0,,,,,100,0,0,0,33,60,CRUISE,,0.14,0.10,0.26,0.00,0.44,0.00,0.00,,yes,18.3,32,1.687,0,3,0.182,0.249,29,4
20.18,FLYING,SCAN,0,,,,,100,0,0,0,36,59,OPTOMOTOR,,0.12,0.13,0.33,0.00,0.31,0.00,0.00,,yes,18.4,32,1.641,0,2,0.329,0.279,29,7
20.24,FLYING,SCAN,0,,,,,100,0,0,0,35,59,OPTOMOTOR,,0.11,0.16,0.39,0.00,0.87,0.00,0.00,,yes,18.4,32,2.594,0,2,0.291,0.209,29,6
20.29,FLYING,SCAN,0,,,,,100,0,0,0,37,59,OPTOMOTOR,,0.10,0.20,0.42,0.00,0.61,0.00,0.00,,yes,18.7,32,3.442,0,5,0.377,0.285,29,8
20.35,FLYING,SCAN,0,,,,,100,0,0,0,37,59,OPTOMOTOR,,0.06,0.22,0.43,0.00,0.87,0.00,0.00,,yes,18.4,32,2.964,0,4,0.408,0.308,29,8
20.40,FLYING,SCAN,0,,,,,100,0,0,0,32,59,OPTOMOTOR,,0.04,0.21,0.43,0.00,0.61,0.00,0.00,,yes,18.5,31,-0.153,6,6,0.126,0.531,29,3
20.45,FLYING,SCAN,0,,,,,100,0,0,0,34,59,CRUISE,,0.07,0.20,0.42,0.00,0.87,0.00,0.00,,yes,18.6,32,1.323,1,6,0.251,0.533,29,5
20.51,FLYING,SCAN,0,,,,,100,0,0,0,31,59,CRUISE,,0.11,0.18,0.37,0.00,0.61,0.00,0.00,,yes,18.2,32,-0.689,4,7,0.112,0.567,29,2
20.56,FLYING,SCAN,0,,,,,100,0,0,0,33,59,OPTOMOTOR,,0.13,0.17,0.35,0.00,0.87,0.00,0.00,,yes,18.5,31,1.507,0,3,0.196,0.519,29,4
20.62,FLYING,SCAN,0,,,,,100,0,0,0,33,59,OPTOMOTOR,,0.10,0.22,0.34,0.00,0.61,0.00,0.00,,yes,18.4,32,0.653,5,7,0.191,0.693,29,4
20.67,FLYING,SCAN,0,,,,,100,0,0,0,34,59,OPTOMOTOR,,0.09,0.24,0.33,0.00,0.44,0.00,0.00,,yes,18.4,32,1.055,3,7,0.260,0.681,29,5
20.73,FLYING,SCAN,0,,,,,100,0,0,0,33,59,OPTOMOTOR,,0.17,0.20,0.24,0.00,0.31,0.00,0.00,,yes,18.3,32,1.806,0,2,0.196,0.521,29,4
20.78,FLYING,SCAN,0,,,,,100,0,0,0,35,59,OPTOMOTOR,,0.21,0.17,0.19,0.00,0.44,0.00,0.00,,yes,18.4,32,0.725,4,8,0.304,0.622,29,6
20.84,FLYING,SCAN,0,,,,,100,0,0,0,33,59,OPTOMOTOR,,0.23,0.16,0.16,0.00,0.31,0.00,0.00,,yes,18.2,32,0.024,5,7,0.218,0.765,29,4
20.89,FLYING,SCAN,0,,,,,100,0,0,0,32,59,CRUISE,,0.24,0.16,0.17,0.00,0.87,0.00,0.00,,yes,18.4,32,1.453,0,6,0.170,0.616,29,3
20.95,FLYING,SCAN,0,,,,,100,0,0,0,29,59,CRUISE,,0.14,0.19,0.25,0.00,0.87,0.00,0.00,,yes,18.4,31,-1.855,2,0,-0.004,0.414,29,0
21.00,FLYING,SCAN,0,,,,,100,0,0,0,28,59,CRUISE,,0.09,0.21,0.29,0.00,0.61,0.00,0.00,,yes,18.6,31,0.016,6,7,-0.070,0.538,29,-1
21.05,FLYING,SCAN,0,,,,,100,0,0,0,26,59,CRUISE,,0.07,0.17,0.28,0.00,0.43,0.00,0.00,,yes,18.4,32,-3.730,1,0,-0.145,0.365,29,-3
21.11,FLYING,SCAN,0,,,,,100,0,0,0,25,59,CRUISE,,0.09,0.15,0.27,0.00,1.31,0.00,0.00,,yes,18.3,32,-4.494,2,0,-0.204,0.258,29,-4
21.16,FLYING,SCAN,0,,,,,100,0,0,0,25,59,OPTOMOTOR,,0.10,0.16,0.28,0.00,0.92,0.00,0.00,,yes,18.4,32,0.165,6,8,-0.188,0.512,29,-4
21.22,FLYING,SCAN,0,,,,,100,0,0,0,25,59,CRUISE,,0.08,0.16,0.28,0.00,0.64,0.00,0.00,,yes,17.4,35,-2.616,1,0,-0.192,0.364,29,-4
21.27,FLYING,SCAN,0,,,,,100,0,0,0,24,59,CRUISE,,0.07,0.15,0.26,0.00,0.87,0.00,0.00,,yes,20.0,29,-3.261,2,0,-0.251,0.258,29,-5
21.32,FLYING,SCAN,0,,,,,100,0,0,0,26,59,CRUISE,,0.10,0.14,0.25,0.00,0.61,0.00,0.00,,yes,18.6,31,0.687,4,7,-0.139,0.455,29,-3
21.38,FLYING,SCAN,0,,,,,100,0,0,0,24,59,OPTOMOTOR,,0.12,0.22,0.34,0.00,0.87,0.00,0.00,,yes,18.4,32,-1.411,2,0,-0.245,0.394,29,-5
21.43,FLYING,SCAN,0,,,,,100,0,0,0,26,59,OPTOMOTOR,,0.13,0.28,0.46,0.00,0.61,0.00,0.00,,yes,18.5,31,0.386,6,8,-0.174,0.618,29,-3
21.49,FLYING,SCAN,0,,,,,100,0,0,0,29,59,CRUISE,,0.14,0.30,0.52,0.00,0.87,0.00,0.00,,yes,18.2,32,1.959,0,5,-0.021,0.500,29,0
21.54,FLYING,SCAN,0,,,,,100,0,0,0,30,59,CRUISE,,0.14,0.19,0.43,0.00,0.61,0.00,0.00,,yes,18.3,32,-0.014,6,8,0.062,0.677,29,1
21.60,FLYING,SCAN,0,,,,,100,0,0,0,31,59,CRUISE,,0.12,0.13,0.36,0.00,0.44,0.00,0.00,,yes,18.2,32,0.921,2,5,0.111,0.658,29,2
21.65,FLYING,SCAN,0,,,,,100,0,0,0,30,59,CRUISE,,0.10,0.21,0.32,0.00,0.87,0.00,0.00,,yes,18.4,32,-0.460,6,8,0.073,0.780,29,1
21.71,FLYING,SCAN,0,,,,,100,0,0,0,28,59,CRUISE,,0.07,0.39,0.34,0.00,0.61,0.00,0.00,,yes,18.4,32,-0.637,6,6,-0.030,0.825,29,-1
21.76,FLYING,SCAN,0,,,,,100,0,0,0,29,59,CRUISE,,0.04,0.48,0.36,0.00,0.87,0.00,0.00,,yes,18.3,32,0.713,5,7,0.008,0.879,29,0
21.81,FLYING,SCAN,0,,,,,100,0,0,0,27,59,CRUISE,,0.03,0.53,0.36,0.00,0.61,0.00,0.00,,yes,18.4,32,-1.972,1,0,-0.123,0.528,29,-2
21.87,FLYING,SCAN,0,,,,,100,0,0,0,-2,59,CRUISE,,0.02,0.45,0.29,0.00,0.87,0.00,0.00,,yes,18.6,32,0.682,4,7,-0.099,0.550,0,-2
21.92,FLYING,SCAN,0,,,,,100,0,0,0,-4,59,CRUISE,,0.10,0.32,0.16,0.00,0.61,0.00,0.00,,yes,18.2,32,-4.260,2,0,-0.185,0.390,0,-4
21.98,FLYING,SCAN,0,,,,,100,0,0,0,-5,59,OPTOMOTOR,,0.14,0.26,0.10,0.00,1.31,0.00,0.00,,yes,18.0,33,-3.779,2,0,-0.245,0.286,0,-5
22.03,FLYING,SCAN,0,,,,,100,0,0,0,-8,59,OPTOMOTOR,,0.10,0.22,0.18,0.00,0.92,0.00,0.00,,yes,18.1,32,-4.556,2,0,-0.383,0.228,0,-8
22.09,FLYING,SCAN,0,,,,,100,0,0,0,-6,59,OPTOMOTOR,,0.07,0.21,0.26,0.00,0.87,0.00,0.00,,yes,17.8,33,-1.732,0,0,-0.305,0.143,0,-6
22.15,FLYING,SCAN,0,,,,,100,0,0,0,-4,59,OPTOMOTOR,,0.06,0.16,0.31,0.00,0.61,0.00,0.00,,yes,17.9,33,-0.193,5,7,-0.197,0.409,0,-4
22.20,FLYING,SCAN,0,,,,,100,0,0,0,-3,59,CRUISE,,0.09,0.12,0.34,0.00,0.43,0.00,0.00,,yes,18.0,33,0.349,6,7,-0.127,0.664,0,-3
22.26,FLYING,SCAN,0,,,,,100,0,0,0,-1,59,CRUISE,,0.10,0.10,0.22,0.00,0.30,0.00,0.00,,yes,18.0,32,0.160,5,7,-0.060,0.803,0,-1
22.31,FLYING,SCAN,0,,,,,100,0,0,0,0,59,CRUISE,,0.11,0.10,0.17,0.00,0.21,0.00,0.00,,yes,18.0,33,0.497,6,7,-0.017,0.872,0,0
22.37,FLYING,SCAN,0,,,,,100,0,0,0,2,59,CRUISE,,0.12,0.10,0.14,0.00,0.15,0.00,0.00,,yes,18.6,32,0.530,6,8,0.083,0.929,0,2
22.42,FLYING,SCAN,0,,,,,100,0,0,0,2,59,CRUISE,,0.12,0.10,0.13,0.00,0.10,0.00,0.00,,yes,18.2,32,0.308,5,7,0.089,0.938,0,2
22.48,FLYING,SCAN,0,,,,,100,0,0,0,2,59,CRUISE,,0.12,0.09,0.11,0.00,0.07,0.00,0.00,,,17.5,34,0.531,5,8,0.100,0.904,0,2
22.53,FLYING,SCAN,0,,,,,100,0,0,0,2,59,CRUISE,,0.13,0.09,0.10,0.00,0.44,0.00,0.00,,,18.2,32,0.101,5,6,0.078,0.919,0,2
22.59,FLYING,SCAN,0,,,,,100,0,0,0,0,59,CRUISE,,0.15,0.10,0.11,0.00,0.31,0.00,0.00,,,18.1,32,0.273,6,7,-0.001,0.951,0,0
22.64,FLYING,SCAN,0,,,,,100,0,0,0,0,59,CRUISE,,0.15,0.10,0.11,0.00,0.44,0.00,0.00,,,17.8,33,0.639,4,7,0.021,0.888,0,0
22.70,FLYING,SCAN,0,,,,,100,0,0,0,2,59,CRUISE,,0.16,0.10,0.16,0.00,0.31,0.00,0.00,,,18.4,32,0.552,4,6,0.082,0.876,0,2
22.76,FLYING,SCAN,0,,,,,100,0,0,0,1,59,CRUISE,,0.15,0.11,0.19,0.00,0.21,0.00,0.00,,,17.8,33,0.292,5,6,0.068,0.903,0,1
22.81,FLYING,SCAN,0,,,,,100,0,0,0,3,59,CRUISE,,0.14,0.12,0.27,0.00,0.15,0.00,0.00,,,17.1,36,0.594,5,7,0.130,0.895,0,3
22.87,FLYING,SCAN,0,,,,,100,0,0,0,2,59,CRUISE,,0.14,0.11,0.36,0.00,0.44,0.00,0.00,,,19.5,29,0.708,5,6,0.094,0.913,0,2
22.92,FLYING,SCAN,0,,,,,100,0,0,0,1,59,CRUISE,,0.18,0.10,0.41,0.00,0.31,0.00,0.00,,,17.9,33,0.404,6,7,0.027,0.948,0,1
22.98,FLYING,SCAN,0,,,,,100,0,0,0,0,59,CRUISE,,0.19,0.10,0.43,0.00,0.21,0.00,0.00,,,18.1,33,0.830,4,5,-0.024,0.891,0,0
23.03,FLYING,SCAN,0,,,,,100,0,0,0,3,59,CRUISE,,0.18,0.10,0.64,0.00,0.15,0.00,0.00,,,18.3,32,0.856,3,7,0.139,0.892,0,3
23.09,FLYING,SCAN,0,,,,,100,0,0,0,12,59,CRUISE,,0.16,0.10,0.74,0.00,0.10,0.00,0.00,,,17.7,34,0.465,5,7,0.121,0.917,10,2
23.14,FLYING,SCAN,0,,,,,100,0,0,0,17,59,CRUISE,,0.15,0.10,0.87,0.00,0.07,0.00,0.00,,yes,17.6,34,1.915,0,2,0.024,0.626,17,0
23.20,FLYING,SCAN,0,,,,,100,0,0,0,23,58,CRUISE,,0.15,0.10,0.64,0.00,0.05,0.00,0.00,,yes,18.3,32,2.809,0,5,0.107,0.476,21,2
23.25,FLYING,SCAN,0,,,,,100,0,0,0,28,58,CRUISE,,0.16,0.11,0.44,0.00,0.44,0.00,0.00,,yes,18.2,32,2.834,0,4,0.189,0.373,24,4
23.31,FLYING,SCAN,0,,,,,100,0,0,0,31,58,OPTOMOTOR,,0.16,0.12,0.29,0.00,0.31,0.00,0.00,,yes,18.4,32,3.587,0,2,0.254,0.276,26,5
23.36,FLYING,SCAN,0,,,,,100,0,0,0,35,58,OPTOMOTOR,,0.15,0.12,0.22,0.00,0.44,0.00,0.00,,yes,18.4,32,3.393,0,6,0.408,0.327,27,8
23.42,FLYING,SCAN,0,,,,,100,0,0,0,38,58,OPTOMOTOR,,0.11,0.16,0.26,0.00,0.31,0.00,0.00,,yes,18.4,32,2.060,0,7,0.493,0.375,28,10
23.47,FLYING,SCAN,0,,,,,100,0,0,0,33,58,OPTOMOTOR,,0.10,0.18,0.28,0.00,0.44,0.00,0.00,,yes,18.4,32,0.797,6,7,0.222,0.531,29,4
23.53,FLYING,SCAN,0,,,,,100,0,0,0,39,58,OPTOMOTOR,,0.10,0.19,0.26,0.00,0.31,0.00,0.00,,yes,18.4,32,1.429,0,7,0.513,0.547,29,10
23.58,FLYING,SCAN,0,,,,,100,0,0,0,33,58,OPTOMOTOR,,0.11,0.19,0.25,0.00,0.87,0.00,0.00,,yes,18.5,31,-1.492,1,0,0.176,0.355,29,4
23.63,FLYING,SCAN,0,,,,,100,0,0,0,28,58,CRUISE,,0.11,0.18,0.24,0.00,0.61,0.00,0.00,,yes,18.6,31,-2.758,2,0,-0.046,0.267,29,-1
23.69,FLYING,SCAN,0,,,,,100,0,0,0,26,58,CRUISE,,0.09,0.16,0.23,0.00,0.87,0.00,0.00,,yes,18.6,31,-0.030,5,7,-0.160,0.508,29,-3
23.74,FLYING,SCAN,0,,,,,100,0,0,0,26,58,CRUISE,,0.10,0.15,0.22,0.00,0.61,0.00,0.00,,yes,18.4,32,-2.813,1,0,-0.161,0.376,29,-3
23.80,FLYING,SCAN,0,,,,,100,0,0,0,25,58,CRUISE,,0.11,0.15,0.23,0.00,0.87,0.00,0.00,,yes,18.6,31,-0.287,6,5,-0.213,0.565,29,-4
23.85,FLYING,SCAN,0,,,,,100,0,0,0,25,58,OPTOMOTOR,,0.11,0.16,0.24,0.00,1.31,0.00,0.00,,yes,18.2,32,-2.208,0,0,-0.195,0.361,29,-4
23.90,FLYING,SCAN,0,,,,,100,0,0,0,25,58,OPTOMOTOR,,0.11,0.24,0.27,0.00,0.92,0.00,0.00,,yes,18.5,31,-1.122,2,1,-0.216,0.303,29,-4
23.96,FLYING,SCAN,0,,,,,100,0,0,0,29,58,CRUISE,,0.16,0.30,0.46,0.00,0.64,0.00,0.00,,yes,18.3,32,1.058,1,7,-0.001,0.395,29,0
24.01,FLYING,SCAN,0,,,,,100,0,0,0,27,58,CRUISE,,0.23,0.32,0.52,0.00,0.45,0.00,0.00,,yes,18.4,32,-2.291,1,0,-0.088,0.327,29,-2
24.07,FLYING,SCAN,0,,,,,100,0,0,0,28,58,CRUISE,,0.26,0.31,0.56,0.00,1.31,0.00,0.00,,yes,18.4,32,1.159,4,7,-0.073,0.422,29,-1
24.12,FLYING,SCAN,0,,,,,100,0,0,0,28,58,CRUISE,,0.23,0.29,0.45,0.00,0.92,0.00,0.00,,yes,18.5,31,0.599,5,6,-0.064,0.619,29,-1
24.18,FLYING,SCAN,0,,,,,100,0,0,0,26,58,CRUISE,,0.20,0.29,0.39,0.00,0.87,0.00,0.00,,yes,18.5,31,-2.675,1,0,-0.151,0.410,29,-3
24.23,FLYING,SCAN,0,,,,,100,0,0,0,26,58,CRUISE,,0.18,0.26,0.35,0.00,0.61,0.00,0.00,,yes,18.3,32,-0.057,6,7,-0.156,0.536,29,-3
24.28,FLYING,SCAN,0,,,,,100,0,0,0,24,58,OPTOMOTOR,,0.17,0.25,0.33,0.00,0.87,0.00,0.00,,yes,18.5,32,-2.614,2,0,-0.247,0.383,29,-5
24.34,FLYING,SCAN,0,,,,,100,0,0,0,23,58,OPTOMOTOR,,0.17,0.24,0.49,0.00,0.61,0.00,0.00,,yes,18.4,32,-1.855,2,0,-0.299,0.268,29,-6
24.40,FLYING,SCAN,0,,,,,100,0,0,0,27,58,OPTOMOTOR,,0.17,0.24,0.77,0.00,0.87,0.00,0.00,,yes,15.6,41,1.145,0,3,-0.104,0.236,29,-2
24.46,FLYING,SCAN,0,,,,,100,0,0,0,27,58,CRUISE,,0.16,0.24,0.97,0.00,0.61,0.00,0.00,,yes,18.3,32,-0.200,6,7,-0.094,0.524,29,-2
24.51,FLYING,SCAN,0,,,,,100,0,0,0,27,58,CRUISE,,0.16,0.25,1.01,0.00,1.75,0.00,0.00,,yes,18.4,32,-0.328,6,7,-0.089,0.700,29,-2
24.57,FLYING,SCAN,0,,,,,100,0,0,0,31,58,CRUISE,,0.13,0.24,0.71,0.00,1.22,0.00,0.00,,yes,18.3,32,1.581,0,7,0.106,0.599,29,2
24.62,FLYING,SCAN,0,,,,,100,0,0,0,31,58,CRUISE,,0.15,0.26,0.57,0.00,0.86,0.00,0.00,,yes,18.2,32,0.040,6,7,0.121,0.728,29,2
24.68,FLYING,SCAN,0,,,,,100,0,0,0,29,58,CRUISE,,0.16,0.27,0.86,0.00,0.87,0.00,0.00,,yes,18.2,32,-0.407,5,5,0.001,0.787,29,0
24.73,FLYING,SCAN,0,,,,,100,0,0,0,35,58,OPTOMOTOR,,0.17,0.29,1.01,0.00,0.61,0.00,0.00,,yes,18.5,31,1.319,1,7,0.300,0.767,29,6
24.78,FLYING,SCAN,0,,,,,100,0,0,0,30,58,OPTOMOTOR,,0.17,0.32,0.83,0.00,0.44,0.00,0.00,,yes,18.5,31,-0.712,6,5,0.064,0.756,29,1
24.84,FLYING,SCAN,0,,,,,100,0,0,0,27,58,CRUISE,,0.25,0.33,0.54,0.00,0.31,0.00,0.00,,yes,18.4,32,-1.294,2,1,-0.100,0.597,29,-2
24.89,FLYING,SCAN,0,,,,,100,0,0,0,28,58,CRUISE,,0.29,0.34,0.39,0.00,1.31,0.00,0.00,,yes,18.6,32,0.815,3,7,-0.052,0.684,29,-1
24.95,FLYING,SCAN,0,,,,,100,0,0,0,26,58,CRUISE,,0.40,0.39,0.34,0.00,0.92,0.00,0.00,,yes,18.4,32,-1.826,2,0,-0.128,0.480,29,-3
25.00,FLYING,SCAN,0,,,,,100,0,0,0,25,58,CRUISE,,0.32,0.44,0.72,0.00,1.31,0.00,0.00,,yes,18.4,32,-3.125,1,0,-0.188,0.318,29,-4
25.06,FLYING,SCAN,0,,,,,100,0,0,0,25,58,OPTOMOTOR,,0.28,0.46,0.92,0.00,0.92,0.00,0.00,,yes,18.5,31,0.147,6,7,-0.199,0.527,29,-4
25.11,FLYING,SCAN,0,,,,,100,0,0,0,24,58,OPTOMOTOR,,0.26,0.39,0.73,0.00,1.31,0.00,0.00,,yes,18.4,32,-1.974,2,0,-0.257,0.392,29,-5
25.16,FLYING,SCAN,0,,,,,100,0,0,0,23,57,OPTOMOTOR,,0.26,0.34,0.58,0.00,0.92,0.00,0.00,,yes,18.6,31,-1.381,2,0,-0.322,0.287,29,-6
25.22,FLYING,SCAN,0,,,,,100,0,0,0,27,57,OPTOMOTOR,,0.30,0.31,0.50,0.00,0.64,0.00,0.00,,yes,18.5,31,1.309,1,6,-0.096,0.381,29,-2
25.27,FLYING,SCAN,0,,,,,100,0,0,0,28,57,CRUISE,,0.32,0.30,0.56,0.00,0.45,0.00,0.00,,yes,18.3,32,-0.223,5,8,-0.029,0.634,29,-1
25.33,FLYING,SCAN,0,,,,,100,0,0,0,32,57,CRUISE,,0.33,0.28,0.59,0.00,0.87,0.00,0.00,,yes,18.7,31,1.621,0,7,0.157,0.576,29,3
25.38,FLYING,SCAN,0,,,,,100,0,0,0,31,57,CRUISE,,0.28,0.26,0.70,0.00,0.61,0.00,0.00,,yes,18.4,31,0.274,6,7,0.080,0.730,29,2
25.43,FLYING,SCAN,0,,,,,100,0,0,0,32,57,CRUISE,,0.26,0.26,0.76,0.00,0.43,0.00,0.00,,yes,18.3,32,0.553,5,7,0.138,0.825,29,3
25.49,FLYING,SCAN,0,,,,,100,0,0,0,33,57,CRUISE,,0.24,0.26,0.79,0.00,0.87,0.00,0.00,,yes,18.2,32,1.721,0,6,0.224,0.708,29,4
25.54,FLYING,SCAN,0,,,,,100,0,0,0,33,57,CRUISE,,0.23,0.26,0.80,0.00,0.61,0.00,0.00,,yes,18.3,32,-0.082,6,8,0.179,0.780,29,4
25.60,FLYING,SCAN,0,,,,,100,0,0,0,5,57,OPTOMOTOR,,0.23,0.23,0.81,0.00,0.44,0.00,0.00,,yes,18.5,31,1.362,1,5,0.260,0.653,0,5
25.65,FLYING,SCAN,0,,,,,100,0,0,0,2,57,OPTOMOTOR,,0.26,0.22,0.73,0.00,0.31,0.00,0.00,,yes,18.5,31,-3.486,1,0,0.106,0.444,0,2
25.71,FLYING,SCAN,0,,,,,100,0,0,0,-2,57,CRUISE,,0.31,0.23,0.69,0.00,0.87,0.00,0.00,,yes,18.0,33,-3.700,2,0,-0.092,0.316,0,-2
25.76,FLYING,SCAN,0,,,,,100,0,0,0,-3,57,CRUISE,,0.34,0.24,0.55,0.00,0.61,0.00,0.00,,yes,18.0,33,-1.898,1,0,-0.156,0.226,0,-3
25.82,FLYING,SCAN,0,,,,,100,0,0,0,-7,57,OPTOMOTOR,,0.26,0.22,0.48,0.00,0.87,0.00,0.00,,yes,18.1,32,-3.893,2,0,-0.337,0.194,0,-7
25.87,FLYING,SCAN,0,,,,,100,0,0,0,-6,57,OPTOMOTOR,,0.21,0.21,0.45,0.00,0.61,0.00,0.00,,yes,18.3,32,-0.817,6,4,-0.281,0.343,0,-6
25.93,FLYING,SCAN,0,,,,,100,0,0,0,-5,57,OPTOMOTOR,,0.23,0.20,0.43,0.00,0.43,0.00,0.00,,yes,17.7,34,0.570,5,5,-0.247,0.570,0,-5
25.99,FLYING,SCAN,0,,,,,100,0,0,0,0,57,CRUISE,,0.24,0.20,0.42,0.00,0.30,0.00,0.00,,yes,15.9,41,1.385,1,5,-0.012,0.521,0,0
26.05,FLYING,SCAN,0,,,,,100,0,0,0,4,57,CRUISE,,0.27,0.20,0.41,0.00,0.44,0.00,0.00,,yes,17.5,35,1.379,2,7,0.177,0.565,0,4
26.10,FLYING,SCAN,0,,,,,100,0,0,0,7,57,OPTOMOTOR,,0.31,0.20,0.47,0.00,0.31,0.00,0.00,,yes,18.3,33,1.439,0,6,0.369,0.518,0,7
26.15,FLYING,SCAN,0,,,,,100,0,0,0,4,57,OPTOMOTOR,,0.33,0.20,0.50,0.00,0.44,0.00,0.00,,yes,19.5,29,0.634,5,6,0.214,0.687,0,4
26.21,FLYING,SCAN,0,,,,,100,0,0,0,8,57,OPTOMOTOR,,0.32,0.21,0.50,0.00,0.31,0.00,0.00,,,18.1,32,1.377,2,7,0.380,0.687,0,8
26.26,FLYING,SCAN,0,,,,,100,0,0,0,9,57,OPTOMOTOR,,0.31,0.22,0.50,0.00,0.44,0.00,0.00,,,18.2,33,1.391,0,5,0.458,0.611,0,9
26.32,FLYING,SCAN,0,,,,,100,0,0,0,10,57,OPTOMOTOR,,0.57,0.25,0.57,0.00,0.31,0.00,0.00,,yes,18.3,32,0.723,5,8,0.481,0.692,0,10
26.37,FLYING,SCAN,0,,,,,100,0,0,0,8,57,OPTOMOTOR,,0.71,0.24,0.60,0.00,0.21,0.00,0.00,,yes,18.1,32,1.465,0,5,0.394,0.599,0,8
26.43,FLYING,SCAN,0,,,,,100,0,0,0,7,57,OPTOMOTOR,,0.62,0.21,0.58,0.00,0.15,0.00,0.00,,yes,18.1,33,0.716,6,8,0.370,0.733,0,7
26.48,FLYING,SCAN,0,,,,,100,0,0,0,8,57,OPTOMOTOR,,0.50,0.18,0.57,0.00,0.10,0.00,0.00,,yes,18.2,32,1.500,0,5,0.379,0.622,0,8
26.54,FLYING,SCAN,0,,,,,100,0,0,0,9,57,OPTOMOTOR,,0.37,0.16,0.57,0.00,0.07,0.00,0.00,,yes,17.8,33,1.437,0,6,0.455,0.536,0,9
26.60,FLYING,SCAN,0,,,,,100,0,0,0,7,57,OPTOMOTOR,,0.31,0.15,0.56,0.00,0.05,0.00,0.00,,yes,18.2,33,0.691,3,7,0.361,0.636,0,7
26.65,FLYING,SCAN,0,,,,,100,0,0,0,7,57,OPTOMOTOR,,0.37,0.17,0.62,0.00,0.04,0.00,0.00,,yes,18.5,32,1.433,0,4,0.346,0.591,0,7
26.71,FLYING,SCAN,0,,,,,100,0,0,0,8,57,OPTOMOTOR,,0.51,0.16,0.51,0.00,0.87,0.00,0.00,,yes,17.9,33,1.366,0,5,0.424,0.514,0,8
26.76,FLYING,SCAN,0,,,,,100,0,0,0,6,57,OPTOMOTOR,,0.63,0.15,0.33,0.00,0.61,0.00,0.00,,yes,18.1,33,0.658,6,8,0.311,0.699,0,6
26.82,FLYING,SCAN,0,,,,,100,0,0,0,16,57,OPTOMOTOR,,0.69,0.14,0.24,0.00,0.43,0.00,0.00,,yes,18.3,32,1.236,1,6,0.292,0.613,10,6
26.87,FLYING,SCAN,0,,,,,100,0,0,0,23,57,OPTOMOTOR,,0.42,0.11,0.28,0.00,0.44,0.00,0.00,,yes,18.0,33,2.230,0,1,0.292,0.464,17,6
26.93,FLYING,SCAN,0,,,,,100,0,0,0,30,57,OPTOMOTOR,,0.27,0.08,0.29,0.00,0.31,0.00,0.00,,yes,18.0,33,2.502,0,7,0.459,0.452,21,9
26.98,FLYING,SCAN,0,,,,,100,0,0,0,35,57,OPTOMOTOR,,0.20,0.08,0.34,0.00,0.44,0.00,0.00,,yes,18.1,33,3.431,0,5,0.551,0.435,24,11
27.04,FLYING,SCAN,0,,,,,100,0,0,0,36,57,OPTOMOTOR,,0.41,0.15,0.47,0.00,0.31,0.00,0.00,,yes,18.4,32,3.631,0,4,0.476,0.364,26,10
27.09,FLYING,SCAN,0,,,,,100,0,0,0,36,57,OPTOMOTOR,,0.63,0.27,0.85,0.00,0.44,0.00,0.00,,yes,18.6,32,3.450,0,2,0.454,0.343,27,9
27.14,FLYING,SCAN,0,,,,,100,0,0,0,37,57,OPTOMOTOR,,0.81,0.33,1.10,0.00,0.31,0.00,0.00,,yes,18.6,31,3.756,0,4,0.436,0.327,28,9
27.20,FLYING,SCAN,0,,,,,100,0,0,0,40,57,OPTOMOTOR,,0.83,0.60,1.29,0.00,0.44,0.00,0.03,,yes,18.3,32,1.414,0,6,0.543,0.398,29,11
27.25,FLYING,SCAN,0,,,,,100,0,0,0,39,57,OPTOMOTOR,,0.82,0.74,1.38,0.00,0.31,0.00,0.14,,yes,18.4,32,1.357,0,3,0.499,0.367,29,10
27.32,FLYING,SCAN,0,,,,,100,0,0,0,33,57,OPTOMOTOR,,0.54,0.63,1.38,0.00,0.87,0.00,0.00,,yes,15.4,31,-0.577,6,7,0.194,0.598,29,4
27.37,FLYING,SCAN,0,,,,,100,0,0,0,29,57,CRUISE,,0.40,0.57,1.37,0.00,0.87,0.00,0.00,,yes,18.5,32,-2.349,2,0,-0.023,0.475,29,0
27.43,FLYING,SCAN,0,,,,,100,0,0,0,27,57,CRUISE,,0.41,0.60,1.92,0.15,0.61,0.00,0.26,,yes,18.3,32,0.297,6,5,-0.120,0.620,29,-2
27.48,FLYING,SCAN,0,,,,,100,0,0,0,26,57,CRUISE,,0.42,0.61,2.20,0.11,1.31,0.00,0.04,,yes,18.6,32,-3.558,2,0,-0.173,0.458,29,-3
27.54,FLYING,SCAN,0,,,,,100,0,0,0,25,57,CRUISE,,0.34,0.47,2.32,0.06,0.92,0.00,0.30,,yes,18.3,32,-3.992,2,0,-0.219,0.310,29,-4
27.60,FLYING,SCAN,0,,,,,100,0,0,0,26,57,OPTOMOTOR,,0.29,0.39,2.32,0.18,1.31,0.00,0.10,,yes,15.8,40,-0.016,6,8,-0.212,0.528,29,-3
27.65,FLYING,SCAN,0,,,,,100,0,0,0,25,57,OPTOMOTOR,,0.14,0.21,1.18,0.10,0.92,0.00,0.00,,yes,18.0,33,-1.728,2,0,-0.249,0.407,29,-4
27.71,FLYING,SCAN,0,,,,,100,0,0,0,24,57,OPTOMOTOR,,0.07,0.12,0.60,0.06,1.31,0.00,0.00,,yes,18.4,32,-1.687,1,0,-0.259,0.262,29,-5
27.76,FLYING,SCAN,0,,,,,100,0,0,0,25,57,OPTOMOTOR,,0.04,0.08,0.33,0.03,0.92,0.00,0.00,,yes,18.3,32,0.747,6,7,-0.219,0.438,29,-4
27.82,FLYING,SCAN,0,,,,,100,0,0,0,24,57,OPTOMOTOR,,0.02,0.08,0.24,0.02,0.64,0.00,0.00,,yes,18.8,31,-1.820,1,0,-0.239,0.294,29,-5
27.87,FLYING,SCAN,0,,,,,100,0,0,0,24,57,OPTOMOTOR,,0.21,0.23,0.50,0.01,0.45,0.00,0.00,,yes,18.4,32,-1.833,1,0,-0.276,0.185,29,-5
27.92,FLYING,SCAN,0,,,,,100,0,0,0,25,57,OPTOMOTOR,,0.31,0.34,0.85,0.01,1.31,0.00,0.00,,yes,18.4,32,0.725,6,7,-0.206,0.395,29,-4
27.98,FLYING,SCAN,0,,,,,100,0,0,0,24,57,CRUISE,,0.31,0.41,1.50,0.00,0.92,0.00,0.00,,yes,18.3,32,-1.652,2,0,-0.227,0.318,29,-5
28.03,FLYING,SCAN,0,,,,,100,0,0,0,22,57,OPTOMOTOR,,0.29,0.43,1.82,0.00,0.64,0.00,0.19,,yes,18.4,32,-1.350,2,0,-0.341,0.245,29,-7
28.09,FLYING,SCAN,0,,,,,100,0,0,0,28,57,CRUISE,,0.15,0.35,1.67,0.15,0.45,0.00,0.21,,yes,18.6,32,1.052,1,5,-0.083,0.310,29,-1
28.15,FLYING,SCAN,0,,,,,100,0,0,0,30,57,CRUISE,,0.08,0.19,0.96,0.11,0.31,0.00,0.00,,yes,15.5,31,1.814,0,2,0.068,0.356,29,1
28.21,FLYING,SCAN,0,,,,,100,0,0,0,30,57,CRUISE,,0.04,0.11,0.60,0.06,0.87,0.00,0.00,,yes,18.4,32,-3.638,1,0,0.048,0.248,29,1
28.26,FLYING,SCAN,0,,,,,100,0,0,0,32,57,CRUISE,,0.02,0.11,0.67,0.04,0.61,0.00,0.00,,yes,18.5,31,0.940,0,5,0.154,0.263,29,3
28.31,FLYING,SCAN,0,,,,,100,0,0,0,28,57,CRUISE,,0.01,0.11,0.71,0.02,0.44,0.00,0.00,,yes,18.4,31,-1.216,2,1,-0.035,0.248,29,-1
28.37,FLYING,SCAN,0,,,,,100,0,0,0,26,57,CRUISE,,0.00,0.08,0.73,0.01,0.31,0.00,0.00,,yes,18.4,32,-1.258,2,1,-0.130,0.240,29,-3
28.42,FLYING,SCAN,0,,,,,100,0,0,0,29,57,CRUISE,,0.07,0.07,0.69,0.01,0.44,0.00,0.00,,yes,18.3,32,0.885,2,7,0.019,0.378,29,0
28.48,FLYING,SCAN,0,,,,,100,0,0,0,27,57,CRUISE,,0.12,0.06,0.80,0.00,0.31,0.00,0.00,,yes,18.5,32,-2.065,0,0,-0.094,0.284,29,-2
28.53,FLYING,SCAN,0,,,,,100,0,0,0,25,57,CRUISE,,0.21,0.13,1.00,0.00,1.31,0.00,0.00,,yes,18.3,32,0.268,6,5,-0.178,0.427,29,-4
28.59,FLYING,SCAN,0,,,,,100,0,0,0,25,57,CRUISE,,0.26,0.17,1.11,0.00,0.92,0.00,0.00,,yes,18.4,32,-2.345,2,0,-0.219,0.393,29,-4
28.64,FLYING,SCAN,0,,,,,100,0,0,0,23,57,OPTOMOTOR,,0.25,0.12,0.66,0.00,0.87,0.00,0.00,,yes,18.7,31,-1.390,2,0,-0.280,0.288,29,-6
28.69,FLYING,SCAN,0,,,,,100,0,0,0,28,57,OPTOMOTOR,,0.13,0.09,0.44,0.00,0.87,0.00,0.00,,yes,18.3,32,1.089,1,8,-0.048,0.377,29,-1
28.75,FLYING,SCAN,0,,,,,100,0,0,0,26,57,CRUISE,,0.19,0.08,0.30,0.00,0.61,0.00,0.00,,yes,18.5,31,-1.157,2,1,-0.126,0.355,29,-3
28.80,FLYING,SCAN,0,,,,,100,0,0,0,27,57,CRUISE,,0.29,0.25,0.31,0.00,0.44,0.00,0.00,,yes,18.5,31,-1.088,2,1,-0.117,0.271,29,-2
28.86,FLYING,SCAN,0,,,,,100,0,0,0,29,57,CRUISE,,0.39,0.71,0.34,0.00,0.31,0.00,0.00,,yes,18.4,32,0.996,3,7,-0.023,0.415,29,0
28.91,FLYING,SCAN,0,,,,,100,0,0,0,26,57,CRUISE,,0.44,0.95,0.43,0.00,0.87,0.00,0.00,,yes,18.5,31,-1.169,2,0,-0.125,0.329,29,-3
28.96,FLYING,SCAN,0,,,,,100,0,0,0,26,57,CRUISE,,0.31,1.06,0.58,0.00,0.61,0.00,0.00,,yes,18.5,31,-0.983,3,2,-0.170,0.366,29,-3
29.02,FLYING,SCAN,0,,,,,100,0,0,0,25,57,CRUISE,,0.25,1.49,0.86,0.00,1.31,0.00,0.00,,yes,18.3,32,-1.449,2,0,-0.222,0.287,29,-4
29.07,FLYING,SCAN,0,,,,,100,0,0,0,25,57,OPTOMOTOR,,0.39,1.70,1.00,0.00,0.92,0.00,0.00,,yes,18.5,32,0.712,6,7,-0.203,0.524,29,-4
29.13,FLYING,SCAN,0,,,,,100,0,0,0,27,57,CRUISE,,0.46,1.22,1.06,0.00,0.87,0.00,0.00,,yes,18.4,32,0.698,5,7,-0.117,0.696,29,-2
29.18,FLYING,SCAN,0,,,,,100,0,0,0,25,57,CRUISE,,0.37,0.99,1.09,0.00,0.61,0.00,0.00,,yes,18.6,31,-1.657,2,0,-0.205,0.472,29,-4
29.24,FLYING,SCAN,0,,,,,100,0,0,0,25,57,OPTOMOTOR,,0.32,0.91,1.07,0.00,0.44,0.00,0.00,,yes,15.9,41,-1.373,0,0,-0.206,0.294,29,-4
29.30,FLYING,SCAN,0,,,,,100,0,0,0,25,57,OPTOMOTOR,,0.33,0.95,1.08,0.00,0.31,0.00,0.00,,yes,19.4,29,-0.369,6,7,-0.194,0.528,29,-4
29.35,FLYING,SCAN,0,,,,,100,0,0,0,-2,57,CRUISE,,0.34,0.97,1.07,0.00,0.44,0.00,0.00,,yes,18.5,31,0.877,4,6,-0.084,0.674,0,-2
29.40,FLYING,SCAN,0,,,,,100,0,0,0,-4,57,CRUISE,,0.34,1.06,1.07,0.00,0.31,0.00,0.00,,yes,18.4,32,-4.652,2,0,-0.195,0.489,0,-4
29.46,FLYING,SCAN,0,,,,,100,0,0,0,-4,57,OPTOMOTOR,,0.34,1.35,1.12,0.00,0.44,0.06,0.06,,yes,18.6,32,-2.239,0,0,-0.201,0.304,0,-4
29.51,FLYING,SCAN,0,,,,,100,0,0,0,-6,57,OPTOMOTOR,,0.32,1.24,1.14,0.00,0.44,0.00,0.00,,yes,18.0,33,-4.480,2,0,-0.322,0.238,0,-6
29.57,FLYING,SCAN,0,,,,,100,0,0,0,-6,57,OPTOMOTOR,,0.19,0.92,1.11,0.00,0.44,0.00,0.00,,yes,18.0,33,-5.239,0,0,-0.295,0.148,0,-6
29.62,FLYING,SCAN,0,,,,,100,0,0,0,-6,57,OPTOMOTOR,,0.09,0.58,0.97,0.00,0.31,0.00,0.00,,yes,18.2,32,-1.638,1,0,-0.300,0.131,0,-6
29.68,FLYING,SCAN,0,,,,,100,0,0,0,-5,57,OPTOMOTOR,,0.05,0.37,1.03,0.00,0.44,0.00,0.00,,yes,17.9,33,-1.891,1,0,-0.265,0.107,0,-5
29.73,FLYING,SCAN,0,,,,,100,0,0,0,-7,57,OPTOMOTOR,,0.10,0.26,1.00,0.00,0.31,0.00,0.00,,yes,18.4,32,-1.510,2,0,-0.333,0.127,0,-7
29.79,FLYING,SCAN,0,,,,,100,0,0,0,-5,57,OPTOMOTOR,,0.14,0.21,0.98,0.00,0.44,0.00,0.00,,yes,18.1,32,-0.722,4,5,-0.228,0.286,0,-5
29.84,FLYING,SCAN,0,,,,,100,0,0,0,-4,57,OPTOMOTOR,,0.15,0.20,0.56,0.00,0.31,0.00,0.00,,yes,18.1,32,-1.486,0,0,-0.186,0.247,0,-4
29.90,FLYING,SCAN,0,,,,,100,0,0,0,-7,57,OPTOMOTOR,,0.16,0.19,0.35,0.00,0.44,0.00,0.00,,yes,18.2,32,-1.520,2,0,-0.353,0.206,0,-7
29.95,FLYING,SCAN,0,,,,,100,0,0,0,-5,57,OPTOMOTOR,,0.17,0.18,0.32,0.00,0.31,0.00,0.00,,,18.1,32,-0.778,4,4,-0.236,0.311,0,-5
30.01,FLYING,SCAN,0,,,,,100,0,0,0,-4,57,CRUISE,,0.17,0.18,0.45,0.00,0.21,0.00,0.00,,,18.1,32,-2.179,2,0,-0.214,0.299,0,-4
30.07,FLYING,SCAN,0,,,,,100,0,0,0,-3,57,AVOID_LEFT,,0.15,0.16,2.48,0.41,0.15,0.00,0.76,,,17.9,33,-1.292,2,0,-0.293,0.249,0,-3
30.12,FLYING,SCARED,0,,,,,100,0,-60,0,-2,57,ESCAPE,LEFT,0.15,0.32,3.49,0.75,0.10,0.00,1.00,,,17.7,34,-1.762,1,0,-0.303,0.159,0,-2
30.18,FLYING,SCARED,0,,,,,100,0,-60,0,-2,56,ESCAPE,,0.17,2.76,3.46,0.71,1.31,0.33,0.68,,yes,17.6,34,-2.011,2,0,-0.284,0.128,0,-2
30.24,FLYING,SCARED,0,,,,,100,0,-60,0,0,56,ESCAPE,,0.61,3.98,2.89,1.00,0.92,1.00,1.00,,yes,17.8,34,-1.688,2,0,-0.343,0.139,0,0
30.29,FLYING,SCARED,0,,,,,100,0,-60,0,0,56,ESCAPE,,1.14,2.87,1.47,1.00,0.64,0.71,0.71,,yes,17.8,33,-1.667,2,0,-0.302,0.116,0,0
30.34,FLYING,SCARED,1,rotten,0.44,0.50,0.5,100,0,-60,0,0,56,ESCAPE,,1.58,2.31,0.77,1.00,0.45,0.53,0.53,,yes,19.0,30,-1.561,2,0,-0.354,0.132,0,0
30.40,FLYING,SCARED,0,,,,,100,0,-60,0,0,56,ESCAPE,,2.54,2.13,2.07,1.00,9.60,0.00,0.00,,yes,18.4,32,-1.078,3,2,-0.386,0.213,0,0
30.45,FLYING,SCARED,0,,,,,100,0,-60,0,-1,56,ESCAPE,,5.85,2.13,2.82,0.65,6.72,0.00,0.00,,yes,18.4,31,-0.415,3,5,-0.207,0.344,0,-1
30.51,FLYING,SCARED,0,,,,,100,0,-60,0,-3,56,ESCAPE,,7.50,2.13,3.19,0.37,30.98,0.00,0.00,,yes,18.3,32,-0.690,5,5,-0.213,0.527,0,-3
30.56,FLYING,SCARED,0,,,,,100,0,-60,0,-2,56,ESCAPE,,5.47,2.63,3.17,0.21,21.69,0.00,0.00,,yes,18.4,32,0.666,1,3,-0.135,0.473,0,-2
30.62,FLYING,SCARED,0,,,,,100,0,-60,0,3,56,ESCAPE,,4.04,2.87,3.16,0.12,36.22,0.00,0.00,,yes,18.4,31,1.165,1,8,0.158,0.538,0,3
30.67,FLYING,SCARED,0,,,,,100,0,-60,0,2,56,ESCAPE,,3.72,2.67,3.92,0.07,25.35,0.00,0.00,,yes,18.3,32,-0.666,0,1,0.108,0.365,0,2
30.72,FLYING,SCARED,0,,,,,100,0,-60,0,0,56,ESCAPE,,3.57,2.57,4.42,0.04,17.75,0.00,0.00,,yes,18.4,31,-1.191,2,1,0.026,0.277,0,0
30.78,FLYING,SCARED,0,,,,,100,0,-60,0,-3,56,ESCAPE,,3.81,2.99,4.67,0.02,12.42,0.00,0.00,,yes,18.4,32,-2.048,2,0,-0.136,0.222,0,-3
30.84,FLYING,WAIT,0,,,,,100,0,-39,0,-4,56,ESCAPE,,3.93,3.20,4.80,0.01,9.60,0.00,0.00,,yes,16.7,37,-0.297,6,7,-0.202,0.459,0,-4
30.89,FLYING,WAIT,0,,,,,100,0,-25,0,-1,56,ESCAPE,,3.40,3.17,5.00,0.01,6.72,0.00,0.00,,yes,19.5,30,4.856,0,4,-0.068,0.449,0,-1
30.95,FLYING,WAIT,0,,,,,100,0,-16,0,-1,56,ESCAPE,,3.13,3.16,5.10,0.00,4.70,0.00,0.00,,yes,18.4,32,-0.094,6,7,-0.038,0.630,0,-1
31.00,FLYING,WAIT,0,,,,,100,0,-10,0,0,56,ESCAPE,,3.00,2.29,3.15,0.00,3.29,0.00,0.00,,yes,18.3,32,-0.014,6,8,-0.011,0.807,0,0
31.06,FLYING,WAIT,0,,,,,100,0,-6,0,1,56,ESCAPE,,1.83,1.26,1.66,0.00,2.30,0.00,0.00,,yes,15.4,31,0.072,6,8,0.038,0.907,0,1
31.12,FLYING,WAIT,0,,,,,100,0,-4,0,3,56,ESCAPE,,0.94,0.66,0.89,0.00,1.61,0.00,0.00,,yes,18.3,32,0.035,6,8,0.138,0.949,0,3
31.17,FLYING,WAIT,0,,,,,100,0,-2,0,2,56,ESCAPE,,0.50,0.36,0.48,0.00,1.13,0.00,0.00,,yes,18.3,32,-0.121,6,7,0.096,0.954,0,2
31.23,FLYING,WAIT,0,,,,,100,0,-1,0,3,56,ESCAPE,,0.33,0.22,0.28,0.00,0.79,0.00,0.00,,yes,18.1,33,0.024,5,8,0.175,0.971,0,3
31.28,FLYING,WAIT,0,,,,,100,0,-1,0,1,56,ESCAPE,,0.25,0.15,0.20,0.00,0.55,0.00,0.00,,yes,18.8,31,-0.051,6,8,0.058,0.999,0,1
31.34,FLYING,WAIT,0,,,,,100,0,0,0,0,56,ESCAPE,,0.15,0.10,0.15,0.00,0.39,0.00,0.00,,yes,18.4,32,0.045,6,8,-0.003,1.000,0,0
31.39,FLYING,WAIT,0,,,,,100,0,0,0,0,56,ESCAPE,,0.10,0.06,0.10,0.00,0.27,0.00,0.00,,yes,18.3,32,-0.048,6,8,-0.025,1.000,0,0
31.45,FLYING,WAIT,0,,,,,100,0,0,0,0,56,ESCAPE,,0.08,0.04,0.08,0.00,0.19,0.00,0.00,,yes,18.1,32,0.011,6,8,0.022,1.000,0,0
31.50,FLYING,WAIT,0,,,,,100,0,0,0,-3,56,ESCAPE,,0.09,0.03,0.04,0.00,0.13,0.00,0.00,,yes,18.7,31,-0.055,6,5,-0.134,0.946,0,-3
31.55,FLYING,WAIT,0,,,,,100,0,0,0,0,56,ESCAPE,,0.09,0.03,0.03,0.00,0.09,0.00,0.00,,yes,18.4,32,0.027,6,8,0.014,0.971,0,0
31.61,FLYING,WAIT,0,,,,,100,0,0,0,-5,56,ESCAPE,,0.08,0.02,0.02,0.00,0.07,0.00,0.00,,yes,18.2,32,-0.042,6,5,-0.226,0.942,0,-5
31.66,FLYING,WAIT,0,,,,,100,0,0,0,0,56,ESCAPE,,0.06,0.02,0.02,0.00,0.05,0.00,0.00,,,18.3,32,-0.001,6,7,-0.007,0.978,0,0
31.72,FLYING,WAIT,0,,,,,100,0,0,0,-2,56,ESCAPE,,0.04,0.01,0.04,0.00,0.03,0.00,0.00,,,18.4,32,-0.026,6,7,-0.077,0.985,0,-2
31.77,FLYING,WAIT,0,,,,,100,0,0,0,1,56,CRUISE,,0.03,0.01,0.07,0.00,0.02,0.00,0.00,,,18.2,32,0.013,5,8,0.069,0.988,0,1
31.83,FLYING,WAIT,0,,,,,100,0,0,0,0,56,CRUISE,,0.02,0.03,0.08,0.00,0.02,0.00,0.00,,,18.2,32,-0.007,6,8,0.000,1.000,0,0
31.88,FLYING,WAIT,0,,,,,100,0,0,0,-1,56,CRUISE,,0.02,0.03,0.08,0.00,0.01,0.00,0.00,,,18.3,32,0.000,6,6,-0.057,0.968,0,-1
31.94,FLYING,WAIT,0,,,,,100,0,0,0,-1,56,CRUISE,,0.01,0.03,0.06,0.00,0.01,0.00,0.00,,,18.4,32,-0.013,6,7,-0.041,0.993,0,-1
31.99,FLYING,WAIT,0,,,,,100,0,0,0,1,56,CRUISE,,0.02,0.03,0.11,0.00,0.01,0.00,0.00,,,18.4,32,-0.085,5,8,0.026,0.978,0,1
32.07,FLYING,WAIT,0,,,,,100,0,0,0,-1,56,CRUISE,,0.07,0.03,0.12,0.00,0.00,0.00,0.00,,,13.4,30,-0.052,5,6,-0.031,0.946,0,-1
32.12,FLYING,WAIT,0,,,,,100,0,0,0,0,56,CRUISE,,0.24,0.03,0.12,0.00,0.00,0.00,0.00,,,18.4,32,-0.051,6,8,-0.022,0.986,0,0
32.17,FLYING,WAIT,0,,,,,100,0,0,0,0,56,CRUISE,,0.33,0.03,0.11,0.00,0.00,0.00,0.00,,,18.3,32,-0.016,6,8,0.000,1.000,0,0
32.23,FLYING,WAIT,0,,,,,100,0,0,0,1,56,CRUISE,,0.46,0.03,0.10,0.00,0.00,0.00,0.00,,,18.2,32,-0.114,6,8,0.033,1.000,0,1
32.30,FLYING,WAIT,0,,,,,100,0,0,0,1,56,CRUISE,,0.76,0.06,0.10,0.00,0.00,0.00,0.00,,,15.0,44,-0.019,5,7,0.055,0.975,0,1
32.35,FLYING,WAIT,0,,,,,100,0,0,0,0,56,CRUISE,,0.90,0.08,0.09,0.00,0.00,0.05,0.00,,,17.9,32,-0.011,6,8,0.012,1.000,0,0
32.41,FLYING,WAIT,0,,,,,100,0,0,0,2,56,CRUISE,,0.47,0.05,0.09,0.00,0.00,0.00,0.00,,,17.8,33,0.001,5,8,0.088,0.997,0,2
32.46,FLYING,WAIT,0,,,,,100,0,0,0,1,56,CRUISE,,0.25,0.03,0.09,0.00,0.00,0.00,0.00,,,18.1,33,-0.037,6,8,0.041,0.971,0,1
32.52,FLYING,WAIT,0,,,,,100,0,0,0,3,56,CRUISE,,0.15,0.02,0.06,0.00,0.00,0.00,0.00,,,18.0,33,-0.025,5,8,0.152,0.952,0,3
32.57,FLYING,WAIT,0,,,,,100,0,0,0,0,56,CRUISE,,0.10,0.03,0.03,0.00,0.00,0.00,0.00,,,18.2,32,-0.013,6,6,-0.010,0.965,0,0
32.63,FLYING,WAIT,0,,,,,100,0,0,0,-1,56,CRUISE,,0.07,0.02,0.02,0.00,0.00,0.00,0.00,,,18.2,32,-0.056,6,7,-0.031,0.991,0,-1
32.68,FLYING,WAIT,0,,,,,100,0,0,0,1,56,CRUISE,,0.06,0.02,0.01,0.00,0.00,0.00,0.00,,,18.2,32,-0.074,6,8,0.053,1.000,0,1
32.74,FLYING,WAIT,0,,,,,100,0,0,0,-1,56,CRUISE,,0.06,0.02,0.02,0.00,0.00,0.00,0.00,,,17.8,33,0.005,6,8,-0.039,0.993,0,-1
32.80,FLYING,WAIT,0,,,,,100,0,0,0,1,56,CRUISE,,0.09,0.02,0.03,0.00,0.00,0.00,0.00,,,18.1,33,-0.133,6,8,0.042,0.998,0,1
32.85,FLYING,WAIT,0,,,,,100,0,0,0,0,56,CRUISE,,0.15,0.02,0.02,0.00,0.00,0.00,0.00,,,18.0,33,-0.036,5,6,-0.012,0.957,0,0
32.91,FLYING,WAIT,0,,,,,100,0,0,0,2,56,CRUISE,,0.18,0.02,0.01,0.00,0.00,0.00,0.00,,,17.8,33,-0.080,6,8,0.109,0.992,0,2
32.96,FLYING,WAIT,0,,,,,100,0,0,0,5,56,CRUISE,,0.17,0.02,0.01,0.00,0.00,0.00,0.00,,,18.2,32,0.001,3,7,0.251,0.949,0,5
33.02,FLYING,WAIT,0,,,,,100,0,0,0,4,56,OPTOMOTOR,,0.13,0.02,0.02,0.00,0.00,0.00,0.00,,,18.0,33,-0.123,6,7,0.219,0.968,0,4
33.07,FLYING,WAIT,0,,,,,100,0,0,0,2,56,CRUISE,,0.11,0.02,0.05,0.00,0.00,0.00,0.00,,,17.8,33,-0.058,6,8,0.109,1.000,0,2
33.13,FLYING,WAIT,0,,,,,100,0,0,0,2,56,CRUISE,,0.13,0.06,0.04,0.00,0.00,0.00,0.00,,,18.0,33,-0.264,6,7,0.075,0.975,0,2
33.18,FLYING,WAIT,0,,,,,100,0,0,0,3,56,CRUISE,,0.27,0.10,0.11,0.00,0.00,0.00,0.00,,,17.9,33,-0.216,5,9,0.144,1.000,0,3
33.24,FLYING,WAIT,0,,,,,100,0,0,0,-1,56,CRUISE,,0.71,0.13,0.48,0.00,0.00,0.00,0.00,,,18.1,33,-0.871,2,4,-0.040,0.749,0,-1
33.30,FLYING,WAIT,0,,,,,100,0,0,0,-2,56,AVOID_RIGHT,,3.93,1.08,1.01,0.41,0.87,1.00,0.00,,,17.2,35,-1.222,3,1,-0.184,0.598,0,-2
33.36,FLYING,WAIT,0,,,,,100,0,0,0,0,56,AVOID_RIGHT,RIGHT,5.54,3.34,1.91,1.00,0.61,1.00,0.96,,,16.9,36,-0.837,6,5,-0.230,0.661,0,0
33.41,FLYING,WAIT,0,,,,,100,0,0,0,0,56,AVOID_RIGHT,RIGHT,5.44,4.46,3.62,1.00,0.43,1.00,1.00,,,17.5,34,-1.431,2,0,-0.237,0.467,0,0
33.47,FLYING,WAIT,0,,,,,100,0,0,0,0,56,OPTOMOTOR,RIGHT,3.40,2.49,4.48,1.00,0.30,1.00,1.00,,,17.3,35,-1.462,2,0,-0.255,0.315,0,0
33.53,FLYING,WAIT,0,,,,,100,0,0,0,0,56,ESCAPE,RIGHT,2.33,1.43,4.39,1.00,0.21,0.66,1.00,,,17.4,35,-1.568,1,0,-0.329,0.211,0,0
33.59,FLYING,WAIT,0,,,,,100,0,0,0,0,56,ESCAPE,RIGHT,1.79,0.98,4.24,1.00,0.15,0.42,1.00,,,17.5,35,-0.609,6,7,-0.240,0.424,0,0
33.64,FLYING,WAIT,0,,,,,100,0,0,0,0,56,ESCAPE,RIGHT,1.70,1.17,4.17,1.00,0.10,0.40,1.00,,,17.7,33,-1.025,2,4,-0.155,0.453,0,0
33.70,FLYING,WAIT,0,,,,,100,0,0,0,0,56,ESCAPE,RIGHT,2.38,3.78,4.13,1.00,0.87,1.00,1.00,,,18.2,32,-0.049,5,8,-0.062,0.617,0,0
33.76,FLYING,WAIT,0,,,,,100,0,0,0,0,56,ESCAPE,RIGHT,2.72,7.29,4.02,1.00,0.61,1.00,1.00,,,17.2,35,-0.520,5,7,-0.093,0.734,0,0
33.82,FLYING,WAIT,0,,,,,100,0,0,0,0,56,ESCAPE,RIGHT,2.34,9.05,3.24,1.00,2.62,1.00,1.00,,,15.0,44,-2.113,0,0,-0.116,0.484,0,0
33.88,FLYING,WAIT,0,,,,,100,0,0,0,0,56,ESCAPE,RIGHT,2.15,5.68,2.85,1.00,1.83,1.00,1.00,,,17.7,34,-1.618,2,0,-0.187,0.325,0,0
33.94,FLYING,WAIT,0,,,,,100,0,0,0,0,56,ESCAPE,RIGHT,3.02,4.00,4.74,1.00,4.80,0.00,0.00,,,17.7,34,-2.405,0,0,-0.217,0.211,0,0
33.99,FLYING,WAIT,0,,,,,100,0,0,0,0,56,ESCAPE,RIGHT,4.45,4.06,5.69,1.00,3.36,0.14,0.77,,,17.7,34,-1.124,2,1,-0.262,0.219,0,0
34.05,FLYING,WAIT,0,,,,,100,0,0,0,0,56,ESCAPE,RIGHT,5.16,4.09,5.73,1.00,2.35,1.00,1.00,,,17.3,35,2.409,0,5,-0.031,0.276,0,0
34.11,FLYING,WAIT,0,,,,,100,0,0,0,0,56,ESCAPE,RIGHT,3.80,3.06,5.12,1.00,1.75,0.63,1.00,,,17.5,35,1.660,0,4,0.198,0.317,0,0
34.16,FLYING,WAIT,0,,,,,100,0,0,0,0,56,ESCAPE,RIGHT,3.13,2.54,4.81,1.00,1.22,0.55,1.00,,,17.6,34,-0.408,4,6,0.062,0.427,0,0
34.22,FLYING,WAIT,0,,,,,100,0,0,0,0,56,ESCAPE,RIGHT,3.31,2.23,3.93,1.00,1.31,0.60,0.91,,,17.4,34,-1.135,2,2,-0.094,0.431,0,0
34.28,FLYING,WAIT,0,,,,,100,0,0,0,0,56,ESCAPE,RIGHT,3.78,2.35,3.49,1.00,0.92,1.00,0.89,,,17.4,35,-4.759,1,0,-0.154,0.304,0,0
34.34,FLYING,WAIT,0,,,,,100,0,0,0,0,56,ESCAPE,RIGHT,4.27,2.14,4.99,1.00,2.62,0.42,0.79,,,17.6,34,-5.950,1,0,-0.190,0.205,0,0
34.39,FLYING,WAIT,0,,,,,100,0,0,0,0,56,ESCAPE,RIGHT,4.78,2.06,5.74,1.00,1.83,1.00,1.00,,,17.7,34,-0.928,2,2,-0.231,0.220,0,0
34.45,FLYING,WAIT,0,,,,,100,0,0,0,0,56,ESCAPE,RIGHT,4.77,2.02,4.61,1.00,1.75,1.00,1.00,,,17.4,34,0.683,1,7,-0.001,0.362,0,0
34.51,FLYING,WAIT,0,,,,,100,0,0,0,0,56,ESCAPE,RIGHT,4.06,2.00,4.05,1.00,1.22,1.00,1.00,,,17.5,34,-2.258,1,0,-0.081,0.266,0,0
34.56,FLYING,WAIT,0,,,,,100,0,0,0,0,56,ESCAPE,RIGHT,3.45,1.54,4.07,1.00,3.05,0.00,0.11,,,17.9,33,0.061,0,2,-0.051,0.216,0,0
34.62,FLYING,WAIT,0,,,,,100,0,0,0,0,56,ESCAPE,RIGHT,3.15,1.31,4.48,1.00,2.18,0.09,0.75,,,18.2,33,2.551,0,6,0.131,0.293,0,0
34.68,FLYING,WAIT,0,,,,,100,0,0,0,0,56,ESCAPE,RIGHT,3.25,1.65,4.68,1.00,1.53,0.46,1.00,,,17.6,34,2.538,0,3,0.306,0.308,0,0
34.73,FLYING,WAIT,0,,,,,100,0,0,0,0,56,ESCAPE,RIGHT,3.30,2.46,4.62,1.00,1.31,0.60,1.00,,,17.2,35,1.261,1,5,0.376,0.374,0,0
34.79,FLYING,WAIT,0,,,,,100,0,0,0,0,56,ESCAPE,RIGHT,2.79,2.87,4.43,1.00,0.92,0.58,1.00,,,17.5,34,1.904,0,2,0.420,0.334,0,0
34.85,FLYING,WAIT,0,,,,,100,0,0,0,0,56,ESCAPE,RIGHT,2.36,4.68,4.33,1.00,2.62,0.63,0.63,,,17.6,34,-1.934,2,0,0.117,0.269,0,0
34.91,FLYING,WAIT,0,,,,,100,0,0,0,0,56,ESCAPE,RIGHT,1.69,5.58,3.28,1.00,1.83,1.00,1.00,,,17.0,35,-1.653,2,0,-0.008,0.190,0,0
34.96,FLYING,WAIT,0,,,,,100,0,0,0,0,56,ESCAPE,RIGHT,1.35,4.24,2.38,1.00,1.28,1.00,1.00,,,17.2,35,1.125,2,5,0.003,0.269,0,0
35.02,FLYING,WAIT,0,,,,,100,0,0,0,0,56,ESCAPE,RIGHT,2.81,3.36,2.30,1.00,0.90,0.83,0.83,,,17.5,34,0.741,5,8,0.016,0.542,0,0
35.08,FLYING,WAIT,0,,,,,100,0,0,0,0,56,ESCAPE,RIGHT,4.22,3.13,3.62,1.00,0.63,1.00,1.00,,,18.2,33,0.085,5,7,0.038,0.735,0,0
35.13,FLYING,WAIT,0,,,,,100,0,0,0,0,56,ESCAPE,RIGHT,4.93,1.96,4.27,1.00,0.44,1.00,1.00,,,17.4,34,-0.282,6,7,-0.023,0.833,0,0
35.20,FLYING,WAIT,0,,,,,100,0,0,0,0,56,ESCAPE,RIGHT,3.67,1.15,2.34,1.00,0.31,1.00,0.61,,,14.5,47,-0.269,5,7,-0.026,0.869,0,0
35.26,FLYING,WAIT,0,,,,,100,0,0,0,0,56,AVOID_RIGHT,RIGHT,2.93,0.73,1.34,1.00,0.22,0.96,0.16,,,17.7,34,-0.233,5,7,0.126,0.933,0,0
35.32,FLYING,WAIT,0,,,,,100,0,0,0,0,56,AVOID_RIGHT,RIGHT,2.67,0.49,0.87,1.00,0.15,0.86,0.00,,,17.7,34,-0.261,6,7,0.021,0.959,0,0
35.37,FLYING,WAIT,0,,,,,100,0,0,0,0,56,AVOID_RIGHT,RIGHT,2.43,0.37,0.79,1.00,0.11,0.76,0.00,,,18.0,34,-0.538,5,5,-0.091,0.916,0,0
35.43,FLYING,WAIT,0,,,,,100,0,0,0,0,56,AVOID_RIGHT,RIGHT,2.51,0.31,1.24,1.00,0.07,0.82,0.18,,,17.8,33,-0.432,5,8,-0.008,0.935,0,0
35.48,FLYING,WAIT,0,,,,,100,0,0,0,0,56,AVOID_RIGHT,RIGHT,2.32,0.24,1.46,1.00,0.05,0.74,0.30,,,17.7,34,-0.221,5,7,0.033,0.941,0,0
35.54,FLYING,WAIT,0,,,,,100,0,0,0,0,56,AVOID_RIGHT,RIGHT,2.21,0.20,1.54,1.00,0.04,0.68,0.35,,,17.7,34,-0.481,4,6,0.024,0.906,0,0
35.60,FLYING,WAIT,0,,,,,100,0,0,0,0,56,AVOID_RIGHT,RIGHT,2.15,0.22,1.59,1.00,0.03,0.66,0.38,,,17.5,34,-0.505,6,6,-0.136,0.911,0,0
35.66,FLYING,WAIT,0,,,,,100,0,0,0,0,56,AVOID_RIGHT,RIGHT,2.12,0.23,1.61,1.00,0.02,0.65,0.39,,,16.9,36,-0.206,6,8,-0.073,0.937,0,0
35.71,FLYING,WAIT,0,,,,,100,0,0,0,0,56,AVOID_RIGHT,RIGHT,1.59,0.23,1.30,1.00,0.01,0.39,0.24,,,17.6,34,-0.229,5,8,0.142,0.975,0,0
35.77,FLYING,WAIT,0,,,,,100,0,0,0,0,56,AVOID_RIGHT,RIGHT,1.33,0.22,1.15,0.91,4.36,0.00,0.00,,,18.3,32,-0.335,3,5,0.074,0.873,0,0
35.82,FLYING,WAIT,0,,,,,100,0,0,0,2,56,AVOID_RIGHT,RIGHT,1.89,1.52,2.13,0.51,3.05,0.00,0.00,,,18.1,33,0.950,5,8,0.214,0.897,0,2
35.88,FLYING,WAIT,0,,,,,100,0,0,0,-1,56,AVOID_RIGHT,,2.18,2.17,2.63,0.29,2.14,0.00,0.00,,,18.2,32,-1.260,2,1,-0.103,0.633,0,-1
35.93,FLYING,WAIT,0,,,,,100,0,0,0,-1,56,AVOID_RIGHT,,2.32,2.71,2.87,0.16,1.50,0.21,0.29,,,18.0,33,0.485,1,5,-0.048,0.499,0,-1
35.99,FLYING,WAIT,0,,,,,100,0,0,0,1,56,CRUISE,RIGHT,3.20,2.44,2.88,0.70,1.05,0.67,0.52,,,17.9,33,1.363,0,5,0.141,0.476,0,1
36.05,FLYING,WAIT,0,,,,,100,0,0,0,0,56,AVOID_RIGHT,RIGHT,4.16,2.30,2.98,1.00,0.73,1.00,0.72,,,17.6,34,0.611,4,7,0.156,0.650,0,0
36.10,FLYING,WAIT,0,,,,,100,0,0,0,0,56,AVOID_RIGHT,RIGHT,4.12,1.98,2.76,1.00,0.51,1.00,0.72,,,17.5,34,-0.630,3,6,0.097,0.709,0,0
36.16,FLYING,WAIT,0,,,,,100,0,0,0,0,56,CRUISE,RIGHT,4.18,1.82,2.87,1.00,3.05,0.16,0.00,,,18.1,34,0.518,2,1,-0.016,0.585,0,0
36.22,FLYING,WAIT,0,,,,,100,0,0,0,0,56,AVOID_RIGHT,RIGHT,4.21,1.89,2.93,0.91,2.14,0.64,0.00,,,17.7,33,-0.093,4,8,0.017,0.701,0,0
36.27,FLYING,WAIT,0,,,,,100,0,0,0,0,56,AVOID_RIGHT,RIGHT,4.22,2.26,2.96,1.00,1.50,0.96,0.33,,,17.4,35,-0.411,6,6,-0.087,0.795,0,0
36.33,FLYING,WAIT,0,,,,,100,0,0,0,0,56,AVOID_RIGHT,RIGHT,4.09,2.17,2.19,1.00,1.05,1.00,0.17,,,17.8,33,0.083,6,8,-0.020,0.872,0,0
36.38,FLYING,WAIT,0,,,,,100,0,0,0,0,56,AVOID_RIGHT,RIGHT,3.71,2.13,1.55,1.00,0.73,1.00,0.30,,,17.8,34,0.048,6,7,0.005,0.910,0,0
36.44,FLYING,WAIT,0,,,,,100,0,0,0,0,56,AVOID_RIGHT,RIGHT,1.92,1.12,0.98,1.00,0.51,0.30,0.00,,,18.2,33,0.090,6,7,-0.064,0.946,0,0
36.49,FLYING,WAIT,0,,,,,100,0,0,0,0,56,AVOID_RIGHT,RIGHT,1.02,0.60,0.69,0.65,0.36,0.00,0.00,,,18.3,32,0.122,6,8,0.014,1.000,0,0
36.55,FLYING,WAIT,0,,,,,100,0,0,0,0,56,AVOID_RIGHT,RIGHT,0.58,0.32,0.55,0.36,0.25,0.00,0.00,,,17.7,34,0.081,6,8,0.000,1.000,0,0
36.61,FLYING,WAIT,0,,,,,100,0,0,0,0,56,AVOID_RIGHT,,0.37,0.17,0.48,0.20,0.18,0.00,0.00,,,18.3,32,0.208,6,8,0.000,1.000,0,0
36.67,FLYING,WAIT,0,,,,,100,0,0,0,0,56,AVOID_RIGHT,,0.57,0.16,0.44,0.12,0.12,0.00,0.00,,,15.2,44,0.003,6,8,0.014,1.000,0,0
36.73,FLYING,WAIT,0,,,,,100,0,0,0,0,56,CRUISE,,0.67,0.16,0.37,0.06,0.09,0.00,0.00,,,17.9,33,0.029,6,7,0.000,1.000,0,0
36.78,FLYING,WAIT,0,,,,,100,0,0,0,0,56,CRUISE,,0.38,0.13,0.26,0.04,0.06,0.00,0.00,,,18.0,33,0.004,6,8,0.000,1.000,0,0
36.84,FLYING,WAIT,0,,,,,100,0,0,0,0,56,CRUISE,,0.23,0.09,0.20,0.02,0.04,0.00,0.00,,,17.8,33,0.105,6,9,0.014,1.000,0,0
36.89,FLYING,WAIT,0,,,,,100,0,0,0,0,56,CRUISE,,0.16,0.07,0.23,0.01,0.03,0.00,0.00,,,18.0,33,0.156,6,8,0.000,1.000,0,0
36.95,FLYING,APPROACH,0,,,,,100,0,4,0,1,56,CRUISE,,0.16,0.08,0.40,0.01,0.02,0.00,0.00,,,19.4,29,0.082,6,8,0.030,1.000,0,1
37.00,FLYING,APPROACH,0,,,,,100,0,6,0,2,56,CRUISE,,0.16,0.08,0.52,0.00,0.01,0.00,0.00,,,18.1,32,0.066,5,9,0.098,1.000,0,2
37.06,FLYING,APPROACH,0,,,,,100,0,8,0,0,56,CRUISE,,0.18,0.08,0.63,0.00,0.01,0.00,0.00,,,17.9,33,-0.023,6,8,0.011,1.000,0,0
37.11,FLYING,APPROACH,0,,,,,100,0,9,0,0,56,CRUISE,,0.19,0.05,0.70,0.00,0.01,0.00,0.00,,,17.9,33,-0.046,6,8,0.000,1.000,0,0
37.17,FLYING,APPROACH,0,,,,,100,0,10,0,1,56,CRUISE,,0.15,0.04,0.75,0.00,0.00,0.00,0.00,,yes,17.7,33,0.164,6,9,0.029,1.000,0,1
37.23,FLYING,APPROACH,0,,,,,100,0,11,0,4,56,OPTOMOTOR,,0.11,0.05,1.38,0.00,0.00,0.00,0.25,,yes,18.1,32,0.931,5,6,0.222,0.956,0,4
37.28,FLYING,APPROACH,0,,,,,100,0,11,0,2,56,CRUISE,,0.09,0.39,1.69,0.26,0.00,0.00,0.40,,yes,17.8,33,0.263,6,7,0.117,0.986,0,2
37.34,FLYING,APPROACH,0,,,,,100,0,11,0,1,56,CRUISE,,0.08,0.56,1.25,0.20,0.00,0.00,0.18,,yes,18.0,33,0.497,5,7,0.051,0.956,0,1
37.39,FLYING,APPROACH,0,,,,,100,0,11,0,2,56,CRUISE,,0.07,0.83,1.03,0.11,0.00,0.00,0.07,,yes,18.2,33,0.616,6,7,0.109,0.943,0,2
37.45,FLYING,APPROACH,0,,,,,100,0,11,0,1,56,CRUISE,,0.08,0.85,1.35,0.20,0.00,0.00,0.23,,yes,18.3,32,0.417,6,8,0.084,0.998,0,1
37.50,FLYING,APPROACH,0,,,,,100,0,11,0,2,56,AVOID_LEFT,,0.18,0.87,2.62,0.52,0.00,0.00,0.86,,yes,17.9,33,0.568,6,8,0.191,0.986,0,2
37.56,FLYING,APPROACH,0,,,,,100,0,11,0,0,56,ESCAPE,,0.25,0.55,4.23,0.81,0.00,0.00,1.00,,yes,18.3,33,0.208,6,5,-0.110,0.951,0,0
37.61,FLYING,APPROACH,0,,,,,100,0,11,0,0,56,ESCAPE,,0.29,0.40,5.04,0.91,0.00,0.00,1.00,,yes,18.1,33,0.062,6,8,-0.058,0.988,0,0
37.67,FLYING,APPROACH,0,,,,,100,0,11,0,0,56,ESCAPE,,0.31,0.40,4.76,0.99,0.00,0.00,1.00,,yes,18.0,33,0.066,6,8,0.045,0.995,0,0
37.72,FLYING,APPROACH,0,,,,,100,0,11,0,0,56,ESCAPE,,0.49,0.40,4.62,1.00,0.00,0.00,1.00,,yes,18.3,32,0.062,6,6,-0.061,0.989,0,0
37.78,FLYING,APPROACH,0,,,,,100,0,11,0,0,56,ESCAPE,,0.58,0.40,4.55,1.00,0.00,0.00,1.00,,yes,18.0,33,0.019,6,7,-0.015,1.000,0,0
37.83,FLYING,APPROACH,0,,,,,100,0,11,0,0,56,ESCAPE,,0.42,0.26,3.23,1.00,0.00,0.00,1.00,,yes,17.9,33,0.025,6,7,-0.095,0.971,0,0
37.89,FLYING,APPROACH,0,,,,,100,0,11,0,0,56,ESCAPE,,0.34,0.19,1.83,1.00,0.00,0.00,0.47,,yes,17.9,33,0.038,6,7,0.015,0.980,0,0
37.94,FLYING,APPROACH,0,,,,,100,0,11,0,0,56,ESCAPE,,0.44,0.18,0.99,0.68,0.00,0.00,0.05,,yes,18.4,32,-0.003,5,6,0.025,0.962,0,0
38.00,FLYING,APPROACH,0,,,,,100,0,11,0,0,56,ESCAPE,,0.50,0.17,0.56,0.38,0.00,0.00,0.00,,yes,18.3,32,-0.020,6,7,-0.011,0.989,0,0
38.05,FLYING,APPROACH,0,,,,,100,0,11,0,1,56,ESCAPE,,0.44,0.12,0.41,0.22,0.00,0.00,0.00,,yes,18.4,32,0.019,5,8,0.093,0.991,0,1
38.11,FLYING,APPROACH,0,,,,,100,0,11,0,0,56,ESCAPE,,0.32,0.08,0.33,0.12,0.00,0.00,0.00,,yes,18.3,32,-0.033,5,7,-0.023,0.944,0,0
38.17,FLYING,APPROACH,0,,,,,100,0,11,0,-4,56,ESCAPE,,0.19,0.04,0.22,0.07,0.00,0.00,0.00,,yes,17.0,36,-0.006,6,5,-0.190,0.941,0,-4
38.22,FLYING,APPROACH,0,,,,,100,0,11,0,0,56,ESCAPE,,0.13,0.03,0.14,0.04,0.00,0.00,0.00,,yes,19.8,29,-0.046,6,8,-0.025,0.968,0,0
38.27,FLYING,APPROACH,0,,,,,100,0,11,0,0,56,ESCAPE,,0.09,0.03,0.10,0.02,0.00,0.00,0.00,,yes,18.2,32,-0.001,6,9,0.000,1.000,0,0
38.33,FLYING,APPROACH,0,,,,,100,0,11,0,0,56,ESCAPE,,0.13,0.03,0.08,0.01,0.00,0.00,0.00,,yes,18.6,31,0.038,6,7,0.008,0.984,0,0
38.38,FLYING,APPROACH,0,,,,,100,0,11,0,2,56,ESCAPE,,0.18,0.02,0.06,0.01,0.00,0.00,0.00,,yes,18.4,32,0.020,5,8,0.108,1.000,0,2
38.43,FLYING,APPROACH,0,,,,,100,0,11,0,0,56,ESCAPE,,0.21,0.01,0.05,0.00,0.00,0.00,0.00,,yes,18.5,32,0.010,6,8,0.017,1.000,0,0
38.49,FLYING,APPROACH,0,,,,,100,0,11,0,0,56,ESCAPE,,0.19,0.03,0.04,0.00,0.00,0.00,0.00,,yes,18.2,32,0.000,6,8,0.000,1.000,0,0
38.54,FLYING,APPROACH,0,,,,,100,0,11,0,1,56,ESCAPE,,0.15,0.07,0.03,0.00,0.00,0.00,0.00,,yes,18.1,32,0.007,5,7,0.062,0.996,0,1
38.60,FLYING,APPROACH,0,,,,,100,0,11,0,2,56,ESCAPE,,0.13,0.19,0.07,0.00,0.00,0.00,0.00,,yes,18.3,32,-0.056,6,7,0.085,0.995,0,2
38.65,FLYING,APPROACH,0,,,,,100,0,11,0,3,56,ESCAPE,,0.13,0.25,0.17,0.00,0.00,0.00,0.00,,yes,18.3,32,-0.037,5,8,0.129,1.000,0,3
38.71,FLYING,APPROACH,0,,,,,100,0,11,0,2,56,ESCAPE,,0.17,0.14,0.22,0.00,0.00,0.00,0.00,,yes,18.6,32,-0.005,6,8,0.123,0.992,0,2
38.76,FLYING,APPROACH,0,,,,,100,0,11,0,3,56,ESCAPE,,0.20,0.08,0.12,0.00,0.00,0.00,0.00,,yes,18.2,32,0.022,5,7,0.150,0.987,0,3
38.82,FLYING,APPROACH,0,,,,,100,0,11,0,2,56,ESCAPE,,0.32,0.05,0.07,0.00,0.00,0.00,0.00,,yes,18.5,32,0.006,5,8,0.105,0.961,0,2
38.87,FLYING,APPROACH,0,,,,,100,0,11,0,1,56,ESCAPE,,0.49,0.03,0.04,0.00,0.00,0.00,0.00,,yes,18.3,32,-0.061,6,8,0.049,0.994,0,1
38.93,FLYING,APPROACH,0,,,,,100,0,11,0,1,56,ESCAPE,,1.46,0.02,0.03,0.00,0.00,0.28,0.00,,yes,18.2,32,-0.103,5,6,0.048,0.969,0,1
38.98,FLYING,APPROACH,0,,,,,100,0,11,0,0,56,ESCAPE,,2.09,0.01,0.04,0.37,0.00,0.60,0.00,,yes,18.1,33,-0.055,6,7,0.002,0.994,0,0
39.04,FLYING,APPROACH,0,,,,,100,0,11,0,0,56,ESCAPE,,2.41,0.01,0.05,0.47,0.00,0.76,0.00,,yes,18.2,32,-0.027,5,7,0.007,0.931,0,0
39.09,FLYING,APPROACH,0,,,,,100,0,11,0,0,56,ESCAPE,,2.53,0.01,0.05,0.65,0.00,0.82,0.00,,yes,18.2,32,0.055,6,8,-0.000,0.977,0,0
39.15,FLYING,APPROACH,0,,,,,100,0,11,0,1,56,ESCAPE,,2.37,0.01,0.05,0.63,0.00,0.74,0.00,,yes,18.0,33,0.012,6,8,0.084,0.988,0,1
39.20,FLYING,APPROACH,0,,,,,100,0,11,0,1,56,AVOID_RIGHT,,1.78,0.01,0.05,0.61,0.00,0.44,0.00,,yes,18.5,32,-0.055,5,8,0.128,1.000,0,1
39.26,FLYING,APPROACH,0,,,,,100,0,11,0,0,56,AVOID_RIGHT,,1.49,0.02,0.04,0.49,0.00,0.30,0.00,,yes,18.2,32,-0.092,6,7,-0.019,0.985,0,0
39.31,FLYING,APPROACH,0,,,,,100,0,11,0,-1,56,AVOID_RIGHT,,1.83,0.03,0.05,0.52,0.00,0.47,0.00,,yes,18.2,32,-0.008,6,6,-0.088,0.955,0,-1
39.37,FLYING,APPROACH,0,,,,,100,0,11,0,-1,56,AVOID_RIGHT,,2.00,0.03,0.05,0.48,0.00,0.55,0.00,,yes,18.0,32,-0.041,6,7,-0.068,0.986,0,-1
39.42,FLYING,APPROACH,0,,,,,100,0,11,0,0,56,AVOID_RIGHT,,1.79,0.03,0.05,0.53,0.00,0.45,0.00,,yes,18.0,33,-0.026,6,8,0.000,1.000,0,0
39.48,FLYING,APPROACH,0,,,,,100,0,11,0,0,56,AVOID_RIGHT,,1.09,0.02,0.05,0.40,0.00,0.10,0.00,,yes,18.2,32,0.022,6,8,0.000,1.000,0,0
39.54,FLYING,APPROACH,0,,,,,100,0,11,0,-2,56,AVOID_RIGHT,,0.57,0.02,0.05,0.22,0.00,0.00,0.00,,yes,16.9,36,0.035,6,6,-0.137,0.965,0,-2
39.59,FLYING,APPROACH,0,,,,,100,0,11,0,-2,56,AVOID_RIGHT,,0.30,0.03,0.04,0.13,0.00,0.00,0.00,,yes,17.8,33,-0.024,6,6,-0.091,0.958,0,-2
39.64,FLYING,APPROACH,0,,,,,100,0,11,0,-1,56,AVOID_RIGHT,,0.17,0.02,0.03,0.07,0.00,0.00,0.00,,yes,19.3,29,-0.144,6,6,-0.066,0.954,0,-1
39.70,FLYING,APPROACH,0,,,,,100,0,11,0,2,56,CRUISE,,0.61,0.01,0.03,0.04,0.00,0.00,0.00,,yes,18.6,31,-0.076,5,8,0.084,0.971,0,2
39.75,FLYING,APPROACH,0,,,,,100,0,11,0,-1,56,CRUISE,,0.83,0.01,0.04,0.02,0.00,0.00,0.00,,yes,18.3,32,-0.130,6,7,-0.040,0.980,0,-1
39.81,FLYING,APPROACH,0,,,,,100,0,11,0,0,56,CRUISE,,1.04,0.01,0.05,0.01,0.00,0.08,0.00,,yes,18.5,32,-0.129,5,7,0.015,0.966,0,0
39.86,FLYING,APPROACH,0,,,,,100,0,11,0,-2,56,CRUISE,,1.05,0.01,0.06,0.01,0.00,0.08,0.00,,yes,18.3,32,-0.243,6,7,-0.079,0.978,0,-2
39.92,FLYING,APPROACH,0,,,,,100,0,11,0,0,56,CRUISE,,1.00,0.00,0.07,0.00,0.00,0.05,0.00,,yes,18.3,32,-0.123,6,7,0.024,0.984,0,0
39.97,FLYING,APPROACH,0,,,,,100,0,11,0,2,56,CRUISE,,0.98,0.01,0.26,0.00,0.00,0.04,0.00,,yes,18.2,32,0.442,5,8,0.113,1.000,0,2
40.02,FLYING,APPROACH,0,,,,,100,0,11,0,0,56,CRUISE,,0.82,0.17,0.42,0.00,1.31,0.00,0.00,,yes,18.4,32,-0.026,6,8,-0.018,0.988,0,0
40.08,FLYING,APPROACH,0,,,,,100,0,11,0,-2,56,CRUISE,,0.60,0.25,0.71,0.00,0.92,0.00,0.00,,yes,18.5,31,-0.964,2,2,-0.099,0.732,0,-2
40.13,FLYING,APPROACH,0,,,,,100,0,11,0,-1,56,CRUISE,,0.50,0.36,0.97,0.00,8.73,0.00,0.00,,yes,18.4,31,-0.287,6,8,-0.035,0.865,0,-1
40.19,FLYING,APPROACH,0,,,,,100,0,11,0,-3,56,CRUISE,,1.91,1.30,1.39,0.00,6.11,0.00,0.00,,yes,18.3,32,-0.146,5,5,-0.145,0.821,0,-3
40.24,FLYING,APPROACH,0,,,,,100,0,11,0,1,56,CRUISE,,2.62,2.47,1.97,0.00,11.34,0.00,0.00,,yes,18.5,31,0.189,4,6,0.026,0.781,0,1
40.30,FLYING,APPROACH,0,,,,,100,0,11,0,2,56,CRUISE,,2.98,3.03,2.26,0.00,7.94,0.00,0.00,,yes,18.4,32,2.608,0,3,0.087,0.597,0,2
40.35,FLYING,APPROACH,0,,,,,100,0,11,0,3,56,CRUISE,,3.74,3.31,3.05,0.00,30.54,0.00,0.00,,yes,18.8,31,1.616,0,3,0.135,0.436,0,3
40.40,FLYING,APPROACH,0,,,,,100,0,11,0,2,56,CRUISE,,4.12,3.44,3.01,0.00,21.38,0.00,0.00,,yes,18.4,32,0.292,6,8,0.107,0.656,0,2
40.46,FLYING,APPROACH,0,,,,,100,0,11,0,5,56,CRUISE,,4.00,3.50,3.59,0.00,27.49,0.00,0.00,,yes,18.6,31,1.072,0,7,0.269,0.617,0,5
40.51,FLYING,APPROACH,0,,,,,100,0,11,0,7,56,OPTOMOTOR,,3.94,3.37,3.28,0.00,19.24,0.00,0.00,,yes,18.3,32,1.331,1,8,0.364,0.619,0,7
40.57,FLYING,APPROACH,0,,,,,100,0,11,0,9,56,OPTOMOTOR,,3.91,3.09,2.82,0.00,13.47,0.00,0.00,,yes,18.3,32,1.133,0,5,0.435,0.587,0,9
40.62,FLYING,APPROACH,0,,,,,100,0,11,0,10,56,OPTOMOTOR,,3.72,2.96,2.15,0.00,9.43,0.00,0.00,,yes,18.4,32,2.836,0,4,0.480,0.507,0,10
40.68,FLYING,APPROACH,0,,,,,100,0,11,0,7,56,OPTOMOTOR,,3.62,2.89,2.13,0.00,6.60,0.00,0.00,,yes,18.5,31,0.192,2,5,0.329,0.461,0,7
40.73,FLYING,APPROACH,0,,,,,100,0,11,0,7,56,OPTOMOTOR,,3.97,3.53,1.81,0.00,4.62,0.00,0.00,,yes,18.7,32,2.457,0,6,0.358,0.417,0,7
40.78,FLYING,APPROACH,0,,,,,100,0,11,0,10,56,OPTOMOTOR,,4.14,3.99,1.20,0.00,7.85,0.00,0.00,,yes,18.4,32,1.871,0,5,0.515,0.430,0,10
40.84,FLYING,APPROACH,0,,,,,100,0,11,0,9,56,OPTOMOTOR,,4.67,4.24,0.90,0.00,5.67,0.00,0.00,,yes,18.5,31,0.942,1,5,0.458,0.414,0,9
40.89,FLYING,APPROACH,0,,,,,100,0,11,0,3,56,OPTOMOTOR,,5.17,4.36,1.36,0.00,3.97,0.16,0.00,,yes,18.4,32,0.378,5,5,0.163,0.581,0,3
40.95,FLYING,APPROACH,0,,,,,100,0,11,0,4,56,AVOID_RIGHT,,5.42,4.15,2.39,0.41,2.78,0.88,0.24,,yes,18.2,33,2.167,0,5,0.322,0.508,0,4
41.00,FLYING,APPROACH,0,,,,,100,0,11,0,0,56,ESCAPE,,5.80,4.05,3.23,1.00,1.95,1.00,0.61,,yes,18.1,32,0.463,6,8,0.333,0.682,0,0
41.07,FLYING,APPROACH,0,,,,,100,0,11,0,1,56,ESCAPE,,4.63,4.00,3.69,0.76,3.93,0.00,0.00,,yes,15.4,31,-0.473,6,5,0.147,0.751,0,1
41.13,FLYING,APPROACH,0,,,,,100,0,11,0,-1,56,ESCAPE,,5.49,3.61,3.87,0.58,2.75,0.92,0.12,,yes,15.1,44,-1.133,3,2,-0.107,0.575,0,-1
41.19,FLYING,APPROACH,0,,,,,100,0,11,0,0,56,ESCAPE,,5.92,2.22,4.51,0.58,7.85,0.00,0.00,,yes,18.2,33,1.108,3,7,-0.037,0.657,0,0
41.24,FLYING,APPROACH,0,,,,,100,0,11,0,0,56,ESCAPE,,7.83,2.72,3.46,0.51,5.50,0.72,0.00,,yes,18.1,33,0.334,6,8,-0.005,0.823,0,0
41.30,FLYING,APPROACH,0,,,,,100,0,11,0,1,56,ESCAPE,,8.79,3.29,3.55,0.38,18.33,0.00,0.00,,yes,18.4,32,0.968,3,5,0.051,0.802,0,1
41.35,FLYING,APPROACH,0,,,,,100,0,11,0,1,56,ESCAPE,,4.92,3.64,1.82,0.21,12.83,0.00,0.00,,yes,18.3,32,-0.285,5,6,0.066,0.847,0,1
41.41,FLYING,APPROACH,0,,,,,100,0,11,0,-1,56,ESCAPE,,2.82,4.07,2.64,0.12,8.98,0.00,0.00,,yes,18.4,32,-0.655,5,5,-0.076,0.839,0,-1
41.46,FLYING,APPROACH,0,,,,,100,0,11,0,-2,56,ESCAPE,,1.94,5.47,2.01,0.07,7.42,0.00,0.00,,yes,18.3,32,-0.486,6,7,-0.133,0.877,0,-2
41.51,FLYING,APPROACH,0,,,,,100,0,11,0,-5,56,ESCAPE,,1.47,6.17,1.93,0.04,5.19,0.04,0.04,,yes,18.5,31,-0.607,6,5,-0.280,0.890,0,-5
41.57,FLYING,APPROACH,0,,,,,100,0,11,0,-2,56,ESCAPE,,1.25,5.93,1.89,0.02,10.04,0.00,0.00,,yes,18.4,32,0.490,5,8,-0.087,0.935,0,-2
41.62,FLYING,SCAN,0,,,,,100,0,7,0,-2,56,ESCAPE,,1.13,3.83,2.36,0.01,7.02,0.00,0.00,,yes,18.2,32,-0.302,6,7,-0.098,0.931,0,-2
41.68,FLYING,SCAN,0,,,,,100,0,0,0,-1,56,ESCAPE,,1.30,2.78,2.60,0.01,7.85,0.00,0.00,,yes,18.3,32,0.528,6,7,-0.054,0.944,0,-1
41.73,FLYING,SCAN,0,,,,,100,0,0,0,3,56,ESCAPE,,3.25,3.37,2.03,0.00,5.50,0.00,0.00,,yes,18.1,32,1.250,2,6,0.172,0.812,0,3
41.79,FLYING,SCAN,0,,,,,100,0,0,0,3,56,ESCAPE,,4.22,4.64,1.75,0.00,5.67,0.00,0.00,,yes,18.1,32,-0.664,6,7,0.151,0.862,0,3
41.85,FLYING,SCAN,0,,,,,100,0,0,0,0,56,ESCAPE,,7.14,5.27,2.09,0.56,3.97,1.00,0.25,,yes,17.8,34,-0.334,6,7,0.019,0.876,0,0
41.90,FLYING,SCAN,0,,,,,100,0,0,0,0,56,ESCAPE,,8.60,5.87,2.87,0.72,4.80,1.00,0.13,,yes,17.7,34,0.145,6,7,0.060,0.941,0,0
41.96,FLYING,SCAN,0,,,,,100,0,0,0,0,56,ESCAPE,,6.78,5.74,3.92,1.00,3.36,1.00,0.79,,yes,17.3,35,1.109,1,7,0.179,0.797,0,0
42.02,FLYING,SCAN,0,,,,,100,0,0,0,0,56,ESCAPE,,5.58,4.43,4.45,0.89,10.47,0.00,0.00,,yes,18.0,33,-0.428,5,8,0.101,0.854,0,0
42.07,FLYING,SCAN,0,,,,,100,0,0,0,0,56,ESCAPE,,5.27,3.17,5.29,0.50,11.34,0.00,0.00,,yes,17.9,33,-0.475,6,7,0.010,0.900,0,0
42.13,FLYING,SCAN,0,,,,,100,0,0,0,0,56,ESCAPE,,5.21,1.75,5.66,0.28,7.94,0.00,0.00,,yes,18.4,32,-0.451,5,6,-0.032,0.874,0,0
42.18,FLYING,SCAN,0,,,,,100,0,0,0,1,56,ESCAPE,,5.17,1.03,5.89,0.16,16.14,0.00,0.00,,yes,18.2,32,0.902,3,8,0.036,0.830,0,1
42.24,FLYING,SCAN,0,,,,,100,0,0,0,-1,56,ESCAPE,,5.16,2.26,5.96,0.09,11.30,0.00,0.00,,,18.0,33,-0.938,2,1,-0.058,0.653,0,-1
42.29,FLYING,SCAN,0,,,,,100,0,0,0,-2,56,ESCAPE,,5.35,2.88,4.72,0.05,8.73,0.00,0.00,,,18.0,33,-2.024,0,0,-0.127,0.410,0,-2
42.35,FLYING,SCAN,0,,,,,100,0,0,0,-4,56,ESCAPE,,5.44,3.66,4.06,0.03,6.11,0.00,0.00,,,17.9,32,-2.571,1,0,-0.187,0.278,0,-4
42.40,FLYING,SCAN,0,,,,,100,0,0,0,-6,56,ESCAPE,,4.06,3.13,3.73,0.02,8.29,0.00,0.00,,,18.0,33,-1.703,2,0,-0.325,0.223,0,-6
42.46,FLYING,SCAN,0,,,,,100,0,0,0,-8,56,ESCAPE,,3.37,2.81,3.21,0.01,5.80,0.00,0.00,,,18.4,32,-4.198,2,0,-0.409,0.192,0,-8
42.51,FLYING,SCAN,0,,,,,100,0,0,0,-4,56,ESCAPE,,3.85,2.66,2.95,0.01,4.06,0.00,0.00,,,18.0,33,2.275,0,1,-0.211,0.142,0,-4
42.57,FLYING,SCAN,0,,,,,100,0,0,0,2,56,ESCAPE,,5.32,2.99,2.71,0.26,2.84,0.84,0.00,,,18.1,33,2.535,0,2,0.141,0.204,0,2
42.64,FLYING,SCAN,0,,,,,100,0,0,0,0,56,ESCAPE,,4.83,3.16,2.01,0.52,1.99,1.00,0.18,,,13.3,52,-2.335,2,0,0.040,0.196,0,0
42.70,FLYING,SCAN,0,,,,,100,0,0,0,-1,56,AVOID_RIGHT,,3.95,2.02,1.66,0.54,6.11,0.00,0.00,,,17.8,33,-2.168,1,0,-0.113,0.143,0,-1
42.75,FLYING,SCAN,0,,,,,100,0,0,0,1,56,AVOID_RIGHT,,3.51,1.45,1.25,0.30,164.50,0.00,0.00,,,18.6,32,1.192,0,6,0.069,0.238,0,1
42.81,FLYING,SCAN,0,,,,,100,0,0,0,-1,56,AVOID_RIGHT,,3.30,1.64,0.97,0.17,115.15,0.00,0.00,,,18.2,32,0.065,6,5,-0.055,0.501,0,-1
42.86,FLYING,SCAN,0,,,,,100,0,0,0,11,56,AVOID_RIGHT,,2.95,1.73,0.82,0.10,154.46,0.00,0.00,,,18.2,32,0.093,2,6,0.031,0.606,10,1
42.92,FLYING,SCAN,0,,,,,100,0,0,0,19,56,CRUISE,,2.78,1.78,1.58,0.05,108.12,0.00,0.00,,yes,17.9,33,2.272,0,1,0.092,0.446,17,2
42.97,FLYING,SCAN,0,,,,,100,0,0,0,27,56,CRUISE,,2.69,1.66,1.95,0.03,75.69,0.00,0.00,,yes,18.2,32,2.877,0,6,0.299,0.437,21,6
43.03,FLYING,SCAN,0,,,,,100,0,0,0,32,56,OPTOMOTOR,,2.84,2.19,2.18,0.02,52.98,0.00,0.00,,yes,18.3,32,1.788,0,6,0.405,0.389,24,8
43.08,FLYING,SCAN,0,,,,,100,0,0,0,37,56,OPTOMOTOR,,3.75,2.92,2.15,0.01,37.09,0.00,0.00,,yes,18.3,32,3.513,0,5,0.538,0.414,26,11
43.14,FLYING,SCAN,0,,,,,100,0,0,0,39,56,OPTOMOTOR,,4.21,3.29,2.28,0.01,25.96,0.00,0.00,,yes,18.4,32,3.417,0,6,0.580,0.433,27,12
43.19,FLYING,SCAN,0,,,,,100,0,0,0,39,56,OPTOMOTOR,,3.32,2.94,2.33,0.00,18.17,0.00,0.00,,yes,18.3,32,3.620,0,5,0.575,0.425,28,11
43.25,FLYING,SCAN,0,,,,,100,0,0,0,40,56,OPTOMOTOR,,2.87,2.77,3.54,0.00,12.72,0.00,0.00,,yes,18.4,31,1.694,0,4,0.545,0.401,29,11
43.30,FLYING,SCAN,0,,,,,100,0,0,0,39,56,OPTOMOTOR,,9.39,4.68,3.73,0.00,8.90,0.00,0.00,,yes,18.3,32,2.112,0,5,0.493,0.364,29,10
43.36,FLYING,SCAN,0,,,,,100,0,0,0,40,56,OPTOMOTOR,,12.66,5.63,3.82,0.00,11.34,0.26,0.00,,yes,18.3,32,3.213,0,5,0.527,0.386,29,11
43.41,FLYING,SCAN,0,,,,,100,0,0,0,38,56,OPTOMOTOR,,8.56,4.98,3.78,0.00,7.94,0.00,0.00,,yes,18.3,32,3.596,0,3,0.428,0.317,29,9
43.46,FLYING,SCAN,0,,,,,100,0,0,0,38,56,OPTOMOTOR,,6.10,4.66,3.18,0.00,6.98,0.00,0.00,,yes,18.3,32,3.972,0,6,0.434,0.322,29,9
43.52,FLYING,SCAN,0,,,,,100,0,0,0,38,56,OPTOMOTOR,,4.88,4.36,3.19,0.00,4.89,0.00,0.00,,yes,18.2,31,4.028,0,5,0.452,0.334,29,9
43.57,FLYING,SCAN,0,,,,,100,0,0,0,39,56,OPTOMOTOR,,3.97,4.47,2.13,0.00,4.80,0.00,0.00,,yes,18.4,32,3.761,0,7,0.476,0.350,29,10
43.63,FLYING,SCAN,0,,,,,100,0,0,0,40,56,OPTOMOTOR,,3.22,4.22,2.66,0.00,3.36,0.03,0.03,,yes,18.4,32,3.802,0,8,0.559,0.407,29,11
43.68,FLYING,SCAN,0,,,,,100,0,0,0,37,56,OPTOMOTOR,,2.85,4.04,2.92,0.00,5.67,0.00,0.00,,yes,18.2,32,3.172,0,2,0.398,0.296,29,8
43.74,FLYING,SCAN,0,,,,,100,0,0,0,39,56,OPTOMOTOR,,3.13,3.95,3.05,0.00,3.97,0.00,0.00,,yes,18.4,32,2.622,0,4,0.486,0.357,29,10
43.79,FLYING,SCAN,0,,,,,100,0,0,0,41,56,OPTOMOTOR,,3.64,4.73,2.54,0.00,8.29,0.00,0.00,,yes,18.4,32,3.381,1,7,0.599,0.454,29,12
43.85,FLYING,SCAN,0,,,,,100,0,0,0,11,56,OPTOMOTOR,,3.89,5.12,2.28,0.00,5.80,0.00,0.00,,yes,18.5,31,4.828,0,6,0.573,0.427,0,11
43.90,FLYING,SCAN,0,,,,,100,0,0,0,5,56,OPTOMOTOR,,4.02,3.91,2.16,0.00,4.06,0.00,0.00,,yes,18.8,31,0.259,5,7,0.268,0.627,0,5
43.95,FLYING,SCAN,0,,,,,100,0,0,0,3,56,OPTOMOTOR,,5.51,3.31,1.99,0.00,5.67,0.00,0.00,,yes,18.2,32,0.471,5,6,0.148,0.748,0,3
44.01,FLYING,SCAN,0,,,,,100,0,0,0,5,56,OPTOMOTOR,,3.95,3.01,1.91,0.00,3.97,0.00,0.00,,yes,17.7,34,1.173,0,5,0.230,0.602,0,5
44.07,FLYING,SCAN,0,,,,,100,0,0,0,7,56,OPTOMOTOR,,3.17,3.89,2.65,0.00,5.24,0.00,0.00,,yes,18.3,32,0.818,3,7,0.339,0.673,0,7
44.12,FLYING,SCAN,0,,,,,100,0,0,0,6,56,OPTOMOTOR,,2.78,3.31,4.39,0.00,3.67,0.00,0.00,,yes,18.1,32,0.274,6,8,0.303,0.832,0,6
44.18,FLYING,SCAN,0,,,,,100,0,0,0,0,56,AVOID_LEFT,,2.47,3.01,5.26,0.26,2.57,0.00,0.95,,yes,17.8,33,-0.804,4,3,0.031,0.773,0,0
44.24,FLYING,SCAN,0,,,,,100,0,0,0,0,56,AVOID_LEFT,,2.32,1.83,3.02,0.41,1.80,0.00,0.21,,yes,16.8,37,-0.691,2,5,-0.001,0.712,0,0
44.29,FLYING,SCAN,0,,,,,100,0,0,0,0,56,AVOID_LEFT,,1.88,1.00,1.91,0.31,1.75,0.00,0.00,,yes,18.1,33,0.019,6,8,0.024,0.825,0,0
44.35,FLYING,SCAN,0,,,,,100,0,0,0,-1,56,AVOID_LEFT,,1.21,0.83,1.47,0.17,1.22,0.00,0.00,,yes,17.8,34,-0.305,6,7,-0.045,0.855,0,-1
44.40,FLYING,SCAN,0,,,,,100,0,0,0,-1,56,CRUISE,,0.88,1.92,1.67,0.10,6.54,0.00,0.00,,yes,19.3,29,-0.594,4,6,-0.030,0.829,0,-1
44.45,FLYING,SCAN,0,,,,,100,0,0,0,-3,56,CRUISE,,0.82,3.43,3.29,0.05,4.58,0.00,0.00,,yes,18.3,32,-2.887,2,0,-0.151,0.605,0,-3
44.51,FLYING,SCAN,0,,,,,100,0,0,0,-4,56,OPTOMOTOR,,2.14,4.18,4.10,0.03,5.24,0.00,0.00,,,18.0,33,-1.487,2,0,-0.231,0.407,0,-4
44.57,FLYING,SCAN,0,,,,,100,0,0,0,-5,56,CRUISE,,3.99,5.50,4.88,0.02,4.36,0.17,0.17,,,18.0,33,0.484,6,5,-0.230,0.539,0,-5
44.62,FLYING,SCAN,0,,,,,100,0,0,0,0,56,CRUISE,,4.92,4.63,4.55,0.38,3.05,0.53,0.39,,,17.6,34,3.142,0,6,-0.029,0.561,0,0
44.68,FLYING,SCAN,0,,,,,100,0,0,0,1,56,AVOID_LEFT,,4.85,3.95,5.45,0.59,3.49,0.28,0.58,,,17.7,34,2.118,0,6,0.157,0.487,0,1
44.74,FLYING,SCARED,0,,,,,100,0,-60,0,0,56,ESCAPE,LEFT,4.80,3.48,4.84,1.00,2.44,0.78,0.80,,,17.8,33,-0.646,3,5,0.116,0.470,0,0
44.79,FLYING,SCARED,0,,,,,100,0,-60,0,0,56,ESCAPE,,4.79,3.37,4.86,0.86,4.36,0.00,0.00,,yes,17.8,33,0.693,5,7,0.100,0.579,0,0
44.85,FLYING,SCARED,0,,,,,100,0,-60,0,0,56,ESCAPE,,8.15,3.53,4.88,1.00,3.05,1.00,0.51,,yes,18.0,33,1.297,0,6,0.248,0.569,0,0
44.90,FLYING,SCARED,0,,,,,100,0,-60,0,0,56,ESCAPE,,9.83,4.73,4.89,0.99,6.54,1.00,0.00,,yes,18.0,33,0.505,6,7,0.207,0.711,0,0
44.96,FLYING,SCARED,0,,,,,100,0,-60,0,0,56,ESCAPE,,8.84,4.98,4.45,0.97,4.58,1.00,0.00,,yes,18.1,32,-1.224,2,0,-0.066,0.496,0,0
45.01,FLYING,SCARED,0,,,,,100,0,-60,0,0,56,ESCAPE,,7.37,5.10,4.23,0.87,6.11,0.23,0.00,,yes,18.2,32,-0.808,4,5,-0.117,0.522,0,0
45.07,FLYING,SCARED,0,,,,,100,0,-60,0,-2,56,ESCAPE,,4.40,3.89,5.32,0.49,4.28,0.00,0.12,,yes,18.4,32,-1.156,2,1,-0.194,0.437,0,-2
45.12,FLYING,SCARED,0,,,,,100,0,-60,0,-2,56,ESCAPE,,2.91,3.29,5.86,0.28,4.80,0.00,0.13,,yes,18.2,32,-0.776,3,5,-0.153,0.513,0,-2
45.18,FLYING,SCARED,0,,,,,100,0,-60,0,-2,56,ESCAPE,,2.40,3.26,3.58,0.16,5.24,0.00,0.00,,yes,17.7,33,-0.363,4,6,-0.098,0.665,0,-2
45.23,FLYING,SCARED,0,,,,,100,0,-60,0,0,56,ESCAPE,,2.41,3.24,2.43,0.09,3.67,0.00,0.00,,yes,18.2,32,-0.595,3,6,0.020,0.689,0,0
45.29,FLYING,SCARED,0,,,,,100,0,-60,0,-2,56,ESCAPE,,3.43,3.16,2.62,0.05,15.71,0.00,0.00,,yes,18.3,32,-1.730,2,0,-0.109,0.469,0,-2
45.34,FLYING,SCARED,0,,,,,100,0,-60,0,-3,56,ESCAPE,,3.94,3.11,3.25,0.03,11.00,0.00,0.00,,yes,18.3,32,0.119,6,7,-0.163,0.626,0,-3
45.40,FLYING,SCARED,0,,,,,100,0,-60,0,-2,56,ESCAPE,,5.02,2.80,3.57,0.02,19.20,0.00,0.00,,yes,18.4,32,0.273,3,5,-0.090,0.562,0,-2
45.45,FLYING,WAIT,0,,,,,100,0,-39,0,0,56,ESCAPE,,3.56,2.94,3.04,0.01,13.44,0.00,0.00,,yes,18.4,32,3.378,0,1,-0.017,0.393,0,0
45.51,FLYING,WAIT,0,,,,,100,0,-25,0,3,56,ESCAPE,,4.66,3.48,2.17,0.00,9.41,0.00,0.00,,yes,18.3,32,3.098,0,5,0.135,0.331,0,3
45.56,FLYING,WAIT,0,,,,,100,0,-16,0,1,56,ESCAPE,,3.88,3.74,1.65,0.00,6.59,0.00,0.00,,yes,18.4,32,-0.394,5,6,0.064,0.467,0,1
45.61,FLYING,WAIT,0,,,,,100,0,-10,0,4,56,ESCAPE,,3.49,3.53,1.36,0.00,4.61,0.00,0.00,,yes,18.5,32,1.396,1,7,0.186,0.516,0,4
45.67,FLYING,WAIT,0,,,,,100,0,-6,0,5,56,ESCAPE,,3.30,3.42,1.21,0.00,3.23,0.00,0.00,,yes,18.3,32,4.046,0,5,0.262,0.414,0,5
45.72,FLYING,WAIT,0,,,,,100,0,-4,0,9,56,ESCAPE,,2.07,4.13,1.74,0.00,6.11,0.00,0.00,,yes,18.4,31,2.124,0,5,0.459,0.429,0,9
45.78,FLYING,WAIT,0,,,,,100,0,-2,0,9,56,ESCAPE,,2.50,5.82,2.52,0.26,4.28,0.37,0.37,,yes,18.1,32,1.251,0,6,0.598,0.456,0,9
45.84,FLYING,WAIT,0,,,,,100,0,-1,0,0,56,ESCAPE,,1.68,6.67,2.40,1.00,2.99,1.00,1.00,,yes,16.0,40,-0.878,1,1,0.201,0.423,0,0
45.89,FLYING,WAIT,0,,,,,100,0,-1,0,0,56,ESCAPE,,2.31,5.83,1.96,1.00,3.93,0.55,0.55,,yes,19.3,30,-1.439,0,0,0.059,0.267,0,0
45.95,FLYING,WAIT,0,,,,,100,0,0,0,0,56,ESCAPE,,3.00,3.57,1.75,1.00,4.36,0.00,0.00,,yes,18.2,32,-0.470,6,7,-0.074,0.527,0,0
46.00,FLYING,WAIT,0,,,,,100,0,0,0,-1,56,ESCAPE,,3.35,2.44,2.64,0.62,3.05,0.00,0.00,,yes,18.2,32,-0.413,5,6,-0.075,0.664,0,-1
46.07,FLYING,WAIT,0,,,,,100,0,0,0,-2,56,ESCAPE,,2.92,3.52,3.09,0.35,8.29,0.00,0.00,,yes,15.5,31,-1.979,0,0,-0.158,0.459,0,-2
46.12,FLYING,WAIT,0,,,,,100,0,0,0,-3,56,ESCAPE,,2.70,4.07,2.73,0.20,5.80,0.00,0.00,,yes,18.3,32,-1.445,2,1,-0.191,0.330,0,-3
46.18,FLYING,WAIT,0,,,,,100,0,0,0,-3,56,ESCAPE,,3.23,3.88,2.48,0.11,8.73,0.00,0.00,,yes,18.7,31,-0.128,5,6,-0.188,0.438,0,-3
46.23,FLYING,WAIT,0,,,,,100,0,0,0,-2,56,ESCAPE,,3.66,3.35,2.43,0.06,6.11,0.00,0.00,,yes,18.1,32,-0.043,6,7,-0.118,0.624,0,-2
46.28,FLYING,WAIT,0,,,,,100,0,0,0,-4,56,ESCAPE,,3.87,3.52,1.80,0.04,10.04,0.00,0.00,,yes,18.4,32,-1.250,2,0,-0.217,0.418,0,-4
46.34,FLYING,WAIT,0,,,,,100,0,0,0,-3,56,ESCAPE,,5.53,3.94,2.60,0.02,7.02,0.00,0.00,,yes,18.3,32,0.348,6,8,-0.154,0.602,0,-3
46.39,FLYING,WAIT,0,,,,,100,0,0,0,-1,56,CRUISE,,5.22,4.26,2.19,0.01,11.78,0.00,0.00,,yes,18.4,32,0.786,5,6,-0.062,0.692,0,-1
46.45,FLYING,WAIT,0,,,,,100,0,0,0,0,56,CRUISE,,5.06,4.55,2.38,0.01,8.25,0.00,0.00,,,18.2,32,0.581,4,6,-0.017,0.780,0,0
46.50,FLYING,WAIT,0,,,,,100,0,0,0,2,56,CRUISE,,4.93,4.70,2.48,0.00,5.77,0.00,0.00,,,18.4,32,1.943,0,4,0.118,0.601,0,2
46.56,FLYING,WAIT,0,,,,,100,0,0,0,3,56,CRUISE,,4.85,4.77,2.67,0.00,7.42,0.00,0.00,,,18.4,31,3.626,0,3,0.138,0.424,0,3
46.61,FLYING,WAIT,0,,,,,100,0,0,0,5,56,OPTOMOTOR,,4.80,4.25,2.80,0.00,5.19,0.00,0.00,,,18.3,32,2.986,0,1,0.230,0.343,0,5
46.67,FLYING,WAIT,0,,,,,100,0,0,0,7,56,OPTOMOTOR,,5.76,3.26,3.58,0.00,6.98,0.00,0.00,,,18.7,31,5.258,0,4,0.337,0.312,0,7
46.72,FLYING,WAIT,0,,,,,100,0,0,0,9,56,OPTOMOTOR,,6.24,2.76,3.84,0.00,4.89,0.27,0.00,,,18.4,32,4.768,0,5,0.439,0.343,0,9
46.77,FLYING,WAIT,0,,,,,100,0,0,0,5,56,OPTOMOTOR,,4.90,2.09,3.98,0.15,3.42,0.34,0.00,,yes,18.5,31,-4.032,1,0,0.265,0.226,0,5
46.83,FLYING,WAIT,0,,,,,100,0,0,0,1,56,AVOID_RIGHT,,4.23,1.75,4.05,0.46,2.39,0.52,0.43,,yes,18.0,33,-0.205,2,4,0.060,0.285,0,1
46.88,FLYING,WAIT,0,,,,,100,0,0,0,0,56,AVOID_RIGHT,,3.89,2.78,3.64,0.49,5.24,0.00,0.00,,yes,18.3,32,-1.178,1,1,0.004,0.270,0,0
46.94,FLYING,WAIT,0,,,,,100,0,0,0,-2,56,AVOID_RIGHT,,3.13,3.29,3.49,0.28,3.67,0.00,0.00,,yes,18.5,31,-4.367,2,0,-0.162,0.219,0,-2
46.99,FLYING,WAIT,0,,,,,100,0,0,0,-6,56,OPTOMOTOR,,2.75,3.15,3.36,0.16,7.42,0.00,0.00,,yes,18.4,32,-1.249,2,0,-0.340,0.190,0,-6
47.06,FLYING,WAIT,0,,,,,100,0,0,0,-6,56,OPTOMOTOR,,2.56,2.82,2.85,0.09,5.19,0.00,0.00,,yes,15.0,33,-2.791,2,0,-0.355,0.159,0,-6
47.11,FLYING,WAIT,0,,,,,100,0,0,0,-7,56,OPTOMOTOR,,4.84,2.42,2.59,0.05,10.04,0.00,0.00,,yes,18.2,32,-2.342,2,0,-0.384,0.156,0,-7
47.17,FLYING,WAIT,0,,,,,100,0,0,0,-7,56,OPTOMOTOR,,4.73,2.21,3.17,0.03,7.02,0.00,0.00,,yes,18.2,32,-2.561,2,0,-0.362,0.140,0,-7
47.22,FLYING,WAIT,0,,,,,100,0,0,0,-2,56,OPTOMOTOR,,4.68,2.54,3.46,0.02,4.92,0.00,0.00,,yes,18.3,32,2.778,0,3,-0.110,0.151,0,-2
47.28,FLYING,WAIT,0,,,,,100,0,0,0,-1,56,CRUISE,,4.65,3.11,3.06,0.01,3.93,0.00,0.00,,yes,18.0,32,-0.776,1,1,-0.062,0.137,0,-1
47.33,FLYING,WAIT,0,,,,,100,0,0,0,-1,56,CRUISE,,3.77,3.84,2.59,0.00,2.75,0.14,0.14,,yes,18.0,33,0.727,5,7,-0.048,0.392,0,-1
47.40,FLYING,WAIT,0,,,,,100,0,0,0,-2,56,AVOID_RIGHT,,2.65,3.75,2.35,0.00,16.14,0.00,0.00,,,15.2,43,-1.269,2,1,-0.085,0.321,0,-2
47.46,FLYING,WAIT,0,,,,,100,0,0,0,-2,56,AVOID_RIGHT,,2.09,3.70,2.24,0.00,11.30,0.00,0.00,,,18.3,32,0.020,6,8,-0.087,0.576,0,-2
47.51,FLYING,WAIT,0,,,,,100,0,0,0,-1,56,CRUISE,,2.49,3.04,2.25,0.00,21.82,0.00,0.00,,,18.2,32,0.388,5,5,-0.035,0.615,0,-1
47.57,FLYING,WAIT,0,,,,,100,0,0,0,-2,56,CRUISE,,2.69,2.70,2.26,0.00,15.27,0.00,0.00,,,18.0,32,-0.789,4,3,-0.111,0.666,0,-2
47.62,FLYING,WAIT,0,,,,,100,0,0,0,-3,56,CRUISE,,2.79,3.62,2.54,0.00,10.69,0.00,0.00,,,18.2,32,-2.854,1,0,-0.159,0.422,0,-3
47.67,FLYING,WAIT,0,,,,,100,0,0,0,-5,56,CRUISE,,2.95,4.31,2.68,0.00,7.48,0.00,0.00,,,18.5,32,-6.488,2,0,-0.230,0.304,0,-5
47.73,FLYING,WAIT,0,,,,,100,0,0,0,-6,56,OPTOMOTOR,,3.54,4.66,1.67,0.00,5.24,0.00,0.00,,,18.0,33,-4.947,0,0,-0.285,0.200,0,-6
47.79,FLYING,WAIT,0,,,,,100,0,0,0,-7,56,OPTOMOTOR,,3.83,3.59,0.94,0.00,3.67,0.00,0.00,,,18.2,32,-1.369,2,0,-0.350,0.165,0,-7
47.84,FLYING,WAIT,0,,,,,100,0,0,0,-7,56,OPTOMOTOR,,3.33,3.00,0.58,0.00,2.57,0.00,0.00,,,17.9,33,-4.879,2,0,-0.343,0.145,0,-7
47.90,FLYING,WAIT,0,,,,,100,0,0,0,0,56,OPTOMOTOR,,2.69,1.96,1.28,0.00,2.62,0.00,0.00,,,17.8,34,3.407,0,4,-0.014,0.172,0,0
47.95,FLYING,WAIT,0,,,,,100,0,0,0,-1,56,CRUISE,,1.35,0.98,1.64,0.00,1.83,0.00,0.00,,,18.0,32,0.439,6,8,-0.048,0.507,0,-1
48.01,FLYING,WAIT,0,,,,,100,0,0,0,-2,56,CRUISE,,0.67,0.95,1.74,0.00,1.28,0.00,0.00,,,18.1,32,-1.316,2,1,-0.091,0.428,0,-2
48.06,FLYING,WAIT,0,,,,,100,0,0,0,-2,56,CRUISE,,2.14,0.96,1.29,0.00,0.90,0.22,0.00,,,18.1,32,-2.162,1,0,-0.095,0.260,0,-2
48.12,FLYING,WAIT,0,,,,,100,0,0,0,-3,56,CRUISE,,3.01,1.39,1.57,0.00,5.24,0.00,0.00,,,18.1,33,-4.414,1,0,-0.135,0.165,0,-3
48.17,FLYING,WAIT,0,,,,,100,0,0,0,-5,56,CRUISE,,3.31,1.61,1.79,0.00,3.67,0.00,0.00,,,18.1,32,-2.369,2,0,-0.247,0.131,0,-5
48.23,FLYING,WAIT,0,,,,,100,0,0,0,-6,56,OPTOMOTOR,,3.09,1.72,1.90,0.00,2.57,0.00,0.00,,,18.0,33,-3.113,2,0,-0.322,0.141,0,-6
48.29,FLYING,WAIT,0,,,,,100,0,0,0,-7,56,OPTOMOTOR,,2.98,2.39,1.64,0.00,1.80,0.19,0.00,,,17.8,34,-6.116,2,0,-0.328,0.132,0,-7
48.34,FLYING,WAIT,0,,,,,100,0,0,0,-4,56,OPTOMOTOR,,3.51,2.73,1.51,0.15,2.18,0.26,0.00,,,18.2,32,0.009,5,7,-0.208,0.346,0,-4
48.40,FLYING,WAIT,0,,,,,100,0,0,0,-3,56,AVOID_RIGHT,,4.01,3.29,1.83,0.11,3.05,0.08,0.00,,,18.2,32,-0.395,5,7,-0.174,0.595,0,-3
48.45,FLYING,WAIT,0,,,,,100,0,0,0,-1,56,AVOID_RIGHT,RIGHT,5.22,4.08,2.63,0.72,2.14,1.00,0.57,,,17.5,34,-3.771,2,0,-0.230,0.445,0,-1
48.51,FLYING,WAIT,0,,,,,100,0,0,0,0,56,ESCAPE,RIGHT,5.82,4.48,3.13,1.00,3.05,0.98,0.31,,,17.9,33,0.235,6,7,-0.227,0.598,0,0
48.57,FLYING,WAIT,0,,,,,100,0,0,0,0,56,ESCAPE,RIGHT,5.81,4.26,3.80,1.00,2.14,1.00,0.66,,,17.2,35,-1.102,1,0,-0.234,0.456,0,0
48.62,FLYING,WAIT,0,,,,,100,0,0,0,0,56,ESCAPE,RIGHT,5.11,3.54,4.14,1.00,3.93,0.19,0.00,,,17.9,34,-0.688,4,6,-0.180,0.562,0,0
48.68,FLYING,WAIT,0,,,,,100,0,0,0,0,56,ESCAPE,RIGHT,4.76,3.79,4.02,0.90,2.75,0.60,0.24,,,17.9,33,-0.506,4,6,-0.135,0.650,0,0
48.73,FLYING,WAIT,0,,,,,100,0,0,0,-1,56,ESCAPE,RIGHT,3.82,3.36,3.67,0.68,3.93,0.00,0.00,,,17.7,34,-0.680,4,6,-0.117,0.728,0,-1
48.79,FLYING,WAIT,0,,,,,100,0,0,0,-2,56,ESCAPE,RIGHT,3.35,3.89,3.49,0.38,2.75,0.17,0.17,,,18.3,32,-1.101,2,1,-0.171,0.524,0,-2
48.85,FLYING,WAIT,0,,,,,100,0,0,0,-3,56,ESCAPE,,2.61,4.20,3.44,0.21,4.36,0.00,0.00,,,18.0,32,-1.825,1,0,-0.212,0.343,0,-3
48.90,FLYING,WAIT,0,,,,,100,0,0,0,-3,56,ESCAPE,,3.23,4.35,3.41,0.12,6.98,0.00,0.00,,,18.1,33,-0.488,4,5,-0.195,0.407,0,-3
48.96,FLYING,WAIT,0,,,,,100,0,0,0,-4,56,ESCAPE,,3.27,3.88,3.39,0.07,4.89,0.00,0.00,,,17.4,34,-4.559,2,0,-0.236,0.310,0,-4
49.01,FLYING,WAIT,0,,,,,100,0,0,0,-6,56,ESCAPE,,4.11,3.65,3.37,0.04,4.36,0.00,0.00,,,18.5,32,-1.815,2,0,-0.315,0.213,0,-6
49.07,FLYING,WAIT,0,,,,,100,0,0,0,-6,56,ESCAPE,,3.93,3.25,4.52,0.16,3.05,0.04,0.33,,,18.2,33,-7.636,1,0,-0.356,0.167,0,-6
49.12,FLYING,WAIT,0,,,,,100,0,0,0,-7,56,ESCAPE,,3.89,3.03,5.10,0.12,3.93,0.00,0.19,,,18.2,32,-0.971,2,1,-0.384,0.180,0,-7
49.18,FLYING,APPROACH,0,,,,,100,0,4,0,0,56,ESCAPE,,3.87,2.45,3.42,0.07,2.75,0.16,0.00,,,18.1,33,1.821,0,3,-0.022,0.187,0,0
49.23,FLYING,APPROACH,0,,,,,100,0,6,0,-1,56,ESCAPE,,3.86,2.15,2.58,0.04,4.80,0.00,0.00,,,18.2,32,-0.033,5,8,-0.043,0.454,0,-1
49.28,FLYING,APPROACH,0,,,,,100,0,8,0,3,56,ESCAPE,,3.87,2.03,1.82,0.02,3.36,0.00,0.00,,,19.2,30,5.775,0,5,0.159,0.451,0,3
49.34,FLYING,APPROACH,0,,,,,100,0,9,0,5,56,ESCAPE,,3.50,2.61,1.59,0.01,8.29,0.00,0.00,,,18.6,31,0.850,3,7,0.246,0.573,0,5
49.39,FLYING,APPROACH,0,,,,,100,0,10,0,0,56,ESCAPE,,3.69,3.06,1.42,0.01,5.80,0.00,0.00,,yes,18.3,32,-1.072,2,1,0.024,0.480,0,0
49.45,FLYING,APPROACH,0,,,,,100,0,11,0,-1,56,ESCAPE,,2.65,3.13,1.39,0.00,6.11,0.00,0.00,,yes,18.5,31,-4.004,2,0,-0.056,0.322,0,-1
49.50,FLYING,APPROACH,0,,,,,100,0,11,0,-1,56,ESCAPE,,2.37,2.35,1.31,0.00,4.28,0.00,0.00,,yes,18.1,32,-0.018,2,2,-0.046,0.272,0,-1
49.56,FLYING,APPROACH,0,,,,,100,0,11,0,-3,56,ESCAPE,,2.23,1.96,1.45,0.00,6.11,0.00,0.00,,yes,18.4,32,-2.012,2,0,-0.168,0.205,0,-3
49.61,FLYING,APPROACH,0,,,,,100,0,11,0,-6,56,ESCAPE,,2.36,2.04,1.52,0.00,4.28,0.00,0.00,,yes,18.3,32,-1.999,2,0,-0.306,0.168,0,-6
49.66,FLYING,APPROACH,0,,,,,100,0,11,0,-6,56,ESCAPE,,2.43,2.08,1.55,0.00,3.49,0.00,0.00,,yes,18.7,31,-2.077,1,0,-0.317,0.142,0,-6
49.72,FLYING,APPROACH,0,,,,,100,0,11,0,-6,56,ESCAPE,,2.58,1.77,1.29,0.00,4.80,0.00,0.00,,yes,18.4,32,-4.265,1,0,-0.312,0.128,0,-6
49.77,FLYING,APPROACH,0,,,,,100,0,11,0,-6,56,ESCAPE,,2.29,1.45,1.16,0.00,3.36,0.00,0.00,,yes,18.7,32,0.550,1,1,-0.309,0.139,0,-6
49.83,FLYING,APPROACH,0,,,,,100,0,11,0,-4,56,ESCAPE,,2.28,1.46,1.28,0.00,6.11,0.00,0.00,,yes,18.4,32,-1.047,2,2,-0.209,0.169,0,-4
49.88,FLYING,APPROACH,0,,,,,100,0,11,0,-7,56,ESCAPE,,2.28,1.78,1.51,0.00,4.80,0.00,0.00,,yes,18.4,32,-4.615,2,0,-0.357,0.190,0,-7
49.94,FLYING,APPROACH,0,,,,,100,0,11,0,-5,56,ESCAPE,,4.41,2.24,2.06,0.00,3.36,0.08,0.00,,yes,18.5,31,0.234,6,6,-0.245,0.379,0,-5
49.99,FLYING,APPROACH,0,,,,,100,0,11,0,-3,56,ESCAPE,,5.72,2.47,2.33,0.41,3.49,0.67,0.00,,yes,18.2,32,-2.465,2,0,-0.267,0.323,0,-3
50.05,FLYING,APPROACH,0,,,,,100,0,11,0,-4,56,ESCAPE,,6.37,2.59,2.47,0.49,2.44,1.00,0.00,,yes,18.1,33,-5.064,1,0,-0.357,0.229,0,-4
50.10,FLYING,APPROACH,0,,,,,100,0,11,0,-3,56,ESCAPE,,6.81,2.67,2.60,0.52,5.24,0.34,0.00,,yes,18.0,33,-2.542,0,0,-0.298,0.143,0,-3
50.16,FLYING,APPROACH,0,,,,,100,0,11,0,-2,56,AVOID_RIGHT,,7.02,2.71,2.67,0.59,3.67,1.00,0.00,,yes,17.9,33,-3.381,1,0,-0.301,0.128,0,-2
50.21,FLYING,APPROACH,0,,,,,100,0,11,0,-2,56,AVOID_RIGHT,,7.13,3.05,2.33,0.59,5.67,0.28,0.00,,yes,18.2,32,-3.708,1,0,-0.228,0.091,0,-2
50.27,FLYING,APPROACH,0,,,,,100,0,11,0,-3,56,AVOID_RIGHT,,5.87,2.32,2.16,0.51,3.97,0.50,0.00,,yes,18.1,32,-1.180,2,1,-0.312,0.137,0,-3
50.32,FLYING,APPROACH,0,,,,,100,0,11,0,-4,56,AVOID_RIGHT,,5.03,1.78,2.08,0.38,5.67,0.00,0.00,,yes,18.5,31,-1.570,1,0,-0.309,0.125,0,-4
50.38,FLYING,APPROACH,0,,,,,100,0,11,0,-4,56,AVOID_RIGHT,,4.08,1.46,1.67,0.22,3.97,0.00,0.00,,yes,18.3,32,-2.853,0,0,-0.258,0.099,0,-4
50.43,FLYING,APPROACH,0,,,,,100,0,11,0,-5,56,AVOID_RIGHT,,3.61,1.30,1.47,0.12,3.49,0.00,0.00,,yes,18.3,32,-3.235,2,0,-0.291,0.108,0,-5
50.48,FLYING,APPROACH,0,,,,,100,0,11,0,-4,56,AVOID_RIGHT,,3.38,1.78,1.24,0.07,2.44,0.02,0.00,,yes,18.4,32,0.594,6,7,-0.217,0.395,0,-4
50.54,FLYING,APPROACH,0,,,,,100,0,11,0,-3,56,OPTOMOTOR,,3.02,2.29,1.94,0.04,1.71,0.21,0.00,,yes,16.9,37,-0.011,5,8,-0.169,0.628,0,-3
50.60,FLYING,APPROACH,0,,,,,100,0,11,0,-4,56,AVOID_RIGHT,,2.69,2.28,2.30,0.02,9.60,0.00,0.00,,yes,19.2,30,-1.286,2,1,-0.183,0.539,0,-4
50.65,FLYING,APPROACH,0,,,,,100,0,11,0,-2,56,AVOID_RIGHT,,2.11,3.09,2.65,0.01,6.72,0.00,0.00,,yes,18.5,31,1.111,3,4,-0.094,0.523,0,-2
50.70,FLYING,APPROACH,0,,,,,100,0,11,0,1,56,AVOID_RIGHT,,1.23,2.70,2.83,0.01,4.70,0.00,0.00,,yes,18.3,32,0.772,4,7,0.046,0.661,0,1
50.76,FLYING,APPROACH,0,,,,,100,0,11,0,4,56,CRUISE,,0.63,2.50,2.30,0.00,3.29,0.00,0.00,,yes,18.4,32,0.749,2,7,0.211,0.716,0,4
50.81,FLYING,APPROACH,0,,,,,100,0,11,0,-1,56,CRUISE,,0.32,2.40,2.03,0.00,5.67,0.00,0.00,,yes,18.5,32,-1.185,2,1,-0.075,0.546,0,-1
50.87,FLYING,APPROACH,0,,,,,100,0,11,0,-3,56,CRUISE,,2.56,1.68,1.89,0.00,3.97,0.00,0.00,,yes,18.6,32,-0.012,6,6,-0.132,0.708,0,-3
50.92,FLYING,APPROACH,0,,,,,100,0,11,0,-4,56,CRUISE,,3.68,0.99,1.07,0.00,6.11,0.00,0.00,,yes,18.3,32,-3.410,1,0,-0.194,0.517,0,-4
50.98,FLYING,APPROACH,0,,,,,100,0,11,0,-5,56,OPTOMOTOR,,3.16,0.50,0.66,0.00,4.28,0.00,0.00,,yes,18.4,32,-1.290,2,0,-0.250,0.358,0,-5
51.03,FLYING,APPROACH,0,,,,,100,0,11,0,-6,56,OPTOMOTOR,,2.01,0.25,1.91,0.00,5.67,0.00,0.00,,yes,18.5,32,-2.846,2,0,-0.320,0.254,0,-6
51.08,FLYING,APPROACH,0,,,,,100,0,11,0,-8,56,OPTOMOTOR,,1.43,1.77,2.56,0.00,3.97,0.00,0.00,,yes,18.3,32,-2.672,1,0,-0.399,0.190,0,-8
51.14,FLYING,APPROACH,0,,,,,100,0,11,0,-8,56,OPTOMOTOR,,1.14,3.07,2.99,0.00,4.80,0.00,0.00,,yes,18.4,32,-1.460,2,1,-0.404,0.193,0,-8
51.19,FLYING,APPROACH,0,,,,,100,0,11,0,-7,56,OPTOMOTOR,,1.55,3.43,3.10,0.00,3.36,0.00,0.00,,yes,18.4,32,-4.808,1,0,-0.363,0.156,0,-7
51.25,FLYING,APPROACH,0,,,,,100,0,11,0,-7,56,OPTOMOTOR,,1.18,3.60,3.26,0.00,3.93,0.00,0.00,,yes,18.5,32,-0.417,6,5,-0.332,0.384,0,-7
51.30,FLYING,APPROACH,0,,,,,100,0,11,0,-5,56,OPTOMOTOR,,2.47,3.18,4.38,0.00,4.80,0.00,0.00,,yes,18.6,32,-0.191,6,7,-0.231,0.650,0,-5
51.36,FLYING,APPROACH,0,,,,,100,0,11,0,-5,56,OPTOMOTOR,,3.40,2.97,4.94,0.15,3.36,0.00,0.34,,yes,18.2,32,-2.597,2,0,-0.289,0.475,0,-5
51.41,FLYING,APPROACH,0,,,,,100,0,11,0,-4,56,AVOID_LEFT,,3.87,3.22,4.15,0.23,2.62,0.18,0.32,,yes,18.3,32,-0.612,6,5,-0.286,0.563,0,-4
51.47,FLYING,APPROACH,0,,,,,100,0,11,0,-1,56,AVOID_LEFT,,3.56,3.34,2.79,0.65,1.83,0.42,0.31,,yes,18.2,32,0.262,3,7,-0.126,0.636,0,-1
51.52,FLYING,APPROACH,0,,,,,100,0,11,0,-1,56,AVOID_LEFT,,3.40,2.93,2.10,0.79,1.28,0.61,0.38,,yes,17.9,33,-1.409,2,0,-0.192,0.453,0,-1
51.58,FLYING,APPROACH,0,,,,,100,0,11,0,0,56,AVOID_RIGHT,,3.32,2.72,3.15,1.00,0.90,0.77,0.68,,yes,18.4,32,0.280,5,6,-0.161,0.594,0,0
51.63,FLYING,APPROACH,0,,,,,100,0,11,0,0,56,CRUISE,,3.15,2.69,3.68,0.87,4.36,0.00,0.00,,yes,18.6,32,-0.077,6,8,-0.064,0.787,0,0
51.68,FLYING,APPROACH,0,,,,,100,0,11,0,0,56,CRUISE,,2.73,4.25,3.89,0.49,3.05,0.15,0.15,,yes,18.2,32,-0.155,6,7,-0.045,0.877,0,0
51.74,FLYING,APPROACH,0,,,,,100,0,11,0,0,56,AVOID_RIGHT,,2.52,5.03,3.05,1.00,2.14,1.00,1.00,,yes,18.2,33,-0.338,5,7,-0.013,0.880,0,0
51.79,FLYING,APPROACH,0,,,,,100,0,11,0,0,56,CRUISE,,2.24,2.60,1.56,0.97,1.50,0.10,0.10,,yes,18.2,32,-0.142,6,7,0.010,0.943,0,0
51.85,FLYING,APPROACH,0,,,,,100,0,11,0,1,56,CRUISE,,1.75,1.37,0.81,0.55,1.05,0.00,0.00,,yes,18.2,32,-0.001,6,8,0.137,0.984,0,1
51.90,FLYING,APPROACH,0,,,,,100,0,11,0,0,56,CRUISE,,1.58,0.72,0.42,0.31,0.73,0.00,0.00,,yes,18.5,32,0.045,6,8,0.033,1.000,0,0
51.96,FLYING,APPROACH,0,,,,,100,0,11,0,-1,56,CRUISE,,1.46,0.40,0.23,0.17,0.51,0.03,0.00,,yes,18.4,32,0.176,6,7,-0.077,0.986,0,-1
52.01,FLYING,APPROACH,0,,,,,100,0,11,0,-1,56,CRUISE,,1.40,0.27,0.13,0.10,0.36,0.07,0.00,,yes,18.1,33,0.244,5,6,-0.041,0.965,0,-1
52.08,FLYING,APPROACH,0,,,,,100,0,11,0,0,56,CRUISE,,0.78,0.21,0.09,0.05,0.25,0.00,0.00,,yes,15.2,43,0.043,6,8,0.000,1.000,0,0
52.13,FLYING,APPROACH,0,,,,,100,0,11,0,0,56,CRUISE,,0.45,0.14,0.08,0.03,0.18,0.00,0.00,,yes,18.1,32,-0.004,6,9,0.000,1.000,0,0
52.19,FLYING,APPROACH,0,,,,,100,0,11,0,0,56,CRUISE,,0.29,0.09,0.07,0.02,0.12,0.00,0.00,,yes,18.2,32,0.007,6,8,0.024,1.000,0,0
52.24,FLYING,APPROACH,0,,,,,100,0,11,0,1,56,CRUISE,,0.30,0.05,0.05,0.01,0.09,0.00,0.00,,yes,18.2,32,0.038,6,7,0.063,1.000,0,1
52.30,FLYING,APPROACH,0,,,,,100,0,11,0,-1,56,CRUISE,,0.32,0.04,0.03,0.01,0.06,0.00,0.00,,yes,18.3,32,0.258,6,6,-0.035,0.993,0,-1
52.35,FLYING,APPROACH,0,,,,,100,0,11,0,-4,56,CRUISE,,0.52,0.17,0.02,0.00,0.04,0.00,0.00,,yes,18.3,32,0.338,5,5,-0.179,0.921,0,-4
52.41,FLYING,APPROACH,0,,,,,100,0,11,0,-2,56,CRUISE,,0.65,0.36,0.02,0.00,0.03,0.00,0.00,,yes,18.7,32,0.166,6,8,-0.125,0.971,0,-2
52.46,FLYING,APPROACH,0,,,,,100,0,11,0,-1,56,CRUISE,,0.74,0.59,0.03,0.00,0.02,0.00,0.00,,yes,18.3,32,0.478,6,8,-0.031,1.000,0,-1
52.52,FLYING,APPROACH,0,,,,,100,0,11,0,1,56,CRUISE,,0.76,0.84,0.03,0.00,0.01,0.00,0.00,,yes,18.5,32,0.444,6,8,0.025,1.000,0,1
52.57,FLYING,APPROACH,0,,,,,100,0,11,0,0,56,CRUISE,,0.74,1.17,0.05,0.00,0.01,0.13,0.13,,yes,18.2,32,0.337,6,7,0.000,1.000,0,0
52.62,FLYING,APPROACH,0,,,,,100,0,11,0,0,56,AVOID_RIGHT,,0.74,1.51,0.28,0.30,0.01,0.31,0.31,,yes,18.3,32,-0.035,6,8,0.033,1.000,0,0
52.68,FLYING,APPROACH,0,,,,,100,0,11,0,0,56,ESCAPE,,1.41,1.83,2.47,0.95,0.00,0.47,0.79,,yes,18.1,32,0.104,5,8,0.100,1.000,0,0
52.74,FLYING,APPROACH,0,,,,,100,0,11,0,0,56,ESCAPE,,1.87,2.19,3.57,1.00,0.00,0.65,1.00,,yes,18.0,33,0.152,5,7,0.080,0.935,0,0
52.79,FLYING,APPROACH,0,,,,,100,0,11,0,0,56,ESCAPE,,1.98,2.40,3.75,1.00,0.00,0.75,1.00,,yes,18.2,32,0.727,4,6,0.074,0.846,0,0
52.85,FLYING,APPROACH,0,,,,,100,0,11,0,0,56,ESCAPE,,2.41,2.99,2.95,1.00,0.00,1.00,1.00,,yes,18.0,33,0.985,2,5,0.151,0.781,0,0
52.90,FLYING,APPROACH,0,,,,,100,0,11,0,0,56,ESCAPE,,2.30,3.35,2.55,1.00,0.00,1.00,1.00,,yes,17.8,33,1.302,2,8,0.380,0.745,0,0
52.96,FLYING,APPROACH,0,,,,,100,0,11,0,0,56,ESCAPE,,2.24,3.53,2.76,1.00,0.44,1.00,1.00,,yes,17.9,33,1.011,3,6,0.300,0.691,0,0
53.01,FLYING,APPROACH,0,,,,,100,0,11,0,0,56,ESCAPE,,1.75,2.85,2.86,1.00,0.31,0.82,0.83,,yes,17.9,33,-1.243,3,1,-0.038,0.565,0,0
53.07,FLYING,APPROACH,0,,,,,100,0,11,0,0,56,ESCAPE,,1.36,2.50,2.99,1.00,0.21,0.70,0.94,,yes,17.9,33,-0.114,5,7,-0.071,0.704,0,0
53.13,FLYING,APPROACH,0,,,,,100,0,11,0,0,56,ESCAPE,,1.13,2.53,2.96,1.00,0.15,0.74,0.96,,yes,18.0,33,0.423,6,8,-0.098,0.821,0,0
53.18,FLYING,APPROACH,0,,,,,100,0,11,0,0,56,ESCAPE,,0.94,2.55,3.05,1.00,0.10,0.78,1.00,,yes,17.9,33,-0.280,6,8,0.011,0.901,0,0
53.24,FLYING,APPROACH,0,,,,,100,0,11,0,0,56,ESCAPE,,0.85,2.56,1.75,1.00,0.07,0.80,0.80,,yes,18.0,33,0.265,6,6,-0.065,0.936,0,0
53.29,FLYING,APPROACH,0,,,,,100,0,11,0,0,56,ESCAPE,,1.00,1.84,1.44,1.00,0.05,0.45,0.45,,yes,18.3,32,-0.115,5,5,-0.080,0.918,0,0
53.35,FLYING,APPROACH,0,,,,,100,0,11,0,0,56,ESCAPE,,1.07,1.48,1.28,1.00,0.04,0.28,0.28,,yes,18.1,32,0.117,5,7,0.042,0.946,0,0
53.40,FLYING,APPROACH,0,,,,,100,0,11,0,0,56,ESCAPE,,1.17,1.33,1.45,1.00,0.03,0.21,0.27,,yes,18.1,32,-0.211,4,7,0.200,0.928,0,0
53.47,FLYING,APPROACH,0,,,,,100,0,11,0,0,56,ESCAPE,,1.22,1.25,1.54,0.90,0.02,0.17,0.31,,yes,15.9,40,-0.028,5,8,0.227,0.956,0,0
53.52,FLYING,APPROACH,0,,,,,100,0,11,0,1,56,ESCAPE,,1.61,0.95,1.05,0.66,0.01,0.35,0.07,,yes,17.7,33,0.044,5,7,0.214,0.967,0,1
53.58,FLYING,APPROACH,0,,,,,100,0,11,0,1,56,ESCAPE,,2.53,0.75,0.55,0.77,0.01,0.82,0.00,,yes,18.2,32,0.264,5,8,0.135,0.950,0,1
53.63,FLYING,APPROACH,0,,,,,100,0,11,0,0,56,ESCAPE,,2.47,0.56,0.29,0.84,0.01,0.79,0.00,,yes,18.0,32,0.217,6,8,0.081,0.987,0,0
53.69,FLYING,APPROACH,0,,,,,100,0,11,0,0,56,ESCAPE,,2.79,0.36,0.16,0.88,0.00,0.95,0.00,,yes,18.0,33,0.073,6,7,0.002,1.000,0,0
53.74,FLYING,APPROACH,0,,,,,100,0,11,0,0,56,ESCAPE,,2.60,0.22,0.09,0.81,0.00,0.85,0.00,,yes,17.8,33,0.046,6,8,0.000,1.000,0,0
53.80,FLYING,APPROACH,0,,,,,100,0,11,0,0,56,ESCAPE,,2.44,0.15,0.05,0.87,0.00,0.78,0.00,,yes,18.3,32,0.099,6,8,0.026,1.000,0,0
53.85,FLYING,SCAN,0,,,,,100,0,7,0,0,56,ESCAPE,,2.28,0.19,0.04,0.75,0.00,0.69,0.00,,yes,18.1,32,0.140,6,8,0.000,1.000,0,0
53.91,FLYING,SCAN,0,,,,,100,0,0,0,0,56,ESCAPE,,2.20,0.21,0.04,0.83,0.00,0.67,0.00,,yes,17.9,32,-0.001,6,7,-0.018,0.983,0,0
53.96,FLYING,SCAN,0,,,,,100,0,0,0,0,56,ESCAPE,,1.18,0.22,0.04,0.58,0.00,0.19,0.00,,yes,17.9,33,-0.034,6,7,-0.010,1.000,0,0
54.02,FLYING,SCAN,0,,,,,100,0,0,0,0,56,ESCAPE,,0.66,0.30,0.03,0.44,0.00,0.00,0.00,,yes,18.5,32,0.097,6,9,0.036,1.000,0,0
54.07,FLYING,SCAN,0,,,,,100,0,0,0,0,56,ESCAPE,,0.41,0.36,0.02,0.25,0.00,0.00,0.00,,yes,18.5,32,0.039,6,7,0.000,1.000,0,0
54.13,FLYING,SCAN,0,,,,,100,0,0,0,0,56,ESCAPE,,0.38,0.37,0.01,0.14,0.00,0.00,0.00,,yes,18.2,32,0.007,6,8,0.026,0.992,0,0
54.18,FLYING,SCAN,0,,,,,100,0,0,0,0,56,ESCAPE,,0.36,0.25,0.01,0.08,0.00,0.00,0.00,,yes,17.9,33,-0.032,6,7,0.000,1.000,0,0
54.24,FLYING,SCAN,0,,,,,100,0,0,0,0,56,ESCAPE,,0.30,0.19,0.02,0.04,0.00,0.00,0.00,,yes,18.0,33,-0.014,6,7,0.001,0.986,0,0
54.29,FLYING,SCAN,0,,,,,100,0,0,0,2,56,ESCAPE,,0.23,0.17,0.02,0.02,0.00,0.00,0.00,,yes,18.3,32,0.007,5,7,0.100,0.984,0,2
54.35,FLYING,SCAN,0,,,,,100,0,0,0,1,56,CRUISE,,0.18,0.17,0.02,0.01,0.00,0.00,0.00,,yes,18.0,33,-0.003,5,8,0.052,0.959,0,1
54.40,FLYING,SCAN,0,,,,,100,0,0,0,1,56,CRUISE,,0.16,0.19,0.02,0.01,0.00,0.00,0.00,,yes,18.2,32,0.003,6,7,0.036,0.959,0,1
54.46,FLYING,SCAN,0,,,,,100,0,0,0,-1,56,CRUISE,,0.15,0.19,0.02,0.00,0.00,0.00,0.00,,,18.1,33,-0.020,6,8,-0.047,0.979,0,-1
54.52,FLYING,SCAN,0,,,,,100,0,0,0,0,56,CRUISE,,0.14,0.20,0.02,0.00,0.00,0.00,0.00,,,17.9,33,-0.030,6,8,0.001,0.975,0,0
54.57,FLYING,SCAN,0,,,,,100,0,0,0,0,56,CRUISE,,0.14,0.13,0.01,0.00,0.00,0.00,0.00,,,18.2,32,-0.058,6,8,0.000,1.000,0,0
54.63,FLYING,SCAN,0,,,,,100,0,0,0,2,56,CRUISE,,0.13,0.09,0.01,0.00,0.00,0.00,0.00,,,17.9,33,-0.063,5,9,0.077,1.000,0,2
54.68,FLYING,SCAN,0,,,,,100,0,0,0,2,56,CRUISE,,0.13,0.06,0.02,0.00,0.00,0.00,0.00,,,18.1,32,-0.027,6,8,0.094,1.000,0,2
54.74,FLYING,SCAN,0,,,,,100,0,0,0,4,56,CRUISE,,0.10,0.05,0.02,0.00,0.00,0.00,0.00,,,17.9,34,-0.115,5,8,0.195,0.962,0,4
54.79,FLYING,SCAN,0,,,,,100,0,0,0,1,56,CRUISE,,0.08,0.20,0.02,0.00,0.00,0.00,0.00,,,18.3,33,-0.067,6,7,0.033,0.975,0,1
54.85,FLYING,SCAN,0,,,,,100,0,0,0,2,56,CRUISE,,0.09,0.27,0.02,0.00,0.00,0.00,0.00,,,18.2,32,-0.006,6,8,0.097,0.988,0,2
54.90,FLYING,SCAN,0,,,,,100,0,0,0,-1,56,CRUISE,,0.11,0.17,0.02,0.00,0.00,0.00,0.00,,,18.1,32,-0.084,6,7,-0.027,0.990,0,-1
54.96,FLYING,SCAN,0,,,,,100,0,0,0,2,56,CRUISE,,0.73,0.12,0.02,0.00,0.00,0.00,0.00,,,18.3,32,-0.077,5,8,0.087,1.000,0,2
55.01,FLYING,SCAN,0,,,,,100,0,0,0,3,56,CRUISE,,1.14,0.15,0.01,0.00,0.00,0.17,0.00,,,17.5,35,-0.051,5,8,0.130,1.000,0,3
55.07,FLYING,SCAN,0,,,,,100,0,0,0,13,56,CRUISE,,1.37,0.18,0.01,0.15,0.00,0.29,0.00,,,17.7,34,0.016,5,6,0.155,0.981,10,3
55.13,FLYING,SCAN,0,,,,,100,0,0,0,19,56,AVOID_RIGHT,,1.49,0.25,0.01,0.26,0.00,0.35,0.00,,yes,17.9,33,1.099,0,5,0.146,0.804,17,2
55.18,FLYING,SCAN,0,,,,,100,0,0,0,24,56,AVOID_RIGHT,,1.69,0.30,0.01,0.30,0.00,0.44,0.00,,yes,17.7,34,1.457,0,4,0.219,0.629,21,3
55.24,FLYING,SCAN,0,,,,,100,0,0,0,26,56,AVOID_RIGHT,,3.92,0.93,0.01,0.50,0.00,1.00,0.07,,yes,17.7,34,2.487,0,1,0.239,0.473,24,2
55.29,FLYING,SCAN,0,,,,,100,0,0,0,28,56,AVOID_RIGHT,,5.04,1.25,0.02,0.67,0.00,1.00,0.23,,yes,19.1,30,2.898,0,2,0.274,0.362,26,2
55.35,FLYING,SCAN,0,,,,,100,0,0,0,27,56,AVOID_RIGHT,,2.63,0.64,0.02,0.93,0.00,0.92,0.00,,yes,18.2,32,2.843,0,3,0.355,0.318,27,0
55.40,FLYING,SCAN,0,,,,,100,0,0,0,30,56,AVOID_RIGHT,,1.40,0.33,0.03,0.79,0.00,0.30,0.00,,yes,18.4,32,3.034,0,4,0.397,0.312,28,2
55.46,FLYING,SCAN,0,,,,,100,0,0,0,33,56,AVOID_RIGHT,,0.77,0.18,0.04,0.44,0.00,0.00,0.00,,yes,18.5,31,3.211,0,1,0.372,0.281,29,4
55.51,FLYING,SCAN,0,,,,,100,0,0,0,34,56,AVOID_RIGHT,,0.45,0.10,0.06,0.25,0.00,0.00,0.00,,yes,18.5,31,3.351,0,2,0.363,0.268,29,5
55.56,FLYING,SCAN,0,,,,,100,0,0,0,37,56,AVOID_RIGHT,,0.29,0.06,0.07,0.14,0.00,0.00,0.00,,yes,18.4,32,3.436,0,6,0.452,0.337,29,8
55.62,FLYING,SCAN,0,,,,,100,0,0,0,35,56,AVOID_RIGHT,,0.17,0.04,0.07,0.08,0.00,0.00,0.00,,yes,18.5,31,3.348,0,1,0.350,0.251,29,6
55.67,FLYING,SCAN,0,,,,,100,0,0,0,36,56,OPTOMOTOR,,0.12,0.08,0.06,0.04,0.44,0.00,0.00,,yes,18.5,31,3.386,0,5,0.380,0.280,29,7
55.73,FLYING,SCAN,0,,,,,100,0,0,0,38,56,OPTOMOTOR,,0.34,0.25,0.28,0.02,0.31,0.00,0.00,,yes,18.3,32,3.267,0,7,0.473,0.348,29,9
55.78,FLYING,SCAN,0,,,,,100,0,0,0,39,56,OPTOMOTOR,,0.45,0.34,0.39,0.01,0.21,0.00,0.00,,yes,18.6,31,3.235,0,5,0.515,0.377,29,10
55.84,FLYING,SCAN,0,,,,,100,0,0,0,39,56,OPTOMOTOR,,0.70,0.43,0.31,0.01,1.31,0.00,0.00,,yes,18.4,32,3.150,0,4,0.511,0.374,29,10
55.89,FLYING,SCAN,0,,,,,100,0,0,0,40,56,OPTOMOTOR,,0.89,0.58,0.26,0.00,0.92,0.00,0.00,,yes,18.4,32,3.262,0,7,0.530,0.387,29,11
55.94,FLYING,SCAN,0,,,,,100,0,0,0,40,56,OPTOMOTOR,,1.00,0.74,0.24,0.00,8.73,0.00,0.00,,yes,18.5,31,3.589,0,5,0.568,0.413,29,11
56.00,FLYING,SCAN,0,,,,,100,0,0,0,38,56,OPTOMOTOR,,3.17,2.90,0.56,0.00,6.11,0.00,0.00,,yes,18.2,32,2.571,0,3,0.430,0.318,29,9
56.05,FLYING,SCAN,0,,,,,100,0,0,0,38,56,OPTOMOTOR,,4.78,3.97,1.31,0.00,10.04,0.00,0.00,,yes,18.4,32,1.761,0,3,0.436,0.322,29,9
56.11,FLYING,SCAN,0,,,,,100,0,0,0,37,56,OPTOMOTOR,,5.06,3.51,1.16,0.00,7.02,0.00,0.00,,yes,18.5,31,6.307,0,3,0.418,0.310,29,8
56.16,FLYING,SCAN,0,,,,,100,0,0,0,37,56,OPTOMOTOR,,5.72,3.03,1.64,0.00,17.02,0.00,0.00,,yes,18.3,32,4.499,0,5,0.422,0.313,29,8
56.22,FLYING,SCAN,0,,,,,100,0,0,0,37,56,OPTOMOTOR,,6.45,2.77,2.39,0.00,11.91,0.00,0.00,,yes,18.1,32,4.217,0,4,0.397,0.295,29,8
56.27,FLYING,SCAN,0,,,,,100,0,0,0,38,56,OPTOMOTOR,,6.81,2.64,3.70,0.00,38.83,0.00,0.00,,yes,18.4,31,3.344,0,5,0.451,0.333,29,9
56.33,FLYING,SCAN,0,,,,,100,0,0,0,37,56,OPTOMOTOR,,7.40,2.44,3.64,0.00,27.18,0.00,0.00,,yes,18.4,31,3.037,0,3,0.389,0.288,29,8
56.38,FLYING,SCAN,0,,,,,100,0,0,0,36,56,OPTOMOTOR,,5.67,2.69,3.61,0.00,19.03,0.00,0.00,,yes,18.4,32,4.242,0,3,0.362,0.262,29,7
56.43,FLYING,SCAN,0,,,,,100,0,0,0,37,56,OPTOMOTOR,,4.96,2.02,3.60,0.00,13.32,0.00,0.00,,yes,18.4,32,3.517,0,6,0.410,0.305,29,8
56.49,FLYING,SCAN,0,,,,,100,0,0,0,38,56,OPTOMOTOR,,4.61,1.77,4.19,0.00,10.91,0.00,0.00,,yes,18.4,32,3.481,0,5,0.459,0.338,29,9
56.54,FLYING,SCAN,0,,,,,100,0,0,0,36,56,OPTOMOTOR,,5.27,1.65,4.61,0.00,7.64,0.00,0.00,,yes,18.4,32,2.431,0,1,0.367,0.267,29,7
56.60,FLYING,SCAN,0,,,,,100,0,0,0,36,56,OPTOMOTOR,,5.60,1.59,4.77,0.00,7.42,0.00,0.00,,yes,16.7,37,2.631,0,4,0.355,0.255,29,7
56.65,FLYING,SCAN,0,,,,,100,0,0,0,39,56,OPTOMOTOR,,4.72,2.26,4.85,0.00,8.73,0.00,0.00,,yes,19.6,29,3.174,0,5,0.481,0.353,29,10
56.71,FLYING,SCAN,0,,,,,100,0,0,0,39,56,OPTOMOTOR,,4.15,2.33,4.89,0.00,8.73,0.00,0.00,,yes,18.5,31,3.492,0,4,0.492,0.361,29,10
56.76,FLYING,SCAN,0,,,,,100,0,0,0,38,56,OPTOMOTOR,,3.87,2.36,4.74,0.00,6.11,0.00,0.00,,yes,18.3,32,3.831,0,5,0.443,0.327,29,9
56.82,FLYING,SCAN,0,,,,,100,0,0,0,38,56,OPTOMOTOR,,6.24,2.38,3.31,0.00,10.91,0.00,0.00,,yes,18.7,32,4.374,0,7,0.471,0.346,29,9
56.87,FLYING,SCAN,0,,,,,100,0,0,0,39,56,OPTOMOTOR,,7.42,4.83,2.59,0.00,7.64,0.00,0.00,,yes,18.2,32,3.363,0,6,0.479,0.352,29,10
56.92,FLYING,SCAN,0,,,,,100,0,0,0,39,56,OPTOMOTOR,,8.01,6.06,2.35,0.00,8.73,0.00,0.00,,yes,18.4,32,2.786,0,4,0.512,0.375,29,10
56.98,FLYING,SCAN,0,,,,,100,0,0,0,35,56,OPTOMOTOR,,7.79,5.70,3.50,0.15,6.11,0.44,0.00,,yes,18.0,33,0.483,3,8,0.355,0.521,29,6
57.03,FLYING,SCAN,0,,,,,100,0,0,0,30,56,AVOID_RIGHT,,5.56,4.78,4.08,0.11,4.28,0.24,0.00,,yes,18.3,32,-1.082,2,0,0.047,0.431,29,1
57.09,FLYING,SCAN,0,,,,,100,0,0,0,31,56,AVOID_RIGHT,,4.45,4.25,3.73,0.21,2.99,0.33,0.23,,yes,18.3,33,1.745,0,3,0.130,0.314,29,2
57.14,FLYING,SCAN,0,,,,,100,0,0,0,34,56,AVOID_RIGHT,,3.22,2.81,2.03,0.12,10.04,0.00,0.00,,yes,18.3,32,3.114,0,5,0.266,0.286,29,5
57.20,FLYING,SCAN,0,,,,,100,0,0,0,36,56,AVOID_RIGHT,,3.86,2.09,1.18,0.07,7.02,0.00,0.00,,yes,18.4,32,2.819,0,4,0.357,0.280,29,7
57.25,FLYING,SCAN,0,,,,,100,0,0,0,38,56,AVOID_RIGHT,,2.93,2.54,2.04,0.04,7.85,0.00,0.00,,yes,18.5,31,1.324,1,8,0.464,0.401,29,9
57.31,FLYING,SCAN,0,,,,,100,0,0,0,34,56,OPTOMOTOR,,3.71,3.02,2.47,0.02,5.50,0.00,0.00,,yes,18.5,31,-0.668,1,1,0.279,0.278,29,5
57.36,FLYING,SCAN,0,,,,,100,0,0,0,35,56,OPTOMOTOR,,4.14,3.47,2.31,0.01,4.80,0.00,0.00,,yes,18.5,31,2.082,0,3,0.305,0.228,29,6
57.42,FLYING,SCAN,0,,,,,100,0,0,0,37,56,OPTOMOTOR,,4.35,3.69,2.22,0.01,3.36,0.09,0.00,,yes,17.4,35,1.095,0,6,0.390,0.300,29,8
57.49,FLYING,SCAN,0,,,,,100,0,0,0,32,56,OPTOMOTOR,,3.85,3.54,3.21,0.00,3.49,0.00,0.00,,yes,14.2,48,0.655,6,8,0.127,0.593,29,3
57.57,FLYING,SCAN,0,,,,,100,0,0,0,32,56,CRUISE,,3.25,3.29,3.70,0.00,4.36,0.00,0.00,,yes,12.3,56,4.453,0,5,0.154,0.544,29,3
57.63,FLYING,SCAN,0,,,,,100,0,0,0,6,56,CRUISE,,2.96,2.67,3.19,0.00,6.11,0.00,0.00,,yes,17.9,31,4.619,0,7,0.320,0.482,0,6
57.68,FLYING,SCAN,0,,,,,100,0,0,0,5,56,OPTOMOTOR,,3.37,2.36,2.93,0.00,4.28,0.00,0.00,,yes,17.0,37,-0.646,0,1,0.229,0.348,0,5
57.74,FLYING,SCAN,0,,,,,100,0,0,0,3,56,CRUISE,,3.58,1.99,2.81,0.00,5.67,0.00,0.00,,yes,17.1,35,-2.747,0,0,0.149,0.210,0,3
57.80,FLYING,SCAN,0,,,,,100,0,0,0,-1,56,CRUISE,,2.96,2.22,2.41,0.00,3.97,0.00,0.00,,yes,16.7,37,-0.207,6,8,-0.074,0.428,0,-1
57.86,FLYING,SCAN,0,,,,,100,0,0,0,-1,56,CRUISE,,2.65,2.34,2.21,0.00,3.49,0.00,0.00,,yes,17.7,34,-0.250,6,8,-0.075,0.651,0,-1
57.91,FLYING,SCAN,0,,,,,100,0,0,0,-2,56,CRUISE,,3.09,2.40,1.88,0.00,2.44,0.00,0.00,,yes,17.8,33,-2.202,0,0,-0.119,0.424,0,-2
57.98,FLYING,SCAN,0,,,,,100,0,0,0,-3,56,CRUISE,,3.31,1.95,1.96,0.00,7.85,0.00,0.00,,yes,15.9,40,-0.037,5,5,-0.168,0.472,0,-3
58.04,FLYING,SCAN,0,,,,,100,0,0,0,-2,56,CRUISE,,3.37,1.63,1.72,0.00,5.50,0.00,0.00,,yes,16.2,39,0.410,6,8,-0.122,0.719,0,-2
58.10,FLYING,SCAN,0,,,,,100,0,0,0,-4,56,CRUISE,,3.34,1.47,2.19,0.00,3.85,0.00,0.00,,yes,15.9,40,-1.056,3,2,-0.200,0.600,0,-4
58.17,FLYING,SCAN,0,,,,,100,0,0,0,0,56,CRUISE,,3.29,1.39,2.50,0.00,11.78,0.00,0.00,,yes,15.1,43,1.320,0,5,0.004,0.490,0,0
58.23,FLYING,SCAN,0,,,,,100,0,0,0,1,56,CRUISE,,3.26,2.07,2.94,0.00,8.25,0.00,0.00,,,15.7,41,1.308,0,1,0.074,0.338,0,1
58.30,FLYING,SCAN,0,,,,,100,0,0,0,0,56,CRUISE,,3.07,2.32,2.96,0.00,5.77,0.00,0.00,,,15.8,40,-8.335,1,0,0.021,0.209,0,0
58.36,FLYING,SCAN,0,,,,,100,0,0,0,-3,56,CRUISE,,3.54,2.53,2.97,0.00,6.98,0.00,0.00,,,16.3,39,-1.327,2,1,-0.138,0.203,0,-3
58.42,FLYING,SCAN,0,,,,,100,0,0,0,0,56,CRUISE,,3.61,2.55,2.52,0.00,4.89,0.00,0.00,,,15.7,41,1.249,1,5,0.016,0.329,0,0
58.48,FLYING,SCAN,0,,,,,100,0,0,0,-2,56,CRUISE,,3.64,2.36,2.30,0.00,3.93,0.00,0.00,,,15.8,41,-1.547,2,0,-0.091,0.295,0,-2
58.55,FLYING,SCAN,0,,,,,100,0,0,0,-4,56,CRUISE,,3.48,2.26,2.32,0.00,2.75,0.00,0.00,,,16.4,38,-0.625,6,5,-0.209,0.433,0,-4
58.61,FLYING,SCAN,0,,,,,100,0,0,0,-1,56,CRUISE,,3.40,2.45,2.34,0.00,4.36,0.00,0.00,,,15.9,40,1.099,2,7,-0.053,0.530,0,-1
58.67,FLYING,SCAN,0,,,,,100,0,0,0,4,56,CRUISE,,3.36,2.54,2.23,0.00,9.16,0.00,0.00,,,17.0,36,1.774,0,7,0.218,0.518,0,4
58.73,FLYING,SCAN,0,,,,,100,0,0,0,3,56,CRUISE,,4.11,2.91,1.78,0.00,6.41,0.00,0.00,,,15.8,40,-0.269,6,8,0.151,0.701,0,3
58.80,FLYING,SCAN,0,,,,,100,0,0,0,2,56,CRUISE,,3.62,2.74,1.56,0.00,6.98,0.00,0.00,,,15.1,44,-0.068,6,7,0.091,0.829,0,2
58.86,FLYING,SCAN,0,,,,,100,0,0,0,10,56,CRUISE,,3.98,4.13,1.81,0.00,6.98,0.00,0.00,,,15.8,40,0.162,5,6,0.013,0.834,10,0
58.92,FLYING,SCAN,0,,,,,100,0,0,0,19,56,CRUISE,,3.10,3.53,1.94,0.00,4.89,0.00,0.00,,yes,17.9,34,0.239,6,8,0.092,0.908,17,2
58.97,FLYING,SCAN,0,,,,,100,0,0,0,19,56,CRUISE,,2.07,4.33,2.63,0.00,5.67,0.00,0.00,,yes,17.5,34,-1.969,2,0,-0.104,0.635,21,-2
59.03,FLYING,SCAN,0,,,,,100,0,0,0,21,56,CRUISE,,1.49,4.73,3.93,0.00,3.97,0.00,0.00,,yes,17.8,33,-1.838,2,0,-0.174,0.395,24,-3
59.09,FLYING,SCAN,0,,,,,100,0,0,0,23,56,CRUISE,,1.19,4.93,4.58,0.00,5.67,0.00,0.00,,yes,17.7,34,0.009,5,7,-0.163,0.523,26,-3
59.14,FLYING,SCAN,0,,,,,100,0,0,0,28,56,CRUISE,,1.04,3.20,4.18,0.00,3.97,0.00,0.00,,yes,18.5,31,1.162,1,6,0.049,0.585,27,1
59.19,FLYING,SCAN,0,,,,,100,0,0,0,31,56,CRUISE,,1.00,2.13,3.25,0.00,12.22,0.00,0.00,,yes,18.4,32,2.339,0,5,0.163,0.467,28,3
59.25,FLYING,SCAN,0,,,,,100,0,0,0,29,56,CRUISE,,1.63,1.59,2.79,0.00,8.55,0.00,0.00,,yes,18.6,31,-0.863,2,0,-0.014,0.330,29,0
59.30,FLYING,SCAN,0,,,,,100,0,0,0,32,56,CRUISE,,2.07,1.84,2.66,0.00,16.58,0.00,0.00,,yes,18.5,31,4.001,0,5,0.144,0.352,29,3
59.36,FLYING,SCAN,0,,,,,100,0,0,0,35,56,OPTOMOTOR,,2.17,3.14,2.60,0.00,11.61,0.00,0.00,,yes,18.4,31,3.455,0,3,0.288,0.327,29,6
59.41,FLYING,SCAN,0,,,,,100,0,0,0,36,56,OPTOMOTOR,,2.33,3.78,2.82,0.00,8.12,0.00,0.00,,yes,18.6,31,3.088,0,2,0.374,0.308,29,7
59.46,FLYING,SCAN,0,,,,,100,0,0,0,38,56,OPTOMOTOR,,2.96,4.11,3.15,0.00,6.11,0.00,0.00,,yes,18.4,32,2.879,0,6,0.427,0.331,29,9
59.52,FLYING,SCAN,0,,,,,100,0,0,0,38,56,OPTOMOTOR,,3.31,4.14,3.76,0.00,4.28,0.00,0.00,,yes,18.5,31,5.566,0,5,0.427,0.324,29,9
59.57,FLYING,SCAN,0,,,,,100,0,0,0,34,56,OPTOMOTOR,,3.83,4.67,4.06,0.30,2.99,0.44,0.44,,yes,18.4,32,2.459,0,3,0.350,0.254,29,5
59.63,FLYING,SCAN,0,,,,,100,0,0,0,32,56,ESCAPE,,3.94,3.82,4.16,0.67,2.10,0.52,0.63,,yes,18.1,32,1.711,0,5,0.395,0.296,29,3
59.68,FLYING,SCAN,0,,,,,100,0,0,0,32,56,ESCAPE,,4.00,2.97,3.36,0.64,7.85,0.00,0.00,,yes,18.3,32,1.462,0,5,0.429,0.319,29,3
59.74,FLYING,SCAN,0,,,,,100,0,0,0,35,56,ESCAPE,,4.02,2.40,2.96,0.36,5.50,0.00,0.00,,yes,18.7,31,2.633,0,5,0.470,0.346,29,6
59.79,FLYING,SCAN,0,,,,,100,0,0,0,37,56,ESCAPE,,5.10,2.26,3.56,0.20,21.38,0.00,0.00,,yes,18.4,32,2.449,0,5,0.513,0.376,29,8
59.84,FLYING,SCAN,0,,,,,100,0,0,0,38,56,ESCAPE,,5.64,2.72,3.86,0.11,15.71,0.00,0.00,,yes,18.4,32,4.071,0,7,0.490,0.359,29,9
59.90,FLYING,SCAN,0,,,,,100,0,0,0,38,56,ESCAPE,,4.64,3.25,2.95,0.06,11.00,0.00,0.00,,yes,18.6,31,3.304,0,4,0.497,0.364,29,9
59.95,FLYING,SCAN,0,,,,,100,0,0,0,38,56,ESCAPE,,4.14,3.76,2.49,0.04,10.47,0.00,0.00,,yes,18.4,32,2.567,0,4,0.459,0.339,29,9
60.01,FLYING,SCAN,0,,,,,100,0,0,0,39,56,ESCAPE,,3.89,3.77,2.37,0.02,7.33,0.00,0.00,,yes,18.4,31,3.121,0,6,0.494,0.362,29,10
60.06,FLYING,SCAN,0,,,,,100,0,0,0,38,56,ESCAPE,,3.72,4.01,3.01,0.01,7.42,0.00,0.00,,yes,18.6,31,2.338,0,4,0.458,0.337,29,9
60.12,FLYING,SCAN,0,,,,,100,0,0,0,38,56,ESCAPE,,3.64,4.29,3.33,0.01,5.19,0.00,0.00,,yes,18.4,31,3.614,0,4,0.458,0.338,29,9
60.17,FLYING,SCAN,0,,,,,100,0,0,0,40,56,ESCAPE,,3.65,4.80,3.49,0.00,6.54,0.00,0.00,,yes,18.6,31,1.152,0,5,0.528,0.386,29,11
60.22,FLYING,SCAN,0,,,,,100,0,0,0,37,56,ESCAPE,,4.85,4.68,3.62,0.00,4.58,0.00,0.00,,yes,18.5,31,2.863,0,2,0.400,0.312,29,8
60.28,FLYING,SCAN,0,,,,,100,0,0,0,38,56,ESCAPE,,6.25,3.21,3.69,0.00,14.84,0.00,0.00,,yes,18.5,31,2.979,0,4,0.426,0.324,29,9
60.33,FLYING,SCAN,0,,,,,100,0,0,0,37,56,ESCAPE,,6.14,2.47,3.17,0.00,17.02,0.00,0.00,,yes,18.6,31,1.877,0,1,0.384,0.287,29,8
60.38,FLYING,SCAN,0,,,,,100,0,0,0,37,56,ESCAPE,,4.62,2.55,2.91,0.00,11.91,0.00,0.00,,yes,18.5,31,4.246,0,3,0.406,0.305,29,8
60.44,FLYING,SCAN,0,,,,,100,0,0,0,38,56,ESCAPE,,3.86,2.59,3.62,0.00,8.73,0.00,0.00,,yes,18.5,31,3.568,0,5,0.436,0.324,29,9
60.49,FLYING,SCAN,0,,,,,100,0,0,0,38,56,ESCAPE,,5.22,2.61,3.98,0.00,6.11,0.00,0.00,,yes,18.5,31,3.807,0,3,0.460,0.340,29,9
60.55,FLYING,SCAN,0,,,,,100,0,0,0,37,56,ESCAPE,,5.89,1.75,3.33,0.00,4.80,0.15,0.00,,yes,18.5,32,4.226,0,3,0.393,0.291,29,8
60.60,FLYING,SCAN,0,,,,,100,0,0,0,38,56,ESCAPE,,3.87,2.11,3.00,0.00,3.36,0.00,0.00,,yes,18.5,31,3.393,0,5,0.448,0.331,29,9
60.65,FLYING,SCAN,0,,,,,100,0,0,0,38,56,ESCAPE,,2.86,2.28,3.14,0.00,7.85,0.00,0.00,,yes,18.6,31,3.439,0,4,0.432,0.320,29,9
60.71,FLYING,SCAN,0,,,,,100,0,0,0,37,56,ESCAPE,,2.16,3.27,3.58,0.00,5.50,0.00,0.00,,yes,18.6,31,3.304,0,4,0.386,0.285,29,8
60.76,FLYING,SCAN,0,,,,,100,0,0,0,37,56,ESCAPE,,1.81,3.77,3.80,0.00,3.85,0.00,0.00,,yes,18.5,31,4.076,0,2,0.401,0.299,29,8
60.82,FLYING,SCAN,0,,,,,100,0,0,0,37,56,ESCAPE,,1.46,2.92,2.03,0.00,2.69,0.00,0.00,,yes,18.6,31,3.689,0,4,0.389,0.287,29,8
60.87,FLYING,SCAN,0,,,,,100,0,0,0,38,56,ESCAPE,,1.16,1.90,1.06,0.00,3.05,0.00,0.00,,yes,18.7,31,2.435,0,6,0.473,0.348,29,9
60.92,FLYING,SCAN,0,,,,,100,0,0,0,37,56,ESCAPE,,1.01,1.41,0.55,0.00,2.14,0.00,0.00,,yes,18.5,32,2.972,0,4,0.404,0.300,29,8
60.98,FLYING,SCAN,0,,,,,100,0,0,0,37,56,ESCAPE,,2.29,1.14,0.29,0.00,7.85,0.00,0.00,,yes,18.5,31,3.195,0,4,0.407,0.303,29,8
61.03,FLYING,SCAN,0,,,,,100,0,0,0,38,56,ESCAPE,,3.24,1.04,1.34,0.00,5.50,0.00,0.00,,yes,18.5,31,2.318,0,5,0.437,0.323,29,9
61.09,FLYING,SCAN,0,,,,,100,0,0,0,39,56,ESCAPE,,3.78,1.35,2.47,0.00,9.60,0.00,0.00,,yes,18.5,31,2.794,0,6,0.502,0.368,29,10
61.14,FLYING,SCAN,0,,,,,100,0,0,0,37,56,ESCAPE,,4.05,1.51,2.66,0.00,6.72,0.00,0.00,,yes,18.5,31,3.429,0,4,0.420,0.312,29,8
61.19,FLYING,SCAN,0,,,,,100,0,0,0,38,56,ESCAPE,,3.94,1.33,3.20,0.00,4.70,0.00,0.00,,yes,18.6,31,4.268,0,5,0.444,0.328,29,9
61.25,FLYING,SCAN,0,,,,,100,0,0,0,37,56,OPTOMOTOR,,3.40,0.94,3.27,0.00,3.29,0.00,0.00,,yes,18.5,31,3.300,0,2,0.396,0.294,29,8
61.30,FLYING,SCAN,0,,,,,100,0,0,0,37,56,OPTOMOTOR,,2.33,0.59,3.31,0.00,2.30,0.00,0.10,,yes,18.5,31,2.602,0,3,0.396,0.294,29,8
61.36,FLYING,SCAN,0,,,,,100,0,0,0,37,56,OPTOMOTOR,,2.59,0.42,2.26,0.00,1.61,0.09,0.00,,yes,18.4,31,2.553,0,5,0.392,0.290,29,8
61.41,FLYING,SCAN,0,,,,,100,0,0,0,7,56,OPTOMOTOR,,1.57,0.33,1.74,0.00,2.18,0.00,0.00,,yes,18.6,31,2.003,0,4,0.354,0.254,0,7
61.46,FLYING,SCAN,0,,,,,100,0,0,0,4,56,OPTOMOTOR,,1.06,0.34,2.85,0.00,1.53,0.00,0.26,,yes,18.5,31,-1.373,2,1,0.206,0.214,0,4
61.52,FLYING,SCAN,0,,,,,100,0,0,0,0,56,AVOID_LEFT,,0.80,0.28,3.40,0.52,1.07,0.00,0.77,,yes,18.2,32,-0.457,5,7,-0.010,0.464,0,0
61.57,FLYING,SCAN,0,,,,,100,0,0,0,0,56,AVOID_LEFT,,0.73,0.26,1.87,0.39,1.75,0.00,0.00,,yes,18.2,32,0.958,3,7,0.018,0.595,0,0
61.63,FLYING,SCAN,0,,,,,100,0,0,0,1,56,AVOID_LEFT,,0.75,0.17,1.08,0.22,1.22,0.00,0.00,,yes,18.1,33,1.052,3,6,0.085,0.650,0,1
61.68,FLYING,SCAN,0,,,,,100,0,0,0,0,56,AVOID_LEFT,,0.76,0.09,0.71,0.12,1.31,0.00,0.00,,yes,18.2,32,-0.644,1,1,-0.008,0.518,0,0
61.74,FLYING,SCAN,0,,,,,100,0,0,0,-3,56,AVOID_LEFT,,0.76,0.05,1.61,0.07,0.92,0.00,0.00,,yes,18.1,32,-2.012,2,0,-0.153,0.358,0,-3
61.79,FLYING,SCAN,0,,,,,100,0,0,0,-3,56,CRUISE,,0.73,0.03,2.80,0.04,4.36,0.00,0.00,,yes,18.5,32,0.080,6,7,-0.157,0.507,0,-3
61.85,FLYING,SCAN,0,,,,,100,0,0,0,-5,56,OPTOMOTOR,,0.46,2.61,3.39,0.02,3.05,0.00,0.00,,yes,18.3,32,-1.367,2,0,-0.233,0.381,0,-5
61.90,FLYING,SCAN,0,,,,,100,0,0,0,-6,56,OPTOMOTOR,,0.33,4.68,3.48,0.01,4.36,0.00,0.00,,yes,18.4,32,-1.527,2,0,-0.304,0.281,0,-6
61.96,FLYING,SCAN,0,,,,,100,0,0,0,-1,56,OPTOMOTOR,,0.46,6.43,1.74,0.82,3.05,1.00,1.00,,yes,18.1,32,0.395,3,7,-0.164,0.392,0,-1
62.01,FLYING,SCAN,0,,,,,100,0,0,0,0,56,AVOID_RIGHT,,0.77,7.31,0.87,1.00,2.14,1.00,1.00,,,17.8,33,0.319,6,7,-0.169,0.640,0,0
62.07,FLYING,SCAN,0,,,,,100,0,0,0,0,56,CRUISE,,0.92,5.48,1.27,1.00,2.62,1.00,1.00,,,17.7,34,0.013,2,5,-0.099,0.637,0,0
62.13,FLYING,SCAN,0,,,,,100,0,0,0,0,56,CRUISE,,3.16,3.44,1.91,1.00,1.83,0.41,0.41,,,17.9,33,-1.240,3,1,-0.177,0.563,0,0
62.18,FLYING,SCAN,0,,,,,100,0,0,0,0,56,CRUISE,,3.90,3.06,2.23,1.00,10.04,0.00,0.00,,,17.8,33,-2.184,2,0,-0.207,0.384,0,0
62.24,FLYING,SCAN,0,,,,,100,0,0,0,-2,56,OPTOMOTOR,,4.27,2.87,2.83,0.58,7.02,0.00,0.00,,,18.2,32,-0.866,4,4,-0.212,0.411,0,-2
62.29,FLYING,SCAN,0,,,,,100,0,0,0,-1,56,CRUISE,,2.77,4.32,2.92,0.33,8.73,0.00,0.00,,,18.3,32,0.718,2,6,-0.084,0.527,0,-1
62.35,FLYING,SCAN,0,,,,,100,0,0,0,0,56,CRUISE,,2.02,5.04,2.97,0.18,6.11,0.00,0.00,,,18.6,31,1.190,0,4,-0.002,0.416,0,0
62.40,FLYING,SCAN,0,,,,,100,0,0,0,0,56,CRUISE,,1.87,3.76,2.99,0.10,15.71,0.00,0.00,,,18.3,32,0.184,6,7,-0.004,0.611,0,0
62.46,FLYING,SCAN,0,,,,,100,0,0,0,-1,56,CRUISE,,4.91,2.92,3.00,0.06,11.00,0.00,0.00,,,18.1,32,-0.941,3,4,-0.048,0.549,0,-1
62.51,FLYING,SCAN,0,,,,,100,0,0,0,-2,56,CRUISE,,6.43,2.50,3.74,0.03,10.47,0.00,0.00,,,18.4,32,-1.153,2,1,-0.125,0.423,0,-2
62.57,FLYING,SCAN,0,,,,,100,0,0,0,-3,56,CRUISE,,6.09,2.29,4.76,0.02,7.33,0.00,0.00,,,17.8,33,-0.824,5,6,-0.159,0.548,0,-3
62.62,FLYING,SCAN,0,,,,,100,0,0,0,7,56,CRUISE,,4.93,3.05,6.51,0.01,10.91,0.00,0.00,,,17.6,34,-3.293,0,0,-0.146,0.337,10,-3
62.68,FLYING,SCAN,0,,,,,100,0,0,0,14,56,CRUISE,,5.33,3.88,6.14,0.01,7.64,0.00,0.00,,,18.3,32,-0.853,2,2,-0.168,0.309,17,-3
62.73,FLYING,SCAN,0,,,,,100,0,0,0,18,56,CRUISE,,5.77,4.61,4.56,0.00,5.35,0.00,0.00,,yes,17.9,33,0.532,5,7,-0.134,0.560,21,-3
62.79,FLYING,SCAN,0,,,,,100,0,0,0,22,56,AVOID_RIGHT,,5.99,4.67,3.69,0.26,3.74,0.72,0.06,,yes,18.0,33,-0.113,2,2,-0.107,0.520,24,-2
62.84,FLYING,SCAN,0,,,,,100,0,0,0,26,56,AVOID_RIGHT,,4.93,3.99,3.31,0.64,2.62,0.76,0.28,,yes,18.3,32,6.427,0,2,0.026,0.402,26,0
62.90,FLYING,SCAN,0,,,,,100,0,0,0,28,56,AVOID_RIGHT,,3.79,2.99,2.73,0.77,1.83,0.58,0.18,,yes,18.3,32,1.630,0,7,0.222,0.389,27,1
62.95,FLYING,SCAN,0,,,,,100,0,0,0,31,56,ESCAPE,,3.22,2.50,1.81,0.69,1.28,0.57,0.21,,yes,18.2,32,3.363,0,5,0.416,0.400,28,3
63.01,FLYING,SCAN,0,,,,,100,0,0,0,32,56,ESCAPE,,1.90,2.51,1.28,0.69,1.31,0.20,0.20,,yes,18.3,32,3.214,0,3,0.511,0.397,29,3
63.06,FLYING,SCAN,0,,,,,100,0,0,0,31,56,ESCAPE,,1.24,2.52,0.69,0.81,0.92,0.40,0.40,,yes,18.3,32,3.493,0,5,0.516,0.390,29,2
63.12,FLYING,SCAN,0,,,,,100,0,0,0,30,56,ESCAPE,,0.91,2.22,0.36,0.87,0.64,0.39,0.39,,yes,18.2,32,3.334,0,2,0.456,0.343,29,1
63.17,FLYING,SCAN,0,,,,,100,0,0,0,32,56,ESCAPE,,0.76,1.17,0.19,0.65,0.45,0.00,0.00,,yes,18.5,31,3.403,0,6,0.492,0.365,29,3
63.23,FLYING,SCAN,0,,,,,100,0,0,0,35,56,ESCAPE,,0.68,0.63,0.11,0.37,0.31,0.00,0.00,,yes,18.6,31,3.392,0,4,0.477,0.353,29,6
63.28,FLYING,SCAN,0,,,,,100,0,0,0,36,56,ESCAPE,,0.66,0.35,0.06,0.21,0.22,0.00,0.00,,yes,18.5,32,3.318,0,5,0.435,0.323,29,7
63.33,FLYING,SCAN,0,,,,,100,0,0,0,35,56,ESCAPE,,0.65,0.21,0.04,0.12,0.15,0.00,0.00,,yes,18.6,31,3.301,0,2,0.362,0.263,29,6
63.39,FLYING,SCAN,0,,,,,100,0,0,0,35,56,ESCAPE,,0.48,0.14,0.03,0.06,0.11,0.00,0.00,,yes,18.6,31,3.197,0,3,0.347,0.248,29,6
63.44,FLYING,SCAN,0,,,,,100,0,0,0,37,56,ESCAPE,,0.40,0.09,0.03,0.04,0.08,0.00,0.00,,yes,18.4,32,3.238,0,6,0.419,0.311,29,8
63.50,FLYING,SCAN,0,,,,,100,0,0,0,36,56,ESCAPE,,0.35,0.06,0.04,0.02,0.05,0.00,0.00,,yes,18.5,31,3.236,0,3,0.361,0.261,29,7
63.55,FLYING,SCAN,0,,,,,100,0,0,0,35,56,ESCAPE,,0.32,0.04,0.04,0.01,0.04,0.00,0.00,,yes,18.5,31,3.289,0,1,0.292,0.194,29,6
63.60,FLYING,SCAN,0,,,,,100,0,0,0,36,56,ESCAPE,,0.27,0.03,0.04,0.01,0.03,0.00,0.00,,yes,18.4,32,3.355,0,3,0.353,0.253,29,7
63.66,FLYING,SCAN,0,,,,,100,0,0,0,37,56,ESCAPE,,0.24,0.03,0.05,0.00,0.02,0.00,0.00,,yes,18.6,31,3.358,0,1,0.377,0.276,29,8
63.71,FLYING,SCAN,0,,,,,100,0,0,0,37,56,ESCAPE,,0.34,0.02,0.05,0.00,0.01,0.00,0.00,,yes,18.5,32,3.319,0,4,0.408,0.303,29,8
63.77,FLYING,SCAN,0,,,,,100,0,0,0,38,56,ESCAPE,,0.40,0.03,0.05,0.00,0.01,0.00,0.00,,yes,18.5,31,3.366,0,6,0.465,0.342,29,9
63.82,FLYING,SCAN,0,,,,,100,0,0,0,39,56,ESCAPE,,0.44,0.03,0.05,0.00,0.01,0.00,0.00,,yes,18.5,31,3.356,0,6,0.476,0.350,29,10
63.87,FLYING,SCAN,0,,,,,100,0,0,0,39,56,ESCAPE,,0.46,0.02,0.06,0.00,0.00,0.00,0.00,,yes,18.4,32,3.320,0,5,0.517,0.378,29,10
63.93,FLYING,SCAN,0,,,,,100,0,0,0,37,56,ESCAPE,,0.42,0.02,0.06,0.00,0.00,0.00,0.00,,yes,18.5,32,3.358,0,2,0.381,0.279,29,8
63.98,FLYING,SCAN,0,,,,,100,0,0,0,36,56,ESCAPE,,0.40,0.01,0.05,0.00,0.00,0.00,0.00,,yes,18.4,32,3.353,0,1,0.333,0.234,29,7
64.05,FLYING,SCAN,0,,,,,100,0,0,0,36,56,ESCAPE,,0.36,0.01,0.04,0.00,0.00,0.00,0.00,,yes,14.0,49,3.336,0,2,0.341,0.241,29,7
64.12,FLYING,SCAN,0,,,,,100,0,0,0,37,56,ESCAPE,,0.31,0.01,0.04,0.00,0.00,0.00,0.00,,yes,15.8,36,4.722,0,4,0.400,0.298,29,8
64.18,FLYING,SCAN,0,,,,,100,0,0,0,38,56,ESCAPE,,0.24,0.03,0.04,0.00,0.00,0.00,0.00,,yes,16.5,37,3.614,0,4,0.426,0.315,29,9
64.24,FLYING,SCAN,0,,,,,100,0,0,0,37,56,ESCAPE,,0.19,0.03,0.04,0.00,0.00,0.00,0.00,,yes,16.9,36,3.658,0,5,0.389,0.287,29,8
64.30,FLYING,SCAN,0,,,,,100,0,0,0,40,56,ESCAPE,,0.13,0.04,0.04,0.00,0.00,0.00,0.00,,yes,16.8,36,3.614,0,7,0.542,0.395,29,11
64.35,FLYING,SCAN,0,,,,,100,0,0,0,40,56,ESCAPE,,0.09,0.05,0.03,0.00,0.00,0.00,0.00,,yes,17.4,34,3.625,0,6,0.561,0.408,29,11
64.41,FLYING,SCAN,0,,,,,100,0,0,0,41,56,ESCAPE,,0.06,0.05,0.03,0.00,0.00,0.00,0.00,,yes,17.1,35,3.516,0,4,0.579,0.421,29,12
64.47,FLYING,SCAN,0,,,,,100,0,0,0,40,56,ESCAPE,,0.05,0.05,0.03,0.00,0.00,0.00,0.00,,yes,17.7,34,3.470,0,6,0.540,0.394,29,11
64.52,FLYING,SCAN,0,,,,,100,0,0,0,37,56,ESCAPE,,0.21,0.03,0.04,0.00,0.00,0.00,0.00,,yes,18.1,33,3.306,0,2,0.390,0.288,29,8
64.58,FLYING,SCAN,0,,,,,100,0,0,0,35,56,ESCAPE,,0.30,0.03,0.04,0.00,0.00,0.00,0.00,,yes,18.0,33,3.314,0,1,0.323,0.224,29,6
64.64,FLYING,SCAN,0,,,,,100,0,0,0,35,56,OPTOMOTOR,,0.33,0.02,0.04,0.00,0.00,0.00,0.00,,yes,16.5,38,3.243,0,3,0.295,0.198,29,6
64.69,FLYING,SCAN,0,,,,,100,0,0,0,36,56,OPTOMOTOR,,0.35,0.02,0.04,0.00,0.00,0.00,0.00,,yes,19.2,30,3.631,0,5,0.365,0.264,29,7
64.75,FLYING,SCAN,0,,,,,100,0,0,0,36,56,OPTOMOTOR,,0.35,0.02,0.04,0.00,0.00,0.00,0.00,,yes,18.1,32,3.151,0,2,0.344,0.244,29,7
64.80,FLYING,SCAN,0,,,,,100,0,0,0,37,56,OPTOMOTOR,,0.33,0.02,0.04,0.00,0.00,0.00,0.00,,yes,18.3,32,3.305,0,4,0.387,0.285,29,8
64.86,FLYING,SCAN,0,,,,,100,0,0,0,35,56,OPTOMOTOR,,0.25,0.02,0.04,0.00,0.00,0.00,0.00,,yes,18.4,32,3.309,0,1,0.291,0.194,29,6
64.91,FLYING,SCAN,0,,,,,100,0,0,0,36,56,OPTOMOTOR,,0.19,0.02,0.05,0.00,0.00,0.00,0.00,,yes,18.4,31,3.324,0,2,0.332,0.233,29,7
64.97,FLYING,SCAN,0,,,,,100,0,0,0,37,56,OPTOMOTOR,,0.17,0.02,0.06,0.00,0.00,0.00,0.00,,yes,18.2,32,3.387,0,5,0.385,0.284,29,8
65.02,FLYING,SCAN,0,,,,,100,0,0,0,35,56,OPTOMOTOR,,0.26,0.04,0.06,0.00,0.00,0.00,0.00,,yes,18.3,32,3.422,0,1,0.305,0.207,29,6
65.08,FLYING,SCAN,0,,,,,100,0,0,0,36,56,OPTOMOTOR,,0.49,0.04,0.07,0.00,0.00,0.00,0.00,,yes,18.4,32,3.459,0,5,0.370,0.269,29,7
65.13,FLYING,SCAN,0,,,,,100,0,0,0,8,56,OPTOMOTOR,,0.64,0.03,0.07,0.00,0.00,0.00,0.00,,yes,18.5,31,3.370,0,5,0.409,0.304,0,8
65.18,FLYING,SCAN,0,,,,,100,0,0,0,3,56,OPTOMOTOR,,0.68,0.03,0.06,0.00,0.00,0.00,0.00,,yes,18.4,32,0.102,6,8,0.168,0.553,0,3
65.24,FLYING,SCAN,0,,,,,100,0,0,0,3,56,CRUISE,,0.64,0.02,0.06,0.00,0.00,0.00,0.00,,yes,17.8,33,0.053,5,7,0.161,0.740,0,3
65.30,FLYING,SCAN,0,,,,,100,0,0,0,2,56,CRUISE,,0.60,0.02,0.06,0.00,0.00,0.00,0.00,,yes,17.7,33,0.074,6,6,0.078,0.846,0,2
65.35,FLYING,SCAN,0,,,,,100,0,0,0,4,56,CRUISE,,0.50,0.02,0.06,0.00,0.00,0.00,0.00,,yes,17.8,33,0.066,5,8,0.219,0.924,0,4
65.41,FLYING,SCAN,0,,,,,100,0,0,0,2,56,CRUISE,,0.45,0.01,0.06,0.00,0.00,0.00,0.00,,yes,17.7,34,0.036,5,7,0.103,0.921,0,2
65.47,FLYING,SCAN,0,,,,,100,0,0,0,2,56,CRUISE,,0.34,0.01,0.06,0.00,0.00,0.00,0.00,,yes,17.6,34,0.038,5,7,0.100,0.933,0,2
65.52,FLYING,SCAN,0,,,,,100,0,0,0,4,56,CRUISE,,0.23,0.01,0.05,0.00,0.00,0.00,0.00,,yes,18.2,32,0.010,5,8,0.182,0.959,0,4
65.58,FLYING,SCAN,0,,,,,100,0,0,0,-3,56,CRUISE,,0.16,0.01,0.04,0.00,0.00,0.00,0.00,,yes,17.6,34,-0.022,6,5,-0.130,0.935,0,-3
65.63,FLYING,SCAN,0,,,,,100,0,0,0,0,56,CRUISE,,0.12,0.01,0.03,0.00,0.00,0.00,0.00,,yes,18.3,32,-0.015,5,7,0.021,0.956,0,0
65.69,FLYING,SCAN,0,,,,,100,0,0,0,-1,56,CRUISE,,0.17,0.01,0.05,0.00,0.00,0.00,0.00,,yes,18.2,32,-0.017,5,5,-0.051,0.929,0,-1
65.74,FLYING,SCAN,0,,,,,100,0,0,0,2,56,CRUISE,,0.22,0.01,0.05,0.00,0.00,0.00,0.00,,,17.8,33,-0.019,5,8,0.090,0.957,0,2
65.80,FLYING,SCAN,0,,,,,100,0,0,0,1,56,CRUISE,,0.27,0.02,0.04,0.00,0.00,0.00,0.00,,,18.1,33,-0.060,6,8,0.047,0.991,0,1
65.85,FLYING,SCAN,0,,,,,100,0,0,0,2,56,CRUISE,,0.39,0.04,0.03,0.00,0.00,0.00,0.00,,,18.1,32,-0.040,5,8,0.084,0.977,0,2
65.91,FLYING,SCAN,0,,,,,100,0,0,0,0,56,CRUISE,,0.46,0.06,0.03,0.00,0.00,0.00,0.00,,,17.9,33,-0.004,6,8,-0.019,0.989,0,0
65.96,FLYING,SCAN,0,,,,,100,0,0,0,-2,56,CRUISE,,0.41,0.05,0.03,0.00,0.00,0.00,0.00,,,18.0,33,-0.007,6,6,-0.088,0.957,0,-2
66.02,FLYING,SCAN,0,,,,,100,0,0,0,1,56,CRUISE,,0.29,0.05,0.05,0.00,0.00,0.00,0.00,,,17.6,34,-0.010,5,7,0.051,0.968,0,1
66.08,FLYING,SCAN,0,,,,,100,0,0,0,3,56,CRUISE,,0.22,0.04,0.07,0.00,0.00,0.00,0.00,,,18.1,33,0.058,5,7,0.146,0.988,0,3
66.13,FLYING,SCAN,0,,,,,100,0,0,0,-1,56,CRUISE,,0.17,0.05,0.10,0.00,0.00,0.00,0.00,,,18.1,32,-0.079,6,6,-0.063,0.971,0,-1
66.19,FLYING,SCAN,0,,,,,100,0,0,0,-2,56,CRUISE,,0.13,0.04,0.10,0.00,0.00,0.00,0.00,,,16.3,39,-0.014,6,6,-0.122,0.975,0,-2
66.25,FLYING,SCAN,0,,,,,100,0,0,0,-1,56,CRUISE,,0.11,0.04,0.08,0.00,0.00,0.00,0.00,,,18.1,32,0.003,6,7,-0.050,0.997,0,-1
66.30,FLYING,SCAN,0,,,,,100,0,0,0,0,56,CRUISE,,0.12,0.03,0.05,0.00,0.00,0.00,0.00,,,18.2,33,0.004,6,7,0.009,0.995,0,0
66.36,FLYING,SCAN,0,,,,,100,0,0,0,12,56,CRUISE,,0.17,0.02,0.04,0.00,0.00,0.00,0.00,,,18.2,32,0.024,5,8,0.092,0.994,10,2
66.41,FLYING,SCAN,0,,,,,100,0,0,0,21,56,CRUISE,,0.19,0.02,0.05,0.00,0.00,0.00,0.00,,yes,18.2,32,1.182,0,7,0.224,0.836,17,4
66.47,FLYING,SCAN,0,,,,,100,0,0,0,26,56,OPTOMOTOR,,0.18,0.03,0.06,0.00,0.00,0.00,0.00,,yes,18.0,32,1.988,0,5,0.228,0.637,21,5
66.52,FLYING,SCAN,0,,,,,100,0,0,0,29,56,CRUISE,,0.17,0.04,0.06,0.00,0.00,0.00,0.00,,yes,18.1,33,2.474,0,6,0.253,0.487,24,5
66.58,FLYING,SCAN,0,,,,,100,0,0,0,35,56,OPTOMOTOR,,0.19,0.04,0.06,0.00,0.00,0.00,0.00,,yes,19.5,29,2.806,0,7,0.440,0.479,26,9
66.63,FLYING,SCAN,0,,,,,100,0,0,0,38,56,OPTOMOTOR,,0.21,0.04,0.06,0.00,0.00,0.00,0.00,,yes,18.6,32,2.782,0,6,0.527,0.441,27,11
66.68,FLYING,SCAN,0,,,,,100,0,0,0,37,56,OPTOMOTOR,,0.20,0.03,0.06,0.00,0.00,0.00,0.00,,yes,18.5,31,3.153,0,3,0.469,0.363,28,9
66.74,FLYING,SCAN,0,,,,,100,0,0,0,37,56,OPTOMOTOR,,0.19,0.03,0.04,0.00,0.00,0.00,0.00,,yes,18.2,32,3.231,0,3,0.416,0.319,29,8
66.79,FLYING,SCAN,0,,,,,100,0,0,0,37,56,OPTOMOTOR,,0.17,0.02,0.04,0.00,0.00,0.00,0.00,,yes,18.4,31,3.467,0,5,0.421,0.318,29,8
66.85,FLYING,SCAN,0,,,,,100,0,0,0,36,56,OPTOMOTOR,,0.14,0.01,0.04,0.00,0.00,0.00,0.00,,yes,18.8,31,3.296,0,1,0.352,0.255,29,7
66.90,FLYING,SCAN,0,,,,,100,0,0,0,37,56,OPTOMOTOR,,0.13,0.01,0.04,0.00,0.00,0.00,0.00,,yes,18.3,32,3.440,0,6,0.402,0.301,29,8
66.96,FLYING,SCAN,0,,,,,100,0,0,0,39,56,OPTOMOTOR,,0.13,0.01,0.03,0.00,0.00,0.00,0.00,,yes,18.3,32,3.495,0,8,0.496,0.365,29,10
67.01,FLYING,SCAN,0,,,,,100,0,0,0,38,56,OPTOMOTOR,,0.37,0.02,0.04,0.00,0.00,0.00,0.00,,yes,18.4,32,3.455,0,4,0.438,0.324,29,9
67.09,FLYING,SCAN,0,,,,,100,0,0,0,39,56,OPTOMOTOR,,0.49,0.02,0.04,0.00,0.00,0.00,0.00,,yes,11.9,29,5.377,0,7,0.489,0.359,29,10
67.15,FLYING,SCAN,0,,,,,100,0,0,0,37,56,OPTOMOTOR,,0.51,0.02,0.07,0.00,0.00,0.00,0.00,,yes,18.4,32,3.190,0,3,0.389,0.288,29,8
67.20,FLYING,SCAN,0,,,,,100,0,0,0,38,56,OPTOMOTOR,,0.52,0.02,0.08,0.00,0.00,0.00,0.00,,yes,18.4,32,3.352,0,7,0.459,0.338,29,9
67.26,FLYING,SCAN,0,,,,,100,0,0,0,37,56,OPTOMOTOR,,0.55,0.02,0.09,0.00,0.00,0.00,0.00,,yes,18.3,32,3.356,0,3,0.392,0.291,29,8
67.31,FLYING,SCAN,0,,,,,100,0,0,0,37,56,OPTOMOTOR,,0.58,0.09,0.09,0.00,1.31,0.00,0.00,,yes,18.1,32,3.436,0,3,0.379,0.278,29,8
67.37,FLYING,SCAN,0,,,,,100,0,0,0,36,56,OPTOMOTOR,,1.75,1.04,1.71,0.00,1.75,0.00,0.00,,yes,18.5,31,2.948,0,3,0.372,0.271,29,7
67.42,FLYING,SCAN,0,,,,,100,0,0,0,33,56,OPTOMOTOR,,2.34,1.86,2.52,0.00,1.22,0.16,0.25,,yes,18.3,32,-3.562,2,0,0.196,0.205,29,4
67.47,FLYING,SCAN,0,,,,,100,0,0,0,32,56,CRUISE,,2.63,2.47,3.03,0.00,10.91,0.00,0.00,,yes,18.4,32,2.718,0,1,0.165,0.163,29,3
67.53,FLYING,SCAN,0,,,,,100,0,0,0,36,56,OPTOMOTOR,,5.56,2.90,3.29,0.00,7.64,0.00,0.00,,yes,18.3,32,3.561,0,7,0.348,0.268,29,7
67.58,FLYING,SCAN,0,,,,,100,0,0,0,35,56,OPTOMOTOR,,7.02,3.91,3.42,0.00,13.96,0.00,0.00,,yes,18.4,32,3.718,0,3,0.324,0.237,29,6
67.64,FLYING,SCAN,0,,,,,100,0,0,0,36,56,OPTOMOTOR,,6.01,4.41,3.78,0.00,9.77,0.00,0.00,,yes,18.2,32,4.603,0,3,0.326,0.233,29,7
67.69,FLYING,SCAN,0,,,,,100,0,0,0,37,56,OPTOMOTOR,,5.51,4.36,3.96,0.00,20.07,0.00,0.00,,yes,18.7,32,2.298,0,7,0.409,0.308,29,8
67.75,FLYING,SCAN,0,,,,,100,0,0,0,37,56,OPTOMOTOR,,5.02,4.34,4.05,0.00,14.05,0.00,0.00,,yes,18.2,32,4.121,0,6,0.424,0.316,29,8
67.80,FLYING,SCAN,1,,,,,100,0,0,0,37,56,OPTOMOTOR,,3.02,3.28,3.69,0.00,17.45,0.00,0.00,,yes,19.6,30,3.882,0,4,0.418,0.311,29,8
67.86,FLYING,SCAN,0,,,,,100,0,0,0,36,56,OPTOMOTOR,,2.02,3.10,3.40,0.00,12.22,0.00,0.00,,yes,15.5,42,2.942,0,4,0.366,0.266,29,7
67.92,FLYING,SCAN,0,,,,,100,0,0,0,37,56,OPTOMOTOR,,1.80,2.66,3.37,0.00,10.91,0.00,0.00,,yes,18.1,33,4.675,0,5,0.389,0.288,29,8
67.97,FLYING,SCAN,0,,,,,100,0,0,0,38,56,OPTOMOTOR,,3.64,2.79,3.37,0.00,7.64,0.00,0.00,,yes,18.2,32,3.791,0,7,0.459,0.338,29,9
68.03,FLYING,SCAN,0,,,,,100,0,0,0,38,56,OPTOMOTOR,,6.17,2.89,3.51,0.00,18.33,0.00,0.00,,yes,18.8,31,4.199,0,5,0.466,0.343,29,9
68.08,FLYING,SCAN,0,,,,,100,0,0,0,39,56,OPTOMOTOR,,5.83,2.98,4.06,0.00,12.83,0.00,0.00,,yes,18.4,32,0.833,1,5,0.511,0.393,29,10
68.14,FLYING,SCAN,0,,,,,100,0,0,0,39,56,OPTOMOTOR,,5.08,3.06,5.70,0.00,8.98,0.00,0.00,,yes,18.2,32,4.631,0,4,0.509,0.383,29,10
68.19,FLYING,SCAN,0,,,,,100,0,0,0,37,56,OPTOMOTOR,,4.71,3.10,5.16,0.00,6.29,0.00,0.00,,yes,18.1,33,8.342,0,1,0.404,0.306,29,8
68.24,FLYING,SCAN,1,freshripe,0.32,0.67,1.4,100,0,0,0,8,56,OPTOMOTOR,,5.13,3.13,3.28,0.00,6.98,0.00,0.00,,yes,19.7,29,3.325,0,5,0.380,0.282,0,8
68.30,FLYING,SCAN,0,,,,,100,0,0,0,9,56,OPTOMOTOR,,5.43,3.09,2.34,0.00,4.89,0.00,0.00,,yes,18.3,32,1.280,0,4,0.431,0.321,0,9
68.35,FLYING,SCAN,0,,,,,100,0,0,0,2,56,AVOID_RIGHT,,5.58,2.32,2.27,0.26,3.42,0.68,0.00,,yes,17.8,33,-0.135,6,7,0.150,0.572,0,2
68.41,FLYING,SCAN,0,,,,,100,0,0,0,0,56,AVOID_RIGHT,,4.64,1.85,2.45,0.20,5.67,0.00,0.00,,yes,18.1,32,-0.872,3,3,-0.009,0.493,0,0
68.46,FLYING,SCAN,0,,,,,100,0,0,0,2,56,AVOID_RIGHT,,4.18,1.62,2.54,0.11,3.97,0.00,0.00,,yes,18.2,33,0.751,2,6,0.095,0.573,0,2
68.52,FLYING,SCAN,0,,,,,100,0,0,0,4,56,AVOID_RIGHT,,3.94,2.04,2.59,0.06,3.93,0.00,0.00,,yes,18.1,33,0.982,1,6,0.209,0.556,0,4
68.58,FLYING,SCAN,0,,,,,100,0,0,0,3,56,CRUISE,,4.22,3.76,2.92,0.17,2.75,0.34,0.10,,yes,17.2,35,0.299,6,7,0.160,0.761,0,3
68.63,FLYING,SCAN,0,,,,,100,0,0,0,4,56,AVOID_RIGHT,,3.16,4.73,2.65,0.13,4.80,0.00,0.00,,yes,18.3,32,0.213,6,8,0.224,0.896,0,4
68.69,FLYING,SCAN,0,,,,,100,0,0,0,1,56,AVOID_RIGHT,,2.94,5.22,3.41,0.46,3.36,0.53,0.53,,yes,17.7,34,2.248,0,4,0.111,0.623,0,1
68.74,FLYING,SCAN,0,,,,,100,0,0,0,1,56,AVOID_RIGHT,,2.83,4.25,3.22,0.35,6.54,0.00,0.00,,yes,18.2,33,-0.078,0,1,0.058,0.384,0,1
68.80,FLYING,SCAN,0,,,,,100,0,0,0,1,56,CRUISE,,2.78,3.75,3.28,0.20,4.58,0.00,0.00,,yes,17.9,32,-0.772,2,6,0.041,0.469,0,1
68.85,FLYING,SCAN,0,,,,,100,0,0,0,4,56,CRUISE,,2.96,3.50,3.20,0.11,3.21,0.00,0.00,,yes,17.6,34,5.536,0,4,0.215,0.412,0,4
68.91,FLYING,SCAN,0,,,,,100,0,0,0,2,56,CRUISE,,3.23,2.81,3.15,0.06,3.93,0.00,0.00,,yes,18.2,32,-0.107,6,8,0.106,0.599,0,2
68.96,FLYING,SCAN,0,,,,,100,0,0,0,-2,56,CRUISE,,3.68,3.33,2.66,0.03,2.75,0.06,0.00,,,17.9,33,-1.401,2,0,-0.081,0.461,0,-2
69.02,FLYING,SCAN,0,,,,,100,0,0,0,-2,56,CRUISE,,3.90,3.60,2.41,0.02,4.36,0.00,0.00,,,18.3,32,0.402,6,7,-0.125,0.665,0,-2
69.07,FLYING,SCAN,0,,,,,100,0,0,0,-4,56,CRUISE,,3.71,3.80,2.29,0.01,3.05,0.00,0.00,,,18.2,32,-4.904,2,0,-0.189,0.441,0,-4
69.13,FLYING,SCAN,0,,,,,100,0,0,0,-5,56,OPTOMOTOR,,3.27,3.91,1.74,0.01,8.73,0.00,0.00,,,18.6,32,-1.137,2,1,-0.227,0.334,0,-5
69.18,FLYING,SCAN,0,,,,,100,0,0,0,1,56,CRUISE,,3.40,3.89,1.47,0.00,6.11,0.00,0.00,,,18.1,32,2.176,0,6,0.031,0.345,0,1
69.24,FLYING,SCAN,0,,,,,100,0,0,0,1,56,CRUISE,,4.23,2.84,1.92,0.00,7.42,0.00,0.00,,,18.2,32,0.167,5,7,0.025,0.509,0,1
69.29,FLYING,SCAN,0,,,,,100,0,0,0,-2,56,CRUISE,,4.96,2.53,2.15,0.00,5.19,0.00,0.00,,,18.0,33,-1.518,2,0,-0.095,0.425,0,-2
69.35,FLYING,SCAN,0,,,,,100,0,0,0,-3,56,CRUISE,,5.32,1.94,3.74,0.00,6.98,0.00,0.00,,,18.3,32,-4.569,1,0,-0.169,0.287,0,-3
69.40,FLYING,SCAN,0,,,,,100,0,0,0,-5,56,CRUISE,,6.09,1.60,4.53,0.00,4.89,0.20,0.00,,,18.0,33,-1.924,2,0,-0.231,0.199,0,-5
69.46,FLYING,SCAN,0,,,,,100,0,0,0,-5,56,OPTOMOTOR,,4.61,1.43,4.93,0.00,6.54,0.00,0.00,,,18.2,32,-2.982,0,0,-0.273,0.141,0,-5
69.52,FLYING,SCAN,0,,,,,100,0,0,0,-4,56,OPTOMOTOR,,4.59,1.44,4.58,0.00,4.58,0.00,0.00,,,17.3,35,-0.655,2,3,-0.219,0.203,0,-4
69.57,FLYING,SCAN,0,,,,,100,0,0,0,3,56,CRUISE,,3.86,1.68,3.61,0.00,3.21,0.00,0.00,,,18.1,33,2.888,0,7,0.145,0.362,0,3
69.63,FLYING,SCAN,0,,,,,100,0,0,0,6,56,OPTOMOTOR,,4.21,1.57,3.16,0.00,3.93,0.00,0.00,,,18.3,32,1.936,0,3,0.302,0.347,0,6
69.68,FLYING,SCAN,0,,,,,100,0,0,0,5,56,OPTOMOTOR,,2.54,0.78,2.94,0.00,2.75,0.00,0.00,,,19.6,29,-1.873,0,0,0.251,0.195,0,5
69.73,FLYING,SCAN,0,,,,,100,0,0,0,4,56,CRUISE,,2.40,0.39,2.83,0.00,1.92,0.00,0.05,,,18.1,33,3.225,0,1,0.181,0.143,0,4
69.79,FLYING,SCAN,0,,,,,100,0,0,0,6,56,OPTOMOTOR,,2.33,0.73,2.57,0.00,1.35,0.09,0.21,,,17.9,33,2.086,0,6,0.320,0.238,0,6
69.84,FLYING,SCAN,0,,,,,100,0,0,0,7,56,OPTOMOTOR,,2.29,0.90,2.39,0.15,1.31,0.09,0.14,,,18.1,33,2.890,0,6,0.399,0.306,0,7
69.90,FLYING,SCAN,0,,,,,100,0,0,0,5,56,OPTOMOTOR,,2.25,1.26,2.35,0.23,0.92,0.27,0.32,,,18.0,33,0.887,4,7,0.337,0.496,0,5
69.96,FLYING,SCAN,0,,,,,100,0,0,0,2,56,CRUISE,,2.23,1.03,2.10,0.17,1.31,0.06,0.00,,,17.7,34,0.667,6,7,0.114,0.656,0,2
70.01,FLYING,SCAN,0,,,,,100,0,0,0,4,56,CRUISE,,2.62,2.06,3.03,0.10,2.62,0.00,0.00,,,18.5,32,0.851,1,6,0.236,0.674,0,4
70.07,FLYING,SCARED,0,,,,,100,0,-60,0,1,56,AVOID_RIGHT,RIGHT,4.65,2.05,3.50,0.71,1.83,1.00,0.43,,,17.6,34,0.506,6,6,0.161,0.794,0,1
70.12,FLYING,SCARED,0,,,,,100,0,-60,0,0,56,ESCAPE,,5.66,2.04,3.73,0.96,2.62,1.00,0.16,,yes,17.8,33,1.714,0,7,0.169,0.623,0,0
70.18,FLYING,SCARED,0,,,,,100,0,-60,0,0,56,ESCAPE,,6.08,1.35,3.52,1.00,1.83,1.00,0.44,,yes,18.1,33,3.685,0,6,0.290,0.522,0,0
70.23,FLYING,SCARED,0,,,,,100,0,-60,0,0,56,ESCAPE,,5.66,1.00,3.42,1.00,3.05,0.90,0.00,,yes,18.0,33,1.193,0,8,0.553,0.532,0,0
70.29,FLYING,SCARED,0,,,,,100,0,-60,0,0,56,ESCAPE,,5.45,0.70,3.69,1.00,2.14,1.00,0.38,,yes,17.8,33,3.675,0,5,0.516,0.438,0,0
70.35,FLYING,SCARED,0,,,,,100,0,-60,0,0,56,ESCAPE,,3.34,1.04,3.83,1.00,3.49,0.00,0.00,,yes,18.3,32,-0.154,6,8,0.317,0.671,0,0
70.40,FLYING,SCARED,0,,,,,100,0,-60,0,1,56,ESCAPE,,2.28,1.20,3.38,0.59,3.93,0.00,0.00,,yes,18.3,32,-0.239,6,5,0.119,0.759,0,1
70.45,FLYING,SCARED,0,,,,,100,0,-60,0,1,56,ESCAPE,,2.61,1.28,3.08,0.33,2.75,0.00,0.00,,yes,18.4,32,4.672,0,1,0.071,0.575,0,1
70.51,FLYING,SCARED,0,,,,,100,0,-60,0,5,56,ESCAPE,,2.78,1.32,2.89,0.19,4.80,0.00,0.00,,yes,18.4,32,6.994,0,8,0.290,0.533,0,5
70.56,FLYING,SCARED,0,,,,,100,0,-60,0,4,56,ESCAPE,,2.83,1.30,1.45,0.10,3.36,0.00,0.00,,yes,18.3,32,2.524,0,2,0.234,0.352,0,4
70.62,FLYING,SCARED,0,,,,,100,0,-60,0,2,56,ESCAPE,,2.79,1.30,0.72,0.06,5.67,0.00,0.00,,yes,18.3,32,0.693,6,5,0.089,0.537,0,2
70.67,FLYING,SCARED,0,,,,,100,0,-60,0,1,56,ESCAPE,,2.84,1.29,0.75,0.03,3.97,0.00,0.00,,yes,18.5,31,0.264,3,4,0.028,0.550,0,1
70.73,FLYING,SCARED,0,,,,,100,0,-60,0,2,56,ESCAPE,,2.91,1.85,0.98,0.02,9.60,0.00,0.00,,yes,18.4,32,1.018,3,7,0.095,0.600,0,2
70.78,FLYING,WAIT,0,,,,,100,0,-39,0,5,56,ESCAPE,,3.68,2.26,1.09,0.01,6.72,0.00,0.00,,yes,18.4,32,1.624,0,5,0.242,0.548,0,5
70.84,FLYING,WAIT,0,,,,,100,0,-25,0,8,56,ESCAPE,,3.33,2.75,1.15,0.01,13.53,0.00,0.00,,yes,18.2,32,1.155,1,6,0.396,0.542,0,8
70.89,FLYING,WAIT,0,,,,,100,0,-16,0,1,56,ESCAPE,,4.02,2.71,1.25,0.00,20.94,0.00,0.00,,yes,18.3,32,-0.904,3,2,0.054,0.543,0,1
70.94,FLYING,WAIT,0,,,,,100,0,-10,0,-1,56,ESCAPE,,3.32,2.73,2.45,0.00,14.66,0.00,0.00,,yes,18.4,31,0.163,6,6,-0.028,0.692,0,-1
71.00,FLYING,WAIT,0,,,,,100,0,-6,0,1,56,ESCAPE,,3.93,2.52,3.04,0.00,13.53,0.00,0.00,,yes,18.3,32,-0.237,6,8,0.046,0.857,0,1
71.06,FLYING,WAIT,0,,,,,100,0,-4,0,-2,56,ESCAPE,,4.14,2.63,3.19,0.00,9.47,0.00,0.00,,yes,15.7,41,-2.260,1,0,-0.125,0.558,0,-2
71.12,FLYING,WAIT,0,,,,,100,0,-2,0,-3,56,ESCAPE,,4.25,2.47,2.60,0.00,6.63,0.00,0.00,,yes,18.6,32,0.229,5,5,-0.157,0.591,0,-3
71.17,FLYING,WAIT,0,,,,,100,0,-1,0,2,56,ESCAPE,,4.18,2.16,2.21,0.00,4.64,0.00,0.00,,yes,18.7,31,1.481,0,6,0.080,0.576,0,2
71.23,FLYING,WAIT,0,,,,,100,0,-1,0,6,56,ESCAPE,,4.15,2.00,2.01,0.00,3.25,0.05,0.00,,yes,18.1,32,2.142,0,7,0.290,0.529,0,6
71.28,FLYING,WAIT,0,,,,,100,0,0,0,4,56,ESCAPE,,4.23,1.92,3.85,0.41,2.27,0.58,0.39,,yes,18.0,33,2.964,0,4,0.352,0.431,0,4
71.34,FLYING,WAIT,0,,,,,100,0,0,0,5,56,ESCAPE,,4.28,2.49,4.83,0.31,4.36,0.00,0.00,,yes,18.5,31,2.367,0,2,0.387,0.352,0,5
71.39,FLYING,WAIT,0,,,,,100,0,0,0,2,56,ESCAPE,,4.27,1.89,5.33,0.54,3.05,0.21,0.74,,yes,18.0,33,0.298,6,8,0.190,0.623,0,2
71.45,FLYING,WAIT,0,,,,,100,0,0,0,2,56,ESCAPE,,3.82,1.53,4.56,0.40,5.67,0.00,0.00,,yes,18.2,32,2.379,0,2,0.179,0.517,0,2
71.50,FLYING,WAIT,0,,,,,100,0,0,0,5,56,ESCAPE,,3.60,1.35,4.10,0.23,9.60,0.00,0.00,,yes,18.3,32,1.292,1,5,0.312,0.506,0,5
71.55,FLYING,WAIT,0,,,,,100,0,0,0,2,56,ESCAPE,,3.33,2.01,3.95,0.13,6.72,0.00,0.00,,yes,18.4,32,-0.678,5,5,0.110,0.575,0,2
71.61,FLYING,WAIT,0,,,,,100,0,0,0,-1,56,ESCAPE,,3.98,2.64,4.37,0.07,5.67,0.00,0.00,,,18.4,32,-1.791,2,0,-0.058,0.433,0,-1
71.66,FLYING,WAIT,0,,,,,100,0,0,0,-2,56,ESCAPE,,3.52,3.19,4.58,0.04,3.97,0.00,0.00,,,18.7,31,-0.438,5,6,-0.113,0.497,0,-2
71.72,FLYING,WAIT,0,,,,,100,0,0,0,-4,56,ESCAPE,,4.30,3.47,6.02,0.02,7.42,0.00,0.00,,,18.3,32,-2.175,2,0,-0.186,0.332,0,-4
71.77,FLYING,WAIT,0,,,,,100,0,0,0,-3,56,CRUISE,,3.56,3.60,3.76,0.01,5.19,0.00,0.00,,,18.5,31,-1.203,2,1,-0.177,0.244,0,-3
71.83,FLYING,WAIT,0,,,,,100,0,0,0,-7,56,OPTOMOTOR,,3.06,2.83,3.77,0.01,4.80,0.00,0.00,,,18.6,31,-1.575,2,0,-0.348,0.204,0,-7
71.88,FLYING,WAIT,0,,,,,100,0,0,0,-5,56,OPTOMOTOR,,2.81,2.05,3.78,0.00,3.36,0.00,0.00,,,18.3,32,-0.895,4,4,-0.235,0.310,0,-5
71.93,FLYING,WAIT,0,,,,,100,0,0,0,-4,56,OPTOMOTOR,,3.05,1.67,4.12,0.00,10.04,0.00,0.00,,,18.3,32,0.428,6,7,-0.214,0.566,0,-4
71.99,FLYING,WAIT,0,,,,,100,0,0,0,-4,56,OPTOMOTOR,,3.17,2.54,4.95,0.00,7.02,0.00,0.00,,,18.2,32,-0.009,5,6,-0.198,0.700,0,-4
72.04,FLYING,WAIT,0,,,,,100,0,0,0,-4,56,CRUISE,,2.61,3.34,5.37,0.00,4.92,0.00,0.00,,,18.5,31,-0.828,4,4,-0.183,0.704,0,-4
72.10,FLYING,WAIT,0,,,,,100,0,0,0,-1,56,CRUISE,RIGHT,2.33,7.01,4.51,0.82,3.44,1.00,1.00,,,17.9,33,-0.832,4,5,-0.168,0.711,0,-1
72.15,FLYING,WAIT,0,,,,,100,0,0,0,0,56,AVOID_LEFT,RIGHT,3.05,8.85,4.02,1.00,3.05,1.00,1.00,,,18.0,33,-0.698,5,5,-0.193,0.734,0,0
72.21,FLYING,WAIT,0,,,,,100,0,0,0,0,55,AVOID_RIGHT,RIGHT,3.42,4.82,3.53,1.00,2.14,0.94,0.94,,,18.0,33,-0.275,6,8,-0.081,0.852,0,0
72.27,FLYING,WAIT,0,,,,,100,0,0,0,0,55,AVOID_RIGHT,RIGHT,3.57,2.81,3.29,1.00,6.98,0.00,0.00,,,18.1,32,0.538,6,8,0.112,0.918,0,0
72.32,FLYING,WAIT,0,,,,,100,0,0,0,2,55,AVOID_RIGHT,RIGHT,3.65,2.87,3.77,0.68,6.98,0.00,0.00,,,18.4,31,1.358,0,8,0.327,0.755,0,2
72.37,FLYING,WAIT,0,,,,,100,0,0,0,4,55,OPTOMOTOR,RIGHT,4.33,4.71,4.01,0.38,4.89,0.00,0.00,,,18.2,32,1.724,0,5,0.340,0.635,0,4
72.43,FLYING,WAIT,0,,,,,100,0,0,0,4,55,OPTOMOTOR,,4.86,3.82,4.25,0.21,10.91,0.00,0.00,,,17.6,34,0.085,6,8,0.282,0.710,0,4
72.49,FLYING,WAIT,0,,,,,100,0,0,0,2,55,CRUISE,,5.52,4.78,4.12,0.12,7.64,0.00,0.00,,,18.2,32,-0.149,5,5,0.087,0.748,0,2
72.56,FLYING,WAIT,0,,,,,100,0,0,0,0,55,CRUISE,,5.85,5.26,3.10,0.07,8.73,0.00,0.00,,,12.7,56,0.159,5,5,-0.024,0.797,0,0
72.62,FLYING,WAIT,0,,,,,100,0,0,0,0,55,CRUISE,RIGHT,4.96,11.14,1.55,0.85,6.11,1.00,1.00,,,16.7,37,-0.832,3,2,-0.054,0.658,0,0
72.68,FLYING,WAIT,0,,,,,100,0,0,0,0,55,CRUISE,RIGHT,4.05,14.07,0.77,1.00,5.24,1.00,1.00,,,17.8,35,-0.346,3,3,-0.043,0.571,0,0
72.74,FLYING,WAIT,0,,,,,100,0,0,0,0,55,CRUISE,RIGHT,3.33,10.69,9.80,1.00,3.67,1.00,1.00,,,17.6,34,-1.120,2,1,-0.137,0.521,0,0
72.79,FLYING,WAIT,0,,,,,100,0,0,0,0,55,AVOID_LEFT,RIGHT,3.23,8.46,14.31,1.00,2.57,1.00,1.00,,,18.1,32,-0.416,5,6,-0.140,0.675,0,0
72.85,FLYING,WAIT,0,,,,,100,0,0,0,0,55,AVOID_LEFT,RIGHT,3.28,6.02,14.89,1.00,5.67,0.00,1.00,,,17.7,33,-0.737,4,5,-0.148,0.723,0,0
72.91,FLYING,WAIT,0,,,,,100,0,0,0,0,55,AVOID_LEFT,RIGHT,4.86,4.80,8.62,1.00,3.97,0.04,1.00,,,17.3,35,-0.170,6,8,-0.076,0.860,0,0
72.96,FLYING,WAIT,0,,,,,100,0,0,0,0,55,AVOID_LEFT,RIGHT,5.65,3.93,5.48,0.99,6.98,0.00,0.00,,,17.4,34,-0.084,5,8,0.041,0.918,0,0
73.02,FLYING,WAIT,0,,,,,100,0,0,0,-1,55,AVOID_LEFT,RIGHT,5.00,4.04,3.91,0.56,4.89,0.00,0.00,,,18.1,33,0.490,5,5,-0.132,0.865,0,-1
73.07,FLYING,WAIT,0,,,,,100,0,0,0,0,55,AVOID_LEFT,RIGHT,4.13,4.19,3.37,0.31,3.93,0.00,0.00,,,18.3,32,0.401,5,8,-0.012,0.892,0,0
73.13,FLYING,WAIT,0,,,,,100,0,0,0,0,55,AVOID_LEFT,RIGHT,3.42,5.18,3.11,0.80,2.75,0.81,0.81,,,17.6,34,-0.127,6,8,0.017,0.955,0,0
73.19,FLYING,WAIT,0,,,,,100,0,0,0,0,55,AVOID_LEFT,RIGHT,3.06,4.76,2.88,1.00,2.18,0.89,0.89,,,17.5,35,0.990,5,8,0.127,0.943,0,0
73.24,FLYING,WAIT,0,,,,,100,0,0,0,0,55,AVOID_LEFT,RIGHT,2.88,3.30,2.77,1.00,3.49,0.00,0.00,,,18.3,32,0.542,4,7,0.029,0.898,0,0
73.30,FLYING,WAIT,0,,,,,100,0,0,0,0,55,AVOID_LEFT,RIGHT,3.17,2.57,3.81,0.67,2.44,0.00,0.28,,,18.0,33,-0.294,6,6,-0.018,0.906,0,0
73.36,FLYING,WAIT,0,,,,,100,0,0,0,-1,55,AVOID_LEFT,RIGHT,3.32,2.42,4.39,0.64,2.62,0.00,0.48,,,17.5,34,-1.215,2,3,-0.074,0.676,0,-1
73.41,FLYING,WAIT,0,,,,,100,0,0,0,0,55,AVOID_LEFT,RIGHT,2.12,2.34,4.69,0.87,1.83,0.00,1.00,,,17.8,34,-0.793,3,3,-0.152,0.538,0,0
73.47,FLYING,WAIT,0,,,,,100,0,0,0,0,55,AVOID_LEFT,RIGHT,1.52,2.30,4.84,0.80,3.49,0.00,0.28,,,17.4,35,0.465,6,8,-0.108,0.756,0,0
73.53,FLYING,WAIT,0,,,,,100,0,0,0,-1,55,ESCAPE,RIGHT,1.45,3.21,4.92,0.75,2.44,0.00,0.84,,,17.7,34,-0.602,4,5,-0.126,0.740,0,-1
73.58,FLYING,WAIT,0,,,,,100,0,0,0,0,55,ESCAPE,RIGHT,2.30,3.66,4.59,1.00,1.75,0.56,1.00,,,17.6,34,-0.411,6,7,-0.078,0.836,0,0
73.64,FLYING,WAIT,0,,,,,100,0,0,0,0,55,ESCAPE,RIGHT,2.72,2.74,5.22,1.00,1.22,0.36,1.00,,,17.7,34,-0.019,5,8,0.031,0.904,0,0
73.69,FLYING,WAIT,0,,,,,100,0,0,0,0,55,ESCAPE,RIGHT,2.45,2.27,4.74,1.00,1.31,0.17,1.00,,,18.0,33,0.524,6,8,-0.062,0.933,0,0
73.75,FLYING,WAIT,0,,,,,100,0,0,0,0,55,ESCAPE,RIGHT,2.31,2.04,4.13,1.00,2.18,0.00,0.57,,,17.7,34,0.499,6,8,0.133,0.950,0,0
73.81,FLYING,WAIT,0,,,,,100,0,0,0,0,55,ESCAPE,RIGHT,3.37,2.23,3.82,0.92,2.62,0.00,0.20,,,17.5,34,-0.947,3,3,-0.038,0.820,0,0
73.87,FLYING,WAIT,0,,,,,100,0,0,0,0,55,ESCAPE,RIGHT,3.91,1.57,4.31,1.00,1.83,0.64,0.84,,,17.4,35,-0.366,6,8,0.008,0.886,0,0
73.92,FLYING,WAIT,0,,,,,100,0,0,0,0,55,ESCAPE,RIGHT,4.10,1.92,5.95,0.94,4.36,0.00,0.39,,,18.2,33,0.506,6,7,0.050,0.904,0,0
73.98,FLYING,WAIT,0,,,,,100,0,0,0,0,55,ESCAPE,RIGHT,3.62,1.60,6.77,1.00,3.05,0.00,1.00,,,17.3,35,0.376,6,5,-0.058,0.890,0,0
74.04,FLYING,WAIT,0,,,,,100,0,0,0,0,55,ESCAPE,RIGHT,3.38,1.43,4.32,0.90,2.18,0.20,0.67,,,17.7,34,-0.619,6,5,-0.088,0.897,0,0
74.10,FLYING,WAIT,0,,,,,100,0,0,0,0,55,ESCAPE,RIGHT,3.44,1.00,3.09,1.00,1.53,0.56,0.38,,,14.6,46,-0.817,4,5,-0.061,0.848,0,0
74.16,FLYING,WAIT,0,,,,,100,0,0,0,0,55,ESCAPE,RIGHT,3.47,0.60,1.65,0.82,3.05,0.00,0.00,,,18.3,33,0.914,1,7,0.133,0.730,0,0
74.21,FLYING,WAIT,0,,,,,100,0,0,0,2,55,ESCAPE,RIGHT,3.22,0.52,1.26,0.46,2.14,0.14,0.00,,,18.3,32,0.992,0,5,0.184,0.706,0,2
74.27,FLYING,WAIT,0,,,,,100,0,0,0,2,55,ESCAPE,,2.31,0.36,0.73,0.26,1.50,0.01,0.00,,,18.0,32,-0.085,6,7,0.153,0.846,0,2
74.32,FLYING,WAIT,0,,,,,100,0,0,0,-1,55,ESCAPE,,1.85,0.41,0.49,0.15,2.62,0.00,0.00,,,18.1,33,-0.874,4,3,-0.064,0.738,0,-1
74.38,FLYING,WAIT,0,,,,,100,0,0,0,-1,55,ESCAPE,,1.62,0.53,0.37,0.08,1.83,0.00,0.00,,,18.0,33,-0.516,6,7,-0.081,0.792,0,-1
74.44,FLYING,WAIT,0,,,,,100,0,0,0,0,55,ESCAPE,,1.43,0.60,0.31,0.05,3.05,0.00,0.00,,,17.8,33,-0.007,6,7,-0.017,0.894,0,0
74.49,FLYING,WAIT,0,,,,,100,0,0,0,-2,55,ESCAPE,,1.05,0.45,0.44,0.03,2.14,0.00,0.00,,,18.2,32,-0.697,4,5,-0.102,0.818,0,-2
74.55,FLYING,WAIT,0,,,,,100,0,0,0,-2,55,ESCAPE,,0.86,0.30,0.25,0.01,4.80,0.00,0.00,,,17.8,33,-0.703,5,6,-0.095,0.827,0,-2
74.60,FLYING,APPROACH,0,,,,,100,0,4,0,-2,55,ESCAPE,,0.77,0.23,0.12,0.01,3.36,0.00,0.00,,,18.2,32,-0.636,5,5,-0.091,0.857,0,-2
74.66,FLYING,APPROACH,0,,,,,100,0,6,0,1,55,ESCAPE,,0.64,0.19,0.06,0.00,6.54,0.00,0.00,,,18.2,32,-0.205,5,8,0.027,0.916,0,1
74.71,FLYING,APPROACH,0,,,,,100,0,8,0,1,55,ESCAPE,,0.57,0.27,0.25,0.00,4.58,0.00,0.00,,,17.6,34,0.062,6,8,0.038,0.968,0,1
74.77,FLYING,APPROACH,0,,,,,100,0,9,0,1,55,ESCAPE,,0.51,0.31,0.40,0.00,5.67,0.00,0.00,,,18.4,32,-0.087,6,7,0.028,0.965,0,1
74.82,FLYING,APPROACH,0,,,,,100,0,10,0,-2,55,ESCAPE,,0.46,0.29,0.86,0.00,6.98,0.00,0.00,,yes,18.1,33,-0.156,5,6,-0.079,0.924,0,-2
74.88,FLYING,APPROACH,0,,,,,100,0,11,0,-2,55,ESCAPE,,0.34,0.28,1.31,0.00,4.89,0.00,0.00,,yes,18.1,32,-2.480,0,0,-0.119,0.563,0,-2
74.93,FLYING,APPROACH,0,,,,,100,0,11,0,0,55,ESCAPE,,0.17,4.37,1.59,0.00,6.98,0.00,0.00,,yes,18.2,32,0.904,0,7,0.005,0.493,0,0
74.99,FLYING,APPROACH,0,,,,,100,0,11,0,-1,55,ESCAPE,,0.09,6.42,3.64,0.00,4.89,0.32,0.32,,yes,17.9,33,-0.925,2,3,-0.043,0.473,0,-1
75.04,FLYING,APPROACH,0,,,,,100,0,11,0,-2,55,ESCAPE,,1.47,5.29,6.93,0.00,7.85,0.00,0.00,,yes,18.4,32,-0.678,5,5,-0.107,0.600,0,-2
75.10,FLYING,APPROACH,0,,,,,100,0,11,0,-2,55,ESCAPE,,2.16,4.72,12.00,0.41,5.50,0.00,1.00,,yes,18.0,33,0.311,6,6,-0.139,0.753,0,-2
75.15,FLYING,APPROACH,0,,,,,100,0,11,0,0,55,ESCAPE,,2.32,4.54,14.79,0.75,6.11,0.00,1.00,,yes,18.0,33,0.622,6,8,-0.034,0.862,0,0
75.21,FLYING,APPROACH,0,,,,,100,0,11,0,0,55,AVOID_LEFT,,2.40,4.74,16.80,0.94,4.28,0.00,1.00,,yes,18.1,33,1.508,0,5,0.186,0.681,0,0
75.27,FLYING,APPROACH,0,,,,,100,0,11,0,0,55,AVOID_LEFT,,2.78,4.84,17.80,1.00,3.49,0.23,1.00,,yes,17.5,34,2.411,0,2,0.170,0.493,0,0
75.32,FLYING,APPROACH,0,,,,,100,0,11,0,0,55,AVOID_LEFT,,3.24,4.13,11.35,1.00,2.44,0.40,1.00,,yes,17.8,33,3.113,0,4,0.309,0.439,0,0
75.38,FLYING,APPROACH,0,,,,,100,0,11,0,0,55,AVOID_LEFT,,3.64,3.03,7.66,1.00,2.62,0.07,1.00,,yes,18.0,33,3.603,0,4,0.439,0.409,0,0
75.43,FLYING,APPROACH,0,,,,,100,0,11,0,0,55,AVOID_LEFT,,3.84,2.12,4.33,1.00,1.83,0.56,0.80,,yes,18.2,33,2.000,0,6,0.607,0.459,0,0
75.49,FLYING,APPROACH,0,,,,,100,0,11,0,0,55,AVOID_LEFT,,4.38,1.56,3.23,1.00,2.18,0.65,0.08,,yes,18.3,33,-0.083,6,7,0.304,0.635,0,0
75.54,FLYING,APPROACH,0,,,,,100,0,11,0,0,55,AVOID_RIGHT,,4.65,1.39,2.68,1.00,1.53,1.00,0.13,,yes,18.2,33,-2.216,2,0,0.010,0.467,0,0
75.60,FLYING,APPROACH,0,,,,,100,0,11,0,0,55,AVOID_RIGHT,,4.45,2.13,2.41,1.00,1.07,1.00,0.22,,yes,18.0,33,3.553,0,4,0.105,0.339,0,0
75.66,FLYING,APPROACH,0,,,,,100,0,11,0,1,55,AVOID_RIGHT,,4.35,3.03,1.71,0.84,3.05,0.20,0.00,,yes,15.6,41,2.926,0,2,0.179,0.243,0,1
75.72,FLYING,APPROACH,0,,,,,100,0,11,0,1,55,AVOID_RIGHT,,5.17,3.47,1.36,0.91,2.14,1.00,0.22,,yes,18.0,33,1.193,0,7,0.384,0.328,0,1
75.77,FLYING,APPROACH,0,,,,,100,0,11,0,0,55,AVOID_RIGHT,,5.58,3.07,1.44,0.83,6.54,0.00,0.00,,yes,18.2,32,0.562,2,5,0.128,0.475,0,0
75.83,FLYING,APPROACH,0,,,,,100,0,11,0,-1,55,AVOID_RIGHT,,5.50,2.87,1.57,0.47,4.58,0.01,0.00,,yes,18.3,32,-1.875,2,0,-0.058,0.434,0,-1
75.88,FLYING,APPROACH,0,,,,,100,0,11,0,-2,55,AVOID_RIGHT,,5.12,2.90,1.90,0.26,10.47,0.00,0.00,,yes,18.5,32,0.505,6,6,-0.138,0.516,0,-2
75.94,FLYING,APPROACH,0,,,,,100,0,11,0,-3,55,AVOID_RIGHT,,4.83,2.92,2.08,0.15,7.33,0.00,0.00,,yes,18.3,32,-0.771,5,5,-0.166,0.596,0,-3
75.99,FLYING,APPROACH,0,,,,,100,0,11,0,-2,55,AVOID_RIGHT,,4.79,2.92,2.37,0.08,6.98,0.00,0.00,,yes,18.5,31,2.215,0,1,-0.100,0.383,0,-2
76.04,FLYING,APPROACH,0,,,,,100,0,11,0,0,55,CRUISE,,4.67,2.66,2.79,0.05,4.89,0.00,0.00,,yes,18.5,31,0.233,6,8,-0.018,0.626,0,0
76.10,FLYING,APPROACH,0,,,,,100,0,11,0,0,55,AVOID_RIGHT,,6.69,4.93,3.20,0.58,3.42,1.00,0.31,,yes,18.0,33,-0.042,5,7,-0.011,0.767,0,0
76.15,FLYING,APPROACH,0,,,,,100,0,11,0,-1,55,AVOID_RIGHT,,4.06,2.86,3.41,0.43,9.60,0.00,0.00,,yes,18.7,32,0.048,6,6,-0.065,0.847,0,-1
76.21,FLYING,APPROACH,0,,,,,100,0,11,0,1,55,AVOID_RIGHT,,3.64,1.46,3.24,0.24,6.72,0.00,0.00,,yes,18.3,32,0.002,6,8,0.098,0.929,0,1
76.26,FLYING,APPROACH,0,,,,,100,0,11,0,0,55,AVOID_RIGHT,,3.44,0.76,2.51,0.14,8.29,0.00,0.00,,yes,18.2,32,0.133,6,7,0.000,0.957,0,0
76.32,FLYING,APPROACH,0,,,,,100,0,11,0,-1,55,AVOID_RIGHT,,7.83,1.21,2.34,0.36,5.80,0.57,0.00,,yes,18.1,32,-0.387,6,7,-0.056,0.944,0,-1
76.37,FLYING,APPROACH,0,,,,,100,0,11,0,-1,55,AVOID_RIGHT,,10.03,1.44,2.26,0.61,6.98,1.00,0.00,,yes,18.4,32,-0.055,6,7,-0.087,0.936,0,-1
76.43,FLYING,APPROACH,0,,,,,100,0,11,0,-2,55,AVOID_RIGHT,,6.58,0.75,2.21,0.61,4.89,0.40,0.00,,yes,18.2,32,-0.126,6,7,-0.229,0.932,0,-2
76.48,FLYING,APPROACH,0,,,,,100,0,11,0,-1,55,AVOID_RIGHT,,4.86,0.41,2.63,0.45,6.11,0.00,0.00,,yes,18.2,32,-0.604,5,5,-0.115,0.887,0,-1
76.54,FLYING,APPROACH,0,,,,,100,0,11,0,-2,55,AVOID_RIGHT,,2.90,1.96,3.34,0.25,4.28,0.00,0.00,,yes,18.6,32,-0.774,5,6,-0.110,0.838,0,-2
76.59,FLYING,APPROACH,0,,,,,100,0,11,0,-2,55,AVOID_RIGHT,,2.89,3.19,6.15,0.14,5.24,0.00,0.01,,yes,18.4,32,0.382,6,7,-0.095,0.905,0,-2
76.65,FLYING,APPROACH,0,,,,,100,0,11,0,2,55,AVOID_LEFT,,2.89,3.35,8.61,0.47,3.67,0.00,1.00,,yes,18.3,33,1.400,0,7,0.180,0.729,0,2
76.70,FLYING,APPROACH,0,,,,,100,0,11,0,1,55,AVOID_LEFT,,2.89,2.78,9.83,0.78,2.62,0.00,1.00,,yes,17.9,33,0.535,5,7,0.187,0.839,0,1
76.76,FLYING,APPROACH,0,,,,,100,0,11,0,0,55,AVOID_LEFT,,1.88,1.39,6.06,0.96,1.83,0.00,1.00,,yes,18.2,33,1.519,0,5,0.139,0.696,0,0
76.81,FLYING,APPROACH,0,,,,,100,0,11,0,2,55,AVOID_LEFT,,1.38,0.70,4.12,0.72,3.05,0.00,0.09,,yes,18.4,32,1.170,1,6,0.288,0.625,0,2
76.87,FLYING,APPROACH,0,,,,,100,0,11,0,2,55,AVOID_LEFT,,1.74,0.58,3.14,0.41,3.05,0.00,0.00,,yes,18.3,32,-0.852,2,3,0.137,0.519,0,2
76.92,FLYING,APPROACH,0,,,,,100,0,11,0,-1,55,AVOID_LEFT,,2.93,1.10,2.17,0.23,2.62,0.00,0.00,,yes,18.6,31,-1.247,2,1,-0.037,0.406,0,-1
76.97,FLYING,APPROACH,0,,,,,100,0,11,0,-2,55,AVOID_LEFT,,3.34,1.59,1.59,0.25,1.83,0.31,0.00,,yes,18.3,32,-1.295,2,1,-0.127,0.329,0,-2
77.03,FLYING,APPROACH,0,,,,,100,0,11,0,-1,55,AVOID_RIGHT,,3.54,1.84,1.03,0.40,1.31,0.67,0.00,,yes,18.2,32,0.934,1,7,-0.044,0.495,0,-1
77.08,FLYING,APPROACH,0,,,,,100,0,11,0,0,55,AVOID_RIGHT,,3.64,1.01,0.54,0.60,0.92,0.92,0.00,,yes,18.1,32,0.118,6,8,-0.011,0.660,0,0
77.15,FLYING,APPROACH,0,,,,,100,0,11,0,-1,55,AVOID_RIGHT,,4.15,0.58,0.28,0.45,3.05,0.10,0.00,,yes,15.5,42,-0.925,5,3,-0.085,0.681,0,-1
77.20,FLYING,APPROACH,0,,,,,100,0,11,0,-1,55,AVOID_RIGHT,,4.40,0.37,0.15,0.45,2.14,0.68,0.00,,yes,18.0,33,0.258,5,7,-0.059,0.798,0,-1
77.26,FLYING,APPROACH,0,,,,,100,0,11,0,-2,55,AVOID_RIGHT,,2.85,0.26,0.08,0.34,1.50,0.23,0.00,,yes,18.3,32,-2.227,1,0,-0.134,0.540,0,-2
77.31,FLYING,APPROACH,0,,,,,100,0,11,0,-2,55,AVOID_RIGHT,,2.08,0.21,0.10,0.19,1.05,0.07,0.00,,yes,18.8,31,0.121,5,7,-0.146,0.618,0,-2
77.37,FLYING,APPROACH,0,,,,,100,0,11,0,-3,55,AVOID_RIGHT,,2.41,0.15,0.24,0.11,1.31,0.11,0.00,,yes,18.4,32,0.078,6,8,-0.154,0.773,0,-3
77.42,FLYING,APPROACH,0,,,,,100,0,11,0,-2,55,AVOID_RIGHT,,2.66,0.12,0.54,0.19,0.92,0.43,0.00,,yes,18.2,32,-0.597,5,7,-0.104,0.792,0,-2
77.48,FLYING,APPROACH,0,,,,,100,0,11,0,-1,55,AVOID_RIGHT,,2.79,0.11,0.70,0.37,0.64,0.63,0.00,,yes,18.1,33,-0.025,4,7,-0.076,0.813,0,-1
77.53,FLYING,APPROACH,0,,,,,100,0,11,0,0,55,AVOID_RIGHT,,2.94,0.28,1.91,0.28,4.36,0.00,0.00,,yes,18.3,32,0.689,6,8,0.024,0.896,0,0
77.59,FLYING,APPROACH,0,,,,,100,0,11,0,-3,55,AVOID_RIGHT,,2.09,1.40,3.99,0.16,3.05,0.00,0.02,,yes,18.5,31,-1.749,2,0,-0.163,0.600,0,-3
77.64,FLYING,APPROACH,0,,,,,100,0,11,0,-1,55,AVOID_LEFT,,3.54,1.96,5.04,0.47,2.18,0.24,0.98,,yes,18.1,33,-0.383,6,6,-0.138,0.652,0,-1
77.70,FLYING,APPROACH,0,,,,,100,0,11,0,0,55,ESCAPE,,4.33,1.15,4.26,1.00,1.53,0.96,0.92,,yes,17.9,33,1.479,0,4,0.076,0.572,0,0
77.75,FLYING,APPROACH,0,,,,,100,0,11,0,0,55,ESCAPE,,4.72,0.75,3.42,1.00,3.05,0.39,0.00,,yes,18.3,33,0.174,5,5,0.021,0.670,0,0
77.81,FLYING,APPROACH,0,,,,,100,0,11,0,0,55,ESCAPE,,4.53,0.64,3.01,0.94,2.14,0.75,0.00,,yes,18.1,32,-1.213,1,1,-0.081,0.558,0,0
77.86,FLYING,APPROACH,0,,,,,100,0,11,0,0,55,ESCAPE,,3.77,0.58,3.19,0.70,2.62,0.13,0.00,,yes,18.4,32,0.851,3,7,-0.008,0.576,0,0
77.92,FLYING,APPROACH,0,,,,,100,0,11,0,0,55,ESCAPE,,4.06,0.37,4.18,0.97,1.83,0.67,0.73,,yes,17.8,34,1.415,0,6,0.173,0.539,0,0
77.97,FLYING,APPROACH,0,,,,,100,0,11,0,0,55,ESCAPE,,3.53,0.26,4.67,0.95,2.18,0.23,0.80,,yes,17.9,33,1.283,0,5,0.358,0.499,0,0
78.03,FLYING,APPROACH,0,,,,,100,0,11,0,0,55,ESCAPE,,2.40,0.17,3.31,0.86,1.53,0.00,0.44,,yes,18.1,32,-0.850,5,5,0.126,0.572,0,0
78.08,FLYING,APPROACH,0,,,,,100,0,11,0,0,55,ESCAPE,,1.84,0.12,2.49,0.75,1.07,0.00,0.27,,yes,18.2,32,-0.414,4,6,0.072,0.698,0,0
78.14,FLYING,APPROACH,0,,,,,100,0,11,0,-1,55,ESCAPE,,2.20,0.56,1.50,0.53,1.31,0.00,0.00,,yes,18.6,32,-1.702,2,0,-0.149,0.546,0,-1
78.19,FLYING,APPROACH,0,,,,,100,0,11,0,-2,55,ESCAPE,,3.50,1.41,0.81,0.48,0.92,0.85,0.00,,yes,18.0,33,-0.333,5,5,-0.185,0.541,0,-2
78.25,FLYING,APPROACH,0,,,,,100,0,11,0,-1,55,ESCAPE,,4.15,1.84,0.44,0.51,2.62,0.32,0.00,,yes,18.1,32,0.666,5,8,-0.075,0.724,0,-1
78.30,FLYING,APPROACH,0,,,,,100,0,11,0,-2,55,ESCAPE,,3.47,2.03,0.27,0.44,1.83,0.37,0.00,,yes,17.9,33,-1.369,2,0,-0.207,0.503,0,-2
78.36,FLYING,APPROACH,0,,,,,100,0,11,0,-3,55,ESCAPE,,2.70,1.97,0.17,0.25,1.75,0.03,0.00,,yes,18.0,33,-0.974,3,3,-0.211,0.469,0,-3
78.41,FLYING,APPROACH,0,,,,,100,0,11,0,-2,55,ESCAPE,,2.74,1.84,0.11,0.25,1.22,0.32,0.00,,yes,18.1,33,0.184,5,5,-0.160,0.555,0,-2
78.47,FLYING,APPROACH,0,,,,,100,0,11,0,1,55,ESCAPE,,2.06,1.43,0.08,0.19,2.18,0.00,0.00,,yes,18.2,32,1.034,3,8,0.058,0.651,0,1
78.52,FLYING,APPROACH,0,,,,,100,0,11,0,0,55,ESCAPE,,2.43,1.57,0.06,0.11,1.53,0.00,0.00,,yes,18.6,32,0.145,5,7,-0.014,0.753,0,0
78.58,FLYING,APPROACH,0,,,,,100,0,11,0,-1,55,ESCAPE,,2.61,0.80,0.06,0.06,1.31,0.21,0.00,,yes,18.4,32,-0.284,5,7,-0.033,0.795,0,-1
78.64,FLYING,APPROACH,0,,,,,100,0,11,0,-3,55,ESCAPE,,2.87,0.48,0.12,0.29,0.92,0.53,0.00,,yes,16.4,39,-1.663,2,0,-0.184,0.557,0,-3
78.69,FLYING,APPROACH,0,,,,,100,0,11,0,-2,55,ESCAPE,,3.00,0.27,0.23,0.36,1.75,0.18,0.00,,yes,19.2,30,-0.314,6,7,-0.173,0.676,0,-2
78.75,FLYING,APPROACH,0,,,,,100,0,11,0,-2,55,ESCAPE,,2.42,0.16,0.28,0.20,1.22,0.15,0.00,,yes,18.2,32,0.058,4,5,-0.125,0.752,0,-2
78.80,FLYING,APPROACH,0,,,,,100,0,11,0,0,55,ESCAPE,,2.13,0.11,0.18,0.11,0.87,0.18,0.00,,yes,18.3,32,-0.156,5,7,-0.026,0.853,0,0
78.85,FLYING,APPROACH,0,,,,,100,0,11,0,-2,55,ESCAPE,,2.16,0.25,0.14,0.06,4.80,0.00,0.00,,yes,18.4,32,-0.549,5,6,-0.090,0.833,0,-2
78.91,FLYING,APPROACH,0,,,,,100,0,11,0,-2,55,ESCAPE,,2.63,0.33,0.49,0.04,3.36,0.00,0.00,,yes,18.4,32,-2.077,0,0,-0.106,0.526,0,-2
78.96,FLYING,APPROACH,0,,,,,100,0,11,0,0,55,ESCAPE,,2.50,0.21,1.94,0.02,2.35,0.00,0.00,,yes,18.2,32,2.498,0,4,0.004,0.386,0,0
79.02,FLYING,APPROACH,0,,,,,100,0,11,0,3,55,ESCAPE,,2.43,0.15,1.51,0.01,1.65,0.00,0.00,,yes,18.3,32,1.801,0,3,0.152,0.332,0,3
79.07,FLYING,APPROACH,0,,,,,100,0,11,0,4,55,ESCAPE,,1.90,0.22,1.30,0.01,1.15,0.00,0.00,,yes,18.5,31,0.772,4,7,0.194,0.497,0,4
79.13,FLYING,APPROACH,0,,,,,100,0,11,0,0,55,ESCAPE,,1.29,0.26,1.19,0.00,0.81,0.00,0.00,,yes,18.3,32,-0.537,5,5,0.008,0.642,0,0
79.18,FLYING,APPROACH,0,,,,,100,0,11,0,-3,55,ESCAPE,,1.13,0.28,1.46,0.00,0.87,0.00,0.00,,yes,17.6,34,-1.891,1,0,-0.137,0.437,0,-3
79.24,FLYING,SCAN,0,,,,,100,0,7,0,-2,55,ESCAPE,,0.85,0.36,2.21,0.15,0.61,0.00,0.35,,yes,18.3,32,2.243,0,1,-0.129,0.308,0,-2
79.29,FLYING,SCAN,0,,,,,100,0,0,0,-1,55,ESCAPE,,0.91,0.52,2.64,0.46,0.44,0.00,0.67,,yes,18.3,33,0.711,5,5,-0.048,0.464,0,-1
79.35,FLYING,SCAN,0,,,,,100,0,0,0,1,55,AVOID_LEFT,,1.22,0.60,3.28,0.78,0.31,0.06,1.00,,yes,17.7,33,1.712,0,5,0.193,0.485,0,1
79.41,FLYING,SCAN,0,,,,,100,0,0,0,1,55,AVOID_LEFT,,1.37,0.64,3.60,0.85,0.87,0.00,0.96,,yes,17.6,34,0.753,5,7,0.173,0.588,0,1
79.46,FLYING,SCAN,0,,,,,100,0,0,0,1,55,AVOID_LEFT,,1.42,0.84,2.29,0.78,0.61,0.00,0.44,,yes,17.6,34,0.929,1,5,0.159,0.617,0,1
79.52,FLYING,SCAN,0,,,,,100,0,0,0,1,55,AVOID_LEFT,,1.44,0.71,1.23,0.70,1.31,0.00,0.00,,yes,17.8,33,1.454,1,5,0.244,0.576,0,1
79.57,FLYING,SCAN,0,,,,,100,0,0,0,3,55,AVOID_LEFT,,1.45,0.52,0.70,0.39,1.31,0.00,0.00,,yes,18.1,33,1.989,0,2,0.269,0.434,0,3
79.63,FLYING,SCAN,0,,,,,100,0,0,0,2,55,AVOID_LEFT,,1.45,0.32,0.42,0.22,0.92,0.00,0.00,,yes,18.6,32,-1.205,1,1,0.145,0.339,0,2
79.68,FLYING,SCAN,0,,,,,100,0,0,0,0,55,AVOID_LEFT,,1.45,0.22,0.63,0.12,2.62,0.00,0.00,,yes,18.0,33,0.180,6,7,-0.010,0.568,0,0
79.74,FLYING,SCAN,0,,,,,100,0,0,0,4,55,AVOID_LEFT,,1.90,1.03,1.09,0.07,1.83,0.00,0.00,,yes,18.7,32,1.429,0,7,0.191,0.582,0,4
79.79,FLYING,SCAN,0,,,,,100,0,0,0,4,55,OPTOMOTOR,,2.13,1.44,1.51,0.04,10.04,0.00,0.00,,yes,18.1,32,0.139,6,7,0.202,0.747,0,4
79.85,FLYING,SCAN,0,,,,,100,0,0,0,4,55,CRUISE,,2.24,1.23,1.86,0.02,7.02,0.00,0.00,,,17.8,33,2.632,0,5,0.186,0.616,0,4
79.90,FLYING,SCAN,0,,,,,100,0,0,0,2,55,OPTOMOTOR,,1.86,1.13,1.89,0.01,4.92,0.00,0.00,,,18.4,32,0.256,4,5,0.119,0.633,0,2
79.96,FLYING,SCAN,0,,,,,100,0,0,0,4,55,CRUISE,,2.20,1.39,1.46,0.01,3.44,0.00,0.00,,,18.0,33,0.814,3,7,0.180,0.718,0,4
80.01,FLYING,SCAN,0,,,,,100,0,0,0,2,55,CRUISE,,2.69,1.70,1.25,0.00,3.05,0.00,0.00,,,17.8,33,-0.010,6,6,0.081,0.805,0,2
80.07,FLYING,SCAN,0,,,,,100,0,0,0,-2,55,AVOID_RIGHT,,4.60,2.23,0.78,0.26,2.14,0.83,0.00,,,18.1,33,-3.080,0,0,-0.116,0.510,0,-2
80.13,FLYING,SCAN,0,,,,,100,0,0,0,-2,55,AVOID_RIGHT,,3.89,2.57,0.96,0.20,3.05,0.02,0.00,,,18.0,32,-0.061,6,7,-0.147,0.578,0,-2
80.18,FLYING,SCAN,0,,,,,100,0,0,0,-4,55,AVOID_RIGHT,,4.29,2.74,0.64,0.11,3.93,0.00,0.00,,,17.1,37,-2.821,2,0,-0.211,0.406,0,-4
80.24,FLYING,SCAN,0,,,,,100,0,0,0,-3,55,AVOID_RIGHT,,4.49,4.23,0.48,0.34,2.75,0.47,0.34,,,19.3,30,-4.103,1,0,-0.196,0.248,0,-3
80.29,FLYING,SCARED,0,,,,,100,0,-60,0,-2,55,AVOID_RIGHT,RIGHT,4.59,3.19,0.40,0.70,1.92,0.94,0.23,,,17.8,33,-3.821,0,0,-0.259,0.168,0,-2
80.35,FLYING,SCARED,0,,,,,100,0,-60,0,0,55,AVOID_RIGHT,,3.66,3.21,0.43,1.00,1.35,0.75,0.53,,yes,17.3,35,-1.083,2,1,-0.333,0.180,0,0
80.41,FLYING,SCARED,0,,,,,100,0,-60,0,0,55,AVOID_RIGHT,,2.86,2.61,0.85,1.00,0.94,0.56,0.43,,yes,17.7,34,-0.627,4,5,-0.163,0.359,0,0
80.46,FLYING,SCARED,0,,,,,100,0,-60,0,0,55,AVOID_RIGHT,,2.46,1.77,1.23,1.00,0.66,0.50,0.16,,yes,18.1,33,1.270,3,7,-0.057,0.507,0,0
80.52,FLYING,SCARED,0,,,,,100,0,-60,0,0,55,AVOID_RIGHT,,2.23,1.29,1.25,0.79,0.46,0.48,0.01,,yes,17.9,33,1.920,0,2,0.070,0.395,0,0
80.57,FLYING,SCARED,0,,,,,100,0,-60,0,1,55,AVOID_RIGHT,,2.11,1.04,1.03,0.70,0.87,0.22,0.00,,yes,18.0,33,1.760,0,2,0.179,0.318,0,1
80.63,FLYING,SCARED,0,,,,,100,0,-60,0,4,55,AVOID_RIGHT,,2.17,0.92,0.92,0.54,0.61,0.38,0.00,,yes,17.7,34,4.477,0,7,0.398,0.370,0,4
80.68,FLYING,SCARED,0,,,,,100,0,-60,0,6,55,AVOID_RIGHT,,3.02,0.95,1.39,0.31,2.62,0.00,0.00,,yes,18.4,32,4.465,0,4,0.414,0.327,0,6
80.74,FLYING,SCARED,0,,,,,100,0,-60,0,2,55,AVOID_RIGHT,,3.45,1.19,1.62,0.17,3.93,0.00,0.00,,yes,18.5,31,0.446,6,8,0.132,0.551,0,2
80.79,FLYING,SCARED,0,,,,,100,0,-60,0,5,55,AVOID_RIGHT,,3.83,1.32,1.74,0.10,2.75,0.14,0.00,,yes,18.5,32,3.295,0,4,0.259,0.458,0,5
80.85,FLYING,SCARED,0,,,,,100,0,-60,0,1,55,CRUISE,,4.58,2.22,4.32,0.05,4.36,0.00,0.00,,yes,18.7,32,-0.912,2,1,0.056,0.344,0,1
80.90,FLYING,SCARED,0,,,,,100,0,-60,0,0,55,CRUISE,,4.96,3.22,5.61,0.69,3.05,0.55,0.88,,yes,18.0,33,-4.891,1,0,-0.064,0.241,0,0
80.96,FLYING,SCARED,0,,,,,100,0,-60,0,-2,55,AVOID_LEFT,,4.94,3.55,5.30,0.67,3.49,0.33,0.50,,yes,18.0,33,-2.060,2,0,-0.248,0.202,0,-2
81.01,FLYING,WAIT,0,,,,,100,0,-39,0,0,55,AVOID_LEFT,,4.90,3.72,4.88,1.00,2.44,0.83,0.82,,yes,18.4,33,-2.723,1,0,-0.330,0.162,0,0
81.07,FLYING,WAIT,0,,,,,100,0,-25,0,0,55,ESCAPE,,4.14,3.80,4.68,1.00,3.05,0.14,0.41,,yes,18.0,33,-1.246,2,1,-0.370,0.177,0,0
81.12,FLYING,WAIT,0,,,,,100,0,-16,0,0,55,ESCAPE,,3.75,3.78,4.57,1.00,2.14,0.42,0.82,,yes,18.1,33,-0.796,5,6,-0.249,0.424,0,0
81.18,FLYING,WAIT,0,,,,,100,0,-10,0,0,55,ESCAPE,,3.35,3.83,2.54,0.91,4.80,0.00,0.00,,yes,18.4,32,-3.169,1,0,-0.196,0.343,0,0
81.23,FLYING,WAIT,0,,,,,100,0,-6,0,-3,55,ESCAPE,,3.43,3.92,1.30,0.51,3.36,0.00,0.00,,yes,18.4,32,-3.287,2,0,-0.270,0.246,0,-3
81.28,FLYING,WAIT,0,,,,,100,0,-4,0,-1,55,ESCAPE,,3.48,3.96,0.68,0.29,3.93,0.00,0.00,,yes,18.5,32,1.540,1,3,-0.099,0.215,0,-1
81.34,FLYING,WAIT,0,,,,,100,0,-2,0,3,55,ESCAPE,,3.50,2.71,0.38,0.16,2.75,0.00,0.00,,yes,18.3,32,4.067,0,5,0.164,0.288,0,3
81.39,FLYING,WAIT,0,,,,,100,0,-1,0,3,55,ESCAPE,,3.39,2.09,0.25,0.09,6.54,0.00,0.00,,yes,18.8,31,-0.307,2,5,0.151,0.381,0,3
81.45,FLYING,WAIT,0,,,,,100,0,-1,0,-1,55,ESCAPE,,3.08,1.40,0.18,0.05,4.58,0.00,0.00,,yes,18.6,32,-1.037,2,2,-0.050,0.391,0,-1
81.50,FLYING,WAIT,0,,,,,100,0,0,0,-2,55,ESCAPE,,2.74,1.05,0.15,0.03,14.84,0.00,0.00,,yes,18.4,31,0.074,5,7,-0.086,0.606,0,-2
81.55,FLYING,WAIT,0,,,,,100,0,0,0,-4,55,ESCAPE,,2.57,0.60,0.27,0.02,10.38,0.00,0.00,,yes,18.5,32,-2.069,2,0,-0.185,0.422,0,-4
81.61,FLYING,WAIT,0,,,,,100,0,0,0,-3,55,ESCAPE,,2.49,0.38,1.52,0.01,7.27,0.00,0.00,,yes,18.4,32,1.254,0,1,-0.143,0.271,0,-3
81.66,FLYING,WAIT,0,,,,,100,0,0,0,-1,55,ESCAPE,,2.69,1.10,2.15,0.01,5.09,0.00,0.00,,yes,18.6,32,-0.359,4,5,-0.055,0.439,0,-1
81.72,FLYING,WAIT,0,,,,,100,0,0,0,2,55,ESCAPE,,3.80,1.66,3.96,0.00,3.56,0.00,0.00,,yes,16.5,38,2.996,0,4,0.106,0.452,0,2
81.77,FLYING,WAIT,0,,,,,100,0,0,0,5,55,ESCAPE,,3.35,1.94,3.23,0.00,4.36,0.00,0.00,,yes,19.6,29,1.777,0,5,0.238,0.393,0,5
81.83,FLYING,WAIT,0,,,,,100,0,0,0,8,55,ESCAPE,,4.12,2.36,4.02,0.00,3.05,0.13,0.08,,,18.4,32,1.071,1,8,0.406,0.464,0,8
81.88,FLYING,WAIT,0,,,,,100,0,0,0,5,55,ESCAPE,,6.59,2.07,3.50,0.41,3.05,1.00,0.00,,,18.2,32,4.623,0,3,0.466,0.404,0,5
81.94,FLYING,WAIT,0,,,,,100,0,0,0,0,55,ESCAPE,RIGHT,7.82,2.43,4.06,0.86,2.14,1.00,0.56,,,18.1,33,-0.963,2,1,0.152,0.328,0,0
81.99,FLYING,WAIT,0,,,,,100,0,0,0,0,55,ESCAPE,RIGHT,4.96,1.85,4.35,0.65,4.36,0.00,0.00,,,18.3,32,-0.998,2,2,-0.005,0.304,0,0
82.05,FLYING,WAIT,0,,,,,100,0,0,0,-1,55,ESCAPE,RIGHT,3.53,1.90,4.49,0.36,3.05,0.00,0.32,,,18.5,31,-2.356,1,0,-0.061,0.204,0,-1
82.10,FLYING,WAIT,0,,,,,100,0,0,0,-1,55,ESCAPE,,3.02,1.58,5.20,0.20,5.24,0.00,0.00,,,18.2,32,-0.411,1,1,-0.044,0.167,0,-1
82.16,FLYING,WAIT,0,,,,,100,0,0,0,2,55,ESCAPE,,2.77,1.55,3.93,0.12,3.67,0.00,0.00,,,18.4,32,1.309,0,2,0.122,0.147,0,2
82.21,FLYING,WAIT,0,,,,,100,0,0,0,6,55,ESCAPE,,2.55,1.54,3.23,0.06,2.57,0.00,0.00,,,18.6,31,1.999,0,5,0.341,0.264,0,6
82.27,FLYING,WAIT,0,,,,,100,0,0,0,5,55,ESCAPE,,2.43,1.68,2.89,0.04,1.80,0.00,0.15,,,18.3,32,1.800,0,2,0.285,0.201,0,5
82.32,FLYING,WAIT,0,,,,,100,0,0,0,6,55,ESCAPE,,3.11,1.76,2.43,0.02,7.42,0.00,0.00,,,18.5,32,1.085,2,7,0.301,0.342,0,6
82.37,FLYING,WAIT,0,,,,,100,0,0,0,1,55,ESCAPE,,3.44,1.25,2.16,0.01,5.67,0.00,0.00,,,18.5,31,-1.089,2,1,0.051,0.307,0,1
82.43,FLYING,WAIT,0,,,,,100,0,0,0,-2,55,ESCAPE,,3.40,0.99,2.03,0.01,3.97,0.00,0.00,,,18.3,32,-1.345,2,0,-0.102,0.254,0,-2
82.48,FLYING,WAIT,0,,,,,100,0,0,0,-3,55,ESCAPE,,2.98,0.96,1.51,0.00,9.16,0.00,0.00,,,18.6,31,-0.565,5,5,-0.174,0.477,0,-3
82.54,FLYING,WAIT,0,,,,,100,0,0,0,-4,55,ESCAPE,,2.77,1.69,2.12,0.00,6.41,0.00,0.00,,,18.2,32,-0.433,6,6,-0.177,0.655,0,-4
82.59,FLYING,WAIT,0,,,,,100,0,0,0,-1,55,ESCAPE,,1.86,3.05,3.22,0.00,6.11,0.00,0.00,,,17.8,33,0.915,5,7,-0.072,0.726,0,-1
82.65,FLYING,WAIT,0,,,,,100,0,0,0,-3,55,ESCAPE,,1.37,3.73,3.77,0.00,4.28,0.00,0.00,,,17.9,33,0.235,6,5,-0.129,0.819,0,-3
82.70,FLYING,WAIT,0,,,,,100,0,0,0,0,55,CRUISE,,1.12,2.65,4.59,0.00,5.24,0.00,0.00,,,18.3,32,0.710,5,7,0.015,0.876,0,0
82.76,FLYING,WAIT,0,,,,,100,0,0,0,-4,55,CRUISE,,1.02,1.94,3.72,0.00,3.67,0.00,0.00,,,18.5,32,-1.656,2,0,-0.182,0.574,0,-4
82.81,FLYING,WAIT,0,,,,,100,0,0,0,-6,55,OPTOMOTOR,,1.15,1.59,1.96,0.00,5.24,0.00,0.00,,,18.1,33,-0.862,6,5,-0.280,0.604,0,-6
82.87,FLYING,WAIT,0,,,,,100,0,0,0,-4,55,OPTOMOTOR,,1.82,1.08,1.08,0.00,3.67,0.00,0.00,,,18.3,32,-0.274,5,6,-0.187,0.693,0,-4
82.92,FLYING,WAIT,0,,,,,100,0,0,0,-2,55,CRUISE,,2.16,0.83,1.16,0.00,4.36,0.00,0.00,,,17.9,33,0.084,5,7,-0.096,0.819,0,-2
82.98,FLYING,WAIT,0,,,,,100,0,0,0,-4,55,CRUISE,,2.34,0.70,2.63,0.00,3.05,0.00,0.00,,,18.1,32,-1.478,1,0,-0.198,0.537,0,-4
83.03,FLYING,WAIT,0,,,,,100,0,0,0,-2,55,AVOID_LEFT,,2.42,0.87,5.28,0.41,2.62,0.00,0.93,,,17.6,34,0.042,5,6,-0.156,0.612,0,-2
83.09,FLYING,WAIT,0,,,,,100,0,0,0,-1,55,AVOID_LEFT,,2.86,1.49,6.61,0.46,18.33,0.00,0.00,,,17.9,33,-0.006,6,7,-0.121,0.764,0,-1
83.15,FLYING,WAIT,0,,,,,100,0,0,0,-1,55,AVOID_LEFT,,4.02,2.19,5.81,0.26,12.83,0.00,0.00,,,17.8,34,-0.856,3,7,-0.040,0.764,0,-1
83.20,FLYING,WAIT,0,,,,,100,0,0,0,-2,55,AVOID_LEFT,,4.59,3.55,5.40,0.14,8.98,0.00,0.00,,,17.9,33,-2.769,0,0,-0.126,0.473,0,-2
83.26,FLYING,WAIT,0,,,,,100,0,0,0,-1,55,AVOID_LEFT,,4.88,4.23,5.04,0.08,6.29,0.00,0.00,,,17.9,33,2.240,0,1,-0.055,0.299,0,-1
83.32,FLYING,WAIT,0,,,,,100,0,0,0,1,55,CRUISE,,3.32,3.87,5.06,0.05,6.11,0.00,0.00,,,17.4,35,0.565,4,8,0.066,0.483,0,1
83.37,FLYING,WAIT,0,,,,,100,0,0,0,3,55,CRUISE,,2.32,3.68,3.79,0.03,4.28,0.00,0.00,,,17.9,33,1.030,1,6,0.163,0.577,0,3
83.43,FLYING,WAIT,0,,,,,100,0,0,0,3,55,OPTOMOTOR,,1.82,4.51,3.15,0.31,2.99,0.36,0.36,,,17.8,34,0.784,6,8,0.229,0.764,0,3
83.48,FLYING,WAIT,0,,,,,100,0,0,0,0,55,AVOID_LEFT,RIGHT,1.62,4.93,2.83,1.00,2.10,1.00,1.00,,,19.2,31,1.281,0,7,0.375,0.649,0,0
83.54,FLYING,WAIT,0,,,,,100,0,0,0,0,55,AVOID_LEFT,RIGHT,1.52,5.06,3.98,1.00,1.75,1.00,1.00,,,17.7,34,0.958,4,7,0.321,0.689,0,0
83.59,FLYING,WAIT,0,,,,,100,0,0,0,0,55,CRUISE,RIGHT,0.96,3.68,5.96,1.00,1.22,0.83,1.00,,,17.3,34,-1.014,2,2,0.063,0.564,0,0
83.65,FLYING,WAIT,0,,,,,100,0,0,0,0,55,AVOID_LEFT,RIGHT,0.67,2.79,7.33,1.00,3.05,0.00,1.00,,,17.5,34,0.933,5,7,0.046,0.661,0,0
83.71,FLYING,WAIT,0,,,,,100,0,0,0,0,55,AVOID_LEFT,RIGHT,0.84,1.92,8.01,1.00,2.14,0.00,1.00,,,17.7,34,0.292,6,8,0.069,0.825,0,0
83.77,FLYING,WAIT,0,,,,,100,0,0,0,0,55,AVOID_LEFT,RIGHT,0.97,1.11,6.72,1.00,1.50,0.00,1.00,,,16.8,36,-0.878,3,4,-0.055,0.741,0,0
83.82,FLYING,WAIT,0,,,,,100,0,0,0,0,55,AVOID_LEFT,RIGHT,1.03,0.56,5.76,1.00,1.05,0.00,1.00,,,17.6,34,-0.428,5,7,-0.015,0.832,0,0
83.88,FLYING,WAIT,0,,,,,100,0,0,0,0,55,AVOID_LEFT,RIGHT,4.78,0.29,4.62,1.00,0.73,1.00,1.00,,,17.3,35,-0.295,5,5,-0.046,0.859,0,0
83.94,FLYING,WAIT,0,,,,,100,0,0,0,0,55,AVOID_LEFT,RIGHT,6.65,0.27,4.06,1.00,3.05,1.00,0.10,,,18.1,32,-1.286,2,0,-0.210,0.650,0,0
83.99,FLYING,WAIT,0,,,,,100,0,0,0,0,55,AVOID_RIGHT,RIGHT,6.33,0.26,3.77,1.00,2.14,1.00,0.42,,,17.4,34,-1.159,3,2,-0.243,0.490,0,0
84.05,FLYING,WAIT,0,,,,,100,0,0,0,0,55,AVOID_RIGHT,RIGHT,4.00,0.14,3.81,1.00,1.50,0.85,0.76,,,17.8,34,-1.562,2,0,-0.278,0.342,0,0
84.11,FLYING,WAIT,0,,,,,100,0,0,0,0,55,OPTOMOTOR,RIGHT,2.24,0.08,2.67,1.00,6.54,0.00,0.00,,,17.9,33,-0.719,5,5,-0.242,0.441,0,0
84.16,FLYING,WAIT,0,,,,,100,0,0,0,-1,55,OPTOMOTOR,RIGHT,1.35,1.22,3.01,0.81,7.85,0.00,0.00,,,18.1,33,-0.151,6,6,-0.235,0.663,0,-1
84.22,FLYING,WAIT,0,,,,,100,0,0,0,-3,55,OPTOMOTOR,RIGHT,0.86,2.16,2.26,0.45,5.50,0.00,0.00,,,17.5,34,-2.554,2,0,-0.254,0.454,0,-3
84.27,FLYING,WAIT,0,,,,,100,0,0,0,-4,55,OPTOMOTOR,,0.47,3.90,2.81,0.25,4.36,0.00,0.00,,,18.4,32,-1.224,2,1,-0.245,0.327,0,-4
84.33,FLYING,WAIT,0,,,,,100,0,0,0,-2,55,OPTOMOTOR,,0.41,4.77,3.75,0.52,3.05,0.46,0.46,,,17.4,34,-1.124,2,1,-0.226,0.270,0,-2
84.38,FLYING,WAIT,0,,,,,100,0,0,0,-2,55,CRUISE,,2.33,5.20,4.22,0.39,6.54,0.00,0.00,,,18.5,31,0.528,4,7,-0.140,0.490,0,-2
84.44,FLYING,WAIT,0,,,,,100,0,0,0,-1,55,CRUISE,,3.31,3.71,4.46,0.22,4.58,0.00,0.00,,,18.3,32,2.229,0,2,-0.046,0.386,0,-1
84.50,FLYING,WAIT,0,,,,,100,0,0,0,4,55,CRUISE,,4.15,3.25,5.34,0.12,11.34,0.00,0.00,,,17.9,32,1.249,1,7,0.229,0.470,0,4
84.55,FLYING,WAIT,0,,,,,100,0,0,0,1,55,CRUISE,,6.11,3.02,5.78,0.07,7.94,0.00,0.00,,,18.2,32,-1.679,2,0,0.049,0.360,0,1
84.61,FLYING,WAIT,0,,,,,100,0,0,0,0,55,CRUISE,,7.09,3.90,3.58,0.04,5.56,0.37,0.00,,,17.7,34,-1.619,0,0,0.020,0.217,0,0
84.66,FLYING,WAIT,0,,,,,100,0,0,0,-2,55,AVOID_RIGHT,,4.83,4.34,2.48,0.17,3.89,0.07,0.00,,,17.9,33,-1.879,1,0,-0.145,0.170,0,-2
84.72,FLYING,WAIT,0,,,,,100,0,0,0,-5,55,AVOID_RIGHT,,3.69,4.33,1.96,0.10,3.93,0.00,0.00,,,18.2,32,0.030,2,1,-0.268,0.181,0,-5
84.78,FLYING,APPROACH,0,,,,,100,0,4,0,-3,55,AVOID_RIGHT,,3.25,3.54,3.37,0.05,3.05,0.00,0.00,,,15.9,40,-0.981,3,5,-0.153,0.312,0,-3
84.84,FLYING,APPROACH,0,,,,,100,0,6,0,-1,55,AVOID_LEFT,,3.02,3.65,7.00,0.43,2.14,0.34,1.00,,,17.3,35,-5.485,1,0,-0.119,0.237,0,-1
84.89,FLYING,SCARED,0,,,,,100,0,-60,0,-1,55,ESCAPE,LEFT,2.73,2.83,8.81,0.77,4.36,0.00,1.00,,,19.2,30,-2.486,1,0,-0.177,0.153,0,-1
84.95,FLYING,SCARED,0,,,,,100,0,-60,0,0,55,ESCAPE,,2.50,3.30,6.60,0.93,3.05,0.00,1.00,,yes,18.1,32,2.134,0,2,-0.013,0.124,0,0
85.00,FLYING,SCARED,0,,,,,100,0,-60,0,0,55,ESCAPE,,2.47,3.47,4.64,1.00,2.14,0.27,0.85,,yes,18.1,32,1.075,0,5,0.304,0.251,0,0
85.06,FLYING,SCARED,0,,,,,100,0,-60,0,0,55,ESCAPE,,4.80,3.56,3.66,1.00,1.50,1.00,0.68,,yes,18.0,33,1.139,1,5,0.343,0.385,0,0
85.11,FLYING,SCARED,0,,,,,100,0,-60,0,0,55,ESCAPE,,5.97,2.75,3.18,1.00,5.24,0.00,0.00,,yes,18.2,32,1.660,0,6,0.472,0.388,0,0
85.17,FLYING,SCARED,0,,,,,100,0,-60,0,2,55,ESCAPE,,4.31,2.04,3.05,0.59,3.67,0.00,0.00,,yes,18.3,32,0.211,4,6,0.197,0.509,0,2
85.22,FLYING,SCARED,0,,,,,100,0,-60,0,4,55,ESCAPE,,3.47,1.68,3.46,0.33,3.49,0.00,0.00,,yes,18.5,32,1.286,0,4,0.270,0.492,0,4
85.27,FLYING,SCARED,0,,,,,100,0,-60,0,4,55,ESCAPE,,2.86,1.02,3.19,0.19,2.44,0.00,0.00,,yes,18.4,32,0.801,4,6,0.243,0.568,0,4
85.33,FLYING,SCARED,0,,,,,100,0,-60,0,2,55,ESCAPE,,2.87,0.69,2.60,0.11,6.98,0.00,0.00,,yes,18.5,32,-0.836,2,4,0.127,0.548,0,2
85.38,FLYING,SCARED,0,,,,,100,0,-60,0,0,55,ESCAPE,,2.88,0.36,2.31,0.06,4.89,0.00,0.00,,yes,18.3,32,-0.860,2,4,-0.005,0.537,0,0
85.44,FLYING,SCARED,0,,,,,100,0,-60,0,1,55,ESCAPE,,3.93,1.10,2.42,0.03,3.42,0.00,0.00,,yes,18.7,32,-0.208,1,5,0.073,0.546,0,1
85.49,FLYING,SCARED,0,,,,,100,0,-60,0,0,55,ESCAPE,,4.45,0.57,2.48,0.27,2.39,0.63,0.00,,yes,18.1,33,-0.916,2,3,-0.024,0.517,0,0
85.55,FLYING,SCARED,0,,,,,100,0,-60,0,-2,55,ESCAPE,,3.22,0.75,2.50,0.35,1.68,0.37,0.01,,yes,18.5,32,-1.647,2,0,-0.141,0.343,0,-2
85.60,FLYING,WAIT,0,,,,,100,0,-39,0,-2,55,ESCAPE,,2.60,0.84,2.64,0.20,6.98,0.00,0.00,,yes,18.6,31,-0.281,6,7,-0.150,0.498,0,-2
85.65,FLYING,WAIT,0,,,,,100,0,-25,0,-2,55,ESCAPE,,2.68,1.41,2.70,0.11,4.89,0.00,0.00,,yes,18.5,32,0.156,5,7,-0.123,0.681,0,-2
85.71,FLYING,WAIT,0,,,,,100,0,-16,0,-3,55,ESCAPE,,2.72,2.28,2.74,0.06,3.49,0.00,0.00,,yes,18.4,32,-0.927,2,2,-0.171,0.531,0,-3
85.76,FLYING,WAIT,0,,,,,100,0,-10,0,-2,55,ESCAPE,,3.12,2.13,4.71,0.44,2.44,0.00,0.73,,yes,18.4,32,-2.561,0,0,-0.169,0.313,0,-2
85.82,FLYING,WAIT,0,,,,,100,0,-6,0,-1,55,ESCAPE,,2.89,2.49,5.70,0.77,1.75,0.17,1.00,,yes,18.1,33,0.017,6,7,-0.188,0.524,0,-1
85.87,FLYING,WAIT,0,,,,,100,0,-4,0,0,55,ESCAPE,,2.12,1.71,4.84,0.95,1.22,0.05,1.00,,yes,18.1,32,-0.946,0,2,-0.160,0.390,0,0
85.93,FLYING,WAIT,0,,,,,100,0,-2,0,-1,55,ESCAPE,,1.74,2.27,3.91,0.71,6.98,0.00,0.00,,yes,18.2,32,-0.147,6,7,-0.129,0.554,0,-1
85.98,FLYING,WAIT,0,,,,,100,0,-1,0,-2,55,ESCAPE,,2.32,3.49,3.44,0.40,4.89,0.00,0.00,,yes,18.3,32,-1.669,1,0,-0.175,0.373,0,-2
86.04,FLYING,WAIT,0,,,,,100,0,-1,0,-3,55,ESCAPE,,2.60,4.68,3.92,0.23,4.80,0.00,0.00,,yes,18.7,32,-1.106,2,1,-0.219,0.296,0,-3
86.09,FLYING,WAIT,0,,,,,100,0,0,0,-4,55,ESCAPE,,1.57,5.27,4.16,0.36,3.36,0.55,0.55,,yes,18.2,32,-3.563,2,0,-0.348,0.233,0,-4
86.15,FLYING,WAIT,0,,,,,100,0,0,0,0,55,ESCAPE,,1.06,5.56,3.60,1.00,2.35,1.00,1.00,,yes,17.7,33,-3.753,1,0,-0.387,0.179,0,0
86.20,FLYING,WAIT,0,,,,,100,0,0,0,0,55,ESCAPE,,1.01,4.46,3.29,1.00,4.80,0.00,0.00,,yes,18.2,32,-2.821,2,0,-0.364,0.153,0,0
86.26,FLYING,WAIT,0,,,,,100,0,0,0,0,55,ESCAPE,,3.23,3.91,2.80,0.61,3.36,0.00,0.00,,yes,15.9,40,1.503,0,4,-0.026,0.177,0,0
86.32,FLYING,WAIT,0,,,,,100,0,0,0,-2,55,ESCAPE,,4.34,3.88,2.55,0.34,7.85,0.00,0.00,,yes,19.7,29,-1.568,2,0,-0.180,0.166,0,-2
86.37,FLYING,WAIT,0,,,,,100,0,0,0,-3,55,ESCAPE,,4.90,5.65,2.97,0.19,5.50,0.00,0.00,,yes,18.5,31,-0.774,4,4,-0.191,0.289,0,-3
86.42,FLYING,WAIT,0,,,,,100,0,0,0,-1,55,ESCAPE,,4.46,6.54,3.85,0.75,3.85,0.94,0.94,,,18.0,33,-0.471,3,5,-0.117,0.430,0,-1
86.48,FLYING,WAIT,0,,,,,100,0,0,0,0,55,ESCAPE,,4.23,4.53,4.31,0.94,2.69,0.52,0.52,,,18.0,33,-0.389,6,8,-0.084,0.695,0,0
86.54,FLYING,WAIT,0,,,,,100,0,0,0,0,55,CRUISE,,4.09,3.04,4.54,1.00,1.89,0.70,0.93,,,18.0,33,-0.387,6,8,-0.012,0.830,0,0
86.59,FLYING,WAIT,0,,,,,100,0,0,0,0,55,AVOID_LEFT,,3.11,1.70,3.80,1.00,1.32,0.50,0.84,,,17.9,33,0.306,5,7,0.018,0.882,0,0
86.65,FLYING,WAIT,0,,,,,100,0,0,0,0,55,AVOID_LEFT,,2.62,1.03,3.20,1.00,3.05,0.00,0.00,,,18.2,32,0.794,3,6,0.064,0.811,0,0
86.70,FLYING,WAIT,0,,,,,100,0,0,0,1,55,AVOID_LEFT,,2.37,1.03,2.90,0.69,2.14,0.00,0.00,,,18.4,32,1.066,2,6,0.191,0.781,0,1
86.76,FLYING,WAIT,0,,,,,100,0,0,0,3,55,AVOID_LEFT,,2.49,1.10,2.75,0.39,3.49,0.00,0.00,,,18.2,32,1.836,1,5,0.267,0.654,0,3
86.81,FLYING,WAIT,0,,,,,100,0,0,0,3,55,OPTOMOTOR,,2.55,1.14,3.10,0.22,2.62,0.00,0.00,,,18.3,32,0.640,5,5,0.191,0.673,0,3
86.87,FLYING,WAIT,0,,,,,100,0,0,0,4,55,OPTOMOTOR,,2.58,1.14,2.75,0.12,1.83,0.00,0.06,,,18.1,32,0.610,6,8,0.237,0.846,0,4
86.92,FLYING,WAIT,0,,,,,100,0,0,0,5,55,OPTOMOTOR,,2.10,1.13,2.58,0.07,2.62,0.00,0.00,,,18.7,32,0.863,5,7,0.250,0.848,0,5
86.97,FLYING,WAIT,0,,,,,100,0,0,0,2,55,CRUISE,,1.87,1.66,2.49,0.04,3.05,0.00,0.00,,,18.3,32,0.352,6,7,0.112,0.883,0,2
87.03,FLYING,WAIT,0,,,,,100,0,0,0,1,55,CRUISE,,1.74,1.93,3.59,0.17,2.14,0.00,0.33,,,18.5,32,0.004,5,6,0.031,0.892,0,1
87.08,FLYING,WAIT,0,,,,,100,0,0,0,-2,55,AVOID_LEFT,,1.79,1.68,4.14,0.27,4.36,0.00,0.00,,,18.2,32,-1.711,1,0,-0.155,0.564,0,-2
87.14,FLYING,WAIT,0,,,,,100,0,0,0,-3,55,AVOID_LEFT,,1.71,1.35,4.22,0.15,3.05,0.00,0.18,,,18.5,31,-1.366,1,0,-0.204,0.365,0,-3
87.19,FLYING,WAIT,0,,,,,100,0,0,0,-5,55,AVOID_LEFT,,1.66,0.86,3.39,0.09,3.49,0.00,0.00,,,18.3,32,-2.257,2,0,-0.283,0.272,0,-5
87.25,FLYING,WAIT,0,,,,,100,0,0,0,-7,55,OPTOMOTOR,,1.49,0.62,2.97,0.05,2.44,0.00,0.00,,,18.1,33,-1.756,1,0,-0.379,0.201,0,-7
87.30,FLYING,WAIT,0,,,,,100,0,0,0,-7,55,OPTOMOTOR,,1.04,0.45,2.99,0.17,1.71,0.00,0.24,,,18.0,33,-1.172,2,0,-0.406,0.180,0,-7
87.36,FLYING,WAIT,0,,,,,100,0,0,0,-4,55,AVOID_LEFT,,0.75,0.26,3.47,0.50,1.20,0.00,0.74,,,17.5,34,-1.807,2,0,-0.408,0.168,0,-4
87.42,FLYING,WAIT,0,,,,,100,0,0,0,-4,55,AVOID_LEFT,,0.60,0.17,3.71,0.38,7.42,0.00,0.00,,,17.7,33,-0.868,2,3,-0.293,0.233,0,-4
87.47,FLYING,WAIT,0,,,,,100,0,0,0,-5,55,AVOID_LEFT,,2.08,2.23,2.27,0.21,12.22,0.00,0.00,,,18.2,32,-1.407,2,0,-0.316,0.226,0,-5
87.53,FLYING,WAIT,0,,,,,100,0,0,0,-2,55,AVOID_LEFT,,7.70,4.75,1.33,0.12,8.55,0.00,0.00,,,18.2,32,0.590,2,5,-0.135,0.290,0,-2
87.58,FLYING,WAIT,0,,,,,100,0,0,0,2,55,AVOID_RIGHT,,10.51,6.75,0.86,0.46,5.99,1.00,0.00,,,17.9,33,1.764,0,6,0.164,0.363,0,2
87.64,FLYING,WAIT,0,,,,,100,0,0,0,0,55,AVOID_RIGHT,RIGHT,5.66,7.75,0.62,1.00,4.19,1.00,1.00,,,17.7,34,-0.636,6,7,0.046,0.581,0,0
87.70,FLYING,WAIT,0,,,,,100,0,0,0,0,55,AVOID_RIGHT,RIGHT,3.02,5.00,1.39,1.00,2.93,0.64,0.64,,,17.4,34,0.565,1,5,0.023,0.570,0,0
87.76,FLYING,WAIT,0,,,,,100,0,0,0,0,55,CRUISE,RIGHT,1.51,3.63,2.34,1.00,2.05,0.39,0.39,,,16.4,38,0.988,4,5,0.073,0.607,0,0
87.81,FLYING,WAIT,0,,,,,100,0,0,0,0,55,AVOID_LEFT,RIGHT,0.76,2.95,2.86,0.91,6.98,0.00,0.00,,,18.5,32,0.309,6,7,0.070,0.790,0,0
87.87,FLYING,WAIT,0,,,,,100,0,0,0,1,55,AVOID_LEFT,RIGHT,2.43,1.80,4.66,0.51,4.89,0.00,0.00,,,17.6,34,-0.131,6,7,0.074,0.893,0,1
87.92,FLYING,WAIT,0,,,,,100,0,0,0,-1,55,AVOID_LEFT,RIGHT,3.27,1.23,5.56,0.48,3.42,0.00,0.67,,,17.8,33,-0.754,5,5,-0.062,0.822,0,-1
87.98,FLYING,WAIT,0,,,,,100,0,0,0,0,55,AVOID_LEFT,RIGHT,2.51,1.56,3.16,0.36,2.39,0.00,0.00,,,18.0,33,0.212,5,6,-0.023,0.873,0,0
88.03,FLYING,WAIT,0,,,,,100,0,0,0,3,55,AVOID_LEFT,,1.53,1.73,1.96,0.20,3.49,0.00,0.00,,,18.1,33,0.792,5,8,0.175,0.925,0,3
88.09,FLYING,WAIT,0,,,,,100,0,0,0,2,55,AVOID_LEFT,,1.64,1.15,0.98,0.11,2.44,0.00,0.00,,,19.8,29,0.568,6,7,0.132,0.940,0,2
88.14,FLYING,WAIT,0,,,,,100,0,0,0,1,55,AVOID_LEFT,,1.14,0.67,1.10,0.06,1.71,0.00,0.00,,,17.9,33,0.222,6,7,0.076,0.977,0,1
88.20,FLYING,WAIT,0,,,,,100,0,0,0,2,55,CRUISE,,1.90,0.43,1.16,0.04,1.75,0.00,0.00,,,18.0,33,-0.046,6,8,0.109,0.989,0,2
88.25,FLYING,WAIT,0,,,,,100,0,0,0,-2,55,CRUISE,,1.70,0.36,1.53,0.02,1.22,0.00,0.00,,,18.1,32,-1.773,2,0,-0.126,0.666,0,-2
88.31,FLYING,WAIT,0,,,,,100,0,0,0,-4,55,CRUISE,,1.61,0.33,2.67,0.01,6.11,0.00,0.00,,,18.1,32,-0.868,4,4,-0.178,0.570,0,-4
88.36,FLYING,WAIT,0,,,,,100,0,0,0,-4,55,OPTOMOTOR,,1.56,0.32,3.25,0.01,4.28,0.00,0.00,,,18.2,33,-2.028,1,0,-0.220,0.397,0,-4
88.42,FLYING,WAIT,0,,,,,100,0,0,0,-5,55,OPTOMOTOR,,1.01,0.53,3.52,0.00,2.99,0.00,0.00,,,18.4,32,-2.370,0,0,-0.228,0.252,0,-5
88.47,FLYING,WAIT,0,,,,,100,0,0,0,-6,55,OPTOMOTOR,,0.58,0.64,3.42,0.00,2.10,0.00,0.26,,,17.7,33,-4.360,1,0,-0.295,0.175,0,-6
88.53,FLYING,WAIT,0,,,,,100,0,0,0,-6,55,OPTOMOTOR,,0.34,1.05,3.36,0.00,3.93,0.00,0.00,,,18.4,32,-3.826,1,0,-0.282,0.132,0,-6
88.58,FLYING,WAIT,0,,,,,100,0,0,0,-6,55,OPTOMOTOR,,0.19,2.06,3.41,0.00,2.75,0.00,0.00,,,17.9,33,-1.584,1,0,-0.292,0.122,0,-6
88.64,FLYING,APPROACH,0,,,,,100,0,4,0,-4,55,OPTOMOTOR,,0.11,2.68,3.44,0.15,1.92,0.00,0.36,,,18.3,32,0.048,5,5,-0.217,0.288,0,-4
88.70,FLYING,SCARED,0,,,,,100,0,-60,0,0,55,AVOID_LEFT,RIGHT,0.25,3.68,2.57,0.87,1.35,0.75,0.75,,,17.3,35,-0.412,4,6,-0.163,0.539,0,0
88.75,FLYING,SCARED,0,,,,,100,0,-60,0,-1,55,ESCAPE,,0.82,4.18,2.13,0.80,4.80,0.00,0.00,,yes,17.5,34,-0.895,3,5,-0.129,0.570,0,-1
88.81,FLYING,SCARED,0,,,,,100,0,-60,0,-1,55,ESCAPE,,2.77,4.65,5.24,0.45,3.93,0.00,0.25,,yes,17.9,33,0.689,4,6,-0.105,0.683,0,-1
88.87,FLYING,SCARED,0,,,,,100,0,-60,0,0,55,ESCAPE,,2.08,4.89,6.79,0.82,2.75,0.67,1.00,,yes,17.8,34,0.543,5,7,-0.011,0.799,0,0
88.92,FLYING,SCARED,0,,,,,100,0,-60,0,0,55,ESCAPE,,3.40,5.01,4.98,0.91,6.54,0.00,0.00,,yes,17.9,33,-0.015,5,7,0.056,0.879,0,0
88.98,FLYING,SCARED,0,,,,,100,0,-60,0,-1,55,ESCAPE,,4.64,3.10,4.08,0.51,4.58,0.00,0.00,,yes,18.3,32,-1.083,2,1,-0.078,0.666,0,-1
89.03,FLYING,SCARED,0,,,,,100,0,-60,0,-2,55,ESCAPE,,5.26,1.93,3.63,0.48,3.21,0.62,0.00,,yes,18.1,32,-1.248,3,1,-0.207,0.480,0,-2
89.09,FLYING,SCARED,0,,,,,100,0,-60,0,-2,55,ESCAPE,,3.94,1.57,3.49,0.53,2.24,0.45,0.22,,yes,18.2,32,0.625,6,6,-0.249,0.656,0,-2
89.14,FLYING,SCARED,0,,,,,100,0,-60,0,0,55,ESCAPE,,3.28,2.13,3.42,0.40,3.93,0.00,0.00,,yes,18.2,32,1.612,0,5,0.030,0.579,0,0
89.20,FLYING,SCARED,0,,,,,100,0,-60,0,1,55,ESCAPE,,2.95,2.42,3.39,0.22,2.75,0.00,0.00,,yes,18.2,32,-0.253,2,3,0.048,0.493,0,1
89.25,FLYING,SCARED,1,rotten,0.24,0.98,21.2,100,0,-60,0,0,55,ESCAPE,,2.43,2.76,2.62,0.13,2.62,0.00,0.00,,yes,19.5,29,0.218,5,7,0.023,0.692,0,0
89.30,FLYING,SCARED,0,,,,,100,0,-60,0,0,55,ESCAPE,,2.17,2.93,2.22,0.07,1.83,0.15,0.15,,yes,18.2,32,-0.384,6,6,-0.020,0.790,0,0
89.36,FLYING,SCARED,0,,,,,100,0,-60,0,-2,55,ESCAPE,,2.04,3.01,2.02,0.40,1.31,0.45,0.45,,yes,16.0,40,-0.701,6,5,-0.158,0.826,0,-2
89.42,FLYING,WAIT,0,,,,,100,0,-39,0,1,55,ESCAPE,,1.47,3.28,2.47,0.60,1.75,0.37,0.37,,yes,19.2,30,0.341,6,8,0.067,0.889,0,1
89.47,FLYING,WAIT,0,,,,,100,0,-25,0,0,55,ESCAPE,,0.99,3.42,2.95,1.00,1.22,0.70,0.70,,yes,18.0,33,-0.578,5,6,-0.001,0.868,0,0
89.53,FLYING,WAIT,0,,,,,100,0,-16,0,0,55,ESCAPE,,0.95,3.48,3.19,0.95,3.49,0.00,0.00,,yes,18.8,31,-1.954,1,0,-0.161,0.550,0,0
89.58,FLYING,WAIT,0,,,,,100,0,-10,0,-2,55,ESCAPE,,0.99,2.10,3.31,0.53,2.44,0.00,0.03,,yes,18.2,32,-2.085,1,0,-0.206,0.357,0,-2
89.63,FLYING,WAIT,0,,,,,100,0,-6,0,-4,55,ESCAPE,,1.10,1.26,2.72,0.30,3.49,0.00,0.00,,yes,18.4,32,-3.320,2,0,-0.272,0.253,0,-4
89.69,FLYING,WAIT,0,,,,,100,0,-4,0,-7,55,ESCAPE,,1.09,0.84,3.30,0.17,2.44,0.00,0.03,,yes,18.3,32,-4.303,2,0,-0.398,0.209,0,-7
89.74,FLYING,WAIT,0,,,,,100,0,-2,0,-5,55,ESCAPE,,1.09,0.78,2.72,0.10,3.49,0.00,0.00,,yes,18.5,32,-0.639,4,3,-0.303,0.309,0,-5
89.80,FLYING,WAIT,0,,,,,100,0,-1,0,-4,55,ESCAPE,,0.95,1.50,2.59,0.05,2.44,0.00,0.00,,yes,18.3,32,-2.374,1,0,-0.219,0.279,0,-4
89.85,FLYING,WAIT,0,,,,,100,0,-1,0,-6,55,ESCAPE,,0.76,1.17,2.14,0.03,1.71,0.00,0.00,,yes,18.5,31,-1.128,2,1,-0.297,0.243,0,-6
89.91,FLYING,WAIT,0,,,,,100,0,0,0,-7,55,ESCAPE,,0.38,1.00,1.92,0.02,1.20,0.00,0.00,,yes,18.4,32,-3.829,1,0,-0.377,0.184,0,-7
89.96,FLYING,WAIT,0,,,,,100,0,0,0,-8,55,ESCAPE,,0.20,0.92,1.75,0.01,3.05,0.00,0.00,,yes,18.4,32,-2.435,2,0,-0.398,0.170,0,-8
90.02,FLYING,WAIT,0,,,,,100,0,0,0,-4,55,ESCAPE,,0.59,1.84,1.67,0.01,2.14,0.00,0.00,,yes,18.4,32,2.382,0,2,-0.200,0.163,0,-4
90.07,FLYING,WAIT,0,,,,,100,0,0,0,0,55,ESCAPE,,0.78,2.29,2.43,0.00,2.18,0.00,0.00,,yes,18.6,32,0.015,3,6,-0.010,0.363,0,0
90.12,FLYING,WAIT,0,,,,,100,0,0,0,0,55,ESCAPE,,0.85,2.08,2.80,0.00,3.93,0.00,0.00,,yes,18.5,31,1.000,3,7,0.008,0.524,0,0
90.18,FLYING,WAIT,0,,,,,100,0,0,0,2,55,ESCAPE,,0.47,1.39,2.38,0.00,2.75,0.00,0.00,,yes,18.7,32,1.035,2,6,0.123,0.576,0,2
90.23,FLYING,WAIT,0,,,,,100,0,0,0,3,55,ESCAPE,,0.29,1.04,2.17,0.00,3.93,0.00,0.00,,,18.4,32,-0.073,5,8,0.147,0.758,0,3
90.29,FLYING,WAIT,0,,,,,100,0,0,0,2,55,ESCAPE,,0.73,0.84,2.25,0.00,2.75,0.00,0.00,,,18.5,31,0.167,6,7,0.079,0.861,0,2
90.34,FLYING,WAIT,0,,,,,100,0,0,0,2,55,ESCAPE,,0.96,0.74,2.66,0.00,3.49,0.00,0.00,,,18.5,31,0.312,6,8,0.117,0.894,0,2
90.39,FLYING,WAIT,0,,,,,100,0,0,0,3,55,CRUISE,,3.38,0.77,2.57,0.00,2.44,0.07,0.00,,,18.2,32,-0.150,5,8,0.129,0.923,0,3
90.45,FLYING,WAIT,0,,,,,100,0,0,0,1,55,AVOID_RIGHT,,4.59,0.79,2.52,0.26,2.62,0.59,0.00,,,18.2,32,0.081,6,8,0.064,0.929,0,1
90.51,FLYING,WAIT,0,,,,,100,0,0,0,0,55,AVOID_RIGHT,,4.98,0.70,2.50,0.52,1.83,1.00,0.00,,,17.8,33,0.391,6,8,0.049,0.976,0,0
90.56,FLYING,WAIT,1,,,,,100,0,0,0,-1,55,AVOID_RIGHT,RIGHT,4.69,0.65,3.16,0.69,2.62,0.64,0.00,,,19.1,30,-0.804,6,5,-0.119,0.931,0,-1
90.61,FLYING,WAIT,0,,,,,100,0,0,0,0,55,AVOID_RIGHT,RIGHT,3.66,1.53,3.49,0.67,1.83,0.51,0.43,,,18.2,32,-0.809,2,5,-0.057,0.714,0,0
90.67,FLYING,WAIT,0,,,,,100,0,0,0,0,55,AVOID_RIGHT,RIGHT,3.08,1.98,3.44,1.00,1.28,0.50,0.68,,,18.0,33,-0.540,5,7,-0.100,0.788,0,0
90.72,FLYING,WAIT,0,,,,,100,0,0,0,0,55,AVOID_RIGHT,RIGHT,2.79,1.47,3.42,1.00,0.90,0.54,0.86,,,17.9,33,-0.482,6,8,-0.065,0.854,0,0
90.78,FLYING,WAIT,0,,,,,100,0,0,0,0,55,AVOID_LEFT,RIGHT,2.64,1.11,3.58,1.00,1.31,0.27,0.73,,,18.0,33,-0.453,5,8,0.071,0.900,0,0
90.84,FLYING,WAIT,0,,,,,100,0,0,0,0,55,AVOID_LEFT,RIGHT,2.06,0.56,3.66,1.00,0.92,0.17,0.97,,,17.0,36,-1.087,1,1,-0.113,0.645,0,0
90.90,FLYING,WAIT,0,,,,,100,0,0,0,-1,55,AVOID_LEFT,RIGHT,1.69,0.29,3.69,0.76,5.24,0.00,0.00,,,17.7,33,-1.189,2,2,-0.147,0.496,0,-1
90.95,FLYING,WAIT,0,,,,,100,0,0,0,-2,55,AVOID_LEFT,RIGHT,1.35,1.12,4.87,0.43,3.67,0.00,0.20,,,19.5,29,-2.600,2,0,-0.186,0.317,0,-2
91.00,FLYING,WAIT,0,,,,,100,0,0,0,-1,55,AVOID_LEFT,RIGHT,0.87,1.61,5.54,0.70,2.57,0.00,1.00,,,17.9,33,-0.586,5,5,-0.206,0.412,0,-1
91.06,FLYING,WAIT,0,,,,,100,0,0,0,0,55,AVOID_LEFT,RIGHT,0.60,2.66,5.79,0.95,1.80,0.03,1.00,,,17.4,34,-0.727,2,3,-0.208,0.442,0,0
91.12,FLYING,WAIT,0,,,,,100,0,0,0,0,55,AVOID_LEFT,RIGHT,0.35,3.72,4.99,0.86,3.49,0.00,0.35,,,17.8,33,-0.815,3,5,-0.164,0.544,0,0
91.17,FLYING,WAIT,0,,,,,100,0,0,0,0,55,AVOID_LEFT,RIGHT,0.33,4.28,4.59,1.00,2.44,0.52,0.67,,,17.7,33,0.108,6,7,-0.141,0.712,0,0
91.23,FLYING,WAIT,0,,,,,100,0,0,0,0,55,AVOID_LEFT,RIGHT,2.25,5.89,4.20,0.84,4.80,0.15,0.15,,,17.6,34,0.556,5,8,-0.079,0.820,0,0
91.29,FLYING,WAIT,0,,,,,100,0,0,0,0,55,AVOID_LEFT,RIGHT,3.37,5.37,5.16,0.87,3.36,0.60,0.60,,,17.8,34,1.291,1,7,0.157,0.729,0,0
91.34,FLYING,WAIT,0,,,,,100,0,0,0,0,55,AVOID_LEFT,RIGHT,3.77,3.86,4.16,0.90,2.35,0.36,0.50,,,17.6,35,1.261,0,7,0.225,0.586,0,0
91.40,FLYING,WAIT,0,,,,,100,0,0,0,0,55,AVOID_LEFT,RIGHT,2.99,2.45,2.95,0.82,1.65,0.27,0.25,,,18.2,32,-0.394,5,7,0.135,0.731,0,0
91.45,FLYING,WAIT,0,,,,,100,0,0,0,1,55,AVOID_RIGHT,RIGHT,2.58,1.75,2.35,0.58,1.31,0.23,0.12,,,17.8,33,-0.415,6,7,0.114,0.859,0,1
91.51,FLYING,WAIT,0,,,,,100,0,0,0,1,55,AVOID_LEFT,RIGHT,1.67,1.36,3.17,0.65,0.92,0.00,0.73,,,17.4,34,-0.308,6,8,0.119,0.908,0,1
91.57,FLYING,WAIT,0,,,,,100,0,0,0,0,55,AVOID_LEFT,RIGHT,1.22,1.56,3.59,0.89,0.64,0.06,1.00,,,17.6,35,-0.042,5,5,-0.061,0.873,0,0
91.62,FLYING,WAIT,0,,,,,100,0,0,0,0,55,AVOID_LEFT,RIGHT,2.28,1.65,2.54,0.67,1.75,0.00,0.00,,,17.8,33,0.453,6,8,0.034,0.959,0,0
91.68,FLYING,WAIT,0,,,,,100,0,0,0,2,55,AVOID_LEFT,RIGHT,2.81,1.70,2.02,0.43,1.22,0.39,0.00,,,17.7,33,0.344,5,8,0.137,0.945,0,2
91.74,FLYING,WAIT,0,,,,,100,0,0,0,0,55,CRUISE,RIGHT,2.59,1.81,2.01,0.32,2.18,0.00,0.00,,,17.9,33,-0.939,3,4,-0.022,0.823,0,0
91.79,FLYING,WAIT,0,,,,,100,0,0,0,0,55,CRUISE,,2.48,2.06,2.78,0.28,1.53,0.08,0.23,,,17.6,34,-0.085,4,7,-0.005,0.816,0,0
91.85,FLYING,WAIT,0,,,,,100,0,0,0,-1,55,AVOID_LEFT,,2.43,2.55,4.99,0.42,3.05,0.00,0.57,,,18.2,32,-0.359,1,3,-0.051,0.650,0,-1
91.90,FLYING,WAIT,0,,,,,100,0,0,0,-1,55,AVOID_LEFT,LEFT,1.96,2.79,6.10,0.61,2.14,0.00,1.00,,,17.7,33,-1.001,3,4,-0.093,0.585,0,-1
91.96,FLYING,WAIT,0,,,,,100,0,0,0,0,55,AVOID_LEFT,LEFT,1.41,1.41,6.57,0.86,1.50,0.00,1.00,,,17.4,34,-1.182,2,1,-0.166,0.429,0,0
92.02,FLYING,WAIT,0,,,,,100,0,0,0,0,55,AVOID_LEFT,LEFT,0.77,0.71,5.41,0.89,1.31,0.00,1.00,,,17.6,34,-0.023,5,5,-0.198,0.504,0,0
92.07,FLYING,WAIT,0,,,,,100,0,0,0,0,55,AVOID_LEFT,LEFT,0.39,0.36,4.35,1.00,0.92,0.00,1.00,,,17.7,34,-0.741,3,5,-0.155,0.579,0,0
92.13,FLYING,WAIT,0,,,,,100,0,0,0,0,55,ESCAPE,LEFT,0.20,0.19,4.30,0.92,2.62,0.00,0.44,,,17.4,34,-2.300,1,0,-0.201,0.474,0,0
92.19,FLYING,WAIT,0,,,,,100,0,0,0,0,55,ESCAPE,LEFT,0.11,0.10,6.56,0.91,1.83,0.00,1.00,,,17.9,34,-1.585,2,0,-0.217,0.305,0,0
92.24,FLYING,WAIT,0,,,,,100,0,0,0,0,55,ESCAPE,LEFT,0.06,0.15,7.70,1.00,1.28,0.00,1.00,,,18.0,34,-1.199,2,1,-0.276,0.257,0,0
92.31,FLYING,WAIT,0,,,,,100,0,0,0,0,55,ESCAPE,LEFT,0.04,0.09,6.77,1.00,0.90,0.00,1.00,,,15.0,44,-0.828,2,1,-0.291,0.245,0,0
92.37,FLYING,WAIT,0,,,,,100,0,0,0,-1,55,ESCAPE,LEFT,0.02,0.15,4.40,0.83,4.36,0.00,0.00,,,17.5,34,-0.714,5,5,-0.207,0.400,0,-1
92.42,FLYING,WAIT,0,,,,,100,0,0,0,-2,55,ESCAPE,LEFT,1.42,1.40,3.22,0.46,3.05,0.00,0.00,,,17.7,33,-1.008,4,4,-0.179,0.550,0,-2
92.48,FLYING,WAIT,0,,,,,100,0,0,0,-2,55,ESCAPE,,2.11,2.25,2.50,0.26,2.14,0.00,0.00,,,18.2,33,0.459,5,7,-0.102,0.738,0,-2
92.53,FLYING,WAIT,0,,,,,100,0,0,0,-2,55,ESCAPE,,2.46,3.15,3.59,0.15,2.62,0.00,0.08,,,18.1,32,0.702,6,6,-0.110,0.816,0,-2
92.59,FLYING,WAIT,0,,,,,100,0,0,0,1,55,ESCAPE,,2.15,3.13,2.77,0.21,1.83,0.25,0.25,,,17.8,33,0.489,6,8,0.051,0.912,0,1
92.65,FLYING,WAIT,0,,,,,100,0,0,0,0,55,ESCAPE,,2.48,2.03,3.72,0.38,1.75,0.00,0.59,,,17.9,33,-0.126,5,7,-0.027,0.900,0,0
92.70,FLYING,WAIT,0,,,,,100,0,0,0,0,55,ESCAPE,LEFT,2.64,1.35,4.51,0.88,1.22,0.31,1.00,,,17.6,34,-0.936,4,5,-0.140,0.807,0,0
92.76,FLYING,WAIT,0,,,,,100,0,0,0,0,55,ESCAPE,LEFT,2.72,1.01,4.90,0.91,2.18,0.00,0.96,,,18.0,33,-0.333,6,8,-0.090,0.864,0,0
92.81,FLYING,WAIT,0,,,,,100,0,0,0,0,55,ESCAPE,LEFT,2.30,1.45,5.09,1.00,1.53,0.00,1.00,,,17.6,34,0.393,6,8,0.023,0.925,0,0
92.87,FLYING,WAIT,0,,,,,100,0,0,0,0,55,ESCAPE,LEFT,1.85,2.16,4.89,1.00,1.07,0.15,1.00,,,17.4,34,0.440,6,7,0.096,0.912,0,0
92.93,FLYING,WAIT,0,,,,,100,0,0,0,0,55,ESCAPE,LEFT,1.87,2.52,3.60,1.00,0.75,0.49,1.00,,,17.6,34,-2.061,0,0,-0.115,0.584,0,0
92.98,FLYING,WAIT,0,,,,,100,0,0,0,0,55,ESCAPE,LEFT,1.07,2.08,2.95,1.00,1.31,0.00,0.42,,,17.8,33,-0.547,6,5,-0.196,0.582,0,0
93.04,FLYING,WAIT,0,,,,,100,0,0,0,-1,55,ESCAPE,LEFT,1.59,1.53,2.62,0.76,2.62,0.00,0.00,,,17.6,34,0.453,6,7,-0.123,0.761,0,-1
93.10,FLYING,WAIT,0,,,,,100,0,0,0,-1,55,ESCAPE,LEFT,1.68,1.26,1.68,0.43,1.83,0.00,0.00,,,18.0,33,0.066,6,6,-0.081,0.843,0,-1
93.15,FLYING,WAIT,0,,,,,100,0,0,0,-2,55,ESCAPE,,1.73,1.12,1.21,0.24,2.62,0.00,0.00,,,17.8,33,-0.151,5,6,-0.108,0.856,0,-2
93.21,FLYING,WAIT,0,,,,,100,0,0,0,-2,55,ESCAPE,,0.92,1.01,1.40,0.14,1.83,0.00,0.00,,,18.2,32,-0.333,6,8,-0.111,0.920,0,-2
93.26,FLYING,WAIT,0,,,,,100,0,0,0,-3,55,ESCAPE,,0.52,0.96,1.49,0.08,1.31,0.00,0.00,,,18.1,32,-1.501,2,0,-0.160,0.670,0,-3
93.32,FLYING,WAIT,0,,,,,100,0,0,0,-4,55,ESCAPE,,0.32,0.98,1.76,0.04,0.92,0.00,0.02,,,17.7,33,-0.772,4,4,-0.195,0.601,0,-4
93.38,FLYING,WAIT,0,,,,,100,0,0,0,-4,55,ESCAPE,,0.23,1.21,1.89,0.02,5.24,0.00,0.00,,,17.8,34,-0.659,6,7,-0.186,0.729,0,-4
93.43,FLYING,WAIT,0,,,,,100,0,0,0,-4,55,ESCAPE,,0.18,1.56,3.13,0.01,3.67,0.00,0.00,,,17.6,33,-0.539,6,5,-0.215,0.778,0,-4
93.49,FLYING,APPROACH,0,,,,,100,0,4,0,-3,55,ESCAPE,,0.55,1.74,4.40,0.27,2.57,0.00,0.52,,,17.7,34,-0.827,3,1,-0.218,0.557,0,-3
93.54,FLYING,APPROACH,0,,,,,100,0,6,0,-3,55,ESCAPE,,0.94,1.83,4.38,0.41,2.62,0.00,0.46,,,18.2,32,-1.115,2,1,-0.229,0.413,0,-3
93.60,FLYING,SCARED,0,,,,,100,0,-60,0,0,55,ESCAPE,LEFT,1.14,2.89,4.06,0.64,1.83,0.10,0.69,,,17.8,34,1.092,1,8,-0.017,0.433,0,0
93.66,FLYING,SCARED,0,,,,,100,0,-60,0,0,55,ESCAPE,,2.33,3.42,3.64,0.66,2.18,0.22,0.33,,yes,18.1,33,0.400,6,8,-0.015,0.668,0,0
93.71,FLYING,SCARED,0,,,,,100,0,-60,0,0,55,ESCAPE,,2.92,2.79,3.07,0.64,1.53,0.30,0.37,,yes,18.2,32,0.979,5,7,-0.019,0.734,0,0
93.77,FLYING,SCARED,0,,,,,100,0,-60,0,1,55,ESCAPE,,3.22,2.47,2.64,0.47,3.93,0.00,0.00,,yes,18.2,32,1.576,0,5,0.115,0.651,0,1
93.82,FLYING,SCARED,0,,,,,100,0,-60,0,2,55,AVOID_LEFT,,3.50,2.71,2.35,0.27,2.75,0.00,0.00,,yes,18.3,32,0.271,6,8,0.155,0.719,0,2
93.88,FLYING,SCARED,0,,,,,100,0,-60,0,2,55,AVOID_LEFT,,2.53,2.83,2.21,0.15,1.92,0.05,0.05,,yes,16.5,38,-0.276,6,7,0.116,0.824,0,2
93.93,FLYING,SCARED,0,,,,,100,0,-60,0,1,55,CRUISE,,3.37,1.97,3.47,0.44,1.75,0.41,0.46,,yes,19.3,30,-0.599,4,7,0.085,0.845,0,1
93.99,FLYING,SCARED,0,,,,,100,0,-60,0,0,55,CRUISE,,6.14,1.34,4.09,1.00,1.22,1.00,1.00,,yes,18.0,33,-0.245,5,8,0.099,0.895,0,0
94.04,FLYING,SCARED,0,,,,,100,0,-60,0,0,55,CRUISE,,7.52,0.67,4.97,1.00,3.05,1.00,0.56,,yes,18.1,33,0.574,4,7,0.069,0.885,0,0
94.10,FLYING,SCARED,0,,,,,100,0,-60,0,0,55,CRUISE,,5.33,0.34,4.61,1.00,2.14,1.00,0.84,,yes,17.9,33,-1.215,2,2,-0.088,0.660,0,0
94.16,FLYING,SCARED,0,,,,,100,0,-60,0,0,55,AVOID_RIGHT,,4.23,0.22,3.86,1.00,3.05,0.19,0.00,,yes,18.1,32,-1.110,3,2,-0.177,0.510,0,0
94.21,FLYING,SCARED,0,,,,,100,0,-60,0,-1,55,AVOID_RIGHT,,3.53,0.87,3.49,0.74,3.49,0.00,0.00,,yes,18.5,31,-1.644,2,0,-0.240,0.354,0,-1
94.26,FLYING,SCARED,0,,,,,100,0,-60,0,-2,55,AVOID_RIGHT,,3.75,1.19,2.85,0.42,2.44,0.25,0.00,,yes,18.2,32,0.937,4,5,-0.196,0.428,0,-2
94.32,FLYING,WAIT,0,,,,,100,0,-39,0,-1,55,CRUISE,,3.29,1.67,4.55,0.23,6.98,0.00,0.00,,yes,18.5,32,0.305,5,8,-0.051,0.632,0,-1
94.37,FLYING,WAIT,0,,,,,100,0,-25,0,0,55,CRUISE,,2.92,2.44,5.42,0.13,4.89,0.00,0.00,,yes,18.3,33,-0.182,5,6,-0.026,0.751,0,0
94.42,FLYING,WAIT,1,,,,,100,0,-16,0,2,55,CRUISE,,2.69,4.10,5.86,0.07,5.24,0.00,0.00,,yes,19.5,30,-0.046,5,8,0.099,0.871,0,2
94.48,FLYING,WAIT,0,,,,,100,0,-10,0,-2,55,CRUISE,,2.58,4.92,4.87,0.18,3.67,0.23,0.23,,yes,18.0,33,-1.288,2,1,-0.104,0.633,0,-2
94.54,FLYING,WAIT,0,,,,,100,0,-6,0,0,55,AVOID_RIGHT,,2.52,4.62,4.04,0.88,2.57,0.63,0.63,,yes,18.1,33,-0.756,3,4,-0.160,0.604,0,0
94.59,FLYING,WAIT,0,,,,,100,0,-4,0,0,55,OPTOMOTOR,,1.56,3.28,3.63,0.91,1.80,0.34,0.52,,yes,18.0,33,-1.488,0,0,-0.208,0.411,0,0
94.64,FLYING,WAIT,0,,,,,100,0,-2,0,-1,55,AVOID_LEFT,,0.90,2.52,4.09,0.68,3.93,0.00,0.00,,yes,18.6,32,-0.424,4,4,-0.216,0.456,0,-1
94.70,FLYING,WAIT,0,,,,,100,0,-1,0,0,55,AVOID_LEFT,,0.57,2.14,5.46,0.70,2.75,0.00,0.96,,yes,18.1,32,1.359,0,6,-0.012,0.500,0,0
94.75,FLYING,WAIT,0,,,,,100,0,-1,0,0,55,AVOID_LEFT,,0.50,1.95,5.01,0.67,3.93,0.00,0.14,,yes,18.2,32,-0.681,3,5,-0.024,0.505,0,0
94.81,FLYING,WAIT,0,,,,,100,0,0,0,0,55,AVOID_LEFT,,0.72,2.39,5.92,0.80,2.75,0.00,1.00,,yes,17.9,32,-0.439,5,6,-0.087,0.652,0,0
94.87,FLYING,WAIT,0,,,,,100,0,0,0,0,55,AVOID_LEFT,,0.83,4.63,4.61,0.60,4.36,0.00,0.00,,yes,18.1,32,0.639,3,6,-0.032,0.696,0,0
94.92,FLYING,WAIT,0,,,,,100,0,0,0,0,55,AVOID_LEFT,,0.89,4.52,3.73,0.55,3.05,0.33,0.33,,yes,18.1,33,0.151,1,5,-0.007,0.563,0,0
94.98,FLYING,WAIT,0,,,,,100,0,0,0,1,55,AVOID_LEFT,,0.98,4.47,3.29,0.72,3.05,0.31,0.31,,yes,18.2,32,1.301,1,7,0.124,0.541,0,1
95.03,FLYING,WAIT,0,,,,,100,0,0,0,1,55,AVOID_LEFT,,1.44,2.59,3.27,0.54,3.05,0.00,0.00,,yes,18.4,31,0.702,6,6,0.067,0.648,0,1
95.09,FLYING,WAIT,0,,,,,100,0,0,0,1,55,AVOID_LEFT,,1.67,1.66,3.53,0.30,2.14,0.00,0.30,,yes,17.5,34,-0.328,5,6,0.081,0.760,0,1
95.14,FLYING,WAIT,0,,,,,100,0,0,0,0,55,AVOID_LEFT,,1.49,1.13,3.72,0.50,1.50,0.00,0.71,,,18.2,32,-0.634,5,5,0.008,0.747,0,0
95.20,FLYING,WAIT,0,,,,,100,0,0,0,-1,55,AVOID_LEFT,,1.40,0.80,3.81,0.80,1.05,0.00,0.98,,,18.0,33,-1.470,2,1,-0.142,0.549,0,-1
95.25,FLYING,WAIT,0,,,,,100,0,0,0,0,55,AVOID_LEFT,,1.83,0.64,3.71,0.86,1.31,0.00,0.80,,,18.1,32,-0.165,6,8,-0.117,0.719,0,0
95.32,FLYING,WAIT,0,,,,,100,0,0,0,0,55,AVOID_LEFT,,2.99,0.63,3.65,1.00,0.92,0.64,0.97,,,15.0,44,-0.031,6,8,-0.053,0.858,0,0
95.38,FLYING,WAIT,0,,,,,100,0,0,0,0,55,AVOID_LEFT,,3.57,1.03,3.21,0.99,2.18,0.30,0.11,,,18.1,32,-0.773,5,6,-0.118,0.807,0,0
95.43,FLYING,WAIT,0,,,,,100,0,0,0,0,55,AVOID_LEFT,,3.87,1.45,2.98,0.67,3.05,0.01,0.00,,,18.3,32,0.368,6,7,-0.050,0.802,0,0
95.49,FLYING,WAIT,0,,,,,100,0,0,0,1,55,CRUISE,,4.89,1.44,2.87,0.69,2.14,0.98,0.00,,,18.0,33,0.327,1,5,0.088,0.752,0,1
95.54,FLYING,WAIT,0,,,,,100,0,0,0,0,55,ESCAPE,,5.40,2.40,1.98,0.80,1.75,1.00,0.00,,,18.5,32,0.266,5,5,-0.036,0.771,0,0
95.59,FLYING,WAIT,0,,,,,100,0,0,0,0,55,ESCAPE,,3.89,1.70,2.27,0.86,1.22,0.93,0.12,,,18.1,33,-0.216,6,8,-0.029,0.844,0,0
95.65,FLYING,WAIT,0,,,,,100,0,0,0,-1,55,ESCAPE,,2.62,2.46,2.42,0.64,2.62,0.00,0.00,,,18.6,32,-1.354,1,0,-0.187,0.580,0,-1
95.70,FLYING,WAIT,0,,,,,100,0,0,0,0,55,ESCAPE,,1.96,1.62,2.49,0.36,1.83,0.00,0.00,,,18.3,32,1.087,0,7,-0.011,0.546,0,0
95.76,FLYING,WAIT,0,,,,,100,0,0,0,-1,55,ESCAPE,,1.00,1.19,2.75,0.20,3.93,0.00,0.00,,,18.1,33,-1.885,0,0,-0.052,0.336,0,-1
95.81,FLYING,WAIT,0,,,,,100,0,0,0,-2,55,ESCAPE,,0.51,0.83,2.52,0.11,2.75,0.00,0.00,,,18.3,32,-1.683,1,0,-0.125,0.236,0,-2
95.87,FLYING,WAIT,0,,,,,100,0,0,0,-4,55,ESCAPE,,0.26,0.48,2.77,0.06,1.92,0.00,0.02,,,18.5,31,-1.133,1,1,-0.195,0.200,0,-4
95.92,FLYING,WAIT,0,,,,,100,0,0,0,-2,55,ESCAPE,,0.14,0.30,3.86,0.44,1.35,0.00,0.86,,,17.6,34,-1.232,1,1,-0.200,0.193,0,-2
95.98,FLYING,WAIT,0,,,,,100,0,0,0,-2,55,ESCAPE,,0.73,0.33,4.41,0.51,2.62,0.00,0.50,,,17.6,34,-0.714,5,5,-0.160,0.386,0,-2
96.04,FLYING,WAIT,0,,,,,100,0,0,0,0,55,ESCAPE,,1.03,0.63,2.55,0.38,1.83,0.00,0.00,,,18.2,32,1.390,1,6,0.031,0.479,0,0
96.09,FLYING,WAIT,0,,,,,100,0,0,0,1,55,ESCAPE,,1.70,0.86,1.62,0.21,3.05,0.00,0.00,,,18.2,32,-0.036,5,8,0.062,0.689,0,1
96.15,FLYING,WAIT,0,,,,,100,0,0,0,1,55,ESCAPE,,2.04,1.78,2.19,0.12,2.14,0.00,0.00,,,17.9,33,0.565,6,7,0.062,0.808,0,1
96.20,FLYING,WAIT,0,,,,,100,0,0,0,1,55,ESCAPE,,1.64,1.43,2.47,0.07,1.50,0.00,0.09,,,18.1,33,0.356,6,7,0.051,0.874,0,1
96.26,FLYING,WAIT,0,,,,,100,0,0,0,4,55,ESCAPE,,1.45,1.17,1.84,0.04,1.31,0.00,0.00,,,17.8,33,-0.125,5,8,0.209,0.940,0,4
96.31,FLYING,WAIT,0,,,,,100,0,0,0,0,55,ESCAPE,,1.47,1.04,1.03,0.02,0.92,0.00,0.00,,,18.3,32,-0.732,4,5,-0.000,0.872,0,0
96.37,FLYING,WAIT,0,,,,,100,0,0,0,2,55,ESCAPE,,1.47,0.97,1.11,0.01,2.18,0.00,0.00,,,18.2,32,0.018,5,8,0.105,0.925,0,2
96.42,FLYING,WAIT,0,,,,,100,0,0,0,-2,55,ESCAPE,,1.06,1.86,0.90,0.01,1.53,0.00,0.00,,,17.8,33,-1.331,2,1,-0.100,0.678,0,-2
96.48,FLYING,WAIT,0,,,,,100,0,0,0,-3,55,ESCAPE,,0.86,2.23,2.38,0.00,3.05,0.00,0.00,,,18.1,32,-1.361,2,0,-0.160,0.434,0,-3
96.54,FLYING,WAIT,0,,,,,100,0,0,0,-2,55,ESCAPE,,1.59,2.41,4.28,0.26,2.14,0.00,0.67,,,17.2,35,-1.830,1,0,-0.158,0.263,0,-2
96.59,FLYING,WAIT,0,,,,,100,0,0,0,-3,55,ESCAPE,,2.41,2.50,5.24,0.56,2.18,0.00,1.00,,,17.7,34,-2.879,2,0,-0.314,0.215,0,-3
96.65,FLYING,WAIT,0,,,,,100,0,0,0,0,55,ESCAPE,LEFT,2.83,3.69,5.72,1.00,1.53,0.68,1.00,,,17.5,34,1.123,1,5,-0.037,0.250,0,0
96.71,FLYING,WAIT,0,,,,,100,0,0,0,0,55,ESCAPE,LEFT,3.05,4.29,5.96,1.00,3.05,0.22,1.00,,,17.5,34,0.710,5,7,-0.054,0.527,0,0
96.76,FLYING,WAIT,0,,,,,100,0,0,0,0,55,ESCAPE,LEFT,3.99,3.23,4.66,1.00,2.62,0.29,0.62,,,18.1,32,0.636,5,7,0.005,0.711,0,0
96.83,FLYING,WAIT,0,,,,,100,0,0,0,0,55,ESCAPE,LEFT,5.37,2.56,4.01,1.00,1.83,1.00,0.69,,,14.9,44,-0.134,4,8,0.096,0.787,0,0
96.89,FLYING,WAIT,0,,,,,100,0,0,0,0,55,ESCAPE,LEFT,6.06,1.44,3.69,1.00,1.75,1.00,0.57,,,17.6,34,-0.095,2,5,0.060,0.691,0,0
96.94,FLYING,WAIT,0,,,,,100,0,0,0,0,55,ESCAPE,LEFT,5.49,0.88,3.40,1.00,1.22,1.00,0.69,,,17.5,34,-0.916,6,4,-0.178,0.679,0,0
97.00,FLYING,WAIT,0,,,,,100,0,0,0,0,55,ESCAPE,LEFT,3.75,1.55,2.66,1.00,2.62,0.17,0.00,,,18.0,33,-0.963,3,3,-0.162,0.626,0,0
97.06,FLYING,WAIT,0,,,,,100,0,0,0,-1,55,ESCAPE,LEFT,2.67,1.89,2.88,0.74,1.83,0.02,0.13,,,18.1,33,-2.087,1,0,-0.194,0.385,0,-1
97.11,FLYING,WAIT,0,,,,,100,0,0,0,-3,55,ESCAPE,LEFT,2.24,2.63,3.23,0.42,5.24,0.00,0.00,,,18.0,32,-2.604,2,0,-0.240,0.269,0,-3
97.17,FLYING,WAIT,0,,,,,100,0,0,0,-6,55,ESCAPE,,2.03,3.17,4.70,0.24,3.67,0.00,0.12,,,17.5,34,-1.040,2,0,-0.361,0.204,0,-6
97.22,FLYING,WAIT,0,,,,,100,0,0,0,0,55,OPTOMOTOR,,2.01,3.44,5.44,0.13,10.04,0.00,0.00,,,18.2,32,2.764,0,5,0.002,0.224,0,0
97.28,FLYING,WAIT,0,,,,,100,0,0,0,0,55,CRUISE,,5.21,3.77,5.81,0.07,7.02,0.00,0.00,,,18.5,32,-1.040,2,4,0.003,0.284,0,0
97.33,FLYING,WAIT,0,,,,,100,0,0,0,-1,55,AVOID_RIGHT,,6.80,3.52,4.35,0.18,4.92,0.54,0.00,,,17.6,34,0.657,5,7,-0.043,0.560,0,-1
97.39,FLYING,WAIT,0,,,,,100,0,0,0,1,55,AVOID_RIGHT,,5.45,3.45,3.62,0.47,3.44,0.60,0.00,,,17.8,34,1.151,0,5,0.077,0.539,0,1
97.45,FLYING,WAIT,0,,,,,100,0,0,0,1,55,AVOID_RIGHT,,4.44,2.31,3.25,0.53,2.41,0.61,0.02,,,17.7,34,1.780,0,1,0.104,0.365,0,1
97.51,FLYING,WAIT,0,,,,,100,0,0,0,3,55,AVOID_RIGHT,,3.07,2.84,2.98,0.45,1.69,0.29,0.24,,,16.6,37,2.063,0,4,0.255,0.339,0,3
97.56,FLYING,WAIT,0,,,,,100,0,0,0,2,55,AVOID_RIGHT,,2.39,3.45,3.19,0.33,2.62,0.02,0.02,,,17.5,34,-0.577,6,7,0.164,0.553,0,2
97.62,FLYING,WAIT,0,,,,,100,0,0,0,0,55,AVOID_RIGHT,RIGHT,1.34,4.36,3.29,0.81,1.83,0.86,0.86,,,17.2,35,-1.531,2,0,-0.049,0.435,0,0
97.68,FLYING,WAIT,0,,,,,100,0,0,0,0,55,AVOID_RIGHT,RIGHT,2.86,4.21,3.34,1.00,1.31,1.00,1.00,,,17.4,34,-0.490,5,7,-0.024,0.560,0,0
97.74,FLYING,WAIT,0,,,,,100,0,0,0,0,55,CRUISE,RIGHT,2.85,5.04,3.24,1.00,5.24,0.00,0.00,,,17.9,33,-0.640,5,8,0.044,0.663,0,0
97.79,FLYING,WAIT,0,,,,,100,0,0,0,0,55,CRUISE,RIGHT,3.48,4.05,2.84,0.67,3.67,0.00,0.00,,,17.9,33,-0.905,3,3,-0.065,0.602,0,0
97.85,FLYING,WAIT,0,,,,,100,0,0,0,0,55,CRUISE,RIGHT,3.80,4.02,2.43,0.38,4.36,0.00,0.00,,,17.2,35,2.465,0,4,0.012,0.472,0,0
97.91,FLYING,WAIT,0,,,,,100,0,0,0,1,55,CRUISE,RIGHT,5.02,4.00,2.04,0.46,3.05,0.58,0.07,,,17.3,35,-0.764,3,5,0.068,0.490,0,1
97.96,FLYING,WAIT,0,,,,,100,0,0,0,0,55,AVOID_RIGHT,RIGHT,5.64,4.15,2.04,0.52,3.49,0.67,0.00,,,17.4,34,-1.359,1,1,-0.018,0.371,0,0
98.02,FLYING,WAIT,0,,,,,100,0,0,0,0,55,AVOID_RIGHT,RIGHT,5.36,4.22,2.53,0.96,2.44,1.00,0.49,,,18.0,34,-1.087,2,1,-0.120,0.309,0,0
98.08,FLYING,WAIT,0,,,,,100,0,0,0,-1,55,AVOID_RIGHT,RIGHT,4.07,2.21,3.06,0.72,3.49,0.00,0.00,,,17.3,35,-2.114,2,0,-0.238,0.241,0,-1
98.13,FLYING,WAIT,0,,,,,100,0,0,0,-2,55,AVOID_RIGHT,RIGHT,2.70,1.11,3.85,0.45,2.44,0.00,0.30,,,18.0,32,-1.837,0,0,-0.209,0.135,0,-2
98.19,FLYING,WAIT,0,,,,,100,0,0,0,-4,55,AVOID_RIGHT,RIGHT,1.69,0.55,4.25,0.34,3.05,0.00,0.20,,,18.0,33,-1.464,2,0,-0.315,0.143,0,-4
98.24,FLYING,WAIT,0,,,,,100,0,0,0,-5,55,AVOID_RIGHT,,1.51,0.29,3.71,0.19,3.05,0.00,0.00,,,18.2,32,-3.919,1,0,-0.311,0.128,0,-5
98.30,FLYING,WAIT,0,,,,,100,0,0,0,-6,55,AVOID_RIGHT,,0.76,0.23,3.44,0.11,2.14,0.00,0.25,,,18.0,33,-2.726,1,0,-0.309,0.120,0,-6
98.36,FLYING,WAIT,0,,,,,100,0,0,0,-5,55,OPTOMOTOR,,0.39,0.40,2.93,0.06,1.75,0.00,0.19,,,17.9,33,-1.859,1,0,-0.270,0.101,0,-5
98.42,FLYING,WAIT,0,,,,,100,0,0,0,-6,55,OPTOMOTOR,,0.20,0.63,2.47,0.17,1.22,0.00,0.22,,,16.1,40,-3.244,2,0,-0.336,0.123,0,-6
98.47,FLYING,WAIT,0,,,,,100,0,0,0,-4,55,OPTOMOTOR,,0.11,2.06,2.23,0.13,2.62,0.00,0.00,,,17.8,33,-0.721,5,5,-0.256,0.303,0,-4
98.53,FLYING,WAIT,0,,,,,100,0,0,0,-3,55,OPTOMOTOR,,0.13,3.36,3.31,0.32,1.83,0.37,0.37,,,17.8,34,0.614,5,7,-0.220,0.557,0,-3
98.59,FLYING,WAIT,0,,,,,100,0,0,0,-1,55,AVOID_LEFT,,0.19,4.01,4.16,0.39,3.05,0.08,0.15,,,17.7,34,1.642,0,5,-0.050,0.523,0,-1
98.64,FLYING,WAIT,0,,,,,100,0,0,0,2,55,AVOID_LEFT,,0.17,3.28,4.27,0.57,2.14,0.17,0.67,,,19.1,30,1.211,1,7,0.194,0.547,0,2
98.69,FLYING,WAIT,0,,,,,100,0,0,0,1,55,AVOID_LEFT,LEFT,0.49,2.92,4.64,0.73,2.62,0.00,0.61,,,17.9,33,0.549,3,5,0.140,0.647,0,1
98.75,FLYING,WAIT,0,,,,,100,0,0,0,0,55,AVOID_LEFT,LEFT,0.42,2.71,5.69,0.93,2.18,0.00,1.00,,,17.4,34,1.136,4,8,0.257,0.736,0,0
98.81,FLYING,WAIT,0,,,,,100,0,0,0,0,55,AVOID_LEFT,LEFT,0.54,2.61,6.21,0.93,1.53,0.14,1.00,,,17.6,34,0.884,1,5,0.210,0.657,0,0
98.87,FLYING,WAIT,0,,,,,100,0,0,0,0,55,AVOID_LEFT,LEFT,0.44,1.93,5.25,0.93,1.31,0.00,1.00,,,17.8,34,-0.907,3,3,0.033,0.642,0,0
98.92,FLYING,WAIT,0,,,,,100,0,0,0,0,55,AVOID_LEFT,LEFT,0.26,1.59,4.07,1.00,0.92,0.00,1.00,,,17.5,34,0.154,6,5,-0.103,0.743,0,0
98.98,FLYING,WAIT,0,,,,,100,0,0,0,0,55,ESCAPE,LEFT,0.17,1.50,3.48,0.93,1.75,0.00,0.47,,,18.1,33,0.841,1,6,0.087,0.737,0,0
99.03,FLYING,WAIT,0,,,,,100,0,0,0,0,55,ESCAPE,LEFT,0.25,2.81,3.61,0.91,1.22,0.39,0.79,,,17.8,34,0.067,2,5,0.026,0.691,0,0
99.09,FLYING,WAIT,0,,,,,100,0,0,0,0,55,ESCAPE,LEFT,1.80,3.46,4.43,0.83,2.62,0.02,0.51,,,18.2,32,-0.563,1,4,0.047,0.656,0,0
99.15,FLYING,WAIT,0,,,,,100,0,0,0,0,55,ESCAPE,LEFT,2.61,3.00,4.84,0.85,1.83,0.18,1.00,,,17.3,34,0.616,5,8,0.127,0.789,0,0
99.20,FLYING,WAIT,0,,,,,100,0,0,0,0,55,ESCAPE,LEFT,3.11,2.20,5.05,0.78,4.80,0.00,0.00,,,17.8,33,-0.714,4,5,0.029,0.802,0,0
99.26,FLYING,WAIT,0,,,,,100,0,0,0,-2,55,ESCAPE,LEFT,3.36,2.37,4.30,0.44,3.36,0.00,0.07,,,18.2,32,-1.612,2,0,-0.166,0.561,0,-2
99.31,FLYING,WAIT,0,,,,,100,0,0,0,-1,55,ESCAPE,LEFT,3.48,1.40,3.61,0.33,2.35,0.16,0.23,,,17.8,33,-0.158,5,7,-0.105,0.673,0,-1
99.37,FLYING,WAIT,0,,,,,100,0,0,0,-2,55,ESCAPE,,4.25,2.03,2.79,0.25,3.05,0.20,0.00,,,17.7,34,0.065,6,6,-0.123,0.808,0,-2
99.43,FLYING,WAIT,0,,,,,100,0,0,0,-3,55,ESCAPE,,3.39,2.35,1.92,0.14,2.14,0.23,0.00,,,17.9,33,-1.555,1,0,-0.193,0.574,0,-3
99.48,FLYING,WAIT,0,,,,,100,0,0,0,-3,55,ESCAPE,,3.08,2.51,1.48,0.21,1.50,0.39,0.11,,,18.1,33,-1.484,0,0,-0.199,0.351,0,-3
99.54,FLYING,WAIT,0,,,,,100,0,0,0,-4,55,ESCAPE,,2.80,1.34,1.85,0.38,1.05,0.48,0.00,,,18.2,33,-3.400,2,0,-0.288,0.264,0,-4
99.59,FLYING,WAIT,0,,,,,100,0,0,0,-5,55,ESCAPE,,1.69,0.67,2.62,0.36,1.31,0.00,0.25,,,17.6,34,-3.770,2,0,-0.407,0.216,0,-5
99.65,FLYING,WAIT,0,,,,,100,0,0,0,-5,55,ESCAPE,,1.13,0.34,2.42,0.35,0.92,0.00,0.35,,,17.2,35,-1.504,1,0,-0.387,0.169,0,-5
99.71,FLYING,WAIT,0,,,,,100,0,0,0,-5,55,ESCAPE,,0.73,1.48,2.62,0.41,1.31,0.00,0.26,,,17.5,34,-3.891,2,0,-0.401,0.162,0,-5
99.76,FLYING,WAIT,0,,,,,100,0,0,0,-3,55,ESCAPE,,1.03,2.37,2.12,0.47,0.92,0.33,0.33,,,17.7,33,-0.408,6,7,-0.241,0.425,0,-3
99.82,FLYING,WAIT,0,,,,,100,0,0,0,-3,55,ESCAPE,,1.18,3.04,2.47,0.35,3.49,0.00,0.00,,,17.9,33,0.695,5,7,-0.194,0.640,0,-3
99.89,FLYING,WAIT,0,,,,,100,0,0,0,1,55,ESCAPE,,3.24,3.51,2.82,0.20,2.44,0.13,0.13,,,15.5,43,0.955,1,7,0.048,0.656,0,1
99.94,FLYING,WAIT,0,,,,,100,0,0,0,0,55,ESCAPE,RIGHT,4.26,3.74,3.00,0.90,1.71,0.88,0.61,,,17.5,34,0.099,6,7,0.058,0.817,0,0
100.00,FLYING,WAIT,0,,,,,100,0,0,0,-1,55,ESCAPE,RIGHT,3.06,2.93,3.13,0.68,2.18,0.04,0.08,,,16.5,38,-0.690,5,5,-0.081,0.822,0,-1
100.06,FLYING,WAIT,0,,,,,100,0,0,0,-1,55,ESCAPE,RIGHT,1.93,2.53,2.30,0.38,1.53,0.10,0.10,,,17.3,35,0.121,6,5,-0.117,0.873,0,-1
100.12,FLYING,WAIT,0,,,,,100,0,0,0,-1,55,ESCAPE,,1.37,2.17,2.78,0.21,2.18,0.00,0.00,,,17.9,33,0.304,4,5,-0.033,0.806,0,-1
100.17,FLYING,WAIT,0,,,,,100,0,0,0,-2,55,ESCAPE,,1.40,2.78,1.56,0.12,1.53,0.22,0.22,,,18.0,33,-0.540,6,5,-0.102,0.835,0,-2
100.23,FLYING,WAIT,0,,,,,100,0,0,0,-2,55,ESCAPE,,2.05,1.46,2.55,0.07,1.75,0.00,0.00,,,18.0,32,-1.067,2,1,-0.131,0.613,0,-2
100.28,FLYING,WAIT,0,,,,,100,0,0,0,-2,55,ESCAPE,,1.74,1.71,3.04,0.04,2.18,0.00,0.03,,,17.7,33,0.208,6,7,-0.117,0.693,0,-2
100.34,FLYING,WAIT,0,,,,,100,0,0,0,-2,55,ESCAPE,,2.22,1.84,3.28,0.28,1.53,0.00,0.48,,,17.9,33,-0.790,5,5,-0.135,0.681,0,-2
100.40,FLYING,WAIT,0,,,,,100,0,0,0,0,55,ESCAPE,,2.88,1.90,3.01,0.21,3.49,0.00,0.00,,,17.0,37,1.424,0,5,-0.010,0.607,0,0
100.46,FLYING,APPROACH,0,,,,,100,0,4,0,-2,55,ESCAPE,,4.17,1.33,2.87,0.24,2.44,0.46,0.00,,,17.6,33,-2.076,2,0,-0.111,0.394,0,-2
100.51,FLYING,APPROACH,0,,,,,100,0,6,0,-2,55,ESCAPE,,4.81,1.04,3.01,0.39,2.62,0.68,0.00,,,17.1,35,-0.785,2,1,-0.168,0.322,0,-2
100.57,FLYING,SCARED,0,,,,,100,0,-60,0,-1,55,ESCAPE,RIGHT,4.30,1.10,3.51,0.74,1.83,0.81,0.41,,,17.3,35,-1.146,2,0,-0.227,0.262,0,-1
100.63,FLYING,SCARED,0,,,,,100,0,-60,0,0,55,ESCAPE,,4.05,1.13,3.76,1.00,1.75,0.75,0.61,,yes,18.0,34,-0.355,6,8,-0.167,0.543,0,0
100.69,FLYING,SCARED,0,,,,,100,0,-60,0,0,55,AVOID_RIGHT,,3.15,1.04,3.44,1.00,1.22,0.57,0.71,,yes,17.3,36,-2.504,1,0,-0.236,0.425,0,0
100.74,FLYING,SCARED,0,,,,,100,0,-60,0,0,55,AVOID_RIGHT,,3.49,1.00,2.63,1.00,4.36,0.00,0.00,,yes,17.3,34,-1.066,2,1,-0.235,0.311,0,0
100.80,FLYING,SCARED,0,,,,,100,0,-60,0,-2,55,AVOID_RIGHT,,3.66,1.55,2.23,0.58,3.05,0.00,0.00,,yes,17.7,33,-1.147,4,2,-0.272,0.361,0,-2
100.86,FLYING,SCARED,0,,,,,100,0,-60,0,-4,55,OPTOMOTOR,,3.74,2.54,2.40,0.33,3.05,0.00,0.00,,yes,17.6,34,-3.543,2,0,-0.313,0.284,0,-4
100.91,FLYING,SCARED,0,,,,,100,0,-60,0,-7,55,OPTOMOTOR,,2.46,2.90,3.20,0.18,2.14,0.00,0.13,,yes,18.3,32,-2.374,2,0,-0.421,0.227,0,-7
100.97,FLYING,SCARED,0,,,,,100,0,-60,0,-6,55,OPTOMOTOR,,1.56,3.08,3.61,0.34,1.75,0.27,0.53,,yes,18.0,33,-2.984,2,0,-0.427,0.194,0,-6
101.02,FLYING,SCARED,0,,,,,100,0,-60,0,-2,55,AVOID_LEFT,,1.04,3.17,3.17,0.71,1.22,0.58,0.58,,yes,17.9,33,-3.890,2,0,-0.401,0.162,0,-2
101.08,FLYING,SCARED,0,,,,,100,0,-60,0,-3,55,AVOID_LEFT,,0.85,3.02,2.88,0.53,4.36,0.00,0.00,,yes,18.5,31,-1.280,2,0,-0.372,0.143,0,-3
101.13,FLYING,SCARED,0,,,,,100,0,-60,0,-2,55,OPTOMOTOR,,3.36,2.43,1.44,0.30,3.05,0.00,0.00,,yes,18.4,32,1.478,0,4,-0.129,0.200,0,-2
101.19,FLYING,SCARED,0,,,,,100,0,-60,0,-1,55,CRUISE,,4.61,2.06,0.72,0.17,7.42,0.00,0.00,,yes,18.4,32,-0.575,4,6,-0.070,0.418,0,-1
101.24,FLYING,SCARED,0,,,,,100,0,-60,0,1,55,CRUISE,,4.85,1.95,0.97,0.09,5.19,0.00,0.00,,yes,18.3,32,0.802,3,7,0.033,0.555,0,1
101.30,FLYING,WAIT,0,,,,,100,0,-39,0,3,55,CRUISE,,4.52,1.82,1.10,0.05,3.93,0.00,0.00,,yes,17.9,33,1.602,0,6,0.169,0.455,0,3
101.35,FLYING,WAIT,0,,,,,100,0,-25,0,8,55,OPTOMOTOR,,2.90,1.94,0.55,0.03,2.75,0.00,0.00,,yes,18.4,32,1.372,1,7,0.392,0.523,0,8
101.40,FLYING,WAIT,0,,,,,100,0,-16,0,5,55,OPTOMOTOR,,2.01,2.01,0.27,0.02,3.05,0.00,0.00,,yes,18.5,32,0.028,0,1,0.249,0.414,0,5
101.46,FLYING,WAIT,0,,,,,100,0,-10,0,0,55,CRUISE,,1.64,4.91,1.22,0.01,6.11,0.00,0.00,,yes,18.3,32,0.168,6,5,0.022,0.614,0,0
101.53,FLYING,WAIT,0,,,,,100,0,-6,0,1,55,CRUISE,,4.20,6.36,2.02,0.67,4.28,0.64,0.64,,yes,15.1,44,2.416,0,6,0.143,0.617,0,1
101.58,FLYING,WAIT,0,,,,,100,0,-4,0,1,55,AVOID_RIGHT,,5.48,4.37,2.10,0.90,2.99,0.84,0.29,,yes,17.1,34,1.342,0,7,0.379,0.595,0,1
101.64,FLYING,WAIT,0,,,,,100,0,-2,0,0,55,AVOID_RIGHT,,5.30,2.62,2.46,1.00,2.10,1.00,0.00,,yes,18.3,32,-0.359,6,5,0.134,0.674,0,0
101.69,FLYING,WAIT,0,,,,,100,0,-1,0,0,55,AVOID_RIGHT,,5.15,1.75,2.30,0.77,4.80,0.00,0.00,,yes,18.4,32,-0.822,5,4,-0.025,0.737,0,0
101.75,FLYING,WAIT,0,,,,,100,0,-1,0,1,55,AVOID_RIGHT,,5.08,1.26,2.14,0.47,3.36,0.46,0.00,,yes,18.1,33,0.795,1,6,0.090,0.648,0,1
101.80,FLYING,WAIT,0,,,,,100,0,0,0,3,55,AVOID_RIGHT,,4.03,1.05,2.07,0.42,2.62,0.31,0.00,,yes,18.5,32,1.417,0,7,0.283,0.598,0,3
101.86,FLYING,WAIT,0,,,,,100,0,0,0,2,55,AVOID_RIGHT,,2.31,0.83,2.03,0.31,1.83,0.00,0.00,,yes,18.5,32,-0.017,6,6,0.126,0.666,0,2
101.91,FLYING,WAIT,0,,,,,100,0,0,0,-1,55,AVOID_RIGHT,,1.44,0.83,2.23,0.18,3.05,0.00,0.00,,yes,18.2,32,-1.033,2,1,-0.060,0.489,0,-1
101.97,FLYING,WAIT,0,,,,,100,0,0,0,-2,55,CRUISE,,2.73,2.64,1.86,0.10,2.18,0.00,0.00,,yes,18.3,32,0.161,6,6,-0.115,0.676,0,-2
102.02,FLYING,WAIT,0,,,,,100,0,0,0,-1,55,AVOID_RIGHT,,3.61,3.54,2.64,0.56,1.53,0.64,0.61,,yes,18.0,33,-1.685,2,0,-0.156,0.476,0,-1
102.08,FLYING,WAIT,0,,,,,100,0,0,0,-1,55,AVOID_RIGHT,,4.05,1.93,2.56,0.84,1.07,1.00,0.35,,yes,18.0,33,-1.510,1,0,-0.203,0.315,0,-1
102.13,FLYING,WAIT,0,,,,,100,0,0,0,0,55,AVOID_RIGHT,,3.18,1.13,4.36,1.00,0.75,0.82,1.00,,,18.0,33,-3.352,1,0,-0.292,0.225,0,0
102.19,FLYING,WAIT,0,,,,,100,0,0,0,0,55,OPTOMOTOR,,1.73,1.15,5.53,1.00,0.52,0.21,1.00,,,18.0,33,-3.303,1,0,-0.285,0.146,0,0
102.24,FLYING,WAIT,0,,,,,100,0,0,0,0,55,AVOID_LEFT,,1.01,1.16,6.12,1.00,0.37,0.00,1.00,,,18.1,33,-1.880,0,0,-0.244,0.111,0,0
102.30,FLYING,WAIT,0,,,,,100,0,0,0,0,55,AVOID_LEFT,,0.56,1.17,5.72,1.00,2.62,0.00,1.00,,,18.1,33,-3.955,2,0,-0.246,0.100,0,0
102.35,FLYING,WAIT,0,,,,,100,0,0,0,0,55,AVOID_LEFT,,0.40,1.50,5.52,1.00,1.83,0.00,1.00,,,18.0,33,-3.156,2,0,-0.285,0.109,0,0
102.41,FLYING,WAIT,0,,,,,100,0,0,0,0,55,ESCAPE,,0.32,1.67,5.42,1.00,3.05,0.00,0.79,,,18.3,33,-3.215,2,0,-0.306,0.114,0,0
102.47,FLYING,WAIT,0,,,,,100,0,0,0,0,55,ESCAPE,,1.41,1.83,5.78,1.00,2.14,0.00,1.00,,,16.7,37,-2.938,2,0,-0.356,0.131,0,0
102.53,FLYING,WAIT,0,,,,,100,0,0,0,0,55,ESCAPE,,1.96,1.96,5.95,1.00,2.18,0.00,1.00,,,17.5,34,-0.946,2,0,-0.347,0.126,0,0
102.58,FLYING,WAIT,0,,,,,100,0,0,0,0,55,ESCAPE,,2.22,2.03,7.97,1.00,1.53,0.00,1.00,,,18.0,33,0.950,3,7,-0.050,0.333,0,0
102.64,FLYING,WAIT,0,,,,,100,0,0,0,0,55,ESCAPE,,1.96,1.98,8.98,1.00,1.07,0.06,1.00,,,18.0,33,0.551,5,7,-0.107,0.574,0,0
102.69,FLYING,WAIT,0,,,,,100,0,0,0,0,55,ESCAPE,,1.32,1.69,6.15,1.00,2.62,0.00,1.00,,,18.0,33,0.565,6,8,0.030,0.747,0,0
102.75,FLYING,WAIT,0,,,,,100,0,0,0,0,55,ESCAPE,,1.00,1.55,3.98,0.99,1.83,0.00,0.67,,,18.1,32,0.677,6,7,0.033,0.840,0,0
102.80,FLYING,WAIT,0,,,,,100,0,0,0,0,55,ESCAPE,,0.97,1.05,2.89,0.82,1.28,0.00,0.41,,,18.2,32,0.168,6,7,-0.040,0.864,0,0
102.86,FLYING,WAIT,0,,,,,100,0,0,0,0,55,ESCAPE,,1.29,0.64,4.06,0.87,0.90,0.00,1.00,,,17.6,34,-0.247,6,7,-0.008,0.934,0,0
102.92,FLYING,WAIT,0,,,,,100,0,0,0,0,55,ESCAPE,,1.56,0.44,4.64,0.97,1.31,0.00,1.00,,,16.2,39,0.063,5,7,0.139,0.941,0,0
102.99,FLYING,WAIT,0,,,,,100,0,0,0,0,55,ESCAPE,,1.70,0.42,2.34,0.88,0.92,0.00,0.31,,,15.0,44,0.163,5,7,0.183,0.959,0,0
103.05,FLYING,WAIT,0,,,,,100,0,0,0,1,55,ESCAPE,,1.16,0.41,1.18,0.61,1.75,0.00,0.00,,,17.6,34,0.182,6,8,0.087,0.992,0,1
103.10,FLYING,WAIT,0,,,,,100,0,0,0,2,55,ESCAPE,,0.89,0.41,1.09,0.34,2.18,0.00,0.00,,,17.2,35,-0.315,5,7,0.130,0.988,0,2
103.16,FLYING,WAIT,0,,,,,100,0,0,0,1,55,ESCAPE,,2.28,0.97,1.05,0.19,1.53,0.00,0.00,,,17.3,34,-0.712,6,6,0.033,0.928,0,1
103.22,FLYING,WAIT,0,,,,,100,0,0,0,-1,55,ESCAPE,,2.97,1.56,0.69,0.11,2.18,0.00,0.00,,,18.3,33,-0.557,2,2,-0.074,0.713,0,-1
103.27,FLYING,WAIT,0,,,,,100,0,0,0,-3,55,ESCAPE,,2.65,1.85,0.52,0.06,1.53,0.16,0.00,,,18.2,32,-1.164,2,2,-0.149,0.606,0,-3
103.33,FLYING,WAIT,0,,,,,100,0,0,0,-1,55,ESCAPE,,2.49,2.54,0.88,0.32,1.07,0.33,0.33,,,18.1,32,-0.680,6,7,-0.082,0.689,0,-1
103.38,FLYING,WAIT,0,,,,,100,0,0,0,0,55,ESCAPE,RIGHT,1.98,2.81,1.53,0.70,0.75,0.63,0.63,,,17.3,34,-0.093,6,7,-0.025,0.822,0,0
103.44,FLYING,WAIT,0,,,,,100,0,0,0,0,55,ESCAPE,RIGHT,1.16,2.94,1.86,0.82,2.18,0.00,0.00,,,17.3,35,2.130,0,5,0.080,0.658,0,0
103.50,FLYING,WAIT,0,,,,,100,0,0,0,0,55,ESCAPE,RIGHT,0.71,2.85,2.21,0.50,1.53,0.26,0.26,,,18.2,33,-2.202,1,0,-0.048,0.403,0,0
103.56,FLYING,WAIT,0,,,,,100,0,0,0,-1,55,ESCAPE,RIGHT,0.49,1.80,3.55,0.69,1.07,0.00,0.84,,,16.3,38,-1.789,1,0,-0.087,0.260,0,-1
103.62,FLYING,WAIT,0,,,,,100,0,0,0,-1,55,ESCAPE,RIGHT,0.49,1.45,4.22,0.80,0.87,0.00,1.00,,,17.3,35,-2.408,1,0,-0.165,0.180,0,-1
103.67,FLYING,WAIT,0,,,,,100,0,0,0,-1,55,ESCAPE,RIGHT,0.49,1.27,2.38,0.75,0.61,0.00,0.48,,,17.5,34,-2.469,1,0,-0.253,0.135,0,-1
103.73,FLYING,WAIT,0,,,,,100,0,0,0,-3,55,ESCAPE,RIGHT,0.33,1.52,1.46,0.53,0.87,0.00,0.00,,,18.2,32,-2.264,2,0,-0.289,0.128,0,-3
103.78,FLYING,WAIT,0,,,,,100,0,0,0,-4,55,ESCAPE,,0.25,1.65,1.84,0.30,0.61,0.12,0.21,,,18.1,32,-1.337,1,0,-0.296,0.120,0,-4
103.84,FLYING,WAIT,0,,,,,100,0,0,0,-2,55,ESCAPE,,0.29,2.21,2.31,0.17,2.18,0.00,0.00,,,17.5,34,0.675,4,8,-0.120,0.339,0,-2
103.90,FLYING,WAIT,0,,,,,100,0,0,0,0,55,ESCAPE,,0.30,3.09,2.26,0.48,1.53,0.38,0.38,,,17.2,35,0.629,2,7,0.042,0.449,0,0
103.95,FLYING,WAIT,0,,,,,100,0,0,0,1,55,ESCAPE,,0.31,4.65,1.72,0.36,4.36,0.00,0.00,,,18.0,33,0.882,5,8,0.094,0.586,0,1
104.01,FLYING,WAIT,0,,,,,100,0,0,0,0,55,ESCAPE,RIGHT,1.74,5.69,1.45,1.00,3.05,0.92,0.92,,,17.5,34,1.219,0,5,0.204,0.511,0,0
104.07,FLYING,WAIT,0,,,,,100,0,0,0,0,55,ESCAPE,RIGHT,2.45,6.21,2.13,1.00,2.14,1.00,1.00,,,17.9,34,0.862,4,7,0.177,0.655,0,0
104.12,FLYING,WAIT,0,,,,,100,0,0,0,0,55,AVOID_LEFT,RIGHT,1.50,5.21,2.86,1.00,1.50,1.00,1.00,,,17.6,34,0.861,4,7,0.209,0.779,0,0
104.18,FLYING,WAIT,0,,,,,100,0,0,0,0,55,AVOID_RIGHT,RIGHT,0.82,4.70,3.37,1.00,1.05,1.00,1.00,,,17.8,35,-0.435,5,7,0.135,0.824,0,0
104.24,FLYING,WAIT,0,,,,,100,0,0,0,0,55,AVOID_LEFT,RIGHT,0.51,5.06,3.83,1.00,1.31,1.00,1.00,,,17.2,35,-2.058,1,0,-0.110,0.526,0,0
104.30,FLYING,WAIT,0,,,,,100,0,0,0,0,55,AVOID_LEFT,RIGHT,0.35,5.24,4.89,1.00,0.92,1.00,1.00,,,17.4,34,0.135,6,8,-0.068,0.692,0,0
104.36,FLYING,WAIT,0,,,,,100,0,0,0,0,55,CRUISE,RIGHT,0.40,4.85,5.41,1.00,0.64,1.00,1.00,,,16.8,38,0.398,6,5,-0.153,0.785,0,0
104.41,FLYING,WAIT,0,,,,,100,0,0,0,0,55,CRUISE,RIGHT,0.91,3.53,3.73,1.00,1.31,0.71,0.81,,,17.0,35,-0.002,6,8,-0.020,0.909,0,0
104.49,FLYING,WAIT,0,,,,,100,0,0,0,0,55,CRUISE,RIGHT,1.16,2.86,2.88,1.00,0.92,0.57,0.58,,,13.6,51,0.628,5,6,0.026,0.907,0,0
104.54,FLYING,WAIT,0,,,,,100,0,0,0,0,55,CRUISE,RIGHT,1.29,2.53,2.82,1.00,2.62,0.00,0.00,,,17.9,33,-0.281,4,4,0.010,0.835,0,0
104.60,FLYING,WAIT,0,,,,,100,0,0,0,-1,55,CRUISE,RIGHT,1.68,2.41,2.79,0.72,2.18,0.00,0.00,,,17.8,33,-1.298,2,0,-0.157,0.536,0,-1
104.66,FLYING,WAIT,0,,,,,100,0,0,0,-2,55,CRUISE,RIGHT,1.88,2.35,1.69,0.41,1.53,0.01,0.01,,,17.2,35,-0.841,4,5,-0.151,0.588,0,-2
104.72,FLYING,WAIT,0,,,,,100,0,0,0,-2,55,CRUISE,,1.76,2.21,1.14,0.23,3.93,0.00,0.00,,,16.6,36,-0.754,5,6,-0.154,0.712,0,-2
104.78,FLYING,WAIT,0,,,,,100,0,0,0,-4,55,CRUISE,,1.70,2.15,3.12,0.13,3.05,0.00,0.00,,,16.9,35,-1.803,2,0,-0.225,0.510,0,-4
104.83,FLYING,WAIT,0,,,,,100,0,0,0,-3,55,OPTOMOTOR,,1.67,2.11,4.11,0.31,2.14,0.00,0.59,,,17.2,35,-0.521,5,5,-0.227,0.521,0,-3
104.89,FLYING,WAIT,0,,,,,100,0,0,0,-2,55,AVOID_LEFT,,1.39,2.01,3.50,0.59,1.50,0.00,0.60,,,17.2,35,-0.950,2,2,-0.191,0.498,0,-2
104.95,FLYING,WAIT,0,,,,,100,0,0,0,-2,55,AVOID_LEFT,,0.76,1.62,3.05,0.59,1.05,0.00,0.60,,,17.2,35,-2.179,2,0,-0.230,0.333,0,-2
105.01,FLYING,WAIT,0,,,,,100,0,0,0,-4,55,AVOID_LEFT,,0.43,1.43,2.83,0.44,1.75,0.00,0.14,,,18.1,33,-1.339,2,0,-0.334,0.254,0,-4
105.06,FLYING,WAIT,0,,,,,100,0,0,0,-6,55,AVOID_LEFT,,0.28,1.94,2.29,0.25,1.22,0.00,0.13,,,18.0,33,-3.051,1,0,-0.402,0.191,0,-6
105.12,FLYING,WAIT,0,,,,,100,0,0,0,-6,55,AVOID_LEFT,,0.71,2.20,2.02,0.14,3.93,0.00,0.00,,,18.5,31,-3.205,2,0,-0.336,0.145,0,-6
105.17,FLYING,WAIT,0,,,,,100,0,0,0,-6,55,AVOID_LEFT,,1.01,2.13,1.58,0.08,2.75,0.00,0.00,,,18.2,32,-2.379,2,0,-0.335,0.134,0,-6
105.23,FLYING,WAIT,0,,,,,100,0,0,0,-5,55,OPTOMOTOR,,1.32,1.44,1.36,0.04,2.62,0.00,0.00,,,17.5,34,-0.147,6,5,-0.260,0.343,0,-5
105.28,FLYING,WAIT,0,,,,,100,0,0,0,-5,55,OPTOMOTOR,,1.85,1.13,1.25,0.02,2.62,0.00,0.00,,,18.0,33,-3.231,2,0,-0.242,0.302,0,-5
105.34,FLYING,WAIT,0,,,,,100,0,0,0,-5,55,OPTOMOTOR,,2.11,0.97,1.90,0.01,1.83,0.00,0.00,,,18.3,33,-0.885,0,0,-0.256,0.213,0,-5
105.39,FLYING,APPROACH,0,,,,,100,0,4,0,0,55,CRUISE,,3.49,1.63,1.79,0.01,5.24,0.00,0.00,,,18.1,33,2.049,0,4,0.014,0.211,0,0
105.45,FLYING,APPROACH,0,,,,,100,0,6,0,-3,55,CRUISE,,4.17,1.99,1.82,0.00,3.67,0.00,0.00,,,18.0,32,-1.640,2,0,-0.168,0.171,0,-3
105.51,FLYING,APPROACH,0,,,,,100,0,8,0,-2,55,CRUISE,,4.09,3.19,1.84,0.00,6.54,0.00,0.00,,,17.3,36,0.761,4,8,-0.079,0.397,0,-2
105.56,FLYING,APPROACH,0,,,,,100,0,9,0,-1,55,CRUISE,,3.57,3.79,2.70,0.00,4.58,0.00,0.00,,,17.8,34,-0.229,6,7,-0.066,0.672,0,-1
105.62,FLYING,APPROACH,0,,,,,100,0,10,0,-1,55,CRUISE,,3.30,2.85,3.13,0.00,30.11,0.00,0.00,,yes,18.0,32,0.018,5,8,-0.070,0.783,0,-1
105.67,FLYING,APPROACH,0,,,,,100,0,11,0,-2,55,CRUISE,,2.25,2.38,3.80,0.00,21.07,0.00,0.00,,yes,18.2,32,-0.326,6,5,-0.111,0.851,0,-2
105.73,FLYING,APPROACH,0,,,,,100,0,11,0,-3,55,CRUISE,,1.72,3.73,2.94,0.00,14.75,0.00,0.00,,yes,18.4,31,-0.927,5,4,-0.153,0.765,0,-3
105.78,FLYING,APPROACH,0,,,,,100,0,11,0,-4,55,CRUISE,,2.23,4.41,2.05,0.00,10.33,0.00,0.00,,yes,18.4,32,-1.022,2,1,-0.191,0.602,0,-4
105.84,FLYING,APPROACH,0,,,,,100,0,11,0,-3,55,CRUISE,,2.48,3.63,1.18,0.00,103.85,0.00,0.00,,yes,18.4,32,-0.753,4,5,-0.131,0.682,0,-3
105.90,FLYING,APPROACH,0,,,,,100,0,11,0,-1,55,CRUISE,,2.26,3.06,1.17,0.00,72.69,0.00,0.00,,yes,16.9,36,0.202,3,6,-0.040,0.756,0,-1
105.95,FLYING,APPROACH,0,,,,,100,0,11,0,1,55,CRUISE,,2.15,2.17,1.16,0.00,50.89,0.00,0.00,,yes,17.5,34,0.090,5,8,0.052,0.859,0,1
106.01,FLYING,APPROACH,0,,,,,100,0,11,0,-3,55,CRUISE,,2.13,1.61,1.54,0.00,153.15,0.00,0.00,,yes,17.3,34,-0.387,6,5,-0.129,0.836,0,-3
106.07,FLYING,APPROACH,0,,,,,100,0,11,0,-4,55,CRUISE,,2.30,1.45,1.72,0.00,107.21,0.00,0.00,,yes,17.5,34,-0.498,6,5,-0.212,0.824,0,-4
106.13,FLYING,APPROACH,0,,,,,100,0,11,0,0,55,CRUISE,,2.66,1.45,1.82,0.00,75.04,0.00,0.00,,yes,15.7,40,1.515,0,4,0.020,0.668,0,0
106.19,FLYING,APPROACH,0,,,,,100,0,11,0,5,55,CRUISE,,2.84,1.45,1.93,0.00,52.53,0.00,0.00,,yes,18.6,31,1.090,1,7,0.255,0.629,0,5
106.24,FLYING,APPROACH,0,,,,,100,0,11,0,4,55,OPTOMOTOR,,2.93,1.41,1.99,0.00,36.77,0.00,0.00,,yes,17.9,33,0.444,6,7,0.222,0.788,0,4
106.30,FLYING,APPROACH,0,,,,,100,0,11,0,1,55,CRUISE,,2.63,1.39,1.86,0.00,25.74,0.00,0.00,,yes,18.4,32,-1.050,2,2,0.042,0.620,0,1
106.35,FLYING,APPROACH,0,,,,,100,0,11,0,-1,55,CRUISE,,2.48,1.77,1.80,0.00,18.02,0.00,0.00,,yes,18.5,31,-0.914,4,5,-0.059,0.592,0,-1
106.40,FLYING,APPROACH,0,,,,,100,0,11,0,0,55,CRUISE,,1.91,1.96,1.68,0.00,17.89,0.00,0.00,,yes,18.4,31,0.566,4,7,0.020,0.614,0,0
106.46,FLYING,APPROACH,0,,,,,100,0,11,0,2,55,CRUISE,,1.63,1.76,1.90,0.00,12.52,0.00,0.00,,yes,18.4,32,0.835,2,5,0.102,0.608,0,2
106.51,FLYING,APPROACH,0,,,,,100,0,11,0,-1,55,CRUISE,,1.68,1.32,1.68,0.00,17.89,0.00,0.00,,yes,18.4,31,-0.612,0,1,-0.029,0.433,0,-1
106.57,FLYING,APPROACH,0,,,,,100,0,11,0,-1,55,CRUISE,,2.85,1.10,1.90,0.00,12.52,0.00,0.00,,yes,18.5,31,0.232,5,7,-0.053,0.530,0,-1
106.62,FLYING,APPROACH,0,,,,,100,0,11,0,-2,55,CRUISE,,3.44,2.99,1.97,0.00,22.69,0.00,0.00,,yes,18.5,32,0.514,6,7,-0.109,0.703,0,-2
106.68,FLYING,APPROACH,0,,,,,100,0,11,0,-1,55,CRUISE,,2.72,3.94,2.66,0.00,15.88,0.00,0.00,,yes,18.3,32,5.514,0,2,-0.060,0.462,0,-1
106.73,FLYING,APPROACH,0,,,,,100,0,11,0,-1,55,CRUISE,,2.36,3.60,2.84,0.00,11.12,0.00,0.00,,yes,18.6,32,-0.942,3,4,-0.052,0.422,0,-1
106.79,FLYING,APPROACH,0,,,,,100,0,11,0,-1,55,CRUISE,,2.36,3.11,2.93,0.00,7.78,0.00,0.00,,yes,17.7,34,0.590,5,6,-0.050,0.619,0,-1
106.84,FLYING,APPROACH,0,,,,,100,0,11,0,-2,55,CRUISE,,2.43,2.87,2.28,0.00,5.45,0.00,0.00,,yes,18.0,32,0.244,5,5,-0.099,0.725,0,-2
106.90,FLYING,APPROACH,0,,,,,100,0,11,0,1,55,CRUISE,,2.62,2.75,1.96,0.00,3.81,0.00,0.00,,yes,18.5,32,2.279,0,4,0.064,0.613,0,1
106.95,FLYING,APPROACH,0,,,,,100,0,11,0,2,55,CRUISE,,2.75,3.41,2.53,0.00,2.67,0.00,0.00,,yes,17.6,34,-0.159,5,7,0.098,0.731,0,2
107.01,FLYING,APPROACH,0,,,,,100,0,11,0,1,55,AVOID_RIGHT,,3.75,3.74,2.82,0.41,1.87,0.50,0.49,,yes,17.5,34,-0.529,5,7,0.049,0.812,0,1
107.06,FLYING,APPROACH,0,,,,,100,0,11,0,-2,55,CRUISE,,3.72,3.34,2.96,0.31,3.49,0.00,0.00,,yes,18.5,32,-6.954,0,0,-0.109,0.500,0,-2
107.12,FLYING,APPROACH,0,,,,,100,0,11,0,-3,55,CRUISE,,3.71,2.46,3.23,0.17,6.54,0.00,0.00,,yes,18.4,32,-3.887,1,0,-0.177,0.329,0,-3
107.17,FLYING,APPROACH,0,,,,,100,0,11,0,-5,55,OPTOMOTOR,,3.70,2.12,3.36,0.10,4.58,0.00,0.00,,yes,18.0,33,-1.849,1,0,-0.251,0.233,0,-5
107.23,FLYING,APPROACH,0,,,,,100,0,11,0,-5,55,OPTOMOTOR,,3.68,1.94,3.42,0.05,3.49,0.00,0.00,,yes,18.0,33,-3.433,0,0,-0.291,0.160,0,-5
107.28,FLYING,APPROACH,0,,,,,100,0,11,0,0,55,OPTOMOTOR,,3.67,3.07,3.61,0.03,2.44,0.17,0.14,,yes,18.4,32,1.435,0,5,0.014,0.214,0,0
107.34,FLYING,APPROACH,0,,,,,100,0,11,0,-1,55,CRUISE,,3.66,3.91,3.70,0.42,2.18,0.42,0.42,,yes,18.2,32,-0.136,6,8,-0.062,0.559,0,-1
107.39,FLYING,APPROACH,0,,,,,100,0,11,0,0,55,ESCAPE,,3.64,4.33,3.64,1.00,1.53,0.96,0.96,,yes,18.1,33,-1.834,1,0,-0.139,0.348,0,0
107.45,FLYING,APPROACH,0,,,,,100,0,11,0,0,55,ESCAPE,,3.14,3.31,3.61,1.00,1.75,0.34,0.49,,yes,17.3,35,-1.829,2,0,-0.224,0.263,0,0
107.51,FLYING,APPROACH,0,,,,,100,0,11,0,0,55,ESCAPE,,2.92,2.80,3.45,1.00,1.22,0.41,0.67,,yes,17.4,34,-1.386,2,0,-0.310,0.186,0,0
107.56,FLYING,APPROACH,0,,,,,100,0,11,0,0,55,ESCAPE,,2.82,2.80,3.36,0.92,2.62,0.00,0.00,,yes,18.2,32,2.103,0,2,-0.114,0.171,0,0
107.62,FLYING,APPROACH,0,,,,,100,0,11,0,-2,55,ESCAPE,,3.87,2.82,2.89,0.54,1.83,0.57,0.08,,yes,17.5,34,-1.435,2,1,-0.167,0.182,0,-2
107.68,FLYING,APPROACH,0,,,,,100,0,11,0,0,55,ESCAPE,,4.40,2.83,2.17,1.00,1.28,1.00,0.33,,yes,17.3,34,0.264,6,7,-0.121,0.451,0,0
107.74,FLYING,APPROACH,0,,,,,100,0,11,0,0,55,ESCAPE,,2.79,2.79,1.82,1.00,0.90,0.50,0.50,,yes,16.2,38,-4.096,2,0,-0.212,0.349,0,0
107.80,FLYING,APPROACH,0,,,,,100,0,11,0,-1,55,ESCAPE,,1.99,2.77,2.20,0.76,5.24,0.00,0.00,,yes,18.2,32,-1.142,2,2,-0.220,0.301,0,-1
107.85,FLYING,APPROACH,0,,,,,100,0,11,0,0,55,ESCAPE,,4.26,4.25,2.67,0.43,3.67,0.00,0.00,,yes,18.5,31,1.085,0,7,-0.007,0.375,0,0
107.90,FLYING,APPROACH,0,,,,,100,0,11,0,-1,55,ESCAPE,,5.40,4.98,3.49,0.24,6.98,0.00,0.00,,yes,18.3,33,0.310,6,7,-0.040,0.602,0,-1
107.96,FLYING,APPROACH,0,,,,,100,0,11,0,-3,55,ESCAPE,,6.22,4.34,4.34,0.14,4.89,0.22,0.00,,yes,18.6,32,-1.801,2,0,-0.163,0.420,0,-3
108.01,FLYING,APPROACH,0,,,,,100,0,11,0,-2,55,ESCAPE,,5.27,3.92,4.33,0.32,3.42,0.48,0.01,,yes,18.2,32,0.479,4,7,-0.112,0.589,0,-2
108.07,FLYING,APPROACH,0,,,,,100,0,11,0,-1,55,ESCAPE,,3.80,2.40,2.77,0.39,2.39,0.26,0.00,,yes,18.2,32,0.131,6,8,-0.047,0.799,0,-1
108.12,FLYING,APPROACH,0,,,,,100,0,11,0,0,55,ESCAPE,,2.87,1.64,1.44,0.22,1.68,0.15,0.00,,yes,18.4,32,-0.171,6,7,0.028,0.884,0,0
108.18,FLYING,APPROACH,0,,,,,100,0,11,0,1,55,ESCAPE,,2.41,1.26,0.78,0.12,1.17,0.17,0.00,,yes,18.5,32,0.060,6,7,0.063,0.945,0,1
108.23,FLYING,APPROACH,0,,,,,100,0,11,0,-1,55,ESCAPE,,1.37,0.93,0.47,0.07,0.82,0.00,0.00,,yes,17.8,33,-0.091,6,8,-0.031,0.971,0,-1
108.29,FLYING,APPROACH,0,,,,,100,0,11,0,0,55,ESCAPE,,0.81,0.77,0.32,0.04,0.57,0.00,0.00,,yes,17.6,35,-0.063,6,8,-0.011,0.999,0,0
108.34,FLYING,APPROACH,0,,,,,100,0,11,0,0,55,ESCAPE,,0.53,0.65,0.24,0.02,0.40,0.00,0.00,,yes,18.0,33,0.004,5,7,0.025,0.977,0,0
108.40,FLYING,APPROACH,0,,,,,100,0,11,0,2,55,ESCAPE,,0.35,0.49,0.16,0.01,0.28,0.00,0.00,,yes,17.9,33,-0.035,5,8,0.123,0.998,0,2
108.46,FLYING,APPROACH,0,,,,,100,0,11,0,0,55,ESCAPE,,0.22,0.39,0.11,0.01,0.20,0.00,0.00,,yes,18.3,32,0.010,5,5,-0.018,0.938,0,0
108.51,FLYING,APPROACH,0,,,,,100,0,11,0,1,55,ESCAPE,,0.13,0.28,0.09,0.00,0.14,0.00,0.00,,yes,18.3,32,-0.047,6,8,0.041,0.995,0,1
108.56,FLYING,APPROACH,0,,,,,100,0,11,0,0,55,ESCAPE,,0.09,0.17,0.07,0.00,0.10,0.00,0.00,,yes,18.4,32,-0.020,6,7,0.000,1.000,0,0
108.62,FLYING,APPROACH,0,,,,,100,0,11,0,0,55,ESCAPE,,0.09,0.12,0.09,0.00,0.07,0.00,0.00,,yes,18.2,32,-0.015,6,8,0.000,1.000,0,0
108.67,FLYING,APPROACH,0,,,,,100,0,11,0,0,55,ESCAPE,,0.10,0.13,0.09,0.00,0.05,0.00,0.00,,yes,18.4,32,-0.015,6,8,0.019,1.000,0,0
108.73,FLYING,APPROACH,0,,,,,100,0,11,0,-2,55,ESCAPE,,0.10,0.15,0.07,0.00,0.03,0.00,0.00,,yes,18.6,32,-0.022,6,6,-0.088,0.985,0,-2
108.78,FLYING,APPROACH,0,,,,,100,0,11,0,-3,55,ESCAPE,,0.10,0.14,0.06,0.00,0.02,0.00,0.00,,yes,18.1,32,0.016,6,5,-0.166,0.950,0,-3
108.84,FLYING,APPROACH,0,,,,,100,0,11,0,4,55,ESCAPE,,0.09,0.14,0.06,0.00,0.02,0.00,0.00,,yes,18.2,32,-0.017,5,8,0.184,0.969,0,4
108.89,FLYING,APPROACH,0,,,,,100,0,11,0,0,55,ESCAPE,,0.08,0.14,0.06,0.00,0.01,0.00,0.00,,yes,17.7,34,-0.001,6,7,0.016,0.979,0,0
108.95,FLYING,APPROACH,0,,,,,100,0,11,0,-1,55,ESCAPE,,0.07,0.14,0.06,0.00,0.01,0.00,0.00,,yes,18.2,32,-0.005,6,8,-0.050,0.990,0,-1
109.00,FLYING,APPROACH,0,,,,,100,0,11,0,2,55,ESCAPE,,0.06,0.12,0.07,0.00,0.01,0.00,0.00,,yes,18.2,32,-0.013,5,8,0.077,1.000,0,2
109.06,FLYING,APPROACH,0,,,,,100,0,11,0,0,55,CRUISE,,0.05,0.10,0.07,0.00,0.00,0.00,0.00,,yes,18.5,32,-0.005,6,8,0.000,1.000,0,0
109.11,FLYING,APPROACH,0,,,,,100,0,11,0,1,55,CRUISE,,0.06,0.09,0.07,0.00,0.00,0.00,0.00,,yes,18.6,32,-0.021,6,8,0.050,1.000,0,1
109.17,FLYING,APPROACH,0,,,,,100,0,11,0,0,55,CRUISE,,0.09,0.09,0.07,0.00,0.00,0.00,0.00,,yes,18.3,32,0.019,6,8,0.000,1.000,0,0
109.23,FLYING,APPROACH,0,,,,,100,0,11,0,1,55,CRUISE,,0.15,0.13,0.06,0.00,0.00,0.00,0.00,,yes,16.3,39,0.052,6,7,0.041,1.000,0,1
109.28,FLYING,APPROACH,0,,,,,100,0,11,0,-1,55,CRUISE,,0.21,0.15,0.06,0.00,0.00,0.00,0.00,,yes,19.3,29,0.029,6,7,-0.025,0.997,0,-1
109.33,FLYING,APPROACH,0,,,,,100,0,11,0,-2,55,CRUISE,,0.24,0.16,0.06,0.00,0.00,0.00,0.00,,yes,18.4,32,0.006,5,5,-0.092,0.952,0,-2
109.39,FLYING,APPROACH,0,,,,,100,0,11,0,3,55,CRUISE,,0.23,0.16,0.07,0.00,0.00,0.00,0.00,,yes,18.4,31,1.469,0,6,0.159,0.822,0,3
109.44,FLYING,APPROACH,0,,,,,100,0,11,0,3,55,OPTOMOTOR,,0.23,1.86,0.55,0.00,6.11,0.00,0.00,,yes,18.4,32,1.367,0,3,0.159,0.634,0,3
109.50,FLYING,APPROACH,0,,,,,100,0,11,0,6,55,OPTOMOTOR,,0.23,3.10,1.47,0.00,4.28,0.00,0.00,,yes,18.2,32,1.551,0,5,0.323,0.552,0,6
109.55,FLYING,APPROACH,0,,,,,100,0,11,0,2,55,OPTOMOTOR,,1.16,3.88,2.39,0.00,3.49,0.00,0.00,,yes,18.5,31,-3.481,2,0,0.079,0.406,0,2
109.61,FLYING,APPROACH,0,,,,,100,0,11,0,-1,55,CRUISE,,1.63,4.11,2.85,0.30,2.44,0.39,0.39,,yes,18.1,32,-1.618,2,0,-0.101,0.295,0,-1
109.66,FLYING,APPROACH,0,,,,,100,0,11,0,0,55,CRUISE,,1.94,6.11,3.05,0.99,3.49,0.86,0.86,,yes,18.0,33,-0.065,5,5,-0.150,0.386,0,0
109.72,FLYING,APPROACH,0,,,,,100,0,11,0,-1,55,CRUISE,,2.13,4.38,2.83,0.74,7.42,0.00,0.00,,yes,18.3,32,0.752,5,6,-0.102,0.556,0,-1
109.77,FLYING,APPROACH,0,,,,,100,0,11,0,0,55,CRUISE,,3.19,4.73,2.72,0.42,5.19,0.00,0.00,,yes,18.4,32,0.706,5,8,-0.038,0.718,0,0
109.83,FLYING,APPROACH,0,,,,,100,0,11,0,-1,55,CRUISE,,2.99,4.90,2.42,0.32,3.63,0.19,0.19,,yes,18.3,32,-0.099,5,5,-0.103,0.781,0,-1
109.88,FLYING,APPROACH,0,,,,,100,0,11,0,0,55,CRUISE,,2.97,5.70,2.27,0.93,2.54,1.00,1.00,,yes,17.9,33,3.042,0,4,0.085,0.601,0,0
109.94,FLYING,APPROACH,0,,,,,100,0,11,0,1,55,AVOID_LEFT,,2.95,6.10,3.90,0.84,5.67,0.00,0.00,,yes,18.2,32,1.040,1,7,0.268,0.577,0,1
109.99,FLYING,APPROACH,0,,,,,100,0,11,0,3,55,AVOID_LEFT,,2.95,4.71,4.72,0.47,3.97,0.00,0.00,,yes,17.9,33,-0.078,6,8,0.262,0.792,0,3
110.06,FLYING,APPROACH,0,,,,,100,0,11,0,0,55,CRUISE,,3.50,3.61,4.33,0.27,3.93,0.00,0.00,,yes,15.1,32,-5.243,1,0,-0.023,0.508,0,0
110.11,FLYING,APPROACH,0,,,,,100,0,11,0,-2,55,CRUISE,,3.87,3.46,4.03,0.15,2.75,0.11,0.20,,yes,17.7,33,-2.985,1,0,-0.107,0.319,0,-2
110.17,FLYING,APPROACH,0,,,,,100,0,11,0,-3,55,CRUISE,,4.05,4.38,3.89,0.08,7.42,0.00,0.00,,yes,18.0,33,-0.697,4,5,-0.156,0.380,0,-3
110.23,FLYING,APPROACH,0,,,,,100,0,11,0,-3,55,CRUISE,,3.81,4.84,3.78,0.05,5.19,0.00,0.00,,yes,18.3,32,-0.399,6,7,-0.162,0.605,0,-3
110.28,FLYING,APPROACH,0,,,,,100,0,11,0,-3,55,CRUISE,,3.50,3.64,3.73,0.03,3.63,0.00,0.00,,yes,18.7,32,0.079,6,7,-0.169,0.760,0,-3
110.33,FLYING,APPROACH,0,,,,,100,0,11,0,-1,55,CRUISE,,3.35,3.04,3.17,0.02,2.54,0.00,0.00,,yes,18.5,31,0.301,6,7,-0.066,0.862,0,-1
110.39,FLYING,APPROACH,0,,,,,100,0,11,0,1,55,CRUISE,,2.90,2.18,2.29,0.01,1.78,0.11,0.00,,yes,18.1,32,0.046,5,7,0.028,0.914,0,1
110.44,FLYING,APPROACH,0,,,,,100,0,11,0,-1,55,CRUISE,,1.86,1.48,1.79,0.00,1.25,0.00,0.00,,yes,18.7,31,-0.053,6,5,-0.032,0.910,0,-1
110.50,FLYING,APPROACH,0,,,,,100,0,11,0,0,55,CRUISE,,1.14,0.90,1.49,0.00,0.87,0.00,0.00,,yes,18.1,32,-0.017,5,7,0.009,0.927,0,0
110.55,FLYING,APPROACH,0,,,,,100,0,11,0,1,55,CRUISE,,0.67,0.58,1.27,0.00,0.61,0.00,0.00,,yes,18.0,33,-0.036,6,8,0.063,0.989,0,1
110.61,FLYING,APPROACH,0,,,,,100,0,11,0,0,55,CRUISE,,0.43,0.43,1.09,0.00,0.43,0.00,0.00,,yes,18.4,32,0.008,6,8,0.000,1.000,0,0
110.66,FLYING,APPROACH,0,,,,,100,0,11,0,0,55,CRUISE,,0.27,0.30,0.76,0.00,0.30,0.00,0.00,,yes,18.2,32,-0.027,6,8,0.000,1.000,0,0
110.72,FLYING,APPROACH,0,,,,,100,0,11,0,0,55,CRUISE,,0.18,0.21,0.54,0.00,0.21,0.00,0.00,,yes,18.5,32,0.010,6,8,0.000,1.000,0,0
110.78,FLYING,APPROACH,0,,,,,100,0,11,0,0,55,CRUISE,,0.14,0.16,0.40,0.00,0.15,0.00,0.00,,yes,15.6,42,-0.013,6,8,0.000,1.000,0,0
110.83,FLYING,APPROACH,0,,,,,100,0,11,0,1,55,CRUISE,,0.16,0.16,0.30,0.00,0.10,0.00,0.00,,yes,19.1,30,0.004,5,6,0.033,0.994,0,1
110.89,FLYING,APPROACH,0,,,,,100,0,11,0,0,55,CRUISE,,0.16,0.15,0.26,0.00,0.07,0.00,0.00,,yes,18.7,32,0.006,6,7,0.000,1.000,0,0
110.94,FLYING,APPROACH,0,,,,,100,0,11,0,-1,55,CRUISE,,0.13,0.13,0.20,0.00,0.05,0.00,0.00,,yes,18.0,32,0.005,6,7,-0.034,1.000,0,-1
111.00,FLYING,APPROACH,0,,,,,100,0,11,0,0,55,CRUISE,,0.11,0.09,0.17,0.00,0.04,0.00,0.00,,yes,18.4,32,-0.010,6,8,0.018,1.000,0,0
111.05,FLYING,APPROACH,0,,,,,100,0,11,0,0,55,CRUISE,,0.10,0.07,0.16,0.00,0.02,0.00,0.00,,yes,18.7,32,0.011,6,7,0.000,1.000,0,0
111.10,FLYING,APPROACH,0,,,,,100,0,11,0,0,55,CRUISE,,0.08,0.06,0.16,0.00,0.02,0.00,0.00,,yes,18.3,32,-0.026,6,8,0.010,0.990,0,0
111.16,FLYING,APPROACH,0,,,,,100,0,11,0,0,55,CRUISE,,0.07,0.05,0.15,0.00,0.01,0.00,0.00,,yes,17.8,33,-0.007,6,7,0.000,1.000,0,0
111.21,FLYING,APPROACH,0,,,,,100,0,11,0,-1,55,CRUISE,,0.06,0.05,0.13,0.00,0.01,0.00,0.00,,yes,18.1,32,0.006,6,8,-0.046,0.976,0,-1
111.27,FLYING,APPROACH,0,,,,,100,0,11,0,0,55,CRUISE,,0.08,0.04,0.14,0.00,0.01,0.00,0.00,,yes,18.4,32,0.002,6,8,0.000,1.000,0,0
111.32,FLYING,APPROACH,0,,,,,100,0,11,0,1,55,CRUISE,,0.10,0.08,0.14,0.00,0.00,0.00,0.00,,yes,18.4,31,0.013,5,8,0.068,1.000,0,1
111.38,FLYING,APPROACH,0,,,,,100,0,11,0,-2,55,CRUISE,,0.12,0.10,0.14,0.00,0.00,0.00,0.00,,yes,18.3,33,-0.018,6,6,-0.087,0.981,0,-2
111.43,FLYING,APPROACH,0,,,,,100,0,11,0,0,55,CRUISE,,0.11,0.10,0.12,0.00,0.00,0.00,0.00,,yes,18.1,32,-0.003,6,8,0.000,1.000,0,0
111.49,FLYING,APPROACH,0,,,,,100,0,11,0,0,55,CRUISE,,0.09,0.09,0.11,0.00,0.00,0.00,0.00,,yes,18.1,33,-0.003,6,8,0.000,1.000,0,0
111.54,FLYING,APPROACH,0,,,,,100,0,11,0,0,55,CRUISE,,0.08,0.08,0.08,0.00,0.00,0.00,0.00,,yes,18.4,32,0.000,6,7,0.000,1.000,0,0
111.60,FLYING,APPROACH,0,,,,,100,0,11,0,0,55,CRUISE,,0.07,0.07,0.08,0.00,0.00,0.00,0.00,,yes,18.5,31,0.002,6,8,0.000,1.000,0,0
111.65,FLYING,APPROACH,0,,,,,100,0,11,0,-3,55,CRUISE,,0.06,0.06,0.07,0.00,0.00,0.00,0.00,,yes,18.2,32,-0.006,6,5,-0.159,0.964,0,-3
111.71,FLYING,APPROACH,0,,,,,100,0,11,0,-1,55,CRUISE,,0.05,0.06,0.08,0.00,0.00,0.00,0.00,,yes,18.3,32,-0.005,6,7,-0.071,0.991,0,-1
111.76,FLYING,APPROACH,0,,,,,100,0,11,0,1,55,CRUISE,,0.07,0.08,0.09,0.00,0.00,0.00,0.00,,yes,18.6,32,0.023,5,8,0.056,1.000,0,1
111.82,FLYING,APPROACH,0,,,,,100,0,11,0,0,55,CRUISE,,0.09,0.09,0.08,0.00,0.00,0.00,0.00,,yes,18.4,32,-0.001,6,8,0.000,1.000,0,0
111.87,FLYING,APPROACH,0,,,,,100,0,11,0,1,55,CRUISE,,0.09,0.10,0.07,0.00,0.00,0.00,0.00,,yes,18.2,32,-0.002,5,8,0.074,1.000,0,1
111.92,FLYING,APPROACH,0,,,,,100,0,11,0,-1,55,CRUISE,,0.08,0.08,0.07,0.00,0.00,0.00,0.00,,yes,18.3,32,-0.012,6,7,-0.060,0.986,0,-1
111.98,FLYING,APPROACH,0,,,,,100,0,11,0,-1,55,CRUISE,,0.07,0.07,0.06,0.00,0.00,0.00,0.00,,yes,18.3,32,0.001,6,8,-0.057,0.994,0,-1
112.03,FLYING,APPROACH,0,,,,,100,0,11,0,0,55,CRUISE,,0.06,0.06,0.05,0.00,0.00,0.00,0.00,,yes,18.3,32,-0.006,6,7,-0.013,1.000,0,0
112.09,FLYING,APPROACH,0,,,,,100,0,11,0,0,55,CRUISE,,0.05,0.06,0.05,0.00,0.00,0.00,0.00,,yes,18.1,32,0.013,6,7,0.000,1.000,0,0
112.14,FLYING,APPROACH,0,,,,,100,0,11,0,-1,55,CRUISE,,0.05,0.06,0.05,0.00,0.00,0.00,0.00,,yes,18.4,32,0.004,6,7,-0.034,0.991,0,-1
112.20,FLYING,APPROACH,0,,,,,100,0,11,0,2,54,CRUISE,,0.05,0.05,0.05,0.00,0.00,0.00,0.00,,yes,18.4,32,-0.007,5,7,0.081,0.987,0,2
112.25,FLYING,APPROACH,0,,,,,100,0,11,0,1,54,CRUISE,,0.04,0.04,0.05,0.00,0.00,0.00,0.00,,yes,18.1,32,0.000,5,5,0.041,0.961,0,1
112.32,FLYING,APPROACH,0,,,,,100,0,11,0,2,54,CRUISE,,0.04,0.03,0.05,0.00,0.00,0.00,0.00,,yes,15.4,42,-0.000,5,7,0.123,0.970,0,2
112.38,FLYING,APPROACH,0,,,,,100,0,11,0,1,54,CRUISE,,0.04,0.03,0.04,0.00,0.00,0.00,0.00,,yes,16.9,37,-0.002,6,8,0.042,1.000,0,1
112.43,FLYING,APPROACH,0,,,,,100,0,11,0,1,54,CRUISE,,0.03,0.02,0.04,0.00,0.00,0.00,0.00,,yes,18.0,33,0.002,6,8,0.074,1.000,0,1
112.49,FLYING,APPROACH,0,,,,,100,0,11,0,2,54,CRUISE,,0.04,0.03,0.04,0.00,0.00,0.00,0.00,,yes,18.0,32,0.002,6,9,0.092,1.000,0,2
112.55,FLYING,APPROACH,0,,,,,100,0,11,0,2,54,CRUISE,,0.06,0.03,0.05,0.00,0.00,0.00,0.00,,yes,17.7,34,0.005,6,7,0.102,0.999,0,2
112.60,FLYING,APPROACH,0,,,,,100,0,11,0,3,54,CRUISE,,0.07,0.04,0.06,0.00,0.00,0.00,0.00,,yes,17.3,34,-0.003,5,7,0.131,0.977,0,3
112.66,FLYING,APPROACH,0,,,,,100,0,11,0,1,54,CRUISE,,0.07,0.04,0.06,0.00,0.00,0.00,0.00,,yes,17.5,34,0.001,6,7,0.034,0.998,0,1
112.72,FLYING,APPROACH,0,,,,,100,0,11,0,1,54,CRUISE,,0.06,0.03,0.05,0.00,0.00,0.00,0.00,,yes,17.6,34,0.005,6,7,0.069,0.996,0,1
112.77,FLYING,APPROACH,0,,,,,100,0,11,0,0,54,CRUISE,,0.05,0.03,0.05,0.00,0.00,0.00,0.00,,yes,17.6,33,-0.009,6,7,0.000,1.000,0,0
112.83,FLYING,APPROACH,0,,,,,100,0,11,0,2,54,CRUISE,,0.07,0.05,0.05,0.00,0.00,0.00,0.00,,yes,18.2,32,0.014,5,7,0.079,0.997,0,2
112.88,FLYING,APPROACH,0,,,,,100,0,11,0,0,54,CRUISE,,0.08,0.05,0.05,0.00,0.00,0.00,0.00,,yes,18.0,33,0.006,6,7,-0.022,0.995,0,0
112.94,FLYING,APPROACH,0,,,,,100,0,11,0,1,54,CRUISE,,0.09,0.05,0.05,0.00,0.00,0.00,0.00,,yes,18.1,33,0.006,6,8,0.050,1.000,0,1
112.99,FLYING,APPROACH,0,,,,,100,0,11,0,-1,54,CRUISE,,0.07,0.04,0.05,0.00,0.00,0.00,0.00,,yes,18.3,32,0.002,6,7,-0.056,0.990,0,-1
113.06,FLYING,APPROACH,0,,,,,100,0,11,0,1,54,CRUISE,,0.06,0.04,0.05,0.00,0.00,0.00,0.00,,yes,15.3,31,0.030,5,7,0.060,0.986,0,1
113.12,FLYING,APPROACH,0,,,,,100,0,11,0,0,54,CRUISE,,0.04,0.03,0.05,0.00,0.00,0.00,0.00,,yes,17.7,33,-0.018,5,6,-0.012,0.951,0,0
113.17,FLYING,APPROACH,0,,,,,100,0,11,0,3,54,CRUISE,,0.03,0.03,0.05,0.00,0.00,0.00,0.00,,yes,18.0,33,-0.010,5,8,0.150,0.983,0,3
113.23,FLYING,APPROACH,0,,,,,100,0,11,0,1,54,CRUISE,,0.02,0.03,0.05,0.00,0.00,0.00,0.00,,yes,17.0,36,0.009,6,8,0.041,1.000,0,1
113.29,FLYING,APPROACH,0,,,,,100,0,11,0,1,54,CRUISE,,0.03,0.04,0.05,0.00,0.00,0.00,0.00,,yes,17.4,34,0.003,6,8,0.053,0.984,0,1
113.34,FLYING,APPROACH,0,,,,,100,0,11,0,2,54,CRUISE,,0.03,0.04,0.04,0.00,0.00,0.00,0.00,,yes,17.6,33,0.003,5,8,0.122,0.988,0,2
113.40,FLYING,APPROACH,0,,,,,100,0,11,0,-1,54,CRUISE,,0.04,0.03,0.03,0.00,0.00,0.00,0.00,,yes,17.6,34,-0.004,6,7,-0.065,0.976,0,-1
113.46,FLYING,APPROACH,0,,,,,100,0,11,0,2,54,CRUISE,,0.04,0.03,0.03,0.00,0.00,0.00,0.00,,yes,18.2,32,-0.016,5,8,0.084,0.983,0,2
113.51,FLYING,APPROACH,0,,,,,100,0,11,0,4,54,CRUISE,,0.04,0.04,0.04,0.00,0.00,0.00,0.00,,yes,18.2,32,-0.004,4,8,0.216,0.968,0,4
113.57,FLYING,APPROACH,0,,,,,100,0,11,0,2,54,CRUISE,,0.04,0.04,0.05,0.00,0.00,0.00,0.00,,yes,17.8,34,0.008,6,9,0.102,1.000,0,2
113.62,FLYING,APPROACH,0,,,,,100,0,11,0,0,54,CRUISE,,0.05,0.04,0.07,0.00,0.00,0.00,0.00,,yes,17.7,33,0.005,6,8,0.014,1.000,0,0
113.68,FLYING,APPROACH,0,,,,,100,0,11,0,0,54,CRUISE,,0.07,0.03,0.08,0.00,0.00,0.00,0.00,,yes,18.2,32,-0.005,6,8,0.000,1.000,0,0
113.73,FLYING,APPROACH,0,,,,,100,0,11,0,0,54,CRUISE,,0.08,0.03,0.06,0.00,0.00,0.00,0.00,,yes,18.4,32,0.006,6,7,0.000,1.000,0,0
113.79,FLYING,APPROACH,0,,,,,100,0,11,0,1,54,CRUISE,,0.05,0.02,0.05,0.00,0.00,0.00,0.00,,yes,17.7,34,0.001,5,7,0.045,1.000,0,1
113.86,FLYING,APPROACH,0,,,,,100,0,11,0,0,54,CRUISE,,0.04,0.02,0.04,0.00,0.00,0.00,0.00,,yes,15.1,43,-0.007,6,7,0.000,1.000,0,0
113.91,FLYING,APPROACH,0,,,,,100,0,11,0,1,54,CRUISE,,0.03,0.02,0.04,0.00,0.00,0.00,0.00,,yes,18.2,32,0.001,5,7,0.071,1.000,0,1
113.97,FLYING,APPROACH,0,,,,,100,0,11,0,0,54,CRUISE,,0.04,0.03,0.04,0.00,0.00,0.00,0.00,,yes,18.1,33,0.007,6,7,0.000,1.000,0,0
114.02,FLYING,APPROACH,0,,,,,100,0,11,0,1,54,CRUISE,,0.04,0.03,0.04,0.00,0.00,0.00,0.00,,yes,18.3,32,0.008,5,7,0.063,0.984,0,1
114.07,FLYING,APPROACH,0,,,,,100,0,11,0,0,54,CRUISE,,0.04,0.03,0.04,0.00,0.00,0.00,0.00,,yes,18.5,32,0.018,6,7,0.001,1.000,0,0
114.13,FLYING,APPROACH,0,,,,,100,0,11,0,1,54,CRUISE,,0.04,0.03,0.05,0.00,0.00,0.00,0.00,,yes,18.4,32,-0.027,5,8,0.064,0.984,0,1
114.18,FLYING,APPROACH,0,,,,,100,0,11,0,0,54,CRUISE,,0.04,0.03,0.05,0.00,0.00,0.00,0.00,,yes,18.2,32,-0.000,6,8,0.002,1.000,0,0
114.24,FLYING,APPROACH,0,,,,,100,0,11,0,0,54,CRUISE,,0.03,0.02,0.05,0.00,0.00,0.00,0.00,,yes,18.2,32,-0.005,6,8,0.000,1.000,0,0
114.29,FLYING,APPROACH,0,,,,,100,0,11,0,0,54,CRUISE,,0.03,0.02,0.04,0.00,0.00,0.00,0.00,,yes,18.2,32,-0.002,6,7,0.000,1.000,0,0
114.35,FLYING,APPROACH,0,,,,,100,0,11,0,0,54,CRUISE,,0.03,0.02,0.03,0.00,0.00,0.00,0.00,,yes,18.5,31,0.007,6,7,-0.015,1.000,0,0
114.40,FLYING,APPROACH,0,,,,,100,0,11,0,0,54,CRUISE,,0.03,0.01,0.05,0.00,0.00,0.00,0.00,,yes,18.2,32,-0.014,6,8,0.004,1.000,0,0
114.46,FLYING,APPROACH,0,,,,,100,0,11,0,-1,54,CRUISE,,0.03,0.02,0.05,0.00,0.00,0.00,0.00,,yes,17.9,33,0.020,6,6,-0.075,0.989,0,-1
114.51,FLYING,APPROACH,0,,,,,100,0,11,0,-2,54,CRUISE,,0.03,0.04,0.05,0.00,0.00,0.00,0.00,,yes,18.3,32,-0.012,6,7,-0.086,0.991,0,-2
114.57,FLYING,APPROACH,0,,,,,100,0,11,0,0,54,CRUISE,,0.03,0.07,0.04,0.00,0.00,0.00,0.00,,yes,18.5,31,0.035,6,8,0.000,1.000,0,0
114.62,FLYING,APPROACH,0,,,,,100,0,11,0,0,54,CRUISE,,0.15,0.09,0.07,0.00,0.00,0.00,0.00,,yes,18.3,32,0.078,6,7,-0.013,1.000,0,0
114.68,FLYING,APPROACH,0,,,,,100,0,11,0,-2,54,CRUISE,,0.20,0.09,0.08,0.00,0.00,0.00,0.00,,yes,17.7,33,-0.078,6,7,-0.114,0.988,0,-2
114.73,FLYING,APPROACH,0,,,,,100,0,11,0,0,54,CRUISE,,0.20,0.22,0.12,0.00,0.00,0.00,0.00,,yes,18.3,32,-0.009,6,8,-0.024,0.995,0,0
