time_s,mode,state,bananas_seen,label,det_conf,cls_conf,size_pct,hunger,lr,fb,ud,yaw,battery,brain,escape_dir,loom_l,loom_c,loom_r,escape_level,wobble_floor,loom_in_l,loom_in_r,hand,self_moving
7.60,FLYING,SCAN,0,,,,,100,0,0,0,14,89,ARMING,,0.00,0.00,0.00,0.00,0.00,0.00,0.00,,
8.04,FLYING,SCAN,0,,,,,100,0,0,0,23,89,ARMING,,0.23,0.08,0.15,0.00,0.00,0.00,0.00,,
8.10,FLYING,SCAN,0,,,,,100,0,0,0,29,89,ARMING,,0.73,0.38,0.57,0.00,0.00,0.00,0.00,,
8.19,FLYING,SCAN,0,,,,,100,0,0,0,32,89,ARMING,,0.59,0.80,0.53,0.00,0.00,0.00,0.00,,
8.21,FLYING,SCAN,0,,,,,100,0,0,0,35,89,ARMING,,0.47,1.00,0.50,0.00,0.00,0.00,0.00,,
8.23,FLYING,SCAN,0,,,,,100,0,0,0,36,89,ARMING,,0.40,1.12,0.49,0.00,0.00,0.00,0.00,,
8.31,FLYING,SCAN,0,,,,,100,0,0,0,38,89,ARMING,,0.37,0.82,0.48,0.00,0.00,0.00,0.00,,
8.33,FLYING,SCAN,0,,,,,100,0,0,0,38,89,ARMING,,0.36,0.67,0.47,0.00,0.00,0.00,0.00,,
8.37,FLYING,SCAN,0,,,,,100,0,0,0,39,89,ARMING,,0.35,0.59,0.36,0.00,0.00,0.00,0.00,,
8.44,FLYING,SCAN,0,,,,,100,0,0,0,39,89,ARMING,,0.37,0.54,0.30,0.00,0.00,0.00,0.00,,
8.46,FLYING,SCAN,0,,,,,100,0,0,0,39,89,ARMING,,0.38,0.50,0.27,0.00,0.00,0.00,0.00,,
8.48,FLYING,SCAN,0,,,,,100,0,0,0,39,89,ARMING,,0.39,0.49,0.28,0.00,0.00,0.00,0.00,,
8.54,FLYING,SCAN,0,,,,,100,0,0,0,39,89,ARMING,,0.40,0.62,0.28,0.00,0.00,0.00,0.00,,
8.56,FLYING,SCAN,0,,,,,100,0,0,0,39,89,ARMING,,0.40,0.69,0.29,0.00,0.00,0.00,0.00,,
8.59,FLYING,SCAN,0,,,,,100,0,0,0,39,89,ARMING,,0.33,0.83,0.27,0.00,0.00,0.00,0.00,,
8.68,FLYING,SCAN,0,,,,,100,0,0,0,39,89,ARMING,,0.30,0.68,0.27,0.00,0.00,0.00,0.00,,
8.70,FLYING,SCAN,0,,,,,100,0,0,0,39,89,ARMING,,0.31,0.60,0.27,0.00,0.00,0.00,0.00,,
8.73,FLYING,SCAN,0,,,,,100,0,0,0,39,89,ARMING,,0.39,0.42,0.27,0.00,0.00,0.00,0.00,,
8.80,FLYING,SCAN,0,,,,,100,0,0,0,39,89,ARMING,,0.44,0.26,0.39,0.00,0.00,0.00,0.00,,
8.83,FLYING,SCAN,0,,,,,100,0,0,0,39,89,ARMING,,0.47,0.21,0.44,0.00,0.00,0.00,0.00,,
8.87,FLYING,SCAN,0,,,,,100,0,0,0,39,89,ARMING,,0.38,0.16,0.38,0.00,0.00,0.00,0.00,,
8.94,FLYING,SCAN,0,,,,,100,0,0,0,39,89,ARMING,,0.28,0.16,0.35,0.00,0.00,0.00,0.00,,
8.96,FLYING,SCAN,0,,,,,100,0,0,0,39,89,ARMING,,0.23,0.13,0.36,0.00,0.00,0.00,0.00,,
9.01,FLYING,SCAN,0,,,,,100,0,0,0,39,89,ARMING,,0.21,0.20,0.37,0.00,0.00,0.00,0.00,,
9.07,FLYING,SCAN,0,,,,,100,0,0,0,39,89,ARMING,,0.21,0.29,0.37,0.00,0.00,0.00,0.00,,
9.09,FLYING,SCAN,0,,,,,100,0,0,0,39,89,ARMING,,0.15,0.33,0.44,0.00,0.00,0.00,0.00,,
9.11,FLYING,SCAN,0,,,,,100,0,0,0,39,89,ARMING,,0.13,0.39,0.59,0.00,0.00,0.00,0.00,,
9.17,FLYING,SCAN,0,,,,,100,0,0,0,39,89,ARMING,,0.13,0.61,0.66,0.00,0.00,0.00,0.00,,
9.19,FLYING,SCAN,0,,,,,100,0,0,0,39,89,ARMING,,0.13,0.72,0.70,0.00,0.00,0.00,0.00,,
9.21,FLYING,SCAN,0,,,,,100,0,0,0,39,89,ARMING,,0.43,0.77,0.80,0.00,0.00,0.00,0.00,,
9.27,FLYING,SCAN,0,,,,,100,0,0,0,39,89,ARMING,,0.27,0.70,1.06,0.00,0.00,0.00,0.00,,
9.29,FLYING,SCAN,0,,,,,100,0,0,0,39,89,ARMING,,0.65,0.66,1.18,0.00,0.00,0.00,0.00,,
9.34,FLYING,SCAN,0,,,,,100,0,0,0,39,89,ARMING,,0.53,0.54,1.16,0.00,0.00,0.00,0.00,,
9.41,FLYING,SCAN,0,,,,,100,0,0,0,39,89,CRUISE,,0.78,0.48,1.13,0.00,0.00,0.00,0.00,,
9.57,FLYING,SCAN,0,,,,,100,0,0,0,39,89,CRUISE,,0.00,0.00,0.00,0.00,0.00,0.00,0.00,,yes
9.61,FLYING,SCAN,0,,,,,100,0,0,0,39,89,CRUISE,,0.35,0.47,0.36,0.00,1.31,0.00,0.00,,yes
9.70,FLYING,SCAN,0,,,,,100,0,0,0,39,89,CRUISE,,0.47,1.45,1.75,0.00,0.92,0.00,0.02,,yes
9.75,FLYING,SCAN,0,,,,,100,0,0,0,39,89,CRUISE,,0.58,1.19,1.23,0.00,0.87,0.00,0.00,,yes
9.79,FLYING,SCAN,0,,,,,100,0,0,0,39,89,CRUISE,,0.54,1.01,0.93,0.00,1.31,0.00,0.00,,yes
9.88,FLYING,SCAN,0,,,,,100,0,0,0,39,89,CRUISE,,0.37,0.77,0.75,0.00,0.92,0.00,0.00,,yes
9.92,FLYING,SCAN,0,,,,,100,0,0,0,39,89,CRUISE,,0.28,0.66,0.66,0.00,0.87,0.00,0.00,,yes
9.97,FLYING,SCAN,0,,,,,100,0,0,0,39,89,CRUISE,,0.24,0.66,0.62,0.00,1.31,0.00,0.00,,yes
10.06,FLYING,SCAN,0,,,,,100,0,0,0,39,89,CRUISE,,0.13,0.66,0.60,0.00,0.92,0.00,0.00,,yes
10.10,FLYING,SCAN,0,,,,,100,0,0,0,39,89,CRUISE,,0.08,0.66,0.50,0.00,0.87,0.00,0.00,,yes
10.15,FLYING,SCAN,0,,,,,100,0,0,0,25,89,CRUISE,,1.09,0.80,0.45,0.00,0.61,0.00,0.00,,yes
10.39,FLYING,SCAN,0,,,,,100,0,0,0,16,89,CRUISE,,1.60,0.87,0.66,0.00,1.31,0.00,0.00,,yes
10.63,FLYING,SCAN,0,,,,,100,0,0,0,10,89,CRUISE,,1.21,0.57,0.76,0.00,1.75,0.00,0.00,,yes
10.88,FLYING,SCAN,0,,,,,100,0,0,0,21,89,CRUISE,,1.02,0.42,0.81,0.00,1.22,0.00,0.00,,yes
10.96,FLYING,SCAN,0,,,,,100,0,0,0,27,89,CRUISE,,0.92,0.33,0.66,0.00,1.31,0.00,0.00,,yes
11.01,FLYING,SCAN,0,,,,,100,0,0,0,32,89,CRUISE,,0.76,0.38,0.61,0.00,0.92,0.00,0.00,,yes
11.05,FLYING,SCAN,0,,,,,100,0,0,0,34,89,CRUISE,,0.68,0.41,0.59,0.00,0.64,0.00,0.00,,yes
11.14,FLYING,SCAN,0,,,,,100,0,0,0,36,89,CRUISE,,0.78,0.42,0.88,0.00,0.87,0.00,0.00,,yes
11.19,FLYING,SCAN,0,,,,,100,0,0,0,37,89,CRUISE,,0.83,0.36,1.02,0.00,0.61,0.00,0.00,,yes
11.23,FLYING,SCAN,0,,,,,100,0,0,0,38,89,CRUISE,,0.80,0.32,1.21,0.00,0.44,0.00,0.00,,yes
11.32,FLYING,SCAN,0,,,,,100,0,0,0,39,89,CRUISE,,0.75,0.36,1.05,0.00,0.31,0.00,0.00,,yes
11.36,FLYING,SCAN,0,,,,,100,0,0,0,39,89,CRUISE,,0.72,0.55,1.00,0.00,1.31,0.00,0.00,,yes
11.41,FLYING,SCAN,0,,,,,100,0,0,0,39,89,CRUISE,,0.56,0.64,0.98,0.00,1.31,0.00,0.00,,yes
11.49,FLYING,SCAN,0,,,,,100,0,0,0,39,89,CRUISE,,0.47,0.69,0.97,0.00,0.92,0.00,0.00,,yes
11.54,FLYING,SCAN,0,,,,,100,0,0,0,39,89,CRUISE,,0.43,0.91,0.92,0.00,0.87,0.00,0.00,,yes
11.59,FLYING,SCAN,0,,,,,100,0,0,0,39,89,CRUISE,,0.53,1.30,0.89,0.00,0.61,0.00,0.00,,yes
11.67,FLYING,SCAN,0,,,,,100,0,0,0,39,89,CRUISE,,0.58,1.49,0.90,0.00,1.31,0.00,0.00,,yes
11.72,FLYING,SCAN,0,,,,,100,0,0,0,39,89,CRUISE,,0.34,1.06,1.13,0.00,0.92,0.00,0.00,,yes
11.76,FLYING,SCAN,0,,,,,100,0,0,0,39,89,CRUISE,,0.21,0.84,1.25,0.00,0.64,0.00,0.00,,yes
11.85,FLYING,SCAN,0,,,,,100,0,0,0,39,89,CRUISE,,0.38,0.95,1.31,0.00,1.31,0.00,0.00,,yes
11.89,FLYING,SCAN,0,,,,,100,0,0,0,39,89,CRUISE,,0.46,1.19,1.06,0.00,0.92,0.00,0.00,,yes
11.94,FLYING,SCAN,0,,,,,100,0,0,0,39,89,CRUISE,,0.49,1.32,0.93,0.00,0.87,0.00,0.00,,yes
12.02,FLYING,SCAN,0,,,,,100,0,0,0,39,89,CRUISE,,0.32,1.38,0.83,0.00,0.61,0.00,0.00,,yes
12.07,FLYING,SCAN,0,,,,,100,0,0,0,39,89,CRUISE,,0.42,1.55,1.33,0.00,1.31,0.00,0.00,,yes
12.13,FLYING,SCAN,0,,,,,100,0,0,0,39,89,CRUISE,,0.78,1.26,1.10,0.00,0.92,0.00,0.00,,yes
12.21,FLYING,SCAN,0,,,,,100,0,0,0,39,89,CRUISE,,0.96,1.11,0.98,0.00,0.64,0.00,0.00,,yes
12.26,FLYING,SCAN,0,,,,,100,0,0,0,39,89,CRUISE,,1.03,1.04,0.86,0.00,1.31,0.00,0.00,,yes
12.30,FLYING,SCAN,0,,,,,100,0,0,0,39,89,CRUISE,,1.07,1.15,0.79,0.00,0.92,0.00,0.00,,yes
12.39,FLYING,SCAN,0,,,,,100,0,0,0,39,89,CRUISE,,1.09,1.20,0.76,0.00,0.87,0.00,0.00,,yes
12.43,FLYING,SCAN,0,,,,,100,0,0,0,39,89,CRUISE,,0.77,0.87,0.67,0.00,1.31,0.00,0.00,,yes
12.48,FLYING,SCAN,0,,,,,100,0,0,0,39,89,CRUISE,,0.61,0.70,0.63,0.00,0.92,0.00,0.00,,yes
12.56,FLYING,SCAN,0,,,,,100,0,0,0,39,89,CRUISE,,0.59,0.63,0.61,0.00,0.64,0.00,0.00,,yes
12.61,FLYING,SCAN,0,,,,,100,0,0,0,39,89,CRUISE,,1.04,1.06,0.53,0.00,1.31,0.00,0.00,,yes
12.66,FLYING,SCAN,0,,,,,100,0,0,0,39,89,CRUISE,,1.29,1.27,0.48,0.00,0.92,0.00,0.00,,yes
12.74,FLYING,SCAN,0,,,,,100,0,0,0,39,89,CRUISE,,1.39,1.37,0.38,0.00,0.87,0.00,0.00,,yes
12.79,FLYING,SCAN,0,,,,,100,0,0,0,39,89,CRUISE,,1.38,1.42,0.23,0.00,0.61,0.00,0.00,,yes
12.83,FLYING,SCAN,0,,,,,100,0,0,0,25,89,CRUISE,,1.37,1.45,0.16,0.00,1.31,0.00,0.00,,yes
13.08,FLYING,SCAN,0,,,,,100,0,0,0,16,89,CRUISE,,1.77,1.47,0.22,0.00,0.92,0.03,0.00,,yes
13.32,FLYING,SCAN,0,,,,,100,0,0,0,10,89,CRUISE,,1.97,0.96,0.25,0.00,1.75,0.00,0.00,,yes
13.56,FLYING,SCAN,0,,,,,100,0,0,0,21,89,CRUISE,,1.28,0.58,0.15,0.00,1.22,0.00,0.00,,yes
13.65,FLYING,SCAN,0,,,,,100,0,0,0,27,89,CRUISE,,0.91,0.36,0.10,0.00,0.87,0.00,0.00,,yes
13.70,FLYING,SCAN,0,,,,,100,0,0,0,32,89,CRUISE,,0.73,0.28,0.17,0.00,0.61,0.00,0.00,,yes
13.74,FLYING,SCAN,0,,,,,100,0,0,0,34,89,CRUISE,,0.91,0.33,0.36,0.00,0.43,0.00,0.00,,yes
13.83,FLYING,SCAN,0,,,,,100,0,0,0,36,89,CRUISE,,1.05,0.36,0.45,0.00,0.30,0.00,0.00,,yes
13.87,FLYING,SCAN,0,,,,,100,0,0,0,37,89,CRUISE,,1.07,0.37,0.44,0.00,0.44,0.00,0.00,,yes
13.92,FLYING,SCAN,0,,,,,100,0,0,0,38,89,CRUISE,,0.72,0.38,0.44,0.00,0.87,0.00,0.00,,yes
14.00,FLYING,SCAN,0,,,,,100,0,0,0,39,89,CRUISE,,0.54,0.44,0.44,0.00,0.61,0.00,0.00,,yes
14.05,FLYING,SCAN,0,,,,,100,0,0,0,39,89,CRUISE,,0.45,0.47,0.44,0.00,0.87,0.00,0.00,,yes
14.10,FLYING,SCAN,0,,,,,100,0,0,0,39,89,CRUISE,,0.68,0.66,0.44,0.00,0.61,0.00,0.00,,yes
14.18,FLYING,SCAN,0,,,,,100,0,0,0,39,89,CRUISE,,0.73,0.54,0.51,0.00,0.87,0.00,0.00,,yes
14.23,FLYING,SCAN,0,,,,,100,0,0,0,39,89,CRUISE,,0.76,0.50,0.59,0.00,1.31,0.00,0.00,,yes
14.27,FLYING,SCAN,0,,,,,100,0,0,0,39,89,CRUISE,,0.78,0.48,0.63,0.00,0.92,0.00,0.00,,yes
14.36,FLYING,SCAN,0,,,,,100,0,0,0,39,89,CRUISE,,0.70,0.47,1.12,0.00,1.31,0.00,0.00,,yes
14.40,FLYING,SCAN,0,,,,,100,0,0,0,39,89,CRUISE,,0.68,0.44,1.37,0.00,0.92,0.00,0.00,,yes
14.45,FLYING,SCAN,0,,,,,100,0,0,0,39,89,CRUISE,,0.68,0.43,1.23,0.00,0.87,0.00,0.00,,yes
14.54,FLYING,SCAN,0,,,,,100,0,0,0,39,89,CRUISE,,0.71,0.42,1.16,0.00,0.61,0.00,0.00,,yes
14.58,FLYING,SCAN,0,,,,,100,0,0,0,39,89,CRUISE,,0.73,0.37,1.17,0.00,0.87,0.00,0.00,,yes
14.63,FLYING,SCAN,0,,,,,100,0,0,0,39,89,CRUISE,,0.73,0.34,1.28,0.00,1.31,0.00,0.00,,yes
14.71,FLYING,SCAN,0,,,,,100,0,0,0,39,89,CRUISE,,0.66,0.60,1.33,0.00,0.92,0.00,0.00,,yes
14.76,FLYING,SCAN,0,,,,,100,0,0,0,39,89,CRUISE,,0.79,0.72,1.04,0.00,0.87,0.00,0.00,,yes
14.81,FLYING,SCAN,0,,,,,100,0,0,0,39,89,CRUISE,,0.85,0.46,0.72,0.00,0.61,0.00,0.00,,yes
14.89,FLYING,SCAN,0,,,,,100,0,0,0,39,89,CRUISE,,0.88,0.33,0.56,0.00,0.87,0.00,0.00,,yes
14.94,FLYING,SCAN,0,,,,,100,0,0,0,39,89,CRUISE,,0.57,0.44,0.50,0.00,0.87,0.00,0.00,,yes
14.98,FLYING,SCAN,0,,,,,100,0,0,0,39,89,CRUISE,,0.42,0.51,0.55,0.00,0.61,0.00,0.00,,yes
15.07,FLYING,SCAN,0,,,,,100,0,0,0,39,89,CRUISE,,0.85,0.93,0.67,0.00,1.75,0.00,0.00,,yes
15.11,FLYING,SCAN,0,,,,,100,0,0,0,39,89,CRUISE,,1.07,1.14,0.73,0.00,1.22,0.00,0.00,,yes
15.16,FLYING,SCAN,0,,,,,100,0,0,0,39,89,CRUISE,,1.31,0.87,0.76,0.00,0.87,0.00,0.00,,yes
15.24,FLYING,SCAN,0,,,,,100,0,0,0,39,89,CRUISE,,1.67,0.73,0.70,0.00,0.61,0.13,0.00,,yes
15.29,FLYING,SCAN,0,,,,,100,0,0,0,39,89,CRUISE,,1.86,0.79,0.67,0.00,1.31,0.00,0.00,,yes
15.34,FLYING,SCAN,0,,,,,100,0,0,0,39,89,CRUISE,,1.91,0.89,0.65,0.00,1.31,0.00,0.00,,yes
15.42,FLYING,SCAN,0,,,,,100,0,0,0,39,89,CRUISE,,1.89,1.20,1.21,0.00,0.92,0.09,0.00,,yes
15.47,FLYING,SCAN,0,,,,,100,0,0,0,39,89,CRUISE,,1.93,1.35,1.49,0.00,0.87,0.13,0.00,,yes
15.52,FLYING,SCAN,0,,,,,100,0,0,0,39,89,AVOID_RIGHT,,3.56,0.83,1.63,0.37,0.61,1.00,0.11,,yes
15.60,FLYING,SCAN,0,,,,,100,0,0,0,39,89,AVOID_RIGHT,,4.88,0.57,1.27,0.62,0.87,1.00,0.00,,yes
15.65,FLYING,SCAN,0,,,,,100,0,0,0,39,89,ESCAPE,,5.54,0.53,0.98,0.76,1.31,1.00,0.00,,yes
15.70,FLYING,SCAN,0,,,,,100,0,0,0,39,89,ESCAPE,,5.82,0.67,0.84,0.95,0.92,1.00,0.00,,yes
15.78,FLYING,SCAN,0,,,,,100,0,0,0,25,89,ESCAPE,,5.19,2.10,1.41,0.94,0.87,1.00,0.21,,yes
16.03,FLYING,SCAN,0,,,,,100,0,0,0,16,89,ESCAPE,,4.88,2.81,1.70,1.00,0.61,1.00,0.70,,yes
16.27,FLYING,SCAN,0,,,,,100,0,0,0,10,89,ESCAPE,,3.51,1.88,1.57,1.00,2.62,0.04,0.00,,yes
16.51,FLYING,SCAN,0,,,,,100,0,0,0,21,89,ESCAPE,,2.49,0.94,1.08,0.64,1.83,0.00,0.00,,yes
16.56,FLYING,SCAN,0,,,,,100,0,0,0,27,89,ESCAPE,,1.98,0.47,0.59,0.36,1.28,0.00,0.00,,yes
16.61,FLYING,SCAN,0,,,,,100,0,0,0,32,89,ESCAPE,,1.76,0.24,0.29,0.20,0.90,0.03,0.00,,yes
16.69,FLYING,SCAN,0,,,,,100,0,0,0,34,89,ESCAPE,,2.97,0.13,0.15,0.35,0.63,0.77,0.00,,yes
16.74,FLYING,SCAN,0,,,,,100,0,0,0,36,89,ESCAPE,,3.57,0.97,0.50,0.72,0.44,1.00,0.00,,yes
16.79,FLYING,SCAN,0,,,,,100,0,0,0,37,89,ESCAPE,,3.86,1.59,0.76,0.96,0.31,1.00,0.24,,yes
16.88,FLYING,SCAN,0,,,,,100,0,0,0,38,89,ESCAPE,,3.48,1.70,0.85,1.00,0.22,1.00,0.34,,yes
16.92,FLYING,SCAN,0,,,,,100,0,0,0,39,89,ESCAPE,,3.28,1.67,0.90,1.00,1.31,0.59,0.00,,yes
16.97,FLYING,SCAN,0,,,,,100,0,0,0,39,89,ESCAPE,,2.49,1.65,0.92,0.82,0.92,0.39,0.00,,yes
17.06,FLYING,SCAN,0,,,,,100,0,0,0,39,89,ESCAPE,,2.06,1.64,0.73,0.57,0.87,0.19,0.00,,yes
17.10,FLYING,SCAN,0,,,,,100,0,0,0,39,89,ESCAPE,,1.38,1.62,0.88,0.32,0.61,0.11,0.11,,yes
17.15,FLYING,SCAN,0,,,,,100,0,0,0,39,89,ESCAPE,,1.03,1.61,0.95,0.18,1.31,0.00,0.00,,yes
17.23,FLYING,SCAN,0,,,,,100,0,0,0,39,89,ESCAPE,,1.31,1.77,1.08,0.10,0.92,0.03,0.03,,yes
17.28,FLYING,SCAN,0,,,,,100,0,0,0,39,89,ESCAPE,,1.59,2.05,1.15,0.19,0.87,0.19,0.19,,yes
17.33,FLYING,SCAN,0,,,,,100,0,0,0,39,89,ESCAPE,,1.79,2.18,1.18,0.14,1.31,0.04,0.04,,yes
17.41,FLYING,SCAN,0,,,,,100,0,0,0,39,89,ESCAPE,,1.88,1.41,2.67,0.23,0.92,0.08,0.47,,yes
17.46,FLYING,SCAN,0,,,,,100,0,0,0,39,89,ESCAPE,,1.93,1.03,3.41,0.47,1.31,0.00,0.65,,yes
17.51,FLYING,SCAN,0,,,,,100,0,0,0,39,89,ESCAPE,,2.30,1.80,3.56,0.93,0.92,0.29,0.92,,yes
17.59,FLYING,SCAN,0,,,,,100,0,0,0,39,89,ESCAPE,,2.49,2.18,3.00,0.85,1.31,0.19,0.44,,yes
17.64,FLYING,SCAN,0,,,,,100,0,0,0,39,89,ESCAPE,,2.30,2.33,2.41,0.89,0.92,0.31,0.35,,yes
17.70,FLYING,SCAN,0,,,,,100,0,0,0,39,89,ESCAPE,,2.21,2.40,2.06,1.00,0.64,0.48,0.48,,yes
17.78,FLYING,SCAN,0,,,,,100,0,0,0,39,89,ESCAPE,,2.16,2.48,1.95,1.00,0.87,0.40,0.40,,yes
17.83,FLYING,SCAN,0,,,,,100,0,0,0,39,89,ESCAPE,,1.93,2.52,1.83,1.00,0.61,0.55,0.55,,yes
17.88,FLYING,SCAN,0,,,,,100,0,0,0,39,89,ESCAPE,,1.81,2.65,1.68,0.93,1.75,0.05,0.05,,yes
17.97,FLYING,SCAN,0,,,,,100,0,0,0,39,89,ESCAPE,,2.81,2.56,1.39,0.67,1.22,0.40,0.27,,yes
18.01,FLYING,SCAN,0,,,,,100,0,0,0,39,89,AVOID_RIGHT,,3.32,2.52,1.06,1.00,0.87,0.82,0.42,,yes
18.06,FLYING,SCAN,0,,,,,100,0,0,0,39,89,AVOID_RIGHT,,3.62,2.20,1.08,1.00,1.31,0.75,0.05,,yes
18.15,FLYING,SCAN,0,,,,,100,0,0,0,39,89,AVOID_RIGHT,,3.56,2.04,2.61,1.00,0.92,0.92,0.45,,yes
18.20,FLYING,SCAN,0,,,,,100,0,0,0,39,89,AVOID_RIGHT,,3.52,1.96,3.37,1.00,1.31,0.71,0.63,,yes
18.24,FLYING,SCAN,0,,,,,100,0,0,0,39,89,AVOID_RIGHT,,3.51,2.40,2.10,1.00,1.31,0.70,0.15,,yes
18.33,FLYING,SCAN,0,,,,,100,0,0,0,39,89,AVOID_RIGHT,,3.81,1.80,1.46,1.00,0.92,1.00,0.04,,yes
18.38,FLYING,SCAN,0,,,,,100,0,0,0,39,89,AVOID_RIGHT,,3.95,1.49,1.12,1.00,1.31,0.92,0.00,,yes
18.43,FLYING,SCAN,0,,,,,100,0,0,0,39,89,AVOID_RIGHT,,4.18,1.34,1.07,1.00,0.92,1.00,0.00,,yes
18.51,FLYING,SCAN,0,,,,,100,0,0,0,39,89,AVOID_RIGHT,,3.85,1.55,1.11,0.98,0.87,1.00,0.00,,yes
18.56,FLYING,SCAN,0,,,,,100,0,0,0,39,89,AVOID_RIGHT,,3.68,1.71,1.13,0.91,1.31,0.79,0.00,,yes
18.61,FLYING,SCAN,0,,,,,100,0,0,0,39,89,AVOID_RIGHT,,2.98,2.64,1.19,0.92,0.92,0.63,0.46,,yes
18.69,FLYING,SCAN,0,,,,,100,0,0,0,25,89,AVOID_RIGHT,,2.63,3.18,3.09,1.00,1.31,0.54,0.54,,yes
18.94,FLYING,SCAN,0,,,,,100,0,0,0,16,89,AVOID_RIGHT,,2.61,4.01,4.04,1.00,0.92,1.00,1.00,,yes
19.18,FLYING,SCAN,0,,,,,100,0,0,0,10,89,AVOID_RIGHT,,2.60,3.87,2.61,1.00,2.62,0.23,0.23,,yes
19.42,FLYING,SCAN,0,,,,,100,0,0,0,21,89,AVOID_RIGHT,,1.62,2.35,1.66,0.81,1.83,0.00,0.00,,yes
19.47,FLYING,SCAN,0,,,,,100,0,0,0,27,89,AVOID_RIGHT,,1.13,1.43,1.06,0.45,1.28,0.00,0.00,,yes
19.52,FLYING,SCAN,0,,,,,100,0,0,0,32,89,CRUISE,,1.05,0.93,0.76,0.26,0.90,0.00,0.00,,yes
19.60,FLYING,SCAN,0,,,,,100,0,0,0,34,89,CRUISE,,2.14,0.69,0.67,0.26,0.63,0.36,0.00,,yes
19.65,FLYING,SCAN,0,,,,,100,0,0,0,36,89,AVOID_RIGHT,,2.69,0.57,0.63,0.40,0.44,0.72,0.00,,yes
19.70,FLYING,SCAN,0,,,,,100,0,0,0,37,89,AVOID_RIGHT,,2.96,0.63,0.60,0.60,0.31,0.93,0.00,,yes
19.79,FLYING,SCAN,0,,,,,100,0,0,0,38,89,AVOID_RIGHT,,2.96,0.78,0.83,0.75,0.22,0.97,0.00,,yes
19.83,FLYING,SCAN,0,,,,,100,0,0,0,39,89,AVOID_RIGHT,,2.47,0.92,0.94,0.71,0.87,0.40,0.00,,yes
19.88,FLYING,SCAN,0,,,,,100,0,0,0,39,89,AVOID_RIGHT,,2.22,0.99,0.67,0.53,0.61,0.41,0.00,,yes
19.97,FLYING,SCAN,0,,,,,100,0,0,0,39,89,AVOID_RIGHT,,2.38,2.07,0.53,0.86,0.43,0.58,0.42,,yes
20.02,FLYING,SCAN,0,,,,,100,0,0,0,39,89,AVOID_RIGHT,,2.46,2.62,0.30,0.94,0.87,0.47,0.47,,yes
20.06,FLYING,SCAN,0,,,,,100,0,0,0,39,89,CRUISE,,2.43,2.84,0.18,1.00,0.61,0.71,0.71,,yes
20.16,FLYING,SCAN,0,,,,,100,0,0,0,39,89,AVOID_RIGHT,,2.12,2.70,0.10,1.00,0.87,0.51,0.51,,yes
20.21,FLYING,SCAN,0,,,,,100,0,0,0,39,89,AVOID_RIGHT,,1.60,2.63,0.05,0.96,1.75,0.04,0.04,,yes
20.25,FLYING,SCAN,0,,,,,100,0,0,0,39,89,CRUISE,,1.34,2.00,0.03,0.54,1.22,0.00,0.00,,yes
20.34,FLYING,SCAN,0,,,,,100,0,0,0,39,89,CRUISE,,2.00,1.68,0.02,0.30,0.87,0.16,0.01,,yes
20.39,FLYING,SCAN,0,,,,,100,0,0,0,39,89,CRUISE,,2.32,1.53,0.01,0.28,0.87,0.33,0.00,,yes
20.43,FLYING,SCAN,0,,,,,100,0,0,0,39,89,AVOID_RIGHT,,2.63,1.53,0.01,0.42,0.61,0.61,0.06,,yes
20.52,FLYING,SCAN,0,,,,,100,0,0,0,39,89,AVOID_RIGHT,,3.65,1.17,0.01,0.49,1.75,0.55,0.00,,yes
20.57,FLYING,SCAN,0,,,,,100,0,0,0,39,89,ESCAPE,,4.16,0.99,0.03,0.80,1.22,1.00,0.00,,yes
20.62,FLYING,SCAN,0,,,,,100,0,0,0,39,89,ESCAPE,,4.41,0.51,0.03,0.86,0.86,1.00,0.00,,yes
20.70,FLYING,SCAN,0,,,,,100,0,0,0,39,89,ESCAPE,,5.16,0.27,0.21,0.89,1.75,1.00,0.00,,yes
20.75,FLYING,SCAN,0,,,,,100,0,0,0,39,89,ESCAPE,,5.53,0.16,0.41,0.97,1.31,1.00,0.00,,yes
20.80,FLYING,SCAN,0,,,,,100,0,0,0,39,89,ESCAPE,,4.28,0.09,0.64,1.00,0.92,1.00,0.00,,yes
20.89,FLYING,SCAN,0,,,,,100,0,0,0,39,89,ESCAPE,,2.47,0.05,0.62,0.91,0.87,0.40,0.00,,yes
20.93,FLYING,SCAN,0,,,,,100,0,0,0,39,89,ESCAPE,,2.75,0.03,0.53,0.81,0.61,0.67,0.00,,yes
20.98,FLYING,SCAN,0,,,,,100,0,0,0,39,89,ESCAPE,,2.94,0.02,0.48,0.72,1.31,0.41,0.00,,yes
21.07,FLYING,SCAN,0,,,,,100,0,0,0,39,89,ESCAPE,,3.03,0.01,0.45,0.66,0.92,0.66,0.00,,yes
21.11,FLYING,SCAN,0,,,,,100,0,0,0,39,89,ESCAPE,,2.56,0.01,0.42,0.48,1.75,0.01,0.00,,yes
21.16,FLYING,SCAN,0,,,,,100,0,0,0,39,89,ESCAPE,,2.17,0.01,0.41,0.27,1.31,0.03,0.00,,yes
21.24,FLYING,SCAN,0,,,,,100,0,0,0,39,89,ESCAPE,,1.72,0.01,0.54,0.15,0.92,0.00,0.00,,yes
21.29,FLYING,SCAN,0,,,,,100,0,0,0,39,89,ESCAPE,,1.06,0.00,0.60,0.09,1.31,0.00,0.00,,yes
21.34,FLYING,SCAN,0,,,,,100,0,0,0,39,89,ESCAPE,,0.54,0.00,0.63,0.05,0.92,0.00,0.00,,yes
21.42,FLYING,SCAN,0,,,,,100,0,0,0,39,89,ESCAPE,,0.29,0.00,0.74,0.03,1.75,0.00,0.00,,yes
21.47,FLYING,SCAN,0,,,,,100,0,0,0,25,89,ESCAPE,,0.18,0.42,0.80,0.02,1.31,0.00,0.00,,yes
21.71,FLYING,SCAN,0,,,,,100,0,0,0,16,89,ESCAPE,,0.12,0.63,0.62,0.01,0.92,0.00,0.00,,yes
21.95,FLYING,SCAN,0,,,,,100,0,0,0,10,89,ESCAPE,,0.08,0.39,0.50,0.00,3.05,0.00,0.00,,yes
22.20,FLYING,SCAN,0,,,,,100,0,0,0,21,89,ESCAPE,,0.06,0.27,0.44,0.00,2.14,0.00,0.00,,yes
22.24,FLYING,SCAN,0,,,,,100,0,0,0,27,89,ESCAPE,,0.03,0.29,0.34,0.00,1.50,0.00,0.00,,yes
22.33,FLYING,SCAN,0,,,,,100,0,0,0,32,89,ESCAPE,,0.04,0.41,0.28,0.00,1.05,0.00,0.00,,yes
22.38,FLYING,SCAN,0,,,,,100,0,0,0,34,89,ESCAPE,,0.06,0.36,0.26,0.00,0.73,0.00,0.00,,yes
22.42,FLYING,SCAN,0,,,,,100,0,0,0,36,89,ESCAPE,,0.08,0.43,0.28,0.00,0.51,0.00,0.00,,yes
22.51,FLYING,SCAN,0,,,,,100,0,0,0,37,89,ESCAPE,,0.10,0.40,0.25,0.00,0.44,0.00,0.00,,yes
22.55,FLYING,SCAN,0,,,,,100,0,0,0,38,89,ESCAPE,,0.10,0.39,0.35,0.00,0.31,0.00,0.00,,yes
22.60,FLYING,SCAN,0,,,,,100,0,0,0,39,89,ESCAPE,,0.07,0.37,0.41,0.00,0.44,0.00,0.00,,yes
22.69,FLYING,SCAN,0,,,,,100,0,0,0,39,89,ESCAPE,,0.04,0.30,0.43,0.00,0.31,0.00,0.00,,yes
22.73,FLYING,SCAN,0,,,,,100,0,0,0,39,89,ESCAPE,,0.03,0.33,0.49,0.00,0.87,0.00,0.00,,yes
22.78,FLYING,SCAN,0,,,,,100,0,0,0,39,89,ESCAPE,,0.02,0.38,0.52,0.00,1.31,0.00,0.00,,yes
22.86,FLYING,SCAN,0,,,,,100,0,0,0,39,89,ESCAPE,,0.04,0.40,0.54,0.00,0.92,0.00,0.00,,yes
22.91,FLYING,SCAN,0,,,,,100,0,0,0,39,89,CRUISE,,0.27,0.31,0.53,0.00,2.18,0.00,0.00,,yes
22.96,FLYING,SCAN,0,,,,,100,0,0,0,39,89,CRUISE,,0.38,0.26,0.53,0.00,1.53,0.00,0.00,,yes
23.04,FLYING,SCAN,0,,,,,100,0,0,0,39,89,CRUISE,,0.56,0.32,0.66,0.00,1.07,0.00,0.00,,yes
23.09,FLYING,SCAN,0,,,,,100,0,0,0,39,89,CRUISE,,0.65,0.34,0.72,0.00,1.31,0.00,0.00,,yes
23.14,FLYING,SCAN,0,,,,,100,0,0,0,39,89,CRUISE,,0.57,0.48,1.54,0.00,0.92,0.00,0.00,,yes
23.23,FLYING,SCAN,0,,,,,100,0,0,0,39,89,CRUISE,,0.47,0.38,1.07,0.00,1.31,0.00,0.00,,yes
23.28,FLYING,SCAN,0,,,,,100,0,0,0,39,89,CRUISE,,0.48,0.34,1.23,0.00,0.92,0.00,0.00,,yes
23.32,FLYING,SCAN,0,,,,,100,0,0,0,39,89,CRUISE,,0.65,0.32,1.31,0.00,0.87,0.00,0.00,,yes
23.41,FLYING,SCAN,0,,,,,100,0,0,0,39,89,CRUISE,,0.84,0.54,1.60,0.00,0.61,0.00,0.10,,yes
23.46,FLYING,SCAN,0,,,,,100,0,0,0,39,89,CRUISE,,0.94,0.65,1.75,0.00,1.31,0.00,0.00,,yes
23.50,FLYING,SCAN,0,,,,,100,0,0,0,39,89,CRUISE,,0.94,0.66,1.46,0.00,0.92,0.00,0.00,,yes
23.59,FLYING,SCAN,0,,,,,100,0,0,0,39,89,CRUISE,,0.66,0.65,1.31,0.00,0.64,0.00,0.00,,yes
23.64,FLYING,SCAN,0,,,,,100,0,0,0,39,89,CRUISE,,0.80,0.66,1.19,0.00,1.31,0.00,0.00,,yes
23.68,FLYING,SCAN,0,,,,,100,0,0,0,39,89,CRUISE,,1.10,0.77,1.12,0.00,0.92,0.00,0.00,,yes
23.77,FLYING,SCAN,0,,,,,100,0,0,0,39,89,CRUISE,,1.43,0.86,1.09,0.00,0.87,0.00,0.00,,yes
23.81,FLYING,SCAN,0,,,,,100,0,0,0,39,89,CRUISE,,1.59,0.90,1.19,0.00,1.31,0.00,0.00,,yes
23.86,FLYING,SCAN,0,,,,,100,0,0,0,39,89,CRUISE,,1.45,0.92,1.09,0.00,0.92,0.00,0.00,,yes
23.95,FLYING,SCAN,0,,,,,100,0,0,0,39,89,CRUISE,,1.38,1.15,0.81,0.00,0.87,0.00,0.00,,yes
23.99,FLYING,SCAN,0,,,,,100,0,0,0,39,89,CRUISE,,1.35,1.26,0.66,0.00,0.61,0.00,0.00,,yes
24.04,FLYING,SCAN,0,,,,,100,0,0,0,39,89,CRUISE,,1.67,1.15,0.67,0.00,1.31,0.00,0.00,,yes
24.12,FLYING,SCAN,0,,,,,100,0,0,0,39,89,CRUISE,,1.32,1.09,0.99,0.00,0.92,0.00,0.00,,yes
24.17,FLYING,SCAN,0,,,,,100,0,0,0,25,89,CRUISE,,1.03,1.80,1.15,0.00,1.31,0.00,0.00,,yes
24.41,FLYING,SCAN,0,,,,,100,0,0,0,16,89,CRUISE,,0.88,2.15,1.22,0.00,0.92,0.22,0.22,,yes
24.66,FLYING,SCAN,0,,,,,100,0,0,0,10,89,CRUISE,,0.80,2.14,0.97,0.00,2.62,0.00,0.00,,yes
24.90,FLYING,SCAN,0,,,,,100,0,0,0,21,89,CRUISE,,0.56,1.29,0.87,0.00,1.83,0.00,0.00,,yes
24.95,FLYING,SCAN,0,,,,,100,0,0,0,27,89,CRUISE,,0.43,0.81,0.83,0.00,1.28,0.00,0.00,,yes
25.03,FLYING,SCAN,0,,,,,100,0,0,0,32,89,CRUISE,,0.42,0.63,0.80,0.00,0.90,0.00,0.00,,yes
25.08,FLYING,SCAN,0,,,,,100,0,0,0,34,89,CRUISE,,1.54,0.72,0.60,0.00,0.63,0.06,0.00,,yes
25.13,FLYING,SCAN,0,,,,,100,0,0,0,36,89,CRUISE,,3.29,0.91,0.49,0.41,0.44,1.00,0.00,,yes
25.22,FLYING,SCAN,0,,,,,100,0,0,0,37,89,AVOID_RIGHT,,3.34,0.87,0.78,0.64,0.87,0.83,0.00,,yes
25.26,FLYING,SCAN,0,,,,,100,0,0,0,38,89,AVOID_RIGHT,,3.36,0.84,0.92,0.77,0.61,0.98,0.00,,yes
25.31,FLYING,SCAN,0,,,,,100,0,0,0,39,89,ESCAPE,,2.45,0.83,0.74,0.73,0.87,0.39,0.00,,yes
25.40,FLYING,SCAN,0,,,,,100,0,0,0,39,89,ESCAPE,,1.79,0.73,0.59,0.52,0.61,0.19,0.00,,yes
25.45,FLYING,SCAN,0,,,,,100,0,0,0,39,89,ESCAPE,,1.35,0.69,0.58,0.29,1.31,0.00,0.00,,yes
25.49,FLYING,SCAN,0,,,,,100,0,0,0,39,89,ESCAPE,,1.13,0.67,0.65,0.16,0.92,0.00,0.00,,yes
25.58,FLYING,SCAN,0,,,,,100,0,0,0,39,89,ESCAPE,,1.02,0.74,0.80,0.09,0.64,0.00,0.00,,yes
25.62,FLYING,SCAN,0,,,,,100,0,0,0,39,89,ESCAPE,,0.85,0.81,0.77,0.05,1.31,0.00,0.00,,yes
25.67,FLYING,SCAN,0,,,,,100,0,0,0,39,89,ESCAPE,,0.68,0.96,0.75,0.03,0.92,0.00,0.00,,yes
25.76,FLYING,SCAN,0,,,,,100,0,0,0,39,89,ESCAPE,,0.59,0.92,0.72,0.02,1.31,0.00,0.00,,yes
25.80,FLYING,SCAN,0,,,,,100,0,0,0,39,89,ESCAPE,,0.62,1.21,0.71,0.01,1.31,0.00,0.00,,yes
25.85,FLYING,SCAN,0,,,,,100,0,0,0,39,89,ESCAPE,,0.95,1.36,0.70,0.01,0.92,0.00,0.00,,yes
25.93,FLYING,SCAN,0,,,,,100,0,0,0,39,89,ESCAPE,,1.56,1.43,0.95,0.00,0.87,0.00,0.00,,yes
25.98,FLYING,SCAN,0,,,,,100,0,0,0,39,89,ESCAPE,,2.09,1.14,1.10,0.00,0.61,0.34,0.00,,yes
26.03,FLYING,SCAN,0,,,,,100,0,0,0,39,89,ESCAPE,,2.47,1.00,1.17,0.15,1.31,0.18,0.00,,yes
26.11,FLYING,SCAN,0,,,,,100,0,0,0,39,89,ESCAPE,,3.10,1.29,1.61,0.32,0.92,0.69,0.00,,yes
26.16,FLYING,SCAN,0,,,,,100,0,0,0,39,89,ESCAPE,,3.41,1.44,1.83,0.55,1.31,0.65,0.00,,yes
26.21,FLYING,SCAN,0,,,,,100,0,0,0,39,89,ESCAPE,,2.94,1.18,1.89,0.57,1.31,0.41,0.00,,yes
26.30,FLYING,SCAN,0,,,,,100,0,0,0,39,89,ESCAPE,,2.63,1.04,1.64,0.58,0.92,0.46,0.00,,yes
26.34,FLYING,SCAN,0,,,,,100,0,0,0,39,89,ESCAPE,,2.17,0.96,1.28,0.44,1.31,0.03,0.00,,yes
26.39,FLYING,SCAN,0,,,,,100,0,0,0,39,89,ESCAPE,,1.94,1.11,1.09,0.25,0.92,0.11,0.00,,yes
26.48,FLYING,SCAN,0,,,,,100,0,0,0,39,89,ESCAPE,,2.57,1.18,1.00,0.25,0.87,0.45,0.00,,yes
26.52,FLYING,SCAN,0,,,,,100,0,0,0,39,89,ESCAPE,,3.17,1.21,0.81,0.40,1.31,0.53,0.00,,yes
26.57,FLYING,SCAN,0,,,,,100,0,0,0,39,89,ESCAPE,,3.47,1.22,0.62,0.64,0.92,0.88,0.00,,yes
26.66,FLYING,SCAN,0,,,,,100,0,0,0,39,89,ESCAPE,,3.62,0.92,0.53,0.77,1.31,0.75,0.00,,yes
26.71,FLYING,SCAN,0,,,,,100,0,0,0,39,89,ESCAPE,,2.99,0.78,0.55,0.72,0.92,0.63,0.00,,yes
26.75,FLYING,SCAN,0,,,,,100,0,0,0,39,89,ESCAPE,,1.80,0.70,0.78,0.52,0.64,0.18,0.00,,yes
26.84,FLYING,SCAN,0,,,,,100,0,0,0,39,89,ESCAPE,,1.21,1.33,1.01,0.29,0.45,0.04,0.04,,yes
26.88,FLYING,SCAN,0,,,,,100,0,0,0,25,89,ESCAPE,,1.19,1.65,1.12,0.16,1.31,0.00,0.00,,yes
27.13,FLYING,SCAN,0,,,,,100,0,0,0,16,89,ESCAPE,,1.17,1.06,0.91,0.09,0.92,0.00,0.00,,yes
27.37,FLYING,SCAN,0,,,,,100,0,0,0,10,89,ESCAPE,,1.02,0.67,0.80,0.05,1.31,0.00,0.00,,yes
27.61,FLYING,SCAN,0,,,,,100,0,0,0,21,89,ESCAPE,,0.82,0.55,0.75,0.03,1.75,0.00,0.00,,yes
27.66,FLYING,SCAN,0,,,,,100,0,0,0,27,89,CRUISE,,0.84,0.41,0.71,0.02,1.22,0.00,0.00,,yes
27.75,FLYING,SCAN,0,,,,,100,0,0,0,32,89,CRUISE,,0.99,0.42,0.69,0.01,0.86,0.00,0.00,,yes
27.79,FLYING,SCAN,0,,,,,100,0,0,0,34,89,CRUISE,,1.07,0.34,0.68,0.01,0.60,0.00,0.00,,yes
27.84,FLYING,SCAN,0,,,,,100,0,0,0,36,89,CRUISE,,0.74,0.33,0.79,0.00,0.42,0.00,0.00,,yes
27.93,FLYING,SCAN,0,,,,,100,0,0,0,37,89,CRUISE,,0.58,0.30,0.73,0.00,0.44,0.00,0.00,,yes
27.97,FLYING,SCAN,0,,,,,100,0,0,0,38,89,CRUISE,,0.57,0.28,0.70,0.00,0.31,0.00,0.00,,yes
28.02,FLYING,SCAN,0,,,,,100,0,0,0,39,89,CRUISE,,0.59,0.27,0.69,0.00,0.87,0.00,0.00,,yes
28.11,FLYING,SCAN,0,,,,,100,0,0,0,39,89,CRUISE,,0.79,0.47,0.68,0.00,0.61,0.00,0.00,,yes
28.15,FLYING,SCAN,0,,,,,100,0,0,0,39,89,CRUISE,,1.00,0.93,0.51,0.00,0.87,0.00,0.00,,yes
28.20,FLYING,SCAN,0,,,,,100,0,0,0,39,89,CRUISE,,1.29,1.16,0.42,0.00,1.31,0.00,0.00,,yes
28.28,FLYING,SCAN,0,,,,,100,0,0,0,39,89,CRUISE,,1.44,0.63,0.97,0.00,0.92,0.00,0.00,,yes
28.33,FLYING,SCAN,0,,,,,100,0,0,0,39,89,CRUISE,,1.52,0.36,1.24,0.00,0.87,0.00,0.00,,yes
28.38,FLYING,SCAN,0,,,,,100,0,0,0,39,89,CRUISE,,1.16,0.55,1.38,0.00,0.61,0.00,0.00,,yes
28.46,FLYING,SCAN,0,,,,,100,0,0,0,39,89,CRUISE,,0.82,0.65,1.31,0.00,1.31,0.00,0.00,,yes
28.51,FLYING,SCAN,0,,,,,100,0,0,0,39,89,CRUISE,,0.65,0.65,0.91,0.00,0.92,0.00,0.00,,yes
28.56,FLYING,SCAN,0,,,,,100,0,0,0,39,89,CRUISE,,0.57,0.65,0.71,0.00,0.64,0.00,0.00,,yes
28.64,FLYING,SCAN,0,,,,,100,0,0,0,39,89,CRUISE,,0.42,0.55,0.71,0.00,1.31,0.00,0.00,,yes
28.69,FLYING,SCAN,0,,,,,100,0,0,0,39,89,CRUISE,,0.49,0.50,0.71,0.00,0.92,0.00,0.00,,yes
28.74,FLYING,SCAN,0,,,,,100,0,0,0,39,89,CRUISE,,0.64,0.48,0.68,0.00,0.87,0.00,0.00,,yes
28.82,FLYING,SCAN,0,,,,,100,0,0,0,39,89,CRUISE,,0.71,0.57,0.67,0.00,0.61,0.00,0.00,,yes
28.87,FLYING,SCAN,0,,,,,100,0,0,0,39,89,CRUISE,,1.12,0.81,0.76,0.00,1.31,0.00,0.00,,yes
28.91,FLYING,SCAN,0,,,,,100,0,0,0,39,89,CRUISE,,0.71,0.76,0.81,0.00,1.31,0.00,0.00,,yes
29.00,FLYING,SCAN,0,,,,,100,0,0,0,39,89,CRUISE,,0.58,0.73,0.83,0.00,0.92,0.00,0.00,,yes
29.05,FLYING,SCAN,0,,,,,100,0,0,0,39,89,CRUISE,,0.51,0.51,0.89,0.00,0.87,0.00,0.00,,yes
29.09,FLYING,SCAN,0,,,,,100,0,0,0,39,89,CRUISE,,1.15,0.40,1.14,0.00,0.61,0.00,0.00,,yes
29.18,FLYING,SCAN,0,,,,,100,0,0,0,39,89,CRUISE,,1.46,0.34,1.26,0.00,1.75,0.00,0.00,,yes
29.23,FLYING,SCAN,0,,,,,100,0,0,0,39,89,CRUISE,,0.90,0.33,1.04,0.00,1.31,0.00,0.00,,yes
29.27,FLYING,SCAN,0,,,,,100,0,0,0,39,89,CRUISE,,0.61,0.33,0.92,0.00,0.92,0.00,0.00,,yes
29.36,FLYING,SCAN,0,,,,,100,0,0,0,39,89,CRUISE,,0.65,0.47,0.87,0.00,1.31,0.00,0.00,,yes
29.40,FLYING,SCAN,0,,,,,100,0,0,0,39,89,CRUISE,,1.32,0.60,1.22,0.00,0.92,0.00,0.00,,yes
29.45,FLYING,SCAN,0,,,,,100,0,0,0,39,89,CRUISE,,1.45,0.72,1.92,0.00,1.31,0.00,0.00,,yes
29.54,FLYING,SCAN,0,,,,,100,0,0,0,39,89,CRUISE,,1.52,0.78,2.28,0.00,0.92,0.00,0.28,,yes
29.58,FLYING,SCAN,0,,,,,100,0,0,0,39,89,CRUISE,,0.85,0.81,1.47,0.00,0.87,0.00,0.00,,yes
29.63,FLYING,SCAN,0,,,,,100,0,0,0,25,89,CRUISE,,0.52,0.63,1.07,0.00,1.75,0.00,0.00,,yes
29.87,FLYING,SCAN,0,,,,,100,0,0,0,16,89,CRUISE,,0.36,0.60,1.07,0.00,1.22,0.00,0.00,,yes
30.12,FLYING,SCAN,0,,,,,100,0,0,0,10,89,CRUISE,,0.28,0.58,1.07,0.00,2.62,0.00,0.00,,yes
30.36,FLYING,SCAN,0,,,,,100,0,0,0,21,89,CRUISE,,0.24,0.60,0.86,0.00,1.83,0.00,0.00,,yes
30.45,FLYING,SCAN,0,,,,,100,0,0,0,27,89,CRUISE,,0.22,0.60,0.66,0.00,1.28,0.00,0.00,,yes
30.50,FLYING,SCAN,0,,,,,100,0,0,0,32,89,CRUISE,,0.22,0.70,0.66,0.00,0.90,0.00,0.00,,yes
30.54,FLYING,SCAN,0,,,,,100,0,0,0,34,89,CRUISE,,0.23,0.57,0.71,0.00,0.63,0.00,0.00,,yes
30.63,FLYING,SCAN,0,,,,,100,0,0,0,36,89,CRUISE,,0.23,0.51,0.73,0.00,0.44,0.00,0.00,,yes
30.68,FLYING,SCAN,0,,,,,100,0,0,0,37,89,CRUISE,,0.24,0.48,0.63,0.00,0.31,0.00,0.00,,yes
30.72,FLYING,SCAN,0,,,,,100,0,0,0,38,89,CRUISE,,0.55,0.67,0.57,0.00,0.22,0.00,0.00,,yes
30.81,FLYING,SCAN,0,,,,,100,0,0,0,39,89,CRUISE,,0.70,0.77,0.54,0.00,0.87,0.00,0.00,,yes
30.85,FLYING,SCAN,0,,,,,100,0,0,0,39,89,CRUISE,,0.60,0.61,0.49,0.00,0.87,0.00,0.00,,yes
30.90,FLYING,SCAN,0,,,,,100,0,0,0,39,89,CRUISE,,0.55,0.53,0.47,0.00,0.61,0.00,0.00,,yes
30.99,FLYING,SCAN,0,,,,,100,0,0,0,39,89,CRUISE,,0.70,0.75,0.85,0.00,1.31,0.00,0.00,,yes
31.03,FLYING,SCAN,0,,,,,100,0,0,0,39,89,CRUISE,,0.88,0.87,1.04,0.00,0.92,0.00,0.00,,yes
31.08,FLYING,SCAN,0,,,,,100,0,0,0,39,89,CRUISE,,0.97,0.92,1.13,0.00,0.87,0.00,0.00,,yes
31.17,FLYING,SCAN,0,,,,,100,0,0,0,39,89,CRUISE,,1.28,0.99,0.99,0.00,0.61,0.00,0.00,,yes
31.21,FLYING,SCAN,0,,,,,100,0,0,0,39,89,CRUISE,,1.43,1.03,0.91,0.00,0.87,0.00,0.00,,yes
31.26,FLYING,SCAN,0,,,,,100,0,0,0,39,89,CRUISE,,0.98,0.80,0.87,0.00,1.31,0.00,0.00,,yes
31.34,FLYING,SCAN,0,,,,,100,0,0,0,39,89,CRUISE,,0.71,0.69,0.94,0.00,0.92,0.00,0.00,,yes
31.39,FLYING,SCAN,0,,,,,100,0,0,0,39,89,CRUISE,,0.58,0.63,0.97,0.00,0.87,0.00,0.00,,yes
31.44,FLYING,SCAN,0,,,,,100,0,0,0,39,89,CRUISE,,0.59,0.68,0.99,0.00,1.31,0.00,0.00,,yes
31.52,FLYING,SCAN,0,,,,,100,0,0,0,39,89,CRUISE,,0.60,0.70,0.83,0.00,0.92,0.00,0.00,,yes
31.57,FLYING,SCAN,0,,,,,100,0,0,0,39,89,CRUISE,,0.60,0.72,0.75,0.00,0.87,0.00,0.00,,yes
31.62,FLYING,SCAN,0,,,,,100,0,0,0,39,89,CRUISE,,0.99,0.62,0.72,0.00,1.31,0.00,0.00,,yes
31.70,FLYING,SCAN,0,,,,,100,0,0,0,39,89,CRUISE,,1.18,1.12,2.10,0.00,0.92,0.00,0.19,,yes
31.75,FLYING,SCAN,0,,,,,100,0,0,0,39,89,AVOID_LEFT,,1.16,0.80,4.10,0.52,0.87,0.00,1.00,,yes
31.80,FLYING,SCAN,0,,,,,100,0,0,0,39,89,ESCAPE,,1.15,2.12,3.79,0.96,0.61,0.35,1.00,,yes
31.89,FLYING,SCAN,0,,,,,100,0,0,0,39,89,ESCAPE,,1.15,2.98,3.22,0.95,1.31,0.43,0.56,,yes
31.94,FLYING,SCAN,0,,,,,100,0,0,0,39,89,ESCAPE,,0.99,3.41,2.90,1.00,0.92,0.84,0.84,,yes
31.99,FLYING,SCAN,0,,,,,100,0,0,0,39,89,ESCAPE,,0.91,2.91,2.74,1.00,0.64,0.73,0.73,,yes
32.07,FLYING,SCAN,0,,,,,100,0,0,0,39,89,ESCAPE,,0.86,2.19,2.46,1.00,0.87,0.26,0.39,,yes
32.12,FLYING,SCAN,0,,,,,100,0,0,0,39,89,ESCAPE,,1.13,1.40,2.40,0.97,0.87,0.00,0.36,,yes
32.17,FLYING,SCAN,0,,,,,100,0,0,0,39,89,ESCAPE,,1.59,1.01,1.83,0.66,0.61,0.09,0.21,,yes
32.25,FLYING,SCAN,0,,,,,100,0,0,0,39,89,ESCAPE,,1.82,0.81,1.93,0.48,0.87,0.07,0.13,,yes
32.30,FLYING,SCAN,0,,,,,100,0,0,0,39,89,ESCAPE,,2.04,0.67,1.47,0.35,0.61,0.32,0.03,,yes
32.35,FLYING,SCAN,0,,,,,100,0,0,0,39,89,ESCAPE,,2.16,0.60,1.39,0.35,0.87,0.24,0.00,,yes
32.44,FLYING,SCAN,0,,,,,100,0,0,0,39,89,ESCAPE,,2.44,0.71,1.35,0.49,0.61,0.51,0.00,,yes
32.48,FLYING,SCAN,0,,,,,100,0,0,0,25,89,ESCAPE,,2.58,0.85,1.34,0.37,1.31,0.24,0.00,,yes
32.73,FLYING,SCAN,0,,,,,100,0,0,0,16,89,ESCAPE,,2.39,1.50,0.91,0.36,0.92,0.34,0.00,,yes
32.97,FLYING,SCAN,0,,,,,100,0,0,0,10,89,ESCAPE,,2.05,3.38,0.70,0.67,1.75,0.42,0.42,,yes
33.22,FLYING,SCAN,0,,,,,100,0,0,0,21,89,ESCAPE,,1.88,2.76,0.66,0.79,1.22,0.37,0.37,,yes
33.27,FLYING,SCAN,0,,,,,100,0,0,0,27,89,ESCAPE,,1.37,1.84,0.65,0.59,0.86,0.09,0.09,,yes
33.35,FLYING,SCAN,0,,,,,100,0,0,0,32,89,ESCAPE,,1.11,1.38,0.64,0.33,0.60,0.00,0.00,,yes
33.40,FLYING,SCAN,0,,,,,100,0,0,0,34,89,ESCAPE,,0.77,1.11,0.44,0.19,0.42,0.00,0.00,,yes
33.45,FLYING,SCAN,0,,,,,100,0,0,0,36,89,ESCAPE,,0.65,0.70,0.61,0.11,0.44,0.00,0.00,,yes
33.53,FLYING,SCAN,0,,,,,100,0,0,0,37,89,ESCAPE,,0.46,0.50,0.67,0.06,0.31,0.00,0.00,,yes
33.58,FLYING,SCAN,0,,,,,100,0,0,0,38,89,ESCAPE,,0.39,0.40,0.70,0.03,0.21,0.00,0.00,,yes
33.63,FLYING,SCAN,0,,,,,100,0,0,0,39,89,ESCAPE,,0.35,0.46,0.71,0.02,0.15,0.00,0.00,,yes
33.71,FLYING,SCAN,0,,,,,100,0,0,0,39,89,ESCAPE,,0.33,0.49,0.59,0.01,0.87,0.00,0.00,,yes
33.76,FLYING,SCAN,0,,,,,100,0,0,0,39,89,ESCAPE,,0.23,0.45,0.49,0.01,0.87,0.00,0.00,,yes
33.80,FLYING,SCAN,0,,,,,100,0,0,0,39,89,ESCAPE,,0.18,0.43,0.43,0.00,0.61,0.00,0.00,,yes
33.89,FLYING,SCAN,0,,,,,100,0,0,0,39,89,ESCAPE,,0.31,0.47,0.40,0.00,0.87,0.00,0.00,,yes
33.94,FLYING,SCAN,0,,,,,100,0,0,0,39,89,ESCAPE,,0.37,0.63,0.44,0.00,0.61,0.00,0.00,,yes
33.98,FLYING,SCAN,0,,,,,100,0,0,0,39,89,ESCAPE,,0.47,0.70,0.48,0.00,0.87,0.00,0.00,,yes
34.07,FLYING,SCAN,0,,,,,100,0,0,0,39,89,ESCAPE,,0.64,1.09,0.57,0.00,0.61,0.00,0.00,,yes
34.12,FLYING,SCAN,0,,,,,100,0,0,0,39,89,ESCAPE,,1.22,1.31,1.21,0.00,0.87,0.00,0.00,,yes
34.16,FLYING,SCAN,0,,,,,100,0,0,0,39,89,CRUISE,,1.65,2.05,2.22,0.15,0.87,0.19,0.27,,yes
34.25,FLYING,SCAN,0,,,,,100,0,0,0,39,89,CRUISE,,2.87,1.79,2.72,0.75,0.61,0.73,0.65,,yes
34.30,FLYING,SCAN,0,,,,,100,0,0,0,39,89,CRUISE,,3.48,1.57,3.06,1.00,0.87,0.90,0.69,,yes
34.35,FLYING,SCAN,0,,,,,100,0,0,0,39,89,CRUISE,,3.94,1.46,4.20,1.00,0.61,1.00,1.00,,yes
34.44,FLYING,SCAN,0,,,,,100,0,0,0,39,89,AVOID_LEFT,,3.93,1.44,4.29,1.00,0.87,1.00,1.00,,yes
34.49,FLYING,SCAN,0,,,,,100,0,0,0,39,89,CRUISE,,2.61,1.95,4.35,1.00,0.87,0.47,1.00,,yes
34.54,FLYING,SCAN,0,,,,,100,0,0,0,39,89,AVOID_LEFT,,1.94,1.68,4.39,1.00,0.61,0.27,1.00,,yes
34.62,FLYING,SCAN,0,,,,,100,0,0,0,39,89,AVOID_LEFT,,1.48,1.27,4.40,1.00,1.75,0.00,0.93,,yes
34.67,FLYING,SCAN,0,,,,,100,0,0,0,39,89,AVOID_LEFT,,1.25,1.06,4.33,1.00,1.31,0.00,1.00,,yes
34.72,FLYING,SCAN,0,,,,,100,0,0,0,39,89,AVOID_LEFT,,1.14,0.96,3.81,1.00,0.92,0.00,1.00,,yes
34.81,FLYING,SCAN,0,,,,,100,0,0,0,39,89,AVOID_LEFT,,1.19,1.25,3.29,1.00,0.87,0.00,0.81,,yes
34.85,FLYING,SCAN,0,,,,,100,0,0,0,39,89,AVOID_LEFT,,1.44,1.64,2.84,1.00,0.61,0.11,0.71,,yes
34.90,FLYING,SCAN,0,,,,,100,0,0,0,39,89,AVOID_LEFT,,1.56,1.84,2.25,0.78,1.75,0.00,0.00,,yes
34.99,FLYING,SCAN,0,,,,,100,0,0,0,39,89,AVOID_LEFT,,1.62,1.63,1.78,0.44,1.22,0.00,0.00,,yes
35.03,FLYING,SCAN,0,,,,,100,0,0,0,39,89,AVOID_LEFT,,1.62,1.47,1.46,0.25,0.87,0.00,0.00,,yes
35.08,FLYING,SCAN,0,,,,,100,0,0,0,39,89,AVOID_LEFT,,1.62,1.40,1.39,0.14,0.61,0.11,0.00,,yes
35.17,FLYING,SCAN,0,,,,,100,0,0,0,39,89,AVOID_LEFT,,1.62,1.62,1.27,0.08,1.31,0.00,0.00,,yes
35.21,FLYING,SCAN,0,,,,,100,0,0,0,39,89,CRUISE,,1.46,1.74,1.24,0.04,1.31,0.00,0.00,,yes
35.26,FLYING,SCAN,0,,,,,100,0,0,0,39,89,CRUISE,,1.01,1.74,1.22,0.02,0.92,0.01,0.01,,yes
35.35,FLYING,SCAN,0,,,,,100,0,0,0,39,89,CRUISE,,0.78,1.48,1.22,0.01,0.64,0.02,0.02,,yes
35.39,FLYING,SCAN,0,,,,,100,0,0,0,39,89,CRUISE,,1.25,1.36,1.10,0.01,0.87,0.00,0.00,,yes
35.44,FLYING,SCAN,0,,,,,100,0,0,0,39,89,CRUISE,,1.48,1.30,1.04,0.00,0.87,0.00,0.00,,yes
35.53,FLYING,SCAN,0,,,,,100,0,0,0,39,89,CRUISE,,1.25,1.28,1.31,0.00,0.61,0.00,0.00,,yes
35.57,FLYING,SCAN,0,,,,,100,0,0,0,25,89,CRUISE,,1.03,1.12,1.45,0.00,1.31,0.00,0.00,,yes
35.82,FLYING,SCAN,0,,,,,100,0,0,0,16,89,CRUISE,,1.02,1.04,1.52,0.00,0.92,0.00,0.00,,yes
36.06,FLYING,SCAN,0,,,,,100,0,0,0,10,89,CRUISE,,0.79,0.83,1.06,0.00,3.05,0.00,0.00,,yes
36.30,FLYING,SCAN,0,,,,,100,0,0,0,21,89,CRUISE,,0.75,0.72,0.96,0.00,2.14,0.00,0.00,,yes
36.35,FLYING,SCAN,0,,,,,100,0,0,0,27,89,CRUISE,,0.73,0.61,0.74,0.00,1.50,0.00,0.00,,yes
36.44,FLYING,SCAN,0,,,,,100,0,0,0,32,89,CRUISE,,0.79,0.56,0.80,0.00,1.05,0.00,0.00,,yes
36.48,FLYING,SCAN,0,,,,,100,0,0,0,34,89,CRUISE,,0.82,0.86,0.66,0.00,0.87,0.00,0.00,,yes
36.53,FLYING,SCAN,0,,,,,100,0,0,0,36,89,CRUISE,,0.71,1.49,0.44,0.00,0.61,0.04,0.04,,yes
36.65,FLYING,SCAN,1,freshripe,0.50,0.98,6.4,100,0,0,0,23,89,CRUISE,,0.66,1.81,0.33,0.15,0.43,0.29,0.29,,yes
36.92,FLYING,APPROACH,1,freshripe,0.62,0.85,5.1,100,0,0,7,8,89,CRUISE,,0.77,1.96,0.60,0.38,1.31,0.00,0.00,,yes
36.97,FLYING,APPROACH,1,freshripe,0.62,0.85,5.1,100,0,4,11,-1,89,CRUISE,,0.95,1.94,0.74,0.21,2.18,0.00,0.00,,yes
37.09,FLYING,APPROACH,1,freshripe,0.74,0.98,3.6,100,0,7,14,-7,89,CRUISE,,1.08,1.93,0.94,0.12,1.53,0.00,0.00,,yes
37.13,FLYING,APPROACH,1,freshripe,0.74,0.98,3.6,100,0,10,16,-12,89,CRUISE,,1.14,1.46,1.04,0.07,1.07,0.00,0.00,,yes
37.18,FLYING,APPROACH,1,freshripe,0.74,0.98,3.6,100,0,12,17,-14,89,CRUISE,,0.96,1.26,1.36,0.04,0.87,0.00,0.00,,yes
37.30,FLYING,APPROACH,1,freshripe,0.66,0.98,3.0,100,0,13,18,-16,89,CRUISE,,0.63,0.92,1.20,0.02,0.61,0.00,0.00,,yes
37.35,FLYING,APPROACH,1,freshripe,0.66,0.98,3.0,100,0,13,19,-17,89,CRUISE,,0.49,0.64,1.12,0.01,0.43,0.00,0.00,,yes
37.39,FLYING,APPROACH,1,freshripe,0.66,0.98,3.0,100,0,14,19,-18,89,CRUISE,,0.43,0.50,0.88,0.01,0.30,0.00,0.00,,yes
37.51,FLYING,APPROACH,1,freshripe,0.78,1.00,4.5,100,0,14,19,-19,89,CRUISE,,0.61,0.48,0.71,0.00,0.21,0.00,0.00,,yes
37.56,FLYING,APPROACH,1,freshripe,0.78,1.00,4.5,100,0,14,19,-19,89,CRUISE,,0.72,0.53,0.62,0.00,0.44,0.00,0.00,,yes
37.60,FLYING,APPROACH,1,freshripe,0.78,1.00,4.5,100,0,14,19,-19,89,CRUISE,,0.88,0.55,0.58,0.00,0.44,0.00,0.00,,yes
37.72,FLYING,APPROACH,1,freshripe,0.77,1.00,6.0,100,0,13,19,-19,89,CRUISE,,1.43,0.97,0.56,0.00,0.44,0.04,0.00,,yes
37.77,FLYING,APPROACH,1,freshripe,0.77,1.00,6.0,100,0,12,19,-19,89,CRUISE,,1.71,1.19,0.65,0.00,0.87,0.00,0.00,,yes
37.81,FLYING,APPROACH,1,freshripe,0.77,1.00,6.0,100,0,11,19,-19,89,CRUISE,,1.65,1.30,0.70,0.00,0.61,0.07,0.00,,yes
37.93,FLYING,APPROACH,1,freshripe,0.75,1.00,6.2,100,0,10,19,-19,89,CRUISE,,1.62,1.06,0.72,0.00,0.44,0.15,0.00,,yes
37.98,FLYING,APPROACH,1,freshripe,0.75,1.00,6.2,100,0,10,19,-19,89,CRUISE,,1.61,1.07,0.72,0.00,0.87,0.00,0.00,,yes
38.03,FLYING,APPROACH,1,freshripe,0.75,1.00,6.2,100,0,10,19,-19,89,CRUISE,,2.04,1.07,0.72,0.15,0.61,0.27,0.00,,yes
38.14,FLYING,FEED,1,freshripe,0.79,0.99,8.2,100,0,6,19,-19,89,AVOID_RIGHT,,2.34,2.00,0.71,0.49,0.44,0.51,0.34,,yes
38.19,FLYING,FEED,1,freshripe,0.79,0.99,8.2,100,0,4,19,-19,89,ESCAPE,,2.50,2.46,0.69,0.95,0.44,0.60,0.59,,yes
38.24,FLYING,FEED,1,freshripe,0.79,0.99,8.2,99,0,2,19,-19,89,ESCAPE,,2.60,3.87,0.35,1.00,0.31,1.00,1.00,,yes
38.36,FLYING,FEED,1,freshripe,0.72,0.99,9.4,99,0,1,19,-18,89,ESCAPE,,3.26,4.85,0.18,1.00,0.44,1.00,1.00,,yes
38.41,FLYING,FEED,1,freshripe,0.72,0.99,9.4,98,0,1,19,-18,89,ESCAPE,,3.59,5.34,0.66,1.00,0.44,1.00,1.00,,yes
38.46,FLYING,FEED,1,freshripe,0.72,0.99,9.4,98,0,0,19,-17,89,ESCAPE,,3.35,3.84,0.90,1.00,0.44,1.00,1.00,,yes
38.58,FLYING,FEED,1,freshripe,0.77,0.99,8.3,97,0,0,19,-14,89,ESCAPE,,2.47,3.09,1.13,1.00,0.31,0.99,0.99,,yes
38.63,FLYING,FEED,1,freshripe,0.77,0.99,8.3,97,0,0,19,-13,89,ESCAPE,,1.92,2.62,1.25,1.00,0.44,0.69,0.69,,yes
38.68,FLYING,FEED,1,freshripe,0.77,0.99,8.3,97,0,0,19,-11,89,ESCAPE,,1.64,2.49,0.85,1.00,0.31,0.69,0.69,,yes
38.80,FLYING,FEED,1,freshripe,0.70,0.99,9.6,96,0,0,19,-11,89,ESCAPE,,1.42,2.30,0.53,1.00,0.21,0.64,0.64,,yes
38.84,FLYING,FEED,1,freshripe,0.70,0.99,9.6,96,0,0,19,-10,89,ESCAPE,,1.45,1.62,0.49,1.00,0.44,0.19,0.19,,yes
38.89,FLYING,FEED,1,freshripe,0.70,0.99,9.6,96,0,0,19,-10,89,ESCAPE,,1.47,1.28,0.62,0.73,0.31,0.18,0.09,,yes
39.01,FLYING,FEED,1,freshripe,0.70,1.00,9.8,95,0,0,19,-10,89,ESCAPE,,2.15,1.52,1.11,0.72,0.21,0.57,0.26,,yes
39.06,FLYING,FEED,1,freshripe,0.70,1.00,9.8,95,0,0,19,-10,89,ESCAPE,,2.48,1.64,1.51,0.69,0.87,0.41,0.00,,yes
39.11,FLYING,FEED,1,freshripe,0.70,1.00,9.8,94,0,0,19,-10,89,ESCAPE,,2.65,1.70,1.71,0.65,0.61,0.62,0.15,,yes
39.22,FLYING,FEED,1,freshripe,0.69,0.77,5.6,94,0,0,19,-11,89,ESCAPE,,3.67,2.47,2.22,1.00,0.43,1.00,0.62,,yes
39.27,FLYING,FEED,1,freshripe,0.69,0.77,5.6,93,0,0,19,-11,89,ESCAPE,,4.18,2.89,2.47,1.00,0.44,1.00,0.83,,yes
39.32,FLYING,FEED,1,freshripe,0.69,0.77,5.6,93,0,0,19,-11,89,ESCAPE,,3.95,3.07,2.18,1.00,0.31,1.00,0.98,,yes
39.44,FLYING,FEED,1,freshripe,0.73,0.96,6.0,92,0,0,19,-12,89,ESCAPE,,3.35,2.67,1.87,1.00,0.21,1.00,0.83,,yes
39.49,FLYING,FEED,1,freshripe,0.73,0.96,6.0,92,0,0,19,-12,89,ESCAPE,,2.63,1.92,1.24,1.00,0.15,0.84,0.48,,yes
39.54,FLYING,FEED,1,freshripe,0.73,0.96,6.0,92,0,0,19,-12,89,ESCAPE,,2.27,1.54,0.92,1.00,0.10,0.68,0.32,,yes
39.66,FLYING,FEED,1,freshripe,0.56,1.00,11.8,91,0,0,19,-12,89,ESCAPE,,3.03,1.16,0.90,1.00,0.07,1.00,0.14,,yes
39.71,FLYING,FEED,1,freshripe,0.56,1.00,11.8,91,0,0,19,-12,89,ESCAPE,,3.41,1.02,0.90,1.00,0.05,1.00,0.08,,yes
39.76,FLYING,FEED,1,freshripe,0.56,1.00,11.8,90,0,0,19,-12,89,ESCAPE,,4.41,0.94,0.89,1.00,0.04,1.00,0.05,,yes
39.87,FLYING,FEED,1,freshripe,0.68,0.99,16.3,90,0,0,19,-12,89,ESCAPE,,3.52,1.51,1.41,1.00,0.44,1.00,0.13,,yes
39.92,FLYING,FEED,1,freshripe,0.68,0.99,16.3,89,0,0,19,-12,89,ESCAPE,,2.94,1.79,1.67,1.00,0.31,0.92,0.34,,yes
39.97,FLYING,FEED,1,freshripe,0.68,0.99,16.3,89,0,0,19,-12,89,ESCAPE,,2.65,1.93,1.25,1.00,0.21,0.82,0.46,,yes
40.09,FLYING,FEED,1,freshripe,0.75,0.94,17.3,88,0,0,18,-12,89,ESCAPE,,2.64,1.43,1.04,1.00,0.15,0.84,0.24,,yes
40.14,FLYING,FEED,1,freshripe,0.75,0.94,17.3,88,0,0,17,-13,89,ESCAPE,,2.63,1.14,0.87,1.00,0.44,0.70,0.00,,yes
40.19,FLYING,FEED,1,freshripe,0.75,0.94,17.3,88,0,0,16,-13,89,ESCAPE,,2.78,0.99,0.79,1.00,0.31,0.84,0.00,,yes
40.31,FLYING,FEED,1,freshripe,0.45,0.80,19.3,87,0,0,14,-14,89,ESCAPE,,2.53,0.91,1.18,0.99,0.21,0.76,0.08,,yes
40.35,FLYING,FEED,1,freshripe,0.45,0.80,19.3,87,0,0,13,-15,89,AVOID_RIGHT,,1.88,0.61,1.37,0.67,0.44,0.32,0.07,,yes
40.40,FLYING,FEED,1,freshripe,0.45,0.80,19.3,86,0,0,12,-15,89,AVOID_RIGHT,,1.28,0.46,1.30,0.49,0.31,0.09,0.10,,yes
40.55,FLYING,FEED,2,freshripe,0.46,0.73,16.6,86,0,0,11,-15,89,AVOID_RIGHT,,0.79,0.43,0.98,0.27,0.21,0.00,0.00,,yes
40.60,FLYING,FEED,2,freshripe,0.46,0.73,16.6,85,0,0,10,-15,89,AVOID_RIGHT,,0.60,0.41,0.82,0.15,0.87,0.00,0.00,,yes
40.64,FLYING,FEED,2,freshripe,0.46,0.73,16.6,85,0,0,10,-15,89,AVOID_RIGHT,,0.50,0.51,0.74,0.09,0.61,0.00,0.00,,yes
40.76,FLYING,FEED,1,freshripe,0.42,0.87,18.4,84,0,0,10,-14,89,CRUISE,,0.83,0.72,0.61,0.05,0.43,0.00,0.00,,yes
40.81,FLYING,FEED,1,freshripe,0.42,0.87,18.4,84,0,0,9,-14,89,CRUISE,,1.00,0.84,0.73,0.03,0.30,0.00,0.00,,yes
40.86,FLYING,FEED,1,freshripe,0.42,0.87,18.4,84,0,0,9,-14,89,CRUISE,,1.44,1.50,1.01,0.16,0.21,0.25,0.25,,yes
40.97,FLYING,FEED,1,freshripe,0.37,0.94,18.2,83,0,0,10,-14,89,CRUISE,,1.43,1.24,1.26,0.27,0.87,0.00,0.00,,yes
41.02,FLYING,FEED,1,freshripe,0.37,0.94,18.2,83,0,0,10,-14,89,CRUISE,,1.43,1.11,1.38,0.15,0.61,0.01,0.00,,yes
41.07,FLYING,FEED,1,freshripe,0.37,0.94,18.2,82,0,0,11,-13,89,CRUISE,,1.18,0.67,1.17,0.09,0.43,0.00,0.00,,yes
41.18,FLYING,FEED,1,freshripe,0.40,0.92,15.4,82,0,0,10,-14,89,CRUISE,,1.06,0.40,1.07,0.05,0.44,0.00,0.00,,yes
41.23,FLYING,FEED,1,freshripe,0.40,0.92,15.4,82,0,0,10,-14,89,CRUISE,,1.00,0.26,1.01,0.03,0.31,0.00,0.00,,yes
41.27,FLYING,FEED,1,freshripe,0.40,0.92,15.4,81,0,0,9,-14,89,CRUISE,,1.38,0.20,0.92,0.02,0.21,0.18,0.00,,yes
41.39,FLYING,FEED,1,freshripe,0.33,0.62,17.5,81,0,0,6,-14,89,CRUISE,,1.32,0.23,0.73,0.01,0.15,0.18,0.00,,yes
41.44,FLYING,FEED,1,freshripe,0.33,0.62,17.5,80,0,0,4,-13,89,CRUISE,,1.29,0.24,0.56,0.15,0.44,0.03,0.00,,yes
41.49,FLYING,FEED,1,freshripe,0.33,0.62,17.5,80,0,0,2,-13,89,CRUISE,,1.28,0.25,0.48,0.09,0.31,0.09,0.00,,yes
41.60,FLYING,FEED,1,freshripe,0.29,0.94,15.0,79,0,0,1,-13,89,CRUISE,,1.55,0.41,0.47,0.19,0.21,0.27,0.00,,yes
41.65,FLYING,FEED,1,freshripe,0.29,0.94,15.0,79,0,0,1,-13,89,AVOID_RIGHT,,1.69,0.56,0.46,0.25,0.15,0.37,0.00,,yes
41.70,FLYING,FEED,1,freshripe,0.29,0.94,15.0,79,0,0,0,-13,89,AVOID_RIGHT,,1.76,0.66,0.46,0.29,0.44,0.26,0.00,,yes
41.82,FLYING,FEED,1,freshripe,0.33,0.93,14.1,78,0,0,0,-12,89,AVOID_RIGHT,,1.75,0.82,0.83,0.37,0.31,0.32,0.00,,yes
41.86,FLYING,FEED,1,freshripe,0.33,0.93,14.1,78,0,0,0,-12,89,AVOID_RIGHT,,1.84,1.18,1.01,0.36,0.21,0.41,0.08,,yes
41.91,FLYING,FEED,1,freshripe,0.33,0.93,14.1,77,0,0,0,-12,89,AVOID_RIGHT,,1.88,1.36,1.10,0.35,0.44,0.32,0.06,,yes
42.03,FLYING,FEED,1,freshripe,0.49,0.95,14.0,77,0,0,0,-12,89,AVOID_RIGHT,,1.91,3.04,1.17,0.89,0.31,0.97,0.97,,yes
42.08,FLYING,FEED,1,freshripe,0.49,0.95,14.0,76,0,0,0,-11,89,CRUISE,,2.16,3.88,1.21,1.00,0.44,1.00,1.00,,yes
42.14,FLYING,FEED,1,freshripe,0.49,0.95,14.0,76,0,0,0,-11,89,CRUISE,,3.32,2.74,1.23,1.00,0.31,1.00,0.82,,yes
42.26,FLYING,FEED,1,freshripe,0.39,0.86,11.7,75,0,0,3,-11,89,CRUISE,,3.90,2.18,1.41,1.00,0.44,1.00,0.47,,yes
42.31,FLYING,FEED,1,freshripe,0.39,0.86,11.7,75,0,0,5,-11,89,AVOID_RIGHT,,2.70,1.89,1.88,1.00,0.31,0.80,0.39,,yes
42.36,FLYING,FEED,1,freshripe,0.39,0.86,11.7,75,0,0,6,-11,89,AVOID_RIGHT,,2.10,1.77,2.12,1.00,0.21,0.54,0.55,,yes
42.47,FLYING,FEED,1,freshripe,0.62,0.82,10.6,74,0,0,8,-12,89,AVOID_LEFT,,2.15,1.58,3.67,1.00,0.15,0.60,1.00,,yes
42.52,FLYING,FEED,1,freshripe,0.62,0.82,10.6,74,0,0,9,-12,89,AVOID_LEFT,,2.17,1.49,4.44,1.00,0.10,0.63,1.00,,yes
42.57,FLYING,FEED,1,freshripe,0.62,0.82,10.6,73,0,0,10,-12,89,ESCAPE,,2.18,1.42,4.72,1.00,0.07,0.66,1.00,,yes
42.69,FLYING,FEED,1,freshripe,0.29,0.83,10.1,73,0,0,11,-12,89,ESCAPE,,2.01,1.03,3.75,1.00,0.05,0.58,1.00,,yes
42.74,FLYING,FEED,1,freshripe,0.29,0.83,10.1,72,0,0,12,-12,89,ESCAPE,,1.92,0.83,3.26,1.00,0.04,0.54,1.00,,yes
42.79,FLYING,FEED,1,freshripe,0.29,0.83,10.1,72,0,0,12,-12,89,ESCAPE,,1.87,0.73,3.02,1.00,0.03,0.52,1.00,,yes
42.91,FLYING,FEED,1,freshripe,0.23,0.49,9.0,71,0,0,13,-7,89,ESCAPE,,1.57,1.14,3.37,1.00,0.44,0.17,1.00,,yes
42.96,FLYING,FEED,1,freshripe,0.23,0.49,9.0,71,0,0,14,-5,89,ESCAPE,,1.42,1.34,3.55,1.00,0.31,0.16,1.00,,yes
43.01,FLYING,FEED,1,freshripe,0.23,0.49,9.0,71,0,0,15,-3,89,ESCAPE,,1.34,1.70,3.34,1.00,0.44,0.23,1.00,,yes
43.09,FLYING,FEED,0,,,,,71,0,0,9,-2,89,ESCAPE,,1.15,0.99,3.23,1.00,0.31,0.02,1.00,,yes
43.14,FLYING,FEED,0,,,,,71,0,0,6,-1,89,ESCAPE,,1.07,0.63,3.18,1.00,0.21,0.03,1.00,,yes
43.19,FLYING,FEED,0,,,,,71,0,0,4,0,89,ESCAPE,,1.03,0.44,3.66,1.00,0.15,0.04,1.00,,yes
43.28,FLYING,FEED,0,,,,,71,0,0,2,0,89,ESCAPE,,1.46,1.55,3.40,1.00,0.44,0.16,1.00,,yes
43.33,FLYING,FEED,0,,,,,71,0,0,1,0,89,ESCAPE,,1.67,3.05,1.75,1.00,0.31,0.97,0.97,,yes
43.38,FLYING,FEED,0,,,,,71,0,0,1,0,89,ESCAPE,,1.78,4.15,0.93,1.00,0.21,1.00,1.00,,yes
43.46,FLYING,FEED,0,,,,,71,0,0,0,0,89,ESCAPE,,1.81,4.78,0.56,1.00,0.15,1.00,1.00,,yes
43.51,FLYING,FEED,0,,,,,71,0,0,0,0,89,ESCAPE,,2.03,5.10,0.67,1.00,0.44,1.00,1.00,,yes
43.56,FLYING,FEED,0,,,,,71,0,0,0,0,89,ESCAPE,,2.15,5.09,0.74,1.00,0.31,1.00,1.00,,yes
43.65,FLYING,FEED,0,,,,,71,0,0,0,0,89,ESCAPE,,2.20,4.06,1.90,1.00,0.21,1.00,1.00,,yes
43.70,FLYING,FEED,0,,,,,71,0,0,0,0,89,ESCAPE,,1.98,3.54,2.47,1.00,0.15,1.00,1.00,,yes
43.75,FLYING,FEED,0,,,,,71,0,0,0,0,89,ESCAPE,,1.62,2.80,1.54,1.00,0.10,0.95,0.95,,
43.84,FLYING,FEED,0,,,,,71,0,0,0,0,89,ESCAPE,,1.45,2.08,1.07,1.00,0.07,0.60,0.60,,
43.89,FLYING,FEED,0,,,,,71,0,0,0,0,89,ESCAPE,,1.23,1.36,0.97,1.00,0.44,0.06,0.06,,
43.93,FLYING,FEED,0,,,,,71,0,0,0,0,89,ESCAPE,,1.01,1.00,1.37,0.87,0.31,0.00,0.13,,
44.02,FLYING,FEED,0,,,,,71,0,0,0,0,89,ESCAPE,,0.81,3.56,1.60,1.00,0.21,1.00,1.00,,
44.07,FLYING,FEED,0,,,,,71,0,0,0,0,89,ESCAPE,,0.73,4.84,1.72,1.00,0.15,1.00,1.00,,
44.12,FLYING,FEED,0,,,,,71,0,0,0,0,89,ESCAPE,,0.68,5.60,3.23,1.00,0.44,1.00,1.00,,
44.21,FLYING,FEED,0,,,,,71,0,0,0,0,89,ESCAPE,,0.86,5.09,3.53,1.00,0.31,1.00,1.00,,
44.26,FLYING,FEED,0,,,,,71,0,0,0,0,89,ESCAPE,,0.95,4.84,3.69,1.00,0.21,1.00,1.00,,
44.31,FLYING,FEED,0,,,,,71,0,0,0,0,89,ESCAPE,,0.99,3.74,3.09,1.00,0.15,1.00,1.00,,
44.40,FLYING,FEED,0,,,,,71,0,0,0,0,89,ESCAPE,,1.07,2.67,2.24,1.00,0.10,0.88,0.88,,
44.44,FLYING,FEED,0,,,,,71,0,0,0,0,89,ESCAPE,,1.10,2.09,1.68,1.00,0.07,0.61,0.61,,
44.49,FLYING,FEED,0,,,,,71,0,0,0,0,89,AVOID_LEFT,,1.12,1.81,1.54,1.00,0.05,0.48,0.48,,
44.58,FLYING,FEED,0,,,,,71,0,0,0,0,89,AVOID_LEFT,,0.93,3.67,1.11,1.00,0.04,1.00,1.00,,
44.63,FLYING,FEED,0,,,,,71,0,0,0,0,89,AVOID_LEFT,,0.85,4.70,1.36,1.00,0.03,1.00,1.00,,
44.68,FLYING,FEED,0,,,,,71,0,0,0,0,89,CRUISE,,0.81,5.12,1.48,1.00,0.02,1.00,1.00,,
44.77,FLYING,FEED,0,,,,,71,0,0,0,0,89,CRUISE,,0.80,3.70,1.54,1.00,0.01,1.00,1.00,,
44.82,FLYING,FEED,0,,,,,71,0,0,0,0,89,AVOID_RIGHT,,0.54,2.13,1.49,1.00,0.01,0.66,0.66,,
44.86,FLYING,FEED,0,,,,,71,0,0,0,0,89,AVOID_LEFT,,0.42,1.35,1.47,1.00,0.01,0.27,0.33,,
44.95,FLYING,FEED,0,,,,,71,0,0,0,0,89,AVOID_LEFT,,0.53,1.19,1.57,1.00,0.00,0.19,0.38,,
45.00,FLYING,FEED,0,,,,,71,0,0,0,0,89,AVOID_LEFT,,0.70,1.45,1.62,1.00,0.00,0.32,0.41,,
45.05,FLYING,FEED,0,,,,,71,0,0,0,0,89,AVOID_LEFT,,0.79,1.77,1.64,1.00,0.00,0.49,0.49,,
45.14,FLYING,FEED,0,,,,,71,0,0,0,0,89,AVOID_LEFT,,0.83,2.52,2.18,1.00,0.00,0.86,0.86,,
45.19,FLYING,FEED,0,,,,,71,0,0,0,0,89,CRUISE,,0.91,3.22,2.45,1.00,0.00,1.00,1.00,,
45.24,FLYING,FEED,0,,,,,71,0,0,0,0,89,AVOID_LEFT,,0.75,3.58,2.59,1.00,0.00,1.00,1.00,,
45.32,FLYING,FEED,0,,,,,71,0,0,0,0,89,AVOID_LEFT,,0.87,4.02,2.72,1.00,0.00,1.00,1.00,,
45.37,FLYING,FEED,0,,,,,71,0,0,0,0,89,AVOID_LEFT,,1.22,3.98,2.88,1.00,0.00,1.00,1.00,,
45.42,FLYING,FEED,0,,,,,71,0,0,0,0,89,CRUISE,,1.58,4.98,2.97,1.00,0.00,1.00,1.00,,
45.51,FLYING,FEED,0,,,,,71,0,0,0,0,89,AVOID_LEFT,,1.76,3.21,3.01,1.00,0.00,1.00,1.00,,
45.56,FLYING,FEED,0,,,,,71,0,0,0,0,89,AVOID_LEFT,,1.85,2.53,2.41,1.00,0.00,0.86,0.86,,
45.61,FLYING,FEED,0,,,,,71,0,0,0,0,89,AVOID_RIGHT,,1.29,2.19,2.11,1.00,0.00,0.69,0.69,,
45.69,FLYING,FEED,0,,,,,71,0,0,0,0,89,AVOID_LEFT,,1.01,2.04,2.28,1.00,0.00,0.62,0.74,,
45.74,FLYING,FEED,0,,,,,71,0,0,0,0,89,AVOID_LEFT,,0.87,2.39,2.36,1.00,0.00,0.80,0.80,,
45.79,FLYING,FEED,0,,,,,71,0,0,0,0,89,AVOID_LEFT,,0.80,2.15,2.38,1.00,0.00,0.67,0.79,,
45.88,FLYING,FEED,0,,,,,71,0,0,0,0,89,AVOID_LEFT,,0.85,2.44,2.37,1.00,0.00,0.82,0.82,,
45.93,FLYING,FEED,0,,,,,71,0,0,0,0,89,AVOID_LEFT,,0.65,1.97,2.36,1.00,0.00,0.58,0.78,,
45.98,FLYING,FEED,0,,,,,71,0,0,0,0,89,AVOID_LEFT,,0.78,2.09,2.36,1.00,0.00,0.65,0.78,,
46.07,FLYING,SCAN,0,,,,,71,0,0,0,0,89,AVOID_LEFT,,0.85,2.16,2.98,1.00,0.00,0.68,1.00,,
46.31,FLYING,SCAN,0,,,,,71,0,0,0,0,89,AVOID_LEFT,,1.23,2.19,3.29,1.00,0.00,0.69,1.00,,
46.62,FLYING,SCAN,1,freshripe,0.30,0.50,7.5,71,0,0,0,0,89,AVOID_LEFT,,1.07,2.55,1.98,1.00,0.00,0.88,0.88,,
46.93,FLYING,APPROACH,1,freshripe,0.37,0.73,6.7,71,0,0,4,0,89,AVOID_LEFT,,0.92,1.76,1.27,1.00,0.00,0.48,0.48,,
46.97,FLYING,APPROACH,1,freshripe,0.37,0.73,6.7,71,0,3,7,0,89,AVOID_LEFT,,0.58,1.35,0.92,1.00,0.00,0.27,0.27,,
47.02,FLYING,APPROACH,1,freshripe,0.37,0.73,6.7,71,0,5,8,0,89,AVOID_LEFT,,0.42,1.14,0.88,0.95,0.00,0.16,0.16,,
47.14,FLYING,FEED,1,freshripe,0.24,0.99,7.8,71,0,3,11,0,89,ESCAPE,,0.85,1.25,1.00,0.71,0.00,0.20,0.20,,
47.19,FLYING,FEED,1,freshripe,0.24,0.99,7.8,71,0,2,13,0,89,ESCAPE,,1.07,1.30,1.07,0.45,0.00,0.24,0.24,,yes
47.23,FLYING,FEED,1,freshripe,0.24,0.99,7.8,70,0,1,15,0,89,ESCAPE,,1.12,1.31,1.10,0.40,0.00,0.25,0.25,,yes
47.35,FLYING,FEED,1,freshripe,0.34,0.97,8.2,70,0,1,16,0,89,ESCAPE,,0.87,1.00,0.85,0.30,0.00,0.10,0.10,,yes
47.40,FLYING,FEED,1,freshripe,0.34,0.97,8.2,69,0,0,17,0,89,ESCAPE,,0.74,0.77,0.72,0.17,0.00,0.00,0.00,,yes
47.45,FLYING,FEED,1,freshripe,0.34,0.97,8.2,69,0,0,17,0,89,ESCAPE,,0.67,0.65,0.61,0.10,0.00,0.00,0.00,,yes
47.56,FLYING,FEED,1,freshripe,0.24,0.93,9.2,68,0,0,18,0,89,ESCAPE,,0.55,0.57,0.43,0.05,0.00,0.00,0.00,,yes
47.61,FLYING,FEED,1,freshripe,0.24,0.93,9.2,68,0,0,19,0,89,ESCAPE,,0.34,0.48,0.32,0.03,0.00,0.00,0.00,,yes
47.66,FLYING,FEED,1,freshripe,0.24,0.93,9.2,68,0,0,19,0,89,ESCAPE,,0.19,0.43,0.26,0.02,0.00,0.00,0.00,,yes
47.74,FLYING,FEED,0,,,,,68,0,0,12,0,89,ESCAPE,,0.11,0.65,0.46,0.01,0.00,0.00,0.00,,yes
47.79,FLYING,FEED,0,,,,,68,0,0,8,0,89,ESCAPE,,0.06,0.75,0.57,0.01,0.44,0.00,0.00,,yes
47.84,FLYING,FEED,0,,,,,68,0,0,5,0,89,ESCAPE,,0.18,0.57,0.50,0.00,0.31,0.00,0.00,,yes
47.92,FLYING,FEED,0,,,,,68,0,0,3,0,89,ESCAPE,,0.24,0.45,0.44,0.00,0.44,0.00,0.00,,yes
47.97,FLYING,FEED,0,,,,,68,0,0,2,0,89,ESCAPE,,0.23,0.40,0.33,0.00,0.44,0.00,0.00,,yes
48.02,FLYING,FEED,0,,,,,68,0,0,1,0,89,ESCAPE,,0.23,0.37,0.28,0.00,0.31,0.00,0.00,,yes
48.11,FLYING,FEED,0,,,,,68,0,0,0,0,89,ESCAPE,,0.18,0.49,0.58,0.00,0.44,0.00,0.00,,yes
48.15,FLYING,FEED,0,,,,,68,0,0,0,0,89,ESCAPE,,0.13,0.59,0.73,0.00,0.31,0.00,0.00,,yes
48.20,FLYING,FEED,0,,,,,68,0,0,0,0,89,ESCAPE,,0.11,0.66,0.74,0.00,0.21,0.00,0.00,,yes
48.29,FLYING,FEED,0,,,,,68,0,0,0,0,89,ESCAPE,,0.12,0.85,0.51,0.00,0.15,0.00,0.00,,yes
48.33,FLYING,FEED,0,,,,,68,0,0,0,0,89,ESCAPE,,0.12,0.94,0.39,0.00,0.10,0.02,0.02,,yes
48.38,FLYING,FEED,0,,,,,68,0,0,0,0,89,ESCAPE,,0.12,0.67,0.56,0.00,0.07,0.00,0.00,,
48.47,FLYING,FEED,0,,,,,68,0,0,0,0,89,ESCAPE,,0.18,0.52,1.03,0.00,0.05,0.00,0.09,,
48.52,FLYING,FEED,0,,,,,68,0,0,0,0,89,ESCAPE,,0.29,0.44,1.26,0.00,0.44,0.00,0.01,,
48.56,FLYING,FEED,0,,,,,68,0,0,0,0,89,ESCAPE,,0.49,0.40,1.38,0.00,0.31,0.00,0.14,,
48.65,FLYING,FEED,0,,,,,68,0,0,0,0,89,ESCAPE,,1.00,0.68,1.35,0.00,0.21,0.00,0.17,,
48.70,FLYING,FEED,0,,,,,68,0,0,0,0,89,ESCAPE,,1.26,0.96,1.34,0.15,0.15,0.15,0.20,,
48.75,FLYING,FEED,0,,,,,68,0,0,0,0,89,ESCAPE,,1.39,1.37,1.33,0.21,0.10,0.24,0.23,,
48.83,FLYING,SCARED,0,,,,,68,0,-40,0,0,89,ESCAPE,RIGHT,1.29,1.77,1.62,0.64,0.07,0.45,0.45,,
48.88,FLYING,SCARED,0,,,,,68,0,-40,0,0,89,ESCAPE,,1.23,1.97,1.77,0.88,0.05,0.56,0.56,,yes
48.93,FLYING,SCARED,0,,,,,68,0,-40,0,0,89,ESCAPE,,1.19,2.07,1.84,1.00,0.04,0.62,0.62,,yes
49.02,FLYING,SCARED,0,,,,,68,0,-40,0,0,89,AVOID_RIGHT,,1.29,1.82,1.91,1.00,0.03,0.50,0.54,,yes
49.07,FLYING,SCARED,0,,,,,68,0,-40,0,0,89,AVOID_LEFT,,1.39,1.49,1.95,1.00,0.02,0.33,0.57,,yes
49.13,FLYING,SCARED,0,,,,,68,0,-40,0,0,89,AVOID_LEFT,,1.39,1.32,1.75,1.00,0.87,0.00,0.04,,yes
49.21,FLYING,SCARED,0,,,,,68,0,-40,0,0,89,AVOID_LEFT,,1.34,1.23,1.43,0.60,0.61,0.00,0.01,,yes
49.26,FLYING,SCARED,0,,,,,68,0,-40,0,0,89,AVOID_LEFT,,1.31,0.78,1.23,0.34,0.87,0.00,0.00,,yes
49.31,FLYING,SCARED,0,,,,,68,0,-40,0,0,89,CRUISE,,2.25,0.56,1.14,0.29,0.61,0.42,0.00,,yes
49.39,FLYING,SCARED,0,,,,,68,0,-40,0,0,89,AVOID_RIGHT,,3.15,0.48,1.64,0.54,0.43,0.96,0.21,,yes
49.44,FLYING,SCARED,0,,,,,68,0,-40,0,0,89,AVOID_RIGHT,,3.59,0.44,1.90,1.00,0.30,1.00,0.40,,yes
49.49,FLYING,SCARED,0,,,,,68,0,-40,0,0,89,AVOID_RIGHT,,2.98,0.34,2.02,1.00,0.21,0.98,0.51,,yes
49.58,FLYING,SCARED,0,,,,,68,0,-40,0,0,89,AVOID_RIGHT,,2.39,0.29,2.12,1.00,0.44,0.58,0.44,,yes
49.63,FLYING,SCARED,0,,,,,68,0,-40,0,0,89,AVOID_RIGHT,,2.09,0.63,2.17,1.00,0.31,0.49,0.53,,yes
49.68,FLYING,SCARED,0,,,,,68,0,-40,0,0,89,CRUISE,,1.94,0.92,1.68,1.00,0.21,0.47,0.33,,yes
49.77,FLYING,SCARED,0,,,,,68,0,-40,0,0,89,CRUISE,,1.87,0.97,1.35,1.00,0.15,0.46,0.20,,yes
49.81,FLYING,WAIT,0,,,,,68,0,-26,0,0,89,AVOID_RIGHT,,1.83,1.00,1.18,0.88,0.10,0.46,0.14,,yes
50.06,FLYING,WAIT,0,,,,,68,0,-16,0,0,89,AVOID_RIGHT,,1.81,0.92,1.10,0.65,0.07,0.47,0.11,,yes
50.30,FLYING,WAIT,0,,,,,68,0,-10,0,0,89,AVOID_RIGHT,,1.43,0.82,0.87,0.47,0.44,0.10,0.00,,yes
50.54,FLYING,WAIT,0,,,,,68,0,-7,0,0,89,AVOID_RIGHT,,1.51,0.72,0.74,0.27,0.87,0.00,0.00,,yes
50.79,FLYING,WAIT,0,,,,,68,0,-4,0,0,89,AVOID_RIGHT,,1.33,0.52,0.62,0.15,0.61,0.00,0.00,,yes
51.03,FLYING,WAIT,0,,,,,68,0,-3,0,0,89,CRUISE,,1.24,0.42,0.61,0.08,0.44,0.00,0.00,,yes
51.27,FLYING,WAIT,0,,,,,68,0,-1,0,0,89,CRUISE,,0.94,0.31,0.61,0.05,0.44,0.00,0.00,,
51.51,FLYING,WAIT,0,,,,,68,0,-1,0,0,89,CRUISE,,0.75,0.26,0.60,0.03,0.31,0.00,0.00,,
51.76,FLYING,WAIT,0,,,,,68,0,0,0,0,89,CRUISE,,0.65,0.64,0.60,0.02,0.21,0.00,0.00,,
52.00,FLYING,WAIT,0,,,,,68,0,0,0,0,89,CRUISE,,0.50,0.83,0.82,0.01,0.15,0.00,0.00,,
52.24,FLYING,WAIT,0,,,,,68,0,0,0,0,89,CRUISE,,0.43,0.93,0.93,0.00,0.10,0.01,0.01,,
52.48,FLYING,WAIT,0,,,,,68,0,0,0,0,89,CRUISE,,0.42,1.09,0.66,0.00,0.44,0.00,0.00,,
52.72,FLYING,WAIT,0,,,,,68,0,0,0,0,89,CRUISE,,0.48,1.16,0.42,0.00,0.31,0.03,0.03,,
52.97,FLYING,WAIT,0,,,,,68,0,0,0,0,89,CRUISE,,0.51,0.81,0.40,0.00,0.44,0.00,0.00,,
53.22,FLYING,WAIT,0,,,,,68,0,0,0,0,89,CRUISE,,0.99,0.64,0.40,0.00,0.31,0.00,0.00,,
53.46,FLYING,WAIT,0,,,,,68,0,0,0,0,89,CRUISE,,1.77,0.47,0.40,0.15,0.21,0.38,0.00,,
53.71,FLYING,WAIT,0,,,,,68,0,0,0,0,89,AVOID_RIGHT,,1.62,0.39,0.36,0.26,0.15,0.34,0.00,,
53.95,FLYING,WAIT,0,,,,,68,0,0,0,0,89,AVOID_RIGHT,,1.16,0.29,0.25,0.15,0.44,0.00,0.00,,
54.19,FLYING,WAIT,0,,,,,68,0,0,0,0,89,CRUISE,,0.80,0.18,0.19,0.08,0.44,0.00,0.00,,
54.43,FLYING,WAIT,0,,,,,68,0,0,0,0,89,CRUISE,,0.61,0.13,0.17,0.05,0.31,0.00,0.00,,
54.67,FLYING,WAIT,0,,,,,68,0,0,0,0,89,CRUISE,,0.58,0.10,0.15,0.03,0.21,0.00,0.00,,
54.92,FLYING,APPROACH,0,,,,,68,0,4,0,0,89,CRUISE,,0.56,0.09,0.20,0.01,0.15,0.00,0.00,,
54.96,FLYING,APPROACH,0,,,,,68,0,6,0,0,89,CRUISE,,0.45,0.07,0.22,0.01,0.10,0.00,0.00,,
55.05,FLYING,APPROACH,0,,,,,68,0,8,0,0,89,CRUISE,,0.40,0.07,0.25,0.00,0.07,0.00,0.00,,
55.10,FLYING,APPROACH,0,,,,,68,0,9,0,0,89,CRUISE,,0.39,0.08,0.36,0.00,0.05,0.00,0.00,,
55.15,FLYING,APPROACH,0,,,,,68,0,10,0,0,89,CRUISE,,0.59,0.15,0.56,0.00,0.04,0.00,0.00,,yes
55.23,FLYING,APPROACH,0,,,,,68,0,11,0,0,89,CRUISE,,1.32,0.16,0.75,0.00,0.03,0.21,0.00,,yes
55.28,FLYING,APPROACH,0,,,,,68,0,11,0,0,89,CRUISE,,1.68,0.16,0.85,0.15,0.02,0.39,0.00,,yes
55.33,FLYING,APPROACH,0,,,,,68,0,11,0,0,89,AVOID_RIGHT,,1.87,0.16,0.90,0.32,0.01,0.48,0.00,,yes
55.42,FLYING,APPROACH,0,,,,,68,0,11,0,0,89,AVOID_RIGHT,,1.80,0.20,0.89,0.33,0.01,0.45,0.00,,yes
55.46,FLYING,APPROACH,0,,,,,68,0,11,0,0,89,AVOID_RIGHT,,1.77,0.22,0.89,0.45,0.01,0.43,0.00,,yes
55.51,FLYING,APPROACH,0,,,,,68,0,11,0,0,89,AVOID_RIGHT,,1.75,0.17,0.89,0.48,0.00,0.43,0.00,,yes
55.60,FLYING,APPROACH,0,,,,,68,0,11,0,0,89,AVOID_RIGHT,,2.31,0.14,0.72,0.61,0.00,0.71,0.00,,yes
55.65,FLYING,APPROACH,0,,,,,68,0,11,0,0,89,ESCAPE,,2.59,0.13,0.64,0.75,0.00,0.85,0.00,,yes
55.70,FLYING,APPROACH,0,,,,,68,0,11,0,0,89,ESCAPE,,2.40,0.15,0.60,0.71,0.00,0.75,0.00,,yes
55.78,FLYING,APPROACH,0,,,,,68,0,11,0,0,88,ESCAPE,,2.22,0.17,0.51,0.79,0.00,0.66,0.00,,yes
55.83,FLYING,APPROACH,0,,,,,68,0,11,0,0,88,ESCAPE,,1.91,0.18,0.46,0.74,0.00,0.51,0.00,,yes
55.88,FLYING,APPROACH,0,,,,,68,0,11,0,0,88,ESCAPE,,1.47,0.16,0.40,0.57,0.00,0.29,0.00,,yes
55.96,FLYING,APPROACH,0,,,,,68,0,11,0,0,88,ESCAPE,,1.25,0.14,0.35,0.32,0.00,0.18,0.00,,yes
56.01,FLYING,APPROACH,0,,,,,68,0,11,0,0,88,ESCAPE,,1.26,0.10,0.31,0.18,0.00,0.18,0.00,,yes
56.06,FLYING,APPROACH,0,,,,,68,0,11,0,0,88,ESCAPE,,1.33,0.12,0.29,0.10,0.44,0.00,0.00,,yes
56.17,FLYING,APPROACH,0,,,,,68,0,11,0,0,88,ESCAPE,,2.37,0.17,0.29,0.30,0.31,0.59,0.00,,yes
56.22,FLYING,APPROACH,0,,,,,68,0,11,0,0,88,ESCAPE,,2.89,0.19,0.32,0.54,0.21,0.89,0.00,,yes
56.27,FLYING,APPROACH,0,,,,,68,0,11,0,0,88,ESCAPE,,2.52,0.14,0.34,0.70,0.15,0.74,0.00,,yes
56.36,FLYING,APPROACH,0,,,,,68,0,11,0,0,88,ESCAPE,,2.33,0.12,0.52,0.79,0.10,0.67,0.00,,yes
56.40,FLYING,APPROACH,0,,,,,68,0,11,0,0,88,ESCAPE,,2.24,0.13,0.68,0.74,0.07,0.64,0.00,,yes
56.45,FLYING,APPROACH,0,,,,,68,0,11,0,0,88,ESCAPE,,2.38,0.57,0.99,0.81,0.05,0.72,0.02,,yes
56.54,FLYING,APPROACH,0,,,,,68,0,11,0,0,88,ESCAPE,,2.66,1.09,0.91,0.86,0.04,0.87,0.08,,yes
56.59,FLYING,APPROACH,0,,,,,68,0,11,0,0,88,ESCAPE,,2.80,1.86,1.12,0.94,0.44,0.74,0.26,,yes
56.64,FLYING,APPROACH,0,,,,,68,0,11,0,0,88,ESCAPE,,2.87,1.81,2.89,1.00,0.31,0.84,0.85,,yes
56.73,FLYING,APPROACH,0,,,,,68,0,11,0,0,88,ESCAPE,,2.91,2.10,3.77,1.00,0.21,0.90,1.00,,yes
56.78,FLYING,APPROACH,0,,,,,68,0,11,0,0,88,ESCAPE,,2.93,2.25,2.83,1.00,0.15,0.94,0.89,,yes
56.83,FLYING,APPROACH,0,,,,,68,0,11,0,0,88,ESCAPE,,2.43,2.33,2.35,1.00,0.10,0.72,0.68,,yes
56.91,FLYING,APPROACH,0,,,,,68,0,11,0,0,88,ESCAPE,,2.15,2.55,2.71,1.00,0.07,0.79,0.87,,yes
56.96,FLYING,APPROACH,0,,,,,68,0,11,0,0,88,ESCAPE,,1.99,2.66,2.89,1.00,0.05,0.86,0.98,,yes
57.01,FLYING,APPROACH,0,,,,,68,0,11,0,0,88,ESCAPE,,1.74,2.71,2.76,1.00,0.04,0.89,0.92,,yes
57.10,FLYING,APPROACH,0,,,,,68,0,11,0,0,88,ESCAPE,,1.61,3.40,2.23,1.00,0.03,1.00,1.00,,yes
57.15,FLYING,APPROACH,0,,,,,68,0,11,0,0,88,ESCAPE,,2.03,3.75,1.57,1.00,0.02,1.00,1.00,,yes
57.20,FLYING,APPROACH,0,,,,,68,0,11,0,0,88,ESCAPE,,2.50,3.92,1.17,1.00,0.01,1.00,1.00,,yes
57.29,FLYING,APPROACH,0,,,,,68,0,11,0,0,88,ESCAPE,,2.86,4.83,0.97,1.00,0.01,1.00,1.00,,yes
57.34,FLYING,APPROACH,0,,,,,68,0,11,0,0,88,ESCAPE,,3.03,5.28,1.17,1.00,0.01,1.00,1.00,,yes
57.39,FLYING,APPROACH,0,,,,,68,0,11,0,0,88,ESCAPE,,3.12,5.29,1.31,1.00,0.00,1.00,1.00,,yes
57.48,FLYING,APPROACH,0,,,,,68,0,11,0,0,88,ESCAPE,,2.74,4.82,1.97,1.00,0.00,1.00,1.00,,yes
57.53,FLYING,APPROACH,0,,,,,68,0,11,0,0,88,AVOID_LEFT,,2.54,4.58,2.58,1.00,0.00,1.00,1.00,,yes
57.58,FLYING,APPROACH,0,,,,,68,0,11,0,0,88,AVOID_LEFT,,2.45,3.83,3.01,1.00,0.00,1.00,1.00,,yes
57.67,FLYING,APPROACH,0,,,,,68,0,11,0,0,88,AVOID_LEFT,,2.32,3.46,3.10,1.00,0.00,1.00,1.00,,yes
57.72,FLYING,APPROACH,0,,,,,68,0,11,0,0,88,AVOID_LEFT,,2.26,3.27,2.80,1.00,0.00,1.00,1.00,,yes
57.77,FLYING,APPROACH,0,,,,,68,0,11,0,0,88,AVOID_LEFT,,2.23,2.48,2.65,1.00,0.00,0.79,0.88,,yes
57.86,FLYING,APPROACH,0,,,,,68,0,11,0,0,88,AVOID_LEFT,,2.99,2.08,2.26,1.00,0.00,1.00,0.69,,yes
57.91,FLYING,APPROACH,0,,,,,68,0,11,0,0,88,CRUISE,,3.37,1.89,1.94,1.00,0.00,1.00,0.52,,yes
57.96,FLYING,APPROACH,0,,,,,68,0,11,0,0,88,AVOID_RIGHT,,3.08,1.83,1.78,1.00,0.00,1.00,0.47,,yes
58.04,FLYING,APPROACH,0,,,,,68,0,11,0,0,88,AVOID_RIGHT,,2.16,1.57,1.61,1.00,0.00,0.63,0.36,,yes
58.09,FLYING,APPROACH,0,,,,,68,0,11,0,0,88,AVOID_RIGHT,,1.69,1.45,1.53,1.00,0.00,0.40,0.32,,yes
58.14,FLYING,APPROACH,0,,,,,68,0,11,0,0,88,AVOID_RIGHT,,1.07,1.38,1.43,0.99,0.00,0.25,0.27,,yes
58.23,FLYING,APPROACH,0,,,,,68,0,11,0,0,88,AVOID_RIGHT,,0.68,1.53,0.98,0.82,0.00,0.32,0.32,,yes
58.28,FLYING,APPROACH,0,,,,,68,0,11,0,0,88,AVOID_LEFT,,0.53,1.60,0.80,0.87,0.00,0.35,0.35,,yes
58.32,FLYING,APPROACH,0,,,,,68,0,11,0,0,88,CRUISE,,0.45,1.25,0.70,0.60,0.00,0.18,0.18,,yes
58.44,FLYING,FEED,1,freshripe,0.30,0.68,14.3,68,0,7,7,3,88,CRUISE,,0.50,1.02,0.88,0.34,0.00,0.06,0.06,,yes
58.49,FLYING,FEED,1,freshripe,0.30,0.68,14.3,67,0,5,11,6,88,CRUISE,,0.55,0.83,0.96,0.19,0.00,0.00,0.05,,yes
58.54,FLYING,FEED,1,freshripe,0.30,0.68,14.3,67,0,3,14,7,88,CRUISE,,0.57,0.73,1.04,0.11,0.00,0.00,0.10,,yes
58.65,FLYING,FEED,1,freshripe,0.34,0.96,11.9,66,0,2,16,9,88,CRUISE,,0.70,0.82,1.00,0.06,0.00,0.00,0.09,,yes
58.70,FLYING,FEED,1,freshripe,0.34,0.96,11.9,66,0,1,17,11,88,CRUISE,,0.77,0.86,0.98,0.03,0.00,0.02,0.08,,yes
58.75,FLYING,FEED,1,freshripe,0.34,0.96,11.9,66,0,0,18,11,88,CRUISE,,0.60,1.11,0.72,0.02,0.00,0.15,0.15,,yes
58.86,FLYING,FEED,1,freshripe,0.50,0.99,12.6,65,0,0,19,11,88,CRUISE,,0.46,1.25,0.59,0.16,0.00,0.23,0.23,,yes
58.91,FLYING,FEED,1,freshripe,0.50,0.99,12.6,65,0,0,19,11,88,AVOID_LEFT,,0.39,1.32,0.53,0.09,0.44,0.04,0.04,,yes
58.96,FLYING,FEED,1,freshripe,0.50,0.99,12.6,65,0,0,19,11,88,AVOID_LEFT,,0.35,1.29,0.52,0.05,0.31,0.09,0.09,,yes
59.08,FLYING,FEED,1,freshripe,0.62,0.99,14.1,64,0,0,19,7,88,CRUISE,,0.35,1.03,0.56,0.03,0.21,0.01,0.01,,yes
59.13,FLYING,FEED,1,freshripe,0.62,0.99,14.1,64,0,0,19,4,88,CRUISE,,0.34,0.91,0.64,0.02,0.44,0.00,0.00,,yes
59.17,FLYING,FEED,1,freshripe,0.62,0.99,14.1,63,0,0,19,3,88,CRUISE,,0.42,0.84,0.68,0.01,0.31,0.00,0.00,,yes
59.29,FLYING,FEED,1,freshripe,0.57,0.93,17.5,63,0,0,19,2,88,CRUISE,,1.24,0.72,1.07,0.01,0.21,0.11,0.03,,yes
59.34,FLYING,FEED,1,freshripe,0.57,0.93,17.5,62,0,0,19,1,88,CRUISE,,1.65,0.72,1.26,0.00,0.44,0.21,0.01,,yes
59.39,FLYING,FEED,1,freshripe,0.57,0.93,17.5,62,0,0,19,0,88,CRUISE,,1.86,0.72,1.36,0.26,0.31,0.38,0.13,,yes
59.50,FLYING,FEED,1,freshripe,0.64,0.95,16.7,61,0,0,18,0,88,CRUISE,,1.68,1.51,1.88,0.35,0.44,0.22,0.32,,yes
59.55,FLYING,FEED,1,freshripe,0.64,0.95,16.7,61,0,0,17,0,88,AVOID_LEFT,,1.24,1.91,2.14,0.67,0.44,0.34,0.45,,yes
59.60,FLYING,FEED,1,freshripe,0.64,0.95,16.7,61,0,0,16,0,88,AVOID_LEFT,,0.91,1.33,1.12,0.50,0.31,0.11,0.11,,yes
59.72,FLYING,FEED,1,freshripe,0.56,0.98,16.5,60,0,0,16,0,88,AVOID_LEFT,,0.60,1.01,0.61,0.28,0.21,0.00,0.00,,yes
59.77,FLYING,FEED,1,freshripe,0.56,0.98,16.5,60,0,0,15,0,88,CRUISE,,0.43,0.77,0.31,0.16,0.15,0.00,0.00,,yes
59.81,FLYING,FEED,1,freshripe,0.56,0.98,16.5,59,0,0,15,0,88,CRUISE,,0.34,0.65,0.16,0.09,0.10,0.00,0.00,,yes
59.93,FLYING,FEED,1,freshripe,0.25,0.99,14.4,59,0,0,13,0,88,CRUISE,,0.57,1.39,0.08,0.19,0.07,0.26,0.26,,yes
59.98,FLYING,FEED,1,freshripe,0.25,0.99,14.4,58,0,0,12,0,88,CRUISE,,1.03,1.76,0.04,0.37,0.05,0.45,0.45,,yes
60.03,FLYING,FEED,1,freshripe,0.25,0.99,14.4,58,0,0,11,0,88,AVOID_RIGHT,,1.26,1.53,0.02,0.73,0.04,0.35,0.35,,yes
60.15,FLYING,FEED,1,freshripe,0.39,0.97,13.6,57,0,0,11,0,88,ESCAPE,,1.47,1.21,0.12,0.69,0.03,0.32,0.19,,yes
60.19,FLYING,FEED,1,freshripe,0.39,0.97,13.6,57,0,0,10,0,88,ESCAPE,,1.06,0.90,0.17,0.39,0.02,0.12,0.04,,yes
60.24,FLYING,FEED,1,freshripe,0.39,0.97,13.6,57,0,0,10,0,88,ESCAPE,,1.20,0.90,0.24,0.22,0.01,0.20,0.04,,yes
60.36,FLYING,FEED,1,freshripe,0.22,0.86,13.2,56,0,0,10,0,88,ESCAPE,,1.28,1.10,0.46,0.24,0.01,0.23,0.14,,yes
60.41,FLYING,FEED,1,freshripe,0.22,0.86,13.2,56,0,0,10,0,88,ESCAPE,,1.53,1.26,0.77,0.40,0.01,0.36,0.23,,yes
60.46,FLYING,FEED,1,freshripe,0.22,0.86,13.2,56,0,0,10,0,88,ESCAPE,,2.01,1.53,0.94,0.89,0.00,0.60,0.36,,yes
60.58,FLYING,FEED,1,freshripe,0.35,0.95,13.1,55,0,0,11,0,88,ESCAPE,,2.99,2.06,1.26,1.00,0.00,1.00,0.63,,yes
60.63,FLYING,FEED,1,freshripe,0.35,0.95,13.1,55,0,0,11,0,88,ESCAPE,,3.47,2.33,1.42,1.00,0.00,1.00,0.77,,yes
60.68,FLYING,FEED,1,freshripe,0.35,0.95,13.1,54,0,0,12,0,88,ESCAPE,,2.66,2.00,1.36,1.00,0.00,0.93,0.60,,yes
60.79,FLYING,FEED,1,freshripe,0.43,0.93,12.0,54,0,0,13,0,88,ESCAPE,,2.07,1.66,1.16,1.00,0.00,0.63,0.43,,yes
60.84,FLYING,FEED,1,freshripe,0.43,0.93,12.0,53,0,0,13,0,88,ESCAPE,,1.29,1.12,0.89,1.00,0.00,0.24,0.16,,yes
60.89,FLYING,FEED,1,freshripe,0.43,0.93,12.0,53,0,0,13,0,88,ESCAPE,,0.90,0.71,0.70,0.71,0.00,0.05,0.00,,yes
61.01,FLYING,FEED,1,,,,,53,0,0,9,0,88,ESCAPE,,0.62,0.51,0.53,0.40,0.00,0.00,0.00,,yes
61.05,FLYING,FEED,1,,,,,53,0,0,5,0,88,ESCAPE,,0.48,0.41,0.44,0.22,0.00,0.00,0.00,,yes
61.10,FLYING,FEED,1,,,,,53,0,0,3,0,88,ESCAPE,,0.39,0.39,0.40,0.13,0.00,0.00,0.00,,yes
61.19,FLYING,FEED,0,,,,,53,0,0,2,0,88,ESCAPE,,0.34,0.39,0.37,0.07,0.00,0.00,0.00,,yes
61.23,FLYING,FEED,0,,,,,53,0,0,1,0,88,ESCAPE,,0.33,0.50,0.18,0.04,0.00,0.00,0.00,,yes
61.28,FLYING,FEED,0,,,,,53,0,0,1,0,88,ESCAPE,,0.41,0.55,0.09,0.02,0.00,0.00,0.00,,yes
61.37,FLYING,FEED,0,,,,,53,0,0,0,0,88,ESCAPE,,0.48,0.85,0.11,0.01,0.00,0.02,0.02,,yes
61.42,FLYING,FEED,0,,,,,53,0,0,0,0,88,ESCAPE,,0.51,1.00,0.16,0.01,0.00,0.10,0.10,,yes
61.46,FLYING,FEED,0,,,,,53,0,0,0,0,88,ESCAPE,,0.55,1.00,0.47,0.00,0.00,0.10,0.10,,yes
61.55,FLYING,FEED,0,,,,,53,0,0,0,0,88,ESCAPE,,0.54,0.86,0.74,0.00,0.00,0.03,0.03,,yes
61.60,FLYING,FEED,0,,,,,53,0,0,0,0,88,ESCAPE,,0.54,0.79,0.91,0.00,0.00,0.00,0.05,,yes
61.64,FLYING,FEED,0,,,,,53,0,0,0,0,88,ESCAPE,,0.54,0.42,1.05,0.00,0.00,0.00,0.13,,
61.73,FLYING,FEED,0,,,,,53,0,0,0,0,88,ESCAPE,,1.01,0.21,1.49,0.26,0.00,0.11,0.34,,
61.78,FLYING,FEED,0,,,,,53,0,0,0,0,88,ESCAPE,,1.26,0.11,1.86,0.52,0.00,0.23,0.53,,
61.83,FLYING,SCARED,0,,,,,53,0,-40,0,0,88,ESCAPE,LEFT,1.51,1.09,2.05,0.96,0.00,0.36,0.62,,
61.92,FLYING,SCARED,0,,,,,53,0,-40,0,0,88,ESCAPE,,2.39,2.01,2.84,1.00,0.00,0.79,1.00,,yes
61.97,FLYING,SCARED,0,,,,,53,0,-40,0,0,88,ESCAPE,,2.82,2.47,3.24,1.00,0.87,0.58,0.78,,yes
62.02,FLYING,SCARED,0,,,,,53,0,-40,0,0,88,ESCAPE,,2.15,2.24,3.88,1.00,0.61,0.41,1.00,,yes
62.10,FLYING,SCARED,0,,,,,53,0,-40,0,0,88,AVOID_LEFT,,1.82,2.12,3.57,1.00,0.44,0.44,1.00,,yes
62.15,FLYING,SCARED,0,,,,,53,0,-40,0,0,88,AVOID_LEFT,,1.91,2.06,3.41,1.00,0.44,0.41,1.00,,yes
62.20,FLYING,SCARED,0,,,,,53,0,-40,0,0,88,AVOID_LEFT,,2.09,2.30,2.71,1.00,0.31,0.60,0.80,,yes
62.29,FLYING,SCARED,0,,,,,53,0,-40,0,0,88,AVOID_LEFT,,2.05,2.15,2.37,1.00,0.87,0.24,0.35,,yes
62.34,FLYING,SCARED,0,,,,,53,0,-40,0,0,88,AVOID_LEFT,,2.03,2.08,2.41,1.00,0.61,0.34,0.50,,yes
62.39,FLYING,SCARED,0,,,,,53,0,-40,0,0,88,AVOID_LEFT,,1.71,2.05,2.44,1.00,0.43,0.41,0.61,,yes
62.48,FLYING,SCARED,0,,,,,53,0,-40,0,0,88,AVOID_LEFT,,1.40,1.57,2.46,1.00,0.44,0.17,0.61,,yes
62.53,FLYING,SCARED,0,,,,,53,0,-40,0,0,88,AVOID_LEFT,,1.24,1.39,2.47,1.00,0.31,0.14,0.68,,yes
62.57,FLYING,SCARED,0,,,,,53,0,-40,0,0,88,AVOID_LEFT,,1.27,1.31,2.48,1.00,0.21,0.15,0.73,,yes
62.66,FLYING,SCARED,0,,,,,53,0,-40,0,0,88,AVOID_LEFT,,1.72,1.26,2.48,1.00,0.15,0.39,0.77,,yes
62.71,FLYING,SCARED,0,,,,,53,0,-40,0,0,87,AVOID_LEFT,,1.95,1.18,2.48,1.00,0.44,0.36,0.62,,yes
62.76,FLYING,SCARED,0,,,,,53,0,-40,0,0,87,AVOID_LEFT,,2.06,1.14,2.21,1.00,0.31,0.48,0.55,,yes
62.85,FLYING,WAIT,0,,,,,53,0,-26,0,0,87,AVOID_LEFT,,1.99,1.50,1.92,1.00,0.21,0.49,0.45,,yes
63.10,FLYING,WAIT,0,,,,,53,0,-16,0,0,87,AVOID_LEFT,,1.88,1.68,1.73,1.00,0.15,0.46,0.39,,yes
63.34,FLYING,WAIT,0,,,,,53,0,-10,0,0,87,AVOID_LEFT,,1.35,1.26,1.55,1.00,0.10,0.22,0.32,,yes
63.58,FLYING,WAIT,0,,,,,53,0,-7,0,0,87,AVOID_LEFT,,0.93,1.04,1.41,0.74,1.31,0.00,0.00,,yes
63.82,FLYING,WAIT,0,,,,,53,0,-4,0,0,87,AVOID_LEFT,,0.73,0.95,1.15,0.42,0.92,0.00,0.00,,yes
64.06,FLYING,WAIT,0,,,,,53,0,-3,0,0,87,CRUISE,,0.72,0.91,0.95,0.23,0.64,0.00,0.00,,yes
64.30,FLYING,WAIT,0,,,,,53,0,-1,0,0,87,CRUISE,,0.80,0.75,0.51,0.13,0.45,0.00,0.00,,
64.55,FLYING,WAIT,0,,,,,53,0,-1,0,0,87,CRUISE,,0.75,0.55,0.30,0.07,0.31,0.00,0.00,,
64.79,FLYING,WAIT,0,,,,,53,0,0,0,0,87,CRUISE,,0.38,0.57,0.50,0.04,0.22,0.00,0.00,,
65.03,FLYING,WAIT,0,,,,,53,0,0,0,0,87,CRUISE,,0.19,0.45,0.60,0.02,0.44,0.00,0.00,,
65.27,FLYING,WAIT,0,,,,,53,0,0,0,0,87,CRUISE,,0.09,0.50,0.53,0.01,0.31,0.00,0.00,,
65.51,FLYING,WAIT,0,,,,,53,0,0,0,0,87,CRUISE,,0.07,0.52,0.49,0.01,0.21,0.00,0.00,,
65.75,FLYING,WAIT,0,,,,,53,0,0,0,0,87,CRUISE,,0.06,0.53,0.40,0.00,0.15,0.00,0.00,,
66.00,FLYING,WAIT,0,,,,,53,0,0,0,0,87,CRUISE,,0.11,0.47,0.29,0.00,0.10,0.00,0.00,,
66.24,FLYING,WAIT,0,,,,,53,0,0,0,0,87,CRUISE,,0.29,0.43,0.23,0.00,0.07,0.00,0.00,,
66.48,FLYING,WAIT,0,,,,,53,0,0,0,0,87,CRUISE,,0.41,0.40,0.25,0.00,0.05,0.00,0.00,,
66.72,FLYING,WAIT,0,,,,,53,0,0,0,0,87,CRUISE,,0.58,0.39,0.27,0.00,0.04,0.00,0.00,,
66.96,FLYING,WAIT,0,,,,,53,0,0,0,0,87,CRUISE,,0.66,0.39,0.25,0.00,0.03,0.00,0.00,,
67.20,FLYING,WAIT,0,,,,,53,0,0,0,0,87,CRUISE,,0.45,0.39,0.20,0.00,0.02,0.00,0.00,,
67.44,FLYING,WAIT,0,,,,,53,0,0,0,0,87,CRUISE,,0.35,0.39,0.17,0.00,0.01,0.00,0.00,,
67.69,FLYING,WAIT,0,,,,,53,0,0,0,0,87,CRUISE,,0.42,0.36,0.24,0.00,0.01,0.00,0.00,,
67.93,FLYING,APPROACH,0,,,,,53,0,4,0,0,87,CRUISE,,0.50,0.35,0.28,0.00,0.01,0.00,0.00,,
67.98,FLYING,APPROACH,0,,,,,53,0,6,0,0,87,CRUISE,,0.54,0.31,0.23,0.00,0.00,0.00,0.00,,
68.02,FLYING,APPROACH,0,,,,,53,0,8,0,0,87,CRUISE,,0.65,0.29,0.21,0.00,0.00,0.00,0.00,,
68.11,FLYING,APPROACH,0,,,,,53,0,9,0,0,87,CRUISE,,0.54,0.64,0.34,0.00,0.00,0.00,0.00,,
68.16,FLYING,APPROACH,0,,,,,53,0,10,0,0,87,CRUISE,,0.45,0.82,0.41,0.00,0.00,0.00,0.00,,yes
68.20,FLYING,APPROACH,0,,,,,53,0,11,0,0,87,CRUISE,,0.40,0.72,0.25,0.00,0.00,0.00,0.00,,yes
68.29,FLYING,APPROACH,0,,,,,53,0,11,0,0,87,CRUISE,,0.40,0.67,0.18,0.00,0.00,0.00,0.00,,yes
68.34,FLYING,APPROACH,0,,,,,53,0,11,0,0,87,CRUISE,,0.40,0.68,0.15,0.00,0.00,0.00,0.00,,yes
68.38,FLYING,APPROACH,0,,,,,53,0,11,0,0,87,CRUISE,,0.41,0.74,0.25,0.00,0.00,0.00,0.00,,yes
68.47,FLYING,APPROACH,0,,,,,53,0,11,0,0,87,CRUISE,,0.41,0.95,0.19,0.00,0.00,0.03,0.03,,yes
68.52,FLYING,APPROACH,0,,,,,53,0,11,0,0,87,CRUISE,,0.47,1.05,0.17,0.00,0.00,0.08,0.08,,yes
68.57,FLYING,APPROACH,0,,,,,53,0,11,0,0,87,CRUISE,,0.53,1.12,0.16,0.00,0.00,0.12,0.12,,yes
68.65,FLYING,APPROACH,0,,,,,53,0,11,0,0,87,CRUISE,,0.82,1.09,0.23,0.00,0.00,0.10,0.10,,yes
68.70,FLYING,APPROACH,0,,,,,53,0,11,0,0,87,CRUISE,,0.96,1.08,0.27,0.00,0.00,0.09,0.09,,yes
68.75,FLYING,APPROACH,0,,,,,53,0,11,0,0,87,CRUISE,,1.03,1.07,0.28,0.00,0.00,0.09,0.09,,yes
68.83,FLYING,APPROACH,0,,,,,53,0,11,0,0,87,CRUISE,,1.43,0.99,0.24,0.15,0.00,0.27,0.05,,yes
68.88,FLYING,APPROACH,0,,,,,53,0,11,0,0,87,CRUISE,,1.62,0.94,0.21,0.23,0.00,0.37,0.03,,yes
68.93,FLYING,APPROACH,0,,,,,53,0,11,0,0,87,AVOID_RIGHT,,1.93,0.92,0.20,0.39,0.00,0.52,0.01,,yes
69.04,FLYING,APPROACH,0,,,,,53,0,11,0,0,87,AVOID_RIGHT,,2.02,1.22,2.24,0.89,0.00,0.56,0.67,,yes
69.09,FLYING,APPROACH,0,,,,,53,0,11,0,0,87,ESCAPE,,2.06,1.37,3.25,1.00,0.00,0.59,1.00,,yes
69.14,FLYING,APPROACH,0,,,,,53,0,11,0,0,87,ESCAPE,,1.62,1.44,2.99,1.00,0.00,0.37,1.00,,yes
69.24,FLYING,APPROACH,0,,,,,53,0,11,0,0,87,ESCAPE,,1.28,1.30,2.13,1.00,0.44,0.00,0.40,,yes
69.29,FLYING,APPROACH,0,,,,,53,0,11,0,0,87,ESCAPE,,1.11,1.22,1.61,0.77,0.44,0.00,0.14,,yes
69.33,FLYING,APPROACH,0,,,,,53,0,11,0,0,87,ESCAPE,,0.88,0.81,1.34,0.43,0.31,0.00,0.07,,yes
69.42,FLYING,APPROACH,0,,,,,53,0,11,0,0,87,ESCAPE,,0.52,0.55,0.96,0.24,0.21,0.00,0.00,,yes
69.47,FLYING,APPROACH,0,,,,,53,0,11,0,0,87,ESCAPE,,0.34,0.44,0.62,0.14,0.15,0.00,0.00,,yes
69.52,FLYING,APPROACH,0,,,,,53,0,11,0,0,87,ESCAPE,,0.24,0.38,0.45,0.08,0.10,0.00,0.00,,yes
69.62,FLYING,APPROACH,0,,,,,53,0,11,0,0,87,ESCAPE,,0.16,0.83,0.48,0.04,0.07,0.00,0.00,,yes
69.67,FLYING,APPROACH,0,,,,,53,0,11,0,0,87,ESCAPE,,0.12,1.06,0.49,0.02,0.05,0.06,0.06,,yes
69.72,FLYING,APPROACH,0,,,,,53,0,11,0,0,87,ESCAPE,,0.10,1.17,0.42,0.01,0.04,0.12,0.12,,yes
69.82,FLYING,APPROACH,0,,,,,53,0,11,0,0,87,ESCAPE,,0.12,1.20,0.38,0.01,0.03,0.14,0.14,,yes
69.87,FLYING,APPROACH,0,,,,,53,0,11,0,0,87,ESCAPE,,0.14,1.03,0.37,0.00,0.02,0.06,0.06,,yes
69.92,FLYING,APPROACH,0,,,,,53,0,11,0,0,87,ESCAPE,,0.16,0.94,0.57,0.00,0.01,0.02,0.02,,yes
70.01,FLYING,APPROACH,0,,,,,53,0,11,0,0,87,ESCAPE,,0.13,0.82,0.71,0.00,0.01,0.00,0.00,,yes
70.06,FLYING,APPROACH,0,,,,,53,0,11,0,0,87,ESCAPE,,0.12,0.64,1.08,0.00,0.01,0.00,0.09,,yes
70.13,FLYING,APPROACH,0,,,,,53,0,11,0,0,87,ESCAPE,,0.11,0.55,1.27,0.00,0.44,0.00,0.00,,yes
70.22,FLYING,APPROACH,0,,,,,53,0,11,0,0,87,ESCAPE,,0.10,0.51,1.21,0.00,0.31,0.00,0.01,,yes
70.27,FLYING,APPROACH,0,,,,,53,0,11,0,0,87,ESCAPE,,0.12,0.43,0.73,0.00,0.44,0.00,0.00,,yes
70.32,FLYING,APPROACH,0,,,,,53,0,11,0,0,87,ESCAPE,,0.14,0.39,0.49,0.00,0.31,0.00,0.00,,yes
70.42,FLYING,APPROACH,0,,,,,53,0,11,0,0,87,ESCAPE,,0.19,0.36,0.40,0.00,0.21,0.00,0.00,,yes
70.47,FLYING,APPROACH,0,,,,,53,0,11,0,0,87,ESCAPE,,0.21,0.34,0.36,0.00,0.15,0.00,0.00,,yes
70.52,FLYING,APPROACH,0,,,,,53,0,11,0,0,87,ESCAPE,,0.20,0.34,0.25,0.00,0.10,0.00,0.00,,yes
70.61,FLYING,APPROACH,0,,,,,53,0,11,0,0,87,ESCAPE,,0.18,0.24,0.19,0.00,0.07,0.00,0.00,,yes
70.66,FLYING,APPROACH,0,,,,,53,0,11,0,0,87,ESCAPE,,0.18,0.20,0.17,0.00,0.05,0.00,0.00,,yes
70.71,FLYING,APPROACH,0,,,,,53,0,11,0,0,87,ESCAPE,,0.17,0.17,0.17,0.00,0.04,0.00,0.00,,yes
70.81,FLYING,APPROACH,0,,,,,53,0,11,0,0,86,ESCAPE,,0.20,0.26,0.20,0.00,0.44,0.00,0.00,,yes
70.86,FLYING,APPROACH,0,,,,,53,0,11,0,0,86,ESCAPE,,0.23,0.33,0.32,0.00,0.31,0.00,0.00,,yes
70.91,FLYING,APPROACH,0,,,,,53,0,11,0,0,86,ESCAPE,,0.25,0.42,0.38,0.00,0.21,0.00,0.00,,yes
71.00,FLYING,APPROACH,0,,,,,53,0,11,0,0,86,ESCAPE,,0.26,0.43,0.40,0.00,0.15,0.00,0.00,,yes
71.05,FLYING,APPROACH,0,,,,,53,0,11,0,0,86,CRUISE,,0.24,0.43,0.39,0.00,0.10,0.00,0.00,,yes
71.10,FLYING,APPROACH,0,,,,,53,0,11,0,0,86,CRUISE,,0.26,0.44,0.40,0.00,0.07,0.00,0.00,,yes
71.20,FLYING,APPROACH,0,,,,,53,0,11,0,0,86,CRUISE,,0.26,0.58,0.71,0.00,0.05,0.00,0.00,,yes
71.25,FLYING,APPROACH,0,,,,,53,0,11,0,0,86,CRUISE,,0.28,0.65,0.87,0.00,0.04,0.00,0.00,,yes
71.30,FLYING,APPROACH,0,,,,,53,0,11,0,0,86,CRUISE,,0.31,0.65,0.94,0.00,0.03,0.00,0.01,,yes
71.39,FLYING,APPROACH,0,,,,,53,0,11,0,0,86,CRUISE,,0.39,0.65,0.83,0.00,0.02,0.00,0.00,,yes
71.44,FLYING,APPROACH,0,,,,,53,0,11,0,0,86,CRUISE,,0.42,0.63,0.74,0.00,0.01,0.00,0.00,,yes
71.49,FLYING,APPROACH,0,,,,,53,0,11,0,0,86,CRUISE,,0.35,0.48,0.70,0.00,0.44,0.00,0.00,,yes
71.59,FLYING,APPROACH,0,,,,,53,0,11,0,0,86,CRUISE,,0.32,0.41,0.79,0.00,0.31,0.00,0.00,,yes
71.64,FLYING,APPROACH,0,,,,,53,0,11,0,0,86,CRUISE,,0.35,0.84,0.84,0.00,0.87,0.00,0.00,,yes
71.69,FLYING,APPROACH,0,,,,,53,0,11,0,0,86,CRUISE,,0.52,1.13,0.82,0.00,0.61,0.00,0.00,,yes
71.78,FLYING,APPROACH,0,,,,,53,0,11,0,0,86,CRUISE,,0.52,1.28,0.81,0.00,0.43,0.00,0.00,,yes
71.83,FLYING,APPROACH,0,,,,,53,0,11,0,0,86,CRUISE,,0.52,1.35,0.81,0.00,0.44,0.01,0.01,,yes
71.88,FLYING,APPROACH,0,,,,,53,0,11,0,0,86,CRUISE,,0.45,1.17,0.75,0.00,0.31,0.00,0.00,,yes
71.98,FLYING,APPROACH,0,,,,,53,0,11,0,0,86,CRUISE,,0.35,0.89,0.52,0.00,0.21,0.00,0.00,,yes
72.02,FLYING,SCAN,0,,,,,53,0,7,0,0,86,CRUISE,,0.29,0.63,0.41,0.00,0.15,0.00,0.00,,yes
72.27,FLYING,SCAN,0,,,,,53,0,5,0,0,86,CRUISE,,0.27,0.50,0.28,0.00,0.10,0.00,0.00,,yes
72.52,FLYING,SCAN,0,,,,,53,0,3,0,0,86,CRUISE,,0.22,0.41,0.18,0.00,0.44,0.00,0.00,,yes
72.76,FLYING,SCAN,0,,,,,53,0,2,0,-14,86,CRUISE,,0.25,0.41,0.17,0.00,0.87,0.00,0.00,,yes
72.81,FLYING,SCAN,0,,,,,53,0,1,0,-23,86,CRUISE,,0.27,0.41,0.19,0.00,0.61,0.00,0.00,,yes
72.89,FLYING,SCAN,0,,,,,53,0,0,0,-29,86,CRUISE,,0.32,0.57,0.20,0.00,0.43,0.00,0.00,,yes
72.94,FLYING,SCAN,0,,,,,53,0,0,0,-32,86,CRUISE,,0.34,0.66,0.20,0.00,0.44,0.00,0.00,,yes
72.99,FLYING,SCAN,0,,,,,53,0,0,0,-35,86,CRUISE,,0.28,0.63,0.28,0.00,0.31,0.00,0.00,,yes
73.08,FLYING,SCAN,0,,,,,53,0,0,0,-36,86,CRUISE,,0.25,0.62,0.38,0.00,0.44,0.00,0.00,,yes
73.12,FLYING,SCAN,0,,,,,53,0,0,0,-38,86,CRUISE,,1.11,1.44,0.43,0.00,0.87,0.00,0.00,,yes
73.17,FLYING,SCAN,0,,,,,53,0,0,0,-38,86,CRUISE,,1.62,1.90,0.22,0.15,0.61,0.24,0.24,,yes
73.26,FLYING,SCAN,0,,,,,53,0,0,0,-39,86,CRUISE,,1.88,2.43,0.11,0.60,0.87,0.38,0.38,,yes
73.31,FLYING,SCAN,0,,,,,53,0,0,0,-39,86,AVOID_LEFT,,1.21,2.69,0.22,1.00,0.87,0.51,0.51,,yes
73.36,FLYING,SCAN,0,,,,,53,0,0,0,-39,86,AVOID_LEFT,,0.87,2.55,0.32,1.00,0.61,0.57,0.57,,yes
73.45,FLYING,SCAN,0,,,,,53,0,0,0,-39,86,AVOID_LEFT,,0.63,2.25,0.63,0.82,1.31,0.07,0.07,,yes
73.50,FLYING,SCAN,0,,,,,53,0,0,0,-39,86,CRUISE,,0.79,2.10,1.11,0.49,0.92,0.19,0.19,,yes
73.54,FLYING,SCAN,0,,,,,53,0,0,0,-39,86,CRUISE,,0.87,2.03,1.46,0.37,0.87,0.18,0.18,,yes
73.63,FLYING,SCAN,0,,,,,53,0,0,0,-39,86,AVOID_LEFT,,1.10,2.24,2.32,0.53,0.61,0.41,0.46,,yes
73.68,FLYING,SCAN,0,,,,,53,0,0,0,-39,86,AVOID_LEFT,,1.22,2.34,2.75,0.54,1.75,0.00,0.10,,yes
73.73,FLYING,SCAN,0,,,,,53,0,0,0,-39,86,AVOID_LEFT,,1.28,2.40,3.15,0.49,1.31,0.14,0.52,,yes
73.82,FLYING,SCAN,0,,,,,53,0,0,0,-39,86,ESCAPE,,1.85,2.02,3.97,0.67,0.92,0.15,1.00,,yes
73.87,FLYING,SCAN,0,,,,,53,0,0,0,-39,86,ESCAPE,,2.13,1.74,4.38,0.89,1.75,0.00,0.92,,yes
73.91,FLYING,SCAN,0,,,,,53,0,0,0,-39,86,ESCAPE,,2.11,1.60,4.50,1.00,1.22,0.04,1.00,,yes
74.00,FLYING,SCAN,0,,,,,53,0,0,0,-39,86,ESCAPE,,1.82,2.47,4.57,1.00,0.87,0.40,1.00,,yes
74.05,FLYING,SCAN,0,,,,,53,0,0,0,-39,86,ESCAPE,,1.09,2.90,4.60,1.00,1.31,0.40,1.00,,yes
74.10,FLYING,SCAN,0,,,,,53,0,0,0,-39,86,ESCAPE,,0.73,3.17,3.68,1.00,0.92,0.73,0.98,,yes
74.19,FLYING,SCAN,0,,,,,53,0,0,0,-39,86,ESCAPE,,0.74,3.01,3.22,1.00,1.31,0.45,0.55,,yes
74.24,FLYING,SCAN,0,,,,,53,0,0,0,-39,86,ESCAPE,,0.74,2.57,3.03,1.00,1.75,0.01,0.24,,yes
74.29,FLYING,SCAN,0,,,,,53,0,0,0,-39,86,ESCAPE,,0.74,2.35,3.03,0.88,1.22,0.17,0.51,,yes
74.37,FLYING,SCAN,0,,,,,53,0,0,0,-39,86,ESCAPE,,0.67,2.06,3.14,0.90,1.31,0.00,0.51,,yes
74.42,FLYING,SCAN,0,,,,,53,0,0,0,-39,86,ESCAPE,,0.63,1.87,3.19,0.87,0.92,0.08,0.73,,yes
74.47,FLYING,SCAN,0,,,,,53,0,0,0,-39,86,ESCAPE,,0.61,1.71,3.21,0.80,1.31,0.00,0.55,,yes
74.56,FLYING,SCAN,0,,,,,53,0,0,0,-39,86,ESCAPE,,1.16,1.52,3.60,0.94,1.31,0.00,0.74,,yes
74.61,FLYING,SCAN,0,,,,,53,0,0,0,-39,86,ESCAPE,,1.44,1.42,3.79,1.00,0.92,0.00,1.00,,yes
74.66,FLYING,SCAN,0,,,,,53,0,0,0,-39,86,ESCAPE,,1.58,1.76,3.58,1.00,0.64,0.16,1.00,,yes
74.74,FLYING,SCAN,0,,,,,53,0,0,0,-25,86,ESCAPE,,1.84,1.94,3.47,1.00,1.31,0.00,0.68,,yes
74.99,FLYING,SCAN,0,,,,,53,0,0,0,-16,86,ESCAPE,,1.97,2.03,3.12,0.94,1.31,0.00,0.50,,yes
75.24,FLYING,SCAN,0,,,,,53,0,0,0,-10,86,ESCAPE,,1.28,2.08,2.56,0.70,2.18,0.00,0.00,,yes
75.52,FLYING,SCAN,0,,,,,53,0,0,0,-21,86,ESCAPE,,0.94,1.18,1.47,0.39,1.53,0.00,0.00,,yes
75.58,FLYING,SCAN,0,,,,,53,0,0,0,-27,86,ESCAPE,,0.77,0.73,0.92,0.22,1.31,0.00,0.00,,yes
75.62,FLYING,SCAN,0,,,,,53,0,0,0,-32,86,ESCAPE,,0.77,0.65,0.79,0.12,0.92,0.00,0.00,,yes
75.71,FLYING,SCAN,0,,,,,53,0,0,0,-34,86,ESCAPE,,0.64,1.26,1.88,0.07,0.64,0.00,0.22,,yes
75.76,FLYING,SCAN,0,,,,,53,0,0,0,-36,86,ESCAPE,,0.58,1.56,2.43,0.40,0.45,0.16,0.59,,yes
75.81,FLYING,SCAN,0,,,,,53,0,0,0,-37,86,ESCAPE,,0.55,2.12,2.84,0.49,1.31,0.00,0.37,,yes
75.90,FLYING,SCAN,0,,,,,53,0,0,0,-38,86,ESCAPE,,0.57,1.35,2.88,0.66,0.92,0.00,0.58,,yes
75.95,FLYING,SCAN,0,,,,,53,0,0,0,-39,86,ESCAPE,,0.59,0.96,2.89,0.63,1.31,0.00,0.39,,yes
75.99,FLYING,SCAN,0,,,,,53,0,0,0,-39,86,ESCAPE,,0.59,0.77,2.86,0.76,0.92,0.00,0.57,,yes
76.08,FLYING,SCAN,0,,,,,53,0,0,0,-39,86,ESCAPE,,0.76,0.78,1.43,0.57,1.31,0.00,0.00,,yes
76.13,FLYING,SCAN,0,,,,,53,0,0,0,-39,86,ESCAPE,,0.85,0.79,0.75,0.32,1.31,0.00,0.00,,yes
76.18,FLYING,SCAN,0,,,,,53,0,0,0,-39,86,ESCAPE,,1.25,0.91,0.41,0.18,0.92,0.00,0.00,,yes
76.26,FLYING,SCAN,0,,,,,53,0,0,0,-39,86,AVOID_LEFT,,1.17,1.30,0.70,0.10,0.87,0.00,0.00,,yes
76.31,FLYING,SCAN,0,,,,,53,0,0,0,-39,86,AVOID_LEFT,,1.22,1.49,0.84,0.06,0.61,0.04,0.04,,yes
76.36,FLYING,SCAN,0,,,,,53,0,0,0,-39,86,CRUISE,,1.24,1.55,0.91,0.03,1.31,0.00,0.00,,yes
76.44,FLYING,SCAN,0,,,,,53,0,0,0,-39,86,CRUISE,,1.25,1.44,0.79,0.02,0.92,0.00,0.00,,yes
76.49,FLYING,SCAN,0,,,,,53,0,0,0,-39,86,CRUISE,,1.08,1.01,0.72,0.01,1.75,0.00,0.00,,yes
76.54,FLYING,SCAN,0,,,,,53,0,0,0,-39,86,CRUISE,,0.97,0.80,0.68,0.01,1.22,0.00,0.00,,yes
76.62,FLYING,SCAN,0,,,,,53,0,0,0,-39,86,CRUISE,,0.91,0.96,1.13,0.00,0.86,0.00,0.00,,yes
76.67,FLYING,SCAN,0,,,,,53,0,0,0,-39,86,CRUISE,,1.41,1.03,1.35,0.00,1.75,0.00,0.00,,yes
76.72,FLYING,SCAN,0,,,,,53,0,0,0,-39,86,CRUISE,,1.66,1.33,1.61,0.00,1.22,0.00,0.00,,yes
76.82,FLYING,SCAN,0,,,,,53,0,0,0,-39,86,CRUISE,,1.62,1.43,1.48,0.00,0.87,0.00,0.00,,yes
76.87,FLYING,SCAN,0,,,,,53,0,0,0,-39,86,CRUISE,,1.32,1.48,1.41,0.00,1.75,0.00,0.00,,yes
76.91,FLYING,SCAN,0,,,,,53,0,0,0,-39,86,CRUISE,,1.17,0.83,1.38,0.00,1.22,0.00,0.00,,yes
77.00,FLYING,SCAN,0,,,,,53,0,0,0,-39,86,CRUISE,,1.14,0.50,1.16,0.00,1.31,0.00,0.00,,yes
77.05,FLYING,SCAN,0,,,,,53,0,0,0,-39,86,CRUISE,,1.13,0.34,1.05,0.00,0.92,0.00,0.00,,yes
77.09,FLYING,SCAN,0,,,,,53,0,0,0,-39,86,CRUISE,,1.12,0.50,1.00,0.00,0.64,0.00,0.00,,yes
77.18,FLYING,SCAN,0,,,,,53,0,0,0,-39,86,CRUISE,,0.96,0.66,0.64,0.00,1.31,0.00,0.00,,yes
77.23,FLYING,SCAN,0,,,,,53,0,0,0,-39,86,CRUISE,,0.88,0.75,0.52,0.00,0.92,0.00,0.00,,yes
77.27,FLYING,SCAN,0,,,,,53,0,0,0,-39,86,CRUISE,,0.69,0.79,0.46,0.00,0.87,0.00,0.00,,yes
77.36,FLYING,SCAN,0,,,,,53,0,0,0,-39,86,CRUISE,,0.60,1.11,0.85,0.00,0.61,0.00,0.00,,yes
77.41,FLYING,SCAN,0,,,,,53,0,0,0,-39,86,CRUISE,,0.92,1.30,1.19,0.00,1.75,0.00,0.00,,yes
77.46,FLYING,SCAN,0,,,,,53,0,0,0,-39,86,CRUISE,,1.26,1.40,1.52,0.00,1.22,0.00,0.00,,yes
77.54,FLYING,SCAN,0,,,,,53,0,0,0,-25,86,CRUISE,,1.43,1.37,1.69,0.00,0.87,0.00,0.01,,yes
77.78,FLYING,SCAN,0,,,,,53,0,0,0,-16,85,CRUISE,,1.10,0.90,1.13,0.00,1.31,0.00,0.00,,yes
78.03,FLYING,SCAN,0,,,,,53,0,0,0,-10,85,CRUISE,,0.79,0.61,0.85,0.00,2.18,0.00,0.00,,yes
78.27,FLYING,SCAN,0,,,,,53,0,0,0,-21,85,CRUISE,,0.58,0.45,0.71,0.00,2.18,0.00,0.00,,yes
78.32,FLYING,SCAN,0,,,,,53,0,0,0,-27,85,CRUISE,,0.47,0.37,0.56,0.00,1.53,0.00,0.00,,yes
78.37,FLYING,SCAN,0,,,,,53,0,0,0,-32,85,CRUISE,,0.41,0.44,0.49,0.00,1.07,0.00,0.00,,yes
78.46,FLYING,SCAN,0,,,,,53,0,0,0,-34,85,CRUISE,,0.79,0.52,0.40,0.00,0.75,0.00,0.00,,yes
78.50,FLYING,SCAN,0,,,,,53,0,0,0,-36,85,CRUISE,,1.00,0.55,0.36,0.00,0.52,0.00,0.00,,yes
78.55,FLYING,SCAN,0,,,,,53,0,0,0,-37,85,CRUISE,,1.08,0.57,0.34,0.00,0.87,0.00,0.00,,yes
78.68,FLYING,SCAN,0,,,,,53,0,0,0,-38,85,CRUISE,,0.89,0.53,0.41,0.00,0.87,0.00,0.00,,yes
78.73,FLYING,SCAN,0,,,,,53,0,0,0,-39,85,CRUISE,,0.79,0.58,0.57,0.00,1.31,0.00,0.00,,yes
78.78,FLYING,SCAN,0,,,,,53,0,0,0,-39,85,CRUISE,,1.66,0.67,0.76,0.00,0.92,0.00,0.00,,yes
78.87,FLYING,SCAN,0,,,,,53,0,0,0,-39,85,CRUISE,,2.17,0.97,0.75,0.00,0.87,0.25,0.00,,yes
78.91,FLYING,SCAN,0,,,,,53,0,0,0,-39,85,AVOID_RIGHT,,3.13,1.12,0.47,0.37,0.61,0.86,0.00,,yes
78.96,FLYING,SCAN,0,,,,,53,0,0,0,-39,85,AVOID_RIGHT,,4.42,0.92,0.33,0.58,1.31,1.00,0.00,,yes
79.05,FLYING,SCAN,0,,,,,53,0,0,0,-39,85,ESCAPE,,4.52,0.80,0.28,0.73,0.92,1.00,0.00,,yes
79.10,FLYING,SCAN,0,,,,,53,0,0,0,-39,85,ESCAPE,,4.57,0.74,0.45,0.82,0.87,1.00,0.00,,yes
79.15,FLYING,SCAN,0,,,,,53,0,0,0,-39,85,ESCAPE,,4.59,0.65,0.39,0.95,1.31,1.00,0.00,,yes
79.24,FLYING,SCAN,0,,,,,53,0,0,0,-39,85,ESCAPE,,5.11,0.60,0.50,1.00,0.92,1.00,0.00,,yes
79.29,FLYING,SCAN,0,,,,,53,0,0,0,-39,85,ESCAPE,,5.36,0.52,0.72,0.98,1.31,1.00,0.00,,yes
79.35,FLYING,SCAN,0,,,,,53,0,0,0,-39,85,ESCAPE,,5.42,0.48,0.92,0.96,0.92,1.00,0.00,,yes
79.43,FLYING,SCAN,0,,,,,53,0,0,0,-39,85,ESCAPE,,4.74,0.60,0.93,1.00,1.31,1.00,0.00,,yes
79.48,FLYING,SCAN,0,,,,,53,0,0,0,-39,85,ESCAPE,,3.20,0.99,0.85,0.76,1.31,0.54,0.00,,yes
79.53,FLYING,SCAN,0,,,,,53,0,0,0,-39,85,ESCAPE,,2.28,1.50,0.82,0.69,1.31,0.09,0.00,,yes
79.62,FLYING,SCAN,0,,,,,53,0,0,0,-39,85,ESCAPE,,1.59,2.47,0.80,0.59,0.92,0.38,0.38,,yes
79.68,FLYING,SCAN,0,,,,,53,0,0,0,-39,85,ESCAPE,,1.43,2.95,0.66,1.00,0.64,0.76,0.76,,yes
79.72,FLYING,SCAN,0,,,,,53,0,0,0,-39,85,ESCAPE,,1.34,1.92,0.55,0.90,0.87,0.13,0.13,,yes
79.81,FLYING,SCAN,0,,,,,53,0,0,0,-39,85,ESCAPE,,1.30,1.41,0.41,0.51,1.75,0.00,0.00,,yes
79.86,FLYING,SCAN,0,,,,,53,0,0,0,-39,85,ESCAPE,,1.05,1.09,0.33,0.28,1.31,0.00,0.00,,yes
79.91,FLYING,SCAN,0,,,,,53,0,0,0,-39,85,ESCAPE,,0.92,1.49,0.62,0.16,0.92,0.00,0.00,,yes
79.99,FLYING,SCAN,0,,,,,53,0,0,0,-39,85,ESCAPE,,1.09,1.16,0.80,0.09,0.87,0.00,0.00,,yes
80.04,FLYING,SCAN,0,,,,,53,0,0,0,-39,85,ESCAPE,,1.18,0.99,0.88,0.05,1.31,0.00,0.00,,yes
80.09,FLYING,SCAN,0,,,,,53,0,0,0,-39,85,ESCAPE,,1.47,0.83,1.65,0.03,0.92,0.00,0.00,,yes
80.17,FLYING,SCAN,0,,,,,53,0,0,0,-39,85,ESCAPE,,2.77,0.48,2.65,0.53,0.64,0.67,0.60,,yes
80.22,FLYING,SCAN,0,,,,,53,0,0,0,-39,85,ESCAPE,,3.42,0.26,3.22,1.00,0.45,1.00,0.99,,yes
80.27,FLYING,SCAN,0,,,,,53,0,0,0,-39,85,ESCAPE,,2.76,0.19,3.44,1.00,0.87,0.54,0.88,,yes
80.36,FLYING,SCAN,0,,,,,53,0,0,0,-39,85,ESCAPE,,2.43,0.89,3.20,1.00,0.61,0.51,0.89,,yes
80.41,FLYING,SCAN,0,,,,,53,0,0,0,-39,85,ESCAPE,,2.26,1.41,3.08,1.00,0.87,0.29,0.70,,yes
80.46,FLYING,SCAN,0,,,,,53,0,0,0,-25,85,ESCAPE,,1.98,1.66,3.33,1.00,0.87,0.15,0.83,,yes
80.70,FLYING,SCAN,0,,,,,53,0,0,0,-16,85,ESCAPE,,1.84,1.09,3.46,1.00,0.61,0.22,1.00,,yes
80.94,FLYING,SCAN,0,,,,,53,0,0,0,-10,85,ESCAPE,,1.67,0.81,3.27,1.00,2.18,0.00,0.15,,yes
81.19,FLYING,SCAN,0,,,,,53,0,0,0,-21,85,ESCAPE,,1.17,0.66,1.64,0.58,1.53,0.00,0.00,,yes
81.27,FLYING,SCAN,0,,,,,53,0,0,0,-27,85,ESCAPE,,0.85,0.40,0.82,0.32,1.07,0.00,0.00,,yes
81.32,FLYING,SCAN,0,,,,,53,0,0,0,-32,85,ESCAPE,,0.68,0.25,0.56,0.18,0.75,0.00,0.00,,yes
81.37,FLYING,SCAN,0,,,,,53,0,0,0,-34,85,ESCAPE,,0.60,0.16,0.85,0.10,0.52,0.00,0.00,,yes
81.45,FLYING,SCAN,0,,,,,53,0,0,0,-36,85,CRUISE,,0.56,0.12,1.07,0.06,0.37,0.00,0.00,,yes
81.50,FLYING,SCAN,0,,,,,53,0,0,0,-37,85,CRUISE,,0.54,0.10,1.11,0.03,0.44,0.00,0.00,,yes
81.55,FLYING,SCAN,0,,,,,53,0,0,0,-38,85,CRUISE,,0.53,0.14,0.89,0.02,0.31,0.00,0.00,,yes
81.63,FLYING,SCAN,0,,,,,53,0,0,0,-39,85,CRUISE,,0.52,0.15,0.79,0.01,0.44,0.00,0.00,,yes
81.68,FLYING,SCAN,0,,,,,53,0,0,0,-39,85,CRUISE,,0.52,0.08,0.74,0.01,0.44,0.00,0.00,,yes
81.73,FLYING,SCAN,0,,,,,53,0,0,0,-39,85,CRUISE,,0.59,0.04,0.96,0.00,0.31,0.00,0.00,,yes
81.81,FLYING,SCAN,0,,,,,53,0,0,0,-39,85,CRUISE,,0.62,0.09,0.78,0.00,0.87,0.00,0.00,,yes
81.86,FLYING,SCAN,0,,,,,53,0,0,0,-39,85,CRUISE,,1.00,0.43,1.25,0.00,0.61,0.00,0.00,,yes
81.91,FLYING,SCAN,0,,,,,53,0,0,0,-39,85,CRUISE,,1.20,0.93,1.49,0.00,1.31,0.00,0.00,,yes
81.99,FLYING,SCAN,0,,,,,53,0,0,0,-39,85,CRUISE,,1.76,1.29,1.61,0.00,0.92,0.02,0.00,,yes
82.04,FLYING,SCAN,0,,,,,53,0,0,0,-39,85,CRUISE,,2.04,1.48,0.90,0.00,1.31,0.00,0.00,,yes
82.09,FLYING,SCAN,0,,,,,53,0,0,0,-39,85,CRUISE,,1.84,1.57,0.54,0.00,0.92,0.06,0.00,,yes
82.17,FLYING,SCAN,0,,,,,53,0,0,0,-39,85,CRUISE,,1.63,1.78,0.36,0.00,0.87,0.05,0.05,,yes
82.22,FLYING,SCAN,0,,,,,53,0,0,0,-39,85,CRUISE,,1.62,1.89,0.21,0.30,0.61,0.24,0.24,,yes
82.27,FLYING,SCAN,0,,,,,53,0,0,0,-39,85,CRUISE,,1.61,1.94,0.11,0.22,1.31,0.00,0.00,,yes
82.36,FLYING,SCAN,0,,,,,53,0,0,0,-39,85,CRUISE,,1.61,1.76,0.06,0.13,0.92,0.02,0.02,,yes
82.40,FLYING,SCAN,0,,,,,53,0,0,0,-39,85,CRUISE,,1.38,1.38,0.08,0.07,1.31,0.00,0.00,,yes
82.45,FLYING,SCAN,0,,,,,53,0,0,0,-39,85,CRUISE,,1.26,1.05,0.42,0.04,0.92,0.00,0.00,,yes
82.54,FLYING,SCAN,0,,,,,53,0,0,0,-39,85,CRUISE,,1.47,0.88,0.84,0.02,0.64,0.01,0.00,,yes
82.58,FLYING,SCAN,0,,,,,53,0,0,0,-39,85,CRUISE,,1.58,0.65,1.05,0.01,1.31,0.00,0.00,,yes
82.63,FLYING,SCAN,0,,,,,53,0,0,0,-39,85,CRUISE,,1.54,0.56,1.14,0.01,0.92,0.00,0.00,,yes
82.72,FLYING,SCAN,0,,,,,53,0,0,0,-39,85,CRUISE,,1.52,0.51,1.19,0.00,0.87,0.00,0.00,,yes
82.76,FLYING,SCAN,0,,,,,53,0,0,0,-39,85,CRUISE,,1.51,0.49,1.21,0.00,1.31,0.00,0.00,,yes
82.81,FLYING,SCAN,0,,,,,53,0,0,0,-39,85,CRUISE,,1.66,0.81,1.07,0.00,0.92,0.00,0.00,,yes
82.90,FLYING,SCAN,0,,,,,53,0,0,0,-39,85,CRUISE,,1.47,0.67,0.62,0.00,0.87,0.00,0.00,,yes
82.95,FLYING,SCAN,0,,,,,53,0,0,0,-39,85,CRUISE,,1.37,0.61,0.50,0.00,0.61,0.00,0.00,,yes
82.99,FLYING,SCAN,0,,,,,53,0,0,0,-39,85,CRUISE,,1.33,0.57,0.44,0.00,0.87,0.00,0.00,,yes
83.08,FLYING,SCAN,0,,,,,53,0,0,0,-39,85,CRUISE,,1.58,0.60,0.77,0.00,0.61,0.09,0.00,,yes
83.13,FLYING,SCAN,0,,,,,53,0,0,0,-39,85,CRUISE,,1.71,0.62,0.94,0.00,1.31,0.00,0.00,,yes
83.17,FLYING,SCAN,0,,,,,53,0,0,0,-39,85,CRUISE,,1.17,0.50,1.00,0.00,0.92,0.00,0.00,,yes
83.26,FLYING,SCAN,0,,,,,53,0,0,0,-39,85,CRUISE,,0.86,0.44,0.69,0.00,0.64,0.00,0.00,,yes
83.31,FLYING,SCAN,0,,,,,53,0,0,0,-39,85,CRUISE,,0.71,0.86,0.87,0.00,1.31,0.00,0.00,,yes
83.35,FLYING,SCAN,0,,,,,53,0,0,0,-39,85,CRUISE,,1.04,1.32,0.98,0.00,0.92,0.00,0.00,,yes
83.44,FLYING,SCAN,0,,,,,53,0,0,0,-39,85,CRUISE,,1.21,1.55,1.03,0.00,0.87,0.00,0.00,,yes
83.49,FLYING,SCAN,0,,,,,53,0,0,0,-25,85,CRUISE,,1.19,1.38,0.91,0.00,1.75,0.00,0.00,,yes
83.73,FLYING,SCAN,0,,,,,53,0,0,0,-16,85,CRUISE,,1.11,1.29,0.71,0.00,1.22,0.00,0.00,,yes
83.97,FLYING,SCAN,0,,,,,53,0,0,0,-10,85,CRUISE,,0.60,0.82,0.39,0.00,2.62,0.00,0.00,,yes
84.21,FLYING,SCAN,0,,,,,53,0,0,0,-21,85,CRUISE,,0.35,0.59,0.24,0.00,1.83,0.00,0.00,,yes
84.26,FLYING,SCAN,0,,,,,53,0,0,0,-27,85,CRUISE,,0.24,0.47,0.30,0.00,1.28,0.00,0.00,,yes
84.34,FLYING,SCAN,0,,,,,53,0,0,0,-32,85,CRUISE,,0.26,0.39,0.33,0.00,0.90,0.00,0.00,,yes
84.39,FLYING,SCAN,0,,,,,53,0,0,0,-34,85,CRUISE,,0.48,0.27,0.20,0.00,0.63,0.00,0.00,,yes
84.44,FLYING,SCAN,0,,,,,53,0,0,0,-36,85,CRUISE,,0.59,0.21,0.13,0.00,0.44,0.00,0.00,,yes
84.52,FLYING,SCAN,0,,,,,53,0,0,0,-37,85,CRUISE,,0.49,0.19,0.14,0.00,0.44,0.00,0.00,,yes
84.57,FLYING,SCAN,0,,,,,53,0,0,0,-38,85,CRUISE,,0.43,0.29,0.18,0.00,0.31,0.00,0.00,,yes
84.62,FLYING,SCAN,0,,,,,53,0,0,0,-39,85,CRUISE,,0.40,0.34,0.17,0.00,0.87,0.00,0.00,,yes
84.70,FLYING,SCAN,0,,,,,53,0,0,0,-39,85,CRUISE,,0.41,0.43,0.31,0.00,0.61,0.00,0.00,,yes
84.75,FLYING,SCAN,0,,,,,53,0,0,0,-39,84,CRUISE,,0.49,0.48,0.38,0.00,0.87,0.00,0.00,,yes
84.80,FLYING,SCAN,0,,,,,53,0,0,0,-39,84,CRUISE,,0.55,0.62,0.42,0.00,1.31,0.00,0.00,,yes
84.88,FLYING,SCAN,0,,,,,53,0,0,0,-39,84,CRUISE,,0.57,0.77,0.28,0.00,0.92,0.00,0.00,,yes
84.93,FLYING,SCAN,0,,,,,53,0,0,0,-39,84,CRUISE,,0.59,0.77,0.21,0.00,0.87,0.00,0.00,,yes
84.98,FLYING,SCAN,0,,,,,53,0,0,0,-39,84,CRUISE,,0.82,0.53,0.57,0.00,0.61,0.00,0.00,,yes
85.06,FLYING,SCAN,0,,,,,53,0,0,0,-39,84,CRUISE,,1.10,0.35,0.75,0.00,1.31,0.00,0.00,,yes
85.11,FLYING,SCAN,0,,,,,53,0,0,0,-39,84,CRUISE,,1.25,0.32,0.50,0.00,0.92,0.00,0.00,,yes
85.16,FLYING,SCAN,0,,,,,53,0,0,0,-39,84,CRUISE,,1.44,0.16,0.38,0.00,0.64,0.00,0.00,,yes
85.24,FLYING,SCAN,0,,,,,53,0,0,0,-39,84,CRUISE,,1.01,0.11,0.29,0.00,1.31,0.00,0.00,,yes
85.29,FLYING,SCAN,0,,,,,53,0,0,0,-39,84,CRUISE,,0.82,0.08,0.35,0.00,0.92,0.00,0.00,,yes
85.34,FLYING,SCAN,0,,,,,53,0,0,0,-39,84,CRUISE,,0.72,0.07,0.38,0.00,0.64,0.00,0.00,,yes
85.43,FLYING,SCAN,0,,,,,53,0,0,0,-39,84,CRUISE,,1.73,0.05,1.01,0.00,0.45,0.24,0.00,,yes
85.47,FLYING,SCAN,0,,,,,53,0,0,0,-39,84,CRUISE,,2.23,0.04,1.32,0.00,1.31,0.06,0.00,,yes
85.52,FLYING,SCAN,0,,,,,53,0,0,0,-39,84,CRUISE,,1.42,0.03,1.13,0.00,0.92,0.00,0.00,,yes
85.61,FLYING,SCAN,0,,,,,53,0,0,0,-39,84,CRUISE,,1.02,0.05,0.58,0.00,0.64,0.00,0.00,,yes
85.65,FLYING,SCAN,0,,,,,53,0,0,0,-39,84,CRUISE,,1.03,0.45,0.29,0.00,1.31,0.00,0.00,,yes
85.70,FLYING,SCAN,0,,,,,53,0,0,0,-39,84,CRUISE,,1.15,0.65,0.15,0.00,1.31,0.00,0.00,,yes
85.79,FLYING,SCAN,0,,,,,53,0,0,0,-39,84,CRUISE,,1.20,0.45,0.61,0.00,0.92,0.00,0.00,,yes
85.83,FLYING,SCAN,0,,,,,53,0,0,0,-39,84,CRUISE,,1.26,0.34,0.85,0.00,1.31,0.00,0.00,,yes
85.88,FLYING,SCAN,0,,,,,53,0,0,0,-39,84,CRUISE,,1.30,0.55,0.42,0.00,0.92,0.00,0.00,,yes
85.97,FLYING,SCAN,0,,,,,53,0,0,0,-39,84,CRUISE,,1.31,1.21,0.21,0.00,1.31,0.00,0.00,,yes
86.01,FLYING,SCAN,0,,,,,53,0,0,0,-39,84,CRUISE,,1.32,1.55,0.14,0.00,1.31,0.00,0.00,,yes
86.06,FLYING,SCAN,0,,,,,53,0,0,0,-39,84,CRUISE,,1.14,0.95,0.10,0.00,1.31,0.00,0.00,,yes
86.17,FLYING,SCAN,0,,,,,53,0,0,0,-39,84,CRUISE,,1.05,0.66,0.08,0.00,0.92,0.00,0.00,,yes
86.22,FLYING,SCAN,0,,,,,53,0,0,0,-25,84,CRUISE,,0.90,0.93,0.49,0.00,0.87,0.00,0.00,,yes
86.46,FLYING,SCAN,0,,,,,53,0,0,0,-16,84,CRUISE,,0.83,1.06,0.70,0.00,1.31,0.00,0.00,,yes
86.70,FLYING,SCAN,0,,,,,53,0,0,0,-10,84,CRUISE,,0.77,0.60,0.50,0.00,1.75,0.00,0.00,,yes
86.94,FLYING,SCAN,0,,,,,53,0,0,0,-21,84,CRUISE,,0.77,0.37,0.39,0.00,1.22,0.00,0.00,,yes
86.99,FLYING,SCAN,0,,,,,53,0,0,0,-27,84,CRUISE,,0.71,0.67,0.34,0.00,0.86,0.00,0.00,,yes
87.07,FLYING,SCAN,0,,,,,53,0,0,0,-32,84,CRUISE,,0.81,1.06,0.65,0.00,0.60,0.00,0.00,,yes
87.12,FLYING,SCAN,0,,,,,53,0,0,0,-34,84,CRUISE,,0.73,1.02,0.47,0.00,0.44,0.00,0.00,,yes
87.17,FLYING,SCAN,0,,,,,53,0,0,0,-36,84,CRUISE,,0.49,0.72,0.30,0.00,0.31,0.00,0.00,,yes
87.25,FLYING,SCAN,0,,,,,53,0,0,0,-37,84,CRUISE,,0.35,0.57,0.21,0.00,0.44,0.00,0.00,,yes
87.30,FLYING,SCAN,0,,,,,53,0,0,0,-38,84,CRUISE,,0.27,0.39,0.18,0.00,0.44,0.00,0.00,,yes
87.35,FLYING,SCAN,0,,,,,53,0,0,0,-39,84,CRUISE,,0.23,0.45,0.27,0.00,0.31,0.00,0.00,,yes
87.43,FLYING,SCAN,0,,,,,53,0,0,0,-39,84,CRUISE,,0.25,0.50,0.21,0.00,0.87,0.00,0.00,,yes
87.48,FLYING,SCAN,0,,,,,53,0,0,0,-39,84,CRUISE,,0.42,0.78,0.26,0.00,0.61,0.00,0.00,,yes
87.53,FLYING,SCAN,0,,,,,53,0,0,0,-39,84,CRUISE,,0.50,0.83,0.19,0.00,1.31,0.00,0.00,,yes
87.62,FLYING,SCAN,0,,,,,53,0,0,0,-39,84,CRUISE,,0.54,0.85,0.24,0.00,0.92,0.00,0.00,,yes
87.66,FLYING,SCAN,0,,,,,53,0,0,0,-39,84,CRUISE,,0.71,0.70,0.26,0.00,0.87,0.00,0.00,,yes
87.71,FLYING,SCAN,0,,,,,53,0,0,0,-39,84,CRUISE,,0.38,0.46,0.27,0.00,0.87,0.00,0.00,,yes
87.80,FLYING,SCAN,0,,,,,53,0,0,0,-39,84,CRUISE,,0.21,0.50,0.27,0.00,0.61,0.00,0.00,,yes
87.84,FLYING,SCAN,0,,,,,53,0,0,0,-39,84,CRUISE,,0.12,0.63,0.58,0.00,1.31,0.00,0.00,,yes
87.89,FLYING,SCAN,0,,,,,53,0,0,0,-39,84,CRUISE,,0.08,0.92,0.73,0.00,0.92,0.00,0.00,,yes
87.98,FLYING,SCAN,0,,,,,53,0,0,0,-39,84,CRUISE,,0.05,1.18,0.61,0.00,0.87,0.00,0.00,,yes
88.03,FLYING,SCAN,0,,,,,53,0,0,0,-39,84,CRUISE,,0.05,1.31,0.51,0.00,1.31,0.00,0.00,,yes
88.07,FLYING,SCAN,0,,,,,53,0,0,0,-39,84,CRUISE,,0.03,1.07,0.46,0.00,0.92,0.00,0.00,,yes
88.17,FLYING,SCAN,0,,,,,53,0,0,0,-39,84,CRUISE,,0.03,0.95,0.76,0.00,0.87,0.00,0.00,,yes
88.22,FLYING,SCAN,0,,,,,53,0,0,0,-39,84,CRUISE,,0.02,0.89,0.91,0.00,0.87,0.00,0.00,,yes
88.27,FLYING,SCAN,0,,,,,53,0,0,0,-39,84,CRUISE,,0.02,1.06,0.98,0.00,0.61,0.00,0.00,,yes
88.35,FLYING,SCAN,0,,,,,53,0,0,0,-39,84,CRUISE,,0.02,0.58,0.60,0.00,1.31,0.00,0.00,,yes
88.40,FLYING,SCAN,0,,,,,53,0,0,0,-39,84,CRUISE,,0.02,0.29,0.71,0.00,0.92,0.00,0.00,,yes
88.45,FLYING,SCAN,0,,,,,53,0,0,0,-39,84,CRUISE,,0.02,0.15,0.77,0.00,0.87,0.00,0.00,,yes
88.53,FLYING,SCAN,0,,,,,53,0,0,0,-39,84,CRUISE,,0.03,0.08,1.05,0.00,0.61,0.00,0.00,,yes
88.58,FLYING,SCAN,0,,,,,53,0,0,0,-39,84,CRUISE,,0.03,0.05,1.19,0.00,1.31,0.00,0.00,,yes
88.63,FLYING,SCAN,0,,,,,53,0,0,0,-39,84,CRUISE,,0.03,0.03,0.90,0.00,0.92,0.00,0.00,,yes
88.71,FLYING,SCAN,0,,,,,53,0,0,0,-39,84,CRUISE,,0.03,0.02,0.75,0.00,0.64,0.00,0.00,,yes
88.76,FLYING,SCAN,0,,,,,53,0,0,0,-39,84,CRUISE,,0.03,0.01,0.92,0.00,1.31,0.00,0.00,,yes
88.81,FLYING,SCAN,0,,,,,53,0,0,0,-39,84,CRUISE,,0.03,0.01,1.12,0.00,0.92,0.00,0.00,,yes
88.89,FLYING,SCAN,0,,,,,53,0,0,0,-39,84,CRUISE,,0.02,0.01,1.10,0.00,0.87,0.00,0.00,,yes
88.94,FLYING,SCAN,0,,,,,53,0,0,0,-39,84,CRUISE,,0.17,0.01,0.68,0.00,1.31,0.00,0.00,,yes
88.99,FLYING,SCAN,0,,,,,53,0,0,0,-39,84,CRUISE,,0.25,0.01,0.34,0.00,0.92,0.00,0.00,,yes
89.07,FLYING,SCAN,0,,,,,53,0,0,0,-25,84,CRUISE,,0.66,0.01,0.18,0.00,1.31,0.00,0.00,,yes
89.31,FLYING,SCAN,0,,,,,53,0,0,0,-16,84,CRUISE,,0.87,0.01,0.09,0.00,0.92,0.00,0.00,,yes
89.55,FLYING,SCAN,0,,,,,53,0,0,0,-10,84,CRUISE,,0.97,0.01,0.05,0.00,1.75,0.00,0.00,,yes
89.79,FLYING,SCAN,0,,,,,53,0,0,0,-21,84,CRUISE,,0.94,0.01,0.03,0.00,1.75,0.00,0.00,,yes
89.84,FLYING,SCAN,0,,,,,53,0,0,0,-27,84,CRUISE,,0.92,0.00,0.02,0.00,1.22,0.00,0.00,,yes
89.89,FLYING,SCAN,0,,,,,53,0,0,0,-32,84,CRUISE,,0.91,0.00,0.01,0.00,0.86,0.00,0.00,,yes
89.98,FLYING,SCAN,0,,,,,53,0,0,0,-34,84,CRUISE,,1.09,0.39,0.01,0.00,0.60,0.00,0.00,,yes
90.02,FLYING,SCAN,0,,,,,53,0,0,0,-36,84,CRUISE,,1.18,0.63,0.02,0.00,0.44,0.00,0.00,,yes
90.07,FLYING,SCAN,0,,,,,53,0,0,0,-37,84,CRUISE,,1.22,0.71,0.02,0.00,0.31,0.06,0.00,,yes
90.16,FLYING,SCAN,0,,,,,53,0,0,0,-38,84,CRUISE,,1.16,0.79,0.02,0.00,0.44,0.00,0.00,,yes
90.20,FLYING,SCAN,0,,,,,53,0,0,0,-39,84,CRUISE,,1.13,0.67,0.01,0.00,1.31,0.00,0.00,,yes
90.25,FLYING,SCAN,0,,,,,53,0,0,0,-39,84,CRUISE,,1.11,0.61,0.01,0.00,0.92,0.00,0.00,,yes
90.34,FLYING,SCAN,0,,,,,53,0,0,0,-39,84,CRUISE,,1.40,0.58,0.01,0.00,0.87,0.00,0.00,,yes
90.38,FLYING,SCAN,0,,,,,53,0,0,0,-39,84,CRUISE,,1.55,0.90,0.01,0.00,0.61,0.07,0.00,,yes
90.43,FLYING,SCAN,0,,,,,53,0,0,0,-39,84,CRUISE,,1.62,1.12,0.04,0.00,0.87,0.00,0.00,,yes
90.52,FLYING,SCAN,0,,,,,53,0,0,0,-39,84,CRUISE,,1.79,1.23,0.06,0.00,0.61,0.19,0.00,,yes
90.56,FLYING,SCAN,0,,,,,53,0,0,0,-39,84,CRUISE,,1.87,1.54,0.18,0.00,1.31,0.00,0.00,,yes
90.61,FLYING,SCAN,0,,,,,53,0,0,0,-39,84,CRUISE,,1.91,1.70,0.97,0.00,1.75,0.00,0.00,,yes
90.70,FLYING,SCAN,0,,,,,53,0,0,0,-39,84,CRUISE,,1.94,1.78,1.51,0.00,1.22,0.00,0.00,,yes
90.75,FLYING,SCAN,0,,,,,53,0,0,0,-39,84,CRUISE,,2.10,1.77,1.91,0.00,0.87,0.21,0.12,,yes
90.79,FLYING,SCAN,0,,,,,53,0,0,0,-39,84,CRUISE,,2.17,1.77,2.12,0.30,0.61,0.38,0.35,,yes
90.88,FLYING,SCAN,0,,,,,53,0,0,0,-39,84,AVOID_RIGHT,,2.24,2.12,2.22,0.47,1.75,0.00,0.00,,yes
90.93,FLYING,SCAN,0,,,,,53,0,0,0,-39,84,AVOID_RIGHT,,2.27,2.30,2.04,0.26,1.31,0.09,0.09,,yes
90.98,FLYING,SCAN,0,,,,,53,0,0,0,-39,84,AVOID_RIGHT,,2.78,2.24,1.95,0.52,0.92,0.53,0.26,,yes
91.06,FLYING,SCAN,0,,,,,53,0,0,0,-39,84,AVOID_RIGHT,,3.63,1.72,1.62,0.70,0.87,0.98,0.02,,yes
91.11,FLYING,SCAN,0,,,,,53,0,0,0,-39,84,ESCAPE,,4.05,1.83,1.16,0.80,1.31,0.97,0.00,,yes
91.16,FLYING,SCAN,0,,,,,53,0,0,0,-39,84,ESCAPE,,3.36,1.88,1.23,0.75,0.92,0.82,0.08,,yes
91.25,FLYING,SCAN,0,,,,,53,0,0,0,-39,84,ESCAPE,,2.91,3.74,1.55,1.00,0.64,1.00,1.00,,yes
91.30,FLYING,SCAN,0,,,,,53,0,0,0,-39,84,ESCAPE,,2.68,4.66,1.72,1.00,1.31,1.00,1.00,,yes
91.35,FLYING,SCAN,0,,,,,53,0,0,0,-39,84,ESCAPE,,1.81,3.51,1.49,1.00,0.92,0.89,0.89,,yes
91.44,FLYING,SCAN,0,,,,,53,0,0,0,-39,84,ESCAPE,,1.38,2.85,1.37,1.00,0.64,0.70,0.70,,yes
91.48,FLYING,SCAN,0,,,,,53,0,0,0,-39,84,ESCAPE,,1.16,2.49,1.92,1.00,1.31,0.19,0.19,,yes
91.53,FLYING,SCAN,0,,,,,53,0,0,0,-39,84,ESCAPE,,1.05,1.74,2.20,0.90,0.92,0.01,0.24,,yes
91.62,FLYING,SCAN,0,,,,,53,0,0,0,-39,84,ESCAPE,,0.90,1.37,2.02,0.65,0.64,0.00,0.29,,yes
91.67,FLYING,SCAN,0,,,,,53,0,0,0,-39,84,ESCAPE,,0.68,0.91,1.84,0.48,1.31,0.00,0.00,,yes
91.71,FLYING,SCAN,0,,,,,53,0,0,0,-39,84,ESCAPE,,0.57,1.33,1.75,0.27,0.92,0.00,0.02,,yes
91.80,FLYING,SCAN,0,,,,,53,0,0,0,-25,84,ESCAPE,,0.55,1.51,1.89,0.15,0.87,0.00,0.11,,yes
92.04,FLYING,SCAN,0,,,,,53,0,0,0,-16,84,ESCAPE,,0.53,1.60,1.96,0.09,1.75,0.00,0.00,,yes
92.28,FLYING,SCAN,0,,,,,53,0,0,0,-10,84,ESCAPE,,0.49,1.09,1.30,0.05,2.18,0.00,0.00,,yes
92.54,FLYING,SCAN,0,,,,,53,0,0,0,-21,84,ESCAPE,,0.41,0.84,0.95,0.03,1.53,0.00,0.00,,yes
92.59,FLYING,SCAN,0,,,,,53,0,0,0,-27,84,ESCAPE,,0.37,0.71,0.80,0.02,1.07,0.00,0.00,,yes
92.64,FLYING,SCAN,0,,,,,53,0,0,0,-32,84,ESCAPE,,0.35,0.78,0.84,0.01,0.75,0.00,0.00,,yes
92.72,FLYING,SCAN,0,,,,,53,0,0,0,-34,83,ESCAPE,,0.58,1.09,1.73,0.00,0.87,0.00,0.03,,yes
92.77,FLYING,SCAN,0,,,,,53,0,0,0,-36,83,ESCAPE,,0.69,1.25,2.17,0.15,0.61,0.00,0.38,,yes
92.82,FLYING,SCAN,0,,,,,53,0,0,0,-37,83,ESCAPE,,0.59,1.68,2.39,0.46,0.43,0.23,0.58,,yes
92.91,FLYING,SCAN,0,,,,,53,0,0,0,-38,83,ESCAPE,,0.53,1.59,3.19,0.79,0.44,0.18,0.98,,yes
92.96,FLYING,SCAN,0,,,,,53,0,0,0,-39,83,ESCAPE,,0.50,1.55,3.59,1.00,0.87,0.00,0.96,,yes
93.01,FLYING,SCAN,0,,,,,53,0,0,0,-39,83,ESCAPE,,0.56,1.47,2.67,0.94,1.31,0.00,0.28,,yes
93.09,FLYING,SCAN,0,,,,,53,0,0,0,-39,83,ESCAPE,,0.70,1.21,2.09,0.68,0.92,0.00,0.19,,yes
93.14,FLYING,SCAN,0,,,,,53,0,0,0,-39,83,ESCAPE,,1.04,1.07,1.62,0.38,0.87,0.00,0.00,,yes
93.19,FLYING,SCAN,0,,,,,53,0,0,0,-39,83,ESCAPE,,1.46,0.96,1.38,0.21,0.61,0.03,0.00,,yes
93.27,FLYING,SCAN,0,,,,,53,0,0,0,-39,83,ESCAPE,,1.67,0.55,1.59,0.12,1.31,0.00,0.00,,yes
93.32,FLYING,SCAN,0,,,,,53,0,0,0,-39,83,ESCAPE,,1.42,0.30,2.42,0.20,0.92,0.00,0.35,,yes
93.37,FLYING,SCAN,0,,,,,53,0,0,0,-39,83,ESCAPE,,1.29,0.15,4.28,0.48,0.87,0.00,1.00,,yes
93.46,FLYING,SCAN,0,,,,,53,0,0,0,-39,83,ESCAPE,,1.78,0.07,5.21,0.79,1.75,0.00,1.00,,yes
93.51,FLYING,SCAN,0,,,,,53,0,0,0,-39,83,AVOID_LEFT,,2.03,0.14,5.48,0.97,1.22,0.00,1.00,,yes
93.56,FLYING,SCAN,0,,,,,53,0,0,0,-39,83,AVOID_LEFT,,2.07,0.28,5.62,1.00,0.87,0.20,1.00,,yes
93.64,FLYING,SCAN,0,,,,,53,0,0,0,-39,83,AVOID_LEFT,,1.97,0.58,5.69,1.00,0.61,0.28,1.00,,yes
93.69,FLYING,SCAN,0,,,,,53,0,0,0,-39,83,AVOID_LEFT,,1.92,0.73,4.04,1.00,1.75,0.00,0.75,,yes
93.74,FLYING,SCAN,0,,,,,53,0,0,0,-39,83,AVOID_LEFT,,1.38,0.67,3.22,1.00,1.22,0.00,0.60,,yes
93.83,FLYING,SCAN,0,,,,,53,0,0,0,-39,83,AVOID_LEFT,,1.12,0.64,2.65,1.00,0.86,0.00,0.50,,yes
93.87,FLYING,SCAN,0,,,,,53,0,0,0,-39,83,AVOID_LEFT,,0.98,0.89,2.26,0.76,1.31,0.00,0.07,,yes
93.92,FLYING,SCAN,0,,,,,53,0,0,0,-39,83,AVOID_LEFT,,1.15,1.39,2.06,0.43,0.92,0.00,0.17,,yes
94.01,FLYING,SCAN,0,,,,,53,0,0,0,-39,83,AVOID_LEFT,,1.85,1.27,2.10,0.44,0.64,0.20,0.33,,yes
94.06,FLYING,SCAN,0,,,,,53,0,0,0,-39,83,AVOID_LEFT,,2.20,0.94,2.12,0.55,0.87,0.26,0.22,,yes
94.10,FLYING,SCAN,0,,,,,53,0,0,0,-39,83,AVOID_LEFT,,1.60,0.74,2.12,0.56,0.61,0.09,0.36,,yes
94.22,FLYING,SCAN,1,rotten,0.32,0.33,13.3,53,0,0,0,-25,83,CRUISE,,1.30,0.63,2.18,0.46,1.31,0.00,0.04,,yes
94.49,FLYING,APPROACH,1,rotten,0.60,0.43,13.7,53,0,0,4,-9,83,AVOID_LEFT,,1.30,0.58,2.53,0.46,0.92,0.00,0.40,,yes
94.54,FLYING,FEED,1,rotten,0.60,0.43,13.7,53,0,0,7,0,83,AVOID_LEFT,,1.30,0.39,2.70,0.34,2.62,0.00,0.00,,yes
94.66,FLYING,FEED,1,freshripe,0.33,0.99,12.9,52,0,0,11,7,83,AVOID_LEFT,,1.30,0.30,2.78,0.19,1.83,0.00,0.07,,yes
94.71,FLYING,FEED,1,freshripe,0.33,0.99,12.9,52,0,0,14,11,83,CRUISE,,0.99,1.11,2.48,0.11,1.28,0.00,0.20,,yes
94.75,FLYING,FEED,1,freshripe,0.33,0.99,12.9,52,0,0,16,14,83,CRUISE,,1.16,1.52,2.43,0.31,0.90,0.00,0.37,,yes
94.87,FLYING,FEED,1,freshripe,0.63,1.00,13.3,51,0,0,17,16,83,AVOID_LEFT,,0.99,1.72,2.40,0.58,0.63,0.14,0.49,,yes
94.92,FLYING,FEED,1,freshripe,0.63,1.00,13.3,51,0,0,18,16,83,AVOID_LEFT,,1.09,1.57,2.39,0.59,0.44,0.17,0.57,,yes
94.97,FLYING,FEED,1,freshripe,0.63,1.00,13.3,50,0,0,18,17,83,AVOID_LEFT,,1.15,2.96,2.88,1.00,0.31,0.93,0.93,,yes
95.09,FLYING,FEED,1,,,,,50,0,0,12,11,83,AVOID_LEFT,,1.94,2.38,2.33,1.00,0.22,0.68,0.68,,yes
95.14,FLYING,FEED,1,,,,,50,0,0,7,7,83,AVOID_LEFT,,2.83,2.51,2.05,1.00,0.44,0.80,0.64,,yes
95.19,FLYING,FEED,1,,,,,50,0,0,5,4,83,AVOID_LEFT,,3.99,2.57,1.74,1.00,0.31,1.00,0.73,,yes
95.33,FLYING,FEED,2,freshripe,0.40,0.99,17.9,50,0,0,7,3,83,AVOID_LEFT,,3.86,2.61,1.42,1.00,0.21,1.00,0.80,,yes
95.38,FLYING,FEED,2,freshripe,0.40,0.99,17.9,49,0,0,9,2,83,AVOID_LEFT,,2.65,2.39,1.09,1.00,0.87,0.49,0.36,,yes
95.43,FLYING,FEED,2,freshripe,0.40,0.99,17.9,49,0,0,10,1,83,AVOID_RIGHT,,2.05,2.28,0.93,1.00,0.61,0.44,0.44,,yes
95.58,FLYING,FEED,2,freshripe,0.58,1.00,13.8,48,0,0,11,0,83,AVOID_RIGHT,,2.23,3.19,2.02,1.00,0.43,0.98,0.98,,yes
95.63,FLYING,FEED,2,freshripe,0.58,1.00,13.8,48,0,0,11,0,83,AVOID_RIGHT,,2.32,4.04,3.02,1.00,0.30,1.00,1.00,,yes
95.68,FLYING,FEED,2,freshripe,0.58,1.00,13.8,47,0,0,11,0,83,AVOID_LEFT,,2.37,4.93,3.55,1.00,0.21,1.00,1.00,,yes
95.80,FLYING,FEED,1,freshripe,0.70,0.97,20.3,47,0,0,13,3,83,AVOID_LEFT,,2.00,5.41,3.81,1.00,0.15,1.00,1.00,,yes
95.85,FLYING,FEED,1,freshripe,0.70,0.97,20.3,46,0,0,14,5,83,CRUISE,,1.80,5.65,2.54,1.00,0.10,1.00,1.00,,yes
95.90,FLYING,FEED,1,freshripe,0.70,0.97,20.3,46,0,0,15,7,83,ESCAPE,,1.64,3.10,1.71,1.00,0.07,1.00,1.00,,yes
96.02,FLYING,FEED,1,freshripe,0.68,0.98,16.2,45,0,0,15,8,83,ESCAPE,,1.56,1.82,1.30,1.00,0.05,0.48,0.48,,yes
96.06,FLYING,FEED,1,freshripe,0.68,0.98,16.2,45,0,0,15,8,83,ESCAPE,,1.52,1.18,1.09,1.00,0.04,0.34,0.17,,yes
96.12,FLYING,FEED,1,freshripe,0.68,0.98,16.2,45,0,0,15,9,83,ESCAPE,,1.60,0.87,1.08,0.96,0.02,0.39,0.13,,yes
96.24,FLYING,FEED,1,freshripe,0.60,1.00,16.4,44,0,0,15,10,83,ESCAPE,,1.37,0.75,1.08,0.80,0.02,0.28,0.13,,yes
96.29,FLYING,FEED,1,freshripe,0.60,1.00,16.4,44,0,0,16,11,83,ESCAPE,,0.99,0.69,1.07,0.56,0.01,0.09,0.13,,yes
96.33,FLYING,FEED,1,freshripe,0.60,1.00,16.4,44,0,0,16,11,83,ESCAPE,,0.81,0.66,1.12,0.32,0.01,0.00,0.16,,yes
96.45,FLYING,FEED,1,freshripe,0.67,0.99,17.2,43,0,0,16,11,83,ESCAPE,,1.00,0.77,1.20,0.18,0.44,0.00,0.00,,yes
96.50,FLYING,FEED,1,freshripe,0.67,0.99,17.2,43,0,0,17,12,83,ESCAPE,,1.10,0.90,1.43,0.10,0.31,0.00,0.16,,yes
96.55,FLYING,FEED,1,freshripe,0.67,0.99,17.2,42,0,0,17,12,83,ESCAPE,,1.13,0.96,1.71,0.30,0.21,0.06,0.35,,yes
96.66,FLYING,FEED,1,freshripe,0.57,0.98,20.7,42,0,0,15,11,83,ESCAPE,,1.01,3.03,3.07,0.95,0.15,1.00,1.00,,yes
96.71,FLYING,FEED,1,freshripe,0.57,0.98,20.7,41,0,0,14,11,83,ESCAPE,,1.01,7.50,3.76,1.00,0.44,1.00,1.00,,yes
96.76,FLYING,FEED,1,freshripe,0.57,0.98,20.7,41,0,0,13,11,83,ESCAPE,,1.01,9.76,3.03,1.00,0.31,1.00,1.00,,yes
96.88,FLYING,FEED,1,freshripe,0.66,0.99,18.0,40,0,0,8,7,83,ESCAPE,,1.27,10.87,2.44,1.00,0.21,1.00,1.00,,yes
96.93,FLYING,FEED,1,freshripe,0.66,0.99,18.0,40,0,0,5,4,83,ESCAPE,,1.40,10.36,1.72,1.00,0.44,1.00,1.00,,yes
96.98,FLYING,FEED,1,freshripe,0.66,0.99,18.0,40,0,0,3,3,83,ESCAPE,,1.14,10.10,0.92,1.00,0.31,1.00,1.00,,yes
97.13,FLYING,FEED,2,freshripe,0.55,1.00,22.7,39,0,0,2,2,83,ESCAPE,,1.02,7.47,0.52,1.00,0.44,1.00,1.00,,yes
97.18,FLYING,FEED,2,freshripe,0.55,1.00,22.7,38,0,0,1,1,83,ESCAPE,,1.01,4.52,0.86,1.00,0.87,1.00,1.00,,yes
97.23,FLYING,FEED,2,freshripe,0.55,1.00,22.7,38,0,0,1,0,83,ESCAPE,,1.10,3.04,2.05,1.00,0.61,0.81,0.81,,yes
97.38,FLYING,FEED,2,freshripe,0.57,0.92,21.4,37,0,0,0,0,83,ESCAPE,,1.91,4.85,2.64,1.00,0.43,1.00,1.00,,yes
97.43,FLYING,FEED,2,freshripe,0.57,0.92,21.4,37,0,0,0,0,83,ESCAPE,,2.32,5.76,2.01,1.00,0.30,1.00,1.00,,
97.48,FLYING,FEED,2,freshripe,0.57,0.92,21.4,37,0,0,0,0,83,ESCAPE,,2.52,5.24,1.70,1.00,0.21,1.00,1.00,,
97.63,FLYING,FEED,2,freshripe,0.48,0.99,21.0,36,0,0,4,0,83,ESCAPE,,2.33,4.10,1.33,1.00,0.15,1.00,1.00,,
97.68,FLYING,FEED,2,freshripe,0.48,0.99,21.0,36,0,0,6,0,83,ESCAPE,,2.24,3.54,1.11,1.00,0.10,1.00,1.00,,
97.73,FLYING,FEED,2,freshripe,0.48,0.99,21.0,35,0,0,7,0,83,ESCAPE,,2.19,3.19,1.01,1.00,0.07,1.00,1.00,,
97.85,FLYING,FEED,1,freshripe,0.61,0.99,19.3,35,0,0,9,0,83,ESCAPE,,1.73,2.36,1.09,1.00,0.05,0.75,0.75,,
97.89,FLYING,FEED,1,freshripe,0.61,0.99,19.3,34,0,0,9,0,83,ESCAPE,,1.50,1.41,1.81,1.00,0.04,0.33,0.49,,yes
97.94,FLYING,FEED,1,freshripe,0.61,0.99,19.3,34,0,0,10,0,83,ESCAPE,,1.39,0.91,2.17,1.00,0.02,0.28,0.67,,yes
98.06,FLYING,FEED,1,freshripe,0.61,1.00,19.3,33,0,0,10,0,83,ESCAPE,,1.16,0.66,2.35,1.00,0.02,0.17,0.77,,yes
98.11,FLYING,FEED,1,freshripe,0.61,1.00,19.3,33,0,0,10,0,83,ESCAPE,,0.93,1.47,1.75,1.00,0.01,0.33,0.47,,yes
98.16,FLYING,FEED,1,freshripe,0.61,1.00,19.3,33,0,0,10,0,83,AVOID_LEFT,,0.79,1.88,1.45,1.00,0.01,0.54,0.54,,yes
98.28,FLYING,FEED,1,freshripe,0.51,0.99,19.6,32,0,0,10,0,83,AVOID_LEFT,,0.72,1.40,2.33,1.00,0.01,0.30,0.76,,yes
98.33,FLYING,FEED,1,freshripe,0.51,0.99,19.6,32,0,0,10,0,83,AVOID_LEFT,,0.68,1.09,2.77,1.00,0.00,0.14,0.98,,yes
98.37,FLYING,FEED,1,freshripe,0.51,0.99,19.6,31,0,0,10,0,83,AVOID_LEFT,,0.86,0.93,4.27,1.00,0.00,0.06,1.00,,yes
98.52,FLYING,FEED,2,freshripe,0.56,0.99,20.9,30,0,0,6,0,83,AVOID_LEFT,,0.66,1.52,4.80,1.00,0.00,0.36,1.00,,yes
98.57,FLYING,FEED,2,freshripe,0.56,0.99,20.9,30,0,0,4,0,83,AVOID_LEFT,,0.62,1.82,5.07,1.00,0.00,0.51,1.00,,yes
98.62,FLYING,FEED,2,freshripe,0.56,0.99,20.9,30,0,0,2,0,83,AVOID_LEFT,,0.60,1.97,3.28,1.00,0.00,0.58,1.00,,yes
98.77,FLYING,FEED,2,freshripe,0.52,0.99,23.1,29,0,0,4,0,82,AVOID_LEFT,,1.01,1.64,2.08,1.00,0.00,0.42,0.64,,yes
98.82,FLYING,FEED,2,freshripe,0.52,0.99,23.1,29,0,0,6,0,82,AVOID_LEFT,,1.22,1.47,1.48,1.00,0.00,0.34,0.34,,yes
98.86,FLYING,FEED,2,freshripe,0.52,0.99,23.1,28,0,0,6,0,82,AVOID_LEFT,,1.33,1.39,1.52,1.00,0.00,0.30,0.36,,yes
99.01,FLYING,FEED,2,freshripe,0.54,0.96,23.1,28,0,0,4,0,82,AVOID_LEFT,,1.48,1.49,2.84,1.00,0.00,0.35,1.00,,yes
99.06,FLYING,FEED,2,freshripe,0.54,0.96,23.1,27,0,0,2,0,82,AVOID_LEFT,,1.56,1.54,3.51,1.00,0.00,0.38,1.00,,
99.11,FLYING,FEED,2,freshripe,0.54,0.96,23.1,27,0,0,1,0,82,AVOID_LEFT,,1.60,1.57,2.49,1.00,0.00,0.40,0.84,,
99.26,FLYING,FEED,2,freshripe,0.67,0.92,24.4,26,0,0,1,0,82,AVOID_LEFT,,1.50,1.17,1.98,1.00,0.00,0.35,0.59,,
99.31,FLYING,FEED,2,freshripe,0.67,0.92,24.4,26,0,0,0,0,82,AVOID_LEFT,,1.48,0.98,1.76,1.00,0.00,0.34,0.48,,
99.36,FLYING,FEED,2,freshripe,0.67,0.92,24.4,25,0,0,0,0,82,AVOID_LEFT,,1.47,0.88,1.74,1.00,0.00,0.34,0.47,,
99.51,FLYING,FEED,2,freshripe,0.57,0.97,25.7,25,0,-3,0,0,82,AVOID_LEFT,,1.78,1.90,1.73,1.00,0.00,0.55,0.55,,
99.56,FLYING,FEED,2,freshripe,0.57,0.97,25.7,24,0,-5,0,0,82,AVOID_LEFT,,1.93,3.98,1.47,1.00,0.00,1.00,1.00,,
99.61,FLYING,FEED,2,freshripe,0.57,0.97,25.7,24,0,-7,0,0,82,AVOID_LEFT,,2.00,6.00,1.33,1.00,0.00,1.00,1.00,,
99.75,FLYING,FEED,2,freshripe,0.55,0.99,26.1,23,0,-8,0,0,82,CRUISE,,1.47,6.03,1.21,1.00,0.00,1.00,1.00,,
99.80,FLYING,FEED,2,freshripe,0.55,0.99,26.1,23,0,-8,0,0,82,AVOID_LEFT,,1.20,4.50,1.15,1.00,0.00,1.00,1.00,,
99.85,FLYING,FEED,2,freshripe,0.55,0.99,26.1,22,0,-9,0,0,82,AVOID_LEFT,,1.07,3.74,1.12,1.00,0.00,1.00,1.00,,
100.00,FLYING,FEED,2,freshripe,0.59,0.87,26.5,22,0,-9,0,0,82,CRUISE,,2.06,3.36,1.22,1.00,0.00,1.00,1.00,,yes
100.05,FLYING,FEED,2,freshripe,0.59,0.87,26.5,21,0,-9,0,0,82,CRUISE,,2.56,1.86,1.27,1.00,0.44,0.66,0.31,,yes
100.10,FLYING,FEED,2,freshripe,0.59,0.87,26.5,21,0,-9,0,0,82,AVOID_RIGHT,,2.81,1.11,1.30,1.00,0.31,0.85,0.10,,yes
100.25,FLYING,FEED,2,freshripe,0.38,0.91,26.9,20,0,-9,0,0,82,AVOID_RIGHT,,2.04,1.18,1.76,1.00,0.44,0.40,0.26,,yes
100.30,FLYING,FEED,2,freshripe,0.38,0.91,26.9,20,0,-9,0,0,82,AVOID_RIGHT,,1.45,1.22,1.99,0.92,0.44,0.11,0.38,,yes
100.35,FLYING,FEED,2,freshripe,0.38,0.91,26.9,19,0,-9,0,0,82,AVOID_LEFT,,1.16,1.60,1.39,0.88,0.31,0.25,0.25,,yes
100.46,FLYING,FEED,1,freshripe,0.41,0.84,22.9,19,0,-6,0,0,82,AVOID_LEFT,,0.84,0.95,1.10,0.66,0.21,0.00,0.04,,yes
100.51,FLYING,FEED,1,freshripe,0.41,0.84,22.9,19,0,-4,0,0,82,CRUISE,,0.67,0.55,0.95,0.37,0.44,0.00,0.00,,yes
100.56,FLYING,FEED,1,freshripe,0.41,0.84,22.9,18,0,-2,0,0,82,CRUISE,,0.59,0.30,0.48,0.21,0.31,0.00,0.00,,yes
100.68,FLYING,FEED,1,freshripe,0.44,0.99,20.7,18,0,-1,0,0,82,CRUISE,,0.59,0.16,0.25,0.12,0.21,0.00,0.00,,yes
100.72,FLYING,FEED,1,freshripe,0.44,0.99,20.7,17,0,-1,0,0,82,CRUISE,,0.68,0.11,1.53,0.20,0.15,0.00,0.29,,yes
100.77,FLYING,FEED,1,freshripe,0.44,0.99,20.7,17,0,0,0,0,82,AVOID_LEFT,,0.76,0.35,2.70,0.63,0.10,0.00,0.90,,yes
100.86,FLYING,FEED,0,,,,,17,0,0,0,0,82,ESCAPE,,1.09,0.77,2.76,0.77,0.07,0.11,0.94,,yes
100.91,FLYING,FEED,0,,,,,17,0,0,0,0,82,ESCAPE,,1.63,1.21,2.67,1.00,0.05,0.39,0.91,,yes
100.96,FLYING,FEED,0,,,,,17,0,0,0,0,82,ESCAPE,,2.50,1.43,2.62,1.00,0.04,0.83,0.89,,yes
101.05,FLYING,FEED,0,,,,,17,0,0,0,0,82,ESCAPE,,3.54,2.23,3.52,1.00,0.03,1.00,1.00,,
101.10,FLYING,FEED,0,,,,,17,0,0,0,0,82,ESCAPE,,4.07,2.63,3.97,1.00,0.02,1.00,1.00,,
101.15,FLYING,FEED,0,,,,,17,0,0,0,0,82,ESCAPE,,3.02,1.85,3.02,1.00,0.01,1.00,1.00,,
101.26,FLYING,FEED,1,freshripe,0.52,0.95,15.5,16,0,0,0,-6,82,ESCAPE,,2.49,1.46,2.32,1.00,0.01,0.84,0.75,,
101.31,FLYING,FEED,1,freshripe,0.52,0.95,15.5,16,0,0,0,-10,82,ESCAPE,,2.43,2.16,1.63,1.00,0.01,0.81,0.68,,
101.36,FLYING,FEED,1,freshripe,0.52,0.95,15.5,16,0,0,0,-13,82,ESCAPE,,4.76,4.77,1.29,1.00,0.00,1.00,1.00,,yes
101.51,FLYING,FEED,2,freshripe,0.49,0.97,19.5,15,0,0,0,-13,82,ESCAPE,,4.93,4.61,1.02,1.00,0.00,1.00,1.00,,yes
101.56,FLYING,FEED,2,freshripe,0.49,0.97,19.5,14,0,0,0,-13,82,ESCAPE,,5.02,6.13,0.88,1.00,0.00,1.00,1.00,,yes
101.61,FLYING,FEED,2,freshripe,0.49,0.97,19.5,14,0,0,0,-13,82,ESCAPE,,5.06,5.28,0.81,1.00,0.44,1.00,1.00,,yes
101.70,FLYING,FEED,0,,,,,14,0,0,0,-8,82,ESCAPE,,5.17,4.65,0.98,1.00,0.31,1.00,1.00,,yes
101.75,FLYING,FEED,0,,,,,14,0,0,0,-5,82,ESCAPE,,5.22,3.78,1.23,1.00,0.21,1.00,1.00,,yes
101.80,FLYING,FEED,0,,,,,14,0,0,0,-3,82,ESCAPE,,4.57,3.89,1.35,1.00,0.44,1.00,1.00,,yes
101.92,FLYING,FEED,1,,,,,14,0,0,0,-2,82,ESCAPE,,4.24,3.40,1.61,1.00,0.31,1.00,1.00,,yes
101.97,FLYING,FEED,1,,,,,14,0,0,0,-1,82,ESCAPE,,4.08,2.99,1.60,1.00,0.44,1.00,0.88,,yes
102.02,FLYING,FEED,1,,,,,14,0,0,0,-1,82,ESCAPE,,4.10,2.79,1.91,1.00,0.31,1.00,0.84,,yes
102.11,FLYING,FEED,0,,,,,14,0,0,0,0,82,ESCAPE,,3.79,2.69,1.74,1.00,0.21,1.00,0.84,,yes
102.16,FLYING,FEED,0,,,,,14,0,0,0,0,82,ESCAPE,,3.06,3.10,1.44,1.00,0.15,1.00,1.00,,yes
102.21,FLYING,FEED,0,,,,,14,0,0,0,0,82,ESCAPE,,2.70,3.30,1.20,1.00,0.44,1.00,1.00,,yes
102.29,FLYING,FEED,0,,,,,14,0,0,0,0,82,ESCAPE,,2.62,3.71,0.97,1.00,0.31,1.00,1.00,,
102.34,FLYING,FEED,0,,,,,14,0,0,0,0,82,ESCAPE,,2.58,3.92,0.86,1.00,0.21,1.00,1.00,,
102.39,FLYING,FEED,0,,,,,14,0,0,0,0,82,ESCAPE,,2.62,3.64,0.73,1.00,0.15,1.00,1.00,,
102.48,FLYING,FEED,0,,,,,14,0,0,0,0,82,ESCAPE,,2.45,3.50,0.54,1.00,0.10,1.00,1.00,,
102.53,FLYING,FEED,0,,,,,14,0,0,0,0,82,ESCAPE,,2.43,3.43,0.44,1.00,0.07,1.00,1.00,,
102.58,FLYING,FEED,0,,,,,14,0,0,0,0,82,ESCAPE,,2.42,3.52,0.53,1.00,0.05,1.00,1.00,,
102.67,FLYING,FEED,0,,,,,14,0,0,0,0,82,ESCAPE,,3.43,4.47,0.84,1.00,0.04,1.00,1.00,,
102.72,FLYING,FEED,0,,,,,14,0,0,0,0,82,ESCAPE,,3.93,4.94,0.99,1.00,0.03,1.00,1.00,,
102.77,FLYING,FEED,0,,,,,14,0,0,0,0,82,ESCAPE,,3.74,5.33,2.78,1.00,0.02,1.00,1.00,,
102.86,FLYING,FEED,0,,,,,14,0,0,0,0,82,CRUISE,,3.65,3.57,4.44,1.00,0.01,1.00,1.00,,
102.91,FLYING,FEED,0,,,,,14,0,0,0,0,82,AVOID_RIGHT,,3.60,3.25,5.27,1.00,0.01,1.00,1.00,,
102.96,FLYING,FEED,0,,,,,14,0,0,0,0,82,AVOID_LEFT,,2.64,3.09,3.44,1.00,0.01,1.00,1.00,,
103.05,FLYING,FEED,0,,,,,14,0,0,0,0,82,AVOID_LEFT,,2.16,3.01,1.99,1.00,0.00,1.00,1.00,,
103.10,FLYING,FEED,0,,,,,14,0,0,0,0,82,AVOID_LEFT,,1.92,2.86,1.72,1.00,0.00,1.00,1.00,,
103.15,FLYING,FEED,0,,,,,14,0,0,0,0,82,AVOID_LEFT,,1.16,2.78,1.58,1.00,0.00,0.99,0.99,,
103.24,FLYING,FEED,0,,,,,14,0,0,0,0,82,AVOID_RIGHT,,0.73,2.80,2.54,1.00,0.00,1.00,1.00,,
103.29,FLYING,FEED,0,,,,,14,0,0,0,0,82,AVOID_LEFT,,0.57,2.82,3.02,1.00,0.00,1.00,1.00,,
103.33,FLYING,FEED,0,,,,,14,0,0,0,0,82,AVOID_LEFT,,0.57,2.82,2.79,1.00,0.00,1.00,1.00,,
103.42,FLYING,FEED,0,,,,,14,0,0,0,0,82,CRUISE,,1.14,2.53,2.68,1.00,0.00,0.86,0.94,,
103.47,FLYING,FEED,0,,,,,14,0,0,0,0,82,CRUISE,,0.89,2.44,2.31,1.00,0.00,0.82,0.82,,
103.52,FLYING,FEED,0,,,,,14,0,0,0,0,82,CRUISE,,1.30,2.40,2.73,1.00,0.00,0.80,0.97,,
103.64,FLYING,FEED,1,freshripe,0.20,0.82,2.5,13,0,0,7,0,82,CRUISE,,0.98,3.38,2.34,1.00,0.00,1.00,1.00,,
103.69,FLYING,FEED,1,freshripe,0.20,0.82,2.5,13,0,0,11,0,82,AVOID_LEFT,,0.82,3.86,1.85,1.00,0.00,1.00,1.00,,
103.74,FLYING,FEED,1,freshripe,0.20,0.82,2.5,13,0,0,14,0,82,AVOID_LEFT,,0.74,2.50,1.60,1.00,0.00,0.85,0.85,,yes
103.83,FLYING,FEED,0,,,,,13,0,0,9,0,82,AVOID_LEFT,,1.10,1.75,1.26,1.00,0.00,0.48,0.48,,yes
103.88,FLYING,FEED,0,,,,,13,0,0,6,0,82,AVOID_LEFT,,1.28,1.38,1.47,1.00,0.00,0.29,0.33,,yes
103.92,FLYING,FEED,0,,,,,13,0,0,3,0,82,AVOID_LEFT,,1.06,0.91,1.57,1.00,0.00,0.13,0.38,,yes
104.01,FLYING,FEED,0,,,,,13,0,0,2,0,82,AVOID_LEFT,,0.83,0.67,2.45,1.00,0.00,0.01,0.83,,yes
104.06,FLYING,FEED,0,,,,,13,0,0,1,0,82,AVOID_LEFT,,0.57,0.54,2.89,1.00,0.00,0.00,1.00,,yes
104.11,FLYING,FEED,0,,,,,13,0,0,1,0,82,AVOID_LEFT,,0.42,1.26,3.12,1.00,0.00,0.23,1.00,,yes
104.20,FLYING,FEED,0,,,,,13,0,0,0,0,82,AVOID_LEFT,,0.36,1.61,2.84,1.00,0.00,0.41,1.00,,yes
104.25,FLYING,FEED,0,,,,,13,0,0,0,0,82,AVOID_LEFT,,0.33,1.51,2.51,1.00,0.44,0.14,0.64,,yes
104.29,FLYING,FEED,0,,,,,13,0,0,0,0,82,AVOID_LEFT,,0.44,0.83,2.35,1.00,0.44,0.00,0.56,,yes
104.41,FLYING,FEED,1,freshripe,0.55,0.93,6.8,12,0,0,7,5,82,AVOID_LEFT,,0.49,0.49,3.31,1.00,0.31,0.00,1.00,,yes
104.46,FLYING,FEED,1,freshripe,0.55,0.93,6.8,12,0,0,11,8,82,AVOID_LEFT,,0.52,0.97,3.79,1.00,0.21,0.00,1.00,,yes
104.51,FLYING,FEED,1,freshripe,0.55,0.93,6.8,12,0,0,14,10,82,AVOID_LEFT,,0.80,1.91,4.22,1.00,0.15,0.48,1.00,,yes
104.60,FLYING,FEED,0,,,,,12,0,0,9,6,82,AVOID_LEFT,,0.94,2.37,3.79,1.00,0.10,0.73,1.00,,yes
104.65,FLYING,FEED,0,,,,,12,0,0,6,4,82,AVOID_LEFT,,0.63,2.13,3.03,1.00,0.07,0.63,1.00,,yes
104.70,FLYING,FEED,0,,,,,12,0,0,4,2,82,AVOID_LEFT,,0.48,1.34,1.88,1.00,0.05,0.24,0.52,,yes
104.78,FLYING,FEED,0,,,,,12,0,0,2,1,81,AVOID_LEFT,,0.56,0.94,1.31,1.00,0.04,0.05,0.24,,yes
104.83,FLYING,FEED,0,,,,,12,0,0,1,1,81,ESCAPE,,0.73,0.68,1.03,0.65,0.44,0.00,0.00,,yes
104.88,FLYING,FEED,0,,,,,12,0,0,1,0,81,ESCAPE,,1.01,0.78,1.92,0.53,0.31,0.00,0.41,,yes
104.97,FLYING,FEED,0,,,,,12,0,0,0,0,81,ESCAPE,,0.95,0.85,2.37,0.71,0.21,0.00,0.68,,yes
105.01,FLYING,FEED,0,,,,,12,0,0,0,0,81,ESCAPE,,0.75,1.02,2.23,0.81,0.15,0.03,0.64,,yes
105.06,FLYING,FEED,0,,,,,12,0,0,0,0,81,ESCAPE,,0.64,1.85,1.87,0.98,0.10,0.47,0.48,,yes
105.16,FLYING,FEED,0,,,,,12,0,0,0,0,81,ESCAPE,,0.63,2.71,1.98,1.00,0.07,0.92,0.92,,yes
105.21,FLYING,FEED,0,,,,,12,0,0,0,0,81,ESCAPE,,0.62,3.15,3.92,1.00,0.05,1.00,1.00,,yes
105.26,FLYING,FEED,0,,,,,12,0,0,0,0,81,ESCAPE,,0.89,3.36,8.25,1.00,0.04,1.00,1.00,,
105.35,FLYING,FEED,0,,,,,12,0,0,0,0,81,ESCAPE,,1.63,3.54,7.05,1.00,0.03,1.00,1.00,,
105.40,FLYING,FEED,0,,,,,12,0,0,0,0,81,ESCAPE,,2.00,3.63,4.97,1.00,0.02,1.00,1.00,,
105.45,FLYING,FEED,0,,,,,12,0,0,0,0,81,ESCAPE,,1.89,3.68,3.93,1.00,0.01,1.00,1.00,,
105.54,FLYING,FEED,0,,,,,12,0,0,0,0,81,ESCAPE,,1.75,3.83,3.18,1.00,0.01,1.00,1.00,,
105.59,FLYING,FEED,0,,,,,12,0,0,0,0,81,ESCAPE,,1.29,3.90,3.27,1.00,0.01,1.00,1.00,,
105.64,FLYING,FEED,0,,,,,12,0,0,0,0,81,ESCAPE,,1.06,2.96,3.32,1.00,0.00,1.00,1.00,,
105.73,FLYING,FEED,0,,,,,12,0,0,0,0,81,ESCAPE,,0.75,2.43,3.34,1.00,0.00,0.81,1.00,,
105.77,FLYING,FEED,0,,,,,12,0,0,0,0,81,ESCAPE,,0.52,2.13,2.51,1.00,0.00,0.66,0.85,,
105.82,FLYING,FEED,0,,,,,12,0,0,0,0,81,ESCAPE,,0.35,1.76,1.72,1.00,0.00,0.48,0.48,,
105.91,FLYING,FEED,0,,,,,12,0,0,0,0,81,ESCAPE,,0.26,1.39,1.21,1.00,0.00,0.30,0.30,,
105.96,FLYING,FEED,0,,,,,12,0,0,0,0,81,ESCAPE,,0.21,1.14,0.77,1.00,0.00,0.17,0.17,,
106.01,FLYING,FEED,0,,,,,12,0,0,0,0,81,ESCAPE,,0.20,1.02,0.54,0.76,0.00,0.11,0.11,,
106.09,FLYING,FEED,0,,,,,12,0,0,0,0,81,ESCAPE,,0.19,1.00,0.43,0.43,0.44,0.00,0.00,,
106.14,FLYING,FEED,0,,,,,12,0,0,0,0,81,ESCAPE,,0.18,1.93,1.22,0.33,0.44,0.35,0.35,,
106.19,FLYING,FEED,0,,,,,12,0,0,0,0,81,ESCAPE,,0.18,2.44,2.21,0.86,0.31,0.67,0.67,,
106.28,FLYING,FEED,0,,,,,12,0,0,0,0,81,ESCAPE,,0.19,2.70,2.71,1.00,0.21,0.84,0.85,,
106.33,FLYING,FEED,0,,,,,12,0,0,0,0,81,ESCAPE,,0.32,2.83,2.56,1.00,0.15,0.94,0.94,,
106.38,FLYING,FEED,0,,,,,12,0,0,0,0,81,ESCAPE,,0.65,3.15,2.49,1.00,0.10,1.00,1.00,,
106.46,FLYING,FEED,0,,,,,12,0,0,0,0,81,ESCAPE,,1.01,3.31,2.94,1.00,0.07,1.00,1.00,,
106.51,FLYING,FEED,0,,,,,12,0,0,0,0,81,ESCAPE,,1.33,4.84,3.57,1.00,0.05,1.00,1.00,,
106.56,FLYING,FEED,0,,,,,12,0,0,0,0,81,ESCAPE,,1.49,5.60,3.63,1.00,0.44,1.00,1.00,,
106.65,FLYING,FEED,0,,,,,12,0,0,0,0,81,ESCAPE,,1.55,4.26,3.66,1.00,0.31,1.00,1.00,,
106.70,FLYING,FEED,0,,,,,12,0,0,0,0,81,AVOID_LEFT,,1.05,3.59,3.31,1.00,0.44,1.00,1.00,,
106.75,FLYING,FEED,0,,,,,12,0,0,0,0,81,AVOID_LEFT,,0.80,3.34,2.13,1.00,0.31,1.00,1.00,,
106.84,FLYING,FEED,0,,,,,12,0,0,0,0,81,AVOID_RIGHT,,0.76,3.41,1.53,1.00,0.21,1.00,1.00,,
106.89,FLYING,FEED,0,,,,,12,0,0,0,0,81,AVOID_LEFT,,0.74,3.44,1.24,1.00,0.15,1.00,1.00,,
106.94,FLYING,FEED,0,,,,,12,0,0,0,0,81,AVOID_LEFT,,0.73,2.06,1.51,1.00,0.10,0.58,0.58,,
107.03,FLYING,FEED,0,,,,,12,0,0,0,0,81,AVOID_LEFT,,0.95,1.37,1.57,1.00,0.07,0.25,0.35,,
107.07,FLYING,FEED,0,,,,,12,0,0,0,0,81,AVOID_LEFT,,1.06,1.02,1.60,1.00,0.44,0.00,0.18,,
107.12,FLYING,FEED,0,,,,,12,0,0,0,0,81,AVOID_LEFT,,1.00,0.87,1.61,0.73,0.31,0.00,0.25,,
107.21,FLYING,FEED,0,,,,,12,0,0,0,0,81,AVOID_LEFT,,0.90,0.91,1.58,0.41,0.44,0.00,0.17,,
107.26,FLYING,FEED,0,,,,,12,0,0,0,0,81,CRUISE,,0.92,1.13,1.57,0.43,0.31,0.01,0.23,,
107.30,FLYING,FEED,0,,,,,12,0,0,0,0,81,CRUISE,,0.94,1.26,1.57,0.39,0.21,0.12,0.28,,
107.39,FLYING,FEED,0,,,,,12,0,0,0,0,81,AVOID_LEFT,,1.15,1.75,1.93,0.63,0.15,0.40,0.49,,
107.44,FLYING,FEED,0,,,,,12,0,0,0,0,81,AVOID_LEFT,,1.25,2.00,2.11,0.88,0.10,0.55,0.60,,
107.49,FLYING,FEED,0,,,,,12,0,0,0,0,81,AVOID_LEFT,,1.11,1.82,1.80,1.00,0.07,0.48,0.48,,
107.58,FLYING,SCAN,0,,,,,12,0,0,0,0,81,AVOID_LEFT,,0.94,1.71,1.65,1.00,0.05,0.43,0.43,,
107.82,FLYING,SCAN,0,,,,,12,0,0,0,0,81,AVOID_LEFT,,0.80,1.17,1.87,1.00,0.04,0.17,0.52,,
108.06,FLYING,SCAN,0,,,,,12,0,0,0,0,81,AVOID_LEFT,,0.74,0.90,1.98,0.88,0.03,0.04,0.58,,
108.30,FLYING,SCAN,0,,,,,12,0,0,0,14,81,AVOID_LEFT,,0.70,0.66,1.31,0.61,0.02,0.00,0.24,,
108.35,FLYING,SCAN,0,,,,,12,0,0,0,23,81,AVOID_LEFT,,0.60,0.49,0.85,0.45,0.01,0.00,0.02,,yes
108.40,FLYING,SCAN,0,,,,,12,0,0,0,29,81,AVOID_LEFT,,0.55,0.40,0.74,0.25,0.01,0.00,0.00,,yes
108.49,FLYING,SCAN,0,,,,,12,0,0,0,32,81,AVOID_LEFT,,0.52,0.33,0.57,0.14,0.01,0.00,0.00,,yes
108.53,FLYING,SCAN,0,,,,,12,0,0,0,35,81,CRUISE,,0.43,0.43,0.52,0.08,0.00,0.00,0.00,,yes
108.58,FLYING,SCAN,0,,,,,12,0,0,0,36,81,CRUISE,,0.39,0.48,0.50,0.05,0.00,0.00,0.00,,yes
108.67,FLYING,SCAN,0,,,,,12,0,0,0,38,81,CRUISE,,0.51,0.92,1.89,0.17,0.44,0.00,0.33,,yes
108.72,FLYING,SCAN,0,,,,,12,0,0,0,38,81,AVOID_LEFT,,0.58,1.15,2.59,0.47,0.31,0.02,0.74,,yes
108.76,FLYING,SCAN,0,,,,,12,0,0,0,39,81,AVOID_LEFT,,0.69,1.54,3.47,0.65,1.31,0.00,0.68,,yes
108.85,FLYING,SCAN,0,,,,,12,0,0,0,39,81,AVOID_LEFT,,0.86,2.92,3.79,0.99,0.92,0.60,1.00,,yes
108.90,FLYING,SCAN,0,,,,,12,0,0,0,39,81,AVOID_LEFT,,0.94,3.61,3.95,1.00,0.87,0.97,1.00,,yes
108.95,FLYING,SCAN,0,,,,,12,0,0,0,39,81,AVOID_LEFT,,0.99,3.27,2.95,1.00,1.75,0.36,0.36,,yes
109.04,FLYING,SCAN,0,,,,,12,0,0,0,39,81,CRUISE,,1.00,3.02,2.45,1.00,1.22,0.50,0.50,,yes
109.09,FLYING,SCAN,0,,,,,12,0,0,0,39,81,AVOID_LEFT,,0.78,2.43,2.20,0.88,1.31,0.16,0.16,,yes
109.14,FLYING,SCAN,0,,,,,12,0,0,0,39,81,AVOID_LEFT,,0.67,2.14,2.08,0.50,1.75,0.00,0.00,,yes
109.22,FLYING,SCAN,0,,,,,12,0,0,0,39,81,AVOID_LEFT,,0.86,1.99,1.77,0.28,1.22,0.00,0.00,,yes
109.27,FLYING,SCAN,0,,,,,12,0,0,0,39,81,AVOID_LEFT,,1.24,1.69,1.62,0.16,0.87,0.01,0.01,,yes
109.32,FLYING,SCAN,0,,,,,12,0,0,0,39,81,CRUISE,,1.79,1.35,1.54,0.09,0.61,0.19,0.06,,yes
109.40,FLYING,SCAN,0,,,,,12,0,0,0,39,81,CRUISE,,3.40,1.17,1.34,0.20,1.75,0.43,0.00,,yes
109.45,FLYING,SCAN,0,,,,,12,0,0,0,39,81,AVOID_RIGHT,,4.20,1.09,1.00,0.60,1.31,1.00,0.00,,yes
109.50,FLYING,SCAN,0,,,,,12,0,0,0,39,81,ESCAPE,,3.70,1.11,0.83,0.75,0.92,0.99,0.00,,yes
109.59,FLYING,SCAN,0,,,,,12,0,0,0,39,81,ESCAPE,,3.23,1.12,0.66,0.86,1.31,0.56,0.00,,yes
109.64,FLYING,SCAN,0,,,,,12,0,0,0,39,81,ESCAPE,,2.35,1.12,0.61,0.74,0.92,0.31,0.00,,yes
109.68,FLYING,SCAN,0,,,,,12,0,0,0,39,81,ESCAPE,,1.90,1.14,0.58,0.46,0.64,0.23,0.00,,yes
109.80,FLYING,SCAN,1,,,,,12,0,0,0,39,81,ESCAPE,,1.82,1.81,1.00,0.41,0.45,0.28,0.28,,yes
109.85,FLYING,SCAN,1,,,,,12,0,0,0,39,81,ESCAPE,,1.81,2.14,1.21,0.31,2.18,0.00,0.00,,yes
109.90,FLYING,SCAN,1,,,,,12,0,0,0,39,81,ESCAPE,,3.20,2.16,1.17,0.28,1.53,0.44,0.00,,yes
109.98,FLYING,SCAN,0,,,,,12,0,0,0,39,81,ESCAPE,,2.50,1.65,1.15,0.21,1.31,0.20,0.00,,yes
110.03,FLYING,SCAN,0,,,,,12,0,0,0,39,81,ESCAPE,,1.94,1.36,2.13,0.24,0.92,0.11,0.21,,yes
110.08,FLYING,SCAN,0,,,,,12,0,0,0,39,81,ESCAPE,,1.66,0.91,2.91,0.28,1.31,0.00,0.40,,yes
110.17,FLYING,SCAN,0,,,,,12,0,0,0,39,81,ESCAPE,,1.25,0.60,3.01,0.53,0.92,0.00,0.65,,yes
110.21,FLYING,SCAN,0,,,,,12,0,0,0,39,81,ESCAPE,,1.04,0.45,1.94,0.40,0.87,0.00,0.13,,yes
110.26,FLYING,SCAN,0,,,,,12,0,0,0,39,81,ESCAPE,,0.93,0.37,1.31,0.22,1.31,0.00,0.00,,yes
110.35,FLYING,SCAN,0,,,,,12,0,0,0,39,81,ESCAPE,,1.44,2.18,1.09,0.13,0.92,0.23,0.23,,yes
110.40,FLYING,SCAN,0,,,,,12,0,0,0,39,81,ESCAPE,,1.90,3.08,1.18,0.83,0.87,0.71,0.71,,yes
110.45,FLYING,SCAN,0,,,,,12,0,0,0,39,81,ESCAPE,,2.19,4.29,1.64,1.00,0.61,1.00,1.00,,yes
110.54,FLYING,SCAN,0,,,,,12,0,0,0,25,81,ESCAPE,,2.34,3.80,1.99,1.00,1.31,0.85,0.85,,yes
110.78,FLYING,SCAN,0,,,,,12,0,0,0,16,81,ESCAPE,,2.39,3.56,3.05,1.00,1.31,0.73,0.73,,yes
111.02,FLYING,SCAN,0,,,,,12,0,0,0,10,81,ESCAPE,,1.73,2.30,3.59,1.00,2.18,0.00,0.30,,yes
111.26,FLYING,SCAN,0,,,,,12,0,0,0,21,81,ESCAPE,,1.41,1.50,2.16,0.86,1.75,0.00,0.00,,yes
111.31,FLYING,SCAN,0,,,,,12,0,0,0,27,81,ESCAPE,,1.17,0.96,1.30,0.48,1.22,0.00,0.00,,yes
111.36,FLYING,SCAN,0,,,,,12,0,0,0,32,81,ESCAPE,,1.05,0.70,1.01,0.27,0.86,0.00,0.00,,yes
111.44,FLYING,SCAN,0,,,,,12,0,0,0,34,81,ESCAPE,,1.45,0.66,1.04,0.15,0.60,0.02,0.00,,yes
111.49,FLYING,SCAN,0,,,,,12,0,0,0,36,81,ESCAPE,,1.65,0.78,1.05,0.09,0.42,0.21,0.00,,yes
111.54,FLYING,SCAN,0,,,,,12,0,0,0,37,81,ESCAPE,,1.75,0.84,0.92,0.20,0.29,0.33,0.00,,yes
111.63,FLYING,SCAN,0,,,,,12,0,0,0,38,81,ESCAPE,,1.64,1.52,0.85,0.11,0.87,0.00,0.00,,yes
111.67,FLYING,SCAN,0,,,,,12,0,0,0,39,81,ESCAPE,,1.59,1.86,1.16,0.06,0.61,0.23,0.23,,yes
111.72,FLYING,SCAN,0,,,,,12,0,0,0,39,81,ESCAPE,,1.57,1.80,1.37,0.18,0.43,0.29,0.29,,yes
111.81,FLYING,SCAN,0,,,,,12,0,0,0,39,81,ESCAPE,,3.77,1.78,1.47,0.47,1.31,0.83,0.00,,yes
111.86,FLYING,SCAN,0,,,,,12,0,0,0,39,81,ESCAPE,,4.87,1.76,1.76,0.67,0.92,1.00,0.02,,yes
111.91,FLYING,SCAN,0,,,,,12,0,0,0,39,81,AVOID_RIGHT,,3.50,2.25,1.90,1.00,0.64,1.00,0.40,,yes
111.99,FLYING,SCAN,0,,,,,12,0,0,0,39,81,AVOID_RIGHT,,2.82,2.50,1.97,1.00,0.87,0.57,0.41,,yes
112.04,FLYING,SCAN,0,,,,,12,0,0,0,39,81,AVOID_RIGHT,,3.71,2.56,1.57,1.00,1.31,0.80,0.22,,yes
112.09,FLYING,SCAN,0,,,,,12,0,0,0,39,81,AVOID_RIGHT,,5.10,2.59,1.37,1.00,0.92,1.00,0.44,,yes
112.18,FLYING,SCAN,0,,,,,12,0,0,0,39,81,AVOID_RIGHT,,4.85,2.70,1.80,1.00,0.87,1.00,0.52,,yes
112.23,FLYING,SCAN,0,,,,,12,0,0,0,39,81,AVOID_RIGHT,,5.13,2.76,2.02,1.00,0.61,1.00,0.68,,yes
112.28,FLYING,SCAN,0,,,,,12,0,0,0,39,81,AVOID_RIGHT,,5.28,1.81,2.07,1.00,1.31,1.00,0.00,,yes
112.37,FLYING,SCAN,0,,,,,12,0,0,0,39,81,AVOID_RIGHT,,5.35,1.12,1.97,1.00,0.92,1.00,0.13,,yes
112.42,FLYING,SCAN,0,,,,,12,0,0,0,39,81,AVOID_RIGHT,,3.69,0.68,1.30,1.00,0.87,1.00,0.00,,yes
112.46,FLYING,SCAN,0,,,,,12,0,0,0,39,81,AVOID_RIGHT,,2.38,0.46,0.96,0.73,1.31,0.13,0.00,,yes
112.55,FLYING,SCAN,0,,,,,12,0,0,0,39,81,AVOID_RIGHT,,2.20,0.78,2.23,0.61,0.92,0.24,0.26,,yes
112.60,FLYING,SCAN,0,,,,,12,0,0,0,39,81,CRUISE,,2.20,1.16,2.87,0.60,1.31,0.05,0.38,,yes
112.65,FLYING,SCAN,0,,,,,12,0,0,0,39,81,CRUISE,,4.67,1.88,3.20,1.00,0.92,1.00,0.74,,yes
112.74,FLYING,SCAN,0,,,,,12,0,0,0,39,80,CRUISE,,5.06,1.83,3.95,1.00,0.64,1.00,1.00,,yes
112.79,FLYING,SCAN,0,,,,,12,0,0,0,39,80,AVOID_RIGHT,,5.26,2.31,4.33,1.00,1.31,1.00,1.00,,yes
112.84,FLYING,SCAN,0,,,,,12,0,0,0,39,80,AVOID_LEFT,,5.36,2.33,3.58,1.00,0.92,1.00,0.93,,yes
112.96,FLYING,SCAN,1,freshripe,0.35,0.88,4.7,12,0,0,0,25,80,AVOID_LEFT,,4.95,2.44,3.21,1.00,0.87,1.00,0.77,,yes
113.20,FLYING,SCAN,0,,,,,12,0,0,0,16,80,CRUISE,,4.74,2.49,3.02,1.00,1.31,1.00,0.46,,yes
113.47,FLYING,APPROACH,1,freshripe,0.21,0.90,1.0,12,0,0,4,3,80,AVOID_RIGHT,,2.71,2.52,2.33,1.00,3.05,0.00,0.00,,yes
113.59,FLYING,APPROACH,1,freshripe,0.32,0.95,2.7,12,0,5,6,-4,80,AVOID_RIGHT,,1.70,1.53,1.25,0.76,2.14,0.00,0.00,,yes
113.64,FLYING,APPROACH,1,freshripe,0.32,0.95,2.7,12,0,8,7,-9,80,CRUISE,,1.46,0.97,0.63,0.43,1.50,0.00,0.00,,yes
113.68,FLYING,APPROACH,1,freshripe,0.32,0.95,2.7,12,0,10,8,-13,80,CRUISE,,1.81,0.68,0.32,0.24,1.05,0.00,0.00,,yes
113.80,FLYING,APPROACH,1,freshripe,0.40,0.79,6.7,12,0,10,8,-15,80,CRUISE,,2.59,0.36,0.16,0.25,0.73,0.49,0.00,,yes
113.85,FLYING,APPROACH,1,freshripe,0.40,0.79,6.7,12,0,10,8,-17,80,AVOID_RIGHT,,2.99,0.19,0.09,0.55,0.51,0.79,0.00,,yes
113.90,FLYING,APPROACH,1,freshripe,0.40,0.79,6.7,12,0,10,8,-18,80,AVOID_RIGHT,,4.23,0.48,0.05,0.71,0.36,1.00,0.00,,yes
113.98,FLYING,APPROACH,0,,,,,12,0,10,5,-11,80,AVOID_RIGHT,,3.97,0.63,0.03,0.90,0.25,1.00,0.00,,yes
114.03,FLYING,APPROACH,0,,,,,12,0,10,3,-7,80,AVOID_RIGHT,,3.83,0.38,0.02,0.98,0.44,1.00,0.00,,yes
114.08,FLYING,APPROACH,0,,,,,12,0,10,2,-4,80,AVOID_RIGHT,,3.77,0.25,0.02,1.00,0.44,1.00,0.00,,yes
114.17,FLYING,APPROACH,0,,,,,12,0,10,1,-3,80,AVOID_RIGHT,,3.17,0.46,0.01,1.00,0.31,0.99,0.00,,yes
114.22,FLYING,APPROACH,0,,,,,12,0,10,0,-2,80,AVOID_RIGHT,,2.69,0.59,0.01,1.00,0.44,0.69,0.00,,yes
114.27,FLYING,APPROACH,0,,,,,12,0,10,0,-1,80,AVOID_RIGHT,,2.45,0.77,0.01,0.83,0.31,0.63,0.00,,yes
114.35,FLYING,APPROACH,0,,,,,12,0,10,0,0,80,ESCAPE,,2.08,0.74,0.00,0.72,0.21,0.49,0.00,,yes
114.40,FLYING,APPROACH,0,,,,,12,0,10,0,0,80,ESCAPE,,1.89,0.75,0.01,0.54,0.44,0.29,0.00,,yes
114.45,FLYING,APPROACH,0,,,,,12,0,10,0,0,80,ESCAPE,,1.80,0.75,0.01,0.45,0.31,0.31,0.00,,yes
114.54,FLYING,APPROACH,0,,,,,12,0,10,0,0,80,ESCAPE,,2.14,1.20,0.01,0.49,0.44,0.41,0.00,,yes
114.59,FLYING,APPROACH,0,,,,,12,0,10,0,0,80,ESCAPE,,2.75,2.21,0.27,0.84,0.31,0.78,0.51,,yes
114.64,FLYING,APPROACH,0,,,,,12,0,10,0,0,80,ESCAPE,,4.72,3.38,0.51,1.00,0.21,1.00,1.00,,yes
114.72,FLYING,APPROACH,0,,,,,12,0,10,0,0,80,ESCAPE,,5.70,3.30,0.69,1.00,0.15,1.00,1.00,,yes
114.77,FLYING,APPROACH,0,,,,,12,0,10,0,0,80,ESCAPE,,2.94,2.62,0.79,1.00,0.10,0.98,0.82,,yes
114.82,FLYING,APPROACH,0,,,,,12,0,10,0,0,80,ESCAPE,,1.56,2.28,0.84,1.00,0.07,0.66,0.66,,yes
114.91,FLYING,APPROACH,0,,,,,12,0,10,0,0,80,ESCAPE,,0.97,2.98,0.86,1.00,0.05,1.00,1.00,,yes
114.96,FLYING,APPROACH,0,,,,,12,0,10,0,0,80,ESCAPE,,0.81,3.33,0.45,1.00,0.44,1.00,1.00,,yes
115.01,FLYING,APPROACH,0,,,,,12,0,10,0,0,80,ESCAPE,,1.13,3.38,0.24,1.00,0.31,1.00,1.00,,yes
115.10,FLYING,APPROACH,0,,,,,12,0,10,0,0,80,ESCAPE,,3.57,3.16,0.13,1.00,0.21,1.00,1.00,,yes
115.15,FLYING,APPROACH,0,,,,,12,0,10,0,0,80,ESCAPE,,4.79,2.27,0.07,1.00,0.15,1.00,0.62,,yes
115.19,FLYING,APPROACH,0,,,,,12,0,10,0,0,80,ESCAPE,,5.87,1.66,0.04,1.00,0.10,1.00,0.34,,yes
115.28,FLYING,APPROACH,0,,,,,12,0,10,0,0,80,ESCAPE,,6.60,1.52,0.02,1.00,0.07,1.00,0.28,,yes
115.33,FLYING,APPROACH,0,,,,,12,0,10,0,0,80,ESCAPE,,6.96,1.94,0.01,1.00,0.44,1.00,0.31,,yes
115.38,FLYING,APPROACH,0,,,,,12,0,10,0,0,80,ESCAPE,,6.84,3.04,0.49,1.00,0.44,1.00,0.86,,yes
115.47,FLYING,APPROACH,0,,,,,12,0,10,0,0,80,ESCAPE,,5.46,3.60,0.73,1.00,0.31,1.00,1.00,,yes
115.52,FLYING,APPROACH,0,,,,,12,0,10,0,0,80,ESCAPE,,4.77,2.85,1.30,1.00,0.21,1.00,0.88,,yes
115.57,FLYING,APPROACH,0,,,,,12,0,10,0,0,80,ESCAPE,,3.43,2.48,1.70,1.00,0.15,1.00,0.73,,yes
115.66,FLYING,APPROACH,0,,,,,12,0,10,0,0,80,ESCAPE,,2.63,3.17,2.57,1.00,0.10,1.00,1.00,,yes
115.71,FLYING,APPROACH,0,,,,,12,0,10,0,0,80,ESCAPE,,1.79,3.51,3.01,1.00,0.07,1.00,1.00,,yes
115.76,FLYING,APPROACH,0,,,,,12,0,10,0,0,80,ESCAPE,,1.37,3.68,3.23,1.00,0.44,1.00,1.00,,yes
115.84,FLYING,APPROACH,0,,,,,12,0,10,0,0,80,ESCAPE,,1.32,2.70,3.03,1.00,0.31,0.76,0.92,,yes
115.89,FLYING,APPROACH,0,,,,,12,0,10,0,0,80,ESCAPE,,1.29,1.89,2.93,1.00,0.21,0.40,0.92,,yes
115.94,FLYING,APPROACH,0,,,,,12,0,10,0,0,80,ESCAPE,,0.96,1.49,2.88,1.00,0.15,0.23,0.93,,yes
116.03,FLYING,APPROACH,0,,,,,12,0,10,0,0,80,ESCAPE,,0.63,1.55,2.98,1.00,0.10,0.28,0.99,,yes
116.08,FLYING,APPROACH,0,,,,,12,0,10,0,0,80,ESCAPE,,0.33,1.65,3.02,1.00,0.07,0.34,1.00,,yes
116.13,FLYING,APPROACH,0,,,,,12,0,10,0,0,80,ESCAPE,,0.19,1.77,3.05,1.00,0.05,0.42,1.00,,yes
116.22,FLYING,APPROACH,0,,,,,12,0,10,0,0,80,AVOID_LEFT,,0.11,1.82,2.28,1.00,0.04,0.45,0.68,,yes
116.26,FLYING,APPROACH,0,,,,,12,0,10,0,0,80,AVOID_LEFT,,0.11,1.17,1.46,1.00,0.03,0.13,0.28,,yes
116.31,FLYING,APPROACH,0,,,,,12,0,10,0,0,80,AVOID_LEFT,,0.19,0.84,1.05,0.76,0.44,0.00,0.00,,yes
116.40,FLYING,LOOK,0,,,,,12,0,6,0,0,80,AVOID_LEFT,,0.33,0.73,0.85,0.43,0.31,0.00,0.00,,yes
116.67,FLYING,LOOK,1,freshripe,0.30,0.85,3.6,12,0,4,0,0,80,AVOID_LEFT,,0.40,0.68,0.68,0.24,0.21,0.00,0.00,,yes
116.94,FLYING,LOOK,1,,,,,12,0,2,0,0,80,AVOID_LEFT,,0.44,0.63,0.46,0.14,0.15,0.00,0.00,,yes
117.21,FLYING,LOOK,1,,,,,12,0,1,0,0,80,CRUISE,,0.47,0.60,0.35,0.08,0.10,0.00,0.00,,
117.51,FLYING,APPROACH,1,freshripe,0.31,0.68,2.7,12,0,1,0,0,80,CRUISE,,0.48,0.59,0.37,0.04,0.07,0.00,0.00,,
117.56,FLYING,APPROACH,1,freshripe,0.31,0.68,2.7,12,0,6,5,0,80,CRUISE,,0.49,0.64,0.38,0.02,0.05,0.00,0.00,,
117.65,FLYING,APPROACH,0,,,,,12,0,9,3,0,80,CRUISE,,0.53,0.66,0.39,0.01,0.04,0.00,0.00,,
117.69,FLYING,APPROACH,0,,,,,12,0,11,2,0,80,CRUISE,,0.62,0.67,0.35,0.01,0.03,0.00,0.00,,yes
117.74,FLYING,APPROACH,0,,,,,12,0,12,1,0,80,CRUISE,,0.82,0.46,0.24,0.00,0.02,0.00,0.00,,yes
117.83,FLYING,APPROACH,0,,,,,12,0,13,1,0,80,CRUISE,,0.80,0.36,0.18,0.00,0.01,0.00,0.00,,yes
117.87,FLYING,APPROACH,0,,,,,12,0,13,0,0,80,CRUISE,,0.79,0.84,0.75,0.00,0.01,0.00,0.00,,yes
117.92,FLYING,APPROACH,0,,,,,12,0,14,0,0,80,CRUISE,,0.79,1.17,1.04,0.00,0.01,0.13,0.13,,yes
118.01,FLYING,APPROACH,0,,,,,12,0,14,0,0,80,CRUISE,,0.74,1.57,1.39,0.26,0.00,0.32,0.32,,yes
118.06,FLYING,APPROACH,0,,,,,12,0,14,0,0,80,AVOID_LEFT,,0.86,1.77,1.56,0.34,0.44,0.21,0.21,,yes
118.10,FLYING,APPROACH,0,,,,,12,0,14,0,0,80,AVOID_LEFT,,0.91,1.16,1.29,0.19,0.31,0.00,0.03,,yes
118.19,FLYING,APPROACH,0,,,,,12,0,14,0,0,80,CRUISE,,0.94,0.85,0.98,0.11,0.21,0.00,0.00,,yes
118.24,FLYING,APPROACH,0,,,,,12,0,14,0,0,80,CRUISE,,0.84,0.53,0.65,0.06,0.44,0.00,0.00,,yes
118.28,FLYING,APPROACH,0,,,,,12,0,14,0,0,80,CRUISE,,0.78,0.37,0.48,0.03,0.31,0.00,0.00,,yes
118.37,FLYING,APPROACH,0,,,,,12,0,14,0,0,80,CRUISE,,0.76,0.28,0.42,0.02,0.21,0.00,0.00,,yes
118.42,FLYING,APPROACH,0,,,,,12,0,14,0,0,80,CRUISE,,0.64,0.29,0.38,0.01,0.15,0.00,0.00,,yes
118.46,FLYING,APPROACH,0,,,,,12,0,14,0,0,80,CRUISE,,0.51,0.33,0.38,0.01,0.10,0.00,0.00,,yes
118.55,FLYING,APPROACH,0,,,,,12,0,14,0,0,80,CRUISE,,0.40,0.36,0.53,0.00,0.07,0.00,0.00,,yes
118.60,FLYING,APPROACH,0,,,,,12,0,14,0,0,80,CRUISE,,0.35,0.37,0.74,0.00,0.05,0.00,0.00,,yes
118.65,FLYING,APPROACH,0,,,,,12,0,14,0,0,80,CRUISE,,0.33,0.38,0.94,0.00,0.44,0.00,0.00,,yes
118.73,FLYING,APPROACH,0,,,,,12,0,14,0,0,80,CRUISE,,0.43,0.64,1.83,0.15,0.31,0.00,0.31,,yes
118.78,FLYING,APPROACH,0,,,,,12,0,14,0,0,80,AVOID_LEFT,,0.54,0.77,2.73,0.49,0.44,0.00,0.69,,yes
118.83,FLYING,APPROACH,0,,,,,12,0,14,0,0,80,AVOID_LEFT,,0.60,0.85,3.18,0.69,0.44,0.00,0.91,,yes
118.92,FLYING,APPROACH,0,,,,,12,0,14,0,0,80,AVOID_LEFT,,0.81,0.91,2.86,0.80,0.44,0.00,0.75,,yes
118.96,FLYING,APPROACH,0,,,,,12,0,14,0,0,80,ESCAPE,,0.93,0.94,2.42,0.86,0.31,0.00,0.60,,yes
119.01,FLYING,APPROACH,0,,,,,12,0,14,0,0,80,ESCAPE,,1.16,0.95,2.19,0.79,0.21,0.01,0.53,,yes
119.10,FLYING,APPROACH,0,,,,,12,0,14,0,0,80,ESCAPE,,1.27,1.20,2.08,0.83,0.15,0.10,0.50,,yes
119.15,FLYING,APPROACH,0,,,,,12,0,14,0,0,80,ESCAPE,,1.32,1.51,2.02,0.62,0.44,0.08,0.33,,yes
119.20,FLYING,APPROACH,0,,,,,12,0,14,0,0,80,ESCAPE,,1.21,1.66,2.00,0.61,0.31,0.22,0.39,,yes
119.28,FLYING,APPROACH,0,,,,,12,0,14,0,0,80,ESCAPE,,1.15,1.71,1.75,0.75,0.21,0.29,0.31,,yes
119.33,FLYING,APPROACH,0,,,,,12,0,14,0,0,80,ESCAPE,,1.12,1.32,1.62,0.57,0.15,0.13,0.28,,yes
119.38,FLYING,APPROACH,0,,,,,12,0,14,0,0,80,ESCAPE,,1.16,1.12,1.53,0.47,0.10,0.07,0.25,,yes
119.47,FLYING,APPROACH,0,,,,,12,0,14,0,0,80,ESCAPE,,1.31,1.20,1.37,0.35,0.07,0.16,0.19,,yes
119.52,FLYING,APPROACH,0,,,,,12,0,14,0,0,80,ESCAPE,,1.38,1.49,1.31,0.50,0.05,0.26,0.26,,yes
119.56,FLYING,APPROACH,0,,,,,12,0,14,0,0,80,ESCAPE,,1.67,1.80,1.28,0.73,0.04,0.42,0.42,,yes
119.65,FLYING,APPROACH,0,,,,,12,0,14,0,0,80,ESCAPE,,1.56,3.51,2.47,1.00,0.44,1.00,1.00,,yes
119.70,FLYING,APPROACH,0,,,,,12,0,14,0,0,80,ESCAPE,,1.50,4.36,3.06,1.00,0.44,1.00,1.00,,yes
119.75,FLYING,APPROACH,0,,,,,12,0,14,0,0,80,ESCAPE,,1.47,2.96,2.91,1.00,0.31,0.87,0.87,,yes
119.84,FLYING,APPROACH,0,,,,,12,0,14,0,0,80,ESCAPE,,1.34,2.14,2.46,1.00,0.21,0.50,0.66,,yes
119.89,FLYING,APPROACH,0,,,,,12,0,14,0,0,80,ESCAPE,,1.06,1.73,2.24,1.00,0.15,0.33,0.58,,yes
119.94,FLYING,APPROACH,0,,,,,12,0,14,0,0,80,ESCAPE,,0.93,1.59,2.12,1.00,0.44,0.12,0.39,,yes
120.02,FLYING,APPROACH,0,,,,,12,0,14,0,0,80,ESCAPE,,1.19,1.67,1.94,0.87,0.31,0.23,0.36,,yes
120.07,FLYING,LOOK,0,,,,,12,0,9,0,0,80,ESCAPE,,1.32,1.93,1.78,1.00,0.21,0.40,0.40,,yes
120.32,FLYING,LOOK,0,,,,,12,0,6,0,0,80,ESCAPE,,1.06,2.05,1.70,1.00,0.15,0.51,0.51,,yes
120.75,FLYING,LOOK,2,freshripe,0.72,0.96,6.3,12,0,4,0,0,79,ESCAPE,,0.85,2.11,1.66,1.00,0.10,0.58,0.58,,yes
121.05,FLYING,APPROACH,1,freshripe,0.59,1.00,27.5,12,0,2,0,0,79,ESCAPE,,0.70,1.75,1.51,1.00,0.07,0.42,0.42,,
121.10,FLYING,FEED,1,freshripe,0.59,1.00,27.5,12,0,-1,5,3,79,ESCAPE,,0.58,1.57,1.44,1.00,0.05,0.35,0.35,,
121.19,FLYING,FEED,0,,,,,12,0,-1,3,2,79,ESCAPE,,0.52,2.48,2.06,1.00,0.04,0.82,0.82,,
121.24,FLYING,FEED,0,,,,,12,0,0,2,1,79,ESCAPE,,0.97,2.93,2.37,1.00,0.03,1.00,1.00,,
121.29,FLYING,FEED,0,,,,,12,0,0,1,1,79,ESCAPE,,2.79,2.34,2.94,1.00,0.02,0.99,1.00,,
121.41,FLYING,FEED,1,freshripe,0.66,0.98,25.8,11,0,-3,7,4,79,ESCAPE,,3.10,1.34,2.72,1.00,0.01,1.00,0.96,,
121.46,FLYING,FEED,1,freshripe,0.66,0.98,25.8,11,0,-5,10,6,79,ESCAPE,,3.26,1.49,2.62,1.00,0.01,1.00,0.90,,
121.51,FLYING,FEED,1,freshripe,0.66,0.98,25.8,10,0,-7,13,7,79,ESCAPE,,3.34,1.57,2.56,1.00,0.01,1.00,0.88,,yes
121.63,FLYING,DONE,1,freshripe,0.76,1.00,23.4,10,5,-4,8,4,79,ESCAPE,,2.71,1.61,2.36,1.00,0.00,0.95,0.78,,yes
121.67,FLYING,DONE,1,freshripe,0.76,1.00,23.4,10,8,-3,5,3,79,AVOID_LEFT,,1.85,1.50,2.26,1.00,0.00,0.52,0.73,,yes
121.72,FLYING,DONE,1,freshripe,0.76,1.00,23.4,10,10,-2,3,2,79,AVOID_LEFT,,1.42,1.45,1.82,1.00,0.00,0.32,0.51,,yes
121.84,FLYING,DONE,1,freshripe,0.65,0.99,21.4,10,12,-1,2,1,79,AVOID_LEFT,,3.15,1.37,1.39,1.00,0.00,1.00,0.30,,yes
121.89,FLYING,DONE,1,freshripe,0.65,0.99,21.4,10,13,0,1,0,79,AVOID_RIGHT,,4.01,1.33,1.37,1.00,0.44,1.00,0.07,,yes
121.94,FLYING,DONE,1,freshripe,0.65,0.99,21.4,10,13,0,0,0,79,AVOID_RIGHT,,4.11,1.31,1.35,1.00,0.31,1.00,0.12,,yes
122.06,FLYING,DONE,1,freshripe,0.57,0.99,18.4,10,14,0,0,0,79,AVOID_RIGHT,,3.86,2.21,1.95,1.00,0.21,1.00,0.60,,yes
122.11,FLYING,DONE,1,freshripe,0.57,0.99,18.4,10,14,0,0,0,79,AVOID_RIGHT,,3.92,2.65,2.25,1.00,0.15,1.00,0.85,,yes
122.16,FLYING,DONE,1,freshripe,0.57,0.99,18.4,10,14,0,0,0,79,AVOID_RIGHT,,3.95,2.32,2.40,1.00,0.44,1.00,0.58,,yes
122.27,FLYING,DONE,1,freshripe,0.66,0.99,16.7,10,14,0,0,0,79,AVOID_RIGHT,,4.75,2.16,2.36,1.00,0.31,1.00,0.63,,yes
122.32,FLYING,DONE,1,freshripe,0.66,0.99,16.7,10,14,0,0,0,79,AVOID_RIGHT,,5.16,2.08,2.34,1.00,0.21,1.00,0.66,,yes
122.37,FLYING,DONE,1,freshripe,0.66,0.99,16.7,10,14,0,0,0,79,AVOID_RIGHT,,4.08,1.87,2.33,1.00,0.15,1.00,0.69,,yes
122.49,FLYING,DONE,1,freshripe,0.67,0.97,16.6,10,14,0,0,0,79,AVOID_RIGHT,,3.47,1.54,2.28,1.00,0.10,1.00,0.69,,yes
122.54,FLYING,DONE,1,freshripe,0.67,0.97,16.6,10,14,0,0,0,79,AVOID_RIGHT,,1.89,1.38,2.25,1.00,0.07,0.51,0.69,,yes
122.59,FLYING,DONE,1,freshripe,0.67,0.97,16.6,10,14,0,0,0,79,CRUISE,,1.09,1.30,1.68,1.00,0.05,0.22,0.42,,yes
122.71,FLYING,DONE,1,freshripe,0.56,0.94,15.9,10,14,0,0,0,79,AVOID_LEFT,,0.71,1.26,1.23,1.00,0.04,0.21,0.21,,yes
122.76,FLYING,DONE,1,freshripe,0.56,0.94,15.9,10,14,0,0,0,79,AVOID_LEFT,,0.65,1.53,1.17,0.94,0.03,0.35,0.35,,yes
122.81,FLYING,DONE,1,freshripe,0.56,0.94,15.9,10,14,0,0,0,79,AVOID_LEFT,,0.66,1.67,1.26,0.94,0.02,0.43,0.43,,yes
122.92,FLYING,DONE,1,freshripe,0.71,1.00,12.0,10,14,0,0,0,79,AVOID_LEFT,,1.01,2.17,1.92,1.00,0.01,0.68,0.68,,yes
122.97,FLYING,DONE,1,freshripe,0.71,1.00,12.0,10,14,0,0,0,79,AVOID_LEFT,,1.20,2.42,2.25,1.00,0.44,0.59,0.59,,yes
123.02,FLYING,DONE,1,freshripe,0.71,1.00,12.0,10,14,0,0,0,79,CRUISE,,1.52,2.42,2.41,1.00,0.44,0.59,0.59,,yes
123.14,FLYING,DONE,1,freshripe,0.43,0.97,12.9,10,9,0,0,0,79,AVOID_RIGHT,,2.17,1.79,2.31,1.00,0.31,0.53,0.60,,yes
123.19,FLYING,DONE,1,freshripe,0.43,0.97,12.9,10,6,0,0,0,79,AVOID_LEFT,,2.49,1.54,2.26,1.00,0.21,0.74,0.62,,yes
123.24,FLYING,DONE,1,freshripe,0.43,0.97,12.9,10,4,0,0,0,79,CRUISE,,1.68,1.42,1.18,1.00,0.44,0.22,0.09,,yes
123.32,FLYING,DONE,0,,,,,10,2,0,0,0,79,CRUISE,,1.27,1.45,0.64,0.75,0.31,0.17,0.17,,yes
123.37,FLYING,DONE,0,,,,,10,1,0,0,0,79,CRUISE,,1.07,1.46,0.96,0.42,0.21,0.22,0.22,,yes
123.42,FLYING,DONE,0,,,,,10,1,0,0,0,79,CRUISE,,1.03,1.62,1.13,0.24,0.44,0.19,0.19,,yes
123.51,FLYING,DONE,0,,,,,10,0,0,0,0,79,CRUISE,,1.69,2.59,1.21,0.88,0.31,0.74,0.74,,yes
123.56,FLYING,DONE,0,,,,,10,0,0,0,0,79,CRUISE,,4.74,3.64,1.41,1.00,0.21,1.00,1.00,,yes
123.61,FLYING,DONE,0,,,,,10,0,0,0,0,79,AVOID_LEFT,,7.89,4.17,1.51,1.00,0.15,1.00,1.00,,yes
123.69,FLYING,DONE,0,,,,,10,0,0,0,0,79,AVOID_LEFT,,7.84,6.57,1.94,1.00,0.44,1.00,1.00,,yes
123.74,FLYING,DONE,0,,,,,10,0,0,0,0,79,AVOID_LEFT,,5.70,9.42,2.16,1.00,0.31,1.00,1.00,,yes
123.79,FLYING,DONE,0,,,,,10,0,0,0,0,79,ESCAPE,,4.63,12.45,2.26,1.00,0.21,1.00,1.00,,
123.88,FLYING,DONE,0,,,,,10,0,0,0,0,79,ESCAPE,,3.98,12.36,2.22,1.00,0.15,1.00,1.00,,
123.93,FLYING,DONE,0,,,,,10,0,0,0,0,79,ESCAPE,,3.65,8.28,2.64,1.00,0.10,1.00,1.00,,
123.98,FLYING,DONE,0,,,,,10,0,0,0,0,79,ESCAPE,,3.01,4.98,2.85,1.00,0.07,1.00,1.00,,
124.10,FLYING,DONE,1,freshripe,0.21,1.00,9.6,10,0,0,0,0,79,ESCAPE,,2.49,3.25,2.96,1.00,0.05,1.00,1.00,,
124.15,FLYING,DONE,1,freshripe,0.21,1.00,9.6,10,0,0,0,0,79,ESCAPE,,2.22,2.14,2.82,1.00,0.44,0.49,0.79,,
124.20,FLYING,DONE,1,freshripe,0.21,1.00,9.6,10,0,0,0,0,79,ESCAPE,,2.09,1.58,2.75,1.00,0.31,0.49,0.82,,
124.32,FLYING,DONE,1,,,,,10,0,0,0,0,79,ESCAPE,,1.62,1.50,2.48,1.00,0.21,0.30,0.73,,
124.36,FLYING,DONE,1,,,,,10,0,0,0,0,79,ESCAPE,,1.19,1.46,2.09,1.00,0.44,0.11,0.43,,
124.41,FLYING,DONE,1,,,,,10,0,0,0,0,79,ESCAPE,,0.98,1.31,1.90,0.96,0.31,0.10,0.40,,
124.50,FLYING,DONE,0,,,,,10,0,0,0,0,79,ESCAPE,,1.35,1.24,2.21,0.87,0.21,0.17,0.60,,
124.55,FLYING,DONE,0,,,,,10,0,0,0,0,79,ESCAPE,,1.79,1.20,2.37,1.00,0.15,0.42,0.71,,
124.60,FLYING,DONE,0,,,,,10,0,0,0,0,79,ESCAPE,,2.37,1.72,2.61,1.00,0.10,0.73,0.85,,
124.72,FLYING,DONE,1,freshripe,0.20,0.99,6.1,10,0,0,0,0,79,ESCAPE,,2.30,1.33,1.66,1.00,0.07,0.71,0.39,,
124.77,FLYING,DONE,1,freshripe,0.20,0.99,6.1,10,0,0,0,0,79,ESCAPE,,1.96,1.13,0.89,1.00,0.05,0.55,0.14,,
124.81,FLYING,DONE,1,freshripe,0.20,0.99,6.1,10,0,0,0,0,79,ESCAPE,,1.28,1.03,0.51,0.93,0.04,0.22,0.10,,
124.90,FLYING,DONE,0,,,,,10,0,0,0,0,79,ESCAPE,,0.94,1.50,0.77,0.80,0.03,0.34,0.34,,
124.95,FLYING,DONE,0,,,,,10,0,0,0,0,79,ESCAPE,,1.70,1.80,0.91,0.90,0.02,0.49,0.49,,
125.00,FLYING,DONE,0,,,,,10,0,0,0,0,79,ESCAPE,,2.08,2.01,1.00,1.00,0.01,0.64,0.60,,
125.09,FLYING,DONE,0,,,,,10,0,0,0,0,79,ESCAPE,,1.88,2.43,1.04,1.00,0.01,0.81,0.81,,
125.14,FLYING,DONE,0,,,,,10,0,0,0,0,79,ESCAPE,,1.09,2.65,1.06,1.00,0.01,0.92,0.92,,
125.19,FLYING,DONE,0,,,,,10,0,0,0,0,79,ESCAPE,,0.70,2.31,1.69,1.00,0.44,0.54,0.54,,
125.27,FLYING,DONE,0,,,,,10,0,0,0,0,79,ESCAPE,,0.77,2.14,1.67,1.00,0.31,0.52,0.52,,
125.32,FLYING,DONE,0,,,,,10,0,0,0,0,79,ESCAPE,,0.81,2.06,1.67,1.00,0.21,0.52,0.52,,
125.37,FLYING,DONE,0,,,,,10,0,0,0,0,79,ESCAPE,,0.98,1.64,1.66,1.00,0.15,0.34,0.36,,
125.46,FLYING,DONE,0,,,,,10,0,0,0,0,79,ESCAPE,,1.07,1.43,1.52,1.00,0.10,0.26,0.31,,
125.50,FLYING,DONE,0,,,,,10,0,0,0,0,79,ESCAPE,,1.26,1.32,1.45,0.74,0.44,0.04,0.11,,
125.55,FLYING,DONE,0,,,,,10,0,0,0,0,79,ESCAPE,,1.33,1.32,1.42,0.42,0.31,0.11,0.16,,
125.64,FLYING,DONE,0,,,,,10,0,0,0,0,79,ESCAPE,,1.39,1.32,1.24,0.24,0.44,0.07,0.04,,
125.69,FLYING,DONE,0,,,,,10,0,0,0,0,79,ESCAPE,,1.39,1.31,1.15,0.13,0.44,0.08,0.04,,
125.73,FLYING,DONE,0,,,,,10,0,0,0,0,78,CRUISE,,1.04,1.23,1.10,0.07,0.31,0.06,0.06,,
125.82,FLYING,DONE,0,,,,,10,0,0,0,0,78,CRUISE,,0.86,1.18,1.22,0.04,0.21,0.09,0.10,,
125.87,FLYING,DONE,0,,,,,10,0,0,0,0,78,CRUISE,,0.88,1.22,1.28,0.02,0.15,0.13,0.16,,
125.91,FLYING,DONE,0,,,,,10,0,0,0,0,78,CRUISE,,1.01,1.48,1.13,0.27,0.10,0.29,0.29,,
126.00,FLYING,DONE,0,,,,,10,0,0,0,0,78,AVOID_LEFT,,1.29,1.69,1.04,0.50,0.44,0.23,0.23,,
126.05,FLYING,DONE,0,,,,,10,0,0,0,0,78,AVOID_LEFT,,1.43,1.79,1.00,0.58,0.31,0.34,0.34,,
126.10,FLYING,DONE,0,,,,,10,0,0,0,0,78,AVOID_LEFT,RIGHT,1.49,1.69,0.97,0.73,0.21,0.34,0.34,,
126.18,FLYING,DONE,0,,,,,10,0,0,0,0,78,AVOID_LEFT,RIGHT,1.52,1.54,0.88,0.80,0.15,0.30,0.30,,
126.23,FLYING,DONE,0,,,,,10,0,0,0,0,78,AVOID_LEFT,RIGHT,1.53,1.43,0.83,0.60,0.44,0.15,0.10,,
126.28,FLYING,DONE,0,,,,,10,0,0,0,0,78,CRUISE,RIGHT,1.11,0.84,0.80,0.34,0.31,0.00,0.00,,
126.37,FLYING,DONE,0,,,,,10,0,0,0,0,78,CRUISE,,0.90,0.55,0.67,0.19,0.21,0.00,0.00,,
126.41,FLYING,DONE,0,,,,,10,0,0,0,0,78,CRUISE,,0.90,0.57,0.60,0.11,0.15,0.00,0.00,,
126.46,FLYING,DONE,0,,,,,10,0,0,0,0,78,CRUISE,,0.98,0.69,0.57,0.06,0.10,0.04,0.00,,
126.55,FLYING,DONE,0,,,,,10,0,0,0,0,78,CRUISE,,1.24,0.81,0.61,0.03,0.07,0.18,0.00,,
126.59,FLYING,DONE,0,,,,,10,0,0,0,0,78,CRUISE,,1.37,0.87,0.69,0.02,0.44,0.07,0.00,,
126.64,FLYING,LAND,0,,,,,10,0,0,0,0,78,CRUISE,,1.44,0.90,0.79,0.01,0.31,0.17,0.00,,
