time_s,mode,state,bananas_seen,label,det_conf,cls_conf,size_pct,hunger,lr,fb,ud,yaw,battery,brain,escape_dir,loom_l,loom_c,loom_r,escape_level,wobble_floor,loom_in_l,loom_in_r,hand
10.07,FLYING,APPROACH,1,rotten,0.32,0.97,2.5,100,0,0,-4,0,76,ARMING,,0.00,0.00,0.00,0.00,0.00,0.00,0.00,
10.21,FLYING,APPROACH,1,rotten,0.32,0.97,2.5,100,0,2,-7,0,76,ARMING,,0.26,0.20,0.16,0.00,0.00,0.00,0.00,
10.27,FLYING,APPROACH,1,rotten,0.32,0.97,2.5,100,0,4,-9,0,76,ARMING,,0.54,0.53,0.33,0.00,0.00,0.00,0.00,
10.38,FLYING,APPROACH,1,rotten,0.52,0.95,3.2,100,0,5,-11,0,76,ARMING,,0.84,0.88,0.42,0.00,0.00,0.00,0.00,
10.40,FLYING,APPROACH,1,rotten,0.52,0.95,3.2,100,0,6,-13,0,76,ARMING,,0.98,1.06,0.47,0.00,0.00,0.00,0.00,
10.44,FLYING,APPROACH,1,rotten,0.52,0.95,3.2,100,0,7,-14,0,76,ARMING,,1.08,1.15,0.50,0.00,0.00,0.00,0.00,
10.55,FLYING,APPROACH,1,rotten,0.43,0.89,3.0,100,0,7,-15,0,76,ARMING,,0.95,0.95,0.48,0.00,0.00,0.00,0.00,
10.58,FLYING,APPROACH,1,rotten,0.43,0.89,3.0,100,0,7,-15,0,76,ARMING,,0.70,0.81,0.41,0.00,0.00,0.00,0.00,
10.61,FLYING,APPROACH,1,rotten,0.43,0.89,3.0,100,0,7,-16,0,76,ARMING,,0.58,0.75,0.37,0.00,0.00,0.00,0.00,
10.70,FLYING,APPROACH,1,rotten,0.48,0.77,2.8,100,0,7,-17,0,76,ARMING,,0.52,0.71,0.33,0.00,0.00,0.00,0.00,
10.72,FLYING,APPROACH,1,rotten,0.48,0.77,2.8,100,0,7,-17,0,76,ARMING,,0.44,0.62,0.31,0.00,0.00,0.00,0.00,
10.74,FLYING,APPROACH,1,rotten,0.48,0.77,2.8,100,0,7,-18,0,76,ARMING,,0.40,0.58,0.30,0.00,0.00,0.00,0.00,
10.83,FLYING,APPROACH,1,freshripe,0.30,0.62,3.5,100,0,7,-18,0,76,ARMING,,0.41,0.60,0.37,0.00,0.00,0.00,0.00,
10.85,FLYING,APPROACH,1,freshripe,0.30,0.62,3.5,100,0,7,-19,0,76,ARMING,,0.42,0.61,0.41,0.00,0.00,0.00,0.00,
10.88,FLYING,APPROACH,1,freshripe,0.30,0.62,3.5,100,0,7,-19,0,76,ARMING,,0.42,0.56,0.40,0.00,0.00,0.00,0.00,
10.95,FLYING,APPROACH,1,freshripe,0.44,0.81,3.9,100,0,7,-19,0,76,ARMING,,0.59,0.50,0.40,0.00,0.00,0.00,0.00,
10.97,FLYING,APPROACH,1,freshripe,0.44,0.81,3.9,100,0,7,-19,0,76,ARMING,,0.67,0.47,0.40,0.00,0.00,0.00,0.00,
11.01,FLYING,APPROACH,1,freshripe,0.44,0.81,3.9,100,0,7,-19,0,76,ARMING,,0.74,0.45,0.48,0.00,0.00,0.00,0.00,
11.11,FLYING,APPROACH,1,rotten,0.46,0.79,3.9,100,0,7,-19,0,76,ARMING,,0.59,0.40,0.42,0.00,0.00,0.00,0.00,
11.13,FLYING,APPROACH,1,rotten,0.46,0.79,3.9,100,0,7,-19,0,76,ARMING,,0.66,0.47,0.38,0.00,0.00,0.00,0.00,
11.17,FLYING,APPROACH,1,rotten,0.46,0.79,3.9,100,0,7,-19,0,76,ARMING,,0.69,0.50,0.36,0.00,0.00,0.00,0.00,
11.25,FLYING,APPROACH,1,freshripe,0.46,0.87,3.7,100,0,7,-19,0,76,ARMING,,0.70,0.55,0.35,0.00,0.00,0.00,0.00,
11.27,FLYING,APPROACH,1,freshripe,0.46,0.87,3.7,100,0,7,-19,0,76,ARMING,,0.68,0.58,0.42,0.00,0.00,0.00,0.00,
11.31,FLYING,APPROACH,1,freshripe,0.46,0.87,3.7,100,0,7,-19,0,76,ARMING,,0.68,0.59,0.45,0.00,0.00,0.00,0.00,
11.39,FLYING,APPROACH,1,rotten,0.60,0.89,3.4,100,0,7,-19,0,76,ARMING,,0.60,0.63,0.46,0.00,0.00,0.00,0.00,
11.41,FLYING,APPROACH,1,rotten,0.60,0.89,3.4,100,0,7,-19,0,76,ARMING,,0.53,0.65,0.32,0.00,0.00,0.00,0.00,
11.43,FLYING,APPROACH,1,rotten,0.60,0.89,3.4,100,0,7,-19,0,76,ARMING,,0.50,0.66,0.25,0.00,0.00,0.00,0.00,
11.51,FLYING,APPROACH,1,rotten,0.64,0.83,3.0,100,0,7,-19,0,76,ARMING,,1.15,1.17,0.87,0.00,0.00,0.00,0.00,
11.54,FLYING,APPROACH,1,rotten,0.64,0.83,3.0,100,0,7,-19,0,76,ARMING,,1.47,1.42,1.18,0.00,0.00,0.00,0.00,
11.57,FLYING,APPROACH,1,rotten,0.64,0.83,3.0,100,0,7,-19,0,76,ARMING,,1.19,1.07,0.96,0.00,0.00,0.00,0.00,
11.65,FLYING,APPROACH,1,rotten,0.58,0.96,2.7,100,0,7,-19,0,76,ARMING,,0.81,0.78,0.67,0.00,0.00,0.00,0.00,
11.67,FLYING,APPROACH,1,rotten,0.58,0.96,2.7,100,0,7,-19,0,76,ARMING,,0.70,0.72,0.71,0.00,0.00,0.00,0.00,
11.71,FLYING,APPROACH,1,rotten,0.58,0.96,2.7,100,0,7,-19,0,76,ARMING,,0.64,0.68,0.81,0.00,0.00,0.00,0.00,
11.79,FLYING,APPROACH,1,rotten,0.57,1.00,2.7,100,0,7,-19,0,76,ARMING,,0.61,0.67,0.87,0.00,0.00,0.00,0.00,
11.81,FLYING,APPROACH,1,rotten,0.57,1.00,2.7,100,0,7,-19,0,76,ARMING,,0.40,0.37,0.49,0.00,0.00,0.00,0.00,
11.83,FLYING,APPROACH,1,rotten,0.57,1.00,2.7,100,0,7,-19,0,76,ARMING,,0.29,0.22,0.30,0.00,0.00,0.00,0.00,
11.91,FLYING,APPROACH,1,rotten,0.63,0.80,2.6,100,0,7,-19,0,76,ARMING,,0.25,0.26,0.21,0.00,0.00,0.00,0.00,
11.94,FLYING,APPROACH,1,rotten,0.63,0.80,2.6,100,0,7,-19,0,76,ARMING,,0.23,0.28,0.17,0.00,0.00,0.00,0.00,
11.97,FLYING,APPROACH,1,rotten,0.63,0.80,2.6,100,0,7,-19,0,76,CRUISE,,0.21,0.29,0.15,0.00,0.00,0.00,0.00,
12.20,FLYING,APPROACH,1,rotten,0.64,0.77,2.6,100,0,7,-19,0,76,CRUISE,,0.00,0.00,0.00,0.00,0.00,0.00,0.00,
12.24,FLYING,APPROACH,1,rotten,0.64,0.77,2.6,100,0,7,-19,0,76,CRUISE,,0.06,0.08,0.05,0.00,0.00,0.00,0.00,
12.29,FLYING,APPROACH,1,rotten,0.64,0.77,2.6,100,0,7,-19,0,76,CRUISE,,0.33,0.38,0.50,0.00,0.44,0.00,0.00,
12.38,FLYING,APPROACH,1,rotten,0.64,0.58,2.8,100,0,7,-19,0,76,CRUISE,,0.70,0.79,1.12,0.00,0.31,0.00,0.00,
12.43,FLYING,APPROACH,1,rotten,0.64,0.58,2.8,100,0,7,-19,0,76,CRUISE,,0.88,1.00,1.43,0.15,0.21,0.00,0.18,
12.48,FLYING,APPROACH,1,rotten,0.64,0.58,2.8,100,0,7,-19,0,76,CRUISE,,0.92,0.90,1.29,0.11,0.44,0.00,0.00,
12.54,FLYING,APPROACH,0,,,,,100,0,5,-12,0,76,CRUISE,,0.94,0.85,1.14,0.06,0.31,0.00,0.00,
12.59,FLYING,APPROACH,0,,,,,100,0,3,-8,0,76,CRUISE,,0.95,0.83,1.06,0.04,0.21,0.00,0.00,
12.64,FLYING,APPROACH,0,,,,,100,0,2,-5,0,76,CRUISE,,0.78,0.66,0.77,0.02,0.15,0.00,0.00,
12.73,FLYING,APPROACH,1,rotten,0.24,0.98,2.7,100,0,4,-10,0,76,CRUISE,,0.56,0.47,0.59,0.01,0.10,0.00,0.00,
12.78,FLYING,APPROACH,1,rotten,0.24,0.98,2.7,100,0,5,-13,0,76,CRUISE,,0.45,0.38,0.50,0.01,0.07,0.00,0.00,
12.83,FLYING,APPROACH,1,rotten,0.24,0.98,2.7,100,0,6,-16,0,76,CRUISE,,0.39,0.33,0.45,0.00,0.05,0.00,0.00,
12.92,FLYING,APPROACH,1,rotten,0.31,1.00,3.2,100,0,6,-17,0,76,CRUISE,,0.37,0.37,0.51,0.00,0.04,0.00,0.00,
12.97,FLYING,APPROACH,1,rotten,0.31,1.00,3.2,100,0,7,-18,0,76,CRUISE,,0.36,0.39,0.53,0.00,0.03,0.00,0.00,
13.02,FLYING,APPROACH,1,rotten,0.31,1.00,3.2,100,0,7,-18,0,76,CRUISE,,0.35,0.40,0.55,0.00,0.02,0.00,0.00,
13.11,FLYING,APPROACH,1,rotten,0.49,1.00,3.7,100,0,7,-19,0,76,CRUISE,,0.33,0.33,0.47,0.00,0.01,0.00,0.00,
13.16,FLYING,APPROACH,1,rotten,0.49,1.00,3.7,100,0,7,-19,0,76,CRUISE,,0.32,0.30,0.43,0.00,0.01,0.00,0.00,
13.23,FLYING,APPROACH,1,rotten,0.49,1.00,3.7,100,0,7,-19,0,76,CRUISE,,0.31,0.28,0.41,0.00,0.01,0.00,0.00,
13.33,FLYING,FEED,1,freshripe,0.82,0.82,4.8,100,-2,5,-19,0,76,CRUISE,,0.43,0.36,0.49,0.00,0.00,0.00,0.00,
13.37,FLYING,FEED,1,freshripe,0.82,0.82,4.8,100,-4,3,-19,0,76,CRUISE,,0.49,0.40,0.53,0.00,0.00,0.00,0.00,
13.42,FLYING,FEED,1,freshripe,0.82,0.82,4.8,99,-5,2,-19,0,76,CRUISE,,0.59,0.34,0.55,0.00,0.00,0.00,0.00,
13.52,FLYING,FEED,1,rotten,0.75,0.68,5.7,99,-6,1,-19,0,76,CRUISE,,0.67,0.31,0.48,0.00,0.00,0.00,0.00,
13.56,FLYING,FEED,1,rotten,0.75,0.68,5.7,99,-6,0,-19,0,76,CRUISE,,0.71,0.31,0.45,0.00,0.00,0.00,0.00,
13.61,FLYING,FEED,1,rotten,0.75,0.68,5.7,98,-7,0,-19,0,76,CRUISE,,0.75,0.33,0.42,0.00,0.00,0.00,0.00,
13.71,FLYING,FEED,1,rotten,0.72,0.96,6.3,98,-7,0,-19,0,76,CRUISE,,0.80,0.49,0.39,0.00,0.00,0.00,0.00,
13.75,FLYING,FEED,1,rotten,0.72,0.96,6.3,97,-8,0,-19,0,76,CRUISE,,0.83,0.57,0.38,0.00,0.00,0.01,0.00,
13.80,FLYING,FEED,1,rotten,0.72,0.96,6.3,97,-8,0,-19,0,76,CRUISE,,0.80,0.53,0.36,0.00,0.00,0.00,0.00,
13.89,FLYING,FEED,1,rotten,0.58,0.95,5.4,97,-8,0,-19,0,76,CRUISE,,0.71,0.45,0.30,0.00,0.00,0.00,0.00,
13.94,FLYING,FEED,1,rotten,0.58,0.95,5.4,96,-9,0,-19,0,76,CRUISE,,0.66,0.42,0.27,0.00,0.00,0.00,0.00,
13.99,FLYING,FEED,1,rotten,0.58,0.95,5.4,96,-9,0,-19,0,76,CRUISE,,0.64,0.40,0.26,0.00,0.44,0.00,0.00,
14.08,FLYING,FEED,1,rotten,0.54,0.94,6.4,95,-9,0,-19,0,76,CRUISE,,0.60,0.43,0.42,0.00,0.31,0.00,0.00,
14.13,FLYING,FEED,1,rotten,0.54,0.94,6.4,95,-9,0,-19,0,76,CRUISE,,0.69,0.58,0.49,0.00,0.44,0.00,0.00,
14.18,FLYING,FEED,1,rotten,0.54,0.94,6.4,95,-10,0,-18,0,76,CRUISE,,0.99,0.65,0.78,0.00,0.31,0.00,0.00,
14.27,FLYING,FEED,1,freshripe,0.86,0.50,7.3,94,-10,0,-18,0,76,CRUISE,,1.14,0.71,0.83,0.00,0.21,0.07,0.00,
14.32,FLYING,FEED,1,freshripe,0.86,0.50,7.3,94,-10,0,-17,0,76,CRUISE,,0.93,0.73,0.85,0.00,0.15,0.00,0.00,
14.37,FLYING,FEED,1,freshripe,0.86,0.50,7.3,94,-11,0,-17,0,76,CRUISE,,0.82,0.75,0.86,0.00,0.10,0.00,0.00,
14.46,FLYING,FEED,1,rotten,0.78,0.94,7.3,93,-11,0,-16,0,76,CRUISE,,0.96,0.77,0.77,0.00,0.07,0.05,0.00,
14.51,FLYING,FEED,1,rotten,0.78,0.94,7.3,93,-11,0,-15,0,76,CRUISE,,1.04,0.78,0.72,0.00,0.05,0.09,0.00,
14.55,FLYING,FEED,1,rotten,0.78,0.94,7.3,93,-11,0,-15,0,76,CRUISE,,1.08,0.76,0.69,0.00,0.04,0.12,0.00,
14.68,FLYING,FEED,1,rotten,0.58,0.78,7.0,92,-11,0,-13,0,76,CRUISE,,1.14,0.66,0.62,0.00,0.03,0.16,0.00,
14.72,FLYING,FEED,1,rotten,0.58,0.78,7.0,92,-11,0,-13,0,76,CRUISE,,1.18,0.61,0.58,0.00,0.02,0.18,0.00,
14.77,FLYING,FEED,1,rotten,0.58,0.78,7.0,91,-11,0,-12,0,76,CRUISE,,1.19,0.58,0.56,0.00,0.01,0.19,0.00,
14.87,FLYING,FEED,1,rotten,0.68,0.93,7.1,91,-11,0,-11,0,76,CRUISE,,1.22,0.54,0.60,0.00,0.01,0.21,0.00,
14.91,FLYING,FEED,1,rotten,0.68,0.93,7.1,90,-11,0,-10,0,76,CRUISE,,1.29,0.52,0.62,0.15,0.01,0.24,0.00,
14.96,FLYING,FEED,1,rotten,0.68,0.93,7.1,90,-11,0,-10,0,76,CRUISE,,1.32,0.51,0.63,0.11,0.00,0.26,0.00,
15.06,FLYING,FEED,1,rotten,0.57,0.69,6.9,90,-11,0,-6,0,76,CRUISE,,1.34,0.65,0.83,0.21,0.00,0.27,0.01,
15.10,FLYING,FEED,1,rotten,0.57,0.69,6.9,89,-10,0,-4,0,76,CRUISE,,0.86,0.71,0.92,0.12,0.00,0.03,0.06,
15.15,FLYING,FEED,1,rotten,0.57,0.69,6.9,89,-10,0,-2,0,76,CRUISE,,0.63,0.83,0.97,0.07,0.00,0.01,0.09,
15.25,FLYING,FEED,1,freshripe,0.33,0.74,8.3,88,-10,0,-1,0,76,CRUISE,,0.59,0.68,0.76,0.04,0.00,0.00,0.00,
15.29,FLYING,FEED,1,freshripe,0.33,0.74,8.3,88,-10,0,-1,0,76,CRUISE,,0.57,0.61,0.62,0.02,0.00,0.00,0.00,
15.34,FLYING,FEED,1,freshripe,0.33,0.74,8.3,88,-10,0,0,0,76,CRUISE,,0.56,0.57,0.55,0.01,0.00,0.00,0.00,
15.40,FLYING,FEED,0,,,,,88,-6,0,0,0,76,CRUISE,,0.53,0.60,0.38,0.01,0.00,0.00,0.00,
15.45,FLYING,FEED,0,,,,,88,-4,0,0,0,76,CRUISE,,0.60,0.65,0.30,0.00,0.00,0.00,0.00,
15.50,FLYING,FEED,0,,,,,88,-2,0,0,0,76,CRUISE,,0.93,0.67,0.26,0.00,0.00,0.06,0.00,
15.56,FLYING,FEED,0,,,,,88,-1,0,0,0,76,CRUISE,,1.09,1.09,0.18,0.00,0.00,0.15,0.15,
15.61,FLYING,FEED,0,,,,,88,-1,0,0,0,76,CRUISE,,1.04,1.30,0.19,0.26,0.00,0.25,0.25,
15.66,FLYING,FEED,0,,,,,88,0,0,0,0,76,CRUISE,,1.01,1.41,0.20,0.56,0.00,0.30,0.30,
15.72,FLYING,FEED,0,,,,,88,0,0,0,0,76,AVOID_LEFT,,1.07,1.06,0.27,0.46,0.00,0.14,0.13,
15.77,FLYING,FEED,0,,,,,88,0,0,0,0,76,AVOID_LEFT,,1.10,1.27,0.33,0.52,0.00,0.24,0.24,
15.82,FLYING,FEED,0,,,,,88,0,0,0,0,76,CRUISE,,1.19,1.38,0.34,0.55,0.00,0.29,0.29,
15.88,FLYING,FEED,0,,,,,88,0,0,0,0,76,CRUISE,,1.14,1.43,0.37,0.57,0.00,0.31,0.31,
15.93,FLYING,FEED,0,,,,,88,0,0,0,0,76,AVOID_LEFT,,1.10,1.17,0.35,0.43,0.00,0.19,0.19,
15.97,FLYING,FEED,0,,,,,88,0,0,0,0,76,AVOID_LEFT,,1.08,0.81,0.30,0.24,0.00,0.14,0.00,
16.04,FLYING,FEED,0,,,,,88,0,0,0,0,76,AVOID_LEFT,,1.37,0.59,0.28,0.25,0.00,0.28,0.00,
16.09,FLYING,FEED,0,,,,,88,0,0,0,0,76,CRUISE,,1.51,0.46,0.25,0.29,0.00,0.35,0.00,
16.13,FLYING,FEED,0,,,,,88,0,0,0,0,76,CRUISE,,1.58,0.42,0.26,0.31,0.00,0.39,0.00,
16.25,FLYING,FEED,1,rotten,0.67,0.97,5.7,87,0,0,-2,0,76,AVOID_RIGHT,,1.58,0.63,0.78,0.44,0.00,0.39,0.00,
16.30,FLYING,FEED,1,rotten,0.67,0.97,5.7,87,0,0,-4,0,76,AVOID_RIGHT,,1.35,0.74,1.04,0.39,0.00,0.27,0.12,
16.35,FLYING,FEED,1,rotten,0.67,0.97,5.7,87,0,0,-6,0,76,CRUISE,,0.99,0.65,0.64,0.30,0.00,0.09,0.00,
16.44,FLYING,FEED,1,rotten,0.64,0.90,7.6,86,0,0,-7,0,76,CRUISE,,0.81,0.54,0.43,0.17,0.00,0.01,0.00,
16.49,FLYING,FEED,1,rotten,0.64,0.90,7.6,86,0,0,-7,0,76,CRUISE,,1.21,0.42,0.33,0.09,0.00,0.21,0.00,
16.53,FLYING,FEED,1,rotten,0.64,0.90,7.6,86,0,0,-7,0,76,CRUISE,,1.48,0.35,0.29,0.20,0.00,0.34,0.00,
16.63,FLYING,FEED,1,rotten,0.65,0.99,7.4,85,0,0,-5,0,76,CRUISE,,1.55,0.33,0.45,0.26,0.00,0.37,0.00,
16.68,FLYING,FEED,1,rotten,0.65,0.99,7.4,85,0,0,-3,0,76,AVOID_RIGHT,,1.68,0.32,0.71,0.37,0.00,0.44,0.00,
16.73,FLYING,FEED,1,rotten,0.65,0.99,7.4,84,0,0,-2,0,76,AVOID_RIGHT,,1.75,0.31,0.83,0.36,0.00,0.47,0.02,
16.85,FLYING,FEED,2,rotten,0.66,0.74,6.7,84,0,0,-1,0,76,AVOID_RIGHT,,2.02,0.46,1.18,0.46,0.00,0.61,0.19,
16.90,FLYING,SCARED,2,rotten,0.66,0.74,6.7,84,0,-40,0,0,76,ESCAPE,RIGHT,2.15,0.56,1.35,0.78,0.00,0.68,0.28,
16.95,FLYING,SCARED,2,rotten,0.66,0.74,6.7,84,0,-40,0,0,76,ESCAPE,RIGHT,1.41,0.80,1.44,0.73,0.00,0.31,0.32,
17.04,FLYING,SCARED,1,rotten,0.65,0.67,4.7,84,0,-40,0,0,76,ESCAPE,RIGHT,1.03,1.38,1.25,0.82,0.00,0.29,0.29,
17.09,FLYING,SCARED,1,rotten,0.65,0.67,4.7,84,0,-40,0,0,76,ESCAPE,RIGHT,0.84,1.67,1.16,0.76,0.00,0.44,0.44,
17.14,FLYING,SCARED,1,rotten,0.65,0.67,4.7,84,0,-40,0,0,76,ESCAPE,RIGHT,0.74,1.62,0.99,0.93,0.00,0.41,0.41,
17.25,FLYING,SCARED,1,rotten,0.61,0.99,5.2,84,0,-40,0,0,76,ESCAPE,RIGHT,0.84,1.53,0.83,0.69,0.44,0.14,0.14,
17.29,FLYING,SCARED,1,rotten,0.61,0.99,5.2,84,0,-40,0,0,76,ESCAPE,RIGHT,0.98,1.46,0.67,0.39,0.44,0.11,0.11,
17.34,FLYING,SCARED,1,rotten,0.61,0.99,5.2,84,0,-40,0,0,76,ESCAPE,,1.10,1.39,0.56,0.22,0.31,0.14,0.14,
17.44,FLYING,SCARED,1,rotten,0.82,0.98,4.9,84,0,-40,0,0,76,ESCAPE,,1.16,1.35,0.49,0.12,0.21,0.17,0.17,
17.49,FLYING,SCARED,1,rotten,0.82,0.98,4.9,84,0,-40,0,0,76,ESCAPE,,1.17,0.99,0.42,0.07,0.15,0.11,0.02,
17.53,FLYING,SCARED,1,rotten,0.82,0.98,4.9,84,0,-40,0,0,76,ESCAPE,,1.17,0.81,0.39,0.04,0.10,0.13,0.00,
17.63,FLYING,SCARED,1,rotten,0.51,0.99,4.2,84,0,-40,0,0,76,ESCAPE,,1.28,0.82,0.55,0.02,0.07,0.20,0.00,
17.68,FLYING,SCARED,1,rotten,0.51,0.99,4.2,84,0,-40,0,0,76,ESCAPE,,1.34,0.83,0.63,0.01,0.05,0.24,0.00,
17.72,FLYING,SCARED,1,rotten,0.51,0.99,4.2,84,0,-40,0,0,76,ESCAPE,,1.36,0.83,0.67,0.15,0.04,0.26,0.00,
17.82,FLYING,SCARED,1,rotten,0.68,0.98,4.2,84,0,-40,0,0,76,ESCAPE,,1.33,0.70,1.15,0.12,0.03,0.25,0.16,
17.86,FLYING,SCARED,1,rotten,0.68,0.98,4.2,84,0,-40,0,0,76,ESCAPE,,1.31,0.65,1.38,0.06,0.44,0.04,0.07,
17.91,FLYING,WAIT,1,rotten,0.68,0.98,4.2,84,0,-26,0,0,76,ESCAPE,,1.22,0.63,1.10,0.04,0.31,0.06,0.00,
18.01,FLYING,WAIT,1,rotten,0.56,1.00,3.5,84,0,-16,0,0,76,ESCAPE,,0.98,0.89,0.96,0.02,0.21,0.00,0.00,
18.05,FLYING,WAIT,1,rotten,0.56,1.00,3.5,84,0,-10,0,0,76,ESCAPE,,0.86,1.02,0.89,0.01,0.15,0.03,0.03,
18.10,FLYING,WAIT,1,rotten,0.56,1.00,3.5,84,0,-7,0,0,76,ESCAPE,,0.70,1.16,0.98,0.01,0.10,0.13,0.13,
18.20,FLYING,WAIT,1,rotten,0.66,0.97,2.6,84,0,-4,0,0,76,ESCAPE,,0.61,1.88,1.09,0.52,0.07,0.50,0.50,
18.24,FLYING,WAIT,1,rotten,0.66,0.97,2.6,84,0,-3,0,0,76,ESCAPE,,0.68,2.24,1.17,0.55,0.87,0.28,0.28,
18.29,FLYING,WAIT,1,rotten,0.66,0.97,2.6,84,0,-1,0,0,76,ESCAPE,RIGHT,0.94,2.51,1.20,1.00,0.61,0.55,0.55,
18.39,FLYING,WAIT,1,rotten,0.21,0.95,2.2,84,0,-1,0,0,76,ESCAPE,RIGHT,1.10,2.50,1.22,1.00,0.43,0.63,0.63,
18.43,FLYING,WAIT,1,rotten,0.21,0.95,2.2,84,0,0,0,0,76,ESCAPE,RIGHT,1.25,1.69,0.91,0.99,0.44,0.23,0.23,HAND
18.48,FLYING,WAIT,1,rotten,0.21,0.95,2.2,84,0,0,0,0,76,ESCAPE,RIGHT,1.33,1.29,0.75,0.70,0.31,0.11,0.09,
18.57,FLYING,WAIT,1,rotten,0.48,0.91,1.9,84,0,0,0,0,76,ESCAPE,RIGHT,1.37,1.09,0.87,0.40,0.21,0.18,0.04,
18.62,FLYING,WAIT,1,rotten,0.48,0.91,1.9,84,0,0,0,0,76,ESCAPE,,1.26,0.72,0.93,0.22,0.15,0.15,0.00,
18.66,FLYING,WAIT,1,rotten,0.48,0.91,1.9,84,0,0,0,0,76,ESCAPE,,0.96,0.54,0.96,0.13,0.10,0.03,0.03,
18.76,FLYING,WAIT,1,rotten,0.39,0.77,1.6,84,0,0,0,0,76,ESCAPE,,0.82,0.63,1.12,0.07,0.44,0.00,0.00,
18.81,FLYING,WAIT,1,rotten,0.39,0.77,1.6,84,0,0,0,0,76,CRUISE,,0.75,0.68,1.19,0.04,0.31,0.00,0.04,
18.85,FLYING,WAIT,1,rotten,0.39,0.77,1.6,84,0,0,0,0,76,CRUISE,,0.95,0.52,1.00,0.02,0.21,0.00,0.00,
18.95,FLYING,WAIT,1,,,,,84,0,0,0,0,76,CRUISE,,1.05,0.44,0.91,0.01,0.44,0.00,0.00,
19.00,FLYING,WAIT,1,,,,,84,0,0,0,0,76,CRUISE,,1.10,0.59,0.86,0.01,0.31,0.00,0.00,
19.04,FLYING,WAIT,1,,,,,84,0,0,0,0,76,CRUISE,,1.18,0.86,0.94,0.00,0.87,0.00,0.00,
19.11,FLYING,WAIT,0,,,,,84,0,0,0,0,76,CRUISE,,1.98,0.99,2.07,0.26,0.61,0.29,0.33,
19.16,FLYING,WAIT,0,,,,,84,0,0,0,0,76,AVOID_LEFT,LEFT,2.38,1.06,2.63,0.67,0.44,0.57,0.70,
19.21,FLYING,WAIT,0,,,,,84,0,0,0,0,76,AVOID_LEFT,LEFT,1.76,1.18,1.90,0.65,0.87,0.04,0.11,
19.27,FLYING,WAIT,0,,,,,84,0,0,0,0,76,AVOID_LEFT,LEFT,1.45,1.24,1.53,0.37,0.61,0.02,0.06,
19.32,FLYING,WAIT,0,,,,,84,0,0,0,0,76,AVOID_LEFT,,1.29,1.27,1.08,0.21,0.44,0.03,0.02,
19.36,FLYING,WAIT,0,,,,,84,0,0,0,0,76,CRUISE,,1.35,1.56,0.90,0.38,0.31,0.23,0.23,
19.43,FLYING,WAIT,0,,,,,84,0,0,0,0,76,CRUISE,,1.15,1.42,0.72,0.44,0.21,0.20,0.20,
19.48,FLYING,WAIT,0,,,,,84,0,0,0,0,76,CRUISE,,0.71,1.04,0.49,0.25,0.15,0.05,0.05,
19.52,FLYING,WAIT,0,,,,,84,0,0,0,0,76,CRUISE,,0.49,0.81,0.30,0.14,0.10,0.00,0.00,
19.59,FLYING,WAIT,0,,,,,84,0,0,0,0,76,CRUISE,,0.46,0.57,0.20,0.08,0.07,0.00,0.00,
19.64,FLYING,WAIT,0,,,,,84,0,0,0,0,76,CRUISE,,0.45,0.43,0.19,0.04,0.05,0.00,0.00,
19.68,FLYING,WAIT,0,,,,,84,0,0,0,0,76,CRUISE,,0.51,0.34,0.19,0.02,0.04,0.00,0.00,
19.78,FLYING,WAIT,1,rotten,0.21,0.97,1.3,84,0,0,0,0,76,CRUISE,,0.47,0.29,0.19,0.01,0.03,0.00,0.00,
19.82,FLYING,WAIT,1,rotten,0.21,0.97,1.3,84,0,0,0,0,76,CRUISE,,0.70,0.31,0.21,0.01,0.02,0.00,0.00,
19.87,FLYING,WAIT,1,rotten,0.21,0.97,1.3,84,0,0,0,0,76,CRUISE,,0.95,0.42,0.27,0.00,0.01,0.07,0.00,
19.97,FLYING,WAIT,1,rotten,0.50,0.83,1.2,84,0,0,0,0,76,CRUISE,,1.07,0.53,0.28,0.00,0.01,0.13,0.00,
20.01,FLYING,WAIT,1,rotten,0.50,0.83,1.2,84,0,0,0,0,76,CRUISE,,1.01,0.59,0.32,0.00,0.01,0.10,0.00,
20.06,FLYING,WAIT,1,rotten,0.50,0.83,1.2,84,0,0,0,0,76,CRUISE,,0.98,0.63,0.34,0.00,0.00,0.09,0.00,
20.16,FLYING,WAIT,1,rotten,0.24,0.79,1.2,84,0,0,0,0,76,AVOID_RIGHT,,1.97,1.14,0.51,0.26,0.00,0.58,0.17,
20.21,FLYING,WAIT,1,rotten,0.24,0.79,1.2,84,0,0,0,0,76,AVOID_RIGHT,RIGHT,2.47,1.40,0.60,0.78,0.00,0.83,0.30,
20.25,FLYING,WAIT,1,rotten,0.24,0.79,1.2,84,0,0,0,0,76,AVOID_RIGHT,RIGHT,2.71,1.53,0.60,1.00,0.00,0.96,0.36,
20.35,FLYING,WAIT,1,rotten,0.32,0.98,1.2,84,0,0,0,0,76,AVOID_RIGHT,RIGHT,3.44,1.31,0.47,1.00,0.00,1.00,0.25,
20.40,FLYING,WAIT,1,rotten,0.32,0.98,1.2,84,0,0,0,0,76,AVOID_RIGHT,RIGHT,3.80,1.20,0.41,1.00,0.00,1.00,0.20,
20.45,FLYING,WAIT,1,rotten,0.32,0.98,1.2,84,0,0,0,0,76,AVOID_RIGHT,RIGHT,4.67,0.93,0.34,1.00,0.00,1.00,0.06,
20.55,FLYING,WAIT,1,rotten,0.36,0.94,1.3,84,0,0,0,0,76,AVOID_RIGHT,RIGHT,3.47,0.73,0.27,0.98,0.00,1.00,0.00,
20.60,FLYING,WAIT,1,rotten,0.36,0.94,1.3,84,0,0,0,0,76,AVOID_RIGHT,RIGHT,2.87,0.48,0.21,0.96,0.00,1.00,0.00,
20.64,FLYING,WAIT,1,rotten,0.36,0.94,1.3,84,0,0,0,0,76,ESCAPE,RIGHT,1.63,0.34,0.18,0.80,0.00,0.42,0.00,
20.74,FLYING,WAIT,1,rotten,0.28,0.66,1.3,84,0,0,0,0,76,ESCAPE,RIGHT,0.96,0.23,0.21,0.56,0.00,0.08,0.00,
20.79,FLYING,APPROACH,1,rotten,0.28,0.66,1.3,84,0,5,4,0,76,ESCAPE,RIGHT,0.63,0.18,0.23,0.32,0.00,0.00,0.00,
20.83,FLYING,APPROACH,1,rotten,0.28,0.66,1.3,84,0,8,6,0,76,ESCAPE,,0.46,0.15,0.27,0.18,0.00,0.00,0.00,
20.93,FLYING,APPROACH,1,rotten,0.39,0.88,1.3,84,0,10,8,0,76,ESCAPE,,0.48,0.27,0.29,0.10,0.00,0.00,0.00,
20.98,FLYING,APPROACH,1,rotten,0.39,0.88,1.3,84,0,12,9,0,76,ESCAPE,,0.49,0.32,0.30,0.06,0.00,0.00,0.00,
21.02,FLYING,APPROACH,1,rotten,0.39,0.88,1.3,84,0,13,9,0,76,ESCAPE,,0.51,0.35,0.30,0.03,0.00,0.00,0.00,
21.12,FLYING,APPROACH,1,rotten,0.40,0.93,1.3,84,0,13,9,0,76,ESCAPE,,0.68,0.47,0.33,0.02,0.00,0.00,0.00,
21.17,FLYING,APPROACH,1,rotten,0.40,0.93,1.3,84,0,14,9,0,76,ESCAPE,,0.77,0.53,0.41,0.01,0.00,0.00,0.00,
21.21,FLYING,APPROACH,1,rotten,0.40,0.93,1.3,84,0,14,9,0,76,ESCAPE,,0.81,0.56,0.45,0.01,0.00,0.00,0.00,
21.31,FLYING,APPROACH,1,rotten,0.60,0.88,1.3,84,0,14,6,0,76,ESCAPE,,0.91,0.72,0.47,0.00,0.00,0.00,0.00,
21.36,FLYING,APPROACH,1,rotten,0.60,0.88,1.3,84,0,14,4,0,76,ESCAPE,,0.97,0.81,0.45,0.00,0.00,0.02,0.00,
21.40,FLYING,APPROACH,1,rotten,0.60,0.88,1.3,84,0,14,2,0,76,ESCAPE,,0.99,0.85,0.40,0.00,0.00,0.04,0.00,
21.50,FLYING,APPROACH,1,rotten,0.32,0.95,1.4,84,0,14,1,0,76,ESCAPE,,0.90,0.81,0.37,0.00,0.00,0.00,0.00,
21.55,FLYING,APPROACH,1,rotten,0.32,0.95,1.4,84,0,14,1,0,76,ESCAPE,,0.69,0.66,0.32,0.00,0.00,0.00,0.00,
21.59,FLYING,APPROACH,1,rotten,0.32,0.95,1.4,84,0,14,0,0,76,ESCAPE,,0.59,0.53,0.30,0.00,0.00,0.00,0.00,
21.69,FLYING,APPROACH,1,rotten,0.29,0.96,1.4,84,0,14,0,0,76,ESCAPE,,0.49,0.42,0.25,0.00,0.00,0.00,0.00,
21.74,FLYING,APPROACH,1,rotten,0.29,0.96,1.4,84,0,14,0,0,76,ESCAPE,,0.43,0.34,0.21,0.00,0.00,0.00,0.00,
21.79,FLYING,APPROACH,1,rotten,0.29,0.96,1.4,84,0,14,0,0,76,ESCAPE,,0.40,0.30,0.19,0.00,0.00,0.00,0.00,
21.88,FLYING,APPROACH,1,rotten,0.47,0.83,1.5,84,0,14,0,0,76,ESCAPE,,0.49,0.41,0.33,0.00,0.00,0.00,0.00,
21.93,FLYING,APPROACH,1,rotten,0.47,0.83,1.5,84,0,14,0,0,76,ESCAPE,,0.54,0.46,0.40,0.00,0.00,0.00,0.00,
21.98,FLYING,APPROACH,1,rotten,0.47,0.83,1.5,84,0,14,0,0,76,ESCAPE,,0.56,0.54,0.47,0.00,0.00,0.00,0.00,
22.07,FLYING,APPROACH,1,rotten,0.48,0.97,1.5,84,-2,14,3,0,76,ESCAPE,,0.62,0.67,0.47,0.00,0.00,0.00,0.00,
22.12,FLYING,APPROACH,1,rotten,0.48,0.97,1.5,84,-4,14,4,0,76,ESCAPE,,0.64,0.74,0.48,0.00,0.00,0.00,0.00,
22.17,FLYING,APPROACH,1,rotten,0.48,0.97,1.5,84,-5,14,6,0,76,ESCAPE,,0.66,0.77,0.48,0.00,0.00,0.00,0.00,
22.23,FLYING,APPROACH,0,,,,,84,-3,9,4,0,76,ESCAPE,,0.91,1.16,0.44,0.00,0.00,0.12,0.12,
22.28,FLYING,APPROACH,0,,,,,84,-2,6,2,0,76,ESCAPE,,1.03,1.35,0.42,0.00,0.00,0.24,0.24,
22.33,FLYING,APPROACH,0,,,,,84,-1,4,1,0,76,ESCAPE,,1.13,1.45,0.41,0.30,0.00,0.30,0.30,
22.42,FLYING,APPROACH,1,rotten,0.49,0.96,1.6,84,-3,7,5,0,76,ESCAPE,,1.22,1.27,0.36,0.39,0.00,0.22,0.22,
22.47,FLYING,APPROACH,1,rotten,0.49,0.96,1.6,84,-5,10,7,0,76,ESCAPE,,1.27,1.18,0.32,0.37,0.00,0.20,0.16,
22.52,FLYING,APPROACH,1,rotten,0.49,0.96,1.6,84,-6,12,8,0,76,CRUISE,,1.29,0.96,0.24,0.27,0.00,0.20,0.04,
22.62,FLYING,APPROACH,1,rotten,0.27,0.96,1.6,84,-7,13,9,0,76,CRUISE,,1.01,0.69,0.20,0.15,0.00,0.05,0.00,
22.66,FLYING,APPROACH,1,rotten,0.27,0.96,1.6,84,-7,13,10,0,76,CRUISE,,0.79,0.55,0.18,0.09,0.00,0.00,0.00,
22.71,FLYING,APPROACH,1,rotten,0.27,0.96,1.6,84,-8,14,11,0,76,CRUISE,,0.68,0.46,0.18,0.05,0.00,0.00,0.00,
22.81,FLYING,APPROACH,1,rotten,0.33,0.87,1.7,84,-8,14,11,0,76,CRUISE,,0.67,0.36,0.30,0.03,0.00,0.00,0.00,
22.85,FLYING,APPROACH,1,rotten,0.33,0.87,1.7,84,-8,14,11,0,76,CRUISE,,0.67,0.32,0.36,0.02,0.00,0.00,0.00,
22.90,FLYING,APPROACH,1,rotten,0.33,0.87,1.7,84,-8,14,11,0,76,CRUISE,,0.62,0.29,0.35,0.01,0.00,0.00,0.00,
23.00,FLYING,APPROACH,1,rotten,0.38,0.94,1.8,84,-8,14,11,0,76,CRUISE,,0.60,0.51,0.34,0.00,0.44,0.00,0.00,
23.04,FLYING,APPROACH,1,rotten,0.38,0.94,1.8,84,-8,14,11,0,76,CRUISE,,0.59,0.62,0.34,0.00,0.44,0.00,0.00,
23.09,FLYING,APPROACH,1,rotten,0.38,0.94,1.8,84,-9,14,11,0,76,CRUISE,,1.00,0.72,0.80,0.00,0.31,0.00,0.00,
23.16,FLYING,APPROACH,0,,,,,84,-5,9,7,0,76,CRUISE,,0.83,0.75,0.60,0.00,0.21,0.00,0.00,
23.20,FLYING,APPROACH,0,,,,,84,-3,6,4,0,76,CRUISE,,0.74,0.77,0.51,0.00,0.15,0.00,0.00,
23.25,FLYING,APPROACH,0,,,,,84,-2,4,3,0,76,CRUISE,,0.58,0.66,0.40,0.00,0.10,0.00,0.00,
23.35,FLYING,APPROACH,1,rotten,0.30,0.75,2.0,84,-5,7,5,0,76,CRUISE,,0.50,0.60,0.34,0.00,0.07,0.00,0.00,
23.39,FLYING,APPROACH,1,rotten,0.30,0.75,2.0,84,-6,10,7,0,76,CRUISE,,0.50,0.65,0.35,0.00,0.05,0.00,0.00,
23.44,FLYING,APPROACH,1,rotten,0.30,0.75,2.0,84,-7,12,8,0,76,CRUISE,,0.53,0.73,0.40,0.00,0.04,0.00,0.00,
23.54,FLYING,APPROACH,1,,,,,84,-5,7,5,0,76,CRUISE,,0.54,0.90,0.38,0.00,0.03,0.00,0.00,
23.59,FLYING,APPROACH,1,,,,,84,-3,5,3,0,76,CRUISE,,0.54,0.98,0.33,0.00,0.02,0.05,0.05,
23.64,FLYING,APPROACH,1,,,,,84,-2,3,2,0,76,CRUISE,,0.54,1.02,0.30,0.00,0.01,0.09,0.09,
23.73,FLYING,APPROACH,1,rotten,0.33,0.99,2.1,84,-4,7,1,0,76,CRUISE,,0.72,1.09,0.28,0.00,0.01,0.13,0.13,
23.78,FLYING,APPROACH,1,rotten,0.33,0.99,2.1,84,-6,10,0,0,76,CRUISE,,0.82,1.12,0.27,0.00,0.01,0.13,0.13,
23.83,FLYING,APPROACH,1,rotten,0.33,0.99,2.1,84,-7,11,0,0,76,CRUISE,,0.87,1.13,0.26,0.00,0.00,0.12,0.12,
23.92,FLYING,APPROACH,1,rotten,0.38,0.96,2.4,84,-8,12,0,0,76,CRUISE,,1.04,1.07,0.27,0.00,0.00,0.09,0.09,
23.97,FLYING,APPROACH,1,rotten,0.38,0.96,2.4,84,-9,13,0,0,76,CRUISE,,1.13,1.04,0.27,0.00,0.00,0.12,0.07,
24.02,FLYING,APPROACH,1,rotten,0.38,0.96,2.4,84,-9,14,0,0,76,CRUISE,,1.18,1.03,0.24,0.00,0.00,0.13,0.06,
24.12,FLYING,APPROACH,1,rotten,0.44,0.97,2.5,84,-9,14,0,0,76,CRUISE,,1.02,0.86,0.23,0.00,0.00,0.05,0.00,
24.16,FLYING,APPROACH,1,rotten,0.44,0.97,2.5,84,-9,14,0,0,76,CRUISE,,0.94,0.71,0.22,0.00,0.00,0.01,0.00,
24.21,FLYING,APPROACH,1,rotten,0.44,0.97,2.5,84,-10,14,0,0,76,CRUISE,,0.90,0.61,0.20,0.00,0.00,0.00,0.00,
24.31,FLYING,APPROACH,1,rotten,0.67,0.98,2.5,84,-10,14,0,0,76,CRUISE,,0.75,0.50,0.19,0.00,0.00,0.00,0.00,
24.35,FLYING,APPROACH,1,rotten,0.67,0.98,2.5,84,-10,14,0,0,76,CRUISE,,0.62,0.44,0.15,0.00,0.00,0.00,0.00,
24.40,FLYING,APPROACH,1,rotten,0.67,0.98,2.5,84,-10,14,0,0,76,CRUISE,,0.55,0.42,0.18,0.00,0.00,0.00,0.00,
24.50,FLYING,APPROACH,1,rotten,0.40,0.98,2.7,84,-10,14,0,0,76,CRUISE,,0.54,0.49,0.30,0.00,0.44,0.00,0.00,
24.54,FLYING,APPROACH,1,rotten,0.40,0.98,2.7,84,-10,14,0,0,76,CRUISE,,0.53,0.52,0.53,0.00,0.31,0.00,0.00,
24.59,FLYING,APPROACH,1,rotten,0.40,0.98,2.7,84,-10,14,0,0,76,CRUISE,,0.53,0.58,0.64,0.00,0.21,0.00,0.00,
24.69,FLYING,APPROACH,1,rotten,0.53,0.98,2.8,84,-9,14,0,0,76,CRUISE,,1.15,1.10,0.70,0.00,0.44,0.00,0.00,
24.73,FLYING,APPROACH,1,rotten,0.53,0.98,2.8,84,-9,14,0,0,76,CRUISE,,1.46,1.37,0.57,0.00,0.31,0.12,0.07,
24.78,FLYING,APPROACH,1,rotten,0.53,0.98,2.8,84,-9,14,0,0,76,CRUISE,,1.55,1.24,0.51,0.00,0.21,0.21,0.05,
24.88,FLYING,APPROACH,1,rotten,0.58,1.00,3.0,84,-9,14,0,0,76,CRUISE,,1.44,1.05,0.45,0.00,0.15,0.19,0.00,
24.92,FLYING,APPROACH,1,rotten,0.58,1.00,3.0,84,-9,14,0,0,76,CRUISE,,1.35,0.87,0.42,0.00,0.44,0.00,0.00,
24.97,FLYING,APPROACH,1,rotten,0.58,1.00,3.0,84,-8,14,0,0,76,CRUISE,,1.31,0.78,0.31,0.00,0.44,0.00,0.00,
25.07,FLYING,APPROACH,1,rotten,0.57,0.99,3.3,84,-8,14,0,0,76,CRUISE,,1.67,0.95,0.43,0.00,0.31,0.23,0.00,
25.11,FLYING,APPROACH,1,rotten,0.57,0.99,3.3,84,-8,14,0,0,76,CRUISE,,1.86,1.04,0.31,0.26,0.21,0.36,0.00,
25.16,FLYING,APPROACH,1,rotten,0.57,0.99,3.3,84,-8,13,0,0,76,AVOID_RIGHT,,2.08,1.18,0.38,0.44,0.15,0.51,0.06,
25.26,FLYING,APPROACH,1,rotten,0.27,0.97,3.4,84,-5,13,0,0,76,AVOID_RIGHT,,1.94,1.13,0.38,0.40,0.10,0.46,0.06,
25.31,FLYING,APPROACH,1,rotten,0.27,0.97,3.4,84,-3,13,0,0,76,AVOID_RIGHT,,1.87,1.10,0.39,0.48,0.07,0.44,0.06,
25.35,FLYING,APPROACH,1,rotten,0.27,0.97,3.4,84,-2,13,0,0,76,AVOID_RIGHT,,1.80,1.08,0.36,0.42,0.05,0.42,0.06,
25.45,FLYING,APPROACH,1,rotten,0.54,0.98,4.4,84,-1,12,0,0,76,AVOID_RIGHT,,1.40,1.05,0.35,0.39,0.04,0.23,0.05,
25.50,FLYING,APPROACH,1,rotten,0.54,0.98,4.4,84,0,11,0,0,76,AVOID_RIGHT,,1.20,1.04,0.55,0.29,0.03,0.14,0.06,
25.55,FLYING,APPROACH,1,rotten,0.54,0.98,4.4,84,0,10,0,0,76,AVOID_RIGHT,,1.10,1.03,0.69,0.16,0.02,0.10,0.06,
25.68,FLYING,APPROACH,1,rotten,0.82,0.99,4.3,84,0,10,0,0,76,AVOID_RIGHT,,0.94,0.89,0.72,0.09,0.01,0.02,0.00,
25.72,FLYING,APPROACH,1,rotten,0.82,0.99,4.3,84,0,10,0,0,76,CRUISE,,0.74,0.79,0.58,0.05,0.01,0.00,0.00,
25.77,FLYING,APPROACH,1,rotten,0.82,0.99,4.3,84,0,9,0,0,76,CRUISE,,0.63,0.72,0.51,0.03,0.01,0.00,0.00,
25.87,FLYING,APPROACH,1,rotten,0.77,0.99,4.5,84,0,9,0,0,76,CRUISE,,0.51,0.51,0.44,0.02,0.00,0.00,0.00,
25.92,FLYING,APPROACH,1,rotten,0.77,0.99,4.5,84,0,9,0,0,76,CRUISE,,0.44,0.35,0.34,0.01,0.00,0.00,0.00,
25.96,FLYING,APPROACH,1,rotten,0.77,0.99,4.5,84,0,9,0,0,76,CRUISE,,0.41,0.27,0.28,0.01,0.00,0.00,0.00,
26.06,FLYING,APPROACH,1,rotten,0.72,0.99,4.7,84,0,8,0,0,76,CRUISE,,0.35,0.28,0.24,0.00,0.00,0.00,0.00,
26.11,FLYING,APPROACH,1,rotten,0.72,0.99,4.7,84,0,8,0,0,76,CRUISE,,0.32,0.28,0.21,0.00,0.00,0.00,0.00,
26.15,FLYING,APPROACH,1,rotten,0.72,0.99,4.7,84,0,8,0,0,76,CRUISE,,0.31,0.28,0.24,0.00,0.00,0.00,0.00,
26.28,FLYING,FEED,2,rotten,0.39,0.91,8.1,84,0,5,0,0,76,CRUISE,,0.29,0.27,0.20,0.00,0.00,0.00,0.00,
26.33,FLYING,FEED,2,rotten,0.39,0.91,8.1,83,0,3,0,0,76,CRUISE,,0.27,0.26,0.19,0.00,0.00,0.00,0.00,
26.38,FLYING,FEED,2,rotten,0.39,0.91,8.1,83,0,2,0,0,76,CRUISE,,0.27,0.26,0.18,0.00,0.00,0.00,0.00,
26.47,FLYING,FEED,1,rotten,0.73,0.97,5.5,82,0,1,0,0,76,CRUISE,,0.20,0.23,0.18,0.00,0.00,0.00,0.00,
26.52,FLYING,FEED,1,rotten,0.73,0.97,5.5,82,0,0,0,0,76,CRUISE,,0.16,0.24,0.18,0.00,0.00,0.00,0.00,
26.57,FLYING,FEED,1,rotten,0.73,0.97,5.5,82,0,0,0,0,76,CRUISE,,0.14,0.24,0.18,0.00,0.00,0.00,0.00,
26.66,FLYING,FEED,1,rotten,0.61,0.99,5.5,81,0,0,0,0,76,CRUISE,,0.17,0.30,0.31,0.00,0.00,0.00,0.00,
26.71,FLYING,FEED,1,rotten,0.61,0.99,5.5,81,0,0,0,0,76,CRUISE,,0.21,0.35,0.39,0.00,0.00,0.00,0.00,
26.76,FLYING,FEED,1,rotten,0.61,0.99,5.5,81,0,0,0,0,76,CRUISE,,0.23,0.38,0.42,0.00,0.00,0.00,0.00,
26.85,FLYING,FEED,1,rotten,0.71,1.00,5.3,80,0,0,0,0,76,CRUISE,,0.42,0.67,0.76,0.00,0.00,0.00,0.00,
26.90,FLYING,FEED,1,rotten,0.71,1.00,5.3,80,0,0,0,0,76,CRUISE,,0.51,0.81,0.93,0.00,0.00,0.01,0.06,
26.95,FLYING,FEED,1,rotten,0.71,1.00,5.3,80,0,0,0,0,76,CRUISE,,0.56,0.88,1.01,0.00,0.00,0.04,0.11,
27.04,FLYING,FEED,1,rotten,0.56,0.99,4.7,79,0,0,0,0,76,CRUISE,,0.60,0.94,0.93,0.00,0.00,0.07,0.07,
27.09,FLYING,FEED,1,rotten,0.56,0.99,4.7,79,0,0,0,0,76,CRUISE,,0.61,0.97,0.89,0.00,0.00,0.09,0.09,
27.14,FLYING,FEED,1,rotten,0.56,0.99,4.7,78,0,0,0,0,76,CRUISE,,0.54,0.80,0.66,0.00,0.00,0.00,0.00,
27.22,FLYING,FEED,0,,,,,78,0,0,0,0,76,CRUISE,,0.44,0.61,0.50,0.00,0.00,0.00,0.00,
27.26,FLYING,FEED,0,,,,,78,0,0,0,0,76,CRUISE,,0.39,0.48,0.46,0.00,0.00,0.00,0.00,
27.31,FLYING,FEED,0,,,,,78,0,0,0,0,76,CRUISE,,0.56,0.42,0.55,0.00,0.00,0.00,0.00,
27.41,FLYING,FEED,1,rotten,0.79,0.99,4.4,78,0,0,0,0,76,CRUISE,,0.80,0.41,0.70,0.00,0.00,0.00,0.00,
27.45,FLYING,FEED,1,rotten,0.79,0.99,4.4,78,0,0,0,0,76,CRUISE,,0.97,0.41,0.77,0.00,0.44,0.00,0.00,
27.50,FLYING,FEED,1,rotten,0.79,0.99,4.4,77,0,0,0,0,76,CRUISE,,1.08,0.41,0.80,0.00,0.44,0.00,0.00,
27.60,FLYING,FEED,1,rotten,0.74,0.97,5.2,77,0,0,0,0,76,CRUISE,,1.96,1.22,0.97,0.15,0.31,0.43,0.06,
27.64,FLYING,FEED,1,rotten,0.74,0.97,5.2,76,0,0,0,0,76,AVOID_RIGHT,,2.41,1.63,1.06,0.34,0.44,0.58,0.20,
27.69,FLYING,SCARED,1,rotten,0.74,0.97,5.2,76,0,-40,0,0,76,AVOID_RIGHT,RIGHT,2.63,2.03,1.25,0.71,0.44,0.69,0.40,
27.79,FLYING,SCARED,1,rotten,0.65,0.94,5.5,76,0,-40,0,0,76,ESCAPE,RIGHT,3.48,2.81,1.45,1.00,0.31,1.00,0.85,
27.84,FLYING,SCARED,1,rotten,0.65,0.94,5.5,76,0,-40,0,0,76,ESCAPE,RIGHT,3.91,3.20,1.55,1.00,0.21,1.00,1.00,
27.89,FLYING,SCARED,1,rotten,0.65,0.94,5.5,76,0,-40,0,0,76,ESCAPE,RIGHT,2.60,2.35,1.15,1.00,0.15,0.82,0.70,
27.99,FLYING,SCARED,1,rotten,0.56,0.99,4.8,76,0,-40,0,0,76,ESCAPE,RIGHT,1.70,1.64,0.95,1.00,0.10,0.40,0.37,
28.04,FLYING,SCARED,1,rotten,0.56,0.99,4.8,76,0,-40,0,0,76,ESCAPE,RIGHT,1.29,0.94,0.85,1.00,0.07,0.21,0.03,
28.08,FLYING,SCARED,1,rotten,0.56,0.99,4.8,76,0,-40,0,0,76,ESCAPE,RIGHT,1.08,0.58,0.80,0.65,0.44,0.00,0.00,
28.18,FLYING,SCARED,1,rotten,0.40,0.94,5.1,76,0,-40,0,0,76,ESCAPE,RIGHT,1.28,0.96,0.80,0.36,0.31,0.09,0.00,
28.23,FLYING,SCARED,1,rotten,0.40,0.94,5.1,76,0,-40,0,0,76,ESCAPE,,1.38,1.15,0.80,0.20,0.44,0.07,0.00,
28.27,FLYING,SCARED,1,rotten,0.40,0.94,5.1,76,0,-40,0,0,76,ESCAPE,,1.60,1.09,0.67,0.12,0.31,0.25,0.00,
28.37,FLYING,SCARED,1,rotten,0.70,0.98,4.3,76,0,-40,0,0,76,ESCAPE,,1.25,0.94,0.60,0.06,0.44,0.01,0.00,
28.42,FLYING,SCARED,1,rotten,0.70,0.98,4.3,76,0,-40,0,0,76,ESCAPE,,1.07,0.87,0.57,0.04,0.44,0.00,0.00,
28.47,FLYING,SCARED,1,rotten,0.70,0.98,4.3,76,0,-40,0,0,76,ESCAPE,,0.99,0.83,0.70,0.02,0.31,0.00,0.00,
28.57,FLYING,SCARED,1,rotten,0.22,0.94,3.0,76,0,-40,0,0,76,ESCAPE,,1.66,1.35,1.11,0.16,0.21,0.32,0.17,
28.61,FLYING,SCARED,1,rotten,0.22,0.94,3.0,76,0,-40,0,0,76,ESCAPE,,2.00,1.61,1.32,0.50,0.15,0.52,0.33,
28.66,FLYING,SCARED,1,rotten,0.22,0.94,3.0,76,0,-40,0,0,76,ESCAPE,RIGHT,2.44,2.02,1.42,0.95,0.10,0.77,0.56,
28.76,FLYING,WAIT,1,rotten,0.38,1.00,3.2,76,0,-26,0,0,76,ESCAPE,RIGHT,1.84,1.97,1.17,1.00,0.07,0.55,0.55,
28.81,FLYING,WAIT,1,rotten,0.38,1.00,3.2,76,0,-16,0,0,76,ESCAPE,RIGHT,1.22,1.94,1.04,1.00,0.05,0.55,0.55,
28.86,FLYING,WAIT,1,rotten,0.38,1.00,3.2,76,0,-10,0,0,76,ESCAPE,RIGHT,0.91,1.93,0.98,1.00,0.04,0.55,0.55,
28.96,FLYING,WAIT,1,rotten,0.44,1.00,2.5,76,0,-7,0,0,76,ESCAPE,RIGHT,2.02,2.37,0.78,1.00,0.03,0.77,0.77,
29.01,FLYING,WAIT,1,rotten,0.44,1.00,2.5,76,0,-4,0,0,76,ESCAPE,RIGHT,2.58,2.60,0.69,1.00,0.44,0.68,0.68,
29.06,FLYING,WAIT,1,rotten,0.44,1.00,2.5,76,0,-3,0,0,76,ESCAPE,RIGHT,2.86,2.71,0.65,1.00,0.31,0.88,0.80,
29.16,FLYING,WAIT,1,rotten,0.47,0.98,2.1,76,0,-1,0,0,76,ESCAPE,RIGHT,2.58,2.28,0.63,1.00,0.21,0.78,0.63,
29.21,FLYING,WAIT,1,rotten,0.47,0.98,2.1,76,0,-1,0,0,76,ESCAPE,RIGHT,1.89,2.25,0.80,1.00,0.44,0.51,0.51,
29.25,FLYING,WAIT,1,rotten,0.47,0.98,2.1,76,0,0,0,0,76,ESCAPE,RIGHT,1.54,2.23,0.89,1.00,0.31,0.56,0.56,
29.35,FLYING,WAIT,1,rotten,0.27,0.97,1.5,76,0,0,0,0,76,ESCAPE,RIGHT,1.37,2.23,0.93,1.00,0.21,0.61,0.61,
29.40,FLYING,WAIT,1,rotten,0.27,0.97,1.5,76,0,0,0,0,76,ESCAPE,RIGHT,1.19,2.00,0.78,1.00,0.44,0.38,0.38,
29.45,FLYING,WAIT,1,rotten,0.27,0.97,1.5,76,0,0,0,0,76,ESCAPE,RIGHT,1.11,1.88,0.70,1.00,0.31,0.39,0.39,
29.52,FLYING,WAIT,0,,,,,76,0,0,0,0,76,ESCAPE,RIGHT,0.97,1.77,0.66,1.00,0.21,0.38,0.38,
29.56,FLYING,WAIT,0,,,,,76,0,0,0,0,76,ESCAPE,RIGHT,1.01,1.55,0.56,0.79,0.15,0.30,0.30,
29.61,FLYING,WAIT,0,,,,,76,0,0,0,0,76,ESCAPE,RIGHT,1.03,1.29,0.51,0.56,0.44,0.02,0.02,
29.68,FLYING,WAIT,0,,,,,76,0,0,0,0,76,AVOID_LEFT,RIGHT,1.40,0.72,0.51,0.31,0.31,0.15,0.00,
29.73,FLYING,WAIT,0,,,,,76,0,0,0,0,76,CRUISE,RIGHT,2.06,0.43,0.51,0.39,0.21,0.52,0.00,
29.77,FLYING,WAIT,0,,,,,76,0,0,0,0,76,AVOID_RIGHT,RIGHT,3.05,0.38,0.38,0.63,0.15,1.00,0.00,
29.84,FLYING,WAIT,0,,,,,76,0,0,0,0,76,AVOID_RIGHT,RIGHT,3.54,0.35,0.30,0.77,0.10,1.00,0.00,
29.89,FLYING,WAIT,0,,,,,76,0,0,0,0,76,AVOID_RIGHT,RIGHT,3.55,0.34,0.26,0.84,1.31,0.72,0.00,
29.94,FLYING,WAIT,0,,,,,76,0,0,0,0,76,AVOID_RIGHT,RIGHT,3.55,1.48,0.73,0.85,0.92,0.91,0.00,
30.04,FLYING,WAIT,1,rotten,0.20,0.74,0.9,76,0,0,0,0,76,AVOID_RIGHT,RIGHT,4.16,2.05,0.96,1.00,0.64,1.00,0.30,
30.08,FLYING,WAIT,1,rotten,0.20,0.74,0.9,76,0,0,0,0,76,AVOID_RIGHT,RIGHT,4.47,1.37,0.71,1.00,0.45,1.00,0.06,
30.13,FLYING,WAIT,1,rotten,0.20,0.74,0.9,76,0,0,0,0,76,AVOID_RIGHT,RIGHT,4.62,0.81,0.59,0.95,0.31,1.00,0.00,
30.23,FLYING,WAIT,1,,,,,76,0,0,0,0,76,AVOID_RIGHT,RIGHT,3.60,0.53,0.66,0.94,0.44,1.00,0.00,
30.28,FLYING,WAIT,1,,,,,76,0,0,0,0,76,AVOID_RIGHT,RIGHT,2.16,0.55,0.70,0.85,0.31,0.52,0.00,
30.33,FLYING,WAIT,1,,,,,76,0,0,0,0,76,AVOID_RIGHT,RIGHT,1.43,0.56,0.58,0.59,0.21,0.21,0.00,
30.39,FLYING,WAIT,0,,,,,76,0,0,0,0,76,AVOID_RIGHT,RIGHT,1.19,0.41,0.37,0.44,0.15,0.12,0.00,
30.44,FLYING,WAIT,0,,,,,76,0,0,0,0,76,AVOID_RIGHT,,1.06,0.34,0.26,0.25,0.44,0.00,0.00,
30.49,FLYING,WAIT,0,,,,,76,0,0,0,0,76,AVOID_RIGHT,,1.00,0.76,0.64,0.14,0.31,0.00,0.00,
30.58,FLYING,WAIT,1,,,,,76,0,0,0,0,76,CRUISE,,0.85,0.98,0.82,0.08,0.21,0.00,0.00,
30.63,FLYING,WAIT,1,,,,,76,0,0,0,0,76,CRUISE,,0.57,0.63,0.58,0.04,0.15,0.00,0.00,
30.68,FLYING,WAIT,1,,,,,76,0,0,0,0,76,CRUISE,,0.43,0.45,0.37,0.03,0.10,0.00,0.00,
30.76,FLYING,WAIT,1,rotten,0.31,0.98,0.9,76,0,0,0,0,76,CRUISE,,0.37,0.38,0.26,0.01,0.07,0.00,0.00,HAND
30.81,FLYING,WAIT,1,rotten,0.31,0.98,0.9,76,0,0,0,0,76,CRUISE,,0.34,0.35,0.21,0.01,0.05,0.00,0.00,
30.86,FLYING,WAIT,1,rotten,0.31,0.98,0.9,76,0,0,0,0,76,CRUISE,,0.34,0.35,0.18,0.00,0.04,0.00,0.00,
30.95,FLYING,WAIT,1,,,,,76,0,0,0,0,76,CRUISE,,0.29,0.30,0.18,0.00,0.03,0.00,0.00,
31.00,FLYING,WAIT,1,,,,,76,0,0,0,0,76,CRUISE,,0.30,0.28,0.18,0.00,0.02,0.00,0.00,
31.05,FLYING,WAIT,1,,,,,76,0,0,0,0,76,CRUISE,,0.30,0.26,0.18,0.00,0.01,0.00,0.00,
31.14,FLYING,WAIT,1,rotten,0.28,0.98,0.9,76,0,0,0,0,76,CRUISE,,0.35,0.22,0.20,0.00,0.01,0.00,0.00,
31.19,FLYING,WAIT,1,rotten,0.28,0.98,0.9,76,0,0,0,0,76,CRUISE,,0.37,0.20,0.21,0.00,0.01,0.00,0.00,
31.24,FLYING,WAIT,1,rotten,0.28,0.98,0.9,76,0,0,0,0,76,CRUISE,,0.43,0.19,0.22,0.00,0.00,0.00,0.00,
31.33,FLYING,WAIT,1,rotten,0.42,0.97,0.9,76,0,0,0,0,76,CRUISE,,0.41,0.18,0.19,0.00,0.00,0.00,0.00,
31.38,FLYING,WAIT,1,rotten,0.42,0.97,0.9,76,0,0,0,0,76,CRUISE,,0.36,0.17,0.18,0.00,0.00,0.00,0.00,
31.43,FLYING,WAIT,1,rotten,0.42,0.97,0.9,76,0,0,0,0,76,CRUISE,,0.34,0.17,0.17,0.00,0.00,0.00,0.00,
31.53,FLYING,WAIT,1,rotten,0.23,0.85,0.9,76,0,0,0,0,76,CRUISE,,0.65,0.14,0.16,0.00,0.00,0.00,0.00,
31.57,FLYING,WAIT,1,rotten,0.23,0.85,0.9,76,0,0,0,0,76,CRUISE,,0.80,0.13,0.16,0.00,0.00,0.00,0.00,
31.62,FLYING,WAIT,1,rotten,0.23,0.85,0.9,76,0,0,0,0,76,CRUISE,,0.62,0.12,0.15,0.00,0.00,0.00,0.00,
31.72,FLYING,WAIT,1,rotten,0.32,0.78,0.9,76,0,0,0,0,76,CRUISE,,0.53,0.13,0.19,0.00,0.00,0.00,0.00,
31.76,FLYING,WAIT,1,rotten,0.32,0.78,0.9,76,0,0,0,0,76,CRUISE,,0.48,0.14,0.21,0.00,0.00,0.00,0.00,
31.81,FLYING,APPROACH,1,rotten,0.32,0.78,0.9,76,0,5,2,0,76,CRUISE,,0.44,0.15,0.20,0.00,0.00,0.00,0.00,
31.91,FLYING,APPROACH,1,rotten,0.37,0.85,0.9,76,0,8,4,0,76,CRUISE,,0.36,0.26,0.19,0.00,0.00,0.00,0.00,
31.95,FLYING,APPROACH,1,rotten,0.37,0.85,0.9,76,0,10,6,0,76,CRUISE,,0.38,0.32,0.20,0.00,0.00,0.00,0.00,
32.00,FLYING,APPROACH,1,rotten,0.37,0.85,0.9,76,0,12,6,0,76,CRUISE,,0.41,0.37,0.27,0.00,0.00,0.00,0.00,
32.10,FLYING,APPROACH,1,rotten,0.33,0.92,0.9,76,0,13,7,0,76,CRUISE,,0.43,0.45,0.32,0.00,0.00,0.00,0.00,
32.15,FLYING,APPROACH,1,rotten,0.33,0.92,0.9,76,0,13,8,0,76,CRUISE,,0.40,0.51,0.35,0.00,0.00,0.00,0.00,
32.20,FLYING,APPROACH,1,rotten,0.33,0.92,0.9,76,0,14,8,0,76,CRUISE,,0.38,0.57,0.36,0.00,0.00,0.00,0.00,
32.26,FLYING,APPROACH,0,,,,,76,0,9,5,0,76,CRUISE,,0.42,0.65,0.38,0.00,0.00,0.00,0.00,
32.31,FLYING,APPROACH,0,,,,,76,0,6,3,0,76,CRUISE,,0.44,0.74,0.39,0.00,0.00,0.00,0.00,
32.36,FLYING,APPROACH,0,,,,,76,0,3,2,0,76,CRUISE,,0.45,0.78,0.40,0.00,0.00,0.00,0.00,
32.42,FLYING,APPROACH,0,,,,,76,0,2,1,0,76,CRUISE,,0.54,0.80,0.39,0.00,0.00,0.00,0.00,
32.47,FLYING,APPROACH,0,,,,,76,0,1,0,0,76,CRUISE,,0.59,0.75,0.39,0.00,0.00,0.00,0.00,
32.52,FLYING,APPROACH,0,,,,,76,0,1,0,0,76,CRUISE,,0.50,0.64,0.34,0.00,0.00,0.00,0.00,
32.61,FLYING,APPROACH,1,rotten,0.40,0.86,0.9,76,0,5,4,0,76,CRUISE,,0.44,0.58,0.27,0.00,0.00,0.00,0.00,
32.66,FLYING,APPROACH,1,rotten,0.40,0.86,0.9,76,0,9,6,0,76,CRUISE,,0.40,0.51,0.20,0.00,0.00,0.00,0.00,
32.70,FLYING,APPROACH,1,rotten,0.40,0.86,0.9,76,0,11,8,0,76,CRUISE,,0.38,0.47,0.17,0.00,0.00,0.00,0.00,
32.80,FLYING,APPROACH,1,rotten,0.22,0.90,0.9,76,0,12,9,0,76,CRUISE,,0.32,0.41,0.15,0.00,0.00,0.00,0.00,
32.85,FLYING,APPROACH,1,rotten,0.22,0.90,0.9,76,0,13,10,0,76,CRUISE,,0.29,0.38,0.12,0.00,0.00,0.00,0.00,
32.90,FLYING,APPROACH,1,rotten,0.22,0.90,0.9,76,0,13,10,0,76,CRUISE,,0.27,0.36,0.10,0.00,0.00,0.00,0.00,
32.96,FLYING,APPROACH,0,,,,,76,0,9,7,0,76,CRUISE,,0.37,0.48,0.19,0.00,0.00,0.00,0.00,
33.01,FLYING,APPROACH,0,,,,,76,0,5,4,0,76,CRUISE,,0.42,0.54,0.23,0.00,0.00,0.00,0.00,
33.06,FLYING,APPROACH,0,,,,,76,0,3,3,0,76,CRUISE,,0.43,0.46,0.19,0.00,0.00,0.00,0.00,
33.12,FLYING,APPROACH,0,,,,,76,0,2,1,0,76,CRUISE,,0.41,0.42,0.17,0.00,0.00,0.00,0.00,
33.17,FLYING,APPROACH,0,,,,,76,0,1,1,0,76,CRUISE,,0.38,0.39,0.19,0.00,0.00,0.00,0.00,
33.22,FLYING,APPROACH,0,,,,,76,0,1,0,0,76,CRUISE,,0.37,0.30,0.20,0.00,0.00,0.00,0.00,
33.28,FLYING,APPROACH,0,,,,,76,0,0,0,0,76,CRUISE,,0.47,0.18,0.17,0.00,0.00,0.00,0.00,
33.33,FLYING,APPROACH,0,,,,,76,0,0,0,0,76,CRUISE,,0.52,0.13,0.15,0.00,0.00,0.00,0.00,
33.37,FLYING,APPROACH,0,,,,,76,0,0,0,0,76,CRUISE,,0.58,0.10,0.14,0.00,0.00,0.00,0.00,
33.44,FLYING,APPROACH,0,,,,,76,0,0,0,0,76,CRUISE,,0.48,0.09,0.17,0.00,0.00,0.00,0.00,
33.49,FLYING,APPROACH,0,,,,,76,0,0,0,0,76,CRUISE,,0.56,0.13,0.21,0.00,0.00,0.00,0.00,
33.54,FLYING,APPROACH,0,,,,,76,0,0,0,0,76,CRUISE,,1.10,0.16,0.24,0.00,0.00,0.15,0.00,
33.60,FLYING,SCARED,0,,,,,76,0,-40,0,0,76,CRUISE,,1.37,0.20,0.25,0.00,0.00,0.28,0.00,
33.65,FLYING,SCARED,0,,,,,76,0,-40,0,0,76,CRUISE,,0.92,0.22,0.23,0.00,0.00,0.06,0.00,
33.70,FLYING,SCARED,0,,,,,76,0,-40,0,0,76,CRUISE,,0.70,0.23,0.22,0.00,0.00,0.00,0.00,
33.76,FLYING,SCARED,0,,,,,76,0,-40,0,0,76,CRUISE,,0.71,0.26,0.27,0.00,0.00,0.00,0.00,
33.81,FLYING,SCARED,0,,,,,76,0,-40,0,0,76,CRUISE,,0.71,0.27,0.29,0.00,0.00,0.00,0.00,
33.86,FLYING,SCARED,0,,,,,76,0,-40,0,0,76,CRUISE,,0.59,0.31,0.31,0.00,0.00,0.00,0.00,
33.92,FLYING,SCARED,0,,,,,76,0,-40,0,0,76,CRUISE,,0.53,0.36,0.32,0.00,0.44,0.00,0.00,
33.97,FLYING,SCARED,0,,,,,76,0,-40,0,0,76,CRUISE,,0.60,0.52,0.61,0.00,0.31,0.00,0.00,
34.02,FLYING,SCARED,0,,,,,76,0,-40,0,0,76,CRUISE,,0.79,0.70,0.92,0.00,0.44,0.00,0.00,
34.12,FLYING,SCARED,1,rotten,0.21,0.96,0.9,76,0,-40,0,0,76,CRUISE,,0.89,0.86,1.08,0.00,0.31,0.00,0.00,
34.16,FLYING,SCARED,1,rotten,0.21,0.96,0.9,76,0,-40,0,0,76,CRUISE,,0.95,0.93,1.15,0.00,0.21,0.00,0.07,
34.21,FLYING,SCARED,1,rotten,0.21,0.96,0.9,76,0,-40,0,0,76,CRUISE,,0.65,0.48,0.61,0.00,0.15,0.00,0.00,
34.31,FLYING,SCARED,1,rotten,0.36,0.95,0.8,76,0,-40,0,0,76,CRUISE,,0.46,0.26,0.33,0.00,0.10,0.00,0.00,
34.35,FLYING,SCARED,1,rotten,0.36,0.95,0.8,76,0,-40,0,0,76,CRUISE,,0.39,0.17,0.18,0.00,0.07,0.00,0.00,
34.40,FLYING,SCARED,1,rotten,0.36,0.95,0.8,76,0,-40,0,0,76,CRUISE,,0.36,0.17,0.11,0.00,0.05,0.00,0.00,
34.50,FLYING,SCARED,1,rotten,0.24,0.94,0.8,76,0,-40,0,0,76,CRUISE,,0.39,0.17,0.06,0.00,0.04,0.00,0.00,
34.55,FLYING,SCARED,1,rotten,0.24,0.94,0.8,76,0,-40,0,0,76,CRUISE,,0.41,0.19,0.03,0.00,0.03,0.00,0.00,
34.59,FLYING,SCARED,1,rotten,0.24,0.94,0.8,76,0,-40,0,0,76,CRUISE,,0.43,0.20,0.01,0.00,0.02,0.00,0.00,
34.66,FLYING,WAIT,0,,,,,76,0,-26,0,0,76,CRUISE,,0.43,0.30,0.01,0.00,0.01,0.00,0.00,
34.71,FLYING,WAIT,0,,,,,76,0,-16,0,0,76,CRUISE,,0.44,0.34,0.02,0.00,0.01,0.00,0.00,
34.76,FLYING,WAIT,0,,,,,76,0,-10,0,0,76,CRUISE,,0.49,0.37,0.14,0.00,0.01,0.00,0.00,
34.82,FLYING,WAIT,0,,,,,76,0,-7,0,0,76,CRUISE,,0.51,0.39,0.23,0.00,0.00,0.00,0.00,
34.87,FLYING,WAIT,0,,,,,76,0,-4,0,0,76,CRUISE,,0.52,0.40,0.33,0.00,0.00,0.00,0.00,
34.92,FLYING,WAIT,0,,,,,76,0,-3,0,0,76,CRUISE,,0.47,0.54,0.38,0.00,0.00,0.00,0.00,
34.98,FLYING,WAIT,0,,,,,76,0,-1,0,0,76,CRUISE,,0.45,0.64,0.43,0.00,0.44,0.00,0.00,
35.03,FLYING,WAIT,0,,,,,76,0,-1,0,0,76,CRUISE,,0.45,1.14,1.12,0.00,0.44,0.00,0.00,
35.08,FLYING,WAIT,0,,,,,76,0,0,0,0,76,CRUISE,,0.72,1.42,1.46,0.00,0.31,0.16,0.18,
35.14,FLYING,WAIT,0,,,,,76,0,0,0,0,76,CRUISE,,0.86,1.57,1.63,0.15,0.21,0.28,0.31,
35.19,FLYING,WAIT,0,,,,,76,0,0,0,0,76,CRUISE,,0.61,0.97,0.89,0.08,0.15,0.01,0.01,
35.24,FLYING,WAIT,0,,,,,76,0,0,0,0,76,CRUISE,,0.48,0.68,0.49,0.05,0.10,0.00,0.00,
35.31,FLYING,WAIT,0,,,,,76,0,0,0,0,76,CRUISE,,0.41,0.53,0.32,0.03,0.07,0.00,0.00,
35.35,FLYING,WAIT,0,,,,,76,0,0,0,0,76,CRUISE,,0.32,0.28,0.23,0.01,0.05,0.00,0.00,
35.40,FLYING,WAIT,0,,,,,76,0,0,0,0,76,CRUISE,,0.19,0.16,0.19,0.01,0.04,0.00,0.00,
35.46,FLYING,WAIT,0,,,,,76,0,0,0,0,76,CRUISE,,0.11,0.17,0.13,0.00,0.03,0.00,0.00,
35.51,FLYING,WAIT,0,,,,,76,0,0,0,0,76,CRUISE,,0.07,0.18,0.09,0.00,0.02,0.00,0.00,
35.56,FLYING,WAIT,0,,,,,76,0,0,0,0,76,CRUISE,,0.05,0.23,0.10,0.00,0.01,0.00,0.00,
35.62,FLYING,WAIT,0,,,,,76,0,0,0,0,76,CRUISE,,0.11,0.28,0.10,0.00,0.01,0.00,0.00,
35.67,FLYING,WAIT,0,,,,,76,0,0,0,0,76,CRUISE,,0.14,0.31,0.07,0.00,0.01,0.00,0.00,
35.72,FLYING,WAIT,0,,,,,76,0,0,0,0,76,CRUISE,,0.39,0.32,0.06,0.00,0.00,0.00,0.00,
35.78,FLYING,WAIT,0,,,,,76,0,0,0,0,76,CRUISE,,0.70,0.34,0.05,0.00,1.31,0.00,0.00,
35.83,FLYING,WAIT,0,,,,,76,0,0,0,0,76,CRUISE,,0.85,1.20,1.63,0.00,0.92,0.00,0.00,
35.88,FLYING,WAIT,0,,,,,76,0,0,0,0,76,CRUISE,,0.80,1.63,2.42,0.26,0.64,0.09,0.49,
35.95,FLYING,WAIT,0,,,,,76,0,0,0,0,76,AVOID_LEFT,,0.71,0.90,1.46,0.20,0.45,0.00,0.11,
35.99,FLYING,WAIT,0,,,,,76,0,0,0,0,76,AVOID_LEFT,,0.61,0.53,0.91,0.11,0.44,0.00,0.00,
36.04,FLYING,WAIT,0,,,,,76,0,0,0,0,76,CRUISE,,0.60,0.35,0.67,0.06,0.31,0.00,0.00,
36.11,FLYING,WAIT,0,,,,,76,0,0,0,0,76,CRUISE,,0.57,0.30,0.56,0.03,0.44,0.00,0.00,
36.15,FLYING,WAIT,0,,,,,76,0,0,0,0,76,CRUISE,,0.55,0.31,0.50,0.02,0.31,0.00,0.00,
36.20,FLYING,WAIT,0,,,,,76,0,0,0,0,76,CRUISE,,0.53,0.32,0.45,0.01,0.21,0.00,0.00,
36.27,FLYING,WAIT,0,,,,,76,0,0,0,0,76,CRUISE,,0.53,0.24,0.41,0.01,0.15,0.00,0.00,
36.31,FLYING,WAIT,0,,,,,76,0,0,0,0,76,CRUISE,,0.53,0.20,0.32,0.00,0.10,0.00,0.00,
36.36,FLYING,WAIT,0,,,,,76,0,0,0,0,76,CRUISE,,0.58,0.17,0.27,0.00,0.07,0.00,0.00,
36.43,FLYING,WAIT,0,,,,,76,0,0,0,0,76,CRUISE,,1.14,0.16,0.25,0.00,0.05,0.15,0.00,
36.48,FLYING,WAIT,0,,,,,76,0,0,0,0,76,CRUISE,,1.43,0.15,0.23,0.15,0.04,0.30,0.00,
36.52,FLYING,WAIT,0,,,,,76,0,0,0,0,76,AVOID_RIGHT,,1.42,0.15,0.20,0.26,0.03,0.30,0.00,
36.59,FLYING,WAIT,0,,,,,76,0,0,0,0,76,AVOID_RIGHT,,1.41,0.19,0.19,0.30,0.02,0.30,0.00,
36.64,FLYING,WAIT,0,,,,,76,0,0,0,0,76,AVOID_RIGHT,,1.41,0.22,0.22,0.17,0.44,0.09,0.00,
36.68,FLYING,WAIT,0,,,,,76,0,0,0,0,76,CRUISE,,1.18,0.39,0.33,0.09,0.31,0.04,0.00,
36.75,FLYING,WAIT,0,,,,,76,0,0,0,0,76,CRUISE,,0.94,0.48,0.39,0.05,0.21,0.00,0.00,
36.80,FLYING,WAIT,0,,,,,76,0,0,0,0,76,CRUISE,,0.64,0.41,0.35,0.03,0.15,0.00,0.00,
36.84,FLYING,WAIT,0,,,,,76,0,0,0,0,76,CRUISE,,0.49,0.35,0.28,0.02,0.10,0.00,0.00,
36.91,FLYING,WAIT,0,,,,,76,0,0,0,0,76,CRUISE,,0.38,0.32,0.24,0.01,0.07,0.00,0.00,
36.96,FLYING,WAIT,0,,,,,76,0,0,0,0,76,CRUISE,,0.38,0.32,0.21,0.01,0.44,0.00,0.00,
37.00,FLYING,WAIT,0,,,,,76,0,0,0,0,76,CRUISE,,0.39,0.33,0.67,0.00,0.31,0.00,0.00,
37.07,FLYING,WAIT,0,,,,,76,0,0,0,0,76,CRUISE,,0.39,0.32,0.90,0.00,0.21,0.00,0.00,
37.12,FLYING,WAIT,0,,,,,76,0,0,0,0,76,CRUISE,,0.30,0.25,0.56,0.00,0.15,0.00,0.00,
37.17,FLYING,WAIT,0,,,,,76,0,0,0,0,76,CRUISE,,0.25,0.21,0.39,0.00,0.10,0.00,0.00,
37.23,FLYING,WAIT,0,,,,,76,0,0,0,0,76,CRUISE,,0.24,0.23,0.31,0.00,0.07,0.00,0.00,
37.28,FLYING,WAIT,0,,,,,76,0,0,0,0,76,CRUISE,,0.23,0.24,0.27,0.00,0.05,0.00,0.00,
37.33,FLYING,WAIT,0,,,,,76,0,0,0,0,76,CRUISE,,0.26,0.18,0.24,0.00,0.04,0.00,0.00,
37.39,FLYING,WAIT,0,,,,,76,0,0,0,0,76,CRUISE,,0.21,0.14,0.19,0.00,0.03,0.00,0.00,
37.44,FLYING,WAIT,0,,,,,76,0,0,0,0,76,CRUISE,,0.19,0.12,0.16,0.00,0.02,0.00,0.00,
37.49,FLYING,WAIT,0,,,,,76,0,0,0,0,76,CRUISE,,0.18,0.11,0.14,0.00,0.01,0.00,0.00,
37.55,FLYING,WAIT,0,,,,,76,0,0,0,0,76,CRUISE,,0.16,0.10,0.13,0.00,0.01,0.00,0.00,
37.60,FLYING,WAIT,0,,,,,76,0,0,0,0,76,CRUISE,,0.16,0.10,0.12,0.00,0.01,0.00,0.00,
37.65,FLYING,WAIT,0,,,,,76,0,0,0,0,76,CRUISE,,0.15,0.09,0.11,0.00,0.00,0.00,0.00,
37.72,FLYING,WAIT,0,,,,,76,0,0,0,0,76,CRUISE,,0.13,0.08,0.10,0.00,0.00,0.00,0.00,
37.76,FLYING,WAIT,0,,,,,76,0,0,0,0,76,CRUISE,,0.13,0.09,0.12,0.00,0.00,0.00,0.00,
37.81,FLYING,WAIT,0,,,,,76,0,0,0,0,76,CRUISE,,0.14,0.09,0.12,0.00,0.00,0.00,0.00,
37.88,FLYING,WAIT,0,,,,,76,0,0,0,0,76,CRUISE,,0.14,0.09,0.14,0.00,0.00,0.00,0.00,
37.92,FLYING,WAIT,0,,,,,76,0,0,0,0,76,CRUISE,,0.22,0.10,0.15,0.00,0.00,0.00,0.00,
37.97,FLYING,WAIT,0,,,,,76,0,0,0,0,76,CRUISE,,0.26,0.12,0.16,0.00,0.00,0.00,0.00,
38.04,FLYING,WAIT,0,,,,,76,0,0,0,0,76,CRUISE,,0.28,0.15,0.16,0.00,0.00,0.00,0.00,
38.08,FLYING,WAIT,0,,,,,76,0,0,0,0,76,CRUISE,,0.25,0.16,0.18,0.00,0.00,0.00,0.00,
38.13,FLYING,WAIT,0,,,,,76,0,0,0,0,76,CRUISE,,0.24,0.19,0.20,0.00,0.00,0.00,0.00,
38.22,FLYING,WAIT,0,,,,,76,0,0,0,0,76,CRUISE,,0.28,0.23,0.23,0.00,0.00,0.00,0.00,
38.27,FLYING,WAIT,0,,,,,76,0,0,0,0,76,CRUISE,,0.30,0.26,0.24,0.00,0.00,0.00,0.00,
38.31,FLYING,WAIT,0,,,,,76,0,0,0,0,76,CRUISE,,0.32,0.22,0.22,0.00,0.00,0.00,0.00,
38.38,FLYING,WAIT,0,,,,,76,0,0,0,0,76,CRUISE,,0.27,0.20,0.22,0.00,0.00,0.00,0.00,
38.42,FLYING,WAIT,0,,,,,76,0,0,0,0,76,CRUISE,,0.27,0.19,0.22,0.00,0.00,0.00,0.00,
38.47,FLYING,WAIT,0,,,,,76,0,0,0,0,76,CRUISE,,0.27,0.18,0.26,0.00,0.00,0.00,0.00,
38.54,FLYING,WAIT,0,,,,,76,0,0,0,0,76,CRUISE,,0.27,0.15,0.28,0.00,0.00,0.00,0.00,
38.59,FLYING,WAIT,0,,,,,76,0,0,0,0,76,CRUISE,,0.25,0.16,0.21,0.00,0.00,0.00,0.00,
38.63,FLYING,WAIT,0,,,,,76,0,0,0,0,76,CRUISE,,0.23,0.16,0.17,0.00,0.00,0.00,0.00,
38.70,FLYING,WAIT,0,,,,,76,0,0,0,0,76,CRUISE,,0.19,0.16,0.17,0.00,0.00,0.00,0.00,
38.75,FLYING,WAIT,0,,,,,76,0,0,0,0,76,CRUISE,,0.16,0.16,0.16,0.00,0.00,0.00,0.00,
38.79,FLYING,WAIT,0,,,,,76,0,0,0,0,76,CRUISE,,0.14,0.15,0.16,0.00,0.00,0.00,0.00,
38.86,FLYING,WAIT,0,,,,,76,0,0,0,0,76,CRUISE,,0.14,0.14,0.18,0.00,0.00,0.00,0.00,
38.91,FLYING,WAIT,0,,,,,76,0,0,0,0,76,CRUISE,,0.11,0.13,0.19,0.00,0.00,0.00,0.00,
38.95,FLYING,WAIT,0,,,,,76,0,0,0,0,76,CRUISE,,0.10,0.13,0.21,0.00,0.00,0.00,0.00,
39.02,FLYING,WAIT,0,,,,,76,0,0,0,0,76,CRUISE,,0.13,0.13,0.24,0.00,0.00,0.00,0.00,
39.07,FLYING,WAIT,0,,,,,76,0,0,0,0,76,CRUISE,,0.14,0.13,0.23,0.00,0.00,0.00,0.00,
39.11,FLYING,WAIT,0,,,,,76,0,0,0,0,76,CRUISE,,0.15,0.15,0.14,0.00,0.00,0.00,0.00,
39.18,FLYING,WAIT,0,,,,,76,0,0,0,0,76,CRUISE,,0.15,0.14,0.09,0.00,0.00,0.00,0.00,
39.23,FLYING,WAIT,0,,,,,76,0,0,0,0,76,CRUISE,,0.16,0.15,0.07,0.00,0.00,0.00,0.00,
39.27,FLYING,WAIT,0,,,,,76,0,0,0,0,76,CRUISE,,0.32,0.31,0.08,0.00,0.00,0.00,0.00,
39.34,FLYING,WAIT,0,,,,,76,0,0,0,0,76,CRUISE,,0.40,0.39,0.10,0.00,0.00,0.00,0.00,
39.39,FLYING,WAIT,0,,,,,76,0,0,0,0,76,CRUISE,,0.32,0.29,0.14,0.00,0.00,0.00,0.00,
39.43,FLYING,WAIT,0,,,,,76,0,0,0,0,76,CRUISE,,0.27,0.20,0.18,0.00,0.00,0.00,0.00,
39.50,FLYING,WAIT,0,,,,,76,0,0,0,0,76,CRUISE,,0.25,0.14,0.20,0.00,0.00,0.00,0.00,
39.55,FLYING,WAIT,0,,,,,76,0,0,0,0,76,CRUISE,,0.21,0.13,0.19,0.00,0.00,0.00,0.00,
39.59,FLYING,WAIT,0,,,,,76,0,0,0,0,76,CRUISE,,0.18,0.15,0.17,0.00,0.00,0.00,0.00,
39.66,FLYING,WAIT,0,,,,,76,0,0,0,0,76,CRUISE,,0.16,0.16,0.17,0.00,0.00,0.00,0.00,
39.71,FLYING,WAIT,0,,,,,76,0,0,0,0,76,CRUISE,,0.15,0.16,0.16,0.00,0.00,0.00,0.00,
39.75,FLYING,WAIT,0,,,,,76,0,0,0,0,76,CRUISE,,0.22,0.16,0.19,0.00,0.00,0.00,0.00,
39.82,FLYING,WAIT,0,,,,,76,0,0,0,0,76,CRUISE,,0.26,0.12,0.16,0.00,0.00,0.00,0.00,
39.87,FLYING,WAIT,0,,,,,76,0,0,0,0,76,CRUISE,,0.28,0.11,0.14,0.00,0.00,0.00,0.00,
39.92,FLYING,WAIT,0,,,,,76,0,0,0,0,76,CRUISE,,0.22,0.07,0.13,0.00,0.00,0.00,0.00,
39.98,FLYING,WAIT,0,,,,,76,0,0,0,0,76,CRUISE,,0.19,0.06,0.13,0.00,0.00,0.00,0.00,
40.03,FLYING,WAIT,0,,,,,76,0,0,0,0,76,CRUISE,,0.15,0.05,0.14,0.00,0.00,0.00,0.00,
40.08,FLYING,WAIT,0,,,,,76,0,0,0,0,76,CRUISE,,0.15,0.05,0.12,0.00,0.00,0.00,0.00,
40.14,FLYING,WAIT,0,,,,,76,0,0,0,0,76,CRUISE,,0.13,0.06,0.12,0.00,0.00,0.00,0.00,
40.19,FLYING,WAIT,0,,,,,76,0,0,0,0,76,CRUISE,,0.12,0.07,0.12,0.00,0.00,0.00,0.00,
40.24,FLYING,WAIT,0,,,,,76,0,0,0,0,76,CRUISE,,0.12,0.10,0.12,0.00,0.00,0.00,0.00,
40.30,FLYING,WAIT,0,,,,,76,0,0,0,0,76,CRUISE,,0.15,0.14,0.12,0.00,0.00,0.00,0.00,
40.35,FLYING,WAIT,0,,,,,76,0,0,0,0,76,CRUISE,,0.17,0.16,0.10,0.00,0.00,0.00,0.00,
40.40,FLYING,WAIT,0,,,,,76,0,0,0,0,76,CRUISE,,0.13,0.12,0.09,0.00,0.00,0.00,0.00,
40.47,FLYING,WAIT,0,,,,,76,0,0,0,0,76,CRUISE,,0.10,0.09,0.09,0.00,0.00,0.00,0.00,
40.51,FLYING,WAIT,0,,,,,76,0,0,0,0,76,CRUISE,,0.09,0.08,0.09,0.00,0.00,0.00,0.00,
40.56,FLYING,WAIT,0,,,,,76,0,0,0,0,76,CRUISE,,0.10,0.08,0.11,0.00,0.00,0.00,0.00,
40.63,FLYING,WAIT,0,,,,,76,0,0,0,0,76,CRUISE,,0.14,0.07,0.13,0.00,0.00,0.00,0.00,
40.67,FLYING,WAIT,0,,,,,76,0,0,0,0,76,CRUISE,,0.15,0.07,0.15,0.00,0.00,0.00,0.00,
40.72,FLYING,WAIT,0,,,,,76,0,0,0,0,76,CRUISE,,0.16,0.07,0.10,0.00,0.00,0.00,0.00,
40.79,FLYING,WAIT,0,,,,,76,0,0,0,0,76,CRUISE,,0.16,0.06,0.08,0.00,0.00,0.00,0.00,
40.84,FLYING,WAIT,0,,,,,76,0,0,0,0,76,CRUISE,,0.17,0.05,0.09,0.00,0.00,0.00,0.00,
40.88,FLYING,WAIT,0,,,,,76,0,0,0,0,76,CRUISE,,0.17,0.05,0.09,0.00,0.00,0.00,0.00,
40.95,FLYING,WAIT,0,,,,,76,0,0,0,0,76,CRUISE,,0.15,0.05,0.12,0.00,0.00,0.00,0.00,
41.00,FLYING,WAIT,0,,,,,76,0,0,0,0,76,CRUISE,,0.13,0.07,0.14,0.00,0.00,0.00,0.00,
41.04,FLYING,WAIT,0,,,,,76,0,0,0,0,76,CRUISE,,0.11,0.08,0.15,0.00,0.00,0.00,0.00,
41.11,FLYING,WAIT,0,,,,,76,0,0,0,0,76,CRUISE,,0.10,0.11,0.14,0.00,0.00,0.00,0.00,
41.16,FLYING,WAIT,0,,,,,76,0,0,0,0,76,CRUISE,,0.11,0.13,0.11,0.00,0.00,0.00,0.00,
41.21,FLYING,WAIT,0,,,,,76,0,0,0,0,76,CRUISE,,0.12,0.15,0.10,0.00,0.00,0.00,0.00,
41.27,FLYING,WAIT,0,,,,,76,0,0,0,0,76,CRUISE,,0.13,0.12,0.10,0.00,0.00,0.00,0.00,
41.32,FLYING,WAIT,0,,,,,76,0,0,0,0,76,CRUISE,,0.13,0.15,0.10,0.00,0.00,0.00,0.00,
41.37,FLYING,WAIT,0,,,,,76,0,0,0,0,76,CRUISE,,0.13,0.15,0.10,0.00,0.00,0.00,0.00,
41.43,FLYING,WAIT,0,,,,,76,0,0,0,0,76,CRUISE,,0.13,0.16,0.10,0.00,0.00,0.00,0.00,
41.48,FLYING,WAIT,0,,,,,76,0,0,0,0,76,CRUISE,,0.13,0.12,0.10,0.00,0.00,0.00,0.00,
41.53,FLYING,WAIT,0,,,,,76,0,0,0,0,76,CRUISE,,0.14,0.10,0.11,0.00,0.00,0.00,0.00,
41.60,FLYING,WAIT,0,,,,,76,0,0,0,0,76,CRUISE,,0.12,0.09,0.11,0.00,0.00,0.00,0.00,
41.64,FLYING,WAIT,0,,,,,76,0,0,0,0,76,CRUISE,,0.14,0.08,0.19,0.00,0.00,0.00,0.00,
41.69,FLYING,WAIT,0,,,,,76,0,0,0,0,76,CRUISE,,0.13,0.08,0.26,0.00,0.00,0.00,0.00,
41.76,FLYING,WAIT,0,,,,,76,0,0,0,0,76,CRUISE,,0.15,0.13,0.27,0.00,0.00,0.00,0.00,
41.80,FLYING,WAIT,0,,,,,76,0,0,0,0,76,CRUISE,,0.16,0.16,0.20,0.00,0.00,0.00,0.00,
41.85,FLYING,WAIT,0,,,,,76,0,0,0,0,76,CRUISE,,0.18,0.18,0.16,0.00,0.00,0.00,0.00,
41.92,FLYING,WAIT,0,,,,,76,0,0,0,0,76,CRUISE,,0.19,0.19,0.13,0.00,0.00,0.00,0.00,
41.96,FLYING,WAIT,0,,,,,76,0,0,0,0,76,CRUISE,,0.20,0.17,0.14,0.00,0.00,0.00,0.00,
42.01,FLYING,WAIT,0,,,,,76,0,0,0,0,76,CRUISE,,0.18,0.16,0.15,0.00,0.00,0.00,0.00,
42.08,FLYING,WAIT,0,,,,,76,0,0,0,0,76,CRUISE,,0.16,0.17,0.18,0.00,0.00,0.00,0.00,
42.12,FLYING,WAIT,0,,,,,76,0,0,0,0,76,CRUISE,,0.14,0.17,0.17,0.00,0.00,0.00,0.00,
42.17,FLYING,WAIT,0,,,,,76,0,0,0,0,76,CRUISE,,0.13,0.22,0.18,0.00,0.00,0.00,0.00,
42.24,FLYING,WAIT,0,,,,,76,0,0,0,0,76,CRUISE,,0.27,0.23,0.19,0.00,0.00,0.00,0.00,
42.28,FLYING,WAIT,0,,,,,76,0,0,0,0,76,CRUISE,,0.34,0.24,0.20,0.00,0.00,0.00,0.00,
42.33,FLYING,WAIT,0,,,,,76,0,0,0,0,76,CRUISE,,0.31,0.20,0.20,0.00,0.00,0.00,0.00,
42.40,FLYING,WAIT,0,,,,,76,0,0,0,0,76,CRUISE,,0.27,0.19,0.20,0.00,0.00,0.00,0.00,
42.44,FLYING,WAIT,0,,,,,76,0,0,0,0,76,CRUISE,,0.27,0.19,0.20,0.00,0.00,0.00,0.00,
42.49,FLYING,WAIT,0,,,,,76,0,0,0,0,76,CRUISE,,0.28,0.19,0.19,0.00,0.00,0.00,0.00,
42.56,FLYING,WAIT,0,,,,,76,0,0,0,0,76,CRUISE,,0.29,0.18,0.18,0.00,0.00,0.00,0.00,
42.61,FLYING,WAIT,0,,,,,76,0,0,0,0,76,CRUISE,,0.26,0.16,0.16,0.00,0.00,0.00,0.00,
42.65,FLYING,WAIT,0,,,,,76,0,0,0,0,76,CRUISE,,0.25,0.15,0.14,0.00,0.00,0.00,0.00,
42.72,FLYING,WAIT,0,,,,,76,0,0,0,0,76,CRUISE,,0.37,0.15,0.13,0.00,0.00,0.00,0.00,
42.77,FLYING,WAIT,0,,,,,76,0,0,0,0,76,CRUISE,,0.64,0.15,0.09,0.00,0.00,0.00,0.00,
42.81,FLYING,WAIT,0,,,,,76,0,0,0,0,76,CRUISE,,1.29,0.15,0.10,0.00,0.00,0.24,0.00,
42.88,FLYING,WAIT,0,,,,,76,0,0,0,0,76,CRUISE,,1.61,0.15,0.13,0.15,0.00,0.41,0.00,
42.93,FLYING,WAIT,0,,,,,76,0,0,0,0,76,CRUISE,,1.35,0.12,0.14,0.21,0.00,0.28,0.00,
42.97,FLYING,WAIT,0,,,,,76,0,0,0,0,76,CRUISE,,1.22,0.10,0.15,0.16,0.00,0.21,0.00,
43.04,FLYING,WAIT,0,,,,,76,0,0,0,0,76,CRUISE,,1.06,0.09,0.16,0.09,0.00,0.13,0.00,
43.09,FLYING,WAIT,0,,,,,76,0,0,0,0,76,CRUISE,,1.08,0.08,0.16,0.05,0.00,0.14,0.00,
43.14,FLYING,WAIT,0,,,,,76,0,0,0,0,76,CRUISE,,1.12,0.09,0.16,0.03,0.00,0.16,0.00,
43.21,FLYING,WAIT,0,,,,,76,0,0,0,0,76,AVOID_RIGHT,,2.05,0.13,0.17,0.42,0.00,0.62,0.00,
43.26,FLYING,WAIT,0,,,,,76,0,0,0,0,76,AVOID_RIGHT,RIGHT,2.51,0.15,0.17,0.65,0.00,0.85,0.00,
43.31,FLYING,WAIT,0,,,,,76,0,0,0,0,76,ESCAPE,RIGHT,2.74,0.16,0.17,0.77,0.00,0.97,0.00,
43.38,FLYING,WAIT,0,,,,,76,0,0,0,0,76,ESCAPE,RIGHT,1.70,0.17,0.20,0.73,0.00,0.45,0.00,
43.43,FLYING,WAIT,0,,,,,76,0,0,0,0,76,ESCAPE,RIGHT,0.95,0.17,0.21,0.52,0.00,0.08,0.00,
43.47,FLYING,WAIT,0,,,,,76,0,0,0,0,76,ESCAPE,,0.58,0.17,0.19,0.29,0.00,0.00,0.00,
43.54,FLYING,WAIT,0,,,,,76,0,0,0,0,76,ESCAPE,,0.56,0.17,0.15,0.16,0.00,0.00,0.00,
43.59,FLYING,WAIT,0,,,,,76,0,0,0,0,76,ESCAPE,,0.55,0.17,0.17,0.09,0.00,0.00,0.00,
43.63,FLYING,WAIT,0,,,,,76,0,0,0,0,76,ESCAPE,,0.55,0.18,0.19,0.05,0.00,0.00,0.00,
43.70,FLYING,WAIT,0,,,,,76,0,0,0,0,76,ESCAPE,,0.68,0.19,0.20,0.03,0.00,0.00,0.00,
43.75,FLYING,WAIT,0,,,,,76,0,0,0,0,76,ESCAPE,,0.83,0.20,0.20,0.02,0.00,0.01,0.00,
43.79,FLYING,WAIT,0,,,,,76,0,0,0,0,76,ESCAPE,,0.90,0.14,0.20,0.01,0.00,0.05,0.00,
43.86,FLYING,WAIT,0,,,,,76,0,0,0,0,76,ESCAPE,,1.40,0.11,0.18,0.15,0.00,0.30,0.00,
43.91,FLYING,WAIT,0,,,,,76,0,0,0,0,76,ESCAPE,,1.64,0.10,0.16,0.23,0.00,0.42,0.00,
43.96,FLYING,WAIT,0,,,,,76,0,0,0,0,76,ESCAPE,,1.77,0.10,0.16,0.32,0.00,0.48,0.00,
44.02,FLYING,WAIT,0,,,,,76,0,0,0,0,76,ESCAPE,,2.05,0.14,0.17,0.51,0.00,0.63,0.00,
44.07,FLYING,WAIT,0,,,,,76,0,0,0,0,76,ESCAPE,RIGHT,2.26,0.16,0.18,0.70,0.00,0.73,0.00,
44.12,FLYING,WAIT,0,,,,,76,0,0,0,0,76,ESCAPE,RIGHT,2.37,0.17,0.19,0.67,0.00,0.78,0.00,
44.19,FLYING,WAIT,0,,,,,76,0,0,0,0,76,ESCAPE,RIGHT,3.37,0.20,0.25,0.79,0.00,1.00,0.00,
44.24,FLYING,WAIT,0,,,,,76,0,0,0,0,76,ESCAPE,RIGHT,3.87,0.21,0.27,0.85,0.00,1.00,0.00,
44.29,FLYING,WAIT,0,,,,,76,0,0,0,0,76,ESCAPE,RIGHT,2.44,0.22,0.23,0.89,0.00,0.82,0.00,
44.35,FLYING,WAIT,0,,,,,76,0,0,0,0,76,ESCAPE,RIGHT,1.37,0.21,0.19,0.76,0.00,0.28,0.00,
44.40,FLYING,WAIT,0,,,,,76,0,0,0,0,76,ESCAPE,RIGHT,0.78,0.19,0.17,0.54,0.00,0.00,0.00,
44.45,FLYING,WAIT,0,,,,,76,0,0,0,0,76,ESCAPE,RIGHT,0.49,0.18,0.15,0.30,0.00,0.00,0.00,
44.51,FLYING,WAIT,0,,,,,76,0,0,0,0,76,ESCAPE,,0.41,0.18,0.13,0.17,0.00,0.00,0.00,
44.56,FLYING,WAIT,0,,,,,76,0,0,0,0,76,ESCAPE,,0.37,0.19,0.16,0.10,0.00,0.00,0.00,
44.61,FLYING,WAIT,0,,,,,76,0,0,0,0,76,ESCAPE,,0.36,0.21,0.17,0.05,0.00,0.00,0.00,
44.67,FLYING,APPROACH,0,,,,,76,0,4,0,0,76,ESCAPE,,0.33,0.22,0.18,0.03,0.00,0.00,0.00,
44.72,FLYING,APPROACH,0,,,,,76,0,6,0,0,76,ESCAPE,,0.32,0.17,0.18,0.02,0.00,0.00,0.00,
44.77,FLYING,APPROACH,0,,,,,76,0,8,0,0,76,ESCAPE,,0.31,0.15,0.18,0.01,0.00,0.00,0.00,
44.84,FLYING,APPROACH,0,,,,,76,0,9,0,0,76,ESCAPE,,0.27,0.26,0.21,0.01,0.00,0.00,0.00,
44.88,FLYING,APPROACH,0,,,,,76,0,10,0,0,76,ESCAPE,,0.25,0.31,0.24,0.00,0.00,0.00,0.00,
44.93,FLYING,APPROACH,0,,,,,76,0,11,0,0,76,CRUISE,,0.24,0.37,0.25,0.00,0.00,0.00,0.00,
45.00,FLYING,APPROACH,0,,,,,76,0,11,0,0,76,CRUISE,,0.28,0.32,0.32,0.00,0.00,0.00,0.00,
45.04,FLYING,APPROACH,0,,,,,76,0,11,0,0,76,CRUISE,,0.30,0.30,0.36,0.00,0.00,0.00,0.00,
45.09,FLYING,APPROACH,0,,,,,76,0,11,0,0,76,CRUISE,,0.27,0.29,0.37,0.00,0.00,0.00,0.00,
45.16,FLYING,APPROACH,0,,,,,76,0,11,0,0,76,CRUISE,,0.26,0.28,0.45,0.00,0.00,0.00,0.00,
45.20,FLYING,APPROACH,0,,,,,76,0,11,0,0,76,CRUISE,,0.28,0.25,0.48,0.00,0.00,0.00,0.00,
45.25,FLYING,APPROACH,0,,,,,76,0,11,0,0,76,CRUISE,,0.29,0.23,0.38,0.00,0.00,0.00,0.00,
45.32,FLYING,APPROACH,0,,,,,76,0,11,0,0,76,CRUISE,,0.29,0.22,0.32,0.00,0.00,0.00,0.00,
45.36,FLYING,APPROACH,0,,,,,76,0,11,0,0,76,CRUISE,,0.35,0.26,0.29,0.00,0.00,0.00,0.00,
45.41,FLYING,APPROACH,0,,,,,76,0,11,0,0,76,CRUISE,,0.36,0.27,0.33,0.00,0.00,0.00,0.00,
45.48,FLYING,APPROACH,0,,,,,76,0,11,0,0,76,CRUISE,,0.37,0.26,0.35,0.00,0.00,0.00,0.00,
45.52,FLYING,APPROACH,0,,,,,76,0,11,0,0,76,CRUISE,,0.37,0.23,0.28,0.00,0.00,0.00,0.00,
45.57,FLYING,APPROACH,0,,,,,76,0,11,0,0,76,CRUISE,,0.36,0.18,0.22,0.00,0.00,0.00,0.00,
45.64,FLYING,APPROACH,0,,,,,76,0,11,0,0,76,CRUISE,,0.34,0.15,0.19,0.00,0.00,0.00,0.00,
45.68,FLYING,APPROACH,0,,,,,76,0,11,0,0,76,CRUISE,,0.29,0.14,0.18,0.00,0.00,0.00,0.00,
45.73,FLYING,APPROACH,0,,,,,76,0,11,0,0,76,CRUISE,,0.26,0.14,0.20,0.00,0.00,0.00,0.00,
45.80,FLYING,APPROACH,0,,,,,76,0,11,0,0,76,CRUISE,,0.27,0.15,0.22,0.00,0.00,0.00,0.00,
45.84,FLYING,APPROACH,0,,,,,76,0,11,0,0,76,CRUISE,,0.28,0.15,0.23,0.00,0.00,0.00,0.00,
45.89,FLYING,APPROACH,0,,,,,76,0,11,0,0,76,CRUISE,,0.31,0.16,0.24,0.00,0.00,0.00,0.00,
45.96,FLYING,APPROACH,0,,,,,76,0,11,0,0,76,CRUISE,,0.33,0.15,0.22,0.00,0.00,0.00,0.00,
46.00,FLYING,APPROACH,0,,,,,76,0,11,0,0,76,CRUISE,,0.34,0.16,0.21,0.00,0.00,0.00,0.00,
46.05,FLYING,APPROACH,0,,,,,76,0,11,0,0,76,CRUISE,,0.35,0.18,0.21,0.00,0.00,0.00,0.00,
46.12,FLYING,APPROACH,0,,,,,76,0,11,0,0,76,CRUISE,,0.31,0.22,0.22,0.00,0.00,0.00,0.00,
46.16,FLYING,APPROACH,0,,,,,76,0,11,0,0,76,CRUISE,,0.36,0.27,0.25,0.00,0.00,0.00,0.00,
46.21,FLYING,APPROACH,0,,,,,76,0,11,0,0,76,CRUISE,,0.39,0.31,0.28,0.00,0.00,0.00,0.00,
46.28,FLYING,APPROACH,0,,,,,76,0,11,0,0,76,CRUISE,,0.40,0.33,0.33,0.00,0.00,0.00,0.00,
46.33,FLYING,APPROACH,0,,,,,76,0,11,0,0,76,CRUISE,,0.41,0.34,0.36,0.00,0.00,0.00,0.00,
46.37,FLYING,APPROACH,0,,,,,76,0,11,0,0,76,CRUISE,,0.37,0.34,0.32,0.00,0.00,0.00,0.00,
46.44,FLYING,APPROACH,0,,,,,76,0,11,0,0,76,CRUISE,,0.36,0.32,0.30,0.00,0.00,0.00,0.00,
46.49,FLYING,APPROACH,0,,,,,76,0,11,0,0,76,CRUISE,,0.35,0.33,0.29,0.00,0.00,0.00,0.00,
46.53,FLYING,APPROACH,0,,,,,76,0,11,0,0,76,CRUISE,,0.39,0.34,0.29,0.00,0.00,0.00,0.00,
46.60,FLYING,APPROACH,0,,,,,76,0,11,0,0,76,CRUISE,,0.32,0.41,0.30,0.00,0.00,0.00,0.00,
46.65,FLYING,APPROACH,0,,,,,76,0,11,0,0,76,CRUISE,,0.30,0.45,0.31,0.00,0.00,0.00,0.00,
46.69,FLYING,APPROACH,0,,,,,76,0,11,0,0,76,CRUISE,,0.29,0.43,0.31,0.00,0.00,0.00,0.00,
46.76,FLYING,APPROACH,0,,,,,76,0,11,0,0,76,CRUISE,,0.28,0.39,0.31,0.00,0.00,0.00,0.00,
46.81,FLYING,APPROACH,0,,,,,76,0,11,0,0,76,CRUISE,,0.27,0.40,0.32,0.00,0.00,0.00,0.00,
46.86,FLYING,APPROACH,0,,,,,76,0,11,0,0,76,CRUISE,,0.26,0.42,0.32,0.00,0.00,0.00,0.00,
46.92,FLYING,APPROACH,0,,,,,76,0,11,0,0,76,CRUISE,,0.27,0.47,0.37,0.00,0.00,0.00,0.00,
46.97,FLYING,APPROACH,0,,,,,76,0,11,0,0,76,CRUISE,,0.27,0.51,0.40,0.00,0.00,0.00,0.00,
47.02,FLYING,APPROACH,0,,,,,76,0,11,0,0,76,CRUISE,,0.28,0.53,0.41,0.00,0.00,0.00,0.00,
47.08,FLYING,APPROACH,0,,,,,76,0,11,0,0,76,CRUISE,,0.31,0.58,0.49,0.00,0.44,0.00,0.00,
47.13,FLYING,APPROACH,0,,,,,76,0,11,0,0,76,CRUISE,,0.48,0.61,0.52,0.00,0.31,0.00,0.00,
47.18,FLYING,APPROACH,0,,,,,76,0,11,0,0,76,CRUISE,,0.57,0.63,0.54,0.00,0.44,0.00,0.00,
47.24,FLYING,APPROACH,0,,,,,76,0,11,0,0,76,CRUISE,,0.57,0.63,0.55,0.00,0.31,0.00,0.00,
47.29,FLYING,APPROACH,0,,,,,76,0,11,0,0,76,CRUISE,,0.51,0.58,0.56,0.00,0.21,0.00,0.00,
47.34,FLYING,APPROACH,0,,,,,76,0,11,0,0,76,CRUISE,,0.43,0.47,0.48,0.00,0.15,0.00,0.00,
47.40,FLYING,APPROACH,0,,,,,76,0,11,0,0,76,CRUISE,,0.39,0.41,0.37,0.00,0.10,0.00,0.00,
47.45,FLYING,APPROACH,0,,,,,76,0,11,0,0,76,CRUISE,,0.32,0.37,0.32,0.00,0.07,0.00,0.00,
47.50,FLYING,APPROACH,0,,,,,76,0,11,0,0,76,CRUISE,,0.34,0.32,0.29,0.00,0.05,0.00,0.00,
47.56,FLYING,APPROACH,0,,,,,76,0,11,0,0,76,CRUISE,,0.34,0.29,0.29,0.00,0.04,0.00,0.00,
47.61,FLYING,APPROACH,0,,,,,76,0,11,0,0,76,CRUISE,,0.35,0.27,0.35,0.00,0.44,0.00,0.00,
47.66,FLYING,APPROACH,0,,,,,76,0,11,0,0,76,CRUISE,,0.35,0.30,0.45,0.00,0.31,0.00,0.00,
47.73,FLYING,APPROACH,0,,,,,76,0,11,0,0,76,CRUISE,,0.35,0.31,0.49,0.00,0.21,0.00,0.00,
47.77,FLYING,APPROACH,0,,,,,76,0,11,0,0,76,CRUISE,,0.35,0.24,0.41,0.00,0.15,0.00,0.00,
47.82,FLYING,APPROACH,0,,,,,76,0,11,0,0,76,CRUISE,,0.35,0.20,0.32,0.00,0.10,0.00,0.00,
47.89,FLYING,APPROACH,0,,,,,76,0,11,0,0,76,CRUISE,,0.40,0.19,0.28,0.00,0.07,0.00,0.00,
47.93,FLYING,APPROACH,0,,,,,76,0,11,0,0,76,CRUISE,,0.43,0.19,0.26,0.00,0.05,0.00,0.00,
47.98,FLYING,APPROACH,0,,,,,76,0,11,0,0,76,CRUISE,,0.45,0.16,0.27,0.00,0.04,0.00,0.00,
48.05,FLYING,APPROACH,0,,,,,76,0,11,0,0,76,CRUISE,,0.46,0.15,0.23,0.00,0.03,0.00,0.00,
48.09,FLYING,APPROACH,0,,,,,76,0,11,0,0,76,CRUISE,,0.46,0.16,0.21,0.00,0.02,0.00,0.00,
48.14,FLYING,APPROACH,0,,,,,76,0,11,0,0,76,CRUISE,,0.46,0.20,0.20,0.00,0.44,0.00,0.00,
48.21,FLYING,APPROACH,0,,,,,76,0,11,0,0,76,CRUISE,,0.47,0.24,0.27,0.00,0.31,0.00,0.00,
48.25,FLYING,APPROACH,0,,,,,76,0,11,0,0,76,CRUISE,,0.47,0.26,0.30,0.00,0.21,0.00,0.00,
48.30,FLYING,APPROACH,0,,,,,76,0,11,0,0,76,CRUISE,,0.47,0.26,0.26,0.00,0.15,0.00,0.00,
48.37,FLYING,APPROACH,0,,,,,76,0,11,0,0,76,CRUISE,,0.49,0.25,0.23,0.00,0.10,0.00,0.00,
48.41,FLYING,APPROACH,0,,,,,76,0,11,0,0,76,CRUISE,,0.50,0.25,0.23,0.00,0.44,0.00,0.00,
48.46,FLYING,APPROACH,0,,,,,76,0,11,0,0,76,CRUISE,,0.46,0.28,0.41,0.00,0.31,0.00,0.00,
48.53,FLYING,APPROACH,0,,,,,76,0,11,0,0,76,CRUISE,,0.44,0.29,0.50,0.00,0.44,0.00,0.00,
48.57,FLYING,APPROACH,0,,,,,76,0,11,0,0,76,CRUISE,,0.43,0.27,0.53,0.00,0.31,0.00,0.00,
48.62,FLYING,APPROACH,0,,,,,76,0,11,0,0,76,CRUISE,,0.42,0.26,0.43,0.00,0.21,0.00,0.00,
48.69,FLYING,SEARCH,0,,,,,76,0,7,0,0,76,CRUISE,,0.40,0.26,0.33,0.00,0.15,0.00,0.00,
48.74,FLYING,SEARCH,0,,,,,76,0,5,0,0,76,CRUISE,,0.39,0.26,0.24,0.00,0.10,0.00,0.00,
48.78,FLYING,SEARCH,0,,,,,76,0,3,0,0,76,CRUISE,,0.39,0.26,0.20,0.00,0.07,0.00,0.00,
48.85,FLYING,SEARCH,0,,,,,76,0,2,0,0,76,CRUISE,,0.36,0.28,0.18,0.00,0.05,0.00,0.00,
48.90,FLYING,SEARCH,0,,,,,76,0,1,0,0,76,CRUISE,,0.39,0.30,0.19,0.00,0.04,0.00,0.00,
48.94,FLYING,SEARCH,0,,,,,76,0,0,0,0,76,CRUISE,,0.39,0.26,0.24,0.00,0.03,0.00,0.00,
49.01,FLYING,SEARCH,0,,,,,76,0,0,0,0,76,CRUISE,,0.39,0.24,0.22,0.00,0.02,0.00,0.00,
49.06,FLYING,SEARCH,0,,,,,76,0,0,0,0,76,CRUISE,,0.34,0.22,0.25,0.00,0.01,0.00,0.00,
49.10,FLYING,SEARCH,0,,,,,76,0,0,0,0,76,CRUISE,,0.32,0.24,0.20,0.00,0.01,0.00,0.00,
49.17,FLYING,SEARCH,0,,,,,76,0,0,0,0,76,CRUISE,,0.31,0.27,0.19,0.00,0.01,0.00,0.00,
49.22,FLYING,SEARCH,0,,,,,76,0,0,0,0,76,CRUISE,,0.30,0.29,0.18,0.00,0.44,0.00,0.00,
49.26,FLYING,SEARCH,0,,,,,76,0,0,0,0,76,CRUISE,,0.32,0.30,0.38,0.00,0.31,0.00,0.00,
49.33,FLYING,SEARCH,0,,,,,76,0,0,0,0,76,CRUISE,,0.32,0.30,0.48,0.00,0.21,0.00,0.00,
49.38,FLYING,SEARCH,0,,,,,76,0,0,0,0,76,CRUISE,,0.32,0.28,0.39,0.00,0.44,0.00,0.00,
49.43,FLYING,SEARCH,0,,,,,76,0,0,0,0,76,CRUISE,,0.35,0.27,0.35,0.00,0.31,0.00,0.00,
49.49,FLYING,SEARCH,0,,,,,76,0,0,0,0,76,CRUISE,,0.37,0.26,0.32,0.00,0.21,0.00,0.00,
49.54,FLYING,SEARCH,0,,,,,76,0,0,0,0,76,CRUISE,,0.27,0.25,0.39,0.00,0.44,0.00,0.00,
49.59,FLYING,SEARCH,0,,,,,76,0,0,0,0,76,CRUISE,,0.23,0.26,0.42,0.00,0.31,0.00,0.00,
49.65,FLYING,SEARCH,0,,,,,76,0,0,0,0,76,CRUISE,,0.23,0.29,0.55,0.00,0.44,0.00,0.00,
49.70,FLYING,SEARCH,0,,,,,76,0,0,0,0,76,CRUISE,,0.67,0.63,0.62,0.00,0.31,0.00,0.00,
49.75,FLYING,SEARCH,0,,,,,76,0,0,0,0,76,CRUISE,,0.89,0.80,0.62,0.00,0.44,0.00,0.00,
49.81,FLYING,SEARCH,0,,,,,76,0,0,0,0,76,CRUISE,,0.63,0.50,0.58,0.00,0.31,0.00,0.00,
49.86,FLYING,SEARCH,0,,,,,76,0,0,0,0,76,CRUISE,,0.50,0.34,0.56,0.00,0.44,0.00,0.00,
49.91,FLYING,SEARCH,0,,,,,76,0,0,0,0,76,CRUISE,,0.57,0.36,0.87,0.00,0.31,0.00,0.00,
49.97,FLYING,SEARCH,0,,,,,76,0,0,0,0,76,CRUISE,,0.60,0.37,1.02,0.00,0.21,0.00,0.00,
50.02,FLYING,SEARCH,0,,,,,76,0,0,0,0,76,CRUISE,,0.39,0.28,0.64,0.00,0.15,0.00,0.00,
50.07,FLYING,SEARCH,0,,,,,76,0,0,0,0,76,CRUISE,,0.28,0.23,0.37,0.00,0.10,0.00,0.00,
50.13,FLYING,SEARCH,0,,,,,76,0,0,0,0,76,CRUISE,,0.22,0.19,0.24,0.00,0.07,0.00,0.00,
50.18,FLYING,SEARCH,0,,,,,76,0,0,0,0,76,CRUISE,,0.18,0.14,0.18,0.00,0.05,0.00,0.00,
50.23,FLYING,SEARCH,0,,,,,76,0,0,0,0,76,CRUISE,,0.16,0.11,0.15,0.00,0.04,0.00,0.00,
50.29,FLYING,SEARCH,0,,,,,76,0,0,0,0,76,CRUISE,,0.13,0.09,0.13,0.00,0.03,0.00,0.00,
50.34,FLYING,SEARCH,0,,,,,76,0,0,0,0,76,CRUISE,,0.15,0.15,0.12,0.00,0.44,0.00,0.00,
50.39,FLYING,SEARCH,0,,,,,76,0,0,0,0,76,CRUISE,,0.18,0.17,0.21,0.00,0.31,0.00,0.00,
50.46,FLYING,SEARCH,0,,,,,76,0,0,0,0,76,CRUISE,,0.26,0.18,0.26,0.00,0.21,0.00,0.00,
50.50,FLYING,SEARCH,0,,,,,76,0,0,0,0,76,CRUISE,,0.30,0.15,0.22,0.00,0.15,0.00,0.00,
50.55,FLYING,SEARCH,0,,,,,76,0,0,0,0,76,CRUISE,,0.26,0.12,0.20,0.00,0.44,0.00,0.00,
50.61,FLYING,SEARCH,0,,,,,76,0,0,0,0,76,CRUISE,,0.23,0.10,0.25,0.00,0.31,0.00,0.00,
50.66,FLYING,SEARCH,0,,,,,76,0,0,0,2,76,CRUISE,,0.22,0.12,0.27,0.00,0.21,0.00,0.00,
50.71,FLYING,SEARCH,0,,,,,76,0,0,0,4,76,CRUISE,,0.23,0.13,0.25,0.00,0.15,0.00,0.00,
50.78,FLYING,SEARCH,0,,,,,76,0,0,0,5,76,CRUISE,,0.24,0.17,0.21,0.00,0.10,0.00,0.00,
50.82,FLYING,SEARCH,0,,,,,76,0,0,0,6,76,CRUISE,,0.22,0.15,0.16,0.00,0.07,0.00,0.00,
50.87,FLYING,SEARCH,0,,,,,76,0,0,0,7,76,CRUISE,,0.20,0.12,0.14,0.00,0.05,0.00,0.00,
50.94,FLYING,SEARCH,0,,,,,76,0,0,0,7,76,CRUISE,,0.19,0.11,0.15,0.00,0.04,0.00,0.00,
50.98,FLYING,SEARCH,0,,,,,76,0,0,0,7,76,CRUISE,,0.18,0.10,0.15,0.00,0.03,0.00,0.00,
51.03,FLYING,SEARCH,0,,,,,76,0,0,0,7,76,CRUISE,,0.19,0.10,0.16,0.00,0.02,0.00,0.00,
51.10,FLYING,SEARCH,0,,,,,76,0,0,0,7,76,CRUISE,,0.21,0.11,0.24,0.00,0.01,0.00,0.00,
51.14,FLYING,SEARCH,0,,,,,76,0,0,0,7,76,CRUISE,,0.26,0.11,0.28,0.00,0.01,0.00,0.00,
51.19,FLYING,SEARCH,0,,,,,76,0,0,0,7,76,CRUISE,,0.29,0.09,0.24,0.00,0.01,0.00,0.00,
51.26,FLYING,SEARCH,0,,,,,76,0,0,0,7,76,CRUISE,,0.32,0.08,0.22,0.00,0.44,0.00,0.00,
51.30,FLYING,SEARCH,0,,,,,76,0,0,0,7,76,CRUISE,,0.52,0.29,0.61,0.00,0.31,0.00,0.00,
51.35,FLYING,SEARCH,0,,,,,76,0,0,0,7,76,CRUISE,,0.61,0.40,0.81,0.00,0.21,0.00,0.00,
51.42,FLYING,SEARCH,0,,,,,76,0,0,0,7,76,CRUISE,,0.49,0.38,0.49,0.00,0.15,0.00,0.00,
51.46,FLYING,SEARCH,0,,,,,76,0,0,0,7,76,CRUISE,,0.41,0.34,0.33,0.00,0.10,0.00,0.00,
51.51,FLYING,SEARCH,0,,,,,76,0,0,0,7,76,CRUISE,,0.36,0.34,0.25,0.00,0.07,0.00,0.00,
51.58,FLYING,SEARCH,0,,,,,76,0,0,0,7,76,CRUISE,,0.33,0.34,0.21,0.00,0.05,0.00,0.00,
51.62,FLYING,SEARCH,0,,,,,76,0,0,0,7,76,CRUISE,,0.33,0.33,0.17,0.00,0.04,0.00,0.00,
51.67,FLYING,SEARCH,0,,,,,76,0,0,0,5,76,CRUISE,,0.36,0.33,0.15,0.00,0.03,0.00,0.00,
51.74,FLYING,SEARCH,0,,,,,76,0,0,0,3,76,CRUISE,,0.42,0.32,0.14,0.00,0.02,0.00,0.00,
51.78,FLYING,SEARCH,0,,,,,76,0,0,0,2,76,CRUISE,,0.45,0.31,0.14,0.00,0.01,0.00,0.00,
51.83,FLYING,SEARCH,0,,,,,76,0,0,0,1,76,CRUISE,,0.51,0.34,0.17,0.00,0.44,0.00,0.00,
51.90,FLYING,SEARCH,0,,,,,76,0,0,0,0,76,CRUISE,,0.59,0.53,0.86,0.00,0.31,0.00,0.00,
51.94,FLYING,SEARCH,0,,,,,76,0,0,0,0,76,CRUISE,,0.64,0.62,1.20,0.00,0.44,0.00,0.00,
51.99,FLYING,SEARCH,0,,,,,76,0,0,0,0,76,CRUISE,,0.63,0.49,0.89,0.00,0.31,0.00,0.00,
52.06,FLYING,SEARCH,0,,,,,76,0,0,0,0,76,CRUISE,,0.49,0.42,0.61,0.00,0.21,0.00,0.00,
52.10,FLYING,SEARCH,0,,,,,76,0,0,0,0,76,CRUISE,,0.39,0.30,0.39,0.00,0.15,0.00,0.00,
52.15,FLYING,SEARCH,0,,,,,76,0,0,0,0,76,CRUISE,,0.31,0.23,0.27,0.00,0.10,0.00,0.00,
52.22,FLYING,SEARCH,0,,,,,76,0,0,0,0,76,CRUISE,,0.26,0.19,0.22,0.00,0.07,0.00,0.00,
52.26,FLYING,SEARCH,0,,,,,76,0,0,0,0,76,CRUISE,,0.24,0.18,0.20,0.00,0.44,0.00,0.00,
52.31,FLYING,SEARCH,0,,,,,76,0,0,0,0,76,CRUISE,,0.23,0.22,0.21,0.00,0.31,0.00,0.00,
52.38,FLYING,SEARCH,0,,,,,76,0,0,0,0,76,CRUISE,,0.27,0.18,0.21,0.00,0.21,0.00,0.00,
52.42,FLYING,SEARCH,0,,,,,76,0,0,0,0,76,CRUISE,,0.29,0.17,0.21,0.00,0.15,0.00,0.00,
52.47,FLYING,SEARCH,0,,,,,76,0,0,0,0,76,CRUISE,,0.24,0.12,0.20,0.00,0.10,0.00,0.00,
52.54,FLYING,SEARCH,0,,,,,76,0,0,0,0,76,CRUISE,,0.19,0.10,0.20,0.00,0.07,0.00,0.00,
52.59,FLYING,SEARCH,0,,,,,76,0,0,0,0,76,CRUISE,,0.16,0.08,0.20,0.00,0.05,0.00,0.00,
52.63,FLYING,SEARCH,0,,,,,76,0,0,0,0,76,CRUISE,,0.14,0.10,0.19,0.00,0.04,0.00,0.00,
52.70,FLYING,SEARCH,0,,,,,76,0,0,0,0,76,CRUISE,,0.15,0.11,0.19,0.00,0.03,0.00,0.00,
52.75,FLYING,SEARCH,0,,,,,76,0,0,0,0,76,CRUISE,,0.16,0.12,0.19,0.00,0.02,0.00,0.00,
52.79,FLYING,SEARCH,0,,,,,76,0,0,0,0,76,CRUISE,,0.14,0.11,0.21,0.00,0.01,0.00,0.00,
52.86,FLYING,SEARCH,0,,,,,76,0,0,0,0,76,CRUISE,,0.12,0.11,0.18,0.00,0.01,0.00,0.00,
52.91,FLYING,SEARCH,0,,,,,76,0,0,0,0,76,CRUISE,,0.12,0.10,0.17,0.00,0.01,0.00,0.00,
52.95,FLYING,SEARCH,0,,,,,76,0,0,0,0,76,CRUISE,,0.12,0.09,0.16,0.00,0.00,0.00,0.00,
53.02,FLYING,SEARCH,0,,,,,76,0,0,0,0,76,CRUISE,,0.14,0.08,0.16,0.00,0.00,0.00,0.00,
53.07,FLYING,SEARCH,0,,,,,76,0,0,0,0,76,CRUISE,,0.16,0.08,0.16,0.00,0.00,0.00,0.00,
53.11,FLYING,SEARCH,0,,,,,76,0,0,0,0,76,CRUISE,,0.20,0.11,0.15,0.00,0.00,0.00,0.00,
53.18,FLYING,SEARCH,0,,,,,76,0,0,0,0,76,CRUISE,,0.20,0.12,0.15,0.00,0.00,0.00,0.00,
53.23,FLYING,SEARCH,0,,,,,76,0,0,0,0,76,CRUISE,,0.20,0.13,0.14,0.00,0.00,0.00,0.00,
53.27,FLYING,SEARCH,0,,,,,76,0,0,0,0,76,CRUISE,,0.16,0.14,0.15,0.00,0.00,0.00,0.00,
53.34,FLYING,SEARCH,0,,,,,76,0,0,0,0,76,CRUISE,,0.14,0.15,0.15,0.00,0.00,0.00,0.00,
53.39,FLYING,SEARCH,0,,,,,76,0,0,0,0,76,CRUISE,,0.14,0.11,0.11,0.00,0.00,0.00,0.00,
53.43,FLYING,SEARCH,0,,,,,76,0,0,0,0,76,CRUISE,,0.16,0.09,0.10,0.00,0.00,0.00,0.00,
53.50,FLYING,SEARCH,0,,,,,76,0,0,0,0,76,CRUISE,,0.17,0.11,0.18,0.00,0.00,0.00,0.00,
53.55,FLYING,SEARCH,0,,,,,76,0,0,0,0,76,CRUISE,,0.17,0.12,0.23,0.00,0.00,0.00,0.00,
53.60,FLYING,SEARCH,0,,,,,76,0,0,0,0,76,CRUISE,,0.17,0.13,0.23,0.00,0.00,0.00,0.00,
53.66,FLYING,SEARCH,0,,,,,76,0,0,0,2,76,CRUISE,,0.17,0.13,0.24,0.00,0.00,0.00,0.00,
53.71,FLYING,SEARCH,0,,,,,76,0,0,0,4,76,CRUISE,,0.18,0.15,0.24,0.00,0.00,0.00,0.00,
53.76,FLYING,SEARCH,0,,,,,76,0,0,0,5,76,CRUISE,,0.18,0.16,0.18,0.00,0.00,0.00,0.00,
53.82,FLYING,SEARCH,0,,,,,76,0,0,0,6,76,CRUISE,,0.20,0.18,0.14,0.00,0.00,0.00,0.00,
53.87,FLYING,SEARCH,0,,,,,76,0,0,0,7,76,CRUISE,,0.21,0.19,0.19,0.00,0.00,0.00,0.00,
53.92,FLYING,SEARCH,0,,,,,76,0,0,0,7,76,CRUISE,,0.19,0.19,0.25,0.00,0.00,0.00,0.00,
53.98,FLYING,SEARCH,0,,,,,76,0,0,0,7,76,CRUISE,,0.18,0.22,0.28,0.00,0.44,0.00,0.00,
54.03,FLYING,SEARCH,0,,,,,76,0,0,0,7,76,CRUISE,,0.66,0.50,0.29,0.00,0.31,0.00,0.00,
54.08,FLYING,SEARCH,0,,,,,76,0,0,0,7,76,CRUISE,,0.90,0.64,0.21,0.00,0.21,0.00,0.00,
54.15,FLYING,SEARCH,0,,,,,76,0,0,0,7,76,CRUISE,,0.57,0.38,0.17,0.00,0.15,0.00,0.00,
54.19,FLYING,SEARCH,0,,,,,76,0,0,0,7,76,CRUISE,,0.41,0.26,0.16,0.00,0.44,0.00,0.00,
54.24,FLYING,SEARCH,0,,,,,76,0,0,0,7,76,CRUISE,,0.63,0.56,0.71,0.00,0.31,0.00,0.00,
54.31,FLYING,SEARCH,0,,,,,76,0,0,0,7,76,CRUISE,,0.73,0.71,0.98,0.00,0.21,0.00,0.00,
54.35,FLYING,SEARCH,0,,,,,76,0,0,0,7,76,CRUISE,,0.53,0.45,0.57,0.00,0.15,0.00,0.00,
54.40,FLYING,SEARCH,0,,,,,76,0,0,0,7,76,CRUISE,,0.40,0.32,0.34,0.00,0.10,0.00,0.00,
54.47,FLYING,SEARCH,0,,,,,76,0,0,0,7,76,CRUISE,,0.33,0.25,0.22,0.00,0.07,0.00,0.00,
54.51,FLYING,SEARCH,0,,,,,76,0,0,0,7,76,CRUISE,,0.30,0.21,0.16,0.00,0.05,0.00,0.00,
54.56,FLYING,SEARCH,0,,,,,76,0,0,0,7,76,CRUISE,,0.33,0.20,0.14,0.00,0.04,0.00,0.00,
54.63,FLYING,SEARCH,0,,,,,76,0,0,0,7,76,CRUISE,,0.36,0.22,0.12,0.00,0.03,0.00,0.00,
54.67,FLYING,SEARCH,0,,,,,76,0,0,0,5,76,CRUISE,,0.38,0.24,0.11,0.00,0.02,0.00,0.00,
54.72,FLYING,SEARCH,0,,,,,76,0,0,0,3,76,CRUISE,,0.31,0.24,0.11,0.00,0.01,0.00,0.00,
54.79,FLYING,SEARCH,0,,,,,76,0,0,0,2,76,CRUISE,,0.28,0.23,0.11,0.00,0.01,0.00,0.00,
54.84,FLYING,SEARCH,0,,,,,76,0,0,0,1,76,CRUISE,,0.30,0.26,0.11,0.00,0.44,0.00,0.00,
54.88,FLYING,SEARCH,0,,,,,76,0,0,0,0,76,CRUISE,,0.40,0.47,0.69,0.00,0.31,0.00,0.00,
54.95,FLYING,SEARCH,0,,,,,76,0,0,0,0,76,CRUISE,,0.44,0.58,0.98,0.00,0.21,0.00,0.00,
55.00,FLYING,SEARCH,0,,,,,76,0,0,0,0,76,CRUISE,,0.36,0.39,0.61,0.00,0.15,0.00,0.00,
55.04,FLYING,SEARCH,0,,,,,76,0,0,0,0,76,CRUISE,,0.30,0.29,0.42,0.00,0.10,0.00,0.00,
55.11,FLYING,SEARCH,0,,,,,76,0,0,0,0,76,CRUISE,,0.26,0.22,0.28,0.00,0.07,0.00,0.00,
55.16,FLYING,SEARCH,0,,,,,76,0,0,0,0,76,CRUISE,,0.20,0.15,0.21,0.00,0.05,0.00,0.00,
55.20,FLYING,SEARCH,0,,,,,76,0,0,0,0,76,CRUISE,,0.21,0.11,0.17,0.00,0.04,0.00,0.00,
55.27,FLYING,SEARCH,0,,,,,76,0,0,0,0,76,CRUISE,,0.22,0.18,0.20,0.00,0.03,0.00,0.00,
55.32,FLYING,SEARCH,0,,,,,76,0,0,0,0,76,CRUISE,,0.23,0.22,0.21,0.00,0.02,0.00,0.00,
55.36,FLYING,SEARCH,0,,,,,76,0,0,0,0,76,CRUISE,,0.25,0.20,0.25,0.00,0.01,0.00,0.00,
55.43,FLYING,SEARCH,0,,,,,76,0,0,0,0,76,CRUISE,,0.23,0.15,0.22,0.00,0.01,0.00,0.00,
55.48,FLYING,SEARCH,0,,,,,76,0,0,0,0,76,CRUISE,,0.20,0.13,0.21,0.00,0.01,0.00,0.00,
55.52,FLYING,SEARCH,0,,,,,76,0,0,0,0,76,CRUISE,,0.18,0.11,0.21,0.00,0.00,0.00,0.00,
55.59,FLYING,SEARCH,0,,,,,76,0,0,0,0,76,CRUISE,,0.18,0.14,0.25,0.00,0.00,0.00,0.00,
55.64,FLYING,SEARCH,0,,,,,76,0,0,0,0,76,CRUISE,,0.18,0.17,0.27,0.00,0.00,0.00,0.00,
55.68,FLYING,SEARCH,0,,,,,76,0,0,0,0,76,CRUISE,,0.17,0.17,0.27,0.00,0.00,0.00,0.00,
55.75,FLYING,SEARCH,0,,,,,76,0,0,0,0,76,CRUISE,,0.17,0.19,0.21,0.00,0.00,0.00,0.00,
55.80,FLYING,SEARCH,0,,,,,76,0,0,0,0,76,CRUISE,,0.17,0.18,0.17,0.00,0.00,0.00,0.00,
55.85,FLYING,SEARCH,0,,,,,76,0,0,0,0,75,CRUISE,,0.14,0.17,0.15,0.00,0.00,0.00,0.00,
55.91,FLYING,SEARCH,0,,,,,76,0,0,0,0,75,CRUISE,,0.12,0.17,0.15,0.00,0.00,0.00,0.00,
55.96,FLYING,SEARCH,0,,,,,76,0,0,0,0,75,CRUISE,,0.16,0.17,0.15,0.00,0.00,0.00,0.00,
56.00,FLYING,SEARCH,0,,,,,76,0,0,0,0,75,CRUISE,,0.19,0.20,0.15,0.00,0.00,0.00,0.00,
56.07,FLYING,SEARCH,0,,,,,76,0,0,0,0,75,CRUISE,,0.21,0.22,0.18,0.00,0.00,0.00,0.00,
56.12,FLYING,SEARCH,0,,,,,76,0,0,0,0,75,CRUISE,,0.22,0.19,0.19,0.00,0.00,0.00,0.00,
56.17,FLYING,SEARCH,0,,,,,76,0,0,0,0,75,CRUISE,,0.20,0.18,0.20,0.00,0.00,0.00,0.00,
56.23,FLYING,SEARCH,0,,,,,76,0,0,0,0,75,CRUISE,,0.19,0.18,0.20,0.00,0.00,0.00,0.00,
56.28,FLYING,SEARCH,0,,,,,76,0,0,0,0,75,CRUISE,,0.16,0.18,0.20,0.00,0.00,0.00,0.00,
56.33,FLYING,SEARCH,0,,,,,76,0,0,0,0,75,CRUISE,,0.15,0.18,0.19,0.00,0.00,0.00,0.00,
56.39,FLYING,SEARCH,0,,,,,76,0,0,0,0,75,CRUISE,,0.14,0.16,0.19,0.00,0.00,0.00,0.00,
56.44,FLYING,SEARCH,0,,,,,76,0,0,0,0,75,CRUISE,,0.15,0.17,0.21,0.00,0.00,0.00,0.00,
56.49,FLYING,SEARCH,0,,,,,76,0,0,0,0,75,CRUISE,,0.15,0.16,0.22,0.00,0.00,0.00,0.00,
56.56,FLYING,SEARCH,0,,,,,76,0,0,0,0,75,CRUISE,,0.15,0.17,0.22,0.00,0.00,0.00,0.00,
56.60,FLYING,SEARCH,0,,,,,76,0,0,0,0,75,CRUISE,,0.21,0.20,0.22,0.00,0.00,0.00,0.00,
56.65,FLYING,SEARCH,0,,,,,76,0,0,0,2,75,CRUISE,,0.24,0.25,0.25,0.00,0.00,0.00,0.00,
56.72,FLYING,SEARCH,0,,,,,76,0,0,0,4,75,CRUISE,,0.25,0.28,0.26,0.00,0.00,0.00,0.00,
56.76,FLYING,SEARCH,0,,,,,76,0,0,0,5,75,CRUISE,,0.24,0.25,0.20,0.00,0.00,0.00,0.00,
56.81,FLYING,SEARCH,0,,,,,76,0,0,0,6,75,CRUISE,,0.21,0.24,0.17,0.00,0.00,0.00,0.00,
56.88,FLYING,SEARCH,0,,,,,76,0,0,0,7,75,CRUISE,,0.20,0.22,0.18,0.00,0.00,0.00,0.00,
56.92,FLYING,SEARCH,0,,,,,76,0,0,0,7,75,CRUISE,,0.19,0.21,0.19,0.00,0.00,0.00,0.00,
56.97,FLYING,SEARCH,0,,,,,76,0,0,0,7,75,CRUISE,,0.19,0.20,0.17,0.00,0.00,0.00,0.00,
57.04,FLYING,SEARCH,0,,,,,76,0,0,0,7,75,CRUISE,,0.17,0.16,0.16,0.00,0.00,0.00,0.00,
57.08,FLYING,SEARCH,0,,,,,76,0,0,0,7,75,CRUISE,,0.15,0.14,0.15,0.00,0.00,0.00,0.00,
57.13,FLYING,SEARCH,0,,,,,76,0,0,0,7,75,CRUISE,,0.15,0.14,0.15,0.00,0.00,0.00,0.00,
57.21,FLYING,SEARCH,0,,,,,76,0,0,0,7,75,CRUISE,,0.43,0.25,0.17,0.00,0.00,0.00,0.00,
57.26,FLYING,SEARCH,0,,,,,76,0,0,0,7,75,CRUISE,,0.58,0.30,0.21,0.00,0.00,0.00,0.00,
57.30,FLYING,SEARCH,0,,,,,76,0,0,0,7,75,CRUISE,,0.48,0.39,0.23,0.00,0.44,0.00,0.00,
57.37,FLYING,SEARCH,0,,,,,76,0,0,0,7,75,CRUISE,,0.38,0.41,0.41,0.00,0.31,0.00,0.00,
57.42,FLYING,SEARCH,0,,,,,76,0,0,0,7,75,CRUISE,,0.32,0.45,0.50,0.00,0.21,0.00,0.00,
57.46,FLYING,SEARCH,0,,,,,76,0,0,0,7,75,CRUISE,,0.44,0.53,0.53,0.00,0.15,0.00,0.00,
57.53,FLYING,SEARCH,0,,,,,76,0,0,0,7,75,CRUISE,,0.70,0.67,0.40,0.00,0.10,0.00,0.00,
57.58,FLYING,SEARCH,0,,,,,76,0,0,0,7,75,CRUISE,,0.83,0.76,0.33,0.00,0.07,0.00,0.00,
57.62,FLYING,SEARCH,0,,,,,76,0,0,0,7,75,CRUISE,,0.81,0.79,0.30,0.00,0.44,0.00,0.00,
57.69,FLYING,SEARCH,0,,,,,76,0,0,0,5,75,CRUISE,,0.55,0.57,0.35,0.00,0.31,0.00,0.00,
57.74,FLYING,SEARCH,0,,,,,76,0,0,0,3,75,CRUISE,,0.43,0.46,0.41,0.00,0.21,0.00,0.00,
57.78,FLYING,SEARCH,0,,,,,76,0,0,0,2,75,CRUISE,,0.67,0.45,0.44,0.00,0.15,0.00,0.00,
57.85,FLYING,SEARCH,0,,,,,76,0,0,0,1,75,CRUISE,,0.79,0.45,0.60,0.00,0.44,0.00,0.00,
57.90,FLYING,SEARCH,0,,,,,76,0,0,0,0,75,CRUISE,,0.63,0.34,0.69,0.00,0.31,0.00,0.00,
57.94,FLYING,SEARCH,0,,,,,76,0,0,0,0,75,CRUISE,,0.55,0.28,0.73,0.00,0.87,0.00,0.00,
58.01,FLYING,SEARCH,0,,,,,76,0,0,0,0,75,CRUISE,,0.90,0.48,0.79,0.00,0.61,0.00,0.00,
58.06,FLYING,SEARCH,0,,,,,76,0,0,0,0,75,CRUISE,,1.08,0.58,0.82,0.00,0.43,0.00,0.00,
58.11,FLYING,SEARCH,0,,,,,76,0,0,0,0,75,CRUISE,,1.04,0.63,0.84,0.00,0.44,0.00,0.00,
58.17,FLYING,SEARCH,0,,,,,76,0,0,0,0,75,CRUISE,,1.03,0.86,1.17,0.00,0.31,0.00,0.03,
58.22,FLYING,SEARCH,0,,,,,76,0,0,0,0,75,CRUISE,,1.02,0.97,1.34,0.00,0.87,0.00,0.00,
58.26,FLYING,SEARCH,0,,,,,76,0,0,0,0,75,CRUISE,,1.04,0.82,1.28,0.00,0.61,0.00,0.00,
58.33,FLYING,SEARCH,0,,,,,76,0,0,0,0,75,CRUISE,,0.88,0.62,1.17,0.00,0.43,0.00,0.00,
58.38,FLYING,SEARCH,0,,,,,76,0,0,0,0,75,CRUISE,,0.66,0.36,0.68,0.00,0.30,0.00,0.00,
58.43,FLYING,SEARCH,0,,,,,76,0,0,0,0,75,CRUISE,,0.55,0.23,0.43,0.00,0.21,0.00,0.00,
58.49,FLYING,SEARCH,0,,,,,76,0,0,0,0,75,CRUISE,,0.50,0.21,0.31,0.00,0.15,0.00,0.00,
58.54,FLYING,SEARCH,0,,,,,76,0,0,0,0,75,CRUISE,,0.58,0.21,0.25,0.00,0.10,0.00,0.00,
58.59,FLYING,SEARCH,0,,,,,76,0,0,0,0,75,CRUISE,,0.63,0.23,0.25,0.00,0.07,0.00,0.00,
58.65,FLYING,SEARCH,0,,,,,76,0,0,0,0,75,CRUISE,,0.65,0.24,0.25,0.00,0.05,0.00,0.00,
58.70,FLYING,SEARCH,0,,,,,76,0,0,0,0,75,CRUISE,,0.84,0.28,0.26,0.00,0.04,0.00,0.00,
58.75,FLYING,SEARCH,0,,,,,76,0,0,0,0,75,CRUISE,,1.28,1.31,0.26,0.15,0.02,0.24,0.24,
58.82,FLYING,SCARED,0,,,,,76,0,-40,0,0,75,CRUISE,RIGHT,3.09,1.83,0.24,0.86,0.02,1.00,0.51,
58.87,FLYING,SCARED,0,,,,,76,0,-40,0,0,75,ESCAPE,RIGHT,3.89,1.02,0.23,0.90,0.01,1.00,0.10,
58.91,FLYING,SCARED,0,,,,,76,0,-40,0,0,75,ESCAPE,RIGHT,4.28,0.59,0.22,0.82,0.01,1.00,0.00,
58.98,FLYING,SCARED,0,,,,,76,0,-40,0,0,75,ESCAPE,RIGHT,2.28,0.38,0.22,0.87,0.01,0.74,0.00,
59.03,FLYING,SCARED,0,,,,,76,0,-40,0,0,75,ESCAPE,RIGHT,1.28,0.28,0.19,0.75,0.00,0.24,0.00,
59.08,FLYING,SCARED,0,,,,,76,0,-40,0,0,75,ESCAPE,RIGHT,0.78,0.24,0.20,0.42,0.44,0.00,0.00,
59.14,FLYING,SCARED,0,,,,,76,0,-40,0,0,75,ESCAPE,,0.95,0.40,0.51,0.24,0.31,0.00,0.00,
59.19,FLYING,SCARED,0,,,,,76,0,-40,0,0,75,ESCAPE,,1.04,0.48,0.67,0.13,0.21,0.01,0.00,
59.24,FLYING,SCARED,0,,,,,76,0,-40,0,0,75,ESCAPE,,0.62,0.50,0.53,0.08,0.15,0.00,0.00,
59.30,FLYING,SCARED,0,,,,,76,0,-40,0,0,75,ESCAPE,,0.41,0.51,0.47,0.04,0.44,0.00,0.00,
59.35,FLYING,SCARED,0,,,,,76,0,-40,0,0,75,ESCAPE,,0.55,0.45,0.58,0.02,0.31,0.00,0.00,
59.40,FLYING,SCARED,0,,,,,76,0,-40,0,0,75,ESCAPE,,0.62,0.43,0.73,0.01,0.44,0.00,0.00,
59.47,FLYING,SCARED,0,,,,,76,0,-40,0,0,75,ESCAPE,,0.54,0.41,0.82,0.01,0.31,0.00,0.00,
59.51,FLYING,SCARED,0,,,,,76,0,-40,0,0,75,ESCAPE,,0.49,0.34,0.87,0.00,0.44,0.00,0.00,
59.56,FLYING,SCARED,0,,,,,76,0,-40,0,0,75,ESCAPE,,0.53,0.26,0.64,0.00,0.31,0.00,0.00,
59.63,FLYING,SCARED,0,,,,,76,0,-40,0,0,75,ESCAPE,,0.54,0.22,0.46,0.00,0.21,0.00,0.00,
59.67,FLYING,SCARED,0,,,,,76,0,-40,0,0,75,ESCAPE,,0.48,0.16,0.40,0.00,0.15,0.00,0.00,
59.72,FLYING,SCARED,0,,,,,76,0,-40,0,0,75,ESCAPE,,0.45,0.19,0.36,0.00,0.44,0.00,0.00,
59.79,FLYING,SCARED,0,,,,,76,0,-40,0,0,75,ESCAPE,,0.45,0.20,0.62,0.00,0.31,0.00,0.00,
59.83,FLYING,WAIT,0,,,,,76,0,-26,0,0,75,ESCAPE,,0.45,0.21,0.75,0.00,0.44,0.00,0.00,
59.88,FLYING,WAIT,0,,,,,76,0,-16,0,0,75,ESCAPE,,0.39,0.13,0.54,0.00,0.31,0.00,0.00,
59.95,FLYING,WAIT,0,,,,,76,0,-10,0,0,75,ESCAPE,,0.36,0.09,0.40,0.00,0.21,0.00,0.00,
59.99,FLYING,WAIT,0,,,,,76,0,-7,0,0,75,ESCAPE,,0.35,0.17,0.37,0.00,0.15,0.00,0.00,
60.04,FLYING,WAIT,0,,,,,76,0,-4,0,0,75,ESCAPE,,0.42,0.21,0.36,0.00,0.10,0.00,0.00,
60.11,FLYING,WAIT,0,,,,,76,0,-3,0,0,75,ESCAPE,,0.47,0.24,0.43,0.00,0.44,0.00,0.00,
60.16,FLYING,WAIT,0,,,,,76,0,-1,0,0,75,ESCAPE,,0.74,0.49,0.47,0.00,0.31,0.00,0.00,
60.20,FLYING,WAIT,0,,,,,76,0,-1,0,0,75,ESCAPE,,0.99,0.85,0.71,0.00,0.44,0.00,0.00,
60.27,FLYING,WAIT,0,,,,,76,0,0,0,0,75,ESCAPE,,1.04,1.05,0.85,0.00,0.31,0.00,0.00,
60.32,FLYING,WAIT,0,,,,,76,0,0,0,0,75,ESCAPE,,1.07,1.15,0.92,0.00,0.21,0.07,0.07,
60.36,FLYING,WAIT,0,,,,,76,0,0,0,0,75,ESCAPE,,0.87,0.65,0.59,0.00,0.15,0.00,0.00,
60.43,FLYING,WAIT,0,,,,,76,0,0,0,0,75,ESCAPE,,0.77,0.40,0.43,0.00,0.44,0.00,0.00,
60.48,FLYING,WAIT,0,,,,,76,0,0,0,0,75,CRUISE,,0.72,0.64,0.59,0.00,0.31,0.00,0.00,
60.53,FLYING,WAIT,0,,,,,76,0,0,0,0,75,CRUISE,,0.83,0.75,0.69,0.00,0.44,0.00,0.00,
60.59,FLYING,WAIT,0,,,,,76,0,0,0,0,75,CRUISE,,1.20,0.46,0.74,0.00,0.31,0.05,0.00,
60.64,FLYING,WAIT,0,,,,,76,0,0,0,0,75,CRUISE,,1.39,0.26,0.76,0.00,0.21,0.19,0.00,
60.69,FLYING,WAIT,0,,,,,76,0,0,0,0,75,CRUISE,,0.79,0.16,0.49,0.00,0.15,0.00,0.00,
60.75,FLYING,WAIT,0,,,,,76,0,0,0,0,75,CRUISE,,0.48,0.11,0.27,0.00,0.10,0.00,0.00,
60.80,FLYING,WAIT,0,,,,,76,0,0,0,0,75,CRUISE,,0.34,0.08,0.17,0.00,0.07,0.00,0.00,
60.85,FLYING,WAIT,0,,,,,76,0,0,0,0,75,CRUISE,,0.25,0.04,0.12,0.00,0.05,0.00,0.00,
60.91,FLYING,WAIT,0,,,,,76,0,0,0,0,74,CRUISE,,0.20,0.03,0.11,0.00,0.04,0.00,0.00,
60.96,FLYING,WAIT,0,,,,,76,0,0,0,0,74,CRUISE,,0.17,0.09,0.11,0.00,1.31,0.00,0.00,
61.01,FLYING,WAIT,0,,,,,76,0,0,0,0,74,CRUISE,,1.06,0.97,0.68,0.00,0.92,0.00,0.00,
61.07,FLYING,WAIT,0,,,,,76,0,0,0,0,74,CRUISE,,1.51,1.41,0.96,0.00,0.64,0.03,0.00,
61.12,FLYING,WAIT,0,,,,,76,0,0,0,0,74,CRUISE,,1.67,1.10,1.13,0.00,0.87,0.00,0.00,
61.17,FLYING,WAIT,0,,,,,76,0,0,0,0,74,CRUISE,,1.75,0.94,1.21,0.00,0.61,0.17,0.00,
61.24,FLYING,WAIT,0,,,,,76,0,0,0,0,74,CRUISE,,1.80,0.86,1.25,0.00,0.43,0.28,0.01,
61.27,FLYING,WAIT,0,,,,,76,0,0,0,0,74,CRUISE,,1.05,0.58,0.72,0.00,0.30,0.00,0.00,HAND
61.32,FLYING,WAIT,0,,,,,76,0,0,0,0,74,CRUISE,,0.68,0.44,0.46,0.00,0.44,0.00,0.00,
61.38,FLYING,WAIT,0,,,,,76,0,0,0,0,74,CRUISE,,0.93,0.43,0.75,0.00,0.31,0.00,0.00,
61.43,FLYING,WAIT,0,,,,,76,0,0,0,0,74,CRUISE,,1.06,0.42,0.90,0.00,0.21,0.02,0.00,
61.48,FLYING,WAIT,0,,,,,76,0,0,0,0,74,CRUISE,,0.61,0.30,0.54,0.00,0.15,0.00,0.00,
61.55,FLYING,WAIT,0,,,,,76,0,0,0,0,74,CRUISE,,0.37,0.23,0.36,0.00,0.10,0.00,0.00,
61.59,FLYING,WAIT,0,,,,,76,0,0,0,0,74,CRUISE,,0.25,0.19,0.28,0.00,0.07,0.00,0.00,
61.64,FLYING,WAIT,0,,,,,76,0,0,0,0,74,CRUISE,,0.19,0.15,0.24,0.00,0.05,0.00,0.00,
61.70,FLYING,WAIT,0,,,,,76,0,0,0,0,74,CRUISE,,0.18,0.14,0.20,0.00,0.04,0.00,0.00,
61.75,FLYING,WAIT,0,,,,,76,0,0,0,0,74,CRUISE,,0.19,0.15,0.16,0.00,0.03,0.00,0.00,
61.80,FLYING,WAIT,0,,,,,76,0,0,0,0,74,CRUISE,,0.26,0.17,0.14,0.00,0.02,0.00,0.00,
61.86,FLYING,WAIT,0,,,,,76,0,0,0,0,74,CRUISE,,0.41,0.30,0.23,0.00,0.01,0.00,0.00,
61.91,FLYING,WAIT,0,,,,,76,0,0,0,0,74,CRUISE,,0.48,0.36,0.28,0.00,0.01,0.00,0.00,
61.96,FLYING,WAIT,0,,,,,76,0,0,0,0,74,CRUISE,,0.55,0.40,0.28,0.00,0.01,0.00,0.00,
62.03,FLYING,WAIT,0,,,,,76,0,0,0,0,74,CRUISE,,0.67,0.43,0.23,0.00,0.00,0.00,0.00,
62.07,FLYING,WAIT,0,,,,,76,0,0,0,0,74,CRUISE,,0.73,0.45,0.20,0.00,0.00,0.00,0.00,
62.12,FLYING,WAIT,0,,,,,76,0,0,0,0,74,CRUISE,,0.75,0.46,0.19,0.00,0.87,0.00,0.00,
62.19,FLYING,WAIT,0,,,,,76,0,0,0,0,74,CRUISE,,1.24,1.22,0.69,0.00,0.61,0.00,0.00,
62.23,FLYING,WAIT,0,,,,,76,0,0,0,0,74,CRUISE,,1.48,1.60,0.94,0.00,0.43,0.19,0.19,
62.28,FLYING,WAIT,0,,,,,76,0,0,0,0,74,CRUISE,,1.04,0.95,0.69,0.00,0.30,0.00,0.00,
62.35,FLYING,WAIT,0,,,,,76,0,0,0,0,74,CRUISE,,0.79,0.62,0.51,0.00,0.21,0.00,0.00,
62.39,FLYING,WAIT,0,,,,,76,0,0,0,0,74,CRUISE,,0.67,0.46,0.47,0.00,0.87,0.00,0.00,
62.44,FLYING,WAIT,0,,,,,76,0,0,0,0,74,CRUISE,,0.62,0.38,0.64,0.00,0.61,0.00,0.00,
62.51,FLYING,WAIT,0,,,,,76,0,0,0,0,74,CRUISE,,0.59,0.36,0.72,0.00,0.43,0.00,0.00,
62.55,FLYING,WAIT,0,,,,,76,0,0,0,0,74,CRUISE,,0.54,0.35,0.45,0.00,0.30,0.00,0.00,
62.60,FLYING,WAIT,0,,,,,76,0,0,0,0,74,CRUISE,,0.33,0.26,0.32,0.00,0.21,0.00,0.00,
62.67,FLYING,WAIT,0,,,,,76,0,0,0,0,74,CRUISE,,0.23,0.20,0.26,0.00,0.15,0.00,0.00,
62.72,FLYING,WAIT,0,,,,,76,0,0,0,0,74,CRUISE,,0.18,0.16,0.23,0.00,0.10,0.00,0.00,
62.76,FLYING,WAIT,0,,,,,76,0,0,0,0,74,CRUISE,,0.16,0.14,0.21,0.00,0.07,0.00,0.00,
62.83,FLYING,WAIT,0,,,,,76,0,0,0,0,74,CRUISE,,0.22,0.21,0.22,0.00,0.05,0.00,0.00,
62.88,FLYING,WAIT,0,,,,,76,0,0,0,0,74,CRUISE,,0.24,0.24,0.23,0.00,0.04,0.00,0.00,
62.92,FLYING,WAIT,0,,,,,76,0,0,0,0,74,CRUISE,,0.27,0.26,0.27,0.00,0.02,0.00,0.00,
62.99,FLYING,WAIT,0,,,,,76,0,0,0,0,74,CRUISE,,0.38,0.24,0.26,0.00,0.02,0.00,0.00,
63.04,FLYING,WAIT,0,,,,,76,0,0,0,0,74,CRUISE,,0.44,0.23,0.26,0.00,0.01,0.00,0.00,
63.08,FLYING,WAIT,0,,,,,76,0,0,0,0,74,CRUISE,,0.37,0.22,0.23,0.00,0.01,0.00,0.00,
63.15,FLYING,WAIT,0,,,,,76,0,0,0,0,74,CRUISE,,0.34,0.22,0.21,0.00,0.01,0.00,0.00,
63.20,FLYING,WAIT,0,,,,,76,0,0,0,0,74,CRUISE,,0.33,0.23,0.26,0.00,0.00,0.00,0.00,
63.25,FLYING,WAIT,0,,,,,76,0,0,0,0,74,CRUISE,,0.33,0.23,0.29,0.00,0.00,0.00,0.00,
63.31,FLYING,WAIT,0,,,,,76,0,0,0,0,74,CRUISE,,0.31,0.23,0.28,0.00,0.00,0.00,0.00,
63.36,FLYING,WAIT,0,,,,,76,0,0,0,0,74,CRUISE,,0.32,0.25,0.26,0.00,0.44,0.00,0.00,
63.41,FLYING,WAIT,0,,,,,76,0,0,0,0,74,CRUISE,,0.46,0.26,0.25,0.00,0.31,0.00,0.00,
63.47,FLYING,WAIT,0,,,,,76,0,0,0,0,74,CRUISE,,0.53,0.26,0.25,0.00,0.21,0.00,0.00,
63.52,FLYING,WAIT,0,,,,,76,0,0,0,0,74,CRUISE,,0.46,0.22,0.24,0.00,0.15,0.00,0.00,
63.57,FLYING,WAIT,0,,,,,76,0,0,0,0,74,CRUISE,,0.40,0.21,0.24,0.00,0.10,0.00,0.00,
63.63,FLYING,WAIT,0,,,,,76,0,0,0,0,74,CRUISE,,0.39,0.26,0.30,0.00,0.44,0.00,0.00,
63.68,FLYING,WAIT,0,,,,,76,0,0,0,0,74,CRUISE,,0.38,0.58,0.33,0.00,0.31,0.00,0.00,
63.73,FLYING,WAIT,0,,,,,76,0,0,0,0,74,CRUISE,,0.37,0.73,0.40,0.00,0.21,0.00,0.00,
63.79,FLYING,WAIT,0,,,,,76,0,0,0,0,74,CRUISE,,0.36,0.54,0.43,0.00,0.15,0.00,0.00,
63.84,FLYING,WAIT,0,,,,,76,0,0,0,0,74,CRUISE,,0.36,0.44,0.44,0.00,0.10,0.00,0.00,
63.89,FLYING,WAIT,0,,,,,76,0,0,0,0,74,CRUISE,,0.36,0.39,0.45,0.00,0.07,0.00,0.00,
63.96,FLYING,WAIT,0,,,,,76,0,0,0,0,74,CRUISE,,0.57,0.43,0.60,0.00,0.87,0.00,0.00,
64.00,FLYING,WAIT,0,,,,,76,0,0,0,0,74,CRUISE,,0.68,0.46,1.04,0.00,0.61,0.00,0.00,
64.05,FLYING,WAIT,0,,,,,76,0,0,0,0,74,CRUISE,,0.79,0.53,1.25,0.00,0.43,0.00,0.01,
64.12,FLYING,WAIT,0,,,,,76,0,0,0,0,74,CRUISE,,0.85,0.56,0.94,0.00,0.30,0.00,0.00,
64.16,FLYING,WAIT,0,,,,,76,0,0,0,0,74,CRUISE,,0.92,0.58,0.78,0.00,0.21,0.00,0.00,
64.21,FLYING,WAIT,0,,,,,76,0,0,0,0,74,CRUISE,,0.96,0.55,0.69,0.00,0.15,0.01,0.00,
64.28,FLYING,WAIT,0,,,,,76,0,0,0,0,74,CRUISE,,0.98,0.53,0.58,0.00,0.10,0.04,0.00,
64.33,FLYING,WAIT,0,,,,,76,0,0,0,0,74,CRUISE,,0.96,0.51,0.49,0.00,0.07,0.05,0.00,
64.37,FLYING,WAIT,0,,,,,76,0,0,0,0,74,CRUISE,,0.96,0.44,0.40,0.00,0.05,0.05,0.00,
64.44,FLYING,WAIT,0,,,,,76,0,0,0,0,74,CRUISE,,0.86,0.40,0.34,0.00,0.04,0.01,0.00,
64.49,FLYING,WAIT,0,,,,,76,0,0,0,0,74,CRUISE,,0.81,0.36,0.31,0.00,0.02,0.00,0.00,
64.53,FLYING,WAIT,0,,,,,76,0,0,0,0,74,CRUISE,,0.72,0.31,0.30,0.00,0.02,0.00,0.00,
64.60,FLYING,WAIT,0,,,,,76,0,0,0,0,74,CRUISE,,0.56,0.28,0.25,0.00,0.01,0.00,0.00,
64.65,FLYING,WAIT,0,,,,,76,0,0,0,0,74,CRUISE,,0.44,0.26,0.21,0.00,0.01,0.00,0.00,
64.69,FLYING,WAIT,0,,,,,76,0,0,0,0,74,CRUISE,,0.34,0.23,0.19,0.00,0.01,0.00,0.00,
64.76,FLYING,WAIT,0,,,,,76,0,0,0,0,74,CRUISE,,0.28,0.21,0.15,0.00,0.00,0.00,0.00,
64.81,FLYING,WAIT,0,,,,,76,0,0,0,0,74,CRUISE,,0.22,0.19,0.11,0.00,0.00,0.00,0.00,
64.86,FLYING,WAIT,0,,,,,76,0,0,0,0,74,CRUISE,,0.18,0.16,0.08,0.00,0.00,0.00,0.00,
64.92,FLYING,WAIT,0,,,,,76,0,0,0,0,74,CRUISE,,0.25,0.14,0.07,0.00,0.00,0.00,0.00,
64.97,FLYING,WAIT,0,,,,,76,0,0,0,0,74,CRUISE,,0.29,0.13,0.06,0.00,0.00,0.00,0.00,
65.02,FLYING,WAIT,0,,,,,76,0,0,0,0,74,CRUISE,,0.31,0.15,0.07,0.00,0.00,0.00,0.00,
65.08,FLYING,WAIT,0,,,,,76,0,0,0,0,74,CRUISE,,0.38,0.12,0.10,0.00,0.00,0.00,0.00,
65.13,FLYING,WAIT,0,,,,,76,0,0,0,0,74,CRUISE,,0.74,0.10,0.12,0.00,0.00,0.00,0.00,
65.20,FLYING,WAIT,0,,,,,76,0,0,0,0,74,CRUISE,,0.92,0.08,0.13,0.00,0.00,0.06,0.00,
65.27,FLYING,WAIT,0,,,,,76,0,0,0,0,74,CRUISE,,0.66,0.08,0.13,0.00,0.00,0.00,0.00,
65.31,FLYING,WAIT,0,,,,,76,0,0,0,0,74,CRUISE,,0.52,0.08,0.12,0.00,0.00,0.00,0.00,
65.36,FLYING,WAIT,0,,,,,76,0,0,0,0,74,CRUISE,,0.49,0.16,0.11,0.00,0.00,0.00,0.00,
65.43,FLYING,WAIT,0,,,,,76,0,0,0,0,74,CRUISE,,0.84,0.27,0.11,0.00,0.00,0.02,0.00,
65.48,FLYING,WAIT,0,,,,,76,0,0,0,0,74,CRUISE,,1.06,0.44,0.18,0.00,0.00,0.13,0.00,
65.52,FLYING,WAIT,0,,,,,76,0,0,0,0,74,CRUISE,,1.23,0.54,0.22,0.00,0.00,0.21,0.00,
65.59,FLYING,WAIT,0,,,,,76,0,0,0,0,74,AVOID_RIGHT,,1.98,0.82,0.24,0.26,0.00,0.59,0.01,
65.64,FLYING,WAIT,0,,,,,76,0,0,0,0,74,AVOID_RIGHT,,2.35,0.96,0.25,0.56,0.00,0.78,0.08,
65.69,FLYING,WAIT,0,,,,,76,0,0,0,0,74,AVOID_RIGHT,RIGHT,2.54,1.06,0.26,0.72,0.00,0.87,0.13,
65.76,FLYING,WAIT,0,,,,,76,0,0,0,0,74,ESCAPE,RIGHT,2.73,1.15,0.27,0.82,0.00,0.96,0.17,
65.81,FLYING,WAIT,0,,,,,76,0,0,0,0,74,ESCAPE,RIGHT,3.23,1.65,0.34,1.00,0.00,1.00,0.42,
65.86,FLYING,WAIT,0,,,,,76,0,0,0,0,74,ESCAPE,RIGHT,3.53,2.16,0.37,1.00,0.00,1.00,0.68,
65.92,FLYING,WAIT,0,,,,,76,0,0,0,0,74,ESCAPE,RIGHT,3.68,2.42,0.32,1.00,0.44,1.00,0.59,
65.97,FLYING,WAIT,0,,,,,76,0,0,0,0,74,ESCAPE,RIGHT,2.90,2.15,0.29,1.00,0.31,0.89,0.52,
66.02,FLYING,WAIT,0,,,,,76,0,0,0,0,74,ESCAPE,RIGHT,1.92,1.37,0.28,1.00,0.44,0.34,0.07,
66.09,FLYING,WAIT,0,,,,,76,0,0,0,0,74,ESCAPE,RIGHT,1.43,0.87,0.34,0.87,0.31,0.16,0.00,
66.14,FLYING,WAIT,0,,,,,76,0,0,0,0,74,ESCAPE,RIGHT,1.23,0.61,0.43,0.49,0.87,0.00,0.00,
66.19,FLYING,WAIT,0,,,,,76,0,0,0,0,74,ESCAPE,,1.14,0.91,0.64,0.27,0.61,0.00,0.00,
66.26,FLYING,WAIT,0,,,,,76,0,0,0,0,74,ESCAPE,,1.08,1.06,0.74,0.15,0.43,0.00,0.00,
66.31,FLYING,WAIT,0,,,,,76,0,0,0,0,74,ESCAPE,,0.64,0.64,0.58,0.09,0.30,0.00,0.00,
66.35,FLYING,WAIT,0,,,,,76,0,0,0,0,74,ESCAPE,,0.42,0.43,0.50,0.05,0.87,0.00,0.00,
66.42,FLYING,WAIT,0,,,,,76,0,0,0,0,74,ESCAPE,,0.84,0.42,1.01,0.03,0.61,0.00,0.00,
66.47,FLYING,WAIT,0,,,,,76,0,0,0,0,74,ESCAPE,,1.06,0.41,1.26,0.02,0.43,0.00,0.02,
66.52,FLYING,WAIT,0,,,,,76,0,0,0,0,74,ESCAPE,,0.61,0.35,0.91,0.01,0.30,0.00,0.00,
66.61,FLYING,WAIT,1,,,,,76,0,0,0,0,74,ESCAPE,,0.39,0.30,0.68,0.00,0.21,0.00,0.00,
66.66,FLYING,WAIT,1,,,,,76,0,0,0,0,74,ESCAPE,,0.28,0.25,0.56,0.00,0.15,0.00,0.00,
66.71,FLYING,WAIT,1,,,,,76,0,0,0,0,74,ESCAPE,,0.27,0.23,0.36,0.00,0.10,0.00,0.00,
66.77,FLYING,WAIT,0,,,,,76,0,0,0,0,74,ESCAPE,,0.21,0.24,0.25,0.00,0.07,0.00,0.00,
66.82,FLYING,WAIT,0,,,,,76,0,0,0,0,73,ESCAPE,,0.20,0.25,0.20,0.00,0.05,0.00,0.00,
66.87,FLYING,WAIT,0,,,,,76,0,0,0,0,73,ESCAPE,,0.18,0.17,0.17,0.00,0.04,0.00,0.00,
66.94,FLYING,WAIT,0,,,,,76,0,0,0,0,73,ESCAPE,,0.19,0.13,0.15,0.00,0.02,0.00,0.00,
66.98,FLYING,WAIT,0,,,,,76,0,0,0,0,73,ESCAPE,,0.23,0.11,0.13,0.00,0.02,0.00,0.00,
67.03,FLYING,WAIT,0,,,,,76,0,0,0,0,73,ESCAPE,,0.29,0.10,0.16,0.00,0.01,0.00,0.00,
67.10,FLYING,WAIT,0,,,,,76,0,0,0,0,73,ESCAPE,,0.32,0.09,0.18,0.00,0.01,0.00,0.00,
67.14,FLYING,WAIT,0,,,,,76,0,0,0,0,73,ESCAPE,,0.31,0.08,0.18,0.00,0.01,0.00,0.00,
67.19,FLYING,WAIT,0,,,,,76,0,0,0,0,73,ESCAPE,,0.29,0.08,0.19,0.00,0.00,0.00,0.00,
67.26,FLYING,WAIT,0,,,,,76,0,0,0,0,73,ESCAPE,,0.24,0.09,0.12,0.00,0.00,0.00,0.00,
67.30,FLYING,WAIT,0,,,,,76,0,0,0,0,73,ESCAPE,,0.21,0.09,0.14,0.00,0.00,0.00,0.00,
67.35,FLYING,WAIT,0,,,,,76,0,0,0,0,73,ESCAPE,,0.23,0.11,0.10,0.00,0.00,0.00,0.00,
67.42,FLYING,WAIT,0,,,,,76,0,0,0,0,73,CRUISE,,0.25,0.11,0.11,0.00,0.00,0.00,0.00,
67.46,FLYING,WAIT,0,,,,,76,0,0,0,0,73,CRUISE,,0.27,0.10,0.10,0.00,0.00,0.00,0.00,
67.51,FLYING,WAIT,0,,,,,76,0,0,0,0,73,CRUISE,,0.22,0.09,0.11,0.00,0.00,0.00,0.00,
67.58,FLYING,WAIT,0,,,,,76,0,0,0,0,73,CRUISE,,0.20,0.10,0.18,0.00,0.00,0.00,0.00,
67.62,FLYING,WAIT,0,,,,,76,0,0,0,0,73,CRUISE,,0.19,0.11,0.22,0.00,0.00,0.00,0.00,
67.67,FLYING,WAIT,0,,,,,76,0,0,0,0,73,CRUISE,,0.19,0.11,0.23,0.00,0.00,0.00,0.00,
67.74,FLYING,WAIT,0,,,,,76,0,0,0,0,73,CRUISE,,0.19,0.11,0.19,0.00,0.00,0.00,0.00,
67.78,FLYING,WAIT,0,,,,,76,0,0,0,0,73,CRUISE,,0.16,0.10,0.17,0.00,0.00,0.00,0.00,
67.84,FLYING,WAIT,0,,,,,76,0,0,0,0,73,CRUISE,,0.14,0.13,0.16,0.00,0.00,0.00,0.00,
67.91,FLYING,WAIT,0,,,,,76,0,0,0,0,73,CRUISE,,0.29,0.15,0.16,0.00,0.00,0.00,0.00,
67.96,FLYING,WAIT,0,,,,,76,0,0,0,0,73,CRUISE,,0.36,0.18,0.15,0.00,0.00,0.00,0.00,
68.01,FLYING,WAIT,0,,,,,76,0,0,0,0,73,CRUISE,,0.33,0.22,0.13,0.00,0.00,0.00,0.00,
68.07,FLYING,WAIT,0,,,,,76,0,0,0,0,73,CRUISE,,0.30,0.23,0.14,0.00,0.00,0.00,0.00,
68.12,FLYING,WAIT,0,,,,,76,0,0,0,0,73,CRUISE,,0.28,0.19,0.14,0.00,0.00,0.00,0.00,
68.17,FLYING,WAIT,0,,,,,76,0,0,0,0,73,CRUISE,,0.28,0.17,0.18,0.00,0.44,0.00,0.00,
68.23,FLYING,WAIT,0,,,,,76,0,0,0,0,73,CRUISE,,0.43,0.26,0.20,0.00,0.31,0.00,0.00,
68.28,FLYING,WAIT,0,,,,,76,0,0,0,0,73,CRUISE,,0.50,0.30,0.22,0.00,0.21,0.00,0.00,
68.33,FLYING,WAIT,0,,,,,76,0,0,0,0,73,CRUISE,,0.54,0.25,0.20,0.00,0.15,0.00,0.00,
68.39,FLYING,WAIT,0,,,,,76,0,0,0,0,73,CRUISE,,0.50,0.20,0.20,0.00,0.44,0.00,0.00,
68.44,FLYING,WAIT,0,,,,,76,0,0,0,0,73,CRUISE,,0.48,0.14,0.31,0.00,0.31,0.00,0.00,
68.49,FLYING,WAIT,0,,,,,76,0,0,0,0,73,CRUISE,,0.34,0.12,0.37,0.00,0.21,0.00,0.00,
68.55,FLYING,WAIT,0,,,,,76,0,0,0,0,73,CRUISE,,0.26,0.14,0.24,0.00,0.15,0.00,0.00,
68.60,FLYING,WAIT,0,,,,,76,0,0,0,0,73,CRUISE,,0.22,0.14,0.17,0.00,0.10,0.00,0.00,
68.65,FLYING,WAIT,0,,,,,76,0,0,0,0,73,CRUISE,,0.18,0.15,0.13,0.00,0.07,0.00,0.00,
68.71,FLYING,WAIT,0,,,,,76,0,0,0,0,73,CRUISE,,0.16,0.14,0.13,0.00,0.05,0.00,0.00,
68.76,FLYING,WAIT,0,,,,,76,0,0,0,0,73,CRUISE,,0.13,0.13,0.13,0.00,0.04,0.00,0.00,
68.81,FLYING,WAIT,0,,,,,76,0,0,0,0,73,CRUISE,,0.14,0.11,0.14,0.00,0.03,0.00,0.00,
68.87,FLYING,WAIT,0,,,,,76,0,0,0,0,73,CRUISE,,0.17,0.10,0.17,0.00,0.02,0.00,0.00,
68.92,FLYING,WAIT,0,,,,,76,0,0,0,0,73,CRUISE,,0.19,0.12,0.19,0.00,0.01,0.00,0.00,
68.97,FLYING,WAIT,0,,,,,76,0,0,0,0,73,CRUISE,,0.20,0.16,0.17,0.00,0.01,0.00,0.00,
69.04,FLYING,WAIT,0,,,,,76,0,0,0,0,73,CRUISE,,0.20,0.19,0.16,0.00,0.01,0.00,0.00,
69.08,FLYING,WAIT,0,,,,,76,0,0,0,0,73,CRUISE,,0.21,0.21,0.17,0.00,0.00,0.00,0.00,
69.13,FLYING,WAIT,0,,,,,76,0,0,0,0,73,CRUISE,,0.24,0.22,0.18,0.00,0.00,0.00,0.00,
69.21,FLYING,WAIT,0,,,,,76,0,0,0,0,73,CRUISE,,0.34,0.22,0.19,0.00,0.00,0.00,0.00,
69.25,FLYING,WAIT,0,,,,,76,0,0,0,0,73,CRUISE,,0.39,0.24,0.23,0.00,0.00,0.00,0.00,
69.30,FLYING,WAIT,0,,,,,76,0,0,0,0,73,CRUISE,,0.42,0.27,0.25,0.00,0.00,0.00,0.00,
69.40,FLYING,WAIT,1,rotten,0.28,0.99,1.1,76,0,0,0,0,73,CRUISE,,0.41,0.26,0.25,0.00,0.00,0.00,0.00,
69.45,FLYING,WAIT,1,rotten,0.28,0.99,1.1,76,0,0,0,0,73,CRUISE,,0.41,0.25,0.18,0.00,0.00,0.00,0.00,
69.49,FLYING,WAIT,1,rotten,0.28,0.99,1.1,76,0,0,0,0,73,CRUISE,,0.41,0.24,0.19,0.00,0.00,0.00,0.00,
69.59,FLYING,WAIT,1,rotten,0.20,0.99,1.2,76,0,0,0,0,73,CRUISE,,0.39,0.30,0.20,0.00,0.44,0.00,0.00,
69.64,FLYING,WAIT,1,rotten,0.20,0.99,1.2,76,0,0,0,0,73,CRUISE,,0.28,0.32,0.21,0.00,0.31,0.00,0.00,
69.69,FLYING,WAIT,1,rotten,0.20,0.99,1.2,76,0,0,0,0,73,CRUISE,,0.21,0.38,0.25,0.00,0.21,0.00,0.00,
69.75,FLYING,WAIT,0,,,,,76,0,0,0,0,73,CRUISE,,0.17,0.34,0.28,0.00,0.44,0.00,0.00,
69.80,FLYING,WAIT,0,,,,,76,0,0,0,0,73,CRUISE,,0.42,0.33,0.43,0.00,0.31,0.00,0.00,
69.85,FLYING,WAIT,0,,,,,76,0,0,0,0,73,CRUISE,,0.60,0.32,0.58,0.00,0.44,0.00,0.00,
69.91,FLYING,WAIT,0,,,,,76,0,0,0,0,73,CRUISE,,0.85,0.34,0.70,0.00,0.31,0.00,0.00,
69.96,FLYING,WAIT,0,,,,,76,0,0,0,0,73,CRUISE,,1.05,0.37,0.77,0.00,0.44,0.00,0.00,
70.01,FLYING,WAIT,0,,,,,76,0,0,0,0,73,CRUISE,,1.34,0.90,0.80,0.00,0.31,0.12,0.00,
70.08,FLYING,WAIT,0,,,,,76,0,0,0,0,73,CRUISE,,1.49,1.17,0.73,0.15,0.21,0.24,0.08,
70.12,FLYING,APPROACH,0,,,,,76,0,4,0,0,73,CRUISE,,1.55,0.80,0.57,0.11,0.15,0.30,0.00,
70.17,FLYING,APPROACH,0,,,,,76,0,6,0,0,73,CRUISE,,1.58,0.53,0.48,0.21,0.10,0.32,0.00,
70.24,FLYING,APPROACH,0,,,,,76,0,8,0,0,73,CRUISE,,1.22,0.37,0.43,0.27,0.07,0.15,0.00,
70.28,FLYING,APPROACH,0,,,,,76,0,9,0,0,73,CRUISE,,1.03,0.28,0.41,0.15,0.05,0.05,0.00,
70.33,FLYING,APPROACH,0,,,,,76,0,10,0,0,73,CRUISE,,0.93,0.24,0.38,0.08,0.04,0.01,0.00,
70.40,FLYING,APPROACH,0,,,,,76,0,11,0,0,73,CRUISE,,0.96,0.92,0.29,0.05,0.03,0.03,0.00,
70.45,FLYING,APPROACH,0,,,,,76,0,11,0,0,73,CRUISE,,1.27,1.25,0.24,0.03,0.02,0.18,0.17,
70.49,FLYING,APPROACH,0,,,,,76,0,11,0,0,73,CRUISE,,1.48,1.65,0.21,0.53,0.01,0.37,0.37,
70.56,FLYING,SCARED,0,,,,,76,0,-40,0,0,73,ESCAPE,RIGHT,1.71,2.19,0.21,0.82,0.01,0.64,0.64,
70.61,FLYING,SCARED,0,,,,,76,0,-40,0,0,73,ESCAPE,RIGHT,1.83,2.46,0.30,1.00,0.01,0.83,0.83,
70.66,FLYING,SCARED,0,,,,,76,0,-40,0,0,73,ESCAPE,RIGHT,1.89,2.54,0.34,1.00,0.00,0.87,0.87,
70.73,FLYING,SCARED,0,,,,,76,0,-40,0,0,73,ESCAPE,RIGHT,2.10,2.10,0.50,1.00,0.00,0.65,0.65,
70.78,FLYING,SCARED,0,,,,,76,0,-40,0,0,73,ESCAPE,RIGHT,2.20,1.82,0.57,1.00,0.00,0.70,0.51,
70.83,FLYING,SCARED,0,,,,,76,0,-40,0,0,73,ESCAPE,RIGHT,2.16,1.64,0.44,1.00,0.00,0.68,0.42,
70.90,FLYING,SCARED,0,,,,,76,0,-40,0,0,73,ESCAPE,RIGHT,1.74,1.31,0.35,1.00,0.00,0.47,0.25,
70.94,FLYING,SCARED,0,,,,,76,0,-40,0,0,73,ESCAPE,RIGHT,1.53,1.14,0.33,1.00,0.00,0.36,0.17,
70.99,FLYING,SCARED,0,,,,,76,0,-40,0,0,73,ESCAPE,RIGHT,1.03,0.94,0.33,0.57,0.44,0.00,0.00,
71.06,FLYING,SCARED,0,,,,,76,0,-40,0,0,73,ESCAPE,RIGHT,0.63,0.76,0.33,0.32,0.31,0.00,0.00,
71.11,FLYING,SCARED,0,,,,,76,0,-40,0,0,73,ESCAPE,,0.43,0.60,0.31,0.18,0.21,0.00,0.00,
71.15,FLYING,SCARED,0,,,,,76,0,-40,0,0,73,ESCAPE,,0.39,0.44,0.30,0.10,0.15,0.00,0.00,
71.22,FLYING,SCARED,0,,,,,76,0,-40,0,0,73,ESCAPE,,0.41,0.36,0.42,0.06,0.10,0.00,0.00,
71.27,FLYING,SCARED,0,,,,,76,0,-40,0,0,73,ESCAPE,,0.38,0.31,0.48,0.03,0.07,0.00,0.00,
71.31,FLYING,SCARED,0,,,,,76,0,-40,0,0,73,ESCAPE,,0.49,0.25,0.28,0.02,0.05,0.00,0.00,
71.38,FLYING,SCARED,0,,,,,76,0,-40,0,0,73,ESCAPE,,0.54,0.22,0.13,0.01,0.04,0.00,0.00,
71.42,FLYING,SCARED,0,,,,,76,0,-40,0,0,73,ESCAPE,,0.57,0.20,0.06,0.01,0.03,0.00,0.00,
71.47,FLYING,SCARED,0,,,,,76,0,-40,0,0,73,ESCAPE,,0.61,0.20,0.14,0.00,0.02,0.00,0.00,
71.54,FLYING,SCARED,0,,,,,76,0,-40,0,0,73,ESCAPE,,0.63,0.25,0.17,0.00,0.01,0.00,0.00,
71.59,FLYING,WAIT,0,,,,,76,0,-26,0,0,73,ESCAPE,,0.59,0.27,0.16,0.00,0.01,0.00,0.00,
71.63,FLYING,WAIT,0,,,,,76,0,-16,0,0,73,ESCAPE,,0.57,0.29,0.14,0.00,0.01,0.00,0.00,
71.70,FLYING,WAIT,0,,,,,76,0,-10,0,0,73,ESCAPE,,0.79,0.51,0.15,0.00,0.44,0.00,0.00,
71.75,FLYING,WAIT,0,,,,,76,0,-7,0,0,73,ESCAPE,,1.04,0.63,0.36,0.00,0.31,0.00,0.00,
71.79,FLYING,WAIT,0,,,,,76,0,-4,0,0,73,ESCAPE,,1.23,0.79,0.59,0.00,0.44,0.00,0.00,
71.89,FLYING,WAIT,1,rotten,0.27,0.99,1.4,76,0,-3,0,0,73,ESCAPE,,1.26,0.98,0.79,0.00,0.31,0.08,0.00,
71.94,FLYING,WAIT,1,rotten,0.27,0.99,1.4,76,0,-1,0,0,73,ESCAPE,,1.04,1.07,0.89,0.00,0.21,0.03,0.03,
71.99,FLYING,WAIT,1,rotten,0.27,0.99,1.4,76,0,-1,0,0,73,ESCAPE,,0.93,1.08,0.95,0.00,0.44,0.00,0.00,
72.05,FLYING,WAIT,0,,,,,76,0,0,0,0,73,ESCAPE,,0.95,1.09,1.06,0.00,0.31,0.00,0.00,
72.10,FLYING,WAIT,0,,,,,76,0,0,0,0,73,ESCAPE,,0.97,1.09,1.12,0.00,0.21,0.04,0.05,
72.15,FLYING,WAIT,0,,,,,76,0,0,0,0,73,ESCAPE,,0.67,0.67,0.67,0.00,0.15,0.00,0.00,
72.21,FLYING,WAIT,0,,,,,76,0,0,0,0,73,CRUISE,,0.51,0.41,0.40,0.00,0.10,0.00,0.00,
72.26,FLYING,WAIT,0,,,,,76,0,0,0,0,73,CRUISE,,0.43,0.29,0.22,0.00,0.07,0.00,0.00,
72.31,FLYING,WAIT,0,,,,,76,0,0,0,0,73,CRUISE,,0.38,0.23,0.12,0.00,0.05,0.00,0.00,
72.38,FLYING,WAIT,0,,,,,76,0,0,0,0,73,CRUISE,,0.39,0.20,0.10,0.00,0.04,0.00,0.00,
72.42,FLYING,WAIT,0,,,,,76,0,0,0,0,73,CRUISE,,0.43,0.15,0.11,0.00,0.03,0.00,0.00,
72.47,FLYING,WAIT,0,,,,,76,0,0,0,0,73,CRUISE,,0.48,0.13,0.12,0.00,0.02,0.00,0.00,
72.54,FLYING,WAIT,0,,,,,76,0,0,0,0,73,CRUISE,,0.50,0.11,0.13,0.00,0.01,0.00,0.00,
72.58,FLYING,WAIT,0,,,,,76,0,0,0,0,73,CRUISE,,0.46,0.09,0.13,0.00,0.01,0.00,0.00,
72.63,FLYING,WAIT,0,,,,,76,0,0,0,0,73,CRUISE,,0.44,0.06,0.12,0.00,0.01,0.00,0.00,
72.70,FLYING,WAIT,0,,,,,76,0,0,0,0,73,CRUISE,,0.51,0.06,0.11,0.00,0.00,0.00,0.00,
72.74,FLYING,WAIT,0,,,,,76,0,0,0,0,73,CRUISE,,0.57,0.07,0.10,0.00,0.44,0.00,0.00,
72.79,FLYING,WAIT,0,,,,,76,0,0,0,0,73,CRUISE,,0.60,0.39,0.49,0.00,0.31,0.00,0.00,
72.86,FLYING,WAIT,0,,,,,76,0,0,0,0,73,CRUISE,,0.76,0.71,0.84,0.00,0.87,0.00,0.00,
72.91,FLYING,WAIT,0,,,,,76,0,0,0,0,72,CRUISE,,0.84,0.88,1.02,0.00,0.61,0.00,0.00,
72.95,FLYING,WAIT,0,,,,,76,0,0,0,0,72,CRUISE,,1.17,0.84,1.06,0.00,0.43,0.00,0.00,
73.02,FLYING,WAIT,0,,,,,76,0,0,0,0,72,CRUISE,,1.33,0.80,0.96,0.00,0.44,0.05,0.00,
73.07,FLYING,WAIT,0,,,,,76,0,0,0,0,72,CRUISE,,1.41,0.73,0.85,0.00,0.31,0.15,0.00,
73.12,FLYING,WAIT,0,,,,,76,0,0,0,0,72,CRUISE,,1.47,0.69,0.79,0.00,0.44,0.12,0.00,
73.18,FLYING,WAIT,0,,,,,76,0,0,0,0,72,CRUISE,,1.49,0.75,0.90,0.00,0.31,0.19,0.00,
73.23,FLYING,WAIT,0,,,,,76,0,0,0,0,72,CRUISE,,1.50,0.78,0.95,0.00,0.21,0.24,0.00,
73.28,FLYING,WAIT,0,,,,,76,0,0,0,0,72,CRUISE,,0.86,0.42,0.65,0.00,0.15,0.00,0.00,
73.34,FLYING,WAIT,0,,,,,76,0,0,0,0,72,CRUISE,,0.53,0.24,0.40,0.00,0.10,0.00,0.00,
73.39,FLYING,WAIT,0,,,,,76,0,0,0,0,72,CRUISE,,0.34,0.18,0.26,0.00,0.07,0.00,0.00,
73.44,FLYING,WAIT,0,,,,,76,0,0,0,0,72,CRUISE,,0.24,0.15,0.19,0.00,0.44,0.00,0.00,
73.51,FLYING,WAIT,0,,,,,76,0,0,0,0,72,CRUISE,,0.57,0.62,0.91,0.00,0.31,0.00,0.00,
73.55,FLYING,WAIT,0,,,,,76,0,0,0,0,72,CRUISE,,0.80,0.86,1.28,0.00,0.44,0.00,0.02,
73.60,FLYING,WAIT,0,,,,,76,0,0,0,0,72,CRUISE,,0.94,0.74,1.16,0.00,0.31,0.00,0.03,
73.67,FLYING,WAIT,0,,,,,76,0,0,0,0,72,CRUISE,,1.01,0.67,0.98,0.00,0.21,0.00,0.00,
73.71,FLYING,WAIT,0,,,,,76,0,0,0,0,72,CRUISE,,0.58,0.40,0.62,0.00,0.15,0.00,0.00,
73.76,FLYING,WAIT,0,,,,,76,0,0,0,0,72,CRUISE,,0.37,0.26,0.38,0.00,0.10,0.00,0.00,
73.83,FLYING,WAIT,0,,,,,76,0,0,0,0,72,CRUISE,,0.33,0.26,0.27,0.00,0.07,0.00,0.00,
73.88,FLYING,WAIT,0,,,,,76,0,0,0,0,72,CRUISE,,0.33,0.26,0.21,0.00,0.05,0.00,0.00,
73.92,FLYING,WAIT,0,,,,,76,0,0,0,0,72,CRUISE,,0.38,0.23,0.18,0.00,0.04,0.00,0.00,
73.99,FLYING,WAIT,0,,,,,76,0,0,0,0,72,CRUISE,,0.41,0.22,0.16,0.00,0.03,0.00,0.00,
74.04,FLYING,WAIT,0,,,,,76,0,0,0,0,72,CRUISE,,0.39,0.17,0.16,0.00,0.02,0.00,0.00,
74.09,FLYING,WAIT,0,,,,,76,0,0,0,0,72,CRUISE,,0.33,0.15,0.15,0.00,0.01,0.00,0.00,
74.15,FLYING,WAIT,0,,,,,76,0,0,0,0,72,CRUISE,,0.30,0.13,0.15,0.00,0.01,0.00,0.00,
74.20,FLYING,WAIT,0,,,,,76,0,0,0,0,72,CRUISE,,0.34,0.15,0.21,0.00,0.01,0.00,0.00,
74.25,FLYING,WAIT,0,,,,,76,0,0,0,0,72,CRUISE,,0.38,0.18,0.23,0.00,0.00,0.00,0.00,
74.31,FLYING,WAIT,0,,,,,76,0,0,0,0,72,CRUISE,,0.38,0.20,0.21,0.00,0.00,0.00,0.00,
74.36,FLYING,WAIT,0,,,,,76,0,0,0,0,72,CRUISE,,0.38,0.21,0.19,0.00,0.00,0.00,0.00,
74.41,FLYING,WAIT,0,,,,,76,0,0,0,0,72,CRUISE,,0.38,0.32,0.20,0.00,0.44,0.00,0.00,
74.47,FLYING,WAIT,0,,,,,76,0,0,0,0,72,CRUISE,,0.69,0.86,0.83,0.00,0.31,0.00,0.00,
74.52,FLYING,WAIT,0,,,,,76,0,0,0,0,72,CRUISE,,0.85,1.14,1.14,0.00,0.21,0.06,0.07,
74.57,FLYING,WAIT,0,,,,,76,0,0,0,0,72,CRUISE,,0.51,0.66,0.69,0.00,0.15,0.00,0.00,
74.63,FLYING,WAIT,0,,,,,76,0,0,0,0,72,CRUISE,,0.34,0.42,0.45,0.00,0.10,0.00,0.00,
74.68,FLYING,WAIT,0,,,,,76,0,0,0,0,72,CRUISE,,0.25,0.30,0.32,0.00,0.07,0.00,0.00,
74.73,FLYING,WAIT,0,,,,,76,0,0,0,0,72,CRUISE,,0.22,0.24,0.25,0.00,0.05,0.00,0.00,
74.79,FLYING,WAIT,0,,,,,76,0,0,0,0,72,CRUISE,,0.20,0.20,0.18,0.00,0.04,0.00,0.00,
74.84,FLYING,WAIT,0,,,,,76,0,0,0,0,72,CRUISE,,0.20,0.18,0.17,0.00,0.03,0.00,0.00,
74.89,FLYING,WAIT,0,,,,,76,0,0,0,0,72,CRUISE,,0.22,0.17,0.17,0.00,0.44,0.00,0.00,
74.96,FLYING,WAIT,0,,,,,76,0,0,0,0,72,CRUISE,,0.65,0.50,0.35,0.00,0.31,0.00,0.00,
75.00,FLYING,WAIT,0,,,,,76,0,0,0,0,72,CRUISE,,0.86,0.66,0.44,0.00,0.21,0.00,0.00,
75.05,FLYING,WAIT,0,,,,,76,0,0,0,0,72,CRUISE,,0.64,0.40,0.32,0.00,0.15,0.00,0.00,
75.12,FLYING,WAIT,0,,,,,76,0,0,0,0,72,CRUISE,,0.54,0.27,0.26,0.00,0.44,0.00,0.00,
75.16,FLYING,WAIT,0,,,,,76,0,0,0,0,72,CRUISE,,0.49,0.64,0.49,0.00,0.31,0.00,0.00,
75.21,FLYING,WAIT,0,,,,,76,0,0,0,0,72,CRUISE,,0.59,0.83,0.74,0.00,0.44,0.00,0.00,
75.28,FLYING,WAIT,0,,,,,76,0,0,0,0,72,CRUISE,,0.81,0.90,0.93,0.00,0.31,0.00,0.00,
75.32,FLYING,WAIT,0,,,,,76,0,0,0,0,72,CRUISE,,0.91,0.92,1.03,0.00,0.21,0.00,0.01,
75.37,FLYING,WAIT,0,,,,,76,0,0,0,0,72,CRUISE,,0.68,0.71,0.74,0.00,0.15,0.00,0.00,
75.44,FLYING,WAIT,0,,,,,76,0,0,0,0,72,CRUISE,,0.56,0.54,0.60,0.00,0.10,0.00,0.00,
75.48,FLYING,WAIT,0,,,,,76,0,0,0,0,72,CRUISE,,0.49,0.50,0.53,0.00,0.07,0.00,0.00,
75.53,FLYING,WAIT,0,,,,,76,0,0,0,0,72,CRUISE,,0.49,0.49,0.51,0.00,0.05,0.00,0.00,
75.60,FLYING,WAIT,0,,,,,76,0,0,0,0,72,CRUISE,,0.47,0.48,0.60,0.00,0.04,0.00,0.00,
75.65,FLYING,WAIT,0,,,,,76,0,0,0,0,72,CRUISE,,0.46,0.46,0.65,0.00,0.03,0.00,0.00,
75.69,FLYING,WAIT,0,,,,,76,0,0,0,0,72,CRUISE,,0.45,0.46,0.67,0.00,0.02,0.00,0.00,
75.76,FLYING,WAIT,0,,,,,76,0,0,0,0,72,CRUISE,,0.51,0.59,0.59,0.00,0.01,0.00,0.00,
75.81,FLYING,WAIT,0,,,,,76,0,0,0,0,72,CRUISE,,0.54,0.65,0.54,0.00,0.01,0.00,0.00,
75.85,FLYING,WAIT,0,,,,,76,0,0,0,0,72,CRUISE,,0.55,0.58,0.52,0.00,0.01,0.00,0.00,
75.92,FLYING,WAIT,0,,,,,76,0,0,0,0,72,CRUISE,,0.54,0.54,0.44,0.00,0.00,0.00,0.00,
75.97,FLYING,WAIT,0,,,,,76,0,0,0,0,72,CRUISE,,0.54,0.53,0.35,0.00,0.00,0.00,0.00,
76.01,FLYING,WAIT,0,,,,,76,0,0,0,0,72,CRUISE,,0.41,0.55,0.30,0.00,0.00,0.00,0.00,
76.08,FLYING,WAIT,0,,,,,76,0,0,0,0,72,CRUISE,,0.34,0.55,0.28,0.00,0.00,0.00,0.00,
76.13,FLYING,WAIT,0,,,,,76,0,0,0,0,72,CRUISE,,0.32,0.42,0.24,0.00,0.00,0.00,0.00,
76.17,FLYING,WAIT,0,,,,,76,0,0,0,0,72,CRUISE,,0.34,0.32,0.21,0.00,0.00,0.00,0.00,
76.24,FLYING,WAIT,0,,,,,76,0,0,0,0,72,CRUISE,,0.50,0.26,0.23,0.00,0.00,0.00,0.00,
76.29,FLYING,WAIT,0,,,,,76,0,0,0,0,72,CRUISE,,0.70,0.23,0.24,0.00,0.00,0.00,0.00,
76.33,FLYING,WAIT,0,,,,,76,0,0,0,0,72,CRUISE,,0.81,0.22,0.24,0.00,0.00,0.00,0.00,
76.40,FLYING,WAIT,0,,,,,76,0,0,0,0,72,CRUISE,,1.65,0.23,0.21,0.15,0.00,0.42,0.00,
76.45,FLYING,WAIT,0,,,,,76,0,0,0,0,72,AVOID_RIGHT,,2.07,0.30,0.20,0.34,0.00,0.63,0.00,
76.50,FLYING,WAIT,0,,,,,76,0,0,0,0,72,AVOID_RIGHT,,1.61,0.33,0.19,0.34,0.00,0.40,0.00,
76.57,FLYING,WAIT,0,,,,,76,0,0,0,0,72,AVOID_RIGHT,,1.29,0.35,0.18,0.26,0.00,0.25,0.00,
76.61,FLYING,WAIT,0,,,,,76,0,0,0,0,72,AVOID_RIGHT,,1.01,0.33,0.17,0.14,0.00,0.11,0.00,
76.66,FLYING,WAIT,0,,,,,76,0,0,0,0,72,AVOID_RIGHT,,0.87,0.32,0.17,0.08,0.00,0.04,0.00,
76.73,FLYING,WAIT,0,,,,,76,0,0,0,0,72,CRUISE,,0.85,0.37,0.18,0.05,0.00,0.03,0.00,
76.77,FLYING,WAIT,0,,,,,76,0,0,0,0,72,CRUISE,,0.84,0.39,0.19,0.03,0.00,0.02,0.00,
76.82,FLYING,WAIT,0,,,,,76,0,0,0,0,72,CRUISE,,1.02,0.41,0.21,0.01,0.00,0.11,0.00,
76.89,FLYING,WAIT,0,,,,,76,0,0,0,0,72,CRUISE,,0.97,0.55,0.20,0.01,0.00,0.09,0.00,
76.94,FLYING,WAIT,0,,,,,76,0,0,0,0,72,CRUISE,,0.95,0.66,0.20,0.00,0.00,0.07,0.00,
76.98,FLYING,WAIT,0,,,,,76,0,0,0,0,72,CRUISE,,0.80,0.71,0.20,0.00,0.00,0.00,0.00,
77.05,FLYING,WAIT,0,,,,,76,0,0,0,0,72,CRUISE,,0.73,0.74,0.20,0.00,0.44,0.00,0.00,
77.10,FLYING,WAIT,0,,,,,76,0,0,0,0,72,CRUISE,,0.94,1.02,0.61,0.00,0.31,0.00,0.00,
77.14,FLYING,WAIT,0,,,,,76,0,0,0,0,72,CRUISE,,1.05,1.15,0.82,0.00,0.21,0.07,0.07,
77.21,FLYING,WAIT,0,,,,,76,0,0,0,0,72,CRUISE,,0.76,0.70,0.56,0.00,0.15,0.00,0.00,
77.26,FLYING,WAIT,0,,,,,76,0,0,0,0,72,CRUISE,,0.61,0.47,0.43,0.00,0.44,0.00,0.00,
77.30,FLYING,WAIT,0,,,,,76,0,0,0,0,72,CRUISE,,0.60,0.40,0.46,0.00,0.31,0.00,0.00,
77.37,FLYING,WAIT,0,,,,,76,0,0,0,0,72,CRUISE,,0.59,0.37,0.48,0.00,0.21,0.00,0.00,
77.42,FLYING,WAIT,0,,,,,76,0,0,0,0,72,CRUISE,,0.45,0.21,0.33,0.00,0.15,0.00,0.00,
77.47,FLYING,WAIT,0,,,,,76,0,0,0,0,72,CRUISE,,0.38,0.12,0.25,0.00,0.10,0.00,0.00,
77.53,FLYING,WAIT,0,,,,,76,0,0,0,0,72,CRUISE,,0.35,0.14,0.26,0.00,0.07,0.00,0.00,
77.58,FLYING,WAIT,0,,,,,76,0,0,0,0,72,CRUISE,,0.34,0.15,0.27,0.00,0.05,0.00,0.00,
77.63,FLYING,WAIT,0,,,,,76,0,0,0,0,72,CRUISE,,0.33,0.16,0.20,0.00,0.04,0.00,0.00,
77.69,FLYING,WAIT,0,,,,,76,0,0,0,0,72,CRUISE,,0.31,0.16,0.17,0.00,0.03,0.00,0.00,
77.74,FLYING,WAIT,0,,,,,76,0,0,0,0,72,CRUISE,,0.29,0.15,0.13,0.00,0.02,0.00,0.00,
77.79,FLYING,WAIT,0,,,,,76,0,0,0,0,72,CRUISE,,0.28,0.19,0.15,0.00,0.01,0.00,0.00,
77.85,FLYING,WAIT,0,,,,,76,0,0,0,0,72,CRUISE,,0.24,0.24,0.13,0.00,0.01,0.00,0.00,
77.90,FLYING,WAIT,0,,,,,76,0,0,0,0,71,CRUISE,,0.25,0.28,0.22,0.00,0.44,0.00,0.00,
77.95,FLYING,WAIT,0,,,,,76,0,0,0,0,71,CRUISE,,0.53,0.66,0.33,0.00,0.31,0.00,0.00,
78.01,FLYING,WAIT,0,,,,,76,0,0,0,0,71,CRUISE,,0.68,0.86,0.39,0.00,0.21,0.00,0.00,
78.06,FLYING,WAIT,0,,,,,76,0,0,0,0,71,CRUISE,,0.46,0.48,0.27,0.00,0.15,0.00,0.00,
78.11,FLYING,WAIT,0,,,,,76,0,0,0,0,71,CRUISE,,0.35,0.29,0.21,0.00,0.44,0.00,0.00,
78.17,FLYING,WAIT,0,,,,,76,0,0,0,0,71,CRUISE,,0.63,0.59,0.63,0.00,0.31,0.00,0.00,
78.22,FLYING,WAIT,0,,,,,76,0,0,0,0,71,CRUISE,,0.77,0.74,0.84,0.00,0.21,0.00,0.00,
78.27,FLYING,WAIT,0,,,,,76,0,0,0,0,71,CRUISE,,0.51,0.44,0.53,0.00,0.15,0.00,0.00,
78.34,FLYING,WAIT,0,,,,,76,0,0,0,0,71,CRUISE,,0.38,0.30,0.35,0.00,0.10,0.00,0.00,
78.38,FLYING,WAIT,0,,,,,76,0,0,0,0,71,CRUISE,,0.29,0.22,0.27,0.00,0.07,0.00,0.00,
78.43,FLYING,WAIT,0,,,,,76,0,0,0,0,71,CRUISE,,0.24,0.19,0.20,0.00,0.05,0.00,0.00,
78.50,FLYING,WAIT,0,,,,,76,0,0,0,0,71,CRUISE,,0.29,0.23,0.17,0.00,0.04,0.00,0.00,
78.54,FLYING,WAIT,0,,,,,76,0,0,0,0,71,CRUISE,,0.31,0.25,0.19,0.00,0.03,0.00,0.00,
78.59,FLYING,WAIT,0,,,,,76,0,0,0,0,71,CRUISE,,0.30,0.25,0.20,0.00,0.02,0.00,0.00,
78.66,FLYING,WAIT,0,,,,,76,0,0,0,0,71,CRUISE,,0.29,0.29,0.20,0.00,0.01,0.00,0.00,
78.71,FLYING,WAIT,0,,,,,76,0,0,0,0,71,CRUISE,,0.29,0.31,0.20,0.00,0.01,0.00,0.00,
78.75,FLYING,WAIT,0,,,,,76,0,0,0,0,71,CRUISE,,0.30,0.30,0.23,0.00,0.01,0.00,0.00,
78.82,FLYING,WAIT,0,,,,,76,0,0,0,0,71,CRUISE,,0.29,0.30,0.22,0.00,0.00,0.00,0.00,
78.87,FLYING,WAIT,0,,,,,76,0,0,0,0,71,CRUISE,,0.29,0.30,0.21,0.00,0.00,0.00,0.00,
78.91,FLYING,WAIT,0,,,,,76,0,0,0,0,71,CRUISE,,0.28,0.34,0.21,0.00,0.00,0.00,0.00,
78.98,FLYING,WAIT,0,,,,,76,0,0,0,0,71,CRUISE,,0.28,0.38,0.29,0.00,0.00,0.00,0.00,
79.03,FLYING,WAIT,0,,,,,76,0,0,0,0,71,CRUISE,,0.34,0.41,0.38,0.00,0.44,0.00,0.00,
79.08,FLYING,WAIT,0,,,,,76,0,0,0,0,71,CRUISE,,0.41,0.60,0.43,0.00,0.31,0.00,0.00,
79.14,FLYING,WAIT,0,,,,,76,0,0,0,0,71,CRUISE,,0.47,0.70,0.65,0.00,0.44,0.00,0.00,
79.19,FLYING,WAIT,0,,,,,76,0,0,0,0,71,CRUISE,,0.76,0.79,0.76,0.00,0.31,0.00,0.00,
79.24,FLYING,WAIT,0,,,,,76,0,0,0,0,71,CRUISE,,1.45,0.84,0.76,0.00,0.21,0.22,0.00,
79.30,FLYING,WAIT,0,,,,,76,0,0,0,0,71,CRUISE,,1.80,0.86,0.49,0.26,0.15,0.42,0.00,
79.35,FLYING,WAIT,0,,,,,76,0,0,0,0,71,AVOID_RIGHT,,1.11,0.72,0.36,0.20,0.10,0.10,0.00,
79.40,FLYING,WAIT,0,,,,,76,0,0,0,0,71,AVOID_RIGHT,,0.76,0.65,0.32,0.11,0.07,0.00,0.00,
79.47,FLYING,WAIT,0,,,,,76,0,0,0,0,71,CRUISE,,0.71,0.86,0.35,0.06,0.05,0.01,0.01,
79.51,FLYING,WAIT,0,,,,,76,0,0,0,0,71,CRUISE,,0.68,0.97,0.46,0.03,0.04,0.07,0.07,
79.56,FLYING,WAIT,0,,,,,76,0,0,0,0,71,CRUISE,,0.67,1.01,0.52,0.02,0.03,0.09,0.09,
79.63,FLYING,WAIT,0,,,,,76,0,0,0,0,71,CRUISE,,0.74,1.03,0.54,0.01,0.02,0.11,0.11,
79.68,FLYING,WAIT,0,,,,,76,0,0,0,0,71,CRUISE,,0.78,1.04,0.50,0.01,0.01,0.12,0.12,
79.72,FLYING,WAIT,0,,,,,76,0,0,0,0,71,CRUISE,,0.80,1.05,0.48,0.15,0.01,0.12,0.12,
79.79,FLYING,WAIT,0,,,,,76,0,0,0,0,71,CRUISE,,0.91,1.07,0.49,0.09,0.01,0.13,0.13,
79.84,FLYING,WAIT,0,,,,,76,0,0,0,0,71,CRUISE,,0.96,1.09,0.49,0.05,0.00,0.14,0.14,
79.89,FLYING,WAIT,0,,,,,76,0,0,0,0,71,CRUISE,,0.99,1.25,0.48,0.18,0.00,0.22,0.22,
79.96,FLYING,WAIT,0,,,,,76,0,0,0,0,71,CRUISE,,1.74,1.20,0.48,0.45,0.00,0.47,0.20,
80.00,FLYING,WAIT,0,,,,,76,0,0,0,0,71,AVOID_RIGHT,,2.11,1.18,0.48,0.51,0.00,0.66,0.19,
80.05,FLYING,WAIT,0,,,,,76,0,0,0,0,71,ESCAPE,RIGHT,2.53,1.16,0.44,0.81,0.00,0.87,0.18,
80.12,FLYING,WAIT,0,,,,,76,0,0,0,0,71,ESCAPE,RIGHT,3.16,1.08,0.43,0.86,0.00,1.00,0.14,
80.17,FLYING,WAIT,0,,,,,76,0,0,0,0,71,ESCAPE,RIGHT,3.48,0.93,0.42,0.90,0.00,1.00,0.06,
80.22,FLYING,WAIT,0,,,,,76,0,0,0,0,71,ESCAPE,RIGHT,3.75,0.74,0.40,0.97,0.00,1.00,0.00,
80.29,FLYING,WAIT,0,,,,,76,0,0,0,0,71,ESCAPE,RIGHT,3.67,0.64,0.38,0.95,0.00,1.00,0.00,
80.34,FLYING,WAIT,0,,,,,76,0,0,0,0,71,ESCAPE,RIGHT,3.62,1.10,0.37,0.95,0.00,1.00,0.15,
80.39,FLYING,WAIT,0,,,,,76,0,0,0,0,71,ESCAPE,RIGHT,2.98,1.34,0.35,1.00,0.00,1.00,0.27,
80.45,FLYING,WAIT,0,,,,,76,0,0,0,0,71,ESCAPE,RIGHT,2.24,1.45,0.32,1.00,0.00,0.72,0.32,
80.50,FLYING,WAIT,0,,,,,76,0,0,0,0,71,ESCAPE,RIGHT,1.82,1.40,0.30,1.00,0.00,0.51,0.30,
80.55,FLYING,WAIT,0,,,,,76,0,0,0,0,71,ESCAPE,RIGHT,1.54,1.37,0.27,0.94,0.00,0.37,0.29,
80.65,FLYING,WAIT,1,rotten,0.47,0.99,15.1,76,0,0,0,0,71,ESCAPE,RIGHT,1.29,1.02,0.27,0.64,0.00,0.25,0.11,
80.69,FLYING,WAIT,1,rotten,0.47,0.99,15.1,76,0,0,0,0,71,ESCAPE,RIGHT,1.17,0.76,0.26,0.42,0.00,0.18,0.00,
80.74,FLYING,WAIT,1,rotten,0.47,0.99,15.1,76,0,0,0,0,71,ESCAPE,RIGHT,1.11,0.63,0.25,0.31,0.00,0.15,0.00,
80.84,FLYING,WAIT,1,rotten,0.31,0.99,14.4,76,0,0,0,0,71,ESCAPE,,0.88,0.56,0.25,0.18,0.00,0.04,0.00,
80.89,FLYING,WAIT,1,rotten,0.31,0.99,14.4,76,0,0,0,0,71,ESCAPE,,0.60,0.50,0.25,0.10,0.00,0.00,0.00,
80.93,FLYING,WAIT,1,rotten,0.31,0.99,14.4,76,0,0,0,0,71,ESCAPE,,0.46,0.37,0.25,0.06,0.00,0.00,0.00,
81.03,FLYING,WAIT,1,rotten,0.22,0.90,14.8,76,0,0,0,0,71,ESCAPE,,0.37,0.27,0.19,0.03,0.00,0.00,0.00,
81.08,FLYING,WAIT,1,rotten,0.22,0.90,14.8,76,0,0,0,0,71,ESCAPE,,0.32,0.22,0.16,0.02,0.00,0.00,0.00,
81.12,FLYING,WAIT,1,rotten,0.22,0.90,14.8,76,0,0,0,0,71,ESCAPE,,0.29,0.19,0.14,0.01,0.00,0.00,0.00,
81.22,FLYING,WAIT,1,,,,,76,0,0,0,0,71,ESCAPE,,0.39,0.26,0.13,0.01,0.00,0.00,0.00,
81.27,FLYING,WAIT,1,,,,,76,0,0,0,0,71,ESCAPE,,0.44,0.29,0.12,0.00,0.00,0.00,0.00,
81.32,FLYING,WAIT,1,,,,,76,0,0,0,0,71,ESCAPE,,0.47,0.31,0.11,0.00,0.00,0.00,0.00,
81.42,FLYING,WAIT,1,,,,,76,0,0,0,0,71,ESCAPE,,0.54,0.30,0.17,0.00,0.00,0.00,0.00,
81.46,FLYING,WAIT,1,,,,,76,0,0,0,0,71,ESCAPE,,0.58,0.30,0.20,0.00,0.00,0.00,0.00,
81.51,FLYING,WAIT,1,,,,,76,0,0,0,0,71,ESCAPE,,0.58,0.27,0.17,0.00,0.00,0.00,0.00,
81.61,FLYING,WAIT,1,rotten,0.34,0.95,13.1,76,0,0,0,0,71,ESCAPE,,0.56,0.24,0.15,0.00,0.00,0.00,0.00,
81.66,FLYING,FEED,1,rotten,0.34,0.95,13.1,76,-5,0,7,0,71,ESCAPE,,0.46,0.16,0.15,0.00,0.00,0.00,0.00,
81.70,FLYING,FEED,1,rotten,0.34,0.95,13.1,76,-8,0,11,0,71,ESCAPE,,0.35,0.13,0.14,0.00,0.00,0.00,0.00,
81.80,FLYING,FEED,1,rotten,0.30,0.92,13.2,76,-10,0,14,0,71,ESCAPE,,0.29,0.18,0.14,0.00,0.44,0.00,0.00,
81.85,FLYING,FEED,1,rotten,0.30,0.92,13.2,75,-12,0,16,0,71,ESCAPE,,0.28,0.21,0.27,0.00,0.31,0.00,0.00,
81.89,FLYING,FEED,1,rotten,0.30,0.92,13.2,75,-13,0,17,0,71,CRUISE,,0.34,0.45,0.35,0.00,0.21,0.00,0.00,
81.99,FLYING,FEED,1,rotten,0.36,1.00,12.9,74,-13,0,18,0,71,CRUISE,,0.44,0.58,0.39,0.00,0.44,0.00,0.00,
82.04,FLYING,FEED,1,rotten,0.36,1.00,12.9,74,-14,0,19,0,71,CRUISE,,0.66,0.64,0.62,0.00,0.31,0.00,0.00,
82.09,FLYING,FEED,1,rotten,0.36,1.00,12.9,74,-14,0,19,0,71,CRUISE,,0.77,0.50,0.74,0.00,0.21,0.00,0.00,
82.19,FLYING,FEED,1,rotten,0.52,1.00,11.6,73,-14,0,19,0,71,CRUISE,,0.59,0.29,0.56,0.00,0.15,0.00,0.00,
82.23,FLYING,FEED,1,rotten,0.52,1.00,11.6,73,-15,0,19,0,71,CRUISE,,0.32,0.18,0.37,0.00,0.10,0.00,0.00,
82.28,FLYING,FEED,1,rotten,0.52,1.00,11.6,73,-15,0,19,0,71,CRUISE,,0.19,0.13,0.28,0.00,0.07,0.00,0.00,
82.38,FLYING,FEED,1,rotten,0.57,0.99,11.6,72,-15,0,19,0,71,CRUISE,,0.14,0.11,0.24,0.00,0.05,0.00,0.00,
82.43,FLYING,FEED,1,rotten,0.57,0.99,11.6,72,-15,0,19,0,71,CRUISE,,0.18,0.10,0.25,0.00,0.44,0.00,0.00,
82.47,FLYING,FEED,1,rotten,0.57,0.99,11.6,72,-15,0,19,0,71,CRUISE,,0.34,0.21,0.53,0.00,0.31,0.00,0.00,
82.57,FLYING,FEED,1,,,,,72,-10,0,12,0,71,CRUISE,,0.42,0.26,0.67,0.00,0.21,0.00,0.00,
82.62,FLYING,FEED,1,,,,,72,-6,0,8,0,71,CRUISE,,0.32,0.15,0.40,0.00,0.15,0.00,0.00,
82.66,FLYING,FEED,1,,,,,72,-4,0,5,0,71,CRUISE,,0.27,0.10,0.26,0.00,0.44,0.00,0.00,
82.76,FLYING,FEED,1,rotten,0.29,0.99,11.6,71,-8,0,10,0,71,CRUISE,,0.48,0.45,0.65,0.00,0.31,0.00,0.00,
82.81,FLYING,FEED,1,rotten,0.29,0.99,11.6,71,-10,0,13,0,71,CRUISE,,0.59,0.62,0.85,0.00,0.21,0.00,0.00,
82.86,FLYING,FEED,1,rotten,0.29,0.99,11.6,70,-12,0,16,0,71,CRUISE,,0.64,0.56,0.60,0.00,0.15,0.00,0.00,
82.96,FLYING,FEED,1,rotten,0.21,0.98,12.2,70,-12,0,17,0,71,CRUISE,,0.86,0.48,0.45,0.00,0.10,0.00,0.00,
83.00,FLYING,FEED,1,rotten,0.21,0.98,12.2,70,-13,0,18,0,71,CRUISE,,0.96,0.44,0.37,0.00,0.07,0.04,0.00,
83.05,FLYING,FEED,1,rotten,0.21,0.98,12.2,69,-13,0,18,0,71,CRUISE,,1.02,0.42,0.33,0.00,0.05,0.08,0.00,
83.12,FLYING,FEED,0,,,,,69,-8,0,12,0,71,CRUISE,,1.06,0.47,0.30,0.00,0.04,0.11,0.00,
83.16,FLYING,FEED,0,,,,,69,-5,0,7,0,71,CRUISE,,1.34,0.55,0.29,0.00,0.03,0.26,0.00,
83.21,FLYING,FEED,0,,,,,69,-3,0,5,0,71,CRUISE,,1.47,1.72,0.28,0.52,0.02,0.45,0.45,
83.28,FLYING,SCARED,0,,,,,69,0,-40,0,0,71,CRUISE,RIGHT,1.54,2.30,0.27,1.00,0.01,0.74,0.74,
83.33,FLYING,SCARED,0,,,,,69,0,-40,0,0,71,CRUISE,RIGHT,1.90,1.74,0.29,1.00,0.01,0.54,0.47,
83.38,FLYING,SCARED,0,,,,,69,0,-40,0,0,71,AVOID_LEFT,RIGHT,1.74,1.22,0.30,1.00,0.01,0.47,0.21,
83.44,FLYING,SCARED,0,,,,,69,0,-40,0,0,71,AVOID_RIGHT,RIGHT,1.52,1.00,0.30,0.90,0.00,0.36,0.10,
83.51,FLYING,SCARED,0,,,,,69,0,-40,0,0,71,AVOID_RIGHT,RIGHT,1.26,0.81,0.31,0.66,0.00,0.23,0.00,
83.56,FLYING,SCARED,0,,,,,69,0,-40,0,0,71,AVOID_RIGHT,RIGHT,1.29,0.79,0.31,0.48,0.00,0.24,0.00,
83.62,FLYING,SCARED,0,,,,,69,0,-40,0,0,71,CRUISE,RIGHT,1.36,0.78,0.31,0.42,0.00,0.28,0.00,
83.67,FLYING,SCARED,0,,,,,69,0,-40,0,0,71,CRUISE,RIGHT,1.46,1.08,0.30,0.38,0.00,0.33,0.14,
83.72,FLYING,SCARED,0,,,,,69,0,-40,0,0,71,CRUISE,RIGHT,1.52,1.39,0.24,0.53,0.00,0.36,0.29,
83.79,FLYING,SCARED,0,,,,,69,0,-40,0,0,71,CRUISE,RIGHT,1.35,1.38,0.21,0.55,0.44,0.07,0.07,
83.84,FLYING,SCARED,0,,,,,69,0,-40,0,0,70,ESCAPE,RIGHT,1.26,1.87,0.58,0.61,0.31,0.38,0.38,
83.89,FLYING,SCARED,0,,,,,69,0,-40,0,0,70,ESCAPE,RIGHT,1.19,1.98,0.91,0.86,0.44,0.37,0.37,
83.95,FLYING,SCARED,0,,,,,69,0,-40,0,0,70,ESCAPE,RIGHT,1.16,2.04,0.98,1.00,0.31,0.47,0.47,
84.00,FLYING,SCARED,0,,,,,69,0,-40,0,0,70,ESCAPE,RIGHT,1.14,1.41,1.02,0.75,0.44,0.09,0.09,
84.05,FLYING,SCARED,0,,,,,69,0,-40,0,0,70,ESCAPE,RIGHT,1.15,1.10,1.02,0.42,0.31,0.02,0.00,
84.12,FLYING,SCARED,0,,,,,69,0,-40,0,0,70,ESCAPE,,1.15,0.94,1.02,0.24,0.44,0.00,0.00,
84.17,FLYING,SCARED,0,,,,,69,0,-40,0,0,70,ESCAPE,,1.39,0.67,1.02,0.13,0.31,0.14,0.00,
84.21,FLYING,SCARED,0,,,,,69,0,-40,0,0,70,ESCAPE,,1.40,0.54,1.03,0.08,0.44,0.08,0.00,
84.28,FLYING,WAIT,0,,,,,69,0,-26,0,0,70,ESCAPE,,1.40,0.74,1.04,0.04,0.31,0.15,0.00,
84.33,FLYING,WAIT,0,,,,,69,0,-16,0,0,70,ESCAPE,,1.35,0.84,1.04,0.02,0.21,0.17,0.01,
84.37,FLYING,WAIT,0,,,,,69,0,-10,0,0,70,ESCAPE,,0.79,0.65,0.55,0.01,0.15,0.00,0.00,
84.47,FLYING,WAIT,1,,,,,69,0,-7,0,0,70,ESCAPE,,0.51,0.55,0.31,0.01,0.10,0.00,0.00,
84.52,FLYING,WAIT,1,,,,,69,0,-4,0,0,70,ESCAPE,,0.36,0.47,0.19,0.00,0.07,0.00,0.00,
84.56,FLYING,WAIT,1,,,,,69,0,-3,0,0,70,ESCAPE,,0.30,0.43,0.14,0.00,0.05,0.00,0.00,
84.63,FLYING,WAIT,0,,,,,69,0,-1,0,0,70,ESCAPE,,0.36,0.58,0.15,0.00,0.44,0.00,0.00,
84.68,FLYING,WAIT,0,,,,,69,0,-1,0,0,70,ESCAPE,,0.58,0.66,0.35,0.00,0.31,0.00,0.00,
84.73,FLYING,WAIT,0,,,,,69,0,0,0,0,70,ESCAPE,,0.70,0.61,0.45,0.00,0.21,0.00,0.00,
84.79,FLYING,WAIT,0,,,,,69,0,0,0,0,70,ESCAPE,,0.60,0.43,0.45,0.00,0.15,0.00,0.00,
84.84,FLYING,WAIT,0,,,,,69,0,0,0,0,70,ESCAPE,,0.55,0.33,0.44,0.00,0.44,0.00,0.00,
84.89,FLYING,WAIT,0,,,,,69,0,0,0,0,70,ESCAPE,,0.78,0.47,0.52,0.00,0.31,0.00,0.00,
84.95,FLYING,WAIT,0,,,,,69,0,0,0,0,70,ESCAPE,,0.90,0.54,0.55,0.00,0.21,0.00,0.00,
85.00,FLYING,WAIT,0,,,,,69,0,0,0,0,70,ESCAPE,,0.59,0.43,0.30,0.00,0.15,0.00,0.00,
85.05,FLYING,WAIT,0,,,,,69,0,0,0,0,70,ESCAPE,,0.44,0.38,0.17,0.00,0.44,0.00,0.00,
85.12,FLYING,WAIT,0,,,,,69,0,0,0,0,70,ESCAPE,,0.36,0.68,0.75,0.00,0.31,0.00,0.00,
85.16,FLYING,WAIT,0,,,,,69,0,0,0,0,70,ESCAPE,,0.31,0.84,1.04,0.00,0.21,0.00,0.02,
85.21,FLYING,WAIT,0,,,,,69,0,0,0,0,70,ESCAPE,,0.28,0.60,0.61,0.00,0.15,0.00,0.00,
85.28,FLYING,WAIT,0,,,,,69,0,0,0,0,70,ESCAPE,,0.27,0.49,0.39,0.00,0.44,0.00,0.00,
85.32,FLYING,WAIT,0,,,,,69,0,0,0,0,70,ESCAPE,,0.53,0.73,0.44,0.00,0.31,0.00,0.00,
85.37,FLYING,WAIT,0,,,,,69,0,0,0,0,70,ESCAPE,,0.65,0.86,0.46,0.00,0.21,0.00,0.00,
85.43,FLYING,WAIT,0,,,,,69,0,0,0,0,70,ESCAPE,,0.43,0.64,0.35,0.00,0.15,0.00,0.00,HAND
85.48,FLYING,WAIT,0,,,,,69,0,0,0,0,70,CRUISE,,0.33,0.53,0.29,0.00,1.31,0.00,0.00,
85.52,FLYING,WAIT,0,,,,,69,0,0,0,0,70,CRUISE,,1.46,1.86,0.90,0.00,0.92,0.07,0.07,
85.59,FLYING,WAIT,0,,,,,69,0,0,0,0,70,CRUISE,,2.03,2.53,1.59,0.41,0.87,0.43,0.43,
85.64,FLYING,WAIT,0,,,,,69,0,0,0,0,70,AVOID_LEFT,RIGHT,1.25,2.29,1.94,0.60,0.61,0.44,0.44,
85.69,FLYING,WAIT,0,,,,,69,0,0,0,0,70,AVOID_LEFT,RIGHT,0.77,1.83,1.69,0.60,0.44,0.30,0.30,
85.76,FLYING,WAIT,0,,,,,69,0,0,0,0,70,AVOID_LEFT,RIGHT,0.52,1.23,1.44,0.45,0.31,0.06,0.16,
85.80,FLYING,WAIT,0,,,,,69,0,0,0,0,70,AVOID_LEFT,RIGHT,0.33,0.91,1.27,0.40,0.44,0.00,0.02,
85.85,FLYING,WAIT,0,,,,,69,0,0,0,0,70,CRUISE,,0.23,0.75,1.22,0.23,0.31,0.00,0.06,
85.92,FLYING,WAIT,0,,,,,69,0,0,0,0,70,CRUISE,,0.19,0.56,1.02,0.13,0.21,0.00,0.00,
85.97,FLYING,WAIT,0,,,,,69,0,0,0,0,70,CRUISE,,0.24,0.57,0.76,0.07,0.44,0.00,0.00,
86.01,FLYING,WAIT,0,,,,,69,0,0,0,0,70,CRUISE,,0.74,0.58,0.58,0.04,0.31,0.00,0.00,
86.08,FLYING,WAIT,0,,,,,69,0,0,0,0,70,CRUISE,,0.99,0.59,0.48,0.02,0.21,0.00,0.00,
86.13,FLYING,WAIT,0,,,,,69,0,0,0,0,70,CRUISE,,0.88,0.51,0.30,0.01,0.15,0.00,0.00,
86.17,FLYING,WAIT,0,,,,,69,0,0,0,0,70,CRUISE,,0.81,0.47,0.21,0.01,0.10,0.00,0.00,
86.24,FLYING,WAIT,0,,,,,69,0,0,0,0,70,CRUISE,,0.74,0.45,0.18,0.00,0.07,0.00,0.00,
86.29,FLYING,WAIT,0,,,,,69,0,0,0,0,70,CRUISE,,0.48,0.38,0.18,0.00,0.05,0.00,0.00,
86.33,FLYING,WAIT,0,,,,,69,0,0,0,0,70,CRUISE,,0.35,0.35,0.19,0.00,0.04,0.00,0.00,
86.40,FLYING,WAIT,0,,,,,69,0,0,0,0,70,CRUISE,,0.46,0.57,0.28,0.00,0.03,0.00,0.00,
86.45,FLYING,WAIT,0,,,,,69,0,0,0,0,70,CRUISE,,0.51,0.70,0.32,0.00,0.02,0.00,0.00,
86.50,FLYING,WAIT,0,,,,,69,0,0,0,0,70,CRUISE,,0.67,0.89,0.40,0.00,0.01,0.04,0.04,
86.56,FLYING,WAIT,0,,,,,69,0,0,0,0,70,CRUISE,,0.87,1.19,0.34,0.00,0.01,0.19,0.19,
86.61,FLYING,WAIT,0,,,,,69,0,0,0,0,70,CRUISE,,1.07,1.34,0.42,0.15,0.44,0.05,0.05,
86.66,FLYING,WAIT,0,,,,,69,0,0,0,0,70,CRUISE,,1.40,1.32,0.55,0.08,0.31,0.14,0.11,
86.73,FLYING,WAIT,0,,,,,69,0,0,0,0,70,CRUISE,,1.82,1.11,0.61,0.30,0.21,0.40,0.05,
86.78,FLYING,WAIT,0,,,,,69,0,0,0,0,70,AVOID_RIGHT,,2.03,0.72,0.38,0.43,0.15,0.54,0.00,
86.82,FLYING,WAIT,0,,,,,69,0,0,0,0,70,AVOID_RIGHT,,2.08,0.52,0.26,0.50,0.10,0.59,0.00,
86.89,FLYING,WAIT,0,,,,,69,0,0,0,0,70,AVOID_RIGHT,RIGHT,2.11,0.42,0.20,0.69,0.07,0.62,0.00,
86.94,FLYING,WAIT,0,,,,,69,0,0,0,0,70,AVOID_RIGHT,RIGHT,2.12,0.38,0.17,0.67,0.05,0.64,0.00,
86.99,FLYING,WAIT,0,,,,,69,0,0,0,0,70,AVOID_RIGHT,RIGHT,2.10,0.40,0.17,0.64,0.04,0.63,0.00,
87.06,FLYING,WAIT,0,,,,,69,0,0,0,0,70,AVOID_RIGHT,RIGHT,2.09,0.39,0.23,0.76,0.03,0.63,0.00,
87.11,FLYING,WAIT,0,,,,,69,0,0,0,0,70,AVOID_RIGHT,RIGHT,2.28,0.44,0.26,0.72,0.02,0.73,0.00,
87.15,FLYING,WAIT,0,,,,,69,0,0,0,0,70,ESCAPE,RIGHT,2.61,0.46,0.27,0.91,0.01,0.90,0.00,
87.25,FLYING,WAIT,1,rotten,0.24,0.99,10.9,69,0,0,0,0,70,ESCAPE,RIGHT,3.34,0.59,0.29,0.92,0.01,1.00,0.00,
87.30,FLYING,WAIT,1,rotten,0.24,0.99,10.9,69,0,0,0,0,70,ESCAPE,RIGHT,3.70,0.64,0.31,0.93,0.44,1.00,0.00,
87.35,FLYING,WAIT,1,rotten,0.24,0.99,10.9,69,0,0,0,0,70,ESCAPE,RIGHT,2.61,0.86,0.32,0.93,0.31,0.75,0.00,
87.42,FLYING,WAIT,0,,,,,69,0,0,0,0,70,ESCAPE,RIGHT,2.06,0.88,0.33,0.85,0.21,0.52,0.00,
87.47,FLYING,WAIT,0,,,,,69,0,0,0,0,70,ESCAPE,RIGHT,1.79,0.97,0.26,0.63,0.15,0.42,0.01,
87.51,FLYING,WAIT,0,,,,,69,0,0,0,0,70,ESCAPE,RIGHT,1.57,1.14,0.23,0.50,0.44,0.17,0.00,
87.58,FLYING,WAIT,0,,,,,69,0,0,0,0,70,ESCAPE,,1.23,1.22,0.28,0.28,0.31,0.06,0.06,
87.63,FLYING,WAIT,0,,,,,69,0,0,0,0,70,ESCAPE,,1.06,1.08,0.31,0.16,0.21,0.03,0.03,
87.68,FLYING,WAIT,0,,,,,69,0,0,0,0,70,ESCAPE,,1.52,1.01,0.26,0.22,0.15,0.28,0.03,
87.74,FLYING,WAIT,0,,,,,69,0,0,0,0,70,ESCAPE,,2.16,0.74,0.24,0.27,0.10,0.63,0.00,
87.79,FLYING,WAIT,0,,,,,69,0,0,0,0,70,ESCAPE,,2.81,0.45,0.21,0.52,0.07,0.97,0.00,
87.84,FLYING,WAIT,0,,,,,69,0,0,0,0,70,ESCAPE,RIGHT,3.15,0.30,0.16,0.69,0.05,1.00,0.00,
87.94,FLYING,WAIT,1,rotten,0.28,1.00,24.3,69,0,0,0,0,70,ESCAPE,RIGHT,3.60,0.24,0.13,0.80,0.04,1.00,0.00,
87.99,FLYING,WAIT,1,rotten,0.28,1.00,24.3,69,0,0,0,0,70,ESCAPE,RIGHT,3.82,0.24,0.12,0.94,0.03,1.00,0.00,
88.04,FLYING,WAIT,1,rotten,0.28,1.00,24.3,69,0,0,0,0,70,ESCAPE,RIGHT,2.49,0.25,0.17,0.85,0.44,0.63,0.00,
88.14,FLYING,WAIT,1,,,,,69,0,0,0,0,70,ESCAPE,RIGHT,1.83,0.48,0.79,0.74,0.31,0.36,0.00,
88.19,FLYING,WAIT,1,,,,,69,0,0,0,0,70,ESCAPE,RIGHT,1.57,0.60,1.10,0.55,0.21,0.28,0.04,
88.23,FLYING,WAIT,1,,,,,69,0,0,0,0,70,ESCAPE,RIGHT,1.66,0.64,0.66,0.56,0.15,0.36,0.00,
88.33,FLYING,WAIT,1,rotten,0.63,0.89,24.9,69,0,0,0,0,70,ESCAPE,RIGHT,1.48,0.67,0.42,0.46,0.10,0.29,0.00,
88.38,FLYING,WAIT,1,rotten,0.63,0.89,24.9,69,0,0,0,0,70,ESCAPE,RIGHT,1.27,0.72,0.29,0.41,0.07,0.20,0.00,
88.43,FLYING,WAIT,1,rotten,0.63,0.89,24.9,69,0,0,0,0,70,ESCAPE,,0.91,0.79,0.23,0.23,0.05,0.03,0.00,
88.52,FLYING,WAIT,1,rotten,0.53,0.87,26.2,69,0,0,0,0,70,ESCAPE,,0.73,0.82,0.23,0.13,0.04,0.00,0.00,
88.57,FLYING,WAIT,1,rotten,0.53,0.87,26.2,69,0,0,0,0,70,ESCAPE,,0.65,0.84,0.22,0.07,0.03,0.01,0.01,
88.62,FLYING,WAIT,1,rotten,0.53,0.87,26.2,69,0,0,0,0,70,ESCAPE,,0.63,0.62,0.22,0.04,0.02,0.00,0.00,
88.72,FLYING,WAIT,1,rotten,0.20,0.97,16.9,69,0,0,0,0,70,ESCAPE,,1.00,0.51,0.28,0.02,0.01,0.09,0.00,
88.77,FLYING,WAIT,1,rotten,0.20,0.97,16.9,69,0,0,0,0,70,ESCAPE,,1.18,0.86,0.31,0.01,0.01,0.19,0.02,
88.81,FLYING,WAIT,1,rotten,0.20,0.97,16.9,69,0,0,0,0,70,ESCAPE,,1.27,1.28,0.33,0.27,0.01,0.24,0.24,
88.91,FLYING,WAIT,1,rotten,0.27,0.95,9.2,69,0,0,0,0,70,ESCAPE,,1.59,1.52,0.38,0.41,0.00,0.39,0.36,
88.96,FLYING,APPROACH,1,rotten,0.27,0.95,9.2,69,-2,4,0,0,70,ESCAPE,RIGHT,2.01,1.65,0.40,0.75,0.00,0.60,0.42,
89.01,FLYING,APPROACH,1,rotten,0.27,0.95,9.2,69,-4,7,0,0,70,AVOID_LEFT,RIGHT,2.40,1.71,0.47,0.86,0.44,0.57,0.22,
89.17,FLYING,FEED,3,freshripe,0.53,0.62,30.4,69,-7,1,4,0,70,AVOID_RIGHT,RIGHT,3.13,1.40,0.59,0.89,0.31,0.98,0.12,
89.22,FLYING,FEED,3,freshripe,0.53,0.62,30.4,69,-8,-2,7,0,70,AVOID_RIGHT,RIGHT,3.49,1.28,0.71,0.87,0.21,1.00,0.13,
89.27,FLYING,FEED,3,freshripe,0.53,0.62,30.4,69,-9,-5,10,0,70,AVOID_RIGHT,RIGHT,3.64,1.22,0.71,0.95,0.15,1.00,0.13,
89.37,FLYING,FEED,1,rotten,0.62,0.98,10.4,68,-6,-3,6,0,70,AVOID_RIGHT,RIGHT,2.36,1.62,0.66,0.89,0.44,0.56,0.19,
89.42,FLYING,FEED,1,rotten,0.62,0.98,10.4,68,-4,-2,4,0,70,AVOID_RIGHT,RIGHT,2.11,1.81,0.64,1.00,0.44,0.44,0.29,
89.47,FLYING,FEED,1,rotten,0.62,0.98,10.4,67,-2,-1,2,0,70,AVOID_RIGHT,RIGHT,1.98,1.91,0.80,0.99,0.31,0.44,0.40,
89.57,FLYING,FEED,1,rotten,0.72,0.90,9.4,67,-1,0,1,0,70,AVOID_RIGHT,RIGHT,2.13,1.79,0.88,1.00,0.21,0.56,0.39,
89.62,FLYING,FEED,1,rotten,0.72,0.90,9.4,67,-1,0,1,0,70,AVOID_RIGHT,RIGHT,2.20,1.75,0.59,1.00,0.44,0.48,0.26,
89.66,FLYING,FEED,1,rotten,0.72,0.90,9.4,66,0,0,0,0,70,AVOID_RIGHT,RIGHT,1.96,1.74,0.44,1.00,0.31,0.43,0.32,
89.76,FLYING,FEED,1,rotten,0.36,0.82,36.1,66,-4,-3,4,0,70,AVOID_RIGHT,RIGHT,1.22,1.85,0.51,1.00,0.21,0.42,0.42,
89.81,FLYING,FEED,1,rotten,0.36,0.82,36.1,65,-6,-5,7,0,70,AVOID_LEFT,RIGHT,1.47,1.91,0.54,1.00,0.15,0.48,0.48,
89.86,FLYING,FEED,1,rotten,0.36,0.82,36.1,65,-7,-7,9,0,69,AVOID_LEFT,RIGHT,1.63,1.58,0.79,1.00,0.10,0.36,0.34,
89.99,FLYING,FEED,2,freshripe,0.26,0.66,34.7,64,-8,-8,10,0,69,AVOID_LEFT,RIGHT,1.84,1.42,0.94,0.85,0.44,0.30,0.09,
90.04,FLYING,FEED,2,freshripe,0.26,0.66,34.7,64,-9,-8,11,0,69,AVOID_RIGHT,RIGHT,1.95,1.50,1.01,0.59,0.31,0.42,0.20,
90.09,FLYING,FEED,2,freshripe,0.26,0.66,34.7,64,-10,-9,11,0,69,AVOID_RIGHT,RIGHT,2.36,1.54,0.99,0.85,0.21,0.67,0.26,
90.22,FLYING,FEED,2,rotten,0.47,0.71,9.2,63,-6,-6,7,0,69,AVOID_RIGHT,RIGHT,1.88,1.89,0.98,0.94,0.15,0.47,0.47,
90.27,FLYING,FEED,2,rotten,0.47,0.71,9.2,63,-4,-3,4,0,69,AVOID_RIGHT,RIGHT,1.64,1.67,0.97,1.00,0.10,0.38,0.38,
90.32,FLYING,FEED,2,rotten,0.47,0.71,9.2,62,-2,-2,3,0,69,AVOID_RIGHT,RIGHT,1.52,1.93,0.87,1.00,0.44,0.35,0.35,
90.39,FLYING,FEED,0,,,,,62,-1,-1,2,0,69,CRUISE,RIGHT,2.43,2.06,0.82,0.96,0.31,0.66,0.48,
90.44,FLYING,FEED,0,,,,,62,-1,-1,1,0,69,AVOID_RIGHT,RIGHT,2.91,2.13,1.65,1.00,0.21,0.95,0.56,
90.48,FLYING,FEED,0,,,,,62,0,0,0,0,69,AVOID_RIGHT,RIGHT,3.15,2.30,2.14,1.00,0.15,1.00,0.68,
90.58,FLYING,FEED,1,rotten,0.60,0.99,8.6,62,0,0,0,0,69,AVOID_RIGHT,RIGHT,2.48,2.14,2.31,1.00,0.44,0.62,0.54,
90.63,FLYING,FEED,1,rotten,0.60,0.99,8.6,61,0,0,0,0,69,AVOID_RIGHT,RIGHT,2.15,2.00,1.61,1.00,0.31,0.52,0.45,
90.68,FLYING,FEED,1,rotten,0.60,0.99,8.6,61,0,0,0,0,69,AVOID_RIGHT,RIGHT,2.05,1.93,1.26,1.00,0.21,0.52,0.46,
90.78,FLYING,FEED,1,rotten,0.31,1.00,9.7,61,0,0,0,0,69,AVOID_LEFT,RIGHT,2.00,2.07,1.08,1.00,0.15,0.56,0.56,
90.83,FLYING,FEED,1,rotten,0.31,1.00,9.7,60,0,0,0,0,69,AVOID_RIGHT,RIGHT,1.44,2.13,0.93,1.00,0.10,0.61,0.61,
90.88,FLYING,FEED,1,rotten,0.31,1.00,9.7,60,0,0,0,0,69,AVOID_LEFT,RIGHT,1.17,2.14,0.85,1.00,0.07,0.63,0.63,
90.98,FLYING,FEED,1,freshripe,0.62,0.55,7.0,59,0,0,0,0,69,AVOID_LEFT,RIGHT,1.38,2.14,0.81,1.00,0.05,0.64,0.64,
91.03,FLYING,FEED,1,freshripe,0.62,0.55,7.0,59,0,0,0,0,69,AVOID_RIGHT,RIGHT,1.52,2.14,0.59,1.00,0.04,0.65,0.65,
91.08,FLYING,FEED,1,freshripe,0.62,0.55,7.0,59,0,0,0,0,69,AVOID_LEFT,RIGHT,2.12,2.04,0.38,1.00,0.03,0.65,0.61,
91.18,FLYING,FEED,1,rotten,0.27,0.86,8.0,58,0,0,0,0,69,ESCAPE,RIGHT,2.01,1.66,0.27,1.00,0.44,0.39,0.21,
91.22,FLYING,FEED,1,rotten,0.27,0.86,8.0,58,0,0,0,0,69,ESCAPE,RIGHT,1.96,1.41,0.33,1.00,0.31,0.43,0.15,
91.27,FLYING,FEED,1,rotten,0.27,0.86,8.0,58,0,0,0,0,69,ESCAPE,RIGHT,1.73,0.97,0.35,0.84,0.21,0.36,0.00,
91.37,FLYING,FEED,1,rotten,0.70,0.86,8.6,57,0,0,0,0,69,ESCAPE,RIGHT,1.45,0.61,0.25,0.62,0.15,0.25,0.00,
91.42,FLYING,FEED,1,rotten,0.70,0.86,8.6,57,0,0,0,0,69,ESCAPE,RIGHT,0.96,0.42,0.17,0.35,0.10,0.03,0.00,
91.47,FLYING,FEED,1,rotten,0.70,0.86,8.6,56,0,0,0,0,69,ESCAPE,,0.72,0.37,0.15,0.20,0.07,0.00,0.00,
91.59,FLYING,FEED,2,rotten,0.70,0.93,8.4,56,0,0,0,0,69,ESCAPE,,0.59,0.40,0.13,0.11,0.05,0.00,0.00,
91.64,FLYING,FEED,2,rotten,0.70,0.93,8.4,55,0,0,0,0,69,ESCAPE,,0.53,0.41,0.13,0.06,0.04,0.00,0.00,
91.69,FLYING,FEED,2,rotten,0.70,0.93,8.4,55,0,0,0,0,69,ESCAPE,,0.49,0.42,0.11,0.03,0.03,0.00,0.00,
91.79,FLYING,FEED,1,rotten,0.38,0.77,7.0,55,0,0,0,0,69,ESCAPE,,0.41,0.40,0.10,0.02,0.02,0.00,0.00,
91.83,FLYING,FEED,1,rotten,0.38,0.77,7.0,54,0,0,0,0,69,ESCAPE,,0.27,0.27,0.09,0.01,0.01,0.00,0.00,
91.88,FLYING,FEED,1,rotten,0.38,0.77,7.0,54,0,0,0,0,69,ESCAPE,,0.17,0.21,0.14,0.01,0.01,0.00,0.00,
91.95,FLYING,FEED,0,,,,,54,0,0,0,0,69,ESCAPE,,0.12,0.20,0.23,0.00,0.44,0.00,0.00,
92.00,FLYING,FEED,0,,,,,54,0,0,0,0,69,ESCAPE,,0.26,0.28,0.55,0.00,0.31,0.00,0.00,
92.04,FLYING,FEED,0,,,,,54,0,0,0,0,69,ESCAPE,,0.41,0.45,0.71,0.00,0.44,0.00,0.00,
92.14,FLYING,FEED,1,rotten,0.27,0.95,6.0,53,0,0,0,0,69,ESCAPE,,0.43,0.43,0.67,0.00,0.31,0.00,0.00,
92.19,FLYING,FEED,1,rotten,0.27,0.95,6.0,53,0,0,0,0,69,ESCAPE,,0.44,0.42,0.63,0.00,0.44,0.00,0.00,
92.23,FLYING,FEED,1,rotten,0.27,0.95,6.0,53,0,0,0,0,69,ESCAPE,,0.44,0.39,0.61,0.00,0.44,0.00,0.00,
92.37,FLYING,FEED,2,freshripe,0.64,0.77,47.0,52,-3,-3,0,0,69,ESCAPE,,1.59,0.38,0.60,0.00,0.31,0.24,0.00,
92.41,FLYING,FEED,2,freshripe,0.64,0.77,47.0,52,-6,-5,0,0,69,ESCAPE,,2.17,0.37,0.40,0.26,0.21,0.58,0.00,
92.46,FLYING,FEED,2,freshripe,0.64,0.77,47.0,51,-7,-7,0,0,69,ESCAPE,,1.92,0.63,0.70,0.41,0.15,0.48,0.00,
92.56,FLYING,FEED,1,rotten,0.33,0.91,7.6,51,-5,-4,0,0,69,ESCAPE,,1.54,1.75,1.08,0.49,0.10,0.42,0.42,
92.61,FLYING,SCARED,1,rotten,0.33,0.91,7.6,51,0,-40,0,0,69,ESCAPE,RIGHT,1.29,2.31,1.27,1.00,0.07,0.72,0.72,
92.66,FLYING,SCARED,1,rotten,0.33,0.91,7.6,51,0,-40,0,0,69,ESCAPE,RIGHT,1.22,1.67,1.36,1.00,0.05,0.41,0.41,
92.76,FLYING,SCARED,1,rotten,0.74,0.96,7.7,51,0,-40,0,0,69,ESCAPE,RIGHT,1.18,1.10,1.52,0.97,0.04,0.17,0.34,
92.81,FLYING,SCARED,1,rotten,0.74,0.96,7.7,51,0,-40,0,0,69,ESCAPE,RIGHT,1.28,0.82,1.60,0.66,0.44,0.02,0.18,
92.85,FLYING,SCARED,1,rotten,0.74,0.96,7.7,51,0,-40,0,0,69,ESCAPE,RIGHT,1.89,0.82,1.62,0.57,0.31,0.39,0.26,
92.92,FLYING,SCARED,0,,,,,51,0,-40,0,0,69,ESCAPE,RIGHT,2.67,0.83,1.64,0.84,0.21,0.83,0.31,
92.97,FLYING,SCARED,0,,,,,51,0,-40,0,0,69,ESCAPE,RIGHT,3.06,1.78,1.64,1.00,0.15,1.00,0.42,
93.02,FLYING,SCARED,0,,,,,51,0,-40,0,0,69,ESCAPE,RIGHT,2.64,2.25,1.68,1.00,0.87,0.48,0.29,
93.15,FLYING,SCARED,2,rotten,0.22,0.99,31.6,51,0,-40,0,0,69,AVOID_RIGHT,RIGHT,1.79,2.31,1.86,1.00,0.61,0.45,0.45,
93.20,FLYING,SCARED,2,rotten,0.22,0.99,31.6,51,0,-40,0,0,69,AVOID_RIGHT,RIGHT,1.37,2.14,1.95,1.00,0.43,0.46,0.46,
93.25,FLYING,SCARED,2,rotten,0.22,0.99,31.6,51,0,-40,0,0,69,CRUISE,RIGHT,1.66,1.29,1.27,0.92,0.30,0.28,0.10,
93.35,FLYING,SCARED,1,rotten,0.43,0.72,6.3,51,0,-40,0,0,69,AVOID_RIGHT,RIGHT,2.59,0.87,0.76,0.78,0.21,0.79,0.00,
93.40,FLYING,SCARED,1,rotten,0.43,0.72,6.3,51,0,-40,0,0,69,AVOID_RIGHT,RIGHT,3.06,0.66,0.51,0.85,0.15,1.00,0.00,
93.45,FLYING,SCARED,1,rotten,0.43,0.72,6.3,51,0,-40,0,0,69,AVOID_RIGHT,RIGHT,3.22,0.77,0.38,0.96,0.44,0.99,0.00,
93.52,FLYING,SCARED,0,,,,,51,0,-40,0,0,69,AVOID_RIGHT,RIGHT,2.63,0.83,0.34,0.87,0.31,0.76,0.00,
93.56,FLYING,SCARED,0,,,,,51,0,-40,0,0,69,AVOID_RIGHT,RIGHT,2.33,0.85,0.32,0.90,0.21,0.66,0.00,
93.61,FLYING,WAIT,0,,,,,51,0,-26,0,0,69,AVOID_RIGHT,RIGHT,1.95,1.65,0.24,0.87,0.15,0.50,0.35,
93.68,FLYING,WAIT,0,,,,,51,0,-16,0,0,69,AVOID_RIGHT,RIGHT,1.34,2.05,0.17,1.00,0.10,0.57,0.57,
93.73,FLYING,WAIT,0,,,,,51,0,-10,0,0,69,AVOID_RIGHT,RIGHT,1.03,2.25,0.16,1.00,0.07,0.69,0.69,
93.78,FLYING,WAIT,0,,,,,51,0,-7,0,0,69,AVOID_RIGHT,RIGHT,1.31,2.29,0.20,1.00,0.05,0.72,0.72,
93.85,FLYING,WAIT,0,,,,,51,0,-4,0,0,69,AVOID_LEFT,RIGHT,1.45,1.66,0.22,1.00,0.04,0.41,0.41,
93.90,FLYING,WAIT,0,,,,,51,0,-3,0,0,69,AVOID_LEFT,RIGHT,1.43,1.06,0.20,1.00,0.03,0.30,0.12,
93.94,FLYING,WAIT,0,,,,,51,0,-1,0,0,69,CRUISE,RIGHT,1.42,0.77,0.20,0.77,0.44,0.09,0.00,
94.01,FLYING,WAIT,0,,,,,51,0,-1,0,0,69,AVOID_RIGHT,RIGHT,2.29,0.86,0.23,0.73,0.31,0.59,0.00,
94.06,FLYING,WAIT,0,,,,,51,0,0,0,0,69,AVOID_RIGHT,RIGHT,2.79,0.91,0.24,0.82,0.21,0.89,0.00,
94.11,FLYING,WAIT,0,,,,,51,0,0,0,0,69,AVOID_RIGHT,RIGHT,3.28,0.82,0.18,0.91,0.15,1.00,0.00,
94.18,FLYING,WAIT,0,,,,,51,0,0,0,0,69,AVOID_RIGHT,RIGHT,3.53,0.77,0.15,0.99,0.44,1.00,0.00,
94.23,FLYING,WAIT,0,,,,,51,0,0,0,0,69,AVOID_RIGHT,RIGHT,3.65,0.90,0.36,0.97,0.44,1.00,0.00,
94.28,FLYING,WAIT,0,,,,,51,0,0,0,0,69,AVOID_RIGHT,RIGHT,3.75,1.07,0.54,1.00,0.31,1.00,0.00,
94.35,FLYING,WAIT,0,,,,,51,0,0,0,0,69,AVOID_RIGHT,RIGHT,3.47,1.15,0.63,1.00,0.44,1.00,0.00,
94.39,FLYING,WAIT,0,,,,,51,0,0,0,0,69,AVOID_RIGHT,RIGHT,2.35,0.86,0.65,0.93,0.31,0.62,0.00,
94.44,FLYING,WAIT,0,,,,,51,0,0,0,0,69,AVOID_RIGHT,RIGHT,1.79,0.58,0.56,0.63,0.21,0.39,0.00,
94.51,FLYING,WAIT,0,,,,,51,0,0,0,0,69,AVOID_RIGHT,RIGHT,1.86,0.40,0.40,0.62,0.15,0.45,0.00,
94.56,FLYING,WAIT,0,,,,,51,0,0,0,0,69,AVOID_RIGHT,RIGHT,1.89,0.27,0.32,0.61,0.10,0.49,0.00,
94.60,FLYING,WAIT,0,,,,,51,0,0,0,0,69,AVOID_RIGHT,RIGHT,1.91,0.20,0.19,0.52,0.07,0.52,0.00,
94.67,FLYING,WAIT,0,,,,,51,0,0,0,0,69,AVOID_RIGHT,RIGHT,1.91,0.23,0.12,0.55,0.05,0.53,0.00,
94.72,FLYING,WAIT,0,,,,,51,0,0,0,0,69,AVOID_RIGHT,RIGHT,1.91,0.25,0.14,0.57,0.04,0.54,0.00,
94.77,FLYING,WAIT,0,,,,,51,0,0,0,0,69,AVOID_RIGHT,RIGHT,1.73,0.26,0.16,0.58,0.03,0.45,0.00,
94.84,FLYING,WAIT,0,,,,,51,0,0,0,0,69,AVOID_RIGHT,RIGHT,1.58,0.26,0.16,0.58,0.02,0.38,0.00,
94.88,FLYING,WAIT,0,,,,,51,0,0,0,0,69,AVOID_RIGHT,RIGHT,1.48,0.34,0.17,0.33,1.31,0.00,0.00,
94.93,FLYING,WAIT,0,,,,,51,0,0,0,0,69,AVOID_RIGHT,,1.43,1.34,1.03,0.19,0.92,0.00,0.00,
95.00,FLYING,WAIT,0,,,,,51,0,0,0,0,69,AVOID_RIGHT,,1.40,1.84,1.45,0.10,0.64,0.20,0.20,
95.05,FLYING,WAIT,0,,,,,51,0,0,0,0,69,CRUISE,,0.98,1.25,1.01,0.06,0.45,0.00,0.00,
95.09,FLYING,WAIT,0,,,,,51,0,0,0,0,69,CRUISE,,0.69,0.82,0.67,0.03,0.31,0.00,0.00,
95.16,FLYING,WAIT,0,,,,,51,0,0,0,0,69,CRUISE,,0.54,0.51,0.39,0.02,0.22,0.00,0.00,
95.21,FLYING,WAIT,0,,,,,51,0,0,0,0,69,CRUISE,,0.46,0.34,0.25,0.01,0.15,0.00,0.00,
95.25,FLYING,WAIT,0,,,,,51,0,0,0,0,69,CRUISE,,0.46,0.27,0.18,0.01,0.44,0.00,0.00,
95.32,FLYING,WAIT,0,,,,,51,0,0,0,0,69,CRUISE,,0.40,0.60,0.42,0.00,0.31,0.00,0.00,
95.37,FLYING,WAIT,0,,,,,51,0,0,0,0,69,CRUISE,,0.38,0.77,0.55,0.00,0.21,0.00,0.00,
95.42,FLYING,WAIT,0,,,,,51,0,0,0,0,69,CRUISE,,0.32,0.48,0.36,0.00,0.15,0.00,0.00,
95.48,FLYING,WAIT,0,,,,,51,0,0,0,0,69,CRUISE,,0.30,0.34,0.27,0.00,0.44,0.00,0.00,
95.53,FLYING,WAIT,0,,,,,51,0,0,0,0,69,CRUISE,,0.47,0.59,0.44,0.00,0.31,0.00,0.00,
95.58,FLYING,WAIT,0,,,,,51,0,0,0,0,69,CRUISE,,0.56,0.82,0.64,0.00,0.44,0.00,0.00,
95.64,FLYING,WAIT,0,,,,,51,0,0,0,0,69,CRUISE,,0.52,0.90,0.77,0.00,0.31,0.00,0.00,
95.68,FLYING,WAIT,0,,,,,51,0,0,0,0,69,CRUISE,,0.37,0.94,0.83,0.00,0.21,0.00,0.00,HAND
95.73,FLYING,WAIT,0,,,,,51,0,0,0,0,69,CRUISE,,0.26,0.66,0.55,0.00,0.15,0.00,0.00,
95.79,FLYING,WAIT,0,,,,,51,0,0,0,0,69,CRUISE,,0.22,0.52,0.40,0.00,0.10,0.00,0.00,
95.84,FLYING,WAIT,0,,,,,51,0,0,0,0,69,CRUISE,,0.19,0.45,0.30,0.00,0.07,0.00,0.00,
95.89,FLYING,WAIT,0,,,,,51,0,0,0,0,69,CRUISE,,0.18,0.36,0.25,0.00,0.05,0.00,0.00,
95.96,FLYING,WAIT,0,,,,,51,0,0,0,0,69,CRUISE,,0.24,0.31,0.25,0.00,0.04,0.00,0.00,
96.00,FLYING,WAIT,0,,,,,51,0,0,0,0,69,CRUISE,,0.28,0.28,0.25,0.00,0.03,0.00,0.00,
96.05,FLYING,WAIT,0,,,,,51,0,0,0,0,69,CRUISE,,0.42,0.22,0.19,0.00,0.02,0.00,0.00,
96.12,FLYING,WAIT,0,,,,,51,0,0,0,0,69,CRUISE,,0.80,0.20,0.16,0.00,0.01,0.00,0.00,
96.16,FLYING,WAIT,0,,,,,51,0,0,0,0,69,CRUISE,,0.99,0.18,0.15,0.00,0.01,0.09,0.00,
96.21,FLYING,WAIT,0,,,,,51,0,0,0,0,69,CRUISE,,0.67,0.19,0.19,0.00,0.01,0.00,0.00,
96.28,FLYING,WAIT,0,,,,,51,0,0,0,0,69,CRUISE,,0.49,0.15,0.26,0.00,0.00,0.00,0.00,
96.32,FLYING,WAIT,0,,,,,51,0,0,0,0,69,CRUISE,,0.39,0.13,0.30,0.00,0.00,0.00,0.00,
96.37,FLYING,WAIT,0,,,,,51,0,0,0,0,69,CRUISE,,0.34,0.12,0.29,0.00,0.00,0.00,0.00,
96.44,FLYING,WAIT,0,,,,,51,0,0,0,0,69,CRUISE,,0.28,0.12,0.26,0.00,0.00,0.00,0.00,
96.49,FLYING,WAIT,0,,,,,51,0,0,0,0,69,CRUISE,,0.25,0.12,0.22,0.00,0.00,0.00,0.00,
96.53,FLYING,WAIT,0,,,,,51,0,0,0,0,69,CRUISE,,0.27,0.14,0.20,0.00,0.00,0.00,0.00,
96.60,FLYING,WAIT,0,,,,,51,0,0,0,0,69,CRUISE,,0.37,0.16,0.19,0.00,0.00,0.00,0.00,
96.65,FLYING,WAIT,0,,,,,51,0,0,0,0,69,CRUISE,,0.41,0.18,0.18,0.00,0.00,0.00,0.00,
96.69,FLYING,WAIT,0,,,,,51,0,0,0,0,69,CRUISE,,0.44,0.14,0.16,0.00,0.00,0.00,0.00,
96.76,FLYING,WAIT,0,,,,,51,0,0,0,0,69,CRUISE,,0.65,0.12,0.15,0.00,0.00,0.00,0.00,
96.81,FLYING,WAIT,0,,,,,51,0,0,0,0,68,CRUISE,,0.75,0.11,0.15,0.00,0.00,0.00,0.00,
96.86,FLYING,WAIT,0,,,,,51,0,0,0,0,68,CRUISE,,0.80,0.10,0.18,0.00,0.00,0.00,0.00,
96.92,FLYING,WAIT,0,,,,,51,0,0,0,0,68,CRUISE,,0.81,0.10,0.17,0.00,0.00,0.01,0.00,
96.97,FLYING,WAIT,0,,,,,51,0,0,0,0,68,CRUISE,,0.82,0.12,0.13,0.00,0.00,0.01,0.00,
97.02,FLYING,WAIT,0,,,,,51,0,0,0,0,68,CRUISE,,0.82,0.13,0.11,0.00,0.00,0.01,0.00,
97.08,FLYING,WAIT,0,,,,,51,0,0,0,0,68,CRUISE,,0.73,0.15,0.21,0.00,0.00,0.00,0.00,
97.13,FLYING,WAIT,0,,,,,51,0,0,0,0,68,CRUISE,,0.74,0.16,0.25,0.00,0.00,0.00,0.00,
97.19,FLYING,WAIT,0,,,,,51,0,0,0,0,68,CRUISE,,0.69,0.17,0.24,0.00,0.00,0.00,0.00,
97.26,FLYING,WAIT,0,,,,,51,0,0,0,0,68,CRUISE,,0.65,0.17,0.21,0.00,0.00,0.00,0.00,
97.30,FLYING,WAIT,0,,,,,51,0,0,0,0,68,CRUISE,,0.48,0.14,0.19,0.00,0.00,0.00,0.00,
97.35,FLYING,WAIT,0,,,,,51,0,0,0,0,68,CRUISE,,0.39,0.13,0.19,0.00,0.00,0.00,0.00,
97.42,FLYING,WAIT,0,,,,,51,0,0,0,0,68,CRUISE,,0.35,0.18,0.20,0.00,0.00,0.00,0.00,
97.47,FLYING,WAIT,0,,,,,51,0,0,0,0,68,CRUISE,,0.30,0.20,0.14,0.00,0.00,0.00,0.00,
97.51,FLYING,WAIT,0,,,,,51,0,0,0,0,68,CRUISE,,0.25,0.18,0.11,0.00,0.00,0.00,0.00,
97.58,FLYING,WAIT,0,,,,,51,0,0,0,0,68,CRUISE,,0.25,0.15,0.13,0.00,0.00,0.00,0.00,
97.63,FLYING,WAIT,0,,,,,51,0,0,0,0,68,CRUISE,,0.23,0.14,0.14,0.00,0.00,0.00,0.00,
97.67,FLYING,WAIT,0,,,,,51,0,0,0,0,68,CRUISE,,0.24,0.14,0.17,0.00,0.00,0.00,0.00,
97.74,FLYING,WAIT,0,,,,,51,0,0,0,0,68,CRUISE,,0.23,0.15,0.20,0.00,0.00,0.00,0.00,
97.79,FLYING,WAIT,0,,,,,51,0,0,0,0,68,CRUISE,,0.22,0.15,0.21,0.00,0.00,0.00,0.00,
97.83,FLYING,WAIT,0,,,,,51,0,0,0,0,68,CRUISE,,0.19,0.13,0.22,0.00,0.00,0.00,0.00,
97.90,FLYING,WAIT,0,,,,,51,0,0,0,0,68,CRUISE,,0.17,0.10,0.19,0.00,0.00,0.00,0.00,
97.95,FLYING,WAIT,0,,,,,51,0,0,0,0,68,CRUISE,,0.16,0.09,0.18,0.00,0.00,0.00,0.00,
98.00,FLYING,WAIT,0,,,,,51,0,0,0,0,68,CRUISE,,0.14,0.08,0.17,0.00,0.00,0.00,0.00,
98.06,FLYING,WAIT,0,,,,,51,0,0,0,0,68,CRUISE,,0.13,0.08,0.12,0.00,0.00,0.00,0.00,
98.11,FLYING,WAIT,0,,,,,51,0,0,0,0,68,CRUISE,,0.12,0.08,0.13,0.00,0.00,0.00,0.00,
98.16,FLYING,WAIT,0,,,,,51,0,0,0,0,68,CRUISE,,0.12,0.11,0.13,0.00,0.00,0.00,0.00,
98.23,FLYING,WAIT,0,,,,,51,0,0,0,0,68,CRUISE,,0.12,0.16,0.15,0.00,0.00,0.00,0.00,
98.27,FLYING,WAIT,0,,,,,51,0,0,0,0,68,CRUISE,,0.28,0.19,0.16,0.00,0.00,0.00,0.00,
98.32,FLYING,WAIT,0,,,,,51,0,0,0,0,68,CRUISE,,0.36,0.14,0.16,0.00,0.00,0.00,0.00,
98.39,FLYING,WAIT,0,,,,,51,0,0,0,0,68,CRUISE,,0.23,0.11,0.14,0.00,0.00,0.00,0.00,
