time_s,mode,state,bananas_seen,label,det_conf,cls_conf,size_pct,hunger,lr,fb,ud,yaw,battery,brain,escape_dir,loom_l,loom_c,loom_r,escape_level,wobble_floor,loom_in_l,loom_in_r,hand,self_moving
9.61,FLYING,APPROACH,1,rotten,0.37,1.00,1.9,100,0,0,-5,0,35,ARMING,,0.00,0.00,0.00,0.00,0.00,0.00,0.00,,
9.75,FLYING,APPROACH,1,rotten,0.37,1.00,1.9,100,0,5,-9,0,35,ARMING,,0.03,0.02,0.04,0.00,0.00,0.00,0.00,,
9.80,FLYING,APPROACH,1,rotten,0.37,1.00,1.9,100,0,8,-11,0,35,ARMING,,0.07,0.04,0.08,0.00,0.00,0.00,0.00,,
9.93,FLYING,APPROACH,1,rotten,0.33,1.00,1.9,100,0,10,-13,0,35,ARMING,,0.10,0.07,0.11,0.00,0.00,0.00,0.00,,
9.95,FLYING,APPROACH,1,rotten,0.33,1.00,1.9,100,0,12,-14,0,35,ARMING,,0.11,0.09,0.13,0.00,0.00,0.00,0.00,,
9.98,FLYING,APPROACH,1,rotten,0.33,1.00,1.9,100,0,13,-15,0,35,ARMING,,0.12,0.10,0.16,0.00,0.00,0.00,0.00,,
10.10,FLYING,APPROACH,1,rotten,0.29,1.00,1.9,100,0,13,-15,0,35,ARMING,,0.18,0.21,0.15,0.00,0.00,0.00,0.00,,
10.13,FLYING,APPROACH,1,rotten,0.29,1.00,1.9,100,0,14,-15,0,35,ARMING,,0.22,0.27,0.14,0.00,0.00,0.00,0.00,,
10.16,FLYING,APPROACH,1,rotten,0.29,1.00,1.9,100,0,14,-15,0,35,ARMING,,0.23,0.37,0.14,0.00,0.00,0.00,0.00,,
10.25,FLYING,APPROACH,0,,,,,100,0,14,-10,0,35,ARMING,,0.20,0.30,0.22,0.00,0.00,0.00,0.00,,
10.27,FLYING,APPROACH,0,,,,,100,0,14,-6,0,35,ARMING,,0.22,0.22,0.27,0.00,0.00,0.00,0.00,,
10.30,FLYING,APPROACH,0,,,,,100,0,14,-4,0,35,ARMING,,0.23,0.18,0.29,0.00,0.00,0.00,0.00,,
10.40,FLYING,APPROACH,1,rotten,0.21,1.00,2.0,100,0,14,-8,0,35,ARMING,,0.32,0.18,0.25,0.00,0.00,0.00,0.00,,
10.43,FLYING,APPROACH,1,rotten,0.21,1.00,2.0,100,0,14,-10,0,35,ARMING,,0.37,0.18,0.23,0.00,0.00,0.00,0.00,,
10.45,FLYING,APPROACH,1,rotten,0.21,1.00,2.0,100,0,14,-11,0,35,ARMING,,0.39,0.18,0.22,0.00,0.00,0.00,0.00,,
10.54,FLYING,APPROACH,1,rotten,0.21,1.00,1.9,100,0,14,-12,0,35,ARMING,,0.48,0.30,0.48,0.00,0.00,0.00,0.00,,
10.56,FLYING,APPROACH,1,rotten,0.21,1.00,1.9,100,0,14,-13,0,35,ARMING,,0.53,0.36,0.60,0.00,0.00,0.00,0.00,,
10.58,FLYING,APPROACH,1,rotten,0.21,1.00,1.9,100,0,14,-13,0,35,ARMING,,0.57,0.42,0.65,0.00,0.00,0.00,0.00,,
10.64,FLYING,APPROACH,0,,,,,100,0,14,-8,0,35,ARMING,,0.51,0.43,0.49,0.00,0.00,0.00,0.00,,
10.66,FLYING,APPROACH,0,,,,,100,0,14,-5,0,35,ARMING,,0.48,0.43,0.41,0.00,0.00,0.00,0.00,,
10.71,FLYING,APPROACH,0,,,,,100,0,14,-3,0,35,ARMING,,0.46,0.38,0.37,0.00,0.00,0.00,0.00,,
10.78,FLYING,APPROACH,0,,,,,100,0,14,-2,0,35,ARMING,,0.38,0.34,0.28,0.00,0.00,0.00,0.00,,
10.80,FLYING,APPROACH,0,,,,,100,0,14,-1,0,35,ARMING,,0.33,0.31,0.21,0.00,0.00,0.00,0.00,,
10.83,FLYING,APPROACH,0,,,,,100,0,14,-1,0,35,ARMING,,0.31,0.30,0.18,0.00,0.00,0.00,0.00,,
10.94,FLYING,APPROACH,1,,,,,100,0,14,0,0,35,ARMING,,0.38,0.28,0.20,0.00,0.00,0.00,0.00,,
10.96,FLYING,APPROACH,1,,,,,100,0,14,0,0,35,ARMING,,0.41,0.27,0.21,0.00,0.00,0.00,0.00,,
10.98,FLYING,APPROACH,1,,,,,100,0,14,0,0,35,ARMING,,0.46,0.25,0.21,0.00,0.00,0.00,0.00,,
11.07,FLYING,APPROACH,1,rotten,0.35,0.99,1.6,100,0,14,-4,0,35,ARMING,,0.49,0.21,0.24,0.00,0.00,0.00,0.00,,
11.09,FLYING,APPROACH,1,rotten,0.35,0.99,1.6,100,0,14,-7,0,35,ARMING,,0.50,0.19,0.25,0.00,0.00,0.00,0.00,,
11.11,FLYING,APPROACH,1,rotten,0.35,0.99,1.6,100,0,14,-9,0,35,ARMING,,0.46,0.18,0.30,0.00,0.00,0.00,0.00,,
11.21,FLYING,APPROACH,0,,,,,100,0,14,-5,0,35,ARMING,,0.44,0.12,0.25,0.00,0.00,0.00,0.00,,
11.23,FLYING,APPROACH,0,,,,,100,0,14,-3,0,35,ARMING,,0.43,0.09,0.23,0.00,0.00,0.00,0.00,,
11.26,FLYING,APPROACH,0,,,,,100,0,14,-2,0,35,ARMING,,0.42,0.08,0.22,0.00,0.00,0.00,0.00,,
11.35,FLYING,APPROACH,0,,,,,100,0,14,-1,0,35,ARMING,,0.31,0.06,0.18,0.00,0.00,0.00,0.00,,
11.37,FLYING,APPROACH,0,,,,,100,0,14,-1,0,35,ARMING,,0.26,0.07,0.16,0.00,0.00,0.00,0.00,,
11.40,FLYING,APPROACH,0,,,,,100,0,14,0,0,35,ARMING,,0.19,0.07,0.16,0.00,0.00,0.00,0.00,,
11.47,FLYING,APPROACH,0,,,,,100,0,14,0,0,35,ARMING,,0.16,0.09,0.15,0.00,0.00,0.00,0.00,,
11.49,FLYING,APPROACH,0,,,,,100,0,14,0,0,35,CRUISE,,0.14,0.10,0.15,0.00,0.00,0.00,0.00,,
11.65,FLYING,APPROACH,0,,,,,100,0,14,0,0,35,CRUISE,,0.00,0.00,0.00,0.00,0.00,0.00,0.00,,yes
11.76,FLYING,APPROACH,1,,,,,100,0,14,0,0,35,CRUISE,,0.11,0.04,0.06,0.00,0.00,0.00,0.00,,yes
11.81,FLYING,APPROACH,1,,,,,100,0,14,0,0,35,CRUISE,,0.13,0.07,0.11,0.00,0.00,0.00,0.00,,yes
11.86,FLYING,APPROACH,1,,,,,100,0,14,0,0,35,CRUISE,,0.17,0.09,0.14,0.00,0.44,0.00,0.00,,yes
11.94,FLYING,APPROACH,0,,,,,100,0,14,0,0,35,CRUISE,,0.19,0.12,0.18,0.00,0.44,0.00,0.00,,yes
11.99,FLYING,APPROACH,0,,,,,100,0,14,0,0,35,CRUISE,,0.33,0.20,0.40,0.00,0.31,0.00,0.00,,yes
12.03,FLYING,APPROACH,0,,,,,100,0,14,0,0,35,CRUISE,,0.29,0.18,0.37,0.00,0.21,0.00,0.00,,yes
12.15,FLYING,APPROACH,1,rotten,0.44,1.00,1.9,100,0,14,-5,0,35,CRUISE,,0.27,0.17,0.35,0.00,0.15,0.00,0.00,,yes
12.20,FLYING,APPROACH,1,rotten,0.44,1.00,1.9,100,0,14,-8,0,35,CRUISE,,0.23,0.12,0.29,0.00,0.10,0.00,0.00,,yes
12.24,FLYING,APPROACH,1,rotten,0.44,1.00,1.9,100,0,14,-10,0,35,CRUISE,,0.20,0.10,0.27,0.00,0.07,0.00,0.00,,yes
12.33,FLYING,APPROACH,0,,,,,100,0,14,-7,0,35,CRUISE,,0.19,0.09,0.25,0.00,0.05,0.00,0.00,,yes
12.37,FLYING,APPROACH,0,,,,,100,0,14,-4,0,35,CRUISE,,0.18,0.10,0.24,0.00,0.04,0.00,0.00,,yes
12.42,FLYING,APPROACH,0,,,,,100,0,14,-3,0,35,CRUISE,,0.18,0.10,0.24,0.00,0.03,0.00,0.00,,yes
12.53,FLYING,APPROACH,1,rotten,0.29,1.00,2.3,100,0,14,-7,2,35,CRUISE,,0.19,0.10,0.21,0.00,0.02,0.00,0.00,,yes
12.58,FLYING,APPROACH,1,rotten,0.29,1.00,2.3,100,0,14,-10,3,35,CRUISE,,0.19,0.10,0.19,0.00,0.01,0.00,0.00,,yes
12.63,FLYING,APPROACH,1,rotten,0.29,1.00,2.3,100,0,14,-13,4,35,CRUISE,,0.21,0.10,0.18,0.00,0.01,0.00,0.00,,yes
12.74,FLYING,APPROACH,1,rotten,0.27,1.00,2.4,100,0,14,-14,4,35,CRUISE,,0.20,0.10,0.17,0.00,0.01,0.00,0.00,,yes
12.79,FLYING,APPROACH,1,rotten,0.27,1.00,2.4,100,0,14,-15,5,35,CRUISE,,0.19,0.10,0.17,0.00,0.00,0.00,0.00,,yes
12.83,FLYING,APPROACH,1,rotten,0.27,1.00,2.4,100,0,14,-16,5,35,CRUISE,,0.19,0.12,0.17,0.00,0.00,0.00,0.00,,yes
12.95,FLYING,APPROACH,1,rotten,0.23,0.99,2.2,100,0,14,-16,6,35,CRUISE,,0.18,0.11,0.21,0.00,0.00,0.00,0.00,,yes
13.00,FLYING,APPROACH,1,rotten,0.23,0.99,2.2,100,0,14,-17,6,35,CRUISE,,0.34,0.13,0.28,0.00,0.44,0.00,0.00,,yes
13.04,FLYING,APPROACH,1,rotten,0.23,0.99,2.2,100,0,14,-17,6,35,CRUISE,,0.44,0.13,0.42,0.00,0.31,0.00,0.00,,yes
13.16,FLYING,APPROACH,1,,,,,100,0,14,-11,4,35,CRUISE,,0.49,0.14,0.48,0.00,0.21,0.00,0.00,,yes
13.21,FLYING,APPROACH,1,,,,,100,0,14,-7,2,35,CRUISE,,0.36,0.12,0.59,0.00,0.44,0.00,0.00,,yes
13.25,FLYING,APPROACH,1,,,,,100,0,14,-4,1,35,CRUISE,,0.30,0.11,0.64,0.00,0.31,0.00,0.00,,yes
13.34,FLYING,APPROACH,0,,,,,100,0,14,-3,1,35,CRUISE,,0.30,0.18,0.67,0.00,0.21,0.00,0.00,,yes
13.38,FLYING,APPROACH,0,,,,,100,0,14,-2,0,35,CRUISE,,0.30,0.21,0.42,0.00,0.15,0.00,0.00,,yes
13.43,FLYING,APPROACH,0,,,,,100,0,14,-1,0,35,CRUISE,,0.30,0.20,0.29,0.00,0.10,0.00,0.00,,yes
13.54,FLYING,APPROACH,1,rotten,0.40,1.00,2.7,100,0,14,-7,3,35,CRUISE,,0.28,0.17,0.37,0.00,0.07,0.00,0.00,,yes
13.59,FLYING,APPROACH,1,rotten,0.40,1.00,2.7,100,0,14,-11,5,35,CRUISE,,0.28,0.16,0.41,0.00,0.05,0.00,0.00,,yes
13.64,FLYING,APPROACH,1,rotten,0.40,1.00,2.7,100,0,14,-13,6,35,CRUISE,,0.27,0.15,0.37,0.00,0.04,0.00,0.00,,yes
13.75,FLYING,APPROACH,1,,,,,100,0,14,-8,4,35,CRUISE,,0.27,0.13,0.26,0.00,0.03,0.00,0.00,,yes
13.80,FLYING,APPROACH,1,,,,,100,0,14,-5,2,35,CRUISE,,0.27,0.12,0.23,0.00,0.02,0.00,0.00,,yes
13.84,FLYING,APPROACH,1,,,,,100,0,14,-3,1,35,CRUISE,,0.27,0.12,0.21,0.00,0.01,0.00,0.00,,yes
13.96,FLYING,APPROACH,1,rotten,0.40,1.00,2.9,100,0,14,-9,5,35,CRUISE,,0.25,0.14,0.20,0.00,0.01,0.00,0.00,,yes
14.01,FLYING,APPROACH,1,rotten,0.40,1.00,2.9,100,0,14,-12,7,35,CRUISE,,0.26,0.14,0.15,0.00,0.01,0.00,0.00,,yes
14.05,FLYING,APPROACH,1,rotten,0.40,1.00,2.9,100,0,14,-14,8,35,CRUISE,,0.27,0.15,0.13,0.00,0.00,0.00,0.00,,yes
14.17,FLYING,APPROACH,1,rotten,0.30,1.00,3.2,100,0,14,-16,9,35,CRUISE,,0.31,0.14,0.12,0.00,0.00,0.00,0.00,,yes
14.21,FLYING,APPROACH,1,rotten,0.30,1.00,3.2,100,0,14,-17,10,35,CRUISE,,0.33,0.17,0.15,0.00,0.00,0.00,0.00,,yes
14.26,FLYING,APPROACH,1,rotten,0.30,1.00,3.2,100,0,14,-17,10,35,CRUISE,,0.33,0.19,0.16,0.00,0.00,0.00,0.00,,yes
14.34,FLYING,APPROACH,0,,,,,100,0,14,-11,6,35,CRUISE,,0.24,0.20,0.17,0.00,0.00,0.00,0.00,,yes
14.39,FLYING,APPROACH,0,,,,,100,0,14,-7,4,35,CRUISE,,0.36,0.25,0.21,0.00,0.00,0.00,0.00,,yes
14.44,FLYING,APPROACH,0,,,,,100,0,14,-4,2,35,CRUISE,,0.42,0.27,0.30,0.00,0.44,0.00,0.00,,yes
14.52,FLYING,APPROACH,0,,,,,100,0,14,-3,1,35,CRUISE,,0.50,0.29,0.46,0.00,0.31,0.00,0.00,,yes
14.57,FLYING,APPROACH,0,,,,,100,0,14,-2,1,35,CRUISE,,0.54,0.32,0.54,0.00,0.21,0.00,0.00,,yes
14.61,FLYING,APPROACH,0,,,,,100,0,14,-1,0,35,CRUISE,,0.73,0.34,0.66,0.00,0.15,0.00,0.00,,yes
14.73,FLYING,APPROACH,1,rotten,0.71,1.00,3.8,100,0,14,-7,4,35,CRUISE,,0.65,0.41,0.59,0.00,0.10,0.00,0.00,,yes
14.77,FLYING,APPROACH,1,rotten,0.71,1.00,3.8,100,0,15,-12,7,35,CRUISE,,0.49,0.44,0.46,0.00,0.07,0.00,0.00,,yes
14.82,FLYING,APPROACH,1,rotten,0.71,1.00,3.8,100,0,15,-14,9,35,CRUISE,,0.40,0.29,0.36,0.00,0.05,0.00,0.00,,yes
14.94,FLYING,APPROACH,1,rotten,0.46,1.00,4.1,100,0,15,-16,10,35,CRUISE,,0.36,0.20,0.25,0.00,0.04,0.00,0.00,,yes
14.98,FLYING,APPROACH,1,rotten,0.46,1.00,4.1,100,0,15,-17,11,35,CRUISE,,0.33,0.16,0.19,0.00,0.03,0.00,0.00,,yes
15.03,FLYING,APPROACH,1,rotten,0.46,1.00,4.1,100,0,15,-18,12,35,CRUISE,,0.33,0.14,0.17,0.00,0.02,0.00,0.00,,yes
15.14,FLYING,APPROACH,1,rotten,0.75,1.00,3.9,100,0,15,-19,12,35,CRUISE,,0.40,0.18,0.24,0.00,0.44,0.00,0.00,,yes
15.19,FLYING,APPROACH,1,rotten,0.75,1.00,3.9,100,0,15,-19,13,35,CRUISE,,0.43,0.20,0.28,0.00,0.31,0.00,0.00,,yes
15.24,FLYING,APPROACH,1,rotten,0.75,1.00,3.9,100,0,15,-19,13,35,CRUISE,,0.67,0.21,0.59,0.00,0.21,0.00,0.00,,yes
15.35,FLYING,APPROACH,1,rotten,0.44,1.00,4.8,100,0,14,-19,13,35,CRUISE,,0.71,0.35,0.60,0.00,0.15,0.00,0.00,,yes
15.40,FLYING,APPROACH,1,rotten,0.44,1.00,4.8,100,0,13,-19,13,35,CRUISE,,0.73,0.42,0.60,0.00,0.44,0.00,0.00,,yes
15.44,FLYING,APPROACH,1,rotten,0.44,1.00,4.8,100,0,13,-19,13,35,CRUISE,,0.70,0.45,0.58,0.00,0.31,0.00,0.00,,yes
15.56,FLYING,APPROACH,1,rotten,0.78,1.00,4.9,100,0,13,-19,13,35,CRUISE,,0.68,0.74,0.57,0.00,0.87,0.00,0.00,,yes
15.61,FLYING,APPROACH,1,rotten,0.78,1.00,4.9,100,0,13,-19,13,35,CRUISE,,0.67,0.97,0.65,0.00,0.61,0.00,0.00,,yes
15.65,FLYING,APPROACH,1,rotten,0.78,1.00,4.9,100,0,13,-19,13,35,CRUISE,,0.62,1.00,0.75,0.00,0.87,0.00,0.00,,yes
15.77,FLYING,APPROACH,1,rotten,0.82,1.00,4.7,100,0,13,-19,12,35,CRUISE,,0.58,0.90,0.80,0.00,0.61,0.00,0.00,,yes
15.81,FLYING,APPROACH,1,rotten,0.82,1.00,4.7,100,0,13,-18,12,35,CRUISE,,0.55,0.84,0.82,0.00,0.44,0.00,0.00,,yes
15.86,FLYING,APPROACH,1,rotten,0.82,1.00,4.7,100,0,13,-18,12,35,CRUISE,,0.58,0.82,0.88,0.00,0.31,0.00,0.00,,yes
15.97,FLYING,APPROACH,1,rotten,0.62,0.99,5.0,100,0,13,-16,12,35,CRUISE,,0.95,1.02,1.00,0.00,0.21,0.00,0.00,,yes
16.02,FLYING,APPROACH,1,rotten,0.62,0.99,5.0,100,0,12,-15,12,35,CRUISE,,1.13,1.12,1.08,0.00,0.44,0.00,0.00,,yes
16.07,FLYING,APPROACH,1,rotten,0.62,0.99,5.0,100,0,12,-14,11,35,CRUISE,,1.22,1.16,1.12,0.00,0.31,0.01,0.00,,yes
16.18,FLYING,APPROACH,1,rotten,0.33,1.00,4.6,100,0,13,-13,11,35,CRUISE,,1.51,1.53,1.35,0.00,0.44,0.10,0.10,,yes
16.23,FLYING,APPROACH,1,rotten,0.33,1.00,4.6,100,0,13,-12,11,35,CRUISE,,1.65,1.72,1.50,0.00,0.44,0.19,0.19,,yes
16.28,FLYING,APPROACH,1,rotten,0.33,1.00,4.6,100,0,13,-11,11,35,CRUISE,,1.65,1.75,1.59,0.30,0.31,0.27,0.27,,yes
16.39,FLYING,APPROACH,1,rotten,0.56,1.00,4.3,100,0,14,-7,11,35,AVOID_RIGHT,,1.51,1.77,2.06,0.65,0.21,0.32,0.47,,yes
16.44,FLYING,APPROACH,1,rotten,0.56,1.00,4.3,100,0,14,-4,11,35,ESCAPE,,1.20,1.78,2.29,0.63,0.44,0.21,0.47,,yes
16.49,FLYING,APPROACH,1,rotten,0.56,1.00,4.3,100,0,14,-3,11,35,ESCAPE,,0.97,1.82,2.47,0.87,0.31,0.30,0.62,,yes
16.60,FLYING,APPROACH,1,rotten,0.52,1.00,4.4,100,0,14,-2,10,35,ESCAPE,,0.86,1.34,1.70,0.65,0.44,0.00,0.17,,yes
16.65,FLYING,APPROACH,1,rotten,0.52,1.00,4.4,100,0,14,-1,10,35,ESCAPE,,0.80,1.06,1.32,0.48,0.87,0.00,0.00,,yes
16.70,FLYING,APPROACH,1,rotten,0.52,1.00,4.4,100,0,14,0,10,35,ESCAPE,,1.16,0.91,1.12,0.27,0.61,0.00,0.00,,yes
16.81,FLYING,APPROACH,1,rotten,0.74,0.99,4.7,100,0,14,0,10,35,ESCAPE,,1.29,1.10,0.92,0.15,0.44,0.00,0.00,,yes
16.86,FLYING,APPROACH,1,rotten,0.74,0.99,4.7,100,0,14,0,10,35,ESCAPE,,1.36,1.20,0.82,0.09,0.44,0.00,0.00,,yes
16.91,FLYING,APPROACH,1,rotten,0.74,0.99,4.7,100,0,14,0,10,35,ESCAPE,,1.02,0.94,0.77,0.05,0.31,0.00,0.00,,yes
17.02,FLYING,APPROACH,1,rotten,0.43,0.99,4.9,100,0,13,0,9,35,ESCAPE,,0.86,0.74,0.64,0.03,0.21,0.00,0.00,,yes
17.07,FLYING,APPROACH,1,rotten,0.43,0.99,4.9,100,0,13,0,9,35,ESCAPE,,0.70,0.53,0.57,0.02,0.44,0.00,0.00,,yes
17.11,FLYING,APPROACH,1,rotten,0.43,0.99,4.9,100,0,12,0,9,35,ESCAPE,,0.62,0.43,0.54,0.01,0.31,0.00,0.00,,yes
17.23,FLYING,APPROACH,1,rotten,0.23,1.00,5.8,100,0,11,0,9,35,ESCAPE,,0.58,0.87,0.83,0.00,0.21,0.00,0.00,,yes
17.28,FLYING,APPROACH,1,rotten,0.23,1.00,5.8,100,0,11,0,9,35,ESCAPE,,0.70,1.25,0.98,0.00,0.44,0.00,0.00,,yes
17.32,FLYING,APPROACH,1,rotten,0.23,1.00,5.8,100,0,10,0,8,35,ESCAPE,,1.04,1.45,1.10,0.00,0.31,0.13,0.13,,yes
17.41,FLYING,APPROACH,0,,,,,100,0,10,0,5,35,ESCAPE,,1.14,1.74,2.26,0.41,0.21,0.32,0.58,,yes
17.46,FLYING,APPROACH,0,,,,,100,0,10,0,3,35,ESCAPE,,1.68,1.89,2.85,0.75,0.44,0.28,0.76,,yes
17.50,FLYING,APPROACH,0,,,,,100,0,10,0,2,35,ESCAPE,,2.02,1.62,3.14,1.00,0.31,0.42,0.97,,yes
17.62,FLYING,FEED,1,rotten,0.67,1.00,7.0,100,0,6,-4,1,35,ESCAPE,,2.19,1.18,2.69,1.00,0.21,0.55,0.80,,yes
17.67,FLYING,FEED,1,rotten,0.67,1.00,7.0,100,0,4,-6,1,35,ESCAPE,,1.47,0.96,1.86,1.00,0.44,0.09,0.29,,yes
17.72,FLYING,FEED,1,rotten,0.67,1.00,7.0,99,0,2,-8,0,35,ESCAPE,,1.12,0.89,1.08,0.69,0.31,0.00,0.00,,yes
17.85,FLYING,FEED,1,rotten,0.83,0.99,7.7,99,0,1,-11,0,35,ESCAPE,,1.00,1.03,0.69,0.39,0.44,0.00,0.00,,yes
17.90,FLYING,FEED,1,rotten,0.83,0.99,7.7,98,0,1,-14,0,35,ESCAPE,,1.45,1.10,0.49,0.22,0.31,0.17,0.00,,yes
17.94,FLYING,FEED,1,rotten,0.83,0.99,7.7,98,0,0,-15,0,35,ESCAPE,,2.33,1.29,0.50,0.35,0.44,0.54,0.02,,yes
18.06,FLYING,FEED,1,rotten,0.86,0.99,7.5,97,0,0,-17,0,35,ESCAPE,,2.36,1.31,0.69,0.46,0.31,0.63,0.10,,yes
18.11,FLYING,FEED,1,rotten,0.86,0.99,7.5,97,0,0,-18,0,35,ESCAPE,,2.37,1.32,0.79,0.64,0.21,0.68,0.15,,yes
18.16,FLYING,FEED,1,rotten,0.86,0.99,7.5,97,0,0,-18,0,35,ESCAPE,,2.38,0.87,0.66,0.76,0.15,0.71,0.00,,yes
18.27,FLYING,FEED,1,,,,,97,0,0,-12,0,35,ESCAPE,,2.20,0.58,0.53,0.72,0.10,0.65,0.00,,yes
18.32,FLYING,FEED,1,,,,,97,0,0,-7,0,35,ESCAPE,,2.12,0.43,0.38,0.67,0.44,0.44,0.00,,yes
18.37,FLYING,FEED,1,,,,,97,0,0,-5,0,35,ESCAPE,,1.45,0.36,0.31,0.37,0.31,0.17,0.00,,yes
18.50,FLYING,FEED,1,rotten,0.40,1.00,5.8,96,0,0,-10,3,35,ESCAPE,,0.99,0.29,0.27,0.21,0.21,0.00,0.00,,yes
18.55,FLYING,FEED,1,rotten,0.40,1.00,5.8,96,0,0,-13,6,35,AVOID_RIGHT,,0.75,0.32,0.22,0.12,0.15,0.00,0.00,,yes
18.59,FLYING,FEED,1,rotten,0.40,1.00,5.8,95,0,0,-15,7,35,AVOID_RIGHT,,0.62,0.43,0.19,0.07,0.10,0.00,0.00,,yes
18.71,FLYING,FEED,1,rotten,0.82,0.99,6.9,95,0,0,-17,9,35,CRUISE,,0.52,1.15,0.33,0.04,0.07,0.14,0.14,,yes
18.76,FLYING,FEED,1,rotten,0.82,0.99,6.9,94,0,0,-18,10,35,CRUISE,,0.49,1.51,0.40,0.43,0.05,0.33,0.33,,yes
18.81,FLYING,FEED,1,rotten,0.82,0.99,6.9,94,0,0,-18,10,35,AVOID_LEFT,,0.47,1.69,0.36,0.65,0.04,0.43,0.43,,yes
18.92,FLYING,FEED,1,rotten,0.81,1.00,7.6,93,0,0,-19,11,35,AVOID_LEFT,,0.46,1.21,0.26,0.51,0.03,0.19,0.19,,yes
18.97,FLYING,FEED,1,rotten,0.81,1.00,7.6,93,0,0,-19,12,35,AVOID_LEFT,,0.52,1.36,0.27,0.53,0.44,0.06,0.06,,yes
19.02,FLYING,FEED,1,rotten,0.81,1.00,7.6,93,0,0,-19,12,35,CRUISE,,0.67,1.43,0.27,0.30,0.44,0.10,0.10,,yes
19.13,FLYING,FEED,1,rotten,0.85,0.97,8.5,92,0,0,-19,12,35,CRUISE,,0.91,1.47,0.27,0.17,0.31,0.18,0.18,,yes
19.18,FLYING,FEED,1,rotten,0.85,0.97,8.5,92,0,0,-19,13,35,CRUISE,,1.03,1.41,0.26,0.24,0.21,0.20,0.20,,yes
19.23,FLYING,FEED,1,rotten,0.85,0.97,8.5,92,0,0,-19,13,35,CRUISE,,1.09,1.37,0.25,0.14,0.87,0.00,0.00,,yes
19.34,FLYING,FEED,1,rotten,0.78,1.00,8.2,91,0,0,-19,13,35,CRUISE,,1.64,1.75,1.93,0.21,0.61,0.17,0.26,,yes
19.39,FLYING,FEED,1,rotten,0.78,1.00,8.2,91,0,0,-18,13,35,AVOID_LEFT,,1.92,2.16,2.76,0.79,0.44,0.46,0.76,,yes
19.44,FLYING,FEED,1,rotten,0.78,1.00,8.2,90,0,0,-18,13,35,AVOID_LEFT,,1.64,2.37,1.62,1.00,0.44,0.57,0.57,,yes
19.56,FLYING,FEED,1,rotten,0.86,1.00,7.6,90,0,0,-17,13,35,AVOID_LEFT,,1.28,2.48,1.05,1.00,0.31,0.68,0.68,,yes
19.60,FLYING,FEED,1,rotten,0.86,1.00,7.6,89,0,0,-16,13,35,AVOID_RIGHT,,1.32,1.65,0.92,1.00,0.21,0.32,0.32,,yes
19.65,FLYING,FEED,1,rotten,0.86,1.00,7.6,89,0,0,-15,13,35,CRUISE,,1.57,1.24,0.90,1.00,0.44,0.17,0.00,,yes
19.77,FLYING,FEED,1,rotten,0.86,0.93,6.7,88,0,0,-13,13,35,CRUISE,,1.70,1.26,0.85,0.60,0.31,0.30,0.08,,yes
19.82,FLYING,FEED,1,rotten,0.86,0.93,6.7,88,0,0,-11,12,35,CRUISE,,1.72,1.27,1.13,0.52,0.21,0.35,0.13,,yes
19.86,FLYING,FEED,1,rotten,0.86,0.93,6.7,88,0,0,-10,12,35,AVOID_RIGHT,,1.73,1.13,1.26,0.44,0.44,0.25,0.01,,yes
19.98,FLYING,FEED,1,rotten,0.82,0.98,5.8,87,0,0,-7,12,35,AVOID_RIGHT,,1.58,1.05,1.97,0.51,0.31,0.24,0.43,,yes
20.03,FLYING,FEED,1,rotten,0.82,0.98,5.8,87,0,0,-4,12,35,AVOID_LEFT,,1.50,1.01,2.33,0.83,0.21,0.24,0.66,,yes
20.07,FLYING,FEED,1,rotten,0.82,0.98,5.8,87,0,0,-2,12,35,AVOID_LEFT,,1.11,1.27,2.71,0.84,0.44,0.02,0.74,,yes
20.19,FLYING,FEED,1,rotten,0.76,1.00,5.2,86,0,0,-1,12,35,AVOID_LEFT,,0.77,1.40,2.31,0.88,0.31,0.15,0.60,,yes
20.24,FLYING,FEED,1,rotten,0.76,1.00,5.2,86,0,0,-1,12,35,AVOID_LEFT,,0.57,1.47,2.10,0.81,0.44,0.12,0.43,,yes
20.29,FLYING,FEED,1,rotten,0.76,1.00,5.2,85,0,0,0,12,35,AVOID_LEFT,,0.46,1.63,2.00,0.72,0.31,0.26,0.45,,yes
20.40,FLYING,FEED,1,rotten,0.70,1.00,4.9,85,0,0,0,11,35,AVOID_LEFT,,0.55,1.41,1.85,0.81,0.21,0.20,0.42,,yes
20.45,FLYING,FEED,1,rotten,0.70,1.00,4.9,84,0,0,0,11,35,AVOID_LEFT,,0.59,1.22,1.78,0.57,0.87,0.00,0.05,,yes
20.50,FLYING,FEED,1,rotten,0.70,1.00,4.9,84,0,0,0,11,35,AVOID_LEFT,,0.61,1.13,1.56,0.32,0.61,0.00,0.08,,yes
20.61,FLYING,FEED,1,rotten,0.81,0.92,4.7,83,0,0,0,10,35,AVOID_LEFT,,0.62,0.87,1.15,0.18,0.43,0.00,0.00,,yes
20.66,FLYING,FEED,1,rotten,0.81,0.92,4.7,83,0,0,0,10,35,AVOID_LEFT,,0.63,0.73,0.94,0.10,0.87,0.00,0.00,,yes
20.71,FLYING,FEED,1,rotten,0.81,0.92,4.7,83,0,0,0,10,35,AVOID_LEFT,,0.63,0.66,0.55,0.06,0.61,0.00,0.00,,yes
20.82,FLYING,FEED,1,rotten,0.75,0.86,4.8,82,0,0,0,6,35,CRUISE,,0.63,0.60,0.35,0.03,0.43,0.00,0.00,,yes
20.87,FLYING,FEED,1,rotten,0.75,0.86,4.8,82,0,0,0,4,35,CRUISE,,0.49,0.56,0.25,0.02,0.44,0.00,0.00,,yes
20.91,FLYING,FEED,1,rotten,0.75,0.86,4.8,82,0,0,0,2,35,CRUISE,,0.42,0.39,0.25,0.01,0.31,0.00,0.00,,yes
21.00,FLYING,FEED,0,,,,,82,0,0,0,1,35,CRUISE,,0.31,0.30,0.25,0.01,0.44,0.00,0.00,,yes
21.05,FLYING,FEED,0,,,,,82,0,0,0,1,35,CRUISE,,0.26,0.33,0.24,0.00,0.31,0.00,0.00,,yes
21.09,FLYING,FEED,0,,,,,82,0,0,0,0,35,CRUISE,,0.23,0.35,0.24,0.00,0.21,0.00,0.00,,yes
21.21,FLYING,FEED,1,rotten,0.79,0.98,4.5,81,0,0,0,0,35,CRUISE,,0.90,0.46,0.27,0.00,0.15,0.00,0.00,,yes
21.25,FLYING,FEED,1,rotten,0.79,0.98,4.5,81,0,0,0,0,35,CRUISE,,1.23,0.51,0.29,0.00,0.10,0.16,0.00,,yes
21.30,FLYING,FEED,1,rotten,0.79,0.98,4.5,80,0,0,0,0,35,CRUISE,,1.39,0.45,0.27,0.00,0.44,0.08,0.00,,yes
21.39,FLYING,FEED,0,,,,,80,0,0,0,0,35,CRUISE,,1.53,0.41,0.26,0.00,0.31,0.21,0.00,,
21.43,FLYING,FEED,0,,,,,80,0,0,0,0,35,CRUISE,,1.59,0.31,0.25,0.26,0.21,0.29,0.00,,
21.48,FLYING,FEED,0,,,,,80,0,0,0,0,35,CRUISE,,1.62,0.33,0.25,0.30,0.15,0.34,0.00,,
21.57,FLYING,FEED,0,,,,,80,0,0,0,0,35,CRUISE,,1.32,0.24,0.18,0.22,0.10,0.21,0.00,,
21.61,FLYING,FEED,0,,,,,80,0,0,0,0,35,CRUISE,,0.73,0.14,0.12,0.12,0.07,0.00,0.00,,
21.66,FLYING,FEED,0,,,,,80,0,0,0,0,35,CRUISE,,0.43,0.09,0.10,0.07,0.05,0.00,0.00,,
21.77,FLYING,FEED,1,rotten,0.66,1.00,3.7,80,0,0,0,0,35,CRUISE,,0.29,0.06,0.43,0.04,0.44,0.00,0.00,,
21.82,FLYING,FEED,1,rotten,0.66,1.00,3.7,79,0,0,0,0,35,CRUISE,,0.22,0.19,0.59,0.02,0.31,0.00,0.00,,
21.87,FLYING,FEED,1,rotten,0.66,1.00,3.7,79,0,0,0,0,35,CRUISE,,0.41,0.31,0.74,0.01,0.21,0.00,0.00,,
21.98,FLYING,FEED,1,rotten,0.76,1.00,3.5,78,0,0,0,0,35,CRUISE,,1.22,0.67,0.79,0.01,0.44,0.00,0.00,,
22.03,FLYING,FEED,1,rotten,0.76,1.00,3.5,78,0,0,0,0,35,CRUISE,,1.63,0.86,0.81,0.15,0.31,0.26,0.00,,
22.08,FLYING,FEED,1,rotten,0.76,1.00,3.5,78,0,0,0,0,35,CRUISE,,1.03,0.67,0.82,0.11,0.44,0.00,0.00,,
22.19,FLYING,FEED,1,rotten,0.30,0.98,3.7,77,0,0,0,0,35,CRUISE,,0.64,0.57,0.89,0.06,0.31,0.00,0.00,,
22.24,FLYING,FEED,1,rotten,0.30,0.98,3.7,77,0,0,0,0,35,CRUISE,,0.45,0.52,0.93,0.04,0.87,0.00,0.00,,
22.28,FLYING,FEED,1,rotten,0.30,0.98,3.7,76,0,0,0,0,35,CRUISE,,0.60,0.51,0.95,0.02,0.61,0.00,0.00,,
22.40,FLYING,FEED,1,rotten,0.56,0.90,3.5,76,0,0,0,0,35,CRUISE,,0.67,0.60,0.86,0.01,0.43,0.00,0.00,,
22.45,FLYING,FEED,1,rotten,0.56,0.90,3.5,76,0,0,0,0,35,CRUISE,,0.96,0.65,0.81,0.01,0.30,0.00,0.00,,
22.49,FLYING,FEED,1,rotten,0.56,0.90,3.5,75,0,0,0,0,35,CRUISE,,0.72,0.66,0.79,0.00,0.21,0.00,0.00,,
22.61,FLYING,FEED,1,rotten,0.79,0.95,3.4,75,0,0,0,0,35,CRUISE,,0.90,0.54,0.62,0.00,0.15,0.00,0.00,,
22.66,FLYING,FEED,1,rotten,0.79,0.95,3.4,74,0,0,0,0,35,CRUISE,,0.56,0.55,0.48,0.00,0.10,0.00,0.00,,
22.70,FLYING,FEED,1,rotten,0.79,0.95,3.4,74,0,0,0,0,35,CRUISE,,0.75,0.55,0.41,0.00,0.07,0.00,0.00,,
22.82,FLYING,FEED,1,rotten,0.65,0.98,3.4,73,0,0,0,0,35,CRUISE,,0.74,0.80,0.59,0.00,0.05,0.00,0.00,,
22.86,FLYING,FEED,1,rotten,0.65,0.98,3.4,73,0,0,0,0,35,CRUISE,,0.74,1.05,0.74,0.00,0.04,0.11,0.11,,
22.91,FLYING,FEED,1,rotten,0.65,0.98,3.4,73,0,0,0,0,35,CRUISE,,0.74,1.18,0.82,0.00,0.02,0.18,0.18,,
23.03,FLYING,SCARED,1,rotten,0.47,0.98,3.1,73,0,-40,0,0,35,CRUISE,RIGHT,1.08,1.77,1.01,0.63,0.02,0.47,0.47,,
23.08,FLYING,SCARED,1,rotten,0.47,0.98,3.1,73,0,-40,0,0,35,ESCAPE,,1.25,2.06,1.10,0.88,0.01,0.62,0.62,,yes
23.13,FLYING,SCARED,1,rotten,0.47,0.98,3.1,73,0,-40,0,0,35,ESCAPE,,1.40,2.05,1.15,1.00,0.01,0.62,0.62,,yes
23.24,FLYING,SCARED,1,rotten,0.58,0.94,2.9,73,0,-40,0,0,35,ESCAPE,,1.67,1.36,3.27,1.00,0.44,0.22,1.00,,yes
23.29,FLYING,SCARED,1,rotten,0.58,0.94,2.9,73,0,-40,0,0,35,ESCAPE,,2.79,0.87,4.34,1.00,0.87,0.56,1.00,,yes
23.34,FLYING,SCARED,1,rotten,0.58,0.94,2.9,73,0,-40,0,0,35,ESCAPE,,4.21,0.53,4.87,1.00,0.61,1.00,1.00,,yes
23.43,FLYING,SCARED,0,,,,,73,0,-40,0,0,35,ESCAPE,,4.92,0.45,5.26,1.00,0.43,1.00,1.00,,yes
23.48,FLYING,SCARED,0,,,,,73,0,-40,0,0,35,ESCAPE,,5.27,0.28,5.46,1.00,1.31,1.00,1.00,,yes
23.53,FLYING,SCARED,0,,,,,73,0,-40,0,0,35,ESCAPE,,3.27,0.14,4.19,1.00,0.92,0.78,1.00,,yes
23.61,FLYING,SCARED,0,,,,,73,0,-40,0,0,35,ESCAPE,,2.27,0.07,3.53,1.00,0.64,0.42,1.00,,yes
23.66,FLYING,SCARED,0,,,,,73,0,-40,0,0,35,ESCAPE,,1.76,1.17,3.21,1.00,0.45,0.25,0.98,,yes
23.71,FLYING,SCARED,0,,,,,73,0,-40,0,0,35,ESCAPE,,1.61,2.03,3.04,1.00,0.31,0.46,0.96,,yes
23.80,FLYING,SCARED,0,,,,,73,0,-40,0,0,35,ESCAPE,,1.28,2.15,2.12,1.00,0.22,0.56,0.56,,yes
23.84,FLYING,SCARED,0,,,,,73,0,-40,0,0,35,ESCAPE,,0.95,1.85,1.37,1.00,0.15,0.45,0.45,,yes
23.89,FLYING,SCARED,0,,,,,73,0,-40,0,0,35,ESCAPE,,0.68,1.36,0.69,1.00,0.11,0.23,0.23,,yes
23.98,FLYING,WAIT,0,,,,,73,0,-26,0,0,35,ESCAPE,,0.46,1.06,0.35,0.67,0.08,0.09,0.09,,yes
24.02,FLYING,WAIT,0,,,,,73,0,-16,0,0,35,ESCAPE,,0.37,0.66,0.19,0.38,0.05,0.00,0.00,,yes
24.07,FLYING,WAIT,0,,,,,73,0,-10,0,0,35,ESCAPE,,0.32,0.39,0.11,0.21,0.04,0.00,0.00,,yes
24.15,FLYING,WAIT,0,,,,,73,0,-7,0,0,35,ESCAPE,,0.34,0.26,0.18,0.12,0.03,0.00,0.00,,yes
24.20,FLYING,WAIT,0,,,,,73,0,-4,0,0,35,ESCAPE,,0.35,0.19,0.22,0.07,0.44,0.00,0.00,,yes
24.25,FLYING,WAIT,0,,,,,73,0,-3,0,0,35,ESCAPE,,0.35,0.15,0.43,0.04,0.31,0.00,0.00,,yes
24.33,FLYING,WAIT,0,,,,,73,0,-1,0,0,35,ESCAPE,,0.36,0.11,0.72,0.02,0.44,0.00,0.00,,yes
24.38,FLYING,WAIT,0,,,,,73,0,-1,0,0,35,ESCAPE,,0.36,0.08,0.86,0.01,0.31,0.00,0.00,,yes
24.42,FLYING,WAIT,0,,,,,73,0,0,0,0,35,ESCAPE,,0.46,0.06,0.76,0.01,0.21,0.00,0.00,,yes
24.51,FLYING,WAIT,0,,,,,73,0,0,0,0,35,ESCAPE,,0.41,0.03,0.68,0.00,0.15,0.00,0.00,,yes
24.56,FLYING,WAIT,0,,,,,73,0,0,0,0,35,ESCAPE,,0.38,0.02,0.64,0.00,0.10,0.00,0.00,,yes
24.60,FLYING,WAIT,0,,,,,73,0,0,0,0,35,ESCAPE,,0.33,0.01,0.63,0.00,0.44,0.00,0.00,,yes
24.72,FLYING,WAIT,1,,,,,73,0,0,0,0,35,ESCAPE,,0.30,0.01,0.70,0.00,0.31,0.00,0.00,,yes
24.76,FLYING,WAIT,1,,,,,73,0,0,0,0,35,ESCAPE,,0.27,0.02,0.73,0.00,0.21,0.00,0.00,,
24.81,FLYING,WAIT,1,,,,,73,0,0,0,0,35,ESCAPE,,0.27,0.12,0.90,0.00,0.44,0.00,0.00,,
24.93,FLYING,WAIT,1,rotten,0.39,0.99,1.3,73,0,0,0,0,35,ESCAPE,,0.52,0.39,1.30,0.00,0.31,0.00,0.10,,
24.97,FLYING,WAIT,1,rotten,0.39,0.99,1.3,73,0,0,0,0,35,CRUISE,,0.65,0.53,1.50,0.00,0.21,0.00,0.24,,
25.02,FLYING,WAIT,1,rotten,0.39,0.99,1.3,73,0,0,0,0,35,CRUISE,,0.50,0.63,1.16,0.00,0.15,0.00,0.11,,
25.11,FLYING,WAIT,0,,,,,73,0,0,0,0,35,CRUISE,,0.35,0.50,0.78,0.00,0.10,0.00,0.00,,
25.15,FLYING,WAIT,0,,,,,73,0,0,0,0,35,CRUISE,,0.35,0.62,0.80,0.00,1.31,0.00,0.00,,
25.20,FLYING,WAIT,0,,,,,73,0,0,0,0,35,CRUISE,,1.26,0.67,0.76,0.00,0.92,0.00,0.00,,
25.29,FLYING,WAIT,0,,,,,73,0,0,0,0,35,CRUISE,,1.72,0.82,0.87,0.00,0.64,0.14,0.00,,
25.33,FLYING,WAIT,0,,,,,73,0,0,0,0,35,CRUISE,,1.00,0.77,0.80,0.00,0.45,0.00,0.00,,
25.38,FLYING,WAIT,0,,,,,73,0,0,0,0,35,CRUISE,,0.59,0.88,0.88,0.00,0.31,0.00,0.00,,
25.50,FLYING,APPROACH,1,rotten,0.29,0.94,1.2,73,0,5,0,2,35,CRUISE,,0.38,0.87,0.92,0.00,0.44,0.00,0.00,,
25.54,FLYING,APPROACH,1,rotten,0.29,0.94,1.2,73,0,8,0,3,35,CRUISE,,0.28,0.87,0.94,0.00,0.31,0.00,0.00,,
25.59,FLYING,APPROACH,1,rotten,0.29,0.94,1.2,73,0,10,0,4,35,CRUISE,,0.23,0.60,0.69,0.00,0.21,0.00,0.00,,
25.71,FLYING,APPROACH,1,rotten,0.45,0.98,1.2,73,0,12,0,4,35,CRUISE,,0.19,0.45,0.43,0.00,0.15,0.00,0.00,,yes
25.75,FLYING,APPROACH,1,rotten,0.45,0.98,1.2,73,0,13,0,5,35,CRUISE,,0.18,0.34,0.29,0.00,0.10,0.00,0.00,,yes
25.80,FLYING,APPROACH,1,rotten,0.45,0.98,1.2,73,0,13,0,5,35,CRUISE,,0.17,0.28,0.23,0.00,0.07,0.00,0.00,,yes
25.91,FLYING,APPROACH,1,rotten,0.35,0.95,1.2,73,0,14,0,5,35,CRUISE,,0.15,0.22,0.19,0.00,0.05,0.00,0.00,,yes
25.96,FLYING,APPROACH,1,rotten,0.35,0.95,1.2,73,0,14,0,5,35,CRUISE,,0.16,0.20,0.14,0.00,0.04,0.00,0.00,,yes
26.01,FLYING,APPROACH,1,rotten,0.35,0.95,1.2,73,0,14,0,5,35,CRUISE,,0.17,0.19,0.11,0.00,0.44,0.00,0.00,,yes
26.12,FLYING,APPROACH,1,rotten,0.27,0.92,1.2,73,0,14,0,5,35,CRUISE,,0.52,0.34,0.51,0.00,0.31,0.00,0.00,,yes
26.17,FLYING,APPROACH,1,rotten,0.27,0.92,1.2,73,0,14,0,5,35,CRUISE,,0.69,0.42,0.71,0.00,0.21,0.00,0.00,,yes
26.22,FLYING,APPROACH,1,rotten,0.27,0.92,1.2,73,0,14,0,5,35,CRUISE,,0.57,0.44,0.53,0.00,0.15,0.00,0.00,,yes
26.30,FLYING,APPROACH,0,,,,,73,0,14,0,3,35,CRUISE,,0.48,0.45,0.43,0.00,0.10,0.00,0.00,,yes
26.35,FLYING,APPROACH,0,,,,,73,0,14,0,2,35,CRUISE,,0.43,0.46,0.37,0.00,0.07,0.00,0.00,,yes
26.39,FLYING,APPROACH,0,,,,,73,0,14,0,1,35,CRUISE,,0.32,0.53,0.35,0.00,0.05,0.00,0.00,,yes
26.51,FLYING,APPROACH,1,rotten,0.44,0.94,1.4,73,0,14,0,3,35,CRUISE,,0.27,0.52,0.37,0.00,0.04,0.00,0.00,,yes
26.56,FLYING,APPROACH,1,rotten,0.44,0.94,1.4,73,0,14,0,4,35,CRUISE,,0.33,0.55,0.38,0.00,0.03,0.00,0.00,,yes
26.60,FLYING,APPROACH,1,rotten,0.44,0.94,1.4,73,0,14,0,5,35,CRUISE,,0.38,0.56,0.38,0.00,0.02,0.00,0.00,,yes
26.72,FLYING,APPROACH,1,rotten,0.67,0.97,1.4,73,0,14,0,5,35,CRUISE,,0.58,0.56,0.27,0.00,0.01,0.00,0.00,,yes
26.77,FLYING,APPROACH,1,rotten,0.67,0.97,1.4,73,0,14,0,6,35,CRUISE,,0.68,0.51,0.22,0.00,0.01,0.00,0.00,,yes
26.81,FLYING,APPROACH,1,rotten,0.67,0.97,1.4,73,0,14,0,6,35,CRUISE,,0.73,0.49,0.19,0.00,0.01,0.00,0.00,,yes
26.93,FLYING,APPROACH,1,rotten,0.49,0.99,1.5,73,0,14,0,7,35,CRUISE,,0.84,0.48,0.21,0.00,0.00,0.00,0.00,,yes
26.97,FLYING,APPROACH,1,rotten,0.49,0.99,1.5,73,0,14,0,7,35,CRUISE,,0.93,0.37,0.22,0.00,0.00,0.01,0.00,,yes
27.02,FLYING,APPROACH,1,rotten,0.49,0.99,1.5,73,0,14,0,7,35,CRUISE,,0.98,0.32,0.22,0.00,0.00,0.03,0.00,,yes
27.14,FLYING,APPROACH,1,rotten,0.43,0.90,1.5,73,0,14,0,7,35,CRUISE,,1.22,0.32,0.26,0.00,0.00,0.15,0.00,,yes
27.18,FLYING,APPROACH,1,rotten,0.43,0.90,1.5,73,0,14,0,8,35,CRUISE,,1.34,0.33,0.31,0.00,0.44,0.00,0.00,,yes
27.23,FLYING,APPROACH,1,rotten,0.43,0.90,1.5,73,0,14,0,8,35,CRUISE,,1.11,0.42,0.60,0.00,0.31,0.00,0.00,,yes
27.35,FLYING,APPROACH,1,rotten,0.29,0.98,1.5,73,0,14,0,8,35,CRUISE,,1.00,0.46,0.75,0.00,0.21,0.00,0.00,,yes
27.39,FLYING,APPROACH,1,rotten,0.29,0.98,1.5,73,0,14,0,8,35,CRUISE,,1.05,0.36,0.56,0.00,0.15,0.00,0.00,,yes
27.44,FLYING,APPROACH,1,rotten,0.29,0.98,1.5,73,0,14,0,8,35,CRUISE,,1.31,0.31,0.47,0.00,0.10,0.14,0.00,,yes
27.55,FLYING,APPROACH,1,rotten,0.34,0.96,1.6,73,0,14,0,9,35,CRUISE,,1.22,0.52,0.62,0.00,0.44,0.00,0.00,,yes
27.60,FLYING,APPROACH,1,rotten,0.34,0.96,1.6,73,0,14,0,9,35,CRUISE,,1.17,0.63,0.70,0.00,0.31,0.00,0.00,,yes
27.65,FLYING,APPROACH,1,rotten,0.34,0.96,1.6,73,0,14,0,9,35,CRUISE,,1.15,0.68,0.66,0.00,0.21,0.01,0.00,,yes
27.76,FLYING,APPROACH,1,rotten,0.24,0.98,1.6,73,0,14,0,9,35,CRUISE,,0.82,0.71,0.63,0.00,0.44,0.00,0.00,,yes
27.81,FLYING,APPROACH,1,rotten,0.24,0.98,1.6,73,0,14,0,9,35,CRUISE,,0.60,0.72,0.62,0.00,0.31,0.00,0.00,,yes
27.86,FLYING,APPROACH,1,rotten,0.24,0.98,1.6,73,0,14,0,9,35,CRUISE,,0.49,0.61,0.56,0.00,0.21,0.00,0.00,,yes
27.97,FLYING,APPROACH,1,rotten,0.42,0.98,1.7,73,0,14,0,9,35,CRUISE,,0.77,0.51,0.54,0.00,0.15,0.00,0.00,,yes
28.02,FLYING,APPROACH,1,rotten,0.42,0.98,1.7,73,0,14,0,9,35,CRUISE,,0.91,0.46,0.52,0.00,0.44,0.00,0.00,,yes
28.07,FLYING,APPROACH,1,rotten,0.42,0.98,1.7,73,0,14,0,9,35,CRUISE,,0.65,0.43,0.61,0.00,0.31,0.00,0.00,,yes
28.18,FLYING,APPROACH,1,rotten,0.38,0.99,1.8,73,0,14,0,9,35,CRUISE,,0.45,0.51,0.69,0.00,0.44,0.00,0.00,,yes
28.23,FLYING,APPROACH,1,rotten,0.38,0.99,1.8,73,0,14,0,9,35,CRUISE,,0.34,0.55,0.74,0.00,0.44,0.00,0.00,,yes
28.28,FLYING,APPROACH,1,rotten,0.38,0.99,1.8,73,0,14,0,9,35,CRUISE,,0.29,0.57,0.76,0.00,0.31,0.00,0.00,,yes
28.39,FLYING,APPROACH,1,rotten,0.36,0.99,1.8,73,0,14,0,8,35,CRUISE,,0.43,0.68,1.16,0.00,0.87,0.00,0.00,,yes
28.44,FLYING,APPROACH,1,rotten,0.36,0.99,1.8,73,0,14,0,8,35,CRUISE,,0.51,0.74,1.40,0.00,0.61,0.00,0.00,,yes
28.48,FLYING,APPROACH,1,rotten,0.36,0.99,1.8,73,0,14,0,8,35,CRUISE,,0.55,0.76,1.52,0.00,0.43,0.00,0.09,,yes
28.60,FLYING,APPROACH,1,rotten,0.71,0.98,2.0,73,0,14,0,8,35,CRUISE,,0.57,1.00,1.58,0.00,0.44,0.00,0.11,,yes
28.65,FLYING,APPROACH,1,rotten,0.71,0.98,2.0,73,0,14,0,7,35,CRUISE,,0.48,1.11,1.35,0.00,0.31,0.00,0.07,,yes
28.70,FLYING,APPROACH,1,rotten,0.71,0.98,2.0,73,0,14,0,7,35,CRUISE,,0.44,1.24,1.24,0.00,0.21,0.06,0.06,,yes
28.81,FLYING,APPROACH,1,rotten,0.42,0.99,2.2,73,0,14,0,7,35,CRUISE,,0.38,1.09,1.02,0.00,0.44,0.00,0.00,,yes
28.86,FLYING,APPROACH,1,rotten,0.42,0.99,2.2,73,0,14,0,7,35,CRUISE,,0.35,1.02,0.91,0.00,0.31,0.00,0.00,,yes
28.90,FLYING,APPROACH,1,rotten,0.42,0.99,2.2,73,0,14,0,6,35,CRUISE,,0.34,0.94,0.85,0.00,0.21,0.00,0.00,,yes
29.02,FLYING,APPROACH,1,rotten,0.53,0.98,2.2,73,0,14,0,6,35,CRUISE,,0.43,0.63,0.94,0.00,0.44,0.00,0.00,,yes
29.07,FLYING,APPROACH,1,rotten,0.53,0.98,2.2,73,0,14,0,6,35,CRUISE,,0.48,0.59,0.99,0.00,0.31,0.00,0.00,,yes
29.11,FLYING,APPROACH,1,rotten,0.53,0.98,2.2,73,0,14,0,6,35,CRUISE,,0.51,0.57,1.01,0.00,0.21,0.00,0.00,,yes
29.23,FLYING,APPROACH,1,rotten,0.61,0.99,2.3,73,0,14,0,6,35,CRUISE,,0.49,0.62,0.94,0.00,0.15,0.00,0.00,,yes
29.28,FLYING,APPROACH,1,rotten,0.61,0.99,2.3,73,0,14,0,6,35,CRUISE,,0.49,0.64,0.87,0.00,0.44,0.00,0.00,,yes
29.32,FLYING,APPROACH,1,rotten,0.61,0.99,2.3,73,0,14,0,6,35,CRUISE,,0.49,0.53,0.83,0.00,0.31,0.00,0.00,,yes
29.44,FLYING,APPROACH,1,rotten,0.42,0.97,2.2,73,0,14,0,6,35,CRUISE,,0.45,0.47,0.78,0.00,0.21,0.00,0.00,,yes
29.49,FLYING,APPROACH,1,rotten,0.42,0.97,2.2,73,0,14,0,7,35,CRUISE,,0.43,0.44,0.76,0.00,0.15,0.00,0.00,,yes
29.53,FLYING,APPROACH,1,rotten,0.42,0.97,2.2,73,0,14,0,7,35,CRUISE,,0.42,0.51,0.71,0.00,0.10,0.00,0.00,,yes
29.65,FLYING,APPROACH,1,rotten,0.33,0.99,2.4,73,0,14,0,7,35,CRUISE,,0.42,0.55,0.69,0.00,0.44,0.00,0.00,,yes
29.70,FLYING,APPROACH,1,rotten,0.33,0.99,2.4,73,0,14,0,7,35,CRUISE,,0.53,0.57,0.68,0.00,0.44,0.00,0.00,,yes
29.74,FLYING,APPROACH,1,rotten,0.33,0.99,2.4,73,0,14,0,7,35,CRUISE,,0.60,0.84,0.68,0.00,0.31,0.00,0.00,,yes
29.86,FLYING,APPROACH,1,rotten,0.64,0.98,2.5,73,0,14,0,7,35,CRUISE,,0.62,0.99,0.54,0.00,0.21,0.00,0.00,,yes
29.90,FLYING,APPROACH,1,rotten,0.64,0.98,2.5,73,0,14,0,7,35,CRUISE,,0.50,1.06,0.44,0.00,0.44,0.00,0.00,,yes
29.95,FLYING,APPROACH,1,rotten,0.64,0.98,2.5,73,0,14,0,7,35,CRUISE,,0.44,1.10,0.39,0.00,0.31,0.00,0.00,,yes
30.07,FLYING,APPROACH,1,rotten,0.58,1.00,2.7,73,0,14,0,7,35,CRUISE,,0.45,0.99,0.36,0.00,0.21,0.00,0.00,,yes
30.11,FLYING,APPROACH,1,rotten,0.58,1.00,2.7,73,0,14,0,7,35,CRUISE,,0.46,0.94,0.37,0.00,0.15,0.00,0.00,,yes
30.16,FLYING,APPROACH,1,rotten,0.58,1.00,2.7,73,0,14,0,7,35,CRUISE,,0.39,0.92,0.38,0.00,0.10,0.00,0.00,,yes
30.24,FLYING,APPROACH,0,,,,,73,0,14,0,4,35,CRUISE,,0.35,0.83,0.54,0.00,0.44,0.00,0.00,,yes
30.29,FLYING,APPROACH,0,,,,,73,0,14,0,3,35,CRUISE,,0.34,0.79,0.62,0.00,0.31,0.00,0.00,,yes
30.34,FLYING,APPROACH,0,,,,,73,0,14,0,2,35,CRUISE,,0.46,0.68,0.56,0.00,0.21,0.00,0.00,,yes
30.45,FLYING,APPROACH,1,rotten,0.58,1.00,2.9,73,0,14,0,3,35,CRUISE,,0.40,0.57,0.52,0.00,0.15,0.00,0.00,,yes
30.50,FLYING,APPROACH,1,rotten,0.58,1.00,2.9,73,0,14,0,5,35,CRUISE,,0.27,0.52,0.51,0.00,0.10,0.00,0.00,,yes
30.55,FLYING,APPROACH,1,rotten,0.58,1.00,2.9,73,0,14,0,5,35,CRUISE,,0.21,0.49,0.50,0.00,0.07,0.00,0.00,,yes
30.66,FLYING,APPROACH,1,rotten,0.50,0.98,3.1,73,0,14,0,6,35,CRUISE,,0.22,0.57,0.63,0.00,0.05,0.00,0.00,,yes
30.71,FLYING,APPROACH,1,rotten,0.50,0.98,3.1,73,0,14,0,6,35,CRUISE,,0.23,0.61,0.69,0.00,0.04,0.00,0.00,,yes
30.76,FLYING,APPROACH,1,rotten,0.50,0.98,3.1,73,0,14,0,6,35,CRUISE,,0.23,0.63,0.62,0.00,0.03,0.00,0.00,,yes
30.87,FLYING,APPROACH,1,rotten,0.47,1.00,3.4,73,0,14,0,7,35,CRUISE,,0.25,1.02,0.47,0.00,0.02,0.04,0.04,,yes
30.92,FLYING,APPROACH,1,rotten,0.47,1.00,3.4,73,0,14,0,7,35,CRUISE,,0.26,1.21,0.48,0.00,0.44,0.00,0.00,,yes
30.96,FLYING,APPROACH,1,rotten,0.47,1.00,3.4,73,0,14,0,7,35,CRUISE,,0.30,1.27,0.49,0.00,0.31,0.02,0.02,,yes
31.08,FLYING,APPROACH,1,rotten,0.60,1.00,3.7,73,0,14,0,7,35,CRUISE,,0.35,0.88,0.49,0.00,0.21,0.00,0.00,,yes
31.13,FLYING,APPROACH,1,rotten,0.60,1.00,3.7,73,0,14,0,7,35,CRUISE,,0.37,0.77,0.38,0.00,0.44,0.00,0.00,,yes
31.20,FLYING,APPROACH,1,rotten,0.60,1.00,3.7,73,0,14,0,7,35,CRUISE,,0.38,0.71,0.33,0.00,0.31,0.00,0.00,,yes
31.28,FLYING,APPROACH,0,,,,,73,0,15,0,4,35,CRUISE,,0.42,0.69,0.32,0.00,0.44,0.00,0.00,,yes
31.33,FLYING,APPROACH,0,,,,,73,0,15,0,3,35,CRUISE,,0.58,0.89,0.38,0.00,0.44,0.00,0.00,,yes
31.38,FLYING,APPROACH,0,,,,,73,0,15,0,2,35,CRUISE,,0.69,1.14,0.42,0.00,0.31,0.00,0.00,,yes
31.49,FLYING,APPROACH,1,rotten,0.46,1.00,4.2,73,0,15,0,3,35,CRUISE,,0.92,1.36,0.44,0.00,0.44,0.00,0.00,,yes
31.54,FLYING,APPROACH,1,rotten,0.46,1.00,4.2,73,0,15,0,5,35,CRUISE,,1.04,1.47,0.36,0.00,0.44,0.05,0.05,,yes
31.59,FLYING,APPROACH,1,rotten,0.46,1.00,4.2,73,0,15,0,6,35,CRUISE,,1.09,1.45,0.32,0.00,0.31,0.11,0.11,,yes
31.70,FLYING,APPROACH,1,rotten,0.78,0.98,4.6,73,0,14,0,6,35,CRUISE,,0.79,0.99,0.30,0.00,0.44,0.00,0.00,,yes
31.75,FLYING,APPROACH,1,rotten,0.78,0.98,4.6,73,0,14,0,7,35,CRUISE,,0.63,0.76,0.26,0.00,0.31,0.00,0.00,,yes
31.80,FLYING,APPROACH,1,rotten,0.78,0.98,4.6,73,0,14,0,7,35,CRUISE,,0.56,0.65,0.24,0.00,0.21,0.00,0.00,,yes
31.91,FLYING,APPROACH,1,rotten,0.58,0.99,5.1,73,0,13,0,8,35,CRUISE,,0.53,0.59,0.35,0.00,0.15,0.00,0.00,,yes
31.96,FLYING,APPROACH,1,rotten,0.58,0.99,5.1,73,0,12,0,8,35,CRUISE,,0.51,0.56,0.41,0.00,0.10,0.00,0.00,,yes
32.01,FLYING,APPROACH,1,rotten,0.58,0.99,5.1,73,0,12,0,8,35,CRUISE,,0.51,0.54,0.43,0.00,0.07,0.00,0.00,,yes
32.12,FLYING,APPROACH,1,rotten,0.79,1.00,5.7,73,0,11,0,8,35,CRUISE,,0.66,0.44,0.43,0.00,0.05,0.00,0.00,,yes
32.17,FLYING,APPROACH,1,rotten,0.79,1.00,5.7,73,0,11,0,9,35,CRUISE,,0.74,0.39,0.43,0.00,0.44,0.00,0.00,,yes
32.22,FLYING,APPROACH,1,rotten,0.79,1.00,5.7,73,0,10,0,9,35,CRUISE,,0.57,0.36,0.43,0.00,0.31,0.00,0.00,,yes
32.30,FLYING,APPROACH,0,,,,,73,0,10,0,5,35,CRUISE,,0.49,0.54,0.48,0.00,0.44,0.00,0.00,,yes
32.35,FLYING,APPROACH,0,,,,,73,0,10,0,3,35,CRUISE,,0.53,0.64,0.55,0.00,0.44,0.00,0.00,,yes
32.39,FLYING,APPROACH,0,,,,,73,0,10,0,2,35,CRUISE,,1.04,0.97,0.59,0.00,0.31,0.00,0.00,,yes
32.48,FLYING,APPROACH,0,,,,,73,0,10,0,1,35,CRUISE,,0.81,0.77,0.61,0.00,0.44,0.00,0.00,,yes
32.53,FLYING,APPROACH,0,,,,,73,0,10,0,1,35,CRUISE,,0.66,0.66,0.56,0.00,0.31,0.00,0.00,,yes
32.57,FLYING,APPROACH,0,,,,,73,0,10,0,0,35,CRUISE,,0.59,0.61,0.53,0.00,0.21,0.00,0.00,,yes
32.69,FLYING,APPROACH,1,rotten,0.64,0.99,6.9,73,0,10,0,3,35,CRUISE,,0.49,0.61,0.69,0.00,0.15,0.00,0.00,,yes
32.73,FLYING,APPROACH,1,rotten,0.64,0.99,6.9,73,0,10,0,5,35,CRUISE,,0.44,0.61,0.77,0.00,0.10,0.00,0.00,,yes
32.78,FLYING,APPROACH,1,rotten,0.64,0.99,6.9,73,0,10,0,6,35,CRUISE,,0.41,0.60,0.81,0.00,0.44,0.00,0.00,,yes
32.90,FLYING,FEED,1,rotten,0.58,1.00,7.0,73,0,6,0,3,35,CRUISE,,0.81,0.82,0.82,0.00,0.31,0.00,0.00,,yes
32.94,FLYING,FEED,1,rotten,0.58,1.00,7.0,72,0,4,0,2,35,CRUISE,,1.00,0.93,0.83,0.00,0.44,0.00,0.00,,yes
32.99,FLYING,FEED,1,rotten,0.58,1.00,7.0,72,0,2,0,1,35,CRUISE,,0.91,1.13,0.62,0.00,0.31,0.00,0.00,,yes
33.11,FLYING,FEED,1,rotten,0.55,1.00,7.4,71,0,1,0,1,35,CRUISE,,0.67,0.91,0.51,0.00,0.21,0.00,0.00,,yes
33.15,FLYING,FEED,1,rotten,0.55,1.00,7.4,71,0,1,0,0,35,CRUISE,,0.50,0.74,0.62,0.00,0.44,0.00,0.00,,yes
33.20,FLYING,FEED,1,rotten,0.55,1.00,7.4,71,0,0,0,0,35,CRUISE,,0.41,0.65,0.73,0.00,0.44,0.00,0.00,,yes
33.29,FLYING,FEED,0,,,,,71,0,0,0,0,35,CRUISE,,0.63,1.35,0.80,0.00,0.31,0.12,0.12,,yes
33.34,FLYING,FEED,0,,,,,71,0,0,0,0,35,CRUISE,,0.78,1.76,0.95,0.37,0.21,0.37,0.37,,yes
33.38,FLYING,FEED,0,,,,,71,0,0,0,0,35,ESCAPE,,0.90,2.30,1.03,0.99,0.15,0.68,0.68,,yes
33.50,FLYING,FEED,1,rotten,0.52,1.00,10.4,70,0,0,-2,0,35,ESCAPE,,1.53,4.07,1.52,1.00,0.44,1.00,1.00,,
33.55,FLYING,FEED,1,rotten,0.52,1.00,10.4,70,0,0,-4,0,35,ESCAPE,,1.84,4.95,1.94,1.00,0.44,1.00,1.00,,
33.60,FLYING,FEED,1,rotten,0.52,1.00,10.4,70,0,0,-5,0,35,ESCAPE,,2.41,5.48,2.15,1.00,0.31,1.00,1.00,,
33.72,FLYING,FEED,1,rotten,0.65,1.00,14.4,69,0,0,-9,4,35,ESCAPE,,1.99,4.41,2.42,1.00,0.21,1.00,1.00,,
33.77,FLYING,FEED,1,rotten,0.65,1.00,14.4,69,0,0,-11,6,35,ESCAPE,,1.20,3.87,2.56,1.00,0.15,1.00,1.00,,yes
33.82,FLYING,FEED,1,rotten,0.65,1.00,14.4,68,0,0,-12,8,35,ESCAPE,,0.81,2.18,1.69,1.00,0.10,0.64,0.64,,yes
33.94,FLYING,FEED,1,rotten,0.83,1.00,14.5,68,0,0,-14,10,35,ESCAPE,,0.68,1.28,0.87,1.00,0.07,0.20,0.20,,yes
33.99,FLYING,FEED,1,rotten,0.83,1.00,14.5,67,0,0,-15,11,35,ESCAPE,,0.61,0.82,0.47,0.90,0.05,0.00,0.00,,yes
34.03,FLYING,FEED,1,rotten,0.83,1.00,14.5,67,0,0,-16,12,35,ESCAPE,,0.53,0.55,0.27,0.51,0.04,0.00,0.00,,yes
34.15,FLYING,FEED,1,rotten,0.82,0.99,13.9,66,0,0,-17,12,35,ESCAPE,,0.40,0.37,0.18,0.29,0.03,0.00,0.00,,yes
34.20,FLYING,FEED,1,rotten,0.82,0.99,13.9,66,0,0,-18,13,35,ESCAPE,,0.30,0.24,0.21,0.16,0.02,0.00,0.00,,yes
34.24,FLYING,FEED,1,rotten,0.82,0.99,13.9,66,0,0,-18,13,35,ESCAPE,,0.25,0.17,0.23,0.09,0.01,0.00,0.00,,yes
34.36,FLYING,FEED,1,rotten,0.30,0.94,8.5,65,0,0,-19,15,35,ESCAPE,,0.51,0.15,0.63,0.05,0.01,0.00,0.00,,yes
34.40,FLYING,FEED,1,rotten,0.30,0.94,8.5,65,0,0,-19,15,35,ESCAPE,,0.64,0.14,0.82,0.03,0.44,0.00,0.00,,yes
34.45,FLYING,FEED,1,rotten,0.30,0.94,8.5,65,0,0,-19,16,35,ESCAPE,,0.44,0.11,0.68,0.02,0.31,0.00,0.00,,yes
34.57,FLYING,FEED,1,rotten,0.38,0.96,6.5,64,0,0,-19,16,35,ESCAPE,,0.34,0.10,0.60,0.01,0.21,0.00,0.00,,yes
34.61,FLYING,FEED,1,rotten,0.38,0.96,6.5,64,0,0,-19,17,35,ESCAPE,,0.29,0.17,0.56,0.01,0.44,0.00,0.00,,yes
34.66,FLYING,FEED,1,rotten,0.38,0.96,6.5,63,0,0,-19,17,35,ESCAPE,,0.56,0.20,0.58,0.00,0.44,0.00,0.00,,yes
34.78,FLYING,FEED,1,,,,,63,0,0,-12,11,35,ESCAPE,,0.39,0.23,0.54,0.00,0.31,0.00,0.00,,yes
34.82,FLYING,FEED,1,,,,,63,0,0,-8,7,35,ESCAPE,,0.60,0.32,0.52,0.00,0.21,0.00,0.00,,yes
34.87,FLYING,FEED,1,,,,,63,0,0,-5,4,35,ESCAPE,,0.71,0.39,0.51,0.00,0.44,0.00,0.00,,yes
34.99,FLYING,FEED,1,rotten,0.66,1.00,12.8,63,0,0,-10,3,35,ESCAPE,,0.76,0.43,0.46,0.00,0.31,0.00,0.00,,yes
35.03,FLYING,FEED,1,rotten,0.66,1.00,12.8,62,0,0,-13,2,35,ESCAPE,,0.67,0.51,0.43,0.00,0.44,0.00,0.00,,yes
35.08,FLYING,FEED,1,rotten,0.66,1.00,12.8,62,0,0,-15,1,35,ESCAPE,,0.63,0.55,0.42,0.00,0.44,0.00,0.00,,yes
35.20,FLYING,FEED,1,rotten,0.77,1.00,14.9,61,0,0,-16,0,35,ESCAPE,,0.55,0.57,0.59,0.00,0.31,0.00,0.00,,yes
35.24,FLYING,FEED,1,rotten,0.77,1.00,14.9,61,0,0,-17,0,35,ESCAPE,,0.51,0.54,0.67,0.00,0.21,0.00,0.00,,yes
35.29,FLYING,FEED,1,rotten,0.77,1.00,14.9,61,0,0,-17,0,35,ESCAPE,,0.49,0.52,0.64,0.00,0.15,0.00,0.00,,yes
35.41,FLYING,FEED,1,rotten,0.78,1.00,14.8,60,0,0,-16,0,35,ESCAPE,,0.48,0.51,0.62,0.00,0.10,0.00,0.00,,yes
35.45,FLYING,FEED,1,rotten,0.78,1.00,14.8,60,0,0,-15,0,35,ESCAPE,,0.48,0.50,0.64,0.00,0.07,0.00,0.00,,yes
35.50,FLYING,FEED,1,rotten,0.78,1.00,14.8,59,0,0,-15,0,35,CRUISE,,0.48,0.52,1.32,0.00,0.05,0.00,0.24,,yes
35.62,FLYING,FEED,1,rotten,0.80,0.99,13.5,59,0,0,-14,0,35,AVOID_LEFT,,0.43,1.11,1.98,0.41,0.04,0.14,0.57,,yes
35.67,FLYING,FEED,1,rotten,0.80,0.99,13.5,58,0,0,-13,0,35,AVOID_LEFT,,0.39,1.41,2.31,0.64,0.03,0.29,0.74,,yes
35.72,FLYING,FEED,1,rotten,0.80,0.99,13.5,58,0,0,-12,0,35,AVOID_LEFT,,0.37,2.03,2.47,1.00,0.02,0.61,0.83,,yes
35.83,FLYING,FEED,1,rotten,0.68,1.00,11.7,57,0,0,-8,0,35,AVOID_LEFT,,0.54,1.86,2.70,1.00,0.01,0.52,0.95,,yes
35.88,FLYING,FEED,1,rotten,0.68,1.00,11.7,57,0,0,-5,0,35,AVOID_LEFT,,0.74,1.77,2.82,1.00,0.44,0.27,0.79,,yes
35.93,FLYING,FEED,1,rotten,0.68,1.00,11.7,57,0,0,-3,0,35,AVOID_LEFT,,0.87,1.72,3.27,1.00,0.31,0.31,1.00,,yes
36.05,FLYING,FEED,1,rotten,0.60,1.00,9.7,56,0,0,-2,0,35,AVOID_LEFT,,1.60,1.97,3.50,1.00,0.21,0.48,1.00,,yes
36.10,FLYING,FEED,1,rotten,0.60,1.00,9.7,56,0,0,-1,0,35,AVOID_LEFT,,1.97,2.37,3.61,1.00,0.44,0.56,1.00,,yes
36.15,FLYING,FEED,1,rotten,0.60,1.00,9.7,56,0,0,0,0,35,AVOID_LEFT,,2.20,2.56,5.15,1.00,0.31,0.73,1.00,,yes
36.23,FLYING,FEED,0,,,,,56,0,0,0,0,35,AVOID_LEFT,,2.82,2.69,4.23,1.00,0.21,0.90,1.00,,yes
36.28,FLYING,FEED,0,,,,,56,0,0,0,0,35,AVOID_LEFT,,3.13,2.75,3.00,1.00,0.15,1.00,1.00,,yes
36.33,FLYING,FEED,0,,,,,56,0,0,0,0,35,AVOID_LEFT,,2.66,3.06,2.38,1.00,0.10,1.00,1.00,,yes
36.42,FLYING,FEED,0,,,,,56,0,0,0,0,35,AVOID_LEFT,,1.92,2.48,1.92,1.00,0.44,0.62,0.62,,
36.47,FLYING,FEED,0,,,,,56,0,0,0,0,35,CRUISE,,2.06,2.26,2.36,1.00,0.87,0.29,0.34,,
36.52,FLYING,FEED,0,,,,,56,0,0,0,0,35,CRUISE,,2.75,2.15,2.79,1.00,0.61,0.67,0.69,,
36.60,FLYING,FEED,0,,,,,56,0,0,0,0,35,CRUISE,,3.09,2.96,3.01,1.00,0.44,0.93,0.89,,
36.65,FLYING,FEED,0,,,,,56,0,0,0,0,35,AVOID_LEFT,,2.51,3.37,2.05,1.00,0.31,1.00,1.00,,
36.70,FLYING,FEED,0,,,,,56,0,0,0,0,35,AVOID_LEFT,,2.22,3.20,1.57,1.00,0.21,1.00,1.00,,
36.79,FLYING,FEED,0,,,,,56,0,0,0,0,35,AVOID_LEFT,,2.07,2.37,1.63,1.00,0.15,0.71,0.71,,
36.84,FLYING,FEED,0,,,,,56,0,0,0,0,35,AVOID_LEFT,,1.66,1.79,1.92,1.00,0.44,0.28,0.34,,
36.88,FLYING,FEED,0,,,,,56,0,0,0,0,35,AVOID_LEFT,,1.46,1.50,1.80,1.00,0.44,0.13,0.28,,
36.97,FLYING,FEED,0,,,,,56,0,0,0,0,35,AVOID_LEFT,,1.30,1.20,1.31,0.80,0.31,0.10,0.10,,
37.02,FLYING,FEED,0,,,,,56,0,0,0,0,35,AVOID_LEFT,,1.22,0.87,1.02,0.45,0.21,0.10,0.01,,
37.06,FLYING,FEED,0,,,,,56,0,0,0,0,35,AVOID_LEFT,,1.18,0.70,0.88,0.25,0.15,0.11,0.00,,
37.15,FLYING,FEED,0,,,,,56,0,0,0,0,35,CRUISE,,1.11,0.77,0.85,0.14,0.10,0.10,0.00,,
37.20,FLYING,FEED,0,,,,,56,0,0,0,0,35,CRUISE,,1.08,0.81,0.84,0.08,0.44,0.00,0.00,,
37.24,FLYING,FEED,0,,,,,56,0,0,0,0,35,CRUISE,,1.07,0.83,0.83,0.04,0.31,0.00,0.00,,
37.33,FLYING,FEED,0,,,,,56,0,0,0,0,35,CRUISE,,1.34,1.11,1.02,0.03,0.21,0.16,0.05,,
37.38,FLYING,FEED,0,,,,,56,0,0,0,0,35,CRUISE,,1.48,1.25,1.11,0.01,0.15,0.26,0.15,,
37.42,FLYING,FEED,0,,,,,56,0,0,0,0,35,CRUISE,,1.32,1.09,1.00,0.01,0.10,0.21,0.09,,
37.51,FLYING,FEED,0,,,,,56,0,0,0,0,35,CRUISE,,1.15,0.91,0.88,0.00,0.07,0.14,0.02,,
37.55,FLYING,FEED,0,,,,,56,0,0,0,0,35,CRUISE,,0.79,0.70,0.64,0.00,0.05,0.00,0.00,,
37.60,FLYING,FEED,0,,,,,56,0,0,0,0,35,CRUISE,,0.61,0.59,0.51,0.00,0.04,0.00,0.00,,
37.69,FLYING,FEED,0,,,,,56,0,0,0,0,35,CRUISE,,0.92,0.99,0.68,0.00,0.44,0.00,0.00,,
37.73,FLYING,FEED,0,,,,,56,0,0,0,0,35,CRUISE,,1.36,1.63,0.94,0.15,0.31,0.26,0.26,,
37.78,FLYING,SCARED,0,,,,,56,0,-40,0,0,35,AVOID_LEFT,RIGHT,1.68,2.05,1.17,0.60,0.21,0.52,0.52,,
37.90,FLYING,SCARED,1,rotten,0.26,1.00,7.3,56,0,-40,0,0,35,ESCAPE,,1.74,2.16,1.69,0.97,0.15,0.61,0.61,,yes
37.95,FLYING,SCARED,1,rotten,0.26,1.00,7.3,56,0,-40,0,0,35,ESCAPE,,1.75,2.05,1.96,1.00,0.44,0.41,0.41,,yes
38.00,FLYING,SCARED,1,rotten,0.26,1.00,7.3,56,0,-40,0,0,35,ESCAPE,,1.76,2.00,2.19,1.00,0.31,0.45,0.54,,yes
38.12,FLYING,SCARED,1,rotten,0.40,1.00,7.5,56,0,-40,0,0,35,ESCAPE,,1.75,1.70,2.09,1.00,0.21,0.37,0.54,,yes
38.16,FLYING,SCARED,1,rotten,0.40,1.00,7.5,56,0,-40,0,0,35,ESCAPE,,1.90,1.66,2.04,1.00,0.44,0.33,0.40,,yes
38.21,FLYING,SCARED,1,rotten,0.40,1.00,7.5,56,0,-40,0,0,35,ESCAPE,,1.98,1.65,2.01,1.00,0.31,0.44,0.45,,yes
38.33,FLYING,SCARED,1,,,,,56,0,-40,0,0,35,ESCAPE,,3.75,3.17,2.24,1.00,0.44,1.00,0.97,,yes
38.38,FLYING,SCARED,1,,,,,56,0,-40,0,0,35,ESCAPE,,4.63,3.93,2.36,1.00,0.44,1.00,1.00,,yes
38.43,FLYING,SCARED,1,,,,,56,0,-40,0,0,35,ESCAPE,,4.20,4.45,2.71,1.00,0.31,1.00,1.00,,yes
38.55,FLYING,SCARED,1,rotten,0.58,1.00,9.0,56,0,-40,0,0,35,ESCAPE,,2.91,3.48,2.52,1.00,0.44,1.00,1.00,,yes
38.60,FLYING,SCARED,1,rotten,0.58,1.00,9.0,56,0,-40,0,0,35,ESCAPE,,2.27,2.16,2.05,1.00,0.44,0.52,0.46,,yes
38.65,FLYING,SCARED,1,rotten,0.58,1.00,9.0,56,0,-40,0,0,35,ESCAPE,,1.95,1.49,1.42,1.00,0.31,0.42,0.19,,yes
38.76,FLYING,SCARED,1,rotten,0.73,1.00,7.8,56,0,-40,0,0,35,ESCAPE,,1.56,1.04,0.88,1.00,0.21,0.27,0.01,,yes
38.81,FLYING,WAIT,1,rotten,0.73,1.00,7.8,56,0,-26,0,0,35,ESCAPE,,1.06,0.54,0.60,0.60,0.15,0.05,0.00,,yes
38.86,FLYING,WAIT,1,rotten,0.73,1.00,7.8,56,0,-16,0,0,35,ESCAPE,,0.80,0.29,0.46,0.34,0.10,0.00,0.00,,yes
38.97,FLYING,WAIT,1,rotten,0.49,1.00,5.8,56,0,-10,0,0,35,ESCAPE,,1.06,0.51,0.95,0.19,0.07,0.09,0.04,,yes
39.02,FLYING,WAIT,1,rotten,0.49,1.00,5.8,56,0,-7,0,0,35,ESCAPE,,1.41,0.62,1.20,0.23,0.05,0.28,0.17,,yes
39.07,FLYING,WAIT,1,rotten,0.49,1.00,5.8,56,0,-4,0,0,35,ESCAPE,,1.86,0.68,1.32,0.17,0.87,0.09,0.00,,yes
39.19,FLYING,WAIT,1,rotten,0.43,1.00,4.5,56,0,-3,0,0,35,ESCAPE,,2.10,1.69,2.37,0.48,0.61,0.35,0.48,,yes
39.23,FLYING,WAIT,1,rotten,0.43,1.00,4.5,56,0,-1,0,0,35,ESCAPE,,2.22,2.20,2.89,0.90,0.43,0.50,0.83,,yes
39.28,FLYING,WAIT,1,rotten,0.43,1.00,4.5,56,0,-1,0,0,35,ESCAPE,,2.28,1.72,2.05,1.00,0.44,0.52,0.41,,yes
39.37,FLYING,WAIT,0,,,,,56,0,0,0,0,35,ESCAPE,,2.57,1.30,1.63,1.00,0.31,0.73,0.26,,yes
39.42,FLYING,WAIT,0,,,,,56,0,0,0,0,35,ESCAPE,,2.71,1.02,1.41,1.00,0.21,0.85,0.20,,yes
39.47,FLYING,WAIT,0,,,,,56,0,0,0,0,35,ESCAPE,,2.79,0.74,1.04,1.00,0.15,0.92,0.05,,yes
39.58,FLYING,WAIT,1,rotten,0.33,1.00,2.6,56,0,0,0,0,35,ESCAPE,,3.09,0.51,0.86,1.00,0.10,1.00,0.00,,yes
39.63,FLYING,WAIT,1,rotten,0.33,1.00,2.6,56,0,0,0,0,35,ESCAPE,,3.25,0.31,1.13,1.00,0.44,1.00,0.00,,
39.68,FLYING,WAIT,1,rotten,0.33,1.00,2.6,56,0,0,0,0,35,ESCAPE,,3.33,0.21,1.50,1.00,0.31,1.00,0.19,,
39.80,FLYING,WAIT,1,rotten,0.36,1.00,2.3,56,0,0,0,0,35,ESCAPE,,2.55,0.16,1.52,1.00,0.21,0.77,0.25,,
39.85,FLYING,APPROACH,1,rotten,0.36,1.00,2.3,56,0,5,0,0,35,ESCAPE,,2.16,0.14,1.54,1.00,0.15,0.60,0.29,,
39.90,FLYING,APPROACH,1,rotten,0.36,1.00,2.3,56,0,8,0,0,35,ESCAPE,,1.96,0.13,1.54,0.93,0.10,0.51,0.30,,
39.98,FLYING,APPROACH,0,,,,,56,0,10,0,0,35,AVOID_RIGHT,,1.54,0.33,1.42,0.85,0.07,0.30,0.24,,
40.03,FLYING,APPROACH,0,,,,,56,0,12,0,0,35,CRUISE,,1.44,0.56,1.63,0.59,0.87,0.00,0.00,,yes
40.08,FLYING,APPROACH,0,,,,,56,0,13,0,0,35,CRUISE,,1.39,0.93,1.73,0.33,0.61,0.00,0.11,,yes
40.20,FLYING,APPROACH,1,rotten,0.22,0.97,2.0,56,0,13,0,0,35,CRUISE,,1.36,0.86,1.78,0.19,0.43,0.01,0.22,,yes
40.25,FLYING,APPROACH,1,rotten,0.22,0.97,2.0,56,0,14,0,0,35,CRUISE,,1.10,0.67,1.36,0.10,0.44,0.00,0.01,,yes
40.29,FLYING,APPROACH,1,rotten,0.22,0.97,2.0,56,0,14,0,0,35,CRUISE,,0.97,0.57,1.15,0.06,0.44,0.00,0.00,,yes
40.38,FLYING,APPROACH,0,,,,,56,0,14,0,0,35,CRUISE,,0.76,0.87,1.21,0.03,0.31,0.00,0.00,,yes
40.42,FLYING,APPROACH,0,,,,,56,0,14,0,0,35,CRUISE,,0.71,1.01,1.24,0.02,0.21,0.00,0.05,,yes
40.47,FLYING,APPROACH,0,,,,,56,0,14,0,0,35,CRUISE,,0.68,0.73,1.25,0.01,0.15,0.00,0.09,,yes
40.59,FLYING,APPROACH,1,rotten,0.50,1.00,1.9,56,0,14,0,0,35,CRUISE,,0.87,0.39,1.23,0.01,0.10,0.00,0.11,,yes
40.64,FLYING,APPROACH,1,rotten,0.50,1.00,1.9,56,0,14,0,0,35,CRUISE,,0.97,0.22,1.23,0.00,0.07,0.00,0.12,,yes
40.68,FLYING,APPROACH,1,rotten,0.50,1.00,1.9,56,0,14,0,0,35,CRUISE,,1.02,0.13,1.22,0.00,0.05,0.03,0.13,,yes
40.80,FLYING,APPROACH,1,,,,,56,0,14,0,0,35,CRUISE,,0.99,0.10,1.32,0.00,0.04,0.02,0.18,,yes
40.85,FLYING,APPROACH,1,,,,,56,0,14,0,0,35,CRUISE,,0.98,0.08,1.37,0.15,0.03,0.02,0.21,,yes
40.90,FLYING,APPROACH,1,,,,,56,0,14,0,0,35,CRUISE,,0.97,0.08,1.20,0.23,0.02,0.02,0.13,,yes
41.01,FLYING,APPROACH,1,rotten,0.26,1.00,2.1,56,0,14,0,0,35,CRUISE,,0.84,0.15,0.85,0.13,0.01,0.00,0.00,,yes
41.06,FLYING,APPROACH,1,rotten,0.26,1.00,2.1,56,0,14,0,0,35,CRUISE,,0.77,0.20,0.63,0.07,0.01,0.00,0.00,,yes
41.11,FLYING,APPROACH,1,rotten,0.26,1.00,2.1,56,0,14,0,0,35,CRUISE,,0.65,0.23,0.52,0.04,0.01,0.00,0.00,,yes
41.19,FLYING,APPROACH,0,,,,,56,0,14,0,0,35,CRUISE,,0.55,0.53,0.36,0.02,0.00,0.00,0.00,,yes
41.24,FLYING,APPROACH,0,,,,,56,0,14,0,0,35,CRUISE,,0.50,0.82,0.30,0.01,0.00,0.00,0.00,,yes
41.29,FLYING,APPROACH,0,,,,,56,0,14,0,0,35,CRUISE,,0.48,0.96,0.27,0.01,0.00,0.02,0.02,,yes
41.37,FLYING,APPROACH,0,,,,,56,0,14,0,0,35,CRUISE,,0.54,1.72,0.49,0.56,0.00,0.40,0.40,,yes
41.42,FLYING,APPROACH,0,,,,,56,0,14,0,0,35,AVOID_LEFT,,0.58,2.32,0.60,0.99,0.00,0.70,0.70,,yes
41.47,FLYING,APPROACH,0,,,,,56,0,14,0,0,35,AVOID_LEFT,,0.61,2.61,0.66,1.00,0.00,0.85,0.85,,yes
41.59,FLYING,APPROACH,1,rotten,0.24,0.99,2.4,56,0,14,0,0,35,AVOID_LEFT,,0.64,2.76,0.58,1.00,0.00,0.92,0.92,,yes
41.64,FLYING,APPROACH,1,rotten,0.24,0.99,2.4,56,0,14,0,0,35,AVOID_LEFT,,0.66,2.79,0.54,1.00,0.00,0.94,0.94,,yes
41.69,FLYING,APPROACH,1,rotten,0.24,0.99,2.4,56,0,14,0,0,35,AVOID_LEFT,,0.67,2.80,0.52,1.00,0.00,0.94,0.94,,yes
41.78,FLYING,APPROACH,0,,,,,56,0,14,0,0,35,AVOID_LEFT,,0.69,2.77,0.50,1.00,0.00,0.93,0.93,,yes
41.82,FLYING,APPROACH,0,,,,,56,0,14,0,0,35,AVOID_LEFT,,0.71,1.80,0.45,1.00,0.00,0.44,0.44,,yes
41.87,FLYING,APPROACH,0,,,,,56,0,14,0,0,35,AVOID_LEFT,,0.71,1.31,0.42,1.00,0.00,0.20,0.20,,yes
41.99,FLYING,APPROACH,1,rotten,0.30,0.98,2.9,56,0,14,0,0,35,AVOID_LEFT,,0.63,0.96,0.41,0.79,0.00,0.02,0.02,,yes
42.03,FLYING,APPROACH,1,rotten,0.30,0.98,2.9,56,0,14,0,0,35,AVOID_LEFT,,0.45,0.78,0.35,0.45,0.00,0.00,0.00,,yes
42.08,FLYING,APPROACH,1,rotten,0.30,0.98,2.9,56,0,14,0,0,35,CRUISE,,0.35,0.69,0.32,0.25,0.00,0.00,0.00,,yes
42.20,FLYING,APPROACH,1,rotten,0.32,0.97,3.0,56,0,14,0,-1,35,CRUISE,,0.42,0.90,0.34,0.14,0.00,0.00,0.00,,yes
42.25,FLYING,APPROACH,1,rotten,0.32,0.97,3.0,56,0,14,0,-2,35,CRUISE,,0.46,1.01,0.35,0.08,0.00,0.05,0.05,,yes
42.29,FLYING,APPROACH,1,rotten,0.32,0.97,3.0,56,0,14,0,-3,35,CRUISE,,0.61,0.84,0.29,0.04,0.00,0.00,0.00,,yes
42.41,FLYING,APPROACH,1,rotten,0.38,1.00,3.5,56,0,14,0,-4,35,CRUISE,,0.54,0.64,0.23,0.03,0.00,0.00,0.00,,yes
42.45,FLYING,APPROACH,1,rotten,0.38,1.00,3.5,56,0,14,0,-4,35,CRUISE,,0.50,0.53,0.19,0.01,0.00,0.00,0.00,,yes
42.50,FLYING,APPROACH,1,rotten,0.38,1.00,3.5,56,0,14,0,-5,35,CRUISE,,0.46,0.47,0.18,0.01,0.00,0.00,0.00,,yes
42.62,FLYING,APPROACH,1,rotten,0.51,0.99,3.4,56,0,14,0,-5,35,CRUISE,,0.33,0.35,0.15,0.00,0.00,0.00,0.00,,yes
42.66,FLYING,APPROACH,1,rotten,0.51,0.99,3.4,56,0,14,0,-5,35,CRUISE,,0.30,0.28,0.17,0.00,0.00,0.00,0.00,,yes
42.71,FLYING,APPROACH,1,rotten,0.51,0.99,3.4,56,0,14,0,-5,35,CRUISE,,0.29,0.25,0.26,0.00,0.00,0.00,0.00,,yes
42.83,FLYING,APPROACH,1,rotten,0.44,1.00,3.7,56,0,14,0,-5,35,CRUISE,,0.61,0.31,0.50,0.00,0.00,0.00,0.00,,yes
42.87,FLYING,APPROACH,1,rotten,0.44,1.00,3.7,56,0,14,0,-6,35,CRUISE,,0.77,0.39,0.62,0.00,0.00,0.00,0.00,,yes
42.92,FLYING,APPROACH,1,rotten,0.44,1.00,3.7,56,0,14,0,-6,35,CRUISE,,0.85,0.47,0.68,0.00,0.00,0.00,0.00,,yes
43.04,FLYING,APPROACH,1,rotten,0.22,1.00,3.9,56,0,14,0,-6,35,CRUISE,,1.11,0.63,1.25,0.00,0.00,0.10,0.16,,yes
43.09,FLYING,APPROACH,1,rotten,0.22,1.00,3.9,56,0,14,0,-6,35,CRUISE,,1.25,0.71,1.53,0.15,0.00,0.16,0.31,,yes
43.13,FLYING,APPROACH,1,rotten,0.22,1.00,3.9,56,0,14,0,-6,35,AVOID_LEFT,,1.31,0.75,1.67,0.47,0.00,0.20,0.38,,yes
43.23,FLYING,APPROACH,0,,,,,56,0,14,0,-4,35,AVOID_LEFT,,1.61,1.09,1.76,0.67,0.00,0.35,0.42,,yes
43.28,FLYING,APPROACH,0,,,,,56,0,14,0,-2,35,ESCAPE,,1.76,1.25,1.81,0.65,0.44,0.20,0.23,,yes
43.33,FLYING,APPROACH,0,,,,,56,0,14,0,-1,35,ESCAPE,,1.83,1.73,1.84,0.63,0.31,0.31,0.31,,yes
43.41,FLYING,APPROACH,0,,,,,56,0,14,0,-1,35,ESCAPE,,1.60,1.89,1.91,0.91,0.21,0.38,0.39,,yes
43.46,FLYING,APPROACH,0,,,,,56,0,14,0,0,35,ESCAPE,,1.49,1.97,1.94,0.88,0.44,0.31,0.31,,yes
43.51,FLYING,APPROACH,0,,,,,56,0,14,0,0,35,ESCAPE,,1.43,2.01,1.92,0.90,0.31,0.39,0.39,,yes
43.60,FLYING,APPROACH,0,,,,,56,0,14,0,0,35,ESCAPE,,1.49,1.72,1.57,0.92,0.21,0.30,0.30,,yes
43.64,FLYING,APPROACH,0,,,,,56,0,14,0,0,35,ESCAPE,,1.51,1.19,1.40,0.69,0.15,0.22,0.17,,yes
43.69,FLYING,APPROACH,0,,,,,56,0,14,0,0,35,ESCAPE,,1.07,0.91,1.14,0.50,0.10,0.02,0.06,,yes
43.78,FLYING,APPROACH,0,,,,,56,0,14,0,0,35,ESCAPE,,0.85,0.69,0.96,0.28,0.07,0.00,0.00,,yes
43.83,FLYING,APPROACH,0,,,,,56,0,14,0,0,35,ESCAPE,,0.70,0.58,0.87,0.16,0.44,0.00,0.00,,yes
43.87,FLYING,APPROACH,0,,,,,56,0,14,0,0,35,ESCAPE,,0.69,0.53,0.83,0.09,0.31,0.00,0.00,,yes
43.96,FLYING,APPROACH,0,,,,,56,0,14,0,0,35,ESCAPE,,0.72,0.65,0.77,0.05,0.21,0.00,0.00,,yes
44.00,FLYING,APPROACH,0,,,,,56,0,14,0,0,35,ESCAPE,,0.82,0.71,0.54,0.03,0.15,0.00,0.00,,yes
44.05,FLYING,APPROACH,0,,,,,56,0,14,0,0,35,ESCAPE,,1.01,0.71,0.42,0.02,0.10,0.00,0.00,,yes
44.14,FLYING,APPROACH,0,,,,,56,0,14,0,0,35,ESCAPE,,1.10,0.70,0.47,0.01,0.07,0.06,0.00,,yes
44.18,FLYING,APPROACH,0,,,,,56,0,14,0,0,35,ESCAPE,,1.15,0.70,0.49,0.00,0.05,0.09,0.00,,yes
44.23,FLYING,APPROACH,0,,,,,56,0,14,0,0,35,ESCAPE,,1.03,0.73,0.58,0.00,0.04,0.04,0.00,,yes
44.32,FLYING,APPROACH,0,,,,,56,0,14,0,0,35,ESCAPE,,0.85,0.85,0.76,0.00,0.03,0.00,0.00,,yes
44.36,FLYING,APPROACH,0,,,,,56,0,14,0,0,35,ESCAPE,,0.87,0.90,0.84,0.00,0.02,0.00,0.00,,yes
44.41,FLYING,APPROACH,0,,,,,56,0,14,0,0,35,ESCAPE,,0.88,0.93,0.89,0.00,0.01,0.00,0.00,,yes
44.50,FLYING,APPROACH,0,,,,,56,0,14,0,0,35,ESCAPE,,1.26,0.94,0.87,0.00,0.01,0.17,0.01,,yes
44.54,FLYING,APPROACH,0,,,,,56,0,14,0,0,35,ESCAPE,,1.46,0.94,0.87,0.15,0.01,0.27,0.01,,yes
44.59,FLYING,APPROACH,0,,,,,56,0,14,0,0,35,ESCAPE,,1.10,0.94,0.73,0.11,0.00,0.09,0.01,,yes
44.68,FLYING,APPROACH,0,,,,,56,0,14,0,0,35,ESCAPE,,0.83,1.06,0.66,0.06,0.00,0.07,0.07,,yes
44.72,FLYING,APPROACH,0,,,,,56,0,14,0,0,35,ESCAPE,,0.70,1.11,0.78,0.04,0.00,0.10,0.10,,yes
44.77,FLYING,APPROACH,0,,,,,56,0,14,0,0,35,ESCAPE,,2.43,1.14,0.99,0.28,0.00,0.75,0.11,,yes
44.89,FLYING,APPROACH,1,,,,,56,0,14,0,0,35,ESCAPE,,3.29,1.16,0.94,0.68,0.00,1.00,0.12,,yes
44.94,FLYING,APPROACH,1,,,,,56,0,14,0,0,35,ESCAPE,,2.03,0.99,0.83,0.66,0.00,0.56,0.04,,yes
44.99,FLYING,APPROACH,1,,,,,56,0,14,0,0,35,ESCAPE,,1.40,0.91,0.77,0.48,0.00,0.24,0.00,,yes
45.10,FLYING,APPROACH,1,rotten,0.37,1.00,9.1,56,0,13,0,-5,35,ESCAPE,,1.42,0.87,0.86,0.42,0.00,0.25,0.00,,yes
45.15,FLYING,APPROACH,1,rotten,0.37,1.00,9.1,56,0,12,0,-9,35,AVOID_RIGHT,,1.43,0.84,0.91,0.24,0.44,0.04,0.00,,yes
45.20,FLYING,APPROACH,1,rotten,0.37,1.00,9.1,56,0,11,0,-12,35,AVOID_RIGHT,,1.44,0.83,0.94,0.13,0.31,0.11,0.00,,yes
45.28,FLYING,APPROACH,0,,,,,56,0,10,0,-8,35,AVOID_RIGHT,,1.12,0.62,0.76,0.07,0.21,0.01,0.00,,yes
45.33,FLYING,APPROACH,0,,,,,56,0,10,0,-5,35,CRUISE,,0.94,0.53,0.56,0.04,0.15,0.00,0.00,,yes
45.38,FLYING,APPROACH,0,,,,,56,0,10,0,-3,35,CRUISE,,0.85,0.48,0.45,0.02,0.10,0.00,0.00,,yes
45.49,FLYING,FEED,1,rotten,0.25,0.99,11.6,56,0,6,0,-8,35,CRUISE,,1.21,0.56,0.48,0.01,0.07,0.12,0.00,,yes
45.54,FLYING,FEED,1,rotten,0.25,0.99,11.6,55,0,4,0,-12,35,CRUISE,,1.42,0.80,0.52,0.01,0.87,0.00,0.00,,yes
45.59,FLYING,FEED,1,rotten,0.25,0.99,11.6,55,0,2,0,-14,35,CRUISE,,1.72,0.97,0.68,0.00,0.61,0.14,0.00,,yes
45.70,FLYING,FEED,1,rotten,0.68,1.00,13.7,54,0,1,0,-15,35,CRUISE,,1.87,1.01,0.99,0.15,0.44,0.31,0.00,,yes
45.75,FLYING,FEED,1,rotten,0.68,1.00,13.7,54,0,1,0,-16,35,CRUISE,,1.87,0.88,1.15,0.23,0.44,0.31,0.00,,yes
45.80,FLYING,FEED,1,rotten,0.68,1.00,13.7,54,0,0,0,-17,35,CRUISE,,1.87,0.82,1.23,0.36,0.31,0.38,0.06,,yes
45.92,FLYING,FEED,1,rotten,0.50,1.00,14.9,53,0,0,0,-18,35,CRUISE,,1.42,0.81,1.34,0.35,0.21,0.21,0.16,,yes
45.97,FLYING,FEED,1,rotten,0.50,1.00,14.9,53,0,0,0,-18,35,CRUISE,,1.20,0.80,1.40,0.35,0.15,0.13,0.22,,yes
46.01,FLYING,FEED,1,rotten,0.50,1.00,14.9,52,0,0,0,-18,35,CRUISE,,1.09,0.79,1.41,0.26,0.44,0.00,0.09,,yes
46.10,FLYING,FEED,0,,,,,52,0,0,0,-12,35,CRUISE,,1.41,0.74,1.25,0.15,0.31,0.15,0.07,,yes
46.15,FLYING,FEED,0,,,,,52,0,0,0,-7,35,CRUISE,,1.57,0.72,0.98,0.08,0.21,0.28,0.00,,yes
46.19,FLYING,FEED,0,,,,,52,0,0,0,-5,35,CRUISE,,1.64,0.71,0.84,0.30,0.15,0.34,0.00,,yes
46.31,FLYING,FEED,1,rotten,0.30,1.00,17.9,52,0,0,0,-9,35,AVOID_RIGHT,,1.54,0.64,0.77,0.22,0.44,0.15,0.00,,yes
46.36,FLYING,FEED,1,rotten,0.30,1.00,17.9,51,0,0,0,-12,35,AVOID_RIGHT,,1.49,0.63,0.53,0.12,0.44,0.13,0.00,,yes
46.40,FLYING,FEED,1,rotten,0.30,1.00,17.9,51,0,0,0,-14,35,CRUISE,,1.47,0.63,0.41,0.07,0.31,0.18,0.00,,yes
46.52,FLYING,FEED,1,rotten,0.26,1.00,21.0,51,0,0,0,-15,35,CRUISE,,1.95,0.63,0.54,0.19,0.21,0.47,0.00,,yes
46.57,FLYING,FEED,1,rotten,0.26,1.00,21.0,50,0,0,0,-16,35,AVOID_RIGHT,,2.19,0.60,0.61,0.34,0.15,0.62,0.00,,yes
46.62,FLYING,FEED,1,rotten,0.26,1.00,21.0,50,0,0,0,-17,35,AVOID_RIGHT,,2.31,0.59,0.64,0.45,0.10,0.70,0.00,,yes
46.70,FLYING,FEED,0,,,,,50,0,0,0,-11,35,AVOID_RIGHT,,1.87,0.55,0.66,0.51,0.07,0.50,0.00,,yes
46.75,FLYING,FEED,0,,,,,50,0,0,0,-7,35,AVOID_RIGHT,,1.66,0.54,0.66,0.39,0.44,0.21,0.00,,yes
46.80,FLYING,FEED,0,,,,,50,0,0,0,-4,35,AVOID_RIGHT,,1.55,0.53,0.66,0.22,0.31,0.22,0.00,,yes
46.89,FLYING,FEED,0,,,,,50,0,0,0,-3,35,AVOID_RIGHT,,2.34,0.53,0.51,0.35,0.21,0.67,0.00,,yes
46.93,FLYING,FEED,0,,,,,50,0,0,0,-1,35,AVOID_RIGHT,,2.74,0.53,0.42,0.57,0.44,0.75,0.00,,yes
46.98,FLYING,FEED,0,,,,,50,0,0,0,-1,35,AVOID_RIGHT,,2.25,0.45,0.37,0.58,0.31,0.57,0.00,,yes
47.10,FLYING,FEED,1,rotten,0.56,1.00,29.5,49,0,-3,-3,-6,35,AVOID_RIGHT,,1.91,0.41,0.43,0.59,0.21,0.45,0.00,,yes
47.15,FLYING,FEED,1,rotten,0.56,1.00,29.5,49,0,-5,-6,-9,35,AVOID_RIGHT,,1.74,0.54,0.46,0.48,0.15,0.40,0.00,,yes
47.20,FLYING,FEED,1,rotten,0.56,1.00,29.5,49,0,-7,-8,-11,35,AVOID_RIGHT,,1.66,0.61,0.59,0.53,0.10,0.38,0.00,,yes
47.28,FLYING,FEED,0,,,,,49,0,-4,-5,-7,35,AVOID_RIGHT,,1.46,0.64,0.55,0.45,0.07,0.30,0.00,,yes
47.33,FLYING,FEED,0,,,,,49,0,-3,-3,-4,35,AVOID_RIGHT,,1.23,0.44,0.53,0.34,0.05,0.19,0.00,,yes
47.38,FLYING,FEED,0,,,,,49,0,-1,-2,-3,35,AVOID_RIGHT,,1.11,0.34,0.52,0.19,0.04,0.14,0.00,,yes
47.50,FLYING,FEED,1,,,,,49,0,-1,-1,-2,35,AVOID_RIGHT,,1.72,0.37,0.50,0.34,0.03,0.45,0.00,,yes
47.54,FLYING,FEED,1,,,,,49,0,0,0,-1,35,AVOID_RIGHT,,2.05,0.39,0.49,0.49,0.44,0.41,0.00,,yes
47.59,FLYING,FEED,1,,,,,49,0,0,0,0,35,AVOID_RIGHT,,2.71,0.47,0.48,0.54,0.31,0.80,0.00,,yes
47.74,FLYING,FEED,2,rotten,0.25,1.00,25.7,48,0,-3,0,-5,35,ESCAPE,,3.18,0.83,0.39,0.70,0.21,1.00,0.00,,yes
47.79,FLYING,FEED,2,rotten,0.25,1.00,25.7,47,0,-6,0,-8,35,ESCAPE,,3.41,1.01,0.34,0.79,0.15,1.00,0.03,,yes
47.84,FLYING,FEED,2,rotten,0.25,1.00,25.7,47,0,-7,0,-10,35,ESCAPE,,3.28,1.10,0.31,0.96,0.10,1.00,0.10,,
47.95,FLYING,FEED,1,rotten,0.42,1.00,27.0,46,0,-8,0,-11,35,ESCAPE,,2.29,0.79,0.30,0.87,0.07,0.71,0.00,,yes
48.00,FLYING,FEED,1,rotten,0.42,1.00,27.0,46,0,-8,0,-12,35,ESCAPE,,1.43,0.59,0.29,0.75,0.05,0.29,0.00,,yes
48.05,FLYING,FEED,1,rotten,0.42,1.00,27.0,46,0,-9,0,-12,35,ESCAPE,,1.00,0.50,0.29,0.53,0.44,0.00,0.00,,yes
48.17,FLYING,FEED,1,rotten,0.38,1.00,26.7,45,0,-9,-2,-13,35,ESCAPE,,0.98,0.59,0.20,0.30,0.31,0.00,0.00,,yes
48.21,FLYING,FEED,1,rotten,0.38,1.00,26.7,45,0,-9,-4,-13,35,ESCAPE,,0.97,0.64,0.16,0.17,0.21,0.00,0.00,,yes
48.26,FLYING,FEED,1,rotten,0.38,1.00,26.7,45,0,-9,-5,-13,35,ESCAPE,,0.96,0.66,0.14,0.10,0.44,0.00,0.00,,yes
48.38,FLYING,FEED,1,,,,,45,0,-6,-3,-8,35,ESCAPE,,1.10,0.60,0.27,0.05,0.31,0.00,0.00,,yes
48.42,FLYING,FEED,1,,,,,45,0,-4,-2,-5,35,ESCAPE,,1.17,0.49,0.33,0.03,0.21,0.08,0.00,,yes
48.47,FLYING,FEED,1,,,,,45,0,-2,-1,-3,35,ESCAPE,,1.18,0.43,0.37,0.02,0.44,0.00,0.00,,yes
48.59,FLYING,FEED,1,rotten,0.39,1.00,28.3,44,0,-5,-4,-6,35,ESCAPE,,1.19,0.40,0.89,0.01,0.44,0.00,0.00,,yes
48.64,FLYING,FEED,1,rotten,0.39,1.00,28.3,44,0,-6,-6,-8,35,ESCAPE,,1.50,0.36,1.16,0.01,0.31,0.19,0.03,,yes
48.68,FLYING,FEED,1,rotten,0.39,1.00,28.3,43,0,-7,-7,-9,35,ESCAPE,,2.16,0.34,1.14,0.26,0.21,0.57,0.07,,yes
48.80,FLYING,FEED,1,rotten,0.57,1.00,26.6,43,0,-8,-8,-10,35,ESCAPE,,2.49,0.52,1.00,0.56,0.15,0.77,0.02,,yes
48.85,FLYING,FEED,1,rotten,0.57,1.00,26.6,42,0,-9,-9,-11,35,ESCAPE,,2.49,0.62,1.07,0.72,0.44,0.63,0.00,,yes
48.90,FLYING,FEED,1,rotten,0.57,1.00,26.6,42,0,-9,-9,-11,35,ESCAPE,,2.49,0.66,1.18,0.69,0.31,0.69,0.04,,yes
48.99,FLYING,FEED,0,,,,,42,0,-6,-6,-7,35,ESCAPE,,2.29,0.74,1.23,0.65,0.21,0.64,0.11,,yes
49.03,FLYING,FEED,0,,,,,42,0,-3,-4,-4,35,ESCAPE,,2.00,0.78,0.82,0.63,0.15,0.52,0.00,,yes
49.08,FLYING,FEED,0,,,,,42,0,-2,-2,-3,35,ESCAPE,,1.50,0.75,0.55,0.46,0.10,0.30,0.00,,yes
49.23,FLYING,FEED,2,rotten,0.56,1.00,26.0,41,0,-5,-6,-6,35,ESCAPE,,1.07,0.62,0.35,0.26,0.44,0.00,0.00,,yes
49.28,FLYING,FEED,2,rotten,0.56,1.00,26.0,41,0,-6,-8,-7,35,ESCAPE,,0.85,0.51,0.27,0.15,0.31,0.00,0.00,,yes
49.32,FLYING,FEED,2,rotten,0.56,1.00,26.0,41,0,-7,-10,-9,35,ESCAPE,,0.73,0.45,0.23,0.08,0.21,0.00,0.00,,yes
49.41,FLYING,FEED,0,,,,,41,0,-5,-6,-5,35,ESCAPE,,0.55,0.78,0.70,0.05,0.15,0.00,0.00,,yes
49.45,FLYING,FEED,0,,,,,41,0,-3,-4,-3,35,ESCAPE,,0.37,0.95,0.93,0.03,0.10,0.02,0.02,,yes
49.50,FLYING,FEED,0,,,,,41,0,-2,-2,-2,35,ESCAPE,,0.28,1.03,1.04,0.01,0.07,0.08,0.09,,yes
49.62,FLYING,FEED,1,rotten,0.45,1.00,24.1,40,0,-1,-5,-6,35,ESCAPE,,0.49,0.89,0.87,0.01,0.05,0.02,0.02,,yes
49.66,FLYING,FEED,1,rotten,0.45,1.00,24.1,40,0,0,-7,-8,35,ESCAPE,,0.60,0.75,0.80,0.00,0.04,0.00,0.00,,yes
49.71,FLYING,FEED,1,rotten,0.45,1.00,24.1,39,0,0,-8,-10,35,ESCAPE,,0.49,0.67,0.77,0.00,0.03,0.00,0.00,,yes
49.83,FLYING,FEED,1,rotten,0.55,1.00,21.8,39,0,0,-8,-11,35,CRUISE,,0.44,1.36,1.20,0.30,0.02,0.27,0.27,,yes
49.88,FLYING,FEED,1,rotten,0.55,1.00,21.8,38,0,0,-9,-11,35,AVOID_LEFT,,1.11,1.70,1.42,0.54,0.01,0.45,0.45,,yes
49.93,FLYING,FEED,1,rotten,0.55,1.00,21.8,38,0,0,-9,-12,35,AVOID_LEFT,,2.05,1.99,1.53,1.00,0.01,0.62,0.59,,yes
50.04,FLYING,FEED,1,rotten,0.28,1.00,21.0,37,0,0,-5,-12,35,AVOID_RIGHT,,1.91,1.73,1.12,1.00,0.01,0.55,0.46,,yes
50.09,FLYING,FEED,1,rotten,0.28,1.00,21.0,37,0,0,-3,-13,35,CRUISE,,1.39,1.58,0.85,0.88,0.44,0.17,0.17,,yes
50.14,FLYING,FEED,1,rotten,0.28,1.00,21.0,37,0,0,-2,-13,35,CRUISE,,1.13,1.50,0.71,0.49,0.31,0.20,0.20,,yes
50.23,FLYING,FEED,0,,,,,37,0,0,-1,-8,35,AVOID_LEFT,,0.86,1.68,0.93,0.62,0.21,0.33,0.33,,yes
50.27,FLYING,FEED,0,,,,,37,0,0,-1,-5,35,AVOID_LEFT,,0.82,1.78,1.04,0.76,0.15,0.41,0.41,,yes
50.32,FLYING,FEED,0,,,,,37,0,0,0,-3,35,AVOID_LEFT,,0.80,1.82,1.10,0.93,0.10,0.46,0.46,,yes
50.44,FLYING,FEED,1,rotten,0.52,1.00,17.2,36,0,0,0,-7,35,AVOID_LEFT,,1.21,2.28,1.52,1.00,0.07,0.70,0.70,,yes
50.49,FLYING,FEED,1,rotten,0.52,1.00,17.2,36,0,0,0,-10,35,AVOID_LEFT,,1.42,2.60,1.73,1.00,0.44,0.68,0.68,,yes
50.54,FLYING,FEED,1,rotten,0.52,1.00,17.2,35,0,0,0,-11,35,AVOID_LEFT,,2.05,2.94,1.40,1.00,0.31,0.92,0.92,,yes
50.66,FLYING,FEED,1,rotten,0.46,1.00,12.8,35,0,0,0,-11,35,CRUISE,,2.48,3.11,1.23,1.00,0.21,1.00,1.00,,yes
50.71,FLYING,FEED,1,rotten,0.46,1.00,12.8,34,0,0,0,-11,35,CRUISE,,2.69,2.74,1.82,1.00,0.15,0.90,0.90,,yes
50.76,FLYING,FEED,1,rotten,0.46,1.00,12.8,34,0,0,0,-11,35,AVOID_LEFT,,2.80,2.56,2.61,1.00,0.44,0.78,0.69,,yes
50.85,FLYING,FEED,0,,,,,34,0,0,0,-7,35,AVOID_RIGHT,,2.34,2.24,3.01,1.00,0.31,0.62,0.95,,yes
50.89,FLYING,FEED,0,,,,,34,0,0,0,-4,35,AVOID_LEFT,,2.11,2.08,2.56,1.00,0.87,0.22,0.44,,yes
50.94,FLYING,FEED,0,,,,,34,0,0,0,-3,35,AVOID_LEFT,,1.65,1.39,1.87,1.00,0.61,0.12,0.23,,yes
51.06,FLYING,FEED,1,rotten,0.34,1.00,11.6,33,0,0,0,-2,35,AVOID_LEFT,,1.26,0.96,1.21,0.80,0.43,0.02,0.00,,yes
51.10,FLYING,FEED,1,rotten,0.34,1.00,11.6,33,0,0,0,-1,35,AVOID_LEFT,,1.07,0.74,0.73,0.45,0.30,0.00,0.00,,yes
51.15,FLYING,FEED,1,rotten,0.34,1.00,11.6,33,0,0,0,0,35,AVOID_LEFT,,0.97,0.64,0.49,0.25,0.21,0.00,0.00,,yes
51.24,FLYING,FEED,0,,,,,33,0,0,0,0,35,CRUISE,,0.89,0.56,0.36,0.14,0.15,0.00,0.00,,yes
51.28,FLYING,FEED,0,,,,,33,0,0,0,0,35,CRUISE,,0.84,0.53,0.32,0.08,0.10,0.00,0.00,,yes
51.33,FLYING,FEED,0,,,,,33,0,0,0,0,35,CRUISE,,0.82,0.52,0.30,0.05,0.07,0.00,0.00,,yes
51.45,FLYING,FEED,1,rotten,0.51,1.00,11.9,32,0,0,0,0,35,CRUISE,,1.01,0.80,0.34,0.03,0.05,0.08,0.00,,yes
51.49,FLYING,FEED,1,rotten,0.51,1.00,11.9,32,0,0,0,0,35,CRUISE,,1.10,0.94,0.37,0.01,0.04,0.13,0.05,,
51.54,FLYING,FEED,1,rotten,0.51,1.00,11.9,32,0,0,0,0,35,CRUISE,,1.15,1.01,0.38,0.01,0.02,0.16,0.09,,
51.66,FLYING,FEED,1,rotten,0.57,0.99,12.8,31,0,0,0,0,35,CRUISE,,1.22,1.22,0.37,0.00,0.02,0.20,0.20,,
51.71,FLYING,FEED,1,rotten,0.57,0.99,12.8,31,0,0,0,0,35,CRUISE,,1.25,1.33,0.37,0.26,0.01,0.26,0.26,,
51.75,FLYING,FEED,1,rotten,0.57,0.99,12.8,30,0,0,0,0,35,CRUISE,,1.27,1.38,0.35,0.41,0.01,0.29,0.29,,
51.87,FLYING,FEED,1,rotten,0.53,1.00,14.0,30,0,0,0,0,35,CRUISE,,1.09,1.34,0.35,0.49,0.01,0.27,0.27,,
51.92,FLYING,FEED,1,rotten,0.53,1.00,14.0,29,0,0,0,0,35,CRUISE,,0.79,1.33,0.34,0.54,0.00,0.26,0.26,,
51.97,FLYING,FEED,1,rotten,0.53,1.00,14.0,29,0,0,0,0,35,CRUISE,,0.65,1.32,0.39,0.60,0.00,0.26,0.26,,
52.08,FLYING,FEED,1,rotten,0.20,1.00,15.5,28,0,0,0,0,35,CRUISE,,1.09,1.01,0.25,0.45,0.00,0.14,0.10,,
52.13,FLYING,FEED,1,rotten,0.20,1.00,15.5,28,0,0,0,0,35,CRUISE,,1.31,0.99,0.45,0.25,0.00,0.26,0.10,,
52.19,FLYING,FEED,1,rotten,0.20,1.00,15.5,28,0,0,0,0,35,CRUISE,,1.38,0.99,0.39,0.29,0.00,0.29,0.09,,
52.30,FLYING,FEED,1,,,,,28,0,0,0,0,35,CRUISE,,1.10,0.98,0.36,0.16,0.00,0.15,0.09,,
52.35,FLYING,FEED,1,,,,,28,0,0,0,0,35,CRUISE,,0.87,1.29,0.35,0.22,0.00,0.24,0.24,,
52.40,FLYING,FEED,1,,,,,28,0,0,0,0,35,AVOID_RIGHT,,0.76,1.61,0.43,0.49,0.00,0.41,0.41,,
52.52,FLYING,SCARED,1,rotten,0.35,1.00,17.2,28,0,-40,0,0,35,ESCAPE,RIGHT,0.86,1.77,0.72,0.80,0.00,0.49,0.49,,
52.57,FLYING,SCARED,1,rotten,0.35,1.00,17.2,28,0,-40,0,0,35,ESCAPE,,0.99,1.50,0.86,0.97,0.00,0.35,0.35,,yes
52.61,FLYING,SCARED,1,rotten,0.35,1.00,17.2,28,0,-40,0,0,35,ESCAPE,,1.19,1.37,1.32,0.96,0.00,0.28,0.28,,yes
52.73,FLYING,SCARED,1,rotten,0.29,1.00,16.9,28,0,-40,0,0,35,ESCAPE,,1.29,1.20,1.13,0.72,0.00,0.24,0.20,,yes
52.78,FLYING,SCARED,1,rotten,0.29,1.00,16.9,28,0,-40,0,0,35,ESCAPE,,1.26,1.12,1.52,0.66,0.00,0.23,0.36,,yes
52.83,FLYING,SCARED,1,rotten,0.29,1.00,16.9,28,0,-40,0,0,35,ESCAPE,,1.24,0.77,1.23,0.66,0.00,0.22,0.22,,yes
52.91,FLYING,SCARED,0,,,,,28,0,-40,0,0,35,ESCAPE,,1.10,0.60,1.50,0.50,0.44,0.00,0.13,,yes
52.96,FLYING,SCARED,0,,,,,28,0,-40,0,0,35,ESCAPE,,1.03,1.09,1.36,0.28,0.44,0.00,0.06,,yes
53.01,FLYING,SCARED,0,,,,,28,0,-40,0,0,35,ESCAPE,,0.99,1.71,1.56,0.53,0.31,0.30,0.30,,yes
53.10,FLYING,SCARED,0,,,,,28,0,-40,0,0,35,ESCAPE,,1.42,2.02,1.39,0.82,0.21,0.50,0.50,,yes
53.14,FLYING,SCARED,0,,,,,28,0,-40,0,0,35,ESCAPE,,1.63,1.50,1.27,0.61,0.15,0.34,0.28,,yes
53.19,FLYING,SCARED,0,,,,,28,0,-40,0,0,35,ESCAPE,,1.80,1.24,1.21,0.75,0.10,0.45,0.17,,yes
53.31,FLYING,SCARED,1,rotten,0.43,1.00,18.6,28,0,-40,0,0,35,ESCAPE,,1.77,1.12,1.21,0.83,0.07,0.45,0.17,,yes
53.36,FLYING,SCARED,1,rotten,0.43,1.00,18.6,28,0,-40,0,0,35,ESCAPE,,1.91,1.03,1.20,0.58,0.44,0.34,0.00,,yes
53.40,FLYING,SCARED,1,rotten,0.43,1.00,18.6,28,0,-40,0,0,35,ESCAPE,,1.98,0.99,0.98,0.51,0.31,0.44,0.00,,yes
53.52,FLYING,WAIT,1,rotten,0.72,1.00,14.5,28,0,-26,0,0,35,ESCAPE,,2.02,0.96,0.86,0.53,0.21,0.50,0.00,,yes
53.57,FLYING,WAIT,1,rotten,0.72,1.00,14.5,28,0,-16,0,0,35,ESCAPE,,1.49,0.75,0.80,0.30,0.44,0.13,0.00,,yes
53.61,FLYING,WAIT,1,rotten,0.72,1.00,14.5,28,0,-10,0,0,35,ESCAPE,,1.23,0.64,0.63,0.17,0.31,0.06,0.00,,yes
53.73,FLYING,WAIT,1,rotten,0.59,0.99,10.0,28,0,-7,0,0,35,ESCAPE,,1.10,0.67,0.54,0.09,0.21,0.04,0.00,,yes
53.78,FLYING,WAIT,1,rotten,0.59,0.99,10.0,28,0,-4,0,0,35,ESCAPE,,0.99,0.83,0.74,0.05,0.15,0.02,0.00,,yes
53.83,FLYING,WAIT,1,rotten,0.59,0.99,10.0,28,0,-3,0,0,35,ESCAPE,,0.93,1.01,0.92,0.03,0.10,0.05,0.05,,yes
53.95,FLYING,WAIT,1,rotten,0.68,1.00,6.8,28,0,-1,0,0,35,ESCAPE,,1.12,2.02,1.44,0.31,0.44,0.39,0.39,,yes
54.00,FLYING,WAIT,1,rotten,0.68,1.00,6.8,28,0,-1,0,0,35,ESCAPE,,1.38,2.52,1.70,0.81,0.44,0.64,0.64,,yes
54.04,FLYING,WAIT,1,rotten,0.68,1.00,6.8,28,0,0,0,0,35,ESCAPE,,1.90,2.77,1.16,1.00,0.31,0.83,0.83,,yes
54.16,FLYING,WAIT,1,rotten,0.47,0.99,4.5,28,0,0,0,0,35,ESCAPE,,2.16,2.44,0.71,1.00,0.21,0.71,0.71,,yes
54.21,FLYING,WAIT,1,rotten,0.47,0.99,4.5,28,0,0,0,0,35,ESCAPE,,1.86,2.28,0.45,1.00,0.44,0.52,0.52,,yes
54.26,FLYING,WAIT,1,rotten,0.47,0.99,4.5,28,0,0,0,0,35,ESCAPE,,1.71,2.15,0.32,1.00,0.31,0.52,0.52,,
54.35,FLYING,WAIT,0,,,,,28,0,0,0,0,35,ESCAPE,,1.48,1.68,0.50,1.00,0.21,0.33,0.33,,
54.39,FLYING,WAIT,0,,,,,28,0,0,0,0,35,ESCAPE,,1.36,1.01,0.89,0.96,0.44,0.06,0.00,,
54.44,FLYING,WAIT,0,,,,,28,0,0,0,0,35,ESCAPE,,1.03,0.67,1.56,0.54,0.31,0.00,0.23,,
54.56,FLYING,APPROACH,1,rotten,0.45,1.00,3.0,28,0,5,0,0,35,AVOID_LEFT,,0.86,0.52,2.82,0.75,0.21,0.00,0.90,,
54.61,FLYING,APPROACH,1,rotten,0.45,1.00,3.0,28,0,8,0,0,35,AVOID_LEFT,,1.09,0.45,3.44,0.94,0.15,0.05,1.00,,
54.66,FLYING,APPROACH,1,rotten,0.45,1.00,3.0,28,0,10,0,0,35,AVOID_LEFT,,1.73,0.41,3.46,1.00,0.10,0.38,1.00,,
54.77,FLYING,APPROACH,1,rotten,0.27,0.92,2.8,28,0,12,0,0,35,AVOID_LEFT,,2.88,0.41,3.40,1.00,1.31,0.34,0.60,,yes
54.82,FLYING,APPROACH,1,rotten,0.27,0.92,2.8,28,0,13,0,0,35,AVOID_LEFT,,3.45,0.64,3.37,1.00,0.92,0.82,0.78,,yes
54.87,FLYING,APPROACH,1,rotten,0.27,0.92,2.8,28,0,13,0,0,35,AVOID_LEFT,,2.56,0.75,3.35,1.00,0.64,0.50,0.90,,yes
54.99,FLYING,APPROACH,1,rotten,0.40,0.95,2.3,28,0,14,0,0,35,AVOID_LEFT,,2.11,0.80,2.60,1.00,0.87,0.16,0.41,,yes
55.04,FLYING,APPROACH,1,rotten,0.40,0.95,2.3,28,0,14,0,0,35,AVOID_LEFT,,1.87,1.18,2.22,0.91,0.61,0.17,0.35,,yes
55.08,FLYING,APPROACH,1,rotten,0.40,0.95,2.3,28,0,14,0,0,35,AVOID_LEFT,,1.75,1.37,1.86,0.62,0.43,0.20,0.26,,yes
55.17,FLYING,APPROACH,0,,,,,28,0,14,0,0,35,AVOID_LEFT,,1.30,1.35,1.20,0.46,0.30,0.07,0.07,,yes
55.22,FLYING,APPROACH,0,,,,,28,0,14,0,0,35,AVOID_LEFT,,0.75,0.73,0.77,0.26,0.21,0.00,0.00,,yes
55.26,FLYING,APPROACH,0,,,,,28,0,14,0,0,35,AVOID_LEFT,,0.48,0.40,0.56,0.15,0.15,0.00,0.00,,yes
55.35,FLYING,APPROACH,0,,,,,28,0,14,0,0,35,CRUISE,,0.57,0.24,0.74,0.08,0.10,0.00,0.00,,yes
55.40,FLYING,APPROACH,0,,,,,28,0,14,0,0,35,CRUISE,,0.61,0.15,0.83,0.05,0.07,0.00,0.00,,yes
55.44,FLYING,APPROACH,0,,,,,28,0,14,0,0,35,CRUISE,,0.57,0.10,0.61,0.03,0.05,0.00,0.00,,yes
55.53,FLYING,APPROACH,0,,,,,28,0,14,0,0,35,CRUISE,,0.48,0.07,0.48,0.01,0.04,0.00,0.00,,yes
55.57,FLYING,APPROACH,0,,,,,28,0,14,0,0,35,CRUISE,,0.47,0.06,0.43,0.01,0.44,0.00,0.00,,yes
55.62,FLYING,APPROACH,0,,,,,28,0,14,0,0,35,CRUISE,,0.44,0.12,0.37,0.00,0.44,0.00,0.00,,yes
55.74,FLYING,APPROACH,1,,,,,28,0,14,0,0,35,CRUISE,,0.45,0.37,0.58,0.00,0.31,0.00,0.00,,yes
55.78,FLYING,APPROACH,1,,,,,28,0,14,0,0,35,CRUISE,,0.34,0.28,0.44,0.00,0.21,0.00,0.00,,yes
55.83,FLYING,APPROACH,1,,,,,28,0,14,0,0,35,CRUISE,,0.37,0.28,0.59,0.00,0.15,0.00,0.00,,yes
55.95,FLYING,APPROACH,1,rotten,0.70,0.98,2.4,28,0,14,0,0,35,CRUISE,,0.28,0.21,0.42,0.00,0.10,0.00,0.00,,yes
56.00,FLYING,APPROACH,1,rotten,0.70,0.98,2.4,28,0,14,0,0,35,CRUISE,,0.20,0.18,0.30,0.00,0.07,0.00,0.00,,yes
56.04,FLYING,APPROACH,1,rotten,0.70,0.98,2.4,28,0,14,0,0,35,CRUISE,,0.16,0.16,0.23,0.00,0.05,0.00,0.00,,yes
56.13,FLYING,APPROACH,0,,,,,28,0,14,0,0,35,CRUISE,,0.18,0.23,0.28,0.00,0.04,0.00,0.00,,yes
56.17,FLYING,APPROACH,0,,,,,28,0,14,0,0,35,CRUISE,,0.19,0.31,0.31,0.00,0.03,0.00,0.00,,yes
56.22,FLYING,APPROACH,0,,,,,28,0,14,0,0,35,CRUISE,,0.20,0.50,0.32,0.00,0.44,0.00,0.00,,yes
56.31,FLYING,APPROACH,0,,,,,28,0,14,0,0,35,CRUISE,,0.42,0.96,0.94,0.00,0.31,0.00,0.00,,yes
56.35,FLYING,APPROACH,0,,,,,28,0,14,0,0,35,CRUISE,,0.55,1.18,1.25,0.00,0.44,0.00,0.00,,yes
56.40,FLYING,APPROACH,0,,,,,28,0,14,0,0,35,CRUISE,,0.80,1.30,1.14,0.00,0.31,0.04,0.04,,yes
56.52,FLYING,APPROACH,1,rotten,0.20,0.95,2.8,28,0,14,0,0,35,CRUISE,,0.93,1.24,0.86,0.00,0.21,0.06,0.06,,yes
56.56,FLYING,APPROACH,1,rotten,0.20,0.95,2.8,28,0,14,0,0,35,CRUISE,,0.79,1.02,0.54,0.00,0.15,0.00,0.00,,yes
56.61,FLYING,APPROACH,1,rotten,0.20,0.95,2.8,28,0,14,0,0,35,CRUISE,,0.72,0.91,0.39,0.00,0.10,0.00,0.00,,yes
56.73,FLYING,APPROACH,1,rotten,0.67,0.99,3.1,28,0,14,0,0,35,CRUISE,,0.70,0.99,0.36,0.00,0.07,0.00,0.00,,yes
56.78,FLYING,APPROACH,1,rotten,0.67,0.99,3.1,28,0,14,0,0,35,CRUISE,,0.69,1.02,0.34,0.00,0.05,0.03,0.03,,yes
56.82,FLYING,APPROACH,1,rotten,0.67,0.99,3.1,28,0,14,0,0,35,CRUISE,,0.68,1.04,0.26,0.00,0.04,0.04,0.04,,yes
56.91,FLYING,APPROACH,0,,,,,28,0,14,0,0,35,CRUISE,,0.51,1.07,0.21,0.00,0.03,0.06,0.06,,yes
56.96,FLYING,APPROACH,0,,,,,28,0,14,0,0,35,CRUISE,,0.39,1.08,0.19,0.00,0.02,0.07,0.07,,yes
57.00,FLYING,APPROACH,0,,,,,28,0,14,0,0,35,CRUISE,,0.33,0.78,0.23,0.00,0.01,0.00,0.00,,yes
57.12,FLYING,APPROACH,1,rotten,0.66,0.97,3.7,28,0,14,0,-1,35,CRUISE,,0.34,0.58,0.25,0.00,0.01,0.00,0.00,,yes
57.17,FLYING,APPROACH,1,rotten,0.66,0.97,3.7,28,0,14,0,-2,35,CRUISE,,0.35,0.41,0.28,0.00,0.01,0.00,0.00,,yes
57.21,FLYING,APPROACH,1,rotten,0.66,0.97,3.7,28,0,14,0,-3,35,CRUISE,,0.36,0.32,0.30,0.00,0.00,0.00,0.00,,yes
57.33,FLYING,APPROACH,1,rotten,0.58,0.99,3.9,28,0,14,0,-4,35,CRUISE,,0.52,0.34,0.52,0.00,0.00,0.00,0.00,,yes
57.38,FLYING,APPROACH,1,rotten,0.58,0.99,3.9,28,0,14,0,-4,35,CRUISE,,0.60,0.34,0.62,0.00,0.00,0.00,0.00,,yes
57.42,FLYING,APPROACH,1,rotten,0.58,0.99,3.9,28,0,14,0,-4,35,CRUISE,,0.64,0.35,0.68,0.00,0.00,0.00,0.00,,yes
57.54,FLYING,APPROACH,1,rotten,0.44,0.98,4.1,28,0,14,0,-5,35,CRUISE,,0.77,0.50,0.83,0.00,0.00,0.00,0.00,,yes
57.59,FLYING,APPROACH,1,rotten,0.44,0.98,4.1,28,0,14,0,-5,35,CRUISE,,0.84,0.58,0.98,0.00,0.00,0.00,0.03,,yes
57.63,FLYING,APPROACH,1,rotten,0.44,0.98,4.1,28,0,14,0,-5,35,CRUISE,,0.87,0.62,1.05,0.00,0.00,0.00,0.07,,yes
57.75,FLYING,APPROACH,1,rotten,0.53,0.97,4.3,28,0,14,0,-5,35,CRUISE,,1.47,0.86,1.49,0.00,0.00,0.27,0.29,,yes
57.80,FLYING,APPROACH,1,rotten,0.53,0.97,4.3,28,0,14,0,-6,34,AVOID_RIGHT,,1.76,0.98,1.70,0.52,0.00,0.42,0.39,,yes
57.85,FLYING,APPROACH,1,rotten,0.53,0.97,4.3,28,0,14,0,-6,34,ESCAPE,,1.91,1.04,1.81,0.81,0.00,0.50,0.45,,yes
57.93,FLYING,APPROACH,0,,,,,28,0,14,0,-4,34,ESCAPE,,1.98,1.45,1.73,0.76,0.44,0.31,0.19,,yes
57.98,FLYING,APPROACH,0,,,,,28,0,14,0,-2,34,ESCAPE,,1.71,1.65,1.63,0.47,0.31,0.24,0.22,,yes
58.03,FLYING,APPROACH,0,,,,,28,0,14,0,-1,34,ESCAPE,,1.57,1.45,1.44,0.50,0.21,0.22,0.16,,yes
58.11,FLYING,APPROACH,0,,,,,28,0,14,0,-1,34,ESCAPE,,1.50,1.35,1.19,0.28,0.15,0.22,0.14,,yes
58.16,FLYING,APPROACH,0,,,,,28,0,14,0,0,34,ESCAPE,,1.56,1.35,1.22,0.16,0.44,0.10,0.00,,yes
58.21,FLYING,APPROACH,0,,,,,28,0,14,0,0,34,ESCAPE,,1.72,1.72,1.53,0.09,0.31,0.25,0.25,,yes
58.33,FLYING,APPROACH,1,,,,,28,0,14,0,0,34,ESCAPE,,1.90,2.25,1.69,0.67,0.21,0.56,0.56,,yes
58.38,FLYING,APPROACH,1,,,,,28,0,14,0,0,34,ESCAPE,,1.98,2.52,1.48,0.90,0.15,0.73,0.73,,yes
58.42,FLYING,APPROACH,1,,,,,28,0,14,0,0,34,ESCAPE,,2.03,2.77,1.38,1.00,0.10,0.88,0.88,,yes
58.54,FLYING,APPROACH,1,rotten,0.85,0.99,7.4,28,0,14,0,-3,34,ESCAPE,,2.29,2.63,1.17,1.00,0.07,0.82,0.82,,yes
58.59,FLYING,APPROACH,1,rotten,0.85,0.99,7.4,28,0,14,0,-5,34,ESCAPE,,2.42,2.56,1.07,1.00,0.05,0.79,0.79,,yes
58.64,FLYING,APPROACH,1,rotten,0.85,0.99,7.4,28,0,14,0,-6,34,ESCAPE,,2.49,2.52,0.79,1.00,0.04,0.78,0.78,,yes
58.76,FLYING,APPROACH,1,rotten,0.58,1.00,9.0,28,0,14,0,-7,34,ESCAPE,,2.30,2.34,0.61,1.00,0.03,0.70,0.70,,yes
58.81,FLYING,APPROACH,1,rotten,0.58,1.00,9.0,28,0,14,0,-8,34,ESCAPE,,1.65,1.87,0.51,1.00,0.02,0.47,0.47,,yes
58.86,FLYING,APPROACH,1,rotten,0.58,1.00,9.0,28,0,14,0,-9,34,ESCAPE,,1.32,1.64,0.37,1.00,0.01,0.36,0.36,,yes
58.98,FLYING,APPROACH,1,rotten,0.69,0.99,11.6,28,0,14,0,-9,34,ESCAPE,,1.64,1.34,0.20,1.00,0.01,0.36,0.21,,yes
59.03,FLYING,APPROACH,1,rotten,0.69,0.99,11.6,28,0,14,0,-10,34,ESCAPE,,1.80,1.19,0.12,0.88,0.01,0.44,0.13,,yes
59.07,FLYING,APPROACH,1,rotten,0.69,0.99,11.6,28,0,14,0,-10,34,ESCAPE,,1.88,1.11,0.07,0.79,0.00,0.48,0.10,,yes
59.19,FLYING,APPROACH,1,rotten,0.74,1.00,12.9,28,0,14,0,-11,34,ESCAPE,,1.41,0.83,0.05,0.56,0.00,0.25,0.00,,yes
59.24,FLYING,APPROACH,1,rotten,0.74,1.00,12.9,28,0,14,0,-11,34,ESCAPE,,0.88,0.57,0.10,0.31,0.44,0.00,0.00,,yes
59.29,FLYING,APPROACH,1,rotten,0.74,1.00,12.9,28,0,14,0,-11,34,ESCAPE,,0.62,0.43,0.17,0.18,0.31,0.00,0.00,,yes
59.40,FLYING,APPROACH,1,rotten,0.83,1.00,14.8,28,0,13,0,-12,34,ESCAPE,,0.61,0.45,0.41,0.10,0.21,0.00,0.00,,yes
59.45,FLYING,APPROACH,1,rotten,0.83,1.00,14.8,28,0,12,0,-12,34,ESCAPE,,0.60,0.46,0.53,0.06,0.15,0.00,0.00,,yes
59.50,FLYING,APPROACH,1,rotten,0.83,1.00,14.8,28,0,11,0,-12,34,ESCAPE,,0.60,0.61,0.62,0.03,0.10,0.00,0.00,,yes
59.61,FLYING,FEED,1,rotten,0.52,0.98,17.4,28,0,7,0,-13,34,ESCAPE,,0.71,0.76,0.67,0.02,0.44,0.00,0.00,,yes
59.66,FLYING,FEED,1,rotten,0.52,0.98,17.4,27,0,4,0,-13,34,ESCAPE,,0.77,0.84,0.70,0.01,0.31,0.00,0.00,,yes
59.71,FLYING,FEED,1,rotten,0.52,0.98,17.4,27,0,3,0,-14,34,ESCAPE,,0.80,1.14,0.43,0.01,0.21,0.05,0.05,,yes
59.83,FLYING,FEED,1,rotten,0.56,0.98,19.8,27,0,2,0,-14,34,ESCAPE,,1.30,1.24,0.29,0.00,0.87,0.00,0.00,,yes
59.87,FLYING,FEED,1,rotten,0.56,0.98,19.8,26,0,1,0,-14,34,ESCAPE,,1.55,1.28,0.37,0.00,0.61,0.06,0.00,,yes
59.92,FLYING,FEED,1,rotten,0.56,0.98,19.8,26,0,0,0,-15,34,CRUISE,,1.82,1.31,0.41,0.15,0.43,0.29,0.04,,yes
60.04,FLYING,FEED,1,rotten,0.61,1.00,22.9,25,0,0,-3,-15,34,AVOID_RIGHT,,1.95,1.65,0.43,0.34,0.30,0.42,0.28,,yes
60.09,FLYING,FEED,1,rotten,0.61,1.00,22.9,25,0,0,-5,-15,34,AVOID_RIGHT,,2.01,1.82,0.29,0.60,0.44,0.38,0.29,,yes
60.13,FLYING,FEED,1,rotten,0.61,1.00,22.9,25,0,0,-7,-15,34,CRUISE,,2.04,1.91,0.26,0.86,0.31,0.47,0.40,,yes
60.23,FLYING,FEED,0,,,,,25,0,0,-4,-9,34,AVOID_RIGHT,,1.99,1.73,0.25,0.79,0.44,0.38,0.25,,yes
60.28,FLYING,FEED,0,,,,,25,0,0,-3,-6,34,AVOID_RIGHT,,1.97,1.41,0.24,0.86,0.31,0.43,0.15,,yes
60.33,FLYING,FEED,0,,,,,25,0,0,-2,-4,34,AVOID_RIGHT,,1.67,1.25,0.33,0.59,0.21,0.33,0.12,,yes
60.42,FLYING,FEED,0,,,,,25,0,0,-1,-2,34,CRUISE,,1.46,1.35,0.78,0.48,0.15,0.26,0.20,,yes
60.46,FLYING,FEED,0,,,,,25,0,0,0,-1,34,CRUISE,,1.36,1.40,1.01,0.51,0.44,0.08,0.08,,yes
60.51,FLYING,FEED,0,,,,,25,0,0,0,-1,34,CRUISE,,1.31,1.42,0.73,0.29,0.44,0.09,0.09,,yes
60.63,FLYING,FEED,1,rotten,0.25,0.90,25.1,24,0,-3,-6,-5,34,CRUISE,,1.35,1.53,0.57,0.31,0.31,0.21,0.21,,yes
60.68,FLYING,FEED,1,rotten,0.25,0.90,25.1,24,0,-5,-9,-8,34,CRUISE,,1.37,1.58,0.49,0.54,0.21,0.28,0.28,,yes
60.72,FLYING,FEED,1,rotten,0.25,0.90,25.1,23,0,-7,-12,-10,34,CRUISE,,1.08,1.61,0.45,0.45,0.44,0.19,0.19,,yes
60.84,FLYING,FEED,1,,,,,23,0,-4,-7,-7,33,AVOID_LEFT,,0.94,1.65,0.36,0.64,0.31,0.27,0.27,,yes
60.89,FLYING,FEED,1,,,,,23,0,-3,-5,-4,33,AVOID_LEFT,,0.86,1.66,0.30,0.62,0.21,0.33,0.33,,yes
60.94,FLYING,FEED,1,,,,,23,0,-1,-3,-2,33,AVOID_LEFT,,0.61,1.50,0.27,0.61,0.15,0.27,0.27,,yes
61.05,FLYING,FEED,1,rotten,0.37,0.94,23.4,23,0,-1,-7,-7,33,AVOID_LEFT,,0.37,0.98,0.26,0.34,0.10,0.04,0.04,,yes
61.10,FLYING,FEED,1,rotten,0.37,0.94,23.4,22,0,0,-10,-10,33,AVOID_LEFT,,0.28,0.75,0.21,0.19,0.07,0.00,0.00,,yes
61.15,FLYING,FEED,1,rotten,0.37,0.94,23.4,22,0,0,-12,-12,33,CRUISE,,0.23,0.64,0.17,0.11,0.44,0.00,0.00,,yes
61.23,FLYING,FEED,0,,,,,22,0,0,-8,-8,33,CRUISE,,0.49,1.09,0.15,0.06,0.31,0.00,0.00,,yes
61.28,FLYING,FEED,0,,,,,22,0,0,-5,-5,33,CRUISE,,0.62,1.31,0.12,0.03,0.21,0.15,0.15,,yes
61.33,FLYING,FEED,0,,,,,22,0,0,-3,-3,33,CRUISE,,0.87,1.42,0.12,0.31,0.15,0.24,0.24,,yes
61.45,FLYING,FEED,1,,,,,22,0,0,-2,-2,33,CRUISE,,1.23,1.86,0.20,0.58,0.10,0.48,0.48,,yes
61.50,FLYING,FEED,1,,,,,22,0,0,-1,-1,33,AVOID_RIGHT,,1.40,2.07,0.44,0.85,0.07,0.60,0.60,,yes
61.54,FLYING,FEED,1,,,,,22,0,0,0,0,33,CRUISE,,1.65,1.75,0.61,1.00,0.05,0.45,0.45,,yes
61.66,FLYING,FEED,1,rotten,0.23,1.00,24.3,21,0,0,-4,-6,33,CRUISE,,2.07,1.59,0.70,1.00,0.04,0.61,0.38,,yes
61.71,FLYING,FEED,1,rotten,0.23,1.00,24.3,21,0,0,-7,-10,33,CRUISE,,2.27,1.55,0.87,1.00,0.03,0.72,0.36,,yes
61.76,FLYING,FEED,1,rotten,0.23,1.00,24.3,21,0,0,-9,-12,33,AVOID_RIGHT,,2.37,2.11,0.95,1.00,0.02,0.78,0.64,,yes
61.88,FLYING,FEED,1,rotten,0.35,1.00,21.3,20,0,0,-5,-13,33,AVOID_RIGHT,,4.94,2.39,1.75,1.00,0.01,1.00,0.79,,yes
61.93,FLYING,FEED,1,rotten,0.35,1.00,21.3,20,0,0,-3,-14,33,AVOID_RIGHT,,6.23,2.53,2.15,1.00,0.01,1.00,0.86,,yes
61.98,FLYING,FEED,1,rotten,0.35,1.00,21.3,20,0,0,-2,-15,33,CRUISE,,5.38,3.69,1.63,1.00,0.01,1.00,1.00,,yes
62.06,FLYING,FEED,0,,,,,20,0,0,-1,-10,33,ESCAPE,,4.46,3.00,1.35,1.00,0.00,1.00,1.00,,yes
62.11,FLYING,FEED,0,,,,,20,0,0,-1,-6,33,ESCAPE,,3.99,2.65,1.17,1.00,0.00,1.00,0.92,,yes
62.16,FLYING,FEED,0,,,,,20,0,0,0,-4,33,ESCAPE,,3.76,2.39,1.01,1.00,0.44,1.00,0.57,,yes
62.25,FLYING,FEED,0,,,,,20,0,0,0,-2,33,ESCAPE,,3.85,2.14,0.93,1.00,0.31,1.00,0.52,,yes
62.30,FLYING,FEED,0,,,,,20,0,0,0,-1,33,ESCAPE,,3.90,1.58,0.78,1.00,0.21,1.00,0.28,,yes
62.35,FLYING,FEED,0,,,,,20,0,0,0,-1,33,ESCAPE,,4.02,1.29,0.70,1.00,0.44,1.00,0.03,,yes
62.44,FLYING,FEED,0,,,,,20,0,0,0,0,33,ESCAPE,,3.42,1.30,0.66,1.00,0.31,1.00,0.10,,yes
62.48,FLYING,FEED,0,,,,,20,0,0,0,0,33,ESCAPE,,2.53,1.31,0.59,1.00,0.21,0.76,0.15,,yes
62.53,FLYING,FEED,0,,,,,20,0,0,0,0,33,ESCAPE,,2.08,1.64,0.60,1.00,0.15,0.57,0.34,,yes
62.62,FLYING,FEED,0,,,,,20,0,0,0,0,33,ESCAPE,,1.87,1.47,0.60,1.00,0.10,0.48,0.28,,yes
62.67,FLYING,FEED,0,,,,,20,0,0,0,0,33,ESCAPE,,1.76,1.39,0.71,1.00,0.07,0.44,0.26,,yes
62.72,FLYING,FEED,0,,,,,20,0,0,0,0,33,ESCAPE,,1.71,1.30,1.62,0.99,0.05,0.43,0.38,,
62.80,FLYING,FEED,0,,,,,20,0,0,0,0,33,ESCAPE,,2.12,1.25,2.08,1.00,0.04,0.64,0.62,,
62.85,FLYING,FEED,0,,,,,20,0,0,0,0,33,ESCAPE,,2.33,1.28,2.31,1.00,0.03,0.75,0.74,,
62.90,FLYING,FEED,0,,,,,20,0,0,0,0,33,ESCAPE,,2.44,1.51,2.32,1.00,0.02,0.81,0.75,,
62.99,FLYING,FEED,0,,,,,20,0,0,0,0,33,ESCAPE,,2.99,1.67,2.32,1.00,0.01,1.00,0.75,,
63.04,FLYING,FEED,0,,,,,20,0,0,0,0,33,ESCAPE,,3.27,1.75,1.88,1.00,0.01,1.00,0.54,,
63.09,FLYING,FEED,0,,,,,20,0,0,0,0,33,ESCAPE,,4.22,1.80,1.36,1.00,0.44,1.00,0.28,,
63.17,FLYING,FEED,0,,,,,20,0,0,0,0,33,ESCAPE,,4.73,2.51,1.10,1.00,0.31,1.00,0.70,,
63.22,FLYING,FEED,0,,,,,20,0,0,0,0,33,ESCAPE,,6.10,2.87,1.22,1.00,0.44,1.00,0.82,,
63.27,FLYING,FEED,0,,,,,20,0,0,0,0,33,ESCAPE,,6.79,3.86,1.39,1.00,0.31,1.00,1.00,,
63.36,FLYING,FEED,0,,,,,20,0,0,0,0,33,ESCAPE,,7.65,2.68,1.78,1.00,0.21,1.00,0.83,,
63.41,FLYING,FEED,0,,,,,20,0,0,0,0,33,ESCAPE,,8.09,2.33,1.98,1.00,0.15,1.00,0.69,,
63.46,FLYING,FEED,0,,,,,20,0,0,0,0,33,ESCAPE,,8.31,2.16,1.90,1.00,0.10,1.00,0.63,,
63.55,FLYING,FEED,0,,,,,20,0,0,0,0,33,ESCAPE,,7.12,2.90,1.65,1.00,0.07,1.00,1.00,,
63.60,FLYING,FEED,0,,,,,20,0,0,0,0,33,ESCAPE,,6.53,3.28,1.01,1.00,0.44,1.00,1.00,,
63.64,FLYING,FEED,0,,,,,20,0,0,0,0,33,ESCAPE,,4.51,2.02,0.69,1.00,0.31,1.00,0.46,,
63.73,FLYING,FEED,0,,,,,20,0,0,0,0,33,ESCAPE,,3.23,1.36,0.53,1.00,0.21,1.00,0.17,,
63.78,FLYING,FEED,0,,,,,20,0,0,0,0,33,ESCAPE,,2.59,0.96,0.67,1.00,0.15,0.82,0.01,,
63.83,FLYING,FEED,0,,,,,20,0,0,0,0,33,ESCAPE,,2.27,0.76,0.74,1.00,0.44,0.52,0.00,,
63.92,FLYING,FEED,0,,,,,20,0,0,0,0,33,AVOID_RIGHT,,3.46,1.68,0.90,1.00,0.31,1.00,0.29,,
63.97,FLYING,FEED,0,,,,,20,0,0,0,0,33,AVOID_RIGHT,,4.05,2.14,2.05,1.00,0.21,1.00,0.56,,
64.02,FLYING,FEED,0,,,,,20,0,0,0,0,33,AVOID_RIGHT,,5.48,1.16,2.72,1.00,0.15,1.00,0.88,,
64.10,FLYING,FEED,0,,,,,20,0,0,0,0,33,AVOID_RIGHT,,3.26,0.68,2.96,1.00,0.10,1.00,1.00,,
64.15,FLYING,FEED,0,,,,,20,0,0,0,0,33,AVOID_RIGHT,,2.90,0.68,2.44,1.00,0.07,1.00,0.78,,
64.20,FLYING,FEED,0,,,,,20,0,0,0,0,33,AVOID_RIGHT,,1.89,0.80,2.08,1.00,0.05,0.52,0.61,,
64.29,FLYING,FEED,0,,,,,20,0,0,0,0,33,AVOID_LEFT,,2.22,1.38,1.76,1.00,0.04,0.69,0.46,,
64.34,FLYING,FEED,0,,,,,20,0,0,0,0,33,AVOID_LEFT,,1.92,2.37,1.61,1.00,0.03,0.77,0.77,,
64.39,FLYING,FEED,0,,,,,20,0,0,0,0,33,CRUISE,,2.36,2.16,1.53,1.00,0.02,0.77,0.67,,
64.47,FLYING,FEED,0,,,,,20,0,0,0,0,33,AVOID_RIGHT,,2.74,2.34,1.77,1.00,0.01,0.96,0.77,,
64.52,FLYING,FEED,0,,,,,20,0,0,0,0,33,AVOID_RIGHT,,3.29,2.17,1.90,1.00,0.01,1.00,0.68,,
64.57,FLYING,FEED,0,,,,,20,0,0,0,0,33,AVOID_RIGHT,,3.57,2.34,1.55,1.00,0.01,1.00,0.77,,
64.66,FLYING,FEED,0,,,,,20,0,0,0,0,33,AVOID_RIGHT,,5.24,3.31,1.36,1.00,0.00,1.00,1.00,,
64.71,FLYING,FEED,0,,,,,20,0,0,0,0,33,CRUISE,,6.08,3.80,1.26,1.00,0.00,1.00,1.00,,
64.76,FLYING,FEED,0,,,,,20,0,0,0,0,33,CRUISE,,5.14,4.76,1.37,1.00,0.00,1.00,1.00,,
64.85,FLYING,FEED,0,,,,,20,0,0,0,0,32,CRUISE,,4.67,5.45,2.17,1.00,0.00,1.00,1.00,,
64.90,FLYING,FEED,0,,,,,20,0,0,0,0,32,AVOID_LEFT,,4.44,5.79,2.57,1.00,0.44,1.00,1.00,,
64.94,FLYING,FEED,0,,,,,20,0,0,0,0,32,AVOID_LEFT,,4.55,4.02,1.90,1.00,0.31,1.00,1.00,,
65.03,FLYING,SEARCH,0,,,,,20,0,0,0,-4,32,AVOID_RIGHT,,3.93,2.13,1.56,1.00,0.21,1.00,0.56,,
65.08,FLYING,SEARCH,0,,,,,20,0,0,0,-6,32,AVOID_RIGHT,,3.62,2.19,1.38,1.00,0.44,1.00,0.48,,
65.13,FLYING,SEARCH,0,,,,,20,0,0,0,-8,32,AVOID_RIGHT,,2.75,1.67,1.30,1.00,0.31,0.82,0.28,,
65.23,FLYING,SEARCH,0,,,,,20,0,0,0,-9,32,AVOID_RIGHT,,1.60,1.41,0.86,1.00,0.21,0.29,0.20,,
65.28,FLYING,SEARCH,0,,,,,20,0,0,0,-10,32,AVOID_RIGHT,,1.00,0.81,0.51,0.73,0.15,0.03,0.00,,yes
65.32,FLYING,SEARCH,0,,,,,20,0,0,0,-11,32,AVOID_RIGHT,,0.70,0.46,0.29,0.41,0.10,0.00,0.00,,yes
65.44,FLYING,APPROACH,1,rotten,0.21,0.99,26.7,20,0,-3,-4,-12,32,AVOID_RIGHT,,0.67,0.28,0.17,0.23,0.07,0.00,0.00,,yes
65.49,FLYING,FEED,1,rotten,0.21,0.99,26.7,20,0,-5,-7,-13,32,CRUISE,,0.75,0.32,0.24,0.13,0.44,0.00,0.00,,yes
65.53,FLYING,FEED,1,rotten,0.21,0.99,26.7,19,0,-7,-9,-14,32,CRUISE,,0.83,0.88,0.47,0.07,0.31,0.00,0.00,,yes
65.65,FLYING,FEED,1,,,,,19,0,-4,-6,-9,32,CRUISE,,1.22,1.64,0.76,0.33,0.21,0.31,0.31,,yes
65.70,FLYING,FEED,1,,,,,19,0,-3,-3,-5,32,AVOID_RIGHT,,2.11,2.01,0.90,0.59,0.44,0.43,0.39,,yes
65.75,FLYING,FEED,1,,,,,19,0,-1,-2,-3,32,AVOID_LEFT,,2.29,2.20,0.97,0.85,0.31,0.59,0.55,,yes
65.87,FLYING,FEED,1,rotten,0.21,1.00,23.5,19,0,-1,-4,-6,32,CRUISE,,2.39,2.08,1.13,1.00,0.21,0.69,0.53,,yes
65.91,FLYING,FEED,1,rotten,0.21,1.00,23.5,18,0,0,-6,-8,32,ESCAPE,,1.59,1.31,1.20,0.84,0.44,0.18,0.04,,yes
65.96,FLYING,FEED,1,rotten,0.21,1.00,23.5,18,0,0,-7,-9,32,ESCAPE,,1.20,0.93,0.66,0.47,0.31,0.05,0.00,,yes
66.08,FLYING,FEED,1,rotten,0.21,1.00,25.8,17,0,-3,-8,-6,32,ESCAPE,,1.63,1.17,0.38,0.35,0.21,0.31,0.08,,yes
66.13,FLYING,FEED,1,rotten,0.21,1.00,25.8,17,0,-6,-9,-4,32,ESCAPE,,1.85,1.29,0.25,0.41,0.15,0.45,0.17,,yes
66.17,FLYING,FEED,1,rotten,0.21,1.00,25.8,17,0,-7,-9,-2,32,ESCAPE,,1.81,1.52,0.25,0.43,0.44,0.29,0.14,,yes
66.26,FLYING,FEED,0,,,,,17,0,-4,-6,-1,32,ESCAPE,,1.60,1.51,0.46,0.32,0.31,0.25,0.20,,yes
66.31,FLYING,FEED,0,,,,,17,0,-3,-4,-1,32,ESCAPE,,1.49,1.51,0.61,0.51,0.21,0.25,0.25,,yes
66.36,FLYING,FEED,0,,,,,17,0,-2,-2,0,32,ESCAPE,,1.44,1.50,0.82,0.55,0.15,0.28,0.28,,yes
66.47,FLYING,FEED,1,rotten,0.32,1.00,19.3,16,0,-1,-1,0,32,ESCAPE,,1.87,3.11,1.77,1.00,0.44,0.94,0.94,,yes
66.52,FLYING,FEED,1,rotten,0.32,1.00,19.3,16,0,0,-1,0,32,ESCAPE,,3.21,3.91,2.25,1.00,0.31,1.00,1.00,,yes
66.57,FLYING,FEED,1,rotten,0.32,1.00,19.3,15,0,0,0,0,32,ESCAPE,,3.88,3.15,2.75,1.00,0.21,1.00,1.00,,yes
66.66,FLYING,FEED,0,,,,,15,0,0,0,0,32,ESCAPE,,4.22,2.68,2.72,1.00,0.15,1.00,0.88,,yes
66.71,FLYING,FEED,0,,,,,15,0,0,0,0,32,ESCAPE,,3.74,2.44,2.48,1.00,0.10,1.00,0.79,,yes
66.76,FLYING,FEED,0,,,,,15,0,0,0,0,32,ESCAPE,,2.91,1.98,1.91,1.00,0.07,1.00,0.55,,yes
66.88,FLYING,FEED,1,rotten,0.56,1.00,19.0,15,0,0,0,0,31,ESCAPE,,2.42,1.59,1.47,1.00,0.05,0.78,0.37,,
66.93,FLYING,FEED,1,rotten,0.56,1.00,19.0,14,0,0,0,0,31,ESCAPE,,1.98,1.12,1.04,1.00,0.04,0.57,0.14,,
66.97,FLYING,FEED,1,rotten,0.56,1.00,19.0,14,0,0,0,0,31,ESCAPE,,1.33,0.83,0.59,1.00,0.03,0.25,0.00,,
67.09,FLYING,FEED,1,rotten,0.75,1.00,17.3,13,0,0,0,0,31,ESCAPE,,1.00,0.68,0.34,0.57,0.02,0.09,0.00,,
67.14,FLYING,FEED,1,rotten,0.75,1.00,17.3,13,0,0,0,0,31,ESCAPE,,0.97,0.64,0.23,0.32,0.01,0.08,0.00,,
67.19,FLYING,FEED,1,rotten,0.75,1.00,17.3,13,0,0,0,0,31,ESCAPE,,1.22,0.71,0.18,0.18,0.01,0.21,0.00,,
67.27,FLYING,FEED,0,,,,,13,0,0,0,0,31,ESCAPE,,1.52,1.10,0.18,0.34,0.01,0.36,0.15,,
67.32,FLYING,FEED,0,,,,,13,0,0,0,0,31,ESCAPE,,1.67,1.37,0.20,0.45,0.00,0.43,0.29,,
67.37,FLYING,SCARED,0,,,,,13,0,-40,0,0,31,ESCAPE,RIGHT,1.74,1.51,0.19,0.77,0.00,0.47,0.35,,
67.49,FLYING,SCARED,1,rotten,0.43,0.99,17.6,13,0,-40,0,0,31,ESCAPE,,1.69,1.58,0.19,0.88,0.00,0.44,0.39,,yes
67.54,FLYING,SCARED,1,rotten,0.43,0.99,17.6,13,0,-40,0,0,31,ESCAPE,,1.22,1.43,0.18,0.90,0.00,0.31,0.31,,yes
67.58,FLYING,SCARED,1,rotten,0.43,0.99,17.6,13,0,-40,0,0,31,ESCAPE,,0.99,1.29,0.11,0.77,0.00,0.24,0.24,,yes
67.70,FLYING,SCARED,1,rotten,0.68,1.00,13.8,13,0,-40,0,0,31,ESCAPE,,1.01,1.01,0.08,0.54,0.00,0.11,0.11,,yes
67.75,FLYING,SCARED,1,rotten,0.68,1.00,13.8,13,0,-40,0,0,31,ESCAPE,,1.02,0.59,0.11,0.31,0.44,0.00,0.00,,yes
67.79,FLYING,SCARED,1,rotten,0.68,1.00,13.8,13,0,-40,0,0,31,ESCAPE,,1.39,0.29,0.24,0.17,0.31,0.14,0.00,,yes
67.91,FLYING,SCARED,1,rotten,0.78,1.00,12.3,13,0,-40,0,0,31,ESCAPE,,1.24,0.15,0.31,0.10,0.21,0.11,0.00,,yes
67.96,FLYING,SCARED,1,rotten,0.78,1.00,12.3,13,0,-40,0,0,31,CRUISE,,1.17,0.13,0.34,0.05,0.44,0.00,0.00,,yes
68.01,FLYING,SCARED,1,rotten,0.78,1.00,12.3,13,0,-40,0,0,31,CRUISE,,1.13,0.15,0.36,0.03,0.31,0.01,0.00,,yes
68.12,FLYING,SCARED,1,rotten,0.69,1.00,10.1,13,0,-40,0,0,31,CRUISE,,1.56,0.38,0.29,0.02,0.44,0.16,0.00,,yes
68.17,FLYING,SCARED,1,rotten,0.69,1.00,10.1,13,0,-40,0,0,31,CRUISE,,1.77,0.50,0.26,0.16,0.31,0.33,0.00,,yes
68.22,FLYING,SCARED,1,rotten,0.69,1.00,10.1,13,0,-40,0,0,31,AVOID_RIGHT,,1.88,0.35,0.24,0.27,0.21,0.43,0.00,,yes
68.34,FLYING,SCARED,1,rotten,0.61,0.99,8.0,13,0,-40,0,0,31,AVOID_RIGHT,,1.94,0.28,0.82,0.30,0.44,0.35,0.00,,yes
68.38,FLYING,WAIT,1,rotten,0.61,0.99,8.0,13,0,-26,0,0,31,AVOID_RIGHT,,1.97,0.54,1.10,0.39,0.31,0.43,0.00,,yes
68.43,FLYING,WAIT,1,rotten,0.61,0.99,8.0,13,0,-16,0,0,31,AVOID_RIGHT,,2.18,0.68,1.29,0.48,0.21,0.58,0.14,,yes
68.55,FLYING,WAIT,1,rotten,0.62,0.99,5.5,13,0,-10,0,0,31,AVOID_RIGHT,,1.76,0.75,1.35,0.66,0.15,0.41,0.20,,yes
68.60,FLYING,WAIT,1,rotten,0.62,0.99,5.5,13,0,-7,0,0,31,AVOID_RIGHT,,1.45,0.86,1.38,0.37,0.44,0.10,0.07,,yes
68.64,FLYING,WAIT,1,rotten,0.62,0.99,5.5,13,0,-4,0,0,31,AVOID_RIGHT,,1.29,1.45,1.39,0.21,0.31,0.17,0.17,,yes
68.76,FLYING,WAIT,1,rotten,0.33,0.99,3.9,13,0,-3,0,0,31,AVOID_RIGHT,,1.38,1.22,1.58,0.35,0.21,0.18,0.28,,yes
68.81,FLYING,WAIT,1,rotten,0.33,0.99,3.9,13,0,-1,0,0,31,CRUISE,,1.51,1.13,1.68,0.26,0.44,0.14,0.22,,yes
68.86,FLYING,WAIT,1,rotten,0.33,0.99,3.9,13,0,-1,0,0,31,CRUISE,,1.57,1.08,1.73,0.37,0.31,0.23,0.31,,yes
68.98,FLYING,WAIT,1,rotten,0.42,0.98,2.8,13,0,0,0,0,31,CRUISE,,1.66,1.06,2.85,0.73,0.21,0.32,0.92,,yes
69.03,FLYING,WAIT,1,rotten,0.42,0.98,2.8,13,0,0,0,0,31,AVOID_LEFT,,2.46,0.84,3.41,1.00,0.44,0.61,1.00,,yes
69.08,FLYING,WAIT,1,rotten,0.42,0.98,2.8,13,0,0,0,0,31,AVOID_LEFT,,3.47,0.74,1.99,1.00,0.31,1.00,0.44,,yes
69.19,FLYING,WAIT,1,rotten,0.53,1.00,2.2,13,0,0,0,0,31,AVOID_RIGHT,,3.36,1.22,1.28,1.00,0.21,1.00,0.13,,yes
69.24,FLYING,WAIT,1,rotten,0.53,1.00,2.2,13,0,0,0,0,31,AVOID_RIGHT,,2.47,1.67,1.31,1.00,0.44,0.62,0.21,,
69.29,FLYING,WAIT,1,rotten,0.53,1.00,2.2,13,0,0,0,0,31,AVOID_RIGHT,,1.61,3.90,1.71,1.00,0.87,1.00,1.00,,
69.41,FLYING,APPROACH,1,rotten,0.30,0.96,1.7,13,0,5,0,2,31,AVOID_LEFT,,1.17,4.14,1.59,1.00,0.61,1.00,1.00,,
69.46,FLYING,APPROACH,1,rotten,0.30,0.96,1.7,13,0,8,0,3,31,CRUISE,,0.96,4.26,1.54,1.00,0.43,1.00,1.00,,
69.51,FLYING,APPROACH,1,rotten,0.30,0.96,1.7,13,0,10,0,4,31,CRUISE,,0.74,3.88,1.15,1.00,0.30,1.00,1.00,,
69.63,FLYING,APPROACH,1,rotten,0.41,0.94,1.5,13,0,12,0,4,31,CRUISE,,0.48,2.89,0.90,1.00,0.21,0.90,0.90,,yes
69.67,FLYING,APPROACH,1,rotten,0.41,0.94,1.5,13,0,13,0,5,31,AVOID_LEFT,,0.50,2.03,0.66,1.00,1.31,0.00,0.00,,yes
69.72,FLYING,APPROACH,1,rotten,0.41,0.94,1.5,13,0,13,0,5,31,AVOID_LEFT,,0.70,1.33,0.52,0.82,0.92,0.00,0.00,,yes
69.84,FLYING,APPROACH,1,rotten,0.34,0.94,1.4,13,0,14,0,5,31,AVOID_LEFT,,0.84,0.98,0.47,0.46,0.64,0.00,0.00,,yes
69.88,FLYING,APPROACH,1,rotten,0.34,0.94,1.4,13,0,14,0,5,31,CRUISE,,0.87,0.81,0.56,0.26,0.45,0.00,0.00,,yes
69.93,FLYING,APPROACH,1,rotten,0.34,0.94,1.4,13,0,14,0,5,31,CRUISE,,0.68,0.76,1.12,0.15,0.31,0.00,0.00,,yes
70.02,FLYING,APPROACH,0,,,,,13,0,14,0,3,31,CRUISE,,0.48,0.54,0.89,0.08,0.22,0.00,0.00,,yes
70.06,FLYING,APPROACH,0,,,,,13,0,14,0,2,31,CRUISE,,0.37,0.36,0.74,0.05,0.44,0.00,0.00,,yes
70.11,FLYING,APPROACH,0,,,,,13,0,14,0,1,31,CRUISE,,0.32,0.28,0.66,0.03,0.31,0.00,0.00,,yes
70.20,FLYING,APPROACH,0,,,,,13,0,14,0,1,31,CRUISE,,0.28,0.31,0.62,0.01,0.21,0.00,0.00,,yes
70.24,FLYING,APPROACH,0,,,,,13,0,14,0,0,31,CRUISE,,0.40,0.32,0.45,0.01,0.15,0.00,0.00,,yes
70.29,FLYING,APPROACH,0,,,,,13,0,14,0,0,31,CRUISE,,0.46,0.17,0.37,0.00,0.44,0.00,0.00,,yes
70.38,FLYING,APPROACH,0,,,,,13,0,14,0,0,31,CRUISE,,0.57,0.10,0.63,0.00,0.31,0.00,0.00,,yes
70.42,FLYING,APPROACH,0,,,,,13,0,14,0,0,31,CRUISE,,0.63,0.16,0.76,0.00,0.21,0.00,0.00,,yes
70.47,FLYING,APPROACH,0,,,,,13,0,14,0,0,31,CRUISE,,0.44,0.18,0.72,0.00,0.15,0.00,0.00,,yes
70.59,FLYING,APPROACH,1,rotten,0.25,0.91,1.4,13,0,14,0,3,31,CRUISE,,0.35,0.19,0.57,0.00,0.44,0.00,0.00,,yes
70.63,FLYING,APPROACH,1,rotten,0.25,0.91,1.4,13,0,14,0,5,31,CRUISE,,0.30,0.17,0.49,0.00,0.31,0.00,0.00,,yes
70.68,FLYING,APPROACH,1,rotten,0.25,0.91,1.4,13,0,14,0,7,31,CRUISE,,0.29,0.18,0.45,0.00,0.21,0.00,0.00,,yes
70.80,FLYING,APPROACH,1,rotten,0.23,0.96,1.3,13,0,14,0,8,31,CRUISE,,0.26,0.42,0.56,0.00,0.15,0.00,0.00,,yes
70.85,FLYING,APPROACH,1,rotten,0.23,0.96,1.3,13,0,14,0,9,30,CRUISE,,0.26,0.53,0.61,0.00,0.87,0.00,0.00,,yes
70.89,FLYING,APPROACH,1,rotten,0.23,0.96,1.3,13,0,14,0,10,30,CRUISE,,0.26,0.61,0.64,0.00,0.61,0.00,0.00,,yes
71.01,FLYING,APPROACH,1,rotten,0.25,0.95,1.3,13,0,14,0,10,30,CRUISE,,1.05,0.52,0.56,0.00,0.43,0.00,0.00,,yes
71.06,FLYING,APPROACH,1,rotten,0.25,0.95,1.3,13,0,14,0,11,30,CRUISE,,1.44,0.47,0.42,0.00,0.30,0.11,0.00,,yes
71.11,FLYING,APPROACH,1,rotten,0.25,0.95,1.3,13,0,14,0,11,30,CRUISE,,0.99,0.37,0.34,0.00,0.21,0.00,0.00,,yes
71.22,FLYING,APPROACH,1,rotten,0.53,0.89,1.4,13,0,14,0,11,30,CRUISE,,0.59,0.27,0.30,0.00,0.15,0.00,0.00,,yes
71.27,FLYING,APPROACH,1,rotten,0.53,0.89,1.4,13,0,14,0,12,30,CRUISE,,0.38,0.27,0.38,0.00,0.87,0.00,0.00,,yes
71.32,FLYING,APPROACH,1,rotten,0.53,0.89,1.4,13,0,14,0,12,30,CRUISE,,0.26,0.48,0.48,0.00,0.61,0.00,0.00,,yes
71.43,FLYING,APPROACH,1,rotten,0.22,0.83,1.3,13,0,14,0,12,30,CRUISE,,0.32,0.60,0.74,0.00,0.43,0.00,0.00,,yes
71.48,FLYING,APPROACH,1,rotten,0.22,0.83,1.3,13,0,14,0,12,30,CRUISE,,0.23,0.67,0.87,0.00,0.30,0.00,0.00,,yes
71.53,FLYING,APPROACH,1,rotten,0.22,0.83,1.3,13,0,14,0,12,30,CRUISE,,0.27,0.53,0.66,0.00,0.21,0.00,0.00,,yes
71.64,FLYING,APPROACH,1,rotten,0.46,0.97,1.3,13,0,14,0,12,30,CRUISE,,0.20,0.46,0.56,0.00,0.44,0.00,0.00,,yes
71.69,FLYING,APPROACH,1,rotten,0.46,0.97,1.3,13,0,14,0,12,30,CRUISE,,0.17,0.51,0.51,0.00,0.31,0.00,0.00,,yes
71.74,FLYING,APPROACH,1,rotten,0.46,0.97,1.3,13,0,14,0,13,30,CRUISE,,0.15,0.53,0.42,0.00,0.21,0.00,0.00,,yes
71.85,FLYING,APPROACH,1,rotten,0.49,0.94,1.4,13,0,14,0,13,30,CRUISE,,0.19,0.54,0.37,0.00,0.44,0.00,0.00,,yes
71.90,FLYING,APPROACH,1,rotten,0.49,0.94,1.4,13,0,14,0,13,30,CRUISE,,0.21,0.37,0.27,0.00,0.44,0.00,0.00,,yes
71.95,FLYING,APPROACH,1,rotten,0.49,0.94,1.4,13,0,14,0,13,30,CRUISE,,0.40,0.52,0.43,0.00,0.31,0.00,0.00,,yes
72.06,FLYING,APPROACH,1,,,,,13,0,14,0,8,30,CRUISE,,0.31,0.59,0.54,0.00,0.44,0.00,0.00,,yes
72.11,FLYING,APPROACH,1,,,,,13,0,14,0,5,30,CRUISE,,0.27,0.63,0.60,0.00,0.31,0.00,0.00,,yes
72.16,FLYING,APPROACH,1,,,,,13,0,14,0,3,30,CRUISE,,0.25,0.41,0.44,0.00,0.21,0.00,0.00,,yes
72.24,FLYING,APPROACH,0,,,,,13,0,14,0,2,30,CRUISE,,0.33,0.30,0.36,0.00,0.44,0.00,0.00,,yes
72.29,FLYING,APPROACH,0,,,,,13,0,14,0,1,30,CRUISE,,0.37,0.25,0.32,0.00,0.31,0.00,0.00,,yes
72.34,FLYING,APPROACH,0,,,,,13,0,14,0,1,30,CRUISE,,0.39,0.23,0.47,0.00,0.21,0.00,0.00,,yes
72.46,FLYING,APPROACH,1,,,,,13,0,14,0,0,30,CRUISE,,0.42,0.22,0.38,0.00,0.15,0.00,0.00,,yes
72.50,FLYING,APPROACH,1,,,,,13,0,14,0,0,30,CRUISE,,0.43,0.23,0.33,0.00,0.44,0.00,0.00,,yes
72.55,FLYING,APPROACH,1,,,,,13,0,14,0,0,30,CRUISE,,0.44,0.25,0.31,0.00,0.31,0.00,0.00,,yes
72.67,FLYING,APPROACH,1,rotten,0.52,0.99,1.5,13,0,14,0,4,30,CRUISE,,0.42,0.27,0.37,0.00,0.21,0.00,0.00,,yes
72.71,FLYING,APPROACH,1,rotten,0.52,0.99,1.5,13,0,14,0,7,30,CRUISE,,0.36,0.26,0.40,0.00,0.15,0.00,0.00,,yes
72.76,FLYING,APPROACH,1,rotten,0.52,0.99,1.5,13,0,14,0,9,30,CRUISE,,0.25,0.26,0.42,0.00,0.10,0.00,0.00,,yes
72.88,FLYING,APPROACH,1,rotten,0.25,0.93,1.5,13,0,14,0,10,30,CRUISE,,0.18,0.24,0.36,0.00,0.07,0.00,0.00,,yes
72.92,FLYING,APPROACH,1,rotten,0.25,0.93,1.5,13,0,14,0,11,30,CRUISE,,0.16,0.28,0.40,0.00,0.44,0.00,0.00,,yes
72.97,FLYING,APPROACH,1,rotten,0.25,0.93,1.5,13,0,14,0,12,30,CRUISE,,0.23,0.37,0.55,0.00,0.31,0.00,0.00,,yes
73.09,FLYING,APPROACH,1,rotten,0.29,0.98,1.5,13,0,14,0,12,30,CRUISE,,0.26,0.41,0.63,0.00,0.21,0.00,0.00,,yes
73.14,FLYING,APPROACH,1,rotten,0.29,0.98,1.5,13,0,14,0,12,30,CRUISE,,0.36,0.28,0.56,0.00,0.15,0.00,0.00,,yes
73.19,FLYING,APPROACH,1,rotten,0.29,0.98,1.5,13,0,14,0,13,30,CRUISE,,0.40,0.22,0.51,0.00,0.10,0.00,0.00,,yes
73.28,FLYING,APPROACH,0,,,,,13,0,14,0,8,30,CRUISE,,0.43,0.26,0.48,0.00,0.44,0.00,0.00,,yes
73.33,FLYING,APPROACH,0,,,,,13,0,14,0,5,30,CRUISE,,0.35,0.28,0.47,0.00,0.31,0.00,0.00,,yes
73.37,FLYING,APPROACH,0,,,,,13,0,14,0,3,30,CRUISE,,0.31,0.29,0.62,0.00,0.21,0.00,0.00,,yes
73.49,FLYING,APPROACH,1,rotten,0.65,0.98,1.6,13,0,14,0,6,30,CRUISE,,0.28,0.34,0.61,0.00,0.44,0.00,0.00,,yes
73.54,FLYING,APPROACH,1,rotten,0.65,0.98,1.6,13,0,14,0,8,30,CRUISE,,0.26,0.37,0.61,0.00,0.31,0.00,0.00,,yes
73.58,FLYING,APPROACH,1,rotten,0.65,0.98,1.6,13,0,14,0,10,30,CRUISE,,0.25,0.38,0.61,0.00,0.21,0.00,0.00,,yes
73.70,FLYING,APPROACH,1,rotten,0.43,0.99,1.6,13,0,14,0,11,30,CRUISE,,0.56,0.45,0.64,0.00,0.44,0.00,0.00,,yes
73.75,FLYING,APPROACH,1,rotten,0.43,0.99,1.6,13,0,14,0,11,30,CRUISE,,0.71,0.49,0.65,0.00,0.44,0.00,0.00,,yes
73.80,FLYING,APPROACH,1,rotten,0.43,0.99,1.6,13,0,14,0,11,29,CRUISE,,1.00,0.84,0.66,0.00,0.31,0.00,0.00,,yes
73.91,FLYING,APPROACH,1,rotten,0.52,0.96,1.7,13,0,14,0,12,29,CRUISE,,1.15,0.84,0.89,0.00,0.87,0.00,0.00,,yes
73.96,FLYING,APPROACH,1,rotten,0.52,0.96,1.7,13,0,14,0,12,29,CRUISE,,1.22,0.84,1.01,0.00,0.61,0.00,0.00,,yes
74.01,FLYING,APPROACH,1,rotten,0.52,0.96,1.7,13,0,14,0,12,29,CRUISE,,1.26,0.84,1.07,0.00,0.43,0.00,0.00,,yes
74.12,FLYING,APPROACH,1,rotten,0.34,0.98,1.6,13,0,14,0,12,29,CRUISE,,0.75,0.62,0.80,0.00,0.30,0.00,0.00,,yes
74.17,FLYING,APPROACH,1,rotten,0.34,0.98,1.6,13,0,14,0,12,29,CRUISE,,0.50,0.51,0.67,0.00,0.44,0.00,0.00,,yes
74.22,FLYING,APPROACH,1,rotten,0.34,0.98,1.6,13,0,14,0,12,29,CRUISE,,0.37,0.46,0.60,0.00,0.31,0.00,0.00,,yes
74.34,FLYING,APPROACH,1,rotten,0.26,1.00,1.7,13,0,14,0,12,29,CRUISE,,0.31,0.47,0.61,0.00,0.21,0.00,0.00,,yes
74.38,FLYING,APPROACH,1,rotten,0.26,1.00,1.7,13,0,14,0,12,29,CRUISE,,0.29,0.48,0.62,0.00,0.15,0.00,0.00,,yes
74.43,FLYING,APPROACH,1,rotten,0.26,1.00,1.7,13,0,14,0,12,29,CRUISE,,0.29,0.51,0.63,0.00,0.44,0.00,0.00,,yes
74.55,FLYING,APPROACH,1,rotten,0.42,0.98,1.8,13,0,14,0,12,29,CRUISE,,0.28,0.42,0.68,0.00,0.31,0.00,0.00,,yes
74.59,FLYING,APPROACH,1,rotten,0.42,0.98,1.8,13,0,14,0,11,29,CRUISE,,0.27,0.38,0.71,0.00,0.21,0.00,0.00,,yes
74.64,FLYING,APPROACH,1,rotten,0.42,0.98,1.8,13,0,14,0,11,29,CRUISE,,0.32,0.36,0.72,0.00,0.15,0.00,0.00,,yes
74.76,FLYING,APPROACH,1,rotten,0.42,0.99,1.7,13,0,14,0,11,29,CRUISE,,0.34,0.32,0.61,0.00,0.10,0.00,0.00,,yes
74.80,FLYING,APPROACH,1,rotten,0.42,0.99,1.7,13,0,14,0,11,29,CRUISE,,0.35,0.31,0.55,0.00,0.44,0.00,0.00,,yes
74.85,FLYING,APPROACH,1,rotten,0.42,0.99,1.7,13,0,14,0,11,29,CRUISE,,0.34,0.30,0.52,0.00,0.31,0.00,0.00,,yes
74.97,FLYING,APPROACH,1,rotten,0.30,0.99,1.9,13,0,14,0,10,29,CRUISE,,0.33,0.31,0.45,0.00,0.21,0.00,0.00,,yes
75.01,FLYING,APPROACH,1,rotten,0.30,0.99,1.9,13,0,14,0,10,29,CRUISE,,0.40,0.39,0.39,0.00,0.87,0.00,0.00,,yes
75.06,FLYING,APPROACH,1,rotten,0.30,0.99,1.9,13,0,14,0,10,29,CRUISE,,0.43,0.44,0.36,0.00,0.61,0.00,0.00,,yes
75.18,FLYING,APPROACH,1,rotten,0.59,1.00,1.8,13,0,15,0,10,29,CRUISE,,0.48,0.51,0.44,0.00,0.43,0.00,0.00,,yes
75.22,FLYING,APPROACH,1,rotten,0.59,1.00,1.8,13,0,15,0,10,29,CRUISE,,0.41,0.54,0.50,0.00,0.44,0.00,0.00,,yes
75.27,FLYING,APPROACH,1,rotten,0.59,1.00,1.8,13,0,15,0,9,29,CRUISE,,0.44,0.55,0.64,0.00,0.31,0.00,0.00,,yes
75.39,FLYING,APPROACH,1,rotten,0.29,0.99,1.9,13,0,15,0,9,29,CRUISE,,0.41,0.41,0.60,0.00,0.21,0.00,0.00,,yes
75.43,FLYING,APPROACH,1,rotten,0.29,0.99,1.9,13,0,15,0,9,29,CRUISE,,0.40,0.37,0.69,0.00,0.44,0.00,0.00,,yes
75.48,FLYING,APPROACH,1,rotten,0.29,0.99,1.9,13,0,15,0,9,29,CRUISE,,0.39,0.35,0.91,0.00,0.31,0.00,0.00,,yes
75.60,FLYING,APPROACH,1,rotten,0.54,0.99,2.0,13,0,15,0,8,29,CRUISE,,0.33,0.37,1.68,0.15,0.21,0.00,0.27,,yes
75.65,FLYING,APPROACH,1,rotten,0.54,0.99,2.0,13,0,15,0,8,29,AVOID_LEFT,,0.30,0.38,2.06,0.34,0.15,0.00,0.49,,yes
75.69,FLYING,APPROACH,1,rotten,0.54,0.99,2.0,13,0,15,0,8,29,AVOID_LEFT,,0.28,0.39,2.25,0.57,0.10,0.00,0.61,,yes
75.81,FLYING,APPROACH,1,rotten,0.66,0.99,2.1,13,0,15,0,8,28,AVOID_LEFT,,0.33,0.49,2.35,0.58,0.44,0.00,0.49,,yes
75.86,FLYING,APPROACH,1,rotten,0.66,0.99,2.1,13,0,15,0,8,28,AVOID_LEFT,,0.35,0.55,2.40,0.73,0.31,0.00,0.58,,yes
75.91,FLYING,APPROACH,1,rotten,0.66,0.99,2.1,13,0,15,0,8,28,AVOID_LEFT,,0.27,0.61,1.47,0.55,0.44,0.00,0.06,,yes
76.02,FLYING,APPROACH,1,rotten,0.52,0.99,2.2,13,0,15,0,7,28,AVOID_LEFT,,0.23,0.69,1.01,0.31,0.31,0.00,0.00,,yes
76.07,FLYING,APPROACH,1,rotten,0.52,0.99,2.2,13,0,15,0,7,28,AVOID_LEFT,,0.32,1.67,1.49,0.17,0.21,0.26,0.26,,yes
76.12,FLYING,APPROACH,1,rotten,0.52,0.99,2.2,13,0,15,0,7,28,AVOID_LEFT,,0.40,2.40,2.00,0.71,0.15,0.66,0.66,,yes
76.24,FLYING,APPROACH,1,rotten,0.29,0.99,2.2,13,0,15,0,7,28,ESCAPE,,0.55,4.47,3.36,1.00,0.10,1.00,1.00,,yes
76.29,FLYING,APPROACH,1,rotten,0.29,0.99,2.2,13,0,15,0,6,28,ESCAPE,,0.62,5.51,4.03,1.00,0.44,1.00,1.00,,yes
76.34,FLYING,APPROACH,1,rotten,0.29,0.99,2.2,13,0,15,0,6,28,ESCAPE,,0.65,6.02,4.37,1.00,0.31,1.00,1.00,,yes
76.46,FLYING,APPROACH,1,,,,,13,0,15,0,4,28,ESCAPE,,0.64,6.18,4.18,1.00,0.21,1.00,1.00,,yes
76.51,FLYING,APPROACH,1,,,,,13,0,15,0,2,28,ESCAPE,,0.63,6.25,4.09,1.00,0.87,1.00,1.00,,yes
76.56,FLYING,APPROACH,1,,,,,13,0,15,0,1,28,ESCAPE,,0.62,6.07,4.04,1.00,0.61,1.00,1.00,,yes
76.64,FLYING,APPROACH,0,,,,,13,0,15,0,1,28,ESCAPE,,1.06,5.23,2.92,1.00,0.43,1.00,1.00,,yes
76.69,FLYING,APPROACH,0,,,,,13,0,15,0,0,28,ESCAPE,,1.27,4.18,2.38,1.00,0.30,1.00,1.00,,yes
76.74,FLYING,APPROACH,0,,,,,13,0,15,0,0,28,ESCAPE,,1.38,3.65,2.11,1.00,0.21,1.00,1.00,,yes
76.83,FLYING,APPROACH,0,,,,,13,0,15,0,0,28,ESCAPE,,1.25,3.33,2.42,1.00,0.15,1.00,1.00,,yes
76.88,FLYING,APPROACH,0,,,,,13,0,15,0,0,28,ESCAPE,,1.18,3.17,2.58,1.00,0.10,1.00,1.00,,yes
76.93,FLYING,APPROACH,0,,,,,13,0,15,0,0,28,ESCAPE,,0.99,2.74,2.06,1.00,0.44,0.69,0.69,,yes
77.02,FLYING,APPROACH,0,,,,,13,0,15,0,0,28,ESCAPE,,0.82,2.18,1.47,1.00,0.31,0.48,0.48,,yes
77.07,FLYING,APPROACH,0,,,,,13,0,15,0,0,28,ESCAPE,,0.68,1.54,1.03,1.00,0.21,0.20,0.20,,yes
77.11,FLYING,APPROACH,0,,,,,13,0,15,0,0,28,ESCAPE,,0.67,1.22,0.79,0.76,0.15,0.07,0.07,,yes
77.20,FLYING,APPROACH,0,,,,,13,0,15,0,0,28,ESCAPE,,0.60,1.06,0.66,0.43,0.10,0.01,0.01,,yes
77.25,FLYING,APPROACH,0,,,,,13,0,15,0,0,28,ESCAPE,,0.43,0.83,0.54,0.24,0.07,0.00,0.00,,yes
77.29,FLYING,APPROACH,0,,,,,13,0,15,0,0,28,ESCAPE,,0.35,0.69,0.47,0.13,0.05,0.00,0.00,,yes
77.38,FLYING,APPROACH,0,,,,,13,0,15,0,0,28,ESCAPE,,0.38,0.60,0.49,0.08,0.04,0.00,0.00,,yes
77.43,FLYING,APPROACH,0,,,,,13,0,15,0,0,28,ESCAPE,,0.43,0.58,0.53,0.04,0.03,0.00,0.00,,yes
77.47,FLYING,APPROACH,0,,,,,13,0,15,0,0,28,ESCAPE,,0.45,0.58,0.56,0.02,0.02,0.00,0.00,,yes
77.56,FLYING,APPROACH,0,,,,,13,0,15,0,0,28,ESCAPE,,0.49,0.74,0.97,0.01,0.01,0.00,0.02,,yes
77.61,FLYING,APPROACH,0,,,,,13,0,15,0,0,28,ESCAPE,,0.51,0.83,1.17,0.01,0.01,0.00,0.12,,yes
77.65,FLYING,APPROACH,0,,,,,13,0,15,0,0,28,ESCAPE,,0.51,0.87,1.28,0.00,0.01,0.00,0.17,,yes
77.74,FLYING,APPROACH,0,,,,,13,0,15,0,0,28,ESCAPE,,0.45,0.85,1.20,0.00,0.00,0.00,0.14,,yes
77.79,FLYING,APPROACH,0,,,,,13,0,15,0,0,28,ESCAPE,,0.42,0.84,1.16,0.00,0.00,0.00,0.12,,yes
77.85,FLYING,APPROACH,0,,,,,13,0,15,0,0,28,ESCAPE,,0.41,0.83,1.14,0.00,0.00,0.00,0.11,,yes
77.93,FLYING,APPROACH,0,,,,,13,0,15,0,0,28,ESCAPE,,0.35,0.75,0.94,0.00,0.00,0.00,0.01,,yes
77.98,FLYING,APPROACH,0,,,,,13,0,15,0,0,28,ESCAPE,,0.33,0.71,0.84,0.00,0.00,0.00,0.00,,yes
78.03,FLYING,APPROACH,0,,,,,13,0,15,0,0,28,ESCAPE,,0.32,0.69,0.79,0.00,0.00,0.00,0.00,,yes
78.11,FLYING,APPROACH,0,,,,,13,0,15,0,0,28,CRUISE,,0.42,0.74,1.07,0.00,0.00,0.00,0.07,,yes
78.16,FLYING,APPROACH,0,,,,,13,0,15,0,0,28,CRUISE,,0.47,0.76,1.21,0.00,0.00,0.00,0.14,,yes
78.21,FLYING,APPROACH,0,,,,,13,0,15,0,0,28,CRUISE,,0.49,0.77,1.30,0.15,0.00,0.00,0.19,,yes
78.30,FLYING,APPROACH,0,,,,,13,0,15,0,0,28,CRUISE,,0.44,0.76,1.16,0.11,0.00,0.00,0.12,,yes
78.34,FLYING,APPROACH,0,,,,,13,0,15,0,0,28,CRUISE,,0.39,0.75,1.09,0.06,0.00,0.00,0.08,,yes
78.39,FLYING,APPROACH,0,,,,,13,0,15,0,0,28,CRUISE,,0.37,0.75,1.05,0.04,0.00,0.00,0.06,,yes
78.48,FLYING,APPROACH,0,,,,,13,0,15,0,0,28,CRUISE,,0.36,0.71,1.86,0.28,0.00,0.00,0.47,,yes
78.53,FLYING,APPROACH,0,,,,,13,0,15,0,0,28,AVOID_LEFT,,0.35,0.69,2.27,0.56,0.00,0.00,0.67,,yes
78.57,FLYING,APPROACH,0,,,,,13,0,15,0,0,28,AVOID_LEFT,,0.30,0.68,1.57,0.47,0.00,0.00,0.32,,yes
78.69,FLYING,APPROACH,1,rotten,0.26,1.00,3.8,13,0,15,5,4,28,AVOID_LEFT,,0.27,0.69,1.06,0.35,0.44,0.00,0.00,,yes
78.74,FLYING,APPROACH,1,rotten,0.26,1.00,3.8,13,0,15,8,6,28,AVOID_LEFT,,0.26,1.01,0.80,0.20,0.44,0.00,0.00,,yes
78.79,FLYING,APPROACH,1,rotten,0.26,1.00,3.8,13,0,15,10,8,28,AVOID_LEFT,,0.24,1.32,0.68,0.11,0.31,0.05,0.05,,yes
78.91,FLYING,APPROACH,1,,,,,13,0,15,6,5,28,AVOID_LEFT,,0.24,1.81,0.59,0.46,0.21,0.34,0.34,,yes
78.95,FLYING,APPROACH,1,,,,,13,0,15,4,3,28,AVOID_LEFT,,0.23,2.06,0.55,0.64,0.15,0.49,0.49,,yes
79.00,FLYING,APPROACH,1,,,,,13,0,15,2,2,28,AVOID_LEFT,,0.36,1.37,0.52,0.50,0.10,0.17,0.17,,yes
79.12,FLYING,APPROACH,1,rotten,0.22,1.00,4.2,13,0,15,7,5,28,AVOID_LEFT,,0.37,0.93,0.74,0.53,0.07,0.00,0.00,,yes
79.17,FLYING,APPROACH,1,rotten,0.22,1.00,4.2,13,0,15,10,7,28,CRUISE,,0.41,0.80,1.02,0.30,0.05,0.00,0.02,,yes
79.21,FLYING,APPROACH,1,rotten,0.22,1.00,4.2,13,0,15,13,9,28,AVOID_LEFT,,0.43,0.77,2.07,0.39,0.04,0.00,0.55,,yes
79.30,FLYING,APPROACH,0,,,,,13,0,15,8,5,28,AVOID_LEFT,,1.15,1.38,3.64,0.74,0.03,0.21,1.00,,yes
79.35,FLYING,APPROACH,0,,,,,13,0,15,5,3,28,AVOID_LEFT,,1.56,1.85,4.43,1.00,0.02,0.45,1.00,,yes
79.40,FLYING,APPROACH,0,,,,,13,0,15,3,2,28,AVOID_LEFT,,2.05,2.20,5.01,1.00,0.01,0.63,1.00,,yes
79.49,FLYING,APPROACH,0,,,,,13,0,15,2,1,28,AVOID_LEFT,,2.15,2.60,4.69,1.00,0.01,0.83,1.00,,yes
79.54,FLYING,APPROACH,0,,,,,13,0,15,1,1,28,AVOID_LEFT,,2.20,2.81,5.14,1.00,0.01,0.94,1.00,,yes
79.59,FLYING,APPROACH,0,,,,,13,0,15,0,0,28,AVOID_LEFT,,1.73,2.89,6.82,1.00,0.00,0.98,1.00,,yes
79.68,FLYING,APPROACH,0,,,,,13,0,15,0,0,28,AVOID_LEFT,,1.43,2.93,7.67,1.00,0.00,1.00,1.00,,yes
79.73,FLYING,APPROACH,0,,,,,13,0,15,0,0,28,CRUISE,,1.34,2.95,5.30,1.00,0.00,1.00,1.00,,yes
79.78,FLYING,APPROACH,0,,,,,13,0,15,0,0,28,CRUISE,,1.29,3.11,4.11,1.00,0.00,1.00,1.00,,yes
79.86,FLYING,APPROACH,0,,,,,13,0,15,0,0,27,AVOID_LEFT,,1.46,2.85,3.49,1.00,0.00,0.96,1.00,,yes
79.91,FLYING,APPROACH,0,,,,,13,0,15,0,0,27,AVOID_LEFT,,1.55,2.40,3.17,1.00,0.00,0.74,1.00,,yes
79.96,FLYING,APPROACH,0,,,,,13,0,15,0,0,27,AVOID_LEFT,,1.32,2.02,2.61,1.00,0.00,0.55,0.84,,yes
80.08,FLYING,APPROACH,1,,,,,13,0,15,0,0,27,AVOID_LEFT,,1.16,1.78,2.18,1.00,0.00,0.43,0.63,,yes
80.13,FLYING,APPROACH,1,,,,,13,0,15,0,0,27,ESCAPE,,1.13,1.66,1.75,1.00,0.00,0.37,0.41,,yes
80.19,FLYING,APPROACH,1,,,,,13,0,15,0,0,27,ESCAPE,,1.16,1.60,1.53,1.00,0.00,0.34,0.34,,yes
80.28,FLYING,APPROACH,0,,,,,13,0,15,0,0,27,ESCAPE,,1.17,1.65,1.52,0.96,0.00,0.36,0.36,,yes
80.32,FLYING,APPROACH,0,,,,,13,0,15,0,0,27,ESCAPE,,0.97,1.72,1.64,1.00,0.00,0.40,0.40,,yes
80.37,FLYING,APPROACH,0,,,,,13,0,15,0,0,27,ESCAPE,,0.87,1.76,1.70,0.83,0.44,0.20,0.20,,yes
80.49,FLYING,APPROACH,1,rotten,0.25,1.00,10.7,13,0,15,0,7,27,ESCAPE,,0.78,1.78,1.73,0.76,0.31,0.27,0.27,,yes
80.54,FLYING,APPROACH,1,rotten,0.25,1.00,10.7,13,0,15,0,11,27,ESCAPE,,0.73,1.64,1.57,0.73,0.21,0.25,0.25,,yes
80.59,FLYING,APPROACH,1,rotten,0.25,1.00,10.7,13,0,15,0,14,27,ESCAPE,,0.71,1.57,1.49,0.54,0.44,0.11,0.11,,yes
80.67,FLYING,APPROACH,0,,,,,13,0,15,0,9,27,ESCAPE,,1.00,1.88,2.11,0.60,0.31,0.33,0.44,,yes
80.72,FLYING,APPROACH,0,,,,,13,0,15,0,6,27,ESCAPE,,1.14,2.04,2.42,0.97,0.21,0.45,0.64,,yes
80.77,FLYING,APPROACH,0,,,,,13,0,15,0,3,27,ESCAPE,,0.75,1.31,2.57,1.00,0.44,0.00,0.60,,yes
80.86,FLYING,APPROACH,0,,,,,13,0,15,0,2,27,ESCAPE,,0.53,0.86,2.56,1.00,0.31,0.00,0.66,,yes
80.90,FLYING,APPROACH,0,,,,,13,0,15,0,1,27,ESCAPE,,0.45,0.63,2.16,0.93,0.44,0.00,0.40,,yes
80.95,FLYING,APPROACH,0,,,,,13,0,15,0,1,27,ESCAPE,,0.45,0.52,1.96,0.63,0.31,0.00,0.36,,yes
81.10,FLYING,APPROACH,2,rotten,0.23,1.00,12.5,13,0,15,-6,7,27,ESCAPE,,0.55,0.47,1.52,0.62,0.44,0.00,0.08,,yes
81.15,FLYING,APPROACH,2,rotten,0.23,1.00,12.5,13,0,15,-10,12,27,ESCAPE,,0.61,0.54,1.30,0.35,0.44,0.00,0.00,,yes
81.19,FLYING,APPROACH,2,rotten,0.23,1.00,12.5,13,0,15,-12,14,27,ESCAPE,,0.61,0.58,1.17,0.20,0.44,0.00,0.00,,yes
81.28,FLYING,APPROACH,0,,,,,13,0,15,-8,9,27,ESCAPE,,0.62,0.60,1.11,0.11,0.31,0.00,0.00,,yes
81.33,FLYING,APPROACH,0,,,,,13,0,15,-5,6,27,ESCAPE,,0.62,0.46,0.69,0.06,0.21,0.00,0.00,,yes
81.37,FLYING,APPROACH,0,,,,,13,0,15,-3,4,27,ESCAPE,,0.72,0.75,0.40,0.03,0.44,0.00,0.00,,yes
81.46,FLYING,APPROACH,0,,,,,13,0,15,-2,2,27,ESCAPE,,0.78,1.27,0.26,0.02,0.31,0.02,0.02,,yes
81.51,FLYING,APPROACH,0,,,,,13,0,15,-1,1,27,ESCAPE,,0.80,1.53,0.36,0.01,0.21,0.19,0.19,,yes
81.55,FLYING,APPROACH,0,,,,,13,0,15,0,1,27,ESCAPE,,0.73,1.02,0.47,0.01,0.15,0.00,0.00,,yes
81.64,FLYING,APPROACH,0,,,,,13,0,15,0,0,27,ESCAPE,,0.69,0.76,0.63,0.00,0.87,0.00,0.00,,yes
81.69,FLYING,APPROACH,0,,,,,13,0,15,0,0,27,ESCAPE,,0.75,0.83,0.71,0.00,0.61,0.00,0.00,,yes
81.73,FLYING,APPROACH,0,,,,,13,0,15,0,0,27,ESCAPE,,0.85,0.87,0.61,0.00,0.43,0.00,0.00,,yes
81.82,FLYING,APPROACH,0,,,,,13,0,15,0,0,27,ESCAPE,,0.83,0.72,0.47,0.00,0.30,0.00,0.00,,yes
81.87,FLYING,APPROACH,0,,,,,13,0,15,0,0,27,ESCAPE,,0.77,0.55,0.32,0.00,0.21,0.00,0.00,,yes
81.91,FLYING,APPROACH,0,,,,,13,0,15,0,0,27,ESCAPE,,0.69,0.46,0.24,0.00,0.15,0.00,0.00,,yes
82.00,FLYING,APPROACH,0,,,,,13,0,15,0,0,27,ESCAPE,,0.64,0.36,0.21,0.00,0.10,0.00,0.00,,yes
82.05,FLYING,APPROACH,0,,,,,13,0,15,0,0,27,CRUISE,,0.62,0.36,0.25,0.00,0.07,0.00,0.00,,yes
82.10,FLYING,APPROACH,0,,,,,13,0,15,0,0,27,CRUISE,,0.63,0.37,0.27,0.00,0.05,0.00,0.00,,yes
82.18,FLYING,APPROACH,0,,,,,13,0,15,0,0,27,CRUISE,,0.58,0.37,0.26,0.00,0.04,0.00,0.00,,yes
82.23,FLYING,APPROACH,0,,,,,13,0,15,0,0,27,CRUISE,,0.55,0.32,0.21,0.00,0.02,0.00,0.00,,yes
82.28,FLYING,APPROACH,0,,,,,13,0,15,0,0,27,CRUISE,,0.54,0.29,0.22,0.00,0.02,0.00,0.00,,yes
82.36,FLYING,APPROACH,0,,,,,13,0,15,0,0,27,CRUISE,,0.56,0.28,0.18,0.00,0.01,0.00,0.00,,yes
82.41,FLYING,APPROACH,0,,,,,13,0,15,0,0,27,CRUISE,,0.57,0.27,0.13,0.00,0.01,0.00,0.00,,yes
82.46,FLYING,APPROACH,0,,,,,13,0,15,0,0,27,CRUISE,,0.62,0.27,0.10,0.00,0.01,0.00,0.00,,yes
82.54,FLYING,APPROACH,0,,,,,13,0,15,0,0,27,CRUISE,,0.61,0.25,0.09,0.00,0.00,0.00,0.00,,yes
82.59,FLYING,APPROACH,0,,,,,13,0,15,0,0,27,CRUISE,,0.61,0.24,0.09,0.00,0.00,0.00,0.00,,yes
82.64,FLYING,APPROACH,0,,,,,13,0,15,0,0,27,CRUISE,,0.60,0.24,0.08,0.00,0.00,0.00,0.00,,yes
82.72,FLYING,APPROACH,0,,,,,13,0,15,0,0,27,CRUISE,,0.76,0.25,0.05,0.00,0.00,0.00,0.00,,yes
82.77,FLYING,APPROACH,0,,,,,13,0,15,0,0,27,CRUISE,,0.83,0.26,0.03,0.00,0.00,0.00,0.00,,yes
82.82,FLYING,APPROACH,0,,,,,13,0,15,0,0,27,CRUISE,,0.87,0.33,0.04,0.00,0.00,0.00,0.00,,yes
82.90,FLYING,APPROACH,0,,,,,13,0,15,0,0,27,CRUISE,,0.87,0.37,0.06,0.00,0.00,0.00,0.00,,yes
82.95,FLYING,APPROACH,0,,,,,13,0,15,0,0,27,CRUISE,,1.00,0.40,0.12,0.00,0.00,0.04,0.00,,yes
83.00,FLYING,APPROACH,0,,,,,13,0,15,0,0,27,CRUISE,,1.13,0.41,0.17,0.00,0.00,0.10,0.00,,yes
83.08,FLYING,APPROACH,0,,,,,13,0,15,0,0,27,CRUISE,,1.20,0.44,0.30,0.00,0.00,0.14,0.00,,yes
83.13,FLYING,APPROACH,0,,,,,13,0,15,0,0,27,CRUISE,,1.70,0.63,0.36,0.26,0.00,0.39,0.00,,yes
83.19,FLYING,APPROACH,0,,,,,13,0,15,0,0,27,AVOID_RIGHT,,1.94,1.50,0.32,0.56,0.00,0.51,0.29,,yes
83.28,FLYING,APPROACH,0,,,,,13,0,15,0,0,27,AVOID_RIGHT,,2.07,1.94,0.30,0.83,0.00,0.57,0.51,,yes
83.33,FLYING,APPROACH,0,,,,,13,0,15,0,0,27,AVOID_RIGHT,,1.98,2.20,0.29,1.00,0.00,0.64,0.64,,yes
83.38,FLYING,APPROACH,0,,,,,13,0,15,0,0,27,AVOID_RIGHT,,1.94,2.33,0.31,1.00,0.00,0.70,0.70,,yes
83.46,FLYING,APPROACH,0,,,,,13,0,15,0,0,27,CRUISE,,1.92,2.39,0.39,1.00,0.00,0.73,0.73,,yes
83.51,FLYING,APPROACH,0,,,,,13,0,15,0,0,27,CRUISE,,1.88,1.75,0.51,1.00,0.00,0.48,0.41,,yes
83.56,FLYING,APPROACH,0,,,,,13,0,15,0,0,27,AVOID_RIGHT,,1.70,1.02,0.57,1.00,0.00,0.39,0.05,,yes
83.65,FLYING,APPROACH,0,,,,,13,0,15,0,0,27,CRUISE,,1.40,0.63,0.60,0.68,0.00,0.24,0.00,,yes
83.69,FLYING,SEARCH,0,,,,,13,0,9,0,3,27,CRUISE,,1.00,0.42,0.61,0.38,0.00,0.04,0.00,,yes
83.74,FLYING,SEARCH,0,,,,,13,0,6,0,5,27,CRUISE,,0.80,0.30,0.54,0.22,0.00,0.00,0.00,,yes
83.83,FLYING,SEARCH,0,,,,,13,0,4,0,7,27,CRUISE,,0.66,0.24,0.39,0.12,0.00,0.00,0.00,,yes
83.88,FLYING,SEARCH,0,,,,,13,0,2,0,8,27,CRUISE,,0.58,0.21,0.30,0.07,0.00,0.00,0.00,,yes
83.92,FLYING,SEARCH,0,,,,,13,0,1,0,8,27,CRUISE,,0.55,0.17,0.22,0.04,0.00,0.00,0.00,,yes
84.01,FLYING,SEARCH,0,,,,,13,0,1,0,9,27,CRUISE,,0.44,0.15,0.18,0.02,0.00,0.00,0.00,,yes
84.05,FLYING,SEARCH,0,,,,,13,0,0,0,9,27,CRUISE,,0.45,0.15,0.17,0.01,0.00,0.00,0.00,,yes
84.10,FLYING,SEARCH,0,,,,,13,0,0,0,9,27,CRUISE,,0.45,0.21,0.23,0.01,0.00,0.00,0.00,,yes
84.19,FLYING,SEARCH,0,,,,,13,0,0,0,9,27,CRUISE,,0.91,0.26,0.50,0.00,0.00,0.05,0.00,,yes
84.23,FLYING,SEARCH,0,,,,,13,0,0,0,9,27,CRUISE,,1.13,0.28,0.63,0.00,0.44,0.00,0.00,,yes
84.28,FLYING,SEARCH,0,,,,,13,0,0,0,9,27,CRUISE,,0.70,0.30,0.42,0.00,0.31,0.00,0.00,,yes
84.37,FLYING,SEARCH,0,,,,,13,0,0,0,9,27,CRUISE,,0.48,0.40,0.31,0.00,0.21,0.00,0.00,,yes
84.41,FLYING,SEARCH,0,,,,,13,0,0,0,9,27,CRUISE,,0.37,0.44,0.29,0.00,0.44,0.00,0.00,,yes
84.46,FLYING,SEARCH,0,,,,,13,0,0,0,9,27,CRUISE,,0.39,0.47,0.40,0.00,0.31,0.00,0.00,,yes
84.55,FLYING,SEARCH,0,,,,,13,0,0,0,9,27,CRUISE,,0.40,0.46,0.45,0.00,0.21,0.00,0.00,,yes
84.59,FLYING,SEARCH,0,,,,,13,0,0,0,9,27,CRUISE,,0.41,0.46,0.47,0.00,0.44,0.00,0.00,,yes
84.64,FLYING,SEARCH,0,,,,,13,0,0,0,9,27,CRUISE,,0.31,0.46,0.38,0.00,0.31,0.00,0.00,,yes
84.73,FLYING,SEARCH,0,,,,,13,0,0,0,6,27,CRUISE,,0.27,0.37,0.28,0.00,0.21,0.00,0.00,,yes
84.77,FLYING,SEARCH,0,,,,,13,0,0,0,4,27,CRUISE,,0.37,0.30,0.23,0.00,0.15,0.00,0.00,,yes
84.82,FLYING,SEARCH,0,,,,,13,0,0,0,2,27,CRUISE,,0.53,0.19,0.21,0.00,0.10,0.00,0.00,,yes
84.91,FLYING,SEARCH,0,,,,,13,0,0,0,1,26,CRUISE,,0.69,0.13,0.20,0.00,0.07,0.00,0.00,,yes
84.96,FLYING,SEARCH,0,,,,,13,0,0,0,1,26,CRUISE,,0.77,0.11,0.19,0.00,0.05,0.00,0.00,,yes
85.00,FLYING,SEARCH,0,,,,,13,0,0,0,0,26,CRUISE,,0.81,0.11,0.21,0.00,0.04,0.00,0.00,,yes
85.09,FLYING,SEARCH,0,,,,,13,0,0,0,0,26,CRUISE,,0.92,0.15,0.17,0.00,0.03,0.05,0.00,,yes
85.14,FLYING,SEARCH,0,,,,,13,0,0,0,0,26,CRUISE,,0.98,0.16,0.14,0.00,0.02,0.08,0.00,,yes
85.19,FLYING,SEARCH,0,,,,,13,0,0,0,0,26,CRUISE,,0.82,0.17,0.11,0.00,0.01,0.00,0.00,,yes
85.28,FLYING,SEARCH,0,,,,,13,0,0,0,0,26,CRUISE,,0.63,0.15,0.09,0.00,0.01,0.00,0.00,,yes
85.33,FLYING,SEARCH,0,,,,,13,0,0,0,0,26,CRUISE,,0.52,0.14,0.05,0.00,0.01,0.00,0.00,,
85.37,FLYING,SEARCH,0,,,,,13,0,0,0,0,26,CRUISE,,0.46,0.11,0.03,0.00,0.00,0.00,0.00,,
85.46,FLYING,SEARCH,0,,,,,13,0,0,0,0,26,CRUISE,,0.43,0.09,0.02,0.00,0.00,0.00,0.00,,
85.51,FLYING,SEARCH,0,,,,,13,0,0,0,0,26,CRUISE,,0.37,0.11,0.02,0.00,0.44,0.00,0.00,,
85.56,FLYING,SEARCH,0,,,,,13,0,0,0,0,26,CRUISE,,0.33,0.15,0.11,0.00,0.31,0.00,0.00,,
85.64,FLYING,SEARCH,0,,,,,13,0,0,0,0,26,CRUISE,,0.32,0.18,0.16,0.00,0.44,0.00,0.00,,
85.69,FLYING,SEARCH,0,,,,,13,0,0,0,0,26,CRUISE,,0.41,0.29,0.14,0.00,0.31,0.00,0.00,,
85.74,FLYING,SEARCH,0,,,,,13,0,0,0,3,26,CRUISE,,0.66,0.43,0.13,0.00,0.44,0.00,0.00,,
85.82,FLYING,SEARCH,0,,,,,13,0,0,0,5,26,CRUISE,,1.17,0.65,0.17,0.00,0.31,0.03,0.00,,
85.87,FLYING,SEARCH,0,,,,,13,0,0,0,7,26,CRUISE,,1.43,0.75,0.19,0.00,0.21,0.21,0.00,,
85.92,FLYING,SEARCH,0,,,,,13,0,0,0,8,26,CRUISE,,0.93,0.78,0.12,0.00,0.15,0.00,0.00,,
86.00,FLYING,SEARCH,0,,,,,13,0,0,0,8,26,CRUISE,,0.64,0.61,0.08,0.00,0.10,0.00,0.00,,
86.05,FLYING,SEARCH,0,,,,,13,0,0,0,9,26,CRUISE,,0.49,0.53,0.10,0.00,0.07,0.00,0.00,,
86.10,FLYING,SEARCH,0,,,,,13,0,0,0,9,26,CRUISE,,0.40,0.39,0.11,0.00,0.05,0.00,0.00,,yes
86.18,FLYING,SEARCH,0,,,,,13,0,0,0,9,26,CRUISE,,0.35,0.32,0.08,0.00,0.04,0.00,0.00,,yes
86.23,FLYING,SEARCH,0,,,,,13,0,0,0,9,26,CRUISE,,0.33,0.29,0.06,0.00,0.03,0.00,0.00,,yes
86.28,FLYING,SEARCH,0,,,,,13,0,0,0,9,26,CRUISE,,0.35,0.33,0.04,0.00,0.02,0.00,0.00,,yes
86.36,FLYING,SEARCH,0,,,,,13,0,0,0,9,26,CRUISE,,0.39,0.35,0.03,0.00,0.01,0.00,0.00,,yes
86.41,FLYING,SEARCH,0,,,,,13,0,0,0,9,26,CRUISE,,0.70,0.37,0.03,0.00,0.01,0.00,0.00,,yes
86.45,FLYING,SEARCH,0,,,,,13,0,0,0,9,26,CRUISE,,0.85,0.37,0.03,0.00,0.44,0.00,0.00,,yes
86.54,FLYING,SEARCH,0,,,,,13,0,0,0,9,26,CRUISE,,0.84,0.38,0.04,0.00,0.31,0.00,0.00,,yes
86.59,FLYING,SEARCH,0,,,,,13,0,0,0,9,26,CRUISE,,0.76,0.39,0.04,0.00,0.21,0.00,0.00,,yes
86.63,FLYING,SEARCH,0,,,,,13,0,0,0,9,26,CRUISE,,0.72,0.45,0.04,0.00,0.15,0.00,0.00,,yes
86.72,FLYING,SEARCH,0,,,,,13,0,0,0,6,26,CRUISE,,0.70,0.46,0.05,0.00,0.44,0.00,0.00,,yes
86.77,FLYING,SEARCH,0,,,,,13,0,0,0,4,26,CRUISE,,0.51,0.47,0.08,0.00,0.31,0.00,0.00,,yes
86.81,FLYING,SEARCH,0,,,,,13,0,0,0,2,26,CRUISE,,0.41,0.47,0.15,0.00,0.21,0.00,0.00,,yes
86.90,FLYING,SEARCH,0,,,,,13,0,0,0,1,26,CRUISE,,0.64,0.61,0.19,0.00,0.15,0.00,0.00,,yes
86.95,FLYING,SEARCH,0,,,,,13,0,0,0,1,26,CRUISE,,0.76,0.69,0.21,0.00,0.10,0.00,0.00,,yes
86.99,FLYING,SEARCH,0,,,,,13,0,0,0,0,26,CRUISE,,0.96,0.78,0.16,0.00,0.07,0.04,0.00,,yes
87.08,FLYING,SEARCH,0,,,,,13,0,0,0,0,26,CRUISE,,0.91,0.74,0.13,0.00,0.05,0.03,0.00,,yes
87.13,FLYING,SEARCH,0,,,,,13,0,0,0,0,26,CRUISE,,0.85,0.72,0.12,0.00,0.04,0.01,0.00,,yes
87.18,FLYING,SEARCH,0,,,,,13,0,0,0,0,26,CRUISE,,0.66,0.57,0.17,0.00,0.03,0.00,0.00,,yes
87.27,FLYING,SEARCH,0,,,,,13,0,0,0,0,26,CRUISE,,0.57,0.46,0.27,0.00,0.02,0.00,0.00,,yes
87.32,FLYING,SEARCH,0,,,,,13,0,0,0,0,26,CRUISE,,0.46,0.32,0.33,0.00,0.01,0.00,0.00,,
87.36,FLYING,SEARCH,0,,,,,13,0,0,0,0,26,CRUISE,,0.40,0.25,0.52,0.00,0.01,0.00,0.00,,
87.45,FLYING,SEARCH,0,,,,,13,0,0,0,0,26,CRUISE,,0.38,0.22,0.78,0.00,0.01,0.00,0.00,,
87.50,FLYING,SEARCH,0,,,,,13,0,0,0,0,26,CRUISE,,0.36,0.28,1.05,0.00,0.44,0.00,0.00,,
87.54,FLYING,SEARCH,0,,,,,13,0,0,0,0,26,CRUISE,,0.35,0.35,1.19,0.00,0.31,0.00,0.04,,
87.63,FLYING,SEARCH,0,,,,,13,0,0,0,0,26,CRUISE,,0.35,0.39,1.26,0.00,0.21,0.00,0.12,,
87.68,FLYING,SEARCH,0,,,,,13,0,0,0,0,26,CRUISE,,0.30,0.26,0.84,0.00,0.15,0.00,0.00,,
87.73,FLYING,SEARCH,0,,,,,13,0,0,0,3,26,CRUISE,,0.21,0.19,0.62,0.00,0.10,0.00,0.00,,
87.82,FLYING,SEARCH,0,,,,,13,0,0,0,5,26,CRUISE,,0.16,0.14,0.47,0.00,0.07,0.00,0.00,,
87.86,FLYING,SEARCH,0,,,,,13,0,0,0,7,26,CRUISE,,0.14,0.11,0.27,0.00,0.05,0.00,0.00,,
87.91,FLYING,SEARCH,0,,,,,13,0,0,0,8,26,CRUISE,,0.17,0.09,0.16,0.00,0.04,0.00,0.00,,
88.00,FLYING,SEARCH,0,,,,,13,0,0,0,8,26,CRUISE,,0.20,0.10,0.10,0.00,0.03,0.00,0.00,,
88.04,FLYING,SEARCH,0,,,,,13,0,0,0,9,26,CRUISE,,0.22,0.46,0.07,0.00,0.02,0.00,0.00,,
88.09,FLYING,SEARCH,0,,,,,13,0,0,0,9,26,CRUISE,,0.20,0.65,0.05,0.00,0.01,0.00,0.00,,yes
88.18,FLYING,SEARCH,0,,,,,13,0,0,0,9,26,CRUISE,,0.19,1.05,0.06,0.00,0.01,0.12,0.12,,yes
88.23,FLYING,SEARCH,0,,,,,13,0,0,0,9,26,CRUISE,,0.17,1.24,0.07,0.00,0.87,0.00,0.00,,yes
88.27,FLYING,SEARCH,0,,,,,13,0,0,0,9,26,CRUISE,,0.21,1.48,0.62,0.00,0.61,0.03,0.03,,yes
88.36,FLYING,SEARCH,0,,,,,13,0,0,0,9,26,CRUISE,,0.31,1.59,0.90,0.00,0.43,0.18,0.18,,yes
88.41,FLYING,SEARCH,0,,,,,13,0,0,0,9,26,CRUISE,,0.38,1.65,0.61,0.41,0.30,0.28,0.28,,yes
88.45,FLYING,SEARCH,0,,,,,13,0,0,0,9,26,ESCAPE,,0.44,1.64,0.46,0.60,0.21,0.32,0.32,,yes
88.54,FLYING,SEARCH,0,,,,,13,0,0,0,9,26,ESCAPE,,0.50,1.49,0.39,0.64,0.15,0.27,0.27,,yes
88.59,FLYING,SEARCH,0,,,,,13,0,0,0,9,26,ESCAPE,,0.53,1.36,0.35,0.47,0.10,0.23,0.23,,yes
88.64,FLYING,SEARCH,0,,,,,13,0,0,0,9,26,ESCAPE,,0.50,1.29,0.35,0.26,0.44,0.03,0.03,,yes
88.73,FLYING,SEARCH,0,,,,,13,0,0,0,6,26,ESCAPE,,0.48,1.23,0.65,0.15,0.31,0.06,0.06,,yes
88.77,FLYING,SEARCH,0,,,,,13,0,0,0,4,26,ESCAPE,,0.48,1.12,0.79,0.08,0.21,0.05,0.05,,yes
88.82,FLYING,SEARCH,0,,,,,13,0,0,0,2,25,ESCAPE,,0.48,0.78,0.58,0.05,0.15,0.00,0.00,,yes
88.91,FLYING,SEARCH,0,,,,,13,0,0,0,1,25,ESCAPE,,0.41,0.59,0.39,0.03,0.10,0.00,0.00,,yes
88.95,FLYING,SEARCH,0,,,,,13,0,0,0,1,25,ESCAPE,,0.35,0.48,0.29,0.01,0.07,0.00,0.00,,yes
89.00,FLYING,SEARCH,0,,,,,13,0,0,0,0,25,ESCAPE,,0.29,0.38,0.23,0.01,0.05,0.00,0.00,,yes
89.09,FLYING,SEARCH,0,,,,,13,0,0,0,0,25,ESCAPE,,0.25,0.27,0.21,0.00,0.04,0.00,0.00,,yes
89.13,FLYING,SEARCH,0,,,,,13,0,0,0,0,25,ESCAPE,,0.21,0.21,0.20,0.00,0.03,0.00,0.00,,yes
89.19,FLYING,SEARCH,0,,,,,13,0,0,0,0,25,ESCAPE,,0.19,0.23,0.19,0.00,0.02,0.00,0.00,,yes
89.28,FLYING,SEARCH,0,,,,,13,0,0,0,0,25,ESCAPE,,0.19,0.28,0.13,0.00,0.01,0.00,0.00,,yes
89.32,FLYING,SEARCH,0,,,,,13,0,0,0,0,25,ESCAPE,,0.24,0.31,0.10,0.00,0.01,0.00,0.00,,
89.37,FLYING,SEARCH,0,,,,,13,0,0,0,0,25,ESCAPE,,0.27,0.26,0.13,0.00,0.01,0.00,0.00,,
89.46,FLYING,SEARCH,0,,,,,13,0,0,0,0,25,ESCAPE,,0.27,0.23,0.15,0.00,0.00,0.00,0.00,,
89.50,FLYING,SEARCH,0,,,,,13,0,0,0,0,25,ESCAPE,,0.27,0.18,0.10,0.00,0.00,0.00,0.00,,
89.55,FLYING,SEARCH,0,,,,,13,0,0,0,0,25,ESCAPE,,0.25,0.16,0.07,0.00,0.00,0.00,0.00,,
89.64,FLYING,SEARCH,0,,,,,13,0,0,0,0,25,ESCAPE,,0.26,0.15,0.05,0.00,0.00,0.00,0.00,,
89.68,FLYING,SEARCH,0,,,,,13,0,0,0,0,25,ESCAPE,,0.25,0.14,0.03,0.00,0.00,0.00,0.00,,
89.73,FLYING,SEARCH,0,,,,,13,0,0,0,3,25,ESCAPE,,0.26,0.14,0.09,0.00,0.00,0.00,0.00,,
89.82,FLYING,SEARCH,0,,,,,13,0,0,0,5,25,ESCAPE,,0.20,0.14,0.11,0.00,0.00,0.00,0.00,,
89.86,FLYING,SEARCH,0,,,,,13,0,0,0,7,25,ESCAPE,,0.22,0.12,0.13,0.00,0.00,0.00,0.00,,
89.91,FLYING,SEARCH,0,,,,,13,0,0,0,8,25,ESCAPE,,0.19,0.10,0.13,0.00,0.00,0.00,0.00,,
90.00,FLYING,SEARCH,0,,,,,13,0,0,0,8,25,ESCAPE,,0.17,0.09,0.10,0.00,0.00,0.00,0.00,,
90.04,FLYING,SEARCH,0,,,,,13,0,0,0,9,25,ESCAPE,,0.15,0.13,0.06,0.00,0.00,0.00,0.00,,
90.09,FLYING,SEARCH,0,,,,,13,0,0,0,9,25,ESCAPE,,0.13,0.14,0.03,0.00,0.00,0.00,0.00,,yes
90.17,FLYING,SEARCH,0,,,,,13,0,0,0,9,25,ESCAPE,,0.11,0.15,0.03,0.00,0.00,0.00,0.00,,yes
90.22,FLYING,SEARCH,0,,,,,13,0,0,0,9,25,ESCAPE,,0.12,0.15,0.03,0.00,0.00,0.00,0.00,,yes
90.27,FLYING,SEARCH,0,,,,,13,0,0,0,9,25,CRUISE,,0.13,0.15,0.03,0.00,0.00,0.00,0.00,,yes
90.35,FLYING,SEARCH,0,,,,,13,0,0,0,9,25,CRUISE,,0.13,0.15,0.03,0.00,0.44,0.00,0.00,,yes
90.40,FLYING,SEARCH,0,,,,,13,0,0,0,9,25,CRUISE,,0.18,0.38,0.11,0.00,0.31,0.00,0.00,,yes
90.45,FLYING,SEARCH,0,,,,,13,0,0,0,9,25,CRUISE,,0.36,0.49,0.15,0.00,0.21,0.00,0.00,,yes
90.53,FLYING,SEARCH,0,,,,,13,0,0,0,9,25,CRUISE,,0.30,0.42,0.17,0.00,0.15,0.00,0.00,,yes
90.58,FLYING,SEARCH,0,,,,,13,0,0,0,9,25,CRUISE,,0.26,0.35,0.12,0.00,0.10,0.00,0.00,,yes
90.63,FLYING,SEARCH,0,,,,,13,0,0,0,9,25,CRUISE,,0.20,0.31,0.13,0.00,0.07,0.00,0.00,,yes
90.71,FLYING,SEARCH,0,,,,,13,0,0,0,6,25,CRUISE,,0.15,0.25,0.14,0.00,0.05,0.00,0.00,,yes
90.76,FLYING,SEARCH,0,,,,,13,0,0,0,4,25,CRUISE,,0.12,0.20,0.14,0.00,0.44,0.00,0.00,,yes
90.81,FLYING,SEARCH,0,,,,,13,0,0,0,2,25,CRUISE,,0.11,0.17,0.16,0.00,0.31,0.00,0.00,,yes
90.89,FLYING,SEARCH,0,,,,,13,0,0,0,1,25,CRUISE,,0.14,0.20,0.17,0.00,0.21,0.00,0.00,,yes
90.94,FLYING,SEARCH,0,,,,,13,0,0,0,1,25,CRUISE,,0.19,0.24,0.18,0.00,0.15,0.00,0.00,,yes
90.99,FLYING,SEARCH,0,,,,,13,0,0,0,0,25,CRUISE,,0.23,0.33,0.32,0.00,0.10,0.00,0.00,,yes
91.07,FLYING,SEARCH,0,,,,,13,0,0,0,0,25,CRUISE,,0.27,0.33,0.33,0.00,0.07,0.00,0.00,,yes
91.12,FLYING,SEARCH,0,,,,,13,0,0,0,0,25,CRUISE,,0.28,0.33,0.40,0.00,0.05,0.00,0.00,,yes
91.17,FLYING,SEARCH,0,,,,,13,0,0,0,0,25,CRUISE,,0.26,0.33,0.43,0.00,0.04,0.00,0.00,,yes
91.25,FLYING,SEARCH,0,,,,,13,0,0,0,0,25,CRUISE,,0.22,0.24,0.47,0.00,0.03,0.00,0.00,,yes
91.30,FLYING,SEARCH,0,,,,,13,0,0,0,0,25,CRUISE,,0.15,0.21,0.49,0.00,0.02,0.00,0.00,,
91.35,FLYING,SEARCH,0,,,,,13,0,0,0,0,25,CRUISE,,0.11,0.19,0.50,0.00,0.01,0.00,0.00,,
91.43,FLYING,SEARCH,0,,,,,13,0,0,0,0,25,CRUISE,,0.09,0.22,0.58,0.00,0.01,0.00,0.00,,
91.48,FLYING,SEARCH,0,,,,,13,0,0,0,0,25,CRUISE,,0.08,0.24,0.63,0.00,0.01,0.00,0.00,,
91.53,FLYING,SEARCH,0,,,,,13,0,0,0,0,25,CRUISE,,0.14,0.24,0.51,0.00,0.00,0.00,0.00,,
91.61,FLYING,SEARCH,0,,,,,13,0,0,0,0,25,CRUISE,,0.13,0.23,0.43,0.00,0.00,0.00,0.00,,
91.66,FLYING,SEARCH,0,,,,,13,0,0,0,0,25,CRUISE,,0.15,0.23,0.34,0.00,0.00,0.00,0.00,,
91.71,FLYING,SEARCH,0,,,,,13,0,0,0,3,25,CRUISE,,0.14,0.21,0.27,0.00,0.00,0.00,0.00,,
91.79,FLYING,SEARCH,0,,,,,13,0,0,0,5,25,CRUISE,,0.12,0.19,0.17,0.00,0.00,0.00,0.00,,
91.84,FLYING,SEARCH,0,,,,,13,0,0,0,7,25,CRUISE,,0.10,0.18,0.15,0.00,0.00,0.00,0.00,,
91.88,FLYING,SEARCH,0,,,,,13,0,0,0,8,25,CRUISE,,0.12,0.18,0.14,0.00,0.00,0.00,0.00,,
91.97,FLYING,SEARCH,0,,,,,13,0,0,0,8,25,CRUISE,,0.13,0.20,0.13,0.00,0.00,0.00,0.00,,
92.02,FLYING,SEARCH,0,,,,,13,0,0,0,9,25,CRUISE,,0.10,0.21,0.07,0.00,0.00,0.00,0.00,,
92.06,FLYING,SEARCH,0,,,,,13,0,0,0,9,25,CRUISE,,0.09,0.21,0.05,0.00,0.00,0.00,0.00,,yes
92.15,FLYING,SEARCH,0,,,,,13,0,0,0,9,25,CRUISE,,0.08,0.17,0.10,0.00,0.00,0.00,0.00,,yes
92.20,FLYING,SEARCH,0,,,,,13,0,0,0,9,25,CRUISE,,0.11,0.19,0.15,0.00,0.00,0.00,0.00,,yes
92.24,FLYING,SEARCH,0,,,,,13,0,0,0,9,25,CRUISE,,0.12,0.25,0.18,0.00,0.44,0.00,0.00,,yes
92.33,FLYING,SEARCH,0,,,,,13,0,0,0,9,25,CRUISE,,0.46,0.44,0.38,0.00,0.31,0.00,0.00,,yes
92.38,FLYING,SEARCH,0,,,,,13,0,0,0,9,25,CRUISE,,0.62,0.54,0.48,0.00,0.21,0.00,0.00,,yes
92.42,FLYING,SEARCH,0,,,,,13,0,0,0,9,25,CRUISE,,0.60,0.68,0.53,0.00,0.15,0.00,0.00,,yes
92.51,FLYING,SEARCH,0,,,,,13,0,0,0,9,25,CRUISE,,0.53,0.96,0.63,0.00,0.10,0.03,0.03,,yes
92.55,FLYING,SEARCH,0,,,,,13,0,0,0,9,25,CRUISE,,0.50,1.09,0.68,0.00,0.44,0.00,0.00,,yes
92.60,FLYING,SEARCH,0,,,,,13,0,0,0,9,25,CRUISE,,0.42,1.16,0.61,0.00,0.31,0.03,0.03,,yes
92.69,FLYING,SEARCH,0,,,,,13,0,0,0,9,25,CRUISE,,0.35,0.99,0.53,0.00,0.21,0.00,0.00,,yes
92.73,FLYING,SEARCH,0,,,,,13,0,0,0,6,25,CRUISE,,0.33,1.02,0.54,0.00,0.15,0.03,0.03,,yes
92.78,FLYING,SEARCH,0,,,,,13,0,0,0,4,25,CRUISE,,0.33,1.03,0.54,0.00,0.10,0.06,0.06,,yes
92.87,FLYING,SEARCH,0,,,,,13,0,0,0,2,24,CRUISE,,0.43,1.13,0.63,0.00,0.07,0.13,0.13,,yes
92.91,FLYING,SEARCH,0,,,,,13,0,0,0,1,24,CRUISE,,0.48,1.19,0.67,0.00,0.44,0.00,0.00,,yes
92.96,FLYING,SEARCH,0,,,,,13,0,0,0,1,24,CRUISE,,0.51,0.85,0.69,0.00,0.87,0.00,0.00,,yes
93.05,FLYING,SEARCH,0,,,,,13,0,0,0,0,24,CRUISE,,0.63,0.68,1.18,0.00,0.61,0.00,0.00,,yes
93.10,FLYING,SEARCH,0,,,,,13,0,0,0,0,24,CRUISE,,0.70,0.60,1.43,0.00,0.43,0.00,0.10,,yes
93.14,FLYING,SEARCH,0,,,,,13,0,0,0,0,24,CRUISE,,0.45,0.71,1.04,0.00,0.30,0.00,0.00,,yes
93.23,FLYING,SEARCH,0,,,,,13,0,0,0,0,24,CRUISE,,0.32,0.61,0.58,0.00,0.87,0.00,0.00,,yes
93.28,FLYING,SEARCH,0,,,,,13,0,0,0,0,24,CRUISE,,0.47,0.56,0.30,0.00,0.61,0.00,0.00,,yes
93.32,FLYING,SEARCH,0,,,,,13,0,0,0,0,24,CRUISE,,0.55,0.53,0.16,0.00,0.43,0.00,0.00,,
93.41,FLYING,SEARCH,0,,,,,13,0,0,0,0,24,CRUISE,,0.46,0.45,0.46,0.00,0.30,0.00,0.00,,
93.45,FLYING,SEARCH,0,,,,,13,0,0,0,0,24,CRUISE,,0.34,0.41,0.61,0.00,0.21,0.00,0.00,,
93.50,FLYING,SEARCH,0,,,,,13,0,0,0,0,24,CRUISE,,0.27,0.31,0.47,0.00,0.44,0.00,0.00,,
93.59,FLYING,SEARCH,0,,,,,13,0,0,0,0,24,CRUISE,,0.41,0.17,0.40,0.00,0.31,0.00,0.00,,
93.63,FLYING,SEARCH,0,,,,,13,0,0,0,0,24,CRUISE,,0.47,0.09,0.32,0.00,0.21,0.00,0.00,,
93.68,FLYING,SEARCH,0,,,,,13,0,0,0,0,24,CRUISE,,0.51,0.20,0.35,0.00,0.15,0.00,0.00,,
93.77,FLYING,SEARCH,0,,,,,13,0,0,0,3,24,CRUISE,,0.44,0.25,0.41,0.00,0.10,0.00,0.00,,
93.81,FLYING,SEARCH,0,,,,,13,0,0,0,5,24,CRUISE,,0.41,0.24,0.44,0.00,0.44,0.00,0.00,,
93.86,FLYING,SEARCH,0,,,,,13,0,0,0,7,24,CRUISE,,0.39,0.24,0.44,0.00,0.31,0.00,0.00,,
93.95,FLYING,SEARCH,0,,,,,13,0,0,0,8,24,CRUISE,,0.41,0.37,0.44,0.00,0.21,0.00,0.00,,
93.99,FLYING,SEARCH,0,,,,,13,0,0,0,8,24,CRUISE,,0.49,0.43,0.46,0.00,0.44,0.00,0.00,,
94.04,FLYING,SEARCH,0,,,,,13,0,0,0,9,24,CRUISE,,0.53,0.47,0.47,0.00,0.31,0.00,0.00,,
94.13,FLYING,SEARCH,0,,,,,13,0,0,0,9,24,CRUISE,,0.69,0.50,0.48,0.00,0.21,0.00,0.00,,yes
94.17,FLYING,SEARCH,0,,,,,13,0,0,0,9,24,CRUISE,,0.76,0.51,0.53,0.00,0.44,0.00,0.00,,yes
94.22,FLYING,SEARCH,0,,,,,13,0,0,0,9,24,CRUISE,,0.80,0.39,0.61,0.00,0.31,0.00,0.00,,yes
94.31,FLYING,SEARCH,0,,,,,13,0,0,0,9,24,CRUISE,,0.91,0.32,0.65,0.00,0.21,0.00,0.00,,yes
94.35,FLYING,SEARCH,0,,,,,13,0,0,0,9,24,CRUISE,,0.96,0.27,0.66,0.00,0.44,0.00,0.00,,yes
94.40,FLYING,SEARCH,0,,,,,13,0,0,0,9,24,CRUISE,,0.88,0.30,0.52,0.00,0.44,0.00,0.00,,yes
94.49,FLYING,SEARCH,0,,,,,13,0,0,0,9,24,CRUISE,,0.68,0.39,0.45,0.00,0.31,0.00,0.00,,yes
94.53,FLYING,SEARCH,0,,,,,13,0,0,0,9,24,CRUISE,,0.58,0.44,0.42,0.00,0.44,0.00,0.00,,yes
94.58,FLYING,SEARCH,0,,,,,13,0,0,0,9,24,CRUISE,,0.53,0.30,0.42,0.00,0.31,0.00,0.00,,yes
94.67,FLYING,SEARCH,0,,,,,13,0,0,0,9,24,CRUISE,,0.60,0.22,0.29,0.00,0.21,0.00,0.00,,yes
94.71,FLYING,SEARCH,0,,,,,13,0,0,0,6,24,CRUISE,,0.63,0.24,0.23,0.00,0.44,0.00,0.00,,yes
94.76,FLYING,SEARCH,0,,,,,13,0,0,0,4,24,CRUISE,,0.42,0.25,0.20,0.00,0.31,0.00,0.00,,yes
94.85,FLYING,SEARCH,0,,,,,13,0,0,0,2,24,CRUISE,,0.32,0.26,0.20,0.00,0.21,0.00,0.00,,yes
94.89,FLYING,SEARCH,0,,,,,13,0,0,0,1,24,CRUISE,,0.27,0.26,0.20,0.00,0.44,0.00,0.00,,yes
94.94,FLYING,SEARCH,0,,,,,13,0,0,0,1,24,CRUISE,,0.19,0.30,0.16,0.00,0.31,0.00,0.00,,yes
95.03,FLYING,SEARCH,0,,,,,13,0,0,0,0,24,CRUISE,,0.16,0.24,0.14,0.00,0.21,0.00,0.00,,yes
95.07,FLYING,SEARCH,0,,,,,13,0,0,0,0,24,CRUISE,,0.21,0.21,0.13,0.00,0.44,0.00,0.00,,yes
95.12,FLYING,SEARCH,0,,,,,13,0,0,0,0,24,CRUISE,,0.47,0.19,0.22,0.00,0.31,0.00,0.00,,yes
95.21,FLYING,SEARCH,0,,,,,13,0,0,0,0,24,CRUISE,,0.47,0.22,0.26,0.00,0.21,0.00,0.00,,yes
95.25,FLYING,SEARCH,0,,,,,13,0,0,0,0,24,CRUISE,,0.48,0.24,0.23,0.00,0.15,0.00,0.00,,yes
95.30,FLYING,SEARCH,0,,,,,13,0,0,0,0,24,CRUISE,,0.48,0.25,0.22,0.00,0.10,0.00,0.00,,yes
95.39,FLYING,SEARCH,0,,,,,13,0,0,0,0,24,CRUISE,,0.47,0.19,0.15,0.00,0.07,0.00,0.00,,
95.43,FLYING,SEARCH,0,,,,,13,0,0,0,0,24,CRUISE,,0.35,0.13,0.12,0.00,0.05,0.00,0.00,,
95.48,FLYING,SEARCH,0,,,,,13,0,0,0,0,24,CRUISE,,0.29,0.09,0.10,0.00,0.04,0.00,0.00,,
95.57,FLYING,SEARCH,0,,,,,13,0,0,0,0,24,CRUISE,,0.30,0.08,0.09,0.00,0.03,0.00,0.00,,
95.61,FLYING,SEARCH,0,,,,,13,0,0,0,0,24,CRUISE,,0.31,0.09,0.12,0.00,0.02,0.00,0.00,,
95.66,FLYING,SEARCH,0,,,,,13,0,0,0,0,24,CRUISE,,0.31,0.10,0.13,0.00,0.44,0.00,0.00,,
95.75,FLYING,SEARCH,0,,,,,13,0,0,0,3,24,CRUISE,,0.44,0.15,0.14,0.00,0.31,0.00,0.00,,
95.79,FLYING,SEARCH,0,,,,,13,0,0,0,5,24,CRUISE,,0.50,0.20,0.14,0.00,0.44,0.00,0.00,,
95.84,FLYING,SEARCH,0,,,,,13,0,0,0,7,23,CRUISE,,0.54,0.22,0.26,0.00,0.31,0.00,0.00,,
95.93,FLYING,SEARCH,0,,,,,13,0,0,0,8,23,CRUISE,,0.57,0.24,0.32,0.00,0.21,0.00,0.00,,
95.97,FLYING,SEARCH,0,,,,,13,0,0,0,8,23,CRUISE,,0.58,0.20,0.22,0.00,0.15,0.00,0.00,,
96.02,FLYING,SEARCH,0,,,,,13,0,0,0,9,23,CRUISE,,0.59,0.19,0.17,0.00,0.10,0.00,0.00,,
96.11,FLYING,SEARCH,0,,,,,13,0,0,0,9,23,CRUISE,,0.51,0.23,0.22,0.00,0.07,0.00,0.00,,yes
96.15,FLYING,SEARCH,0,,,,,13,0,0,0,9,23,CRUISE,,0.56,0.26,0.26,0.00,0.05,0.00,0.00,,yes
96.20,FLYING,SEARCH,0,,,,,13,0,0,0,9,23,CRUISE,,0.58,0.26,0.28,0.00,0.04,0.00,0.00,,yes
96.29,FLYING,SEARCH,0,,,,,13,0,0,0,9,23,CRUISE,,0.59,0.26,0.32,0.00,0.03,0.00,0.00,,yes
96.33,FLYING,SEARCH,0,,,,,13,0,0,0,9,23,CRUISE,,0.45,0.26,0.33,0.00,0.02,0.00,0.00,,yes
96.38,FLYING,SEARCH,0,,,,,13,0,0,0,9,23,CRUISE,,0.38,0.36,0.34,0.00,0.87,0.00,0.00,,yes
96.47,FLYING,SEARCH,0,,,,,13,0,0,0,9,23,CRUISE,,0.57,0.84,1.13,0.00,0.61,0.00,0.00,,yes
96.51,FLYING,SEARCH,0,,,,,13,0,0,0,9,23,CRUISE,,0.67,1.09,1.53,0.00,0.44,0.00,0.15,,yes
96.56,FLYING,SEARCH,0,,,,,13,0,0,0,9,23,CRUISE,,0.86,0.84,0.83,0.00,0.31,0.00,0.00,,yes
96.65,FLYING,SEARCH,0,,,,,13,0,0,0,9,23,CRUISE,,0.69,0.59,0.47,0.00,0.21,0.00,0.00,,yes
96.69,FLYING,SEARCH,0,,,,,13,0,0,0,9,23,CRUISE,,0.53,0.34,0.34,0.00,0.15,0.00,0.00,,yes
96.74,FLYING,SEARCH,0,,,,,13,0,0,0,6,23,CRUISE,,0.45,0.22,0.31,0.00,0.10,0.00,0.00,,yes
96.83,FLYING,SEARCH,0,,,,,13,0,0,0,4,23,CRUISE,,0.42,0.25,0.38,0.00,0.07,0.00,0.00,,yes
96.87,FLYING,SEARCH,0,,,,,13,0,0,0,2,23,CRUISE,,0.41,0.27,0.41,0.00,0.05,0.00,0.00,,yes
96.92,FLYING,SEARCH,0,,,,,13,0,0,0,1,23,CRUISE,,0.40,0.28,0.43,0.00,0.44,0.00,0.00,,yes
97.01,FLYING,SEARCH,0,,,,,13,0,0,0,1,23,CRUISE,,0.79,0.57,0.50,0.00,0.31,0.00,0.00,,yes
97.05,FLYING,SEARCH,0,,,,,13,0,0,0,0,23,CRUISE,,0.98,0.72,0.54,0.00,0.21,0.00,0.00,,yes
97.10,FLYING,SEARCH,0,,,,,13,0,0,0,0,23,CRUISE,,0.67,0.54,0.48,0.00,0.15,0.00,0.00,,yes
97.18,FLYING,SEARCH,0,,,,,13,0,0,0,0,23,CRUISE,,0.43,0.38,0.38,0.00,0.10,0.00,0.00,,yes
97.23,FLYING,SEARCH,0,,,,,13,0,0,0,0,23,CRUISE,,0.30,0.30,0.31,0.00,0.07,0.00,0.00,,yes
97.28,FLYING,SEARCH,0,,,,,13,0,0,0,0,23,CRUISE,,0.23,0.24,0.25,0.00,0.05,0.00,0.00,,yes
97.36,FLYING,SEARCH,0,,,,,13,0,0,0,0,23,CRUISE,,0.21,0.17,0.20,0.00,0.04,0.00,0.00,,yes
97.41,FLYING,SEARCH,0,,,,,13,0,0,0,0,23,CRUISE,,0.20,0.14,0.18,0.00,0.03,0.00,0.00,,
97.46,FLYING,SEARCH,0,,,,,13,0,0,0,0,23,CRUISE,,0.20,0.12,0.18,0.00,0.02,0.00,0.00,,
97.54,FLYING,SEARCH,0,,,,,13,0,0,0,0,23,CRUISE,,0.17,0.18,0.18,0.00,0.01,0.00,0.00,,
97.59,FLYING,SEARCH,0,,,,,13,0,0,0,0,23,CRUISE,,0.14,0.21,0.16,0.00,0.01,0.00,0.00,,
97.64,FLYING,SEARCH,0,,,,,13,0,0,0,0,23,CRUISE,,0.12,0.16,0.15,0.00,0.01,0.00,0.00,,
97.72,FLYING,SEARCH,0,,,,,13,0,0,0,3,23,CRUISE,,0.16,0.13,0.21,0.00,0.00,0.00,0.00,,
97.77,FLYING,SEARCH,0,,,,,13,0,0,0,5,23,CRUISE,,0.20,0.12,0.37,0.00,0.00,0.00,0.00,,
97.82,FLYING,SEARCH,0,,,,,13,0,0,0,7,23,CRUISE,,0.22,0.30,0.54,0.00,0.00,0.00,0.00,,
97.91,FLYING,SEARCH,0,,,,,13,0,0,0,8,23,CRUISE,,0.23,0.28,0.53,0.00,0.00,0.00,0.00,,
97.95,FLYING,SEARCH,0,,,,,13,0,0,0,8,23,CRUISE,,0.19,0.27,0.51,0.00,0.00,0.00,0.00,,
98.00,FLYING,SEARCH,0,,,,,13,0,0,0,9,23,CRUISE,,0.18,0.19,0.50,0.00,0.00,0.00,0.00,,
98.09,FLYING,SEARCH,0,,,,,13,0,0,0,9,23,CRUISE,,0.18,0.15,0.51,0.00,0.00,0.00,0.00,,yes
98.13,FLYING,SEARCH,0,,,,,13,0,0,0,9,23,CRUISE,,0.20,0.18,0.53,0.00,0.00,0.00,0.00,,yes
98.19,FLYING,SEARCH,0,,,,,13,0,0,0,9,23,CRUISE,,0.25,0.22,0.70,0.00,0.00,0.00,0.00,,yes
98.28,FLYING,SEARCH,0,,,,,13,0,0,0,9,23,CRUISE,,0.31,0.27,0.78,0.00,0.00,0.00,0.00,,yes
98.33,FLYING,SEARCH,0,,,,,13,0,0,0,9,23,CRUISE,,0.35,0.37,0.73,0.00,0.00,0.00,0.00,,yes
98.37,FLYING,SEARCH,0,,,,,13,0,0,0,9,23,CRUISE,,0.38,0.43,0.70,0.00,0.00,0.00,0.00,,yes
98.47,FLYING,SEARCH,0,,,,,13,0,0,0,9,23,CRUISE,,0.39,0.54,0.77,0.00,0.00,0.00,0.00,,yes
98.53,FLYING,SEARCH,0,,,,,13,0,0,0,9,23,CRUISE,,0.44,0.60,0.80,0.00,0.87,0.00,0.00,,yes
98.60,FLYING,SEARCH,0,,,,,13,0,0,0,9,23,CRUISE,,0.41,0.34,0.79,0.00,0.61,0.00,0.00,,yes
98.70,FLYING,SEARCH,0,,,,,13,0,0,0,6,23,CRUISE,,0.45,0.20,0.78,0.00,0.43,0.00,0.00,,yes
98.75,FLYING,SEARCH,0,,,,,13,0,0,0,4,23,CRUISE,,0.50,0.25,0.84,0.00,0.87,0.00,0.00,,yes
98.80,FLYING,SEARCH,0,,,,,13,0,0,0,2,23,CRUISE,,0.67,0.45,1.27,0.00,0.61,0.00,0.00,,yes
98.89,FLYING,SEARCH,0,,,,,13,0,0,0,1,22,CRUISE,,0.76,0.38,1.49,0.00,0.43,0.00,0.13,,yes
98.94,FLYING,SEARCH,0,,,,,13,0,0,0,1,22,CRUISE,,0.83,0.35,1.29,0.00,0.30,0.00,0.10,,yes
98.99,FLYING,SEARCH,0,,,,,13,0,0,0,0,22,CRUISE,,1.07,0.34,1.20,0.00,0.87,0.00,0.00,,yes
99.09,FLYING,SEARCH,0,,,,,13,0,0,0,0,22,AVOID_LEFT,,1.19,0.68,2.67,0.26,0.61,0.00,0.63,,yes
99.14,FLYING,SEARCH,0,,,,,13,0,0,0,0,22,AVOID_LEFT,,1.13,0.86,3.40,0.67,0.43,0.00,1.00,,yes
99.19,FLYING,SEARCH,0,,,,,13,0,0,0,0,22,ESCAPE,,1.04,0.54,2.05,0.65,0.44,0.00,0.41,,yes
99.28,FLYING,SEARCH,0,,,,,13,0,0,0,0,22,ESCAPE,,0.90,0.36,1.14,0.51,0.31,0.00,0.02,,
99.34,FLYING,SEARCH,0,,,,,13,0,0,0,0,22,ESCAPE,,0.77,0.23,0.69,0.29,0.21,0.00,0.00,,
99.39,FLYING,SEARCH,0,,,,,13,0,0,0,0,22,ESCAPE,,0.53,0.17,0.40,0.16,0.15,0.00,0.00,,
99.48,FLYING,SEARCH,0,,,,,13,0,0,0,0,22,ESCAPE,,0.33,0.12,0.26,0.09,0.10,0.00,0.00,,
99.53,FLYING,SEARCH,0,,,,,13,0,0,0,0,22,ESCAPE,,0.26,0.09,0.18,0.05,0.07,0.00,0.00,,
99.58,FLYING,SEARCH,0,,,,,13,0,0,0,0,22,ESCAPE,,0.22,0.08,0.13,0.03,0.05,0.00,0.00,,
99.67,FLYING,SEARCH,0,,,,,13,0,0,0,0,22,ESCAPE,,0.23,0.05,0.09,0.02,0.04,0.00,0.00,,
99.72,FLYING,SEARCH,0,,,,,13,0,0,0,3,22,ESCAPE,,0.23,0.05,0.07,0.01,0.03,0.00,0.00,,
99.77,FLYING,SEARCH,0,,,,,13,0,0,0,5,22,ESCAPE,,0.28,0.05,0.06,0.01,0.02,0.00,0.00,,
99.87,FLYING,SEARCH,0,,,,,13,0,0,0,7,22,ESCAPE,,0.30,0.05,0.06,0.00,0.01,0.00,0.00,,
99.92,FLYING,SEARCH,0,,,,,13,0,0,0,8,22,ESCAPE,,0.31,0.07,0.12,0.00,0.01,0.00,0.00,,
99.97,FLYING,SEARCH,0,,,,,13,0,0,0,8,22,ESCAPE,,0.34,0.09,0.15,0.00,0.01,0.00,0.00,,
100.06,FLYING,SEARCH,0,,,,,13,0,0,0,9,22,ESCAPE,,0.44,0.12,0.18,0.00,0.00,0.00,0.00,,
100.11,FLYING,SEARCH,0,,,,,13,0,0,0,9,22,ESCAPE,,0.49,0.14,0.19,0.00,0.44,0.00,0.00,,yes
100.16,FLYING,SEARCH,0,,,,,13,0,0,0,9,22,ESCAPE,,0.51,0.15,0.26,0.00,0.31,0.00,0.00,,yes
100.25,FLYING,SEARCH,0,,,,,13,0,0,0,9,22,ESCAPE,,0.77,0.18,0.29,0.00,0.21,0.00,0.00,,yes
100.31,FLYING,SEARCH,0,,,,,13,0,0,0,9,22,ESCAPE,,0.89,0.19,0.23,0.00,0.44,0.00,0.00,,yes
100.36,FLYING,SEARCH,0,,,,,13,0,0,0,9,22,ESCAPE,,1.09,0.32,0.20,0.00,0.31,0.00,0.00,,yes
100.45,FLYING,SEARCH,0,,,,,13,0,0,0,9,22,ESCAPE,,0.71,0.34,0.31,0.00,0.44,0.00,0.00,,yes
100.50,FLYING,SEARCH,0,,,,,13,0,0,0,9,22,ESCAPE,,0.50,0.40,0.37,0.00,0.44,0.00,0.00,,yes
100.55,FLYING,SEARCH,0,,,,,13,0,0,0,9,22,ESCAPE,,0.40,0.43,0.40,0.00,0.31,0.00,0.00,,yes
100.65,FLYING,SEARCH,0,,,,,13,0,0,0,9,22,ESCAPE,,0.41,0.46,0.56,0.00,0.21,0.00,0.00,,yes
100.70,FLYING,SEARCH,0,,,,,13,0,0,0,6,22,ESCAPE,,0.74,0.48,0.65,0.00,0.15,0.00,0.00,,yes
100.75,FLYING,SEARCH,0,,,,,13,0,0,0,4,22,ESCAPE,,0.90,0.39,0.53,0.00,0.44,0.00,0.00,,yes
100.84,FLYING,SEARCH,0,,,,,13,0,0,0,2,22,ESCAPE,,0.93,0.33,0.45,0.00,0.31,0.00,0.00,,yes
100.89,FLYING,SEARCH,0,,,,,13,0,0,0,1,22,ESCAPE,,0.77,0.31,0.37,0.00,0.21,0.00,0.00,,yes
100.95,FLYING,SEARCH,0,,,,,13,0,0,0,1,22,ESCAPE,,0.69,0.29,0.33,0.00,0.87,0.00,0.00,,yes
101.06,FLYING,SEARCH,0,,,,,13,0,0,0,0,22,ESCAPE,,0.82,0.32,1.57,0.00,0.61,0.00,0.08,,yes
101.11,FLYING,SEARCH,0,,,,,13,0,0,0,0,22,ESCAPE,,0.88,0.34,2.18,0.26,0.43,0.00,0.48,,yes
101.16,FLYING,SEARCH,0,,,,,13,0,0,0,0,22,AVOID_LEFT,,0.55,0.34,1.19,0.20,0.30,0.00,0.05,,yes
101.25,FLYING,SEARCH,0,,,,,13,0,0,0,0,22,AVOID_LEFT,,0.34,0.34,0.70,0.11,0.21,0.00,0.00,,yes
101.30,FLYING,SEARCH,0,,,,,13,0,0,0,0,22,CRUISE,,0.28,0.27,0.45,0.06,0.15,0.00,0.00,,
101.35,FLYING,SEARCH,0,,,,,13,0,0,0,0,22,CRUISE,,0.28,0.31,0.35,0.03,0.44,0.00,0.00,,
101.44,FLYING,SEARCH,0,,,,,13,0,0,0,0,22,CRUISE,,0.32,0.44,0.46,0.02,0.31,0.00,0.00,,
101.48,FLYING,SEARCH,0,,,,,13,0,0,0,0,22,CRUISE,,0.35,0.50,0.51,0.01,0.21,0.00,0.00,,
101.53,FLYING,SEARCH,0,,,,,13,0,0,0,0,22,CRUISE,,0.33,0.33,0.63,0.01,0.15,0.00,0.00,,
101.62,FLYING,SEARCH,0,,,,,13,0,0,0,0,22,CRUISE,,0.29,0.23,0.59,0.00,0.10,0.00,0.00,,
101.66,FLYING,SEARCH,0,,,,,13,0,0,0,0,22,CRUISE,,0.27,0.19,0.38,0.00,0.07,0.00,0.00,,
101.71,FLYING,SEARCH,0,,,,,13,0,0,0,3,22,CRUISE,,0.21,0.16,0.27,0.00,0.05,0.00,0.00,,
101.80,FLYING,SEARCH,0,,,,,13,0,0,0,5,22,CRUISE,,0.13,0.16,0.22,0.00,0.04,0.00,0.00,,
101.85,FLYING,SEARCH,0,,,,,13,0,0,0,7,22,CRUISE,,0.14,0.16,0.19,0.00,0.03,0.00,0.00,,
101.89,FLYING,SEARCH,0,,,,,13,0,0,0,8,22,CRUISE,,0.09,0.16,0.20,0.00,0.02,0.00,0.00,,
101.98,FLYING,SEARCH,0,,,,,13,0,0,0,8,22,CRUISE,,0.20,0.17,0.21,0.00,0.01,0.00,0.00,,
102.03,FLYING,SEARCH,0,,,,,13,0,0,0,9,22,CRUISE,,0.16,0.18,0.21,0.00,0.01,0.00,0.00,,
102.08,FLYING,SEARCH,0,,,,,13,0,0,0,9,22,CRUISE,,0.29,0.13,0.21,0.00,0.01,0.00,0.00,,yes
102.16,FLYING,SEARCH,0,,,,,13,0,0,0,9,22,CRUISE,,0.21,0.11,0.22,0.00,0.00,0.00,0.00,,yes
102.21,FLYING,SEARCH,0,,,,,13,0,0,0,9,22,CRUISE,,0.19,0.10,0.27,0.00,0.00,0.00,0.00,,yes
102.26,FLYING,SEARCH,0,,,,,13,0,0,0,9,22,CRUISE,,0.19,0.08,0.32,0.00,0.00,0.00,0.00,,yes
102.34,FLYING,SEARCH,0,,,,,13,0,0,0,9,22,CRUISE,,0.29,0.07,0.69,0.00,0.00,0.00,0.00,,yes
102.39,FLYING,SEARCH,0,,,,,13,0,0,0,9,22,CRUISE,,0.34,0.13,0.87,0.00,0.44,0.00,0.00,,yes
102.44,FLYING,SEARCH,0,,,,,13,0,0,0,9,22,CRUISE,,0.37,0.26,0.97,0.00,0.31,0.00,0.00,,yes
102.52,FLYING,SEARCH,0,,,,,13,0,0,0,9,22,CRUISE,,0.39,0.32,1.14,0.00,0.21,0.00,0.07,,yes
102.57,FLYING,SEARCH,0,,,,,13,0,0,0,9,22,CRUISE,,0.40,0.25,1.23,0.00,0.15,0.00,0.14,,yes
102.62,FLYING,SEARCH,0,,,,,13,0,0,0,9,22,CRUISE,,0.32,0.21,1.28,0.00,0.44,0.00,0.02,,yes
102.70,FLYING,SEARCH,0,,,,,13,0,0,0,6,22,CRUISE,,0.28,0.34,1.42,0.00,0.31,0.00,0.16,,yes
102.75,FLYING,SEARCH,0,,,,,13,0,0,0,4,22,CRUISE,,0.28,0.41,1.49,0.00,0.21,0.00,0.24,,yes
102.80,FLYING,SEARCH,0,,,,,13,0,0,0,2,22,CRUISE,,0.30,0.30,0.88,0.00,0.44,0.00,0.00,,yes
102.88,FLYING,SEARCH,0,,,,,13,0,0,0,1,22,CRUISE,,0.36,0.25,0.58,0.00,0.31,0.00,0.00,,yes
102.93,FLYING,SEARCH,0,,,,,13,0,0,0,1,22,CRUISE,,0.40,0.26,0.43,0.00,0.44,0.00,0.00,,yes
102.98,FLYING,SEARCH,0,,,,,13,0,0,0,0,22,CRUISE,,0.34,0.28,0.47,0.00,0.31,0.00,0.00,,yes
103.06,FLYING,SEARCH,0,,,,,13,0,0,0,0,22,CRUISE,,0.31,0.44,0.63,0.00,0.87,0.00,0.00,,yes
103.11,FLYING,SEARCH,0,,,,,13,0,0,0,0,22,CRUISE,,0.29,0.52,0.71,0.00,0.61,0.00,0.00,,yes
103.16,FLYING,SEARCH,0,,,,,13,0,0,0,0,22,CRUISE,,0.31,0.33,0.73,0.00,0.43,0.00,0.00,,yes
103.24,FLYING,SEARCH,0,,,,,13,0,0,0,0,22,CRUISE,,0.19,0.24,0.48,0.00,0.30,0.00,0.00,,yes
103.29,FLYING,SEARCH,0,,,,,13,0,0,0,0,22,CRUISE,,0.11,0.20,0.35,0.00,0.21,0.00,0.00,,
103.34,FLYING,SEARCH,0,,,,,13,0,0,0,0,22,CRUISE,,0.07,0.18,0.29,0.00,0.15,0.00,0.00,,
103.42,FLYING,SEARCH,0,,,,,13,0,0,0,0,22,CRUISE,,0.04,0.14,0.30,0.00,0.10,0.00,0.00,,
103.47,FLYING,SEARCH,0,,,,,13,0,0,0,0,22,CRUISE,,0.03,0.12,0.31,0.00,0.07,0.00,0.00,,
103.52,FLYING,SEARCH,0,,,,,13,0,0,0,0,22,CRUISE,,0.02,0.10,0.30,0.00,0.05,0.00,0.00,,
103.60,FLYING,SEARCH,0,,,,,13,0,0,0,0,22,CRUISE,,0.06,0.08,0.28,0.00,0.04,0.00,0.00,,
103.65,FLYING,SEARCH,0,,,,,13,0,0,0,0,22,CRUISE,,0.08,0.07,0.27,0.00,0.02,0.00,0.00,,
103.70,FLYING,SEARCH,0,,,,,13,0,0,0,3,22,CRUISE,,0.09,0.06,0.19,0.00,0.02,0.00,0.00,,
103.79,FLYING,SEARCH,0,,,,,13,0,0,0,5,22,CRUISE,,0.14,0.05,0.11,0.00,0.01,0.00,0.00,,
103.83,FLYING,SEARCH,0,,,,,13,0,0,0,7,22,CRUISE,,0.16,0.05,0.06,0.00,0.01,0.00,0.00,,
103.88,FLYING,SEARCH,0,,,,,13,0,0,0,8,22,CRUISE,,0.19,0.06,0.06,0.00,0.01,0.00,0.00,,
103.97,FLYING,SEARCH,0,,,,,13,0,0,0,8,22,CRUISE,,0.22,0.07,0.14,0.00,0.44,0.00,0.00,,
104.01,FLYING,SEARCH,0,,,,,13,0,0,0,9,22,CRUISE,,0.23,0.11,0.21,0.00,0.31,0.00,0.00,,
104.06,FLYING,SEARCH,0,,,,,13,0,0,0,9,22,CRUISE,,0.31,0.13,0.24,0.00,0.44,0.00,0.00,,yes
104.15,FLYING,SEARCH,0,,,,,13,0,0,0,9,22,CRUISE,,0.42,0.13,0.17,0.00,0.31,0.00,0.00,,yes
104.19,FLYING,SEARCH,0,,,,,13,0,0,0,9,22,CRUISE,,0.48,0.13,0.12,0.00,0.21,0.00,0.00,,yes
104.24,FLYING,SEARCH,0,,,,,13,0,0,0,9,22,CRUISE,,0.34,0.14,0.10,0.00,0.44,0.00,0.00,,yes
104.33,FLYING,SEARCH,0,,,,,13,0,0,0,9,22,CRUISE,,0.27,0.19,0.22,0.00,0.31,0.00,0.00,,yes
104.37,FLYING,SEARCH,0,,,,,13,0,0,0,9,22,CRUISE,,0.24,0.21,0.27,0.00,0.21,0.00,0.00,,yes
104.42,FLYING,SEARCH,0,,,,,13,0,0,0,9,22,CRUISE,,0.27,0.19,0.30,0.00,0.15,0.00,0.00,,yes
104.51,FLYING,SEARCH,0,,,,,13,0,0,0,9,22,CRUISE,,0.21,0.18,0.29,0.00,0.10,0.00,0.00,,yes
104.55,FLYING,SEARCH,0,,,,,13,0,0,0,9,22,CRUISE,,0.46,0.20,0.53,0.00,0.44,0.00,0.00,,yes
104.60,FLYING,SEARCH,0,,,,,13,0,0,0,9,22,CRUISE,,0.58,0.49,0.65,0.00,0.31,0.00,0.00,,yes
104.69,FLYING,SEARCH,0,,,,,13,0,0,0,9,22,CRUISE,,0.64,0.64,0.71,0.00,0.21,0.00,0.00,,yes
104.73,FLYING,SEARCH,0,,,,,13,0,0,0,6,22,CRUISE,,0.43,0.43,0.59,0.00,0.44,0.00,0.00,,yes
104.78,FLYING,SEARCH,0,,,,,13,0,0,0,4,22,CRUISE,,0.24,0.32,0.53,0.00,0.31,0.00,0.00,,yes
104.87,FLYING,SEARCH,0,,,,,13,0,0,0,2,22,CRUISE,,0.15,0.27,0.50,0.00,0.21,0.00,0.00,,yes
104.91,FLYING,SEARCH,0,,,,,13,0,0,0,1,22,CRUISE,,0.19,0.20,0.43,0.00,0.44,0.00,0.00,,yes
104.96,FLYING,SEARCH,0,,,,,13,0,0,0,1,22,CRUISE,,0.21,0.15,0.39,0.00,0.44,0.00,0.00,,yes
105.05,FLYING,SEARCH,0,,,,,13,0,0,0,0,22,CRUISE,,0.20,0.12,0.36,0.00,0.31,0.00,0.00,,yes
105.09,FLYING,SEARCH,0,,,,,13,0,0,0,0,22,CRUISE,,0.20,0.18,0.47,0.00,0.87,0.00,0.00,,yes
105.14,FLYING,SEARCH,0,,,,,13,0,0,0,0,22,CRUISE,,0.31,0.27,0.53,0.00,0.61,0.00,0.00,,yes
105.23,FLYING,SEARCH,0,,,,,13,0,0,0,0,22,CRUISE,,0.39,0.31,0.56,0.00,0.43,0.00,0.00,,yes
105.27,FLYING,SEARCH,0,,,,,13,0,0,0,0,22,CRUISE,,0.42,0.23,0.46,0.00,0.30,0.00,0.00,,yes
105.32,FLYING,SEARCH,0,,,,,13,0,0,0,0,22,CRUISE,,0.44,0.19,0.72,0.00,0.21,0.00,0.00,,
105.41,FLYING,SEARCH,0,,,,,13,0,0,0,0,22,CRUISE,,0.50,0.19,0.70,0.00,0.44,0.00,0.00,,
105.45,FLYING,SEARCH,0,,,,,13,0,0,0,0,22,CRUISE,,0.53,0.20,0.69,0.00,0.31,0.00,0.00,,
105.50,FLYING,SEARCH,0,,,,,13,0,0,0,0,22,CRUISE,,0.50,0.21,0.69,0.00,0.21,0.00,0.00,,
105.59,FLYING,SEARCH,0,,,,,13,0,0,0,0,22,CRUISE,,0.42,0.24,0.61,0.00,0.15,0.00,0.00,,
105.63,FLYING,SEARCH,0,,,,,13,0,0,0,0,22,CRUISE,,0.44,0.23,1.17,0.00,0.44,0.00,0.00,,
105.68,FLYING,SEARCH,0,,,,,13,0,0,0,0,22,CRUISE,,0.41,0.25,0.85,0.00,0.44,0.00,0.00,,
105.77,FLYING,SEARCH,0,,,,,13,0,0,0,3,22,CRUISE,,0.48,0.45,0.75,0.00,0.31,0.00,0.00,,
105.81,FLYING,SEARCH,0,,,,,13,0,0,0,5,22,CRUISE,,0.43,0.54,0.59,0.00,0.44,0.00,0.00,,
105.86,FLYING,SEARCH,0,,,,,13,0,0,0,7,22,CRUISE,,0.32,0.48,0.53,0.00,0.31,0.00,0.00,,
105.95,FLYING,SEARCH,0,,,,,13,0,0,0,8,22,CRUISE,,0.25,0.46,0.43,0.00,0.21,0.00,0.00,,
105.99,FLYING,SEARCH,0,,,,,13,0,0,0,8,22,CRUISE,,0.22,0.47,0.37,0.00,0.15,0.00,0.00,,
106.04,FLYING,SEARCH,0,,,,,13,0,0,0,9,22,CRUISE,,0.21,0.47,0.33,0.00,0.44,0.00,0.00,,
106.13,FLYING,SEARCH,0,,,,,13,0,0,0,9,22,CRUISE,,0.25,0.40,0.31,0.00,0.31,0.00,0.00,,yes
106.17,FLYING,SEARCH,0,,,,,13,0,0,0,9,22,CRUISE,,0.28,0.34,0.30,0.00,0.21,0.00,0.00,,yes
106.22,FLYING,SEARCH,0,,,,,13,0,0,0,9,22,CRUISE,,0.29,0.29,0.30,0.00,0.15,0.00,0.00,,yes
106.31,FLYING,SEARCH,0,,,,,13,0,0,0,9,22,CRUISE,,0.35,0.26,0.25,0.00,0.10,0.00,0.00,,yes
106.36,FLYING,SEARCH,0,,,,,13,0,0,0,9,22,CRUISE,,0.39,0.19,0.28,0.00,0.07,0.00,0.00,,yes
106.40,FLYING,SEARCH,0,,,,,13,0,0,0,9,22,CRUISE,,0.48,0.16,0.29,0.00,0.05,0.00,0.00,,yes
106.49,FLYING,SEARCH,0,,,,,13,0,0,0,9,22,CRUISE,,0.36,0.14,0.33,0.00,0.04,0.00,0.00,,yes
106.54,FLYING,SEARCH,0,,,,,13,0,0,0,9,22,CRUISE,,0.30,0.19,0.54,0.00,0.44,0.00,0.00,,yes
106.58,FLYING,SEARCH,0,,,,,13,0,0,0,9,22,CRUISE,,0.28,0.34,0.92,0.00,0.31,0.00,0.00,,yes
106.67,FLYING,SEARCH,0,,,,,13,0,0,0,9,22,CRUISE,,0.26,0.41,1.11,0.00,0.44,0.00,0.00,,yes
106.72,FLYING,SEARCH,0,,,,,13,0,0,0,6,22,CRUISE,,0.26,0.32,0.89,0.00,0.31,0.00,0.00,,yes
106.76,FLYING,SEARCH,0,,,,,13,0,0,0,4,22,CRUISE,,0.26,0.18,0.77,0.00,0.44,0.00,0.00,,yes
106.85,FLYING,SEARCH,0,,,,,13,0,0,0,2,22,CRUISE,,0.82,0.11,1.18,0.00,0.31,0.00,0.04,,yes
106.90,FLYING,SEARCH,0,,,,,13,0,0,0,1,22,CRUISE,,1.11,0.14,1.39,0.00,0.21,0.05,0.19,,yes
106.94,FLYING,SEARCH,0,,,,,13,0,0,0,1,22,CRUISE,,1.25,0.82,1.49,0.00,0.44,0.01,0.13,,yes
107.03,FLYING,SEARCH,0,,,,,13,0,0,0,0,22,CRUISE,,1.35,1.23,1.43,0.00,0.31,0.12,0.16,,yes
107.08,FLYING,SEARCH,0,,,,,13,0,0,0,0,22,CRUISE,,1.39,1.44,1.40,0.00,0.21,0.21,0.21,,yes
107.12,FLYING,SEARCH,0,,,,,13,0,0,0,0,22,CRUISE,,0.97,0.80,0.97,0.00,0.15,0.01,0.01,,yes
107.22,FLYING,SEARCH,0,,,,,13,0,0,0,0,22,CRUISE,,0.63,0.47,0.65,0.00,0.44,0.00,0.00,,yes
107.27,FLYING,SEARCH,0,,,,,13,0,0,0,0,22,CRUISE,,0.46,0.36,0.50,0.00,0.31,0.00,0.00,,yes
107.32,FLYING,SEARCH,0,,,,,13,0,0,0,0,22,CRUISE,,0.36,0.33,0.42,0.00,0.21,0.00,0.00,,
107.40,FLYING,SEARCH,0,,,,,13,0,0,0,0,22,CRUISE,,0.31,0.29,0.36,0.00,0.15,0.00,0.00,,
107.45,FLYING,SEARCH,0,,,,,13,0,0,0,0,22,CRUISE,,0.16,0.21,0.33,0.00,0.10,0.00,0.00,,
107.50,FLYING,SEARCH,0,,,,,13,0,0,0,0,22,CRUISE,,0.21,0.16,0.27,0.00,0.07,0.00,0.00,,
107.58,FLYING,SEARCH,0,,,,,13,0,0,0,0,22,CRUISE,,0.17,0.14,0.24,0.00,0.05,0.00,0.00,,
107.63,FLYING,SEARCH,0,,,,,13,0,0,0,0,22,CRUISE,,0.22,0.12,0.22,0.00,0.04,0.00,0.00,,
107.68,FLYING,SEARCH,0,,,,,13,0,0,0,0,22,CRUISE,,0.23,0.11,0.21,0.00,0.03,0.00,0.00,,
107.76,FLYING,SEARCH,0,,,,,13,0,0,0,3,22,CRUISE,,0.23,0.13,0.21,0.00,0.02,0.00,0.00,,
107.81,FLYING,SEARCH,0,,,,,13,0,0,0,5,22,CRUISE,,0.23,0.15,0.24,0.00,0.01,0.00,0.00,,
107.86,FLYING,SEARCH,0,,,,,13,0,0,0,7,22,CRUISE,,0.30,0.16,0.29,0.00,0.01,0.00,0.00,,
107.94,FLYING,SEARCH,0,,,,,13,0,0,0,8,22,CRUISE,,0.39,0.30,0.42,0.00,0.01,0.00,0.00,,
107.99,FLYING,SEARCH,0,,,,,13,0,0,0,8,22,CRUISE,,0.49,0.36,0.48,0.00,0.00,0.00,0.00,,
108.04,FLYING,SEARCH,0,,,,,13,0,0,0,9,22,CRUISE,,0.54,0.40,0.59,0.00,0.00,0.00,0.00,,
108.12,FLYING,SEARCH,0,,,,,13,0,0,0,9,22,CRUISE,,0.57,0.39,0.52,0.00,0.00,0.00,0.00,,yes
108.17,FLYING,SEARCH,0,,,,,13,0,0,0,9,22,CRUISE,,0.53,0.38,0.48,0.00,0.00,0.00,0.00,,yes
108.22,FLYING,SEARCH,0,,,,,13,0,0,0,9,22,CRUISE,,0.52,0.38,0.47,0.00,0.00,0.00,0.00,,yes
108.31,FLYING,SEARCH,0,,,,,13,0,0,0,9,22,CRUISE,,0.56,0.41,0.51,0.00,0.00,0.00,0.00,,yes
108.35,FLYING,SEARCH,0,,,,,13,0,0,0,9,22,CRUISE,,0.58,0.42,0.53,0.00,0.00,0.00,0.00,,yes
108.40,FLYING,SEARCH,0,,,,,13,0,0,0,9,22,CRUISE,,0.59,0.32,0.36,0.00,0.00,0.00,0.00,,yes
108.48,FLYING,SEARCH,0,,,,,13,0,0,0,9,22,CRUISE,,0.55,0.26,0.27,0.00,0.00,0.00,0.00,,yes
108.53,FLYING,SEARCH,0,,,,,13,0,0,0,9,22,CRUISE,,0.53,0.23,0.21,0.00,0.00,0.00,0.00,,yes
108.58,FLYING,SEARCH,0,,,,,13,0,0,0,9,22,CRUISE,,0.36,0.22,0.21,0.00,0.00,0.00,0.00,,yes
108.66,FLYING,SEARCH,0,,,,,13,0,0,0,9,22,CRUISE,,0.27,0.18,0.28,0.00,0.00,0.00,0.00,,yes
108.71,FLYING,SEARCH,0,,,,,13,0,0,0,6,22,CRUISE,,0.26,0.15,0.31,0.00,0.00,0.00,0.00,,yes
108.76,FLYING,SEARCH,0,,,,,13,0,0,0,4,22,CRUISE,,0.29,0.13,0.33,0.00,0.44,0.00,0.00,,yes
108.85,FLYING,SEARCH,0,,,,,13,0,0,0,2,21,CRUISE,,0.28,0.91,0.59,0.00,0.31,0.00,0.00,,yes
108.89,FLYING,SEARCH,0,,,,,13,0,0,0,1,21,CRUISE,,0.28,1.30,0.72,0.00,0.21,0.14,0.14,,yes
108.94,FLYING,SEARCH,0,,,,,13,0,0,0,1,21,CRUISE,,0.28,0.80,0.49,0.00,0.15,0.00,0.00,,yes
109.03,FLYING,SEARCH,0,,,,,13,0,0,0,0,21,CRUISE,,0.28,0.49,0.37,0.00,0.10,0.00,0.00,,yes
109.07,FLYING,SEARCH,0,,,,,13,0,0,0,0,21,CRUISE,,0.16,0.33,0.31,0.00,0.07,0.00,0.00,,yes
109.12,FLYING,SEARCH,0,,,,,13,0,0,0,0,21,CRUISE,,0.10,0.25,0.32,0.00,0.05,0.00,0.00,,yes
109.21,FLYING,SEARCH,0,,,,,13,0,0,0,0,21,CRUISE,,0.20,0.19,0.34,0.00,0.04,0.00,0.00,,yes
109.25,FLYING,SEARCH,0,,,,,13,0,0,0,0,21,CRUISE,,0.25,0.15,0.36,0.00,0.03,0.00,0.00,,yes
109.30,FLYING,SEARCH,0,,,,,13,0,0,0,0,21,CRUISE,,0.23,0.13,0.32,0.00,0.02,0.00,0.00,,
109.39,FLYING,SEARCH,0,,,,,13,0,0,0,0,21,CRUISE,,0.16,0.13,0.28,0.00,0.01,0.00,0.00,,
109.43,FLYING,SEARCH,0,,,,,13,0,0,0,0,21,CRUISE,,0.19,0.13,0.21,0.00,0.01,0.00,0.00,,
109.48,FLYING,SEARCH,0,,,,,13,0,0,0,0,21,CRUISE,,0.14,0.11,0.18,0.00,0.01,0.00,0.00,,
109.57,FLYING,SEARCH,0,,,,,13,0,0,0,0,21,CRUISE,,0.10,0.09,0.16,0.00,0.00,0.00,0.00,,
109.61,FLYING,SEARCH,0,,,,,13,0,0,0,0,21,CRUISE,,0.08,0.08,0.15,0.00,0.00,0.00,0.00,,
109.66,FLYING,SEARCH,0,,,,,13,0,0,0,0,21,CRUISE,,0.12,0.07,0.14,0.00,0.00,0.00,0.00,,
109.75,FLYING,SEARCH,0,,,,,13,0,0,0,3,21,CRUISE,,0.15,0.07,0.12,0.00,0.00,0.00,0.00,,
109.79,FLYING,SEARCH,0,,,,,13,0,0,0,5,21,CRUISE,,0.17,0.06,0.13,0.00,0.00,0.00,0.00,,
109.84,FLYING,SEARCH,0,,,,,13,0,0,0,7,21,CRUISE,,0.18,0.10,0.13,0.00,0.00,0.00,0.00,,
109.93,FLYING,SEARCH,0,,,,,13,0,0,0,8,21,CRUISE,,0.28,0.14,0.12,0.00,0.00,0.00,0.00,,
109.98,FLYING,SEARCH,0,,,,,13,0,0,0,8,21,CRUISE,,0.32,0.15,0.10,0.00,0.00,0.00,0.00,,
110.02,FLYING,SEARCH,0,,,,,13,0,0,0,9,21,CRUISE,,0.30,0.16,0.09,0.00,0.00,0.00,0.00,,
110.11,FLYING,SEARCH,0,,,,,13,0,0,0,9,21,CRUISE,,0.29,0.18,0.21,0.00,0.00,0.00,0.00,,yes
110.16,FLYING,SEARCH,0,,,,,13,0,0,0,9,21,CRUISE,,0.28,0.30,0.26,0.00,0.44,0.00,0.00,,yes
110.20,FLYING,SEARCH,0,,,,,13,0,0,0,9,21,CRUISE,,0.21,0.44,0.29,0.00,0.31,0.00,0.00,,yes
110.29,FLYING,SEARCH,0,,,,,13,0,0,0,9,21,CRUISE,,0.18,0.51,0.42,0.00,0.21,0.00,0.00,,yes
110.34,FLYING,SEARCH,0,,,,,13,0,0,0,9,21,CRUISE,,0.22,0.51,0.48,0.00,0.15,0.00,0.00,,yes
110.38,FLYING,SEARCH,0,,,,,13,0,0,0,9,21,CRUISE,,0.26,0.41,0.43,0.00,0.10,0.00,0.00,,yes
110.47,FLYING,SEARCH,0,,,,,13,0,0,0,9,21,CRUISE,,0.51,0.36,0.37,0.00,0.07,0.00,0.00,,yes
110.51,FLYING,SEARCH,0,,,,,13,0,0,0,9,21,CRUISE,,0.64,0.34,0.33,0.00,0.44,0.00,0.00,,yes
110.56,FLYING,SEARCH,0,,,,,13,0,0,0,9,21,CRUISE,,0.56,0.34,0.31,0.00,0.44,0.00,0.00,,yes
110.65,FLYING,SEARCH,0,,,,,13,0,0,0,9,21,CRUISE,,0.45,0.31,0.35,0.00,0.31,0.00,0.00,,yes
110.69,FLYING,SEARCH,0,,,,,13,0,0,0,6,21,CRUISE,,0.47,0.29,0.38,0.00,0.21,0.00,0.00,,yes
110.74,FLYING,SEARCH,0,,,,,13,0,0,0,4,21,CRUISE,,0.51,0.28,0.38,0.00,0.15,0.00,0.00,,yes
110.83,FLYING,SEARCH,0,,,,,13,0,0,0,2,21,CRUISE,,0.54,0.24,0.38,0.00,0.44,0.00,0.00,,yes
110.87,FLYING,SEARCH,0,,,,,13,0,0,0,1,21,CRUISE,,0.49,0.22,0.31,0.00,0.31,0.00,0.00,,yes
110.92,FLYING,SEARCH,0,,,,,13,0,0,0,1,21,CRUISE,,0.42,0.21,0.34,0.00,0.21,0.00,0.00,,yes
111.01,FLYING,SEARCH,0,,,,,13,0,0,0,0,21,CRUISE,,0.29,0.35,0.70,0.00,0.15,0.00,0.00,,yes
111.05,FLYING,SEARCH,0,,,,,13,0,0,0,0,21,CRUISE,,0.21,0.42,0.89,0.00,0.10,0.00,0.00,,yes
111.10,FLYING,SEARCH,0,,,,,13,0,0,0,0,21,CRUISE,,0.16,0.46,0.76,0.00,0.44,0.00,0.00,,yes
111.19,FLYING,SEARCH,0,,,,,13,0,0,0,0,21,CRUISE,,0.15,0.50,0.69,0.00,0.31,0.00,0.00,,yes
111.23,FLYING,SEARCH,0,,,,,13,0,0,0,0,21,CRUISE,,0.15,0.52,0.64,0.00,0.21,0.00,0.00,,yes
111.28,FLYING,SEARCH,0,,,,,13,0,0,0,0,21,CRUISE,,0.15,0.37,0.68,0.00,0.15,0.00,0.00,,yes
111.37,FLYING,SEARCH,0,,,,,13,0,0,0,0,21,CRUISE,,0.15,0.28,0.63,0.00,0.10,0.00,0.00,,
111.41,FLYING,SEARCH,0,,,,,13,0,0,0,0,21,CRUISE,,0.12,0.21,0.60,0.00,0.07,0.00,0.00,,
111.46,FLYING,SEARCH,0,,,,,13,0,0,0,0,21,CRUISE,,0.11,0.18,0.48,0.00,0.05,0.00,0.00,,
111.55,FLYING,SEARCH,0,,,,,13,0,0,0,0,21,CRUISE,,0.17,0.20,0.39,0.00,0.04,0.00,0.00,,
111.59,FLYING,SEARCH,0,,,,,13,0,0,0,0,21,CRUISE,,0.19,0.21,0.31,0.00,0.03,0.00,0.00,,
111.64,FLYING,SEARCH,0,,,,,13,0,0,0,0,21,CRUISE,,0.12,0.21,0.20,0.00,0.02,0.00,0.00,,
111.72,FLYING,SEARCH,0,,,,,13,0,0,0,3,21,CRUISE,,0.08,0.20,0.15,0.00,0.44,0.00,0.00,,
111.77,FLYING,SEARCH,0,,,,,13,0,0,0,5,21,CRUISE,,0.20,0.19,0.16,0.00,0.31,0.00,0.00,,
111.82,FLYING,SEARCH,0,,,,,13,0,0,0,7,21,CRUISE,,0.26,0.18,0.17,0.00,0.21,0.00,0.00,,
111.90,FLYING,SEARCH,0,,,,,13,0,0,0,8,21,CRUISE,,0.28,0.16,0.15,0.00,0.15,0.00,0.00,,
111.95,FLYING,SEARCH,0,,,,,13,0,0,0,8,21,CRUISE,,0.15,0.15,0.14,0.00,0.44,0.00,0.00,,
112.00,FLYING,SEARCH,0,,,,,13,0,0,0,9,21,CRUISE,,0.09,0.15,0.18,0.00,0.31,0.00,0.00,,
112.08,FLYING,SEARCH,0,,,,,13,0,0,0,9,21,CRUISE,,0.07,0.15,0.20,0.00,0.21,0.00,0.00,,yes
112.13,FLYING,SEARCH,0,,,,,13,0,0,0,9,21,CRUISE,,0.22,0.18,0.19,0.00,0.15,0.00,0.00,,yes
112.18,FLYING,SEARCH,0,,,,,13,0,0,0,9,21,CRUISE,,0.30,0.20,0.19,0.00,0.10,0.00,0.00,,yes
112.27,FLYING,SEARCH,0,,,,,13,0,0,0,9,21,CRUISE,,0.34,0.20,0.20,0.00,0.07,0.00,0.00,,yes
112.32,FLYING,SEARCH,0,,,,,13,0,0,0,9,21,CRUISE,,0.27,0.21,0.21,0.00,0.05,0.00,0.00,,yes
112.36,FLYING,SEARCH,0,,,,,13,0,0,0,9,21,CRUISE,,0.19,0.18,0.21,0.00,0.04,0.00,0.00,,yes
112.45,FLYING,SEARCH,0,,,,,13,0,0,0,9,21,CRUISE,,0.13,0.27,0.36,0.00,0.44,0.00,0.00,,yes
112.50,FLYING,SEARCH,0,,,,,13,0,0,0,9,21,CRUISE,,0.10,0.28,0.43,0.00,0.31,0.00,0.00,,yes
112.54,FLYING,SEARCH,0,,,,,13,0,0,0,9,21,CRUISE,,0.08,0.29,0.46,0.00,0.21,0.00,0.00,,yes
112.63,FLYING,SEARCH,0,,,,,13,0,0,0,9,21,CRUISE,,0.19,0.28,0.42,0.00,0.15,0.00,0.00,,yes
112.68,FLYING,SEARCH,0,,,,,13,0,0,0,9,21,CRUISE,,0.24,0.20,0.40,0.00,0.10,0.00,0.00,,yes
112.72,FLYING,SEARCH,0,,,,,13,0,0,0,6,21,CRUISE,,0.33,0.16,0.39,0.00,0.07,0.00,0.00,,yes
112.81,FLYING,SEARCH,0,,,,,13,0,0,0,4,21,CRUISE,,0.24,0.14,0.47,0.00,0.05,0.00,0.00,,yes
112.86,FLYING,SEARCH,0,,,,,13,0,0,0,2,21,CRUISE,,0.19,0.19,0.51,0.00,0.44,0.00,0.00,,yes
112.90,FLYING,SEARCH,0,,,,,13,0,0,0,1,20,CRUISE,,0.17,0.24,0.49,0.00,0.31,0.00,0.00,,yes
112.99,FLYING,SEARCH,0,,,,,13,0,0,0,1,20,CRUISE,,0.23,0.26,0.40,0.00,0.21,0.00,0.00,,yes
113.04,FLYING,SEARCH,0,,,,,13,0,0,0,0,20,CRUISE,,0.27,0.15,0.35,0.00,0.15,0.00,0.00,,yes
113.08,FLYING,SEARCH,0,,,,,13,0,0,0,0,20,CRUISE,,0.21,0.10,0.27,0.00,0.10,0.00,0.00,,yes
113.17,FLYING,SEARCH,0,,,,,13,0,0,0,0,20,CRUISE,,0.18,0.08,0.21,0.00,0.07,0.00,0.00,,yes
113.22,FLYING,SEARCH,0,,,,,13,0,0,0,0,20,CRUISE,,0.23,0.10,0.15,0.00,0.05,0.00,0.00,,yes
113.26,FLYING,SEARCH,0,,,,,13,0,0,0,0,20,CRUISE,,0.25,0.11,0.12,0.00,0.04,0.00,0.00,,yes
113.35,FLYING,SEARCH,0,,,,,13,0,0,0,0,20,CRUISE,,0.24,0.12,0.11,0.00,0.03,0.00,0.00,,
113.40,FLYING,SEARCH,0,,,,,13,0,0,0,0,20,CRUISE,,0.21,0.08,0.11,0.00,0.02,0.00,0.00,,
113.44,FLYING,SEARCH,0,,,,,13,0,0,0,0,20,CRUISE,,0.19,0.06,0.10,0.00,0.01,0.00,0.00,,
113.53,FLYING,SEARCH,0,,,,,13,0,0,0,0,20,CRUISE,,0.18,0.07,0.10,0.00,0.01,0.00,0.00,,
113.58,FLYING,SEARCH,0,,,,,13,0,0,0,0,20,CRUISE,,0.21,0.07,0.06,0.00,0.01,0.00,0.00,,
113.62,FLYING,SEARCH,0,,,,,13,0,0,0,0,20,CRUISE,,0.23,0.13,0.04,0.00,0.00,0.00,0.00,,
113.71,FLYING,SEARCH,0,,,,,13,0,0,0,3,20,CRUISE,,0.26,0.14,0.06,0.00,0.00,0.00,0.00,,
113.76,FLYING,SEARCH,0,,,,,13,0,0,0,5,20,CRUISE,,0.28,0.14,0.08,0.00,0.00,0.00,0.00,,
113.81,FLYING,SEARCH,0,,,,,13,0,0,0,7,20,CRUISE,,0.29,0.14,0.09,0.00,0.00,0.00,0.00,,
113.89,FLYING,SEARCH,0,,,,,13,0,0,0,8,20,CRUISE,,0.20,0.13,0.09,0.00,0.00,0.00,0.00,,
113.94,FLYING,SEARCH,0,,,,,13,0,0,0,8,20,CRUISE,,0.14,0.12,0.07,0.00,0.00,0.00,0.00,,
113.99,FLYING,SEARCH,0,,,,,13,0,0,0,9,20,CRUISE,,0.11,0.11,0.06,0.00,0.00,0.00,0.00,,
114.07,FLYING,SEARCH,0,,,,,13,0,0,0,9,20,CRUISE,,0.11,0.13,0.07,0.00,0.00,0.00,0.00,,yes
114.12,FLYING,SEARCH,0,,,,,13,0,0,0,9,20,CRUISE,,0.10,0.14,0.07,0.00,0.00,0.00,0.00,,yes
114.17,FLYING,SEARCH,0,,,,,13,0,0,0,9,20,CRUISE,,0.10,0.15,0.07,0.00,0.00,0.00,0.00,,yes
114.25,FLYING,SEARCH,0,,,,,13,0,0,0,9,20,CRUISE,,0.22,0.18,0.15,0.00,0.00,0.00,0.00,,yes
114.30,FLYING,SEARCH,0,,,,,13,0,0,0,9,20,CRUISE,,0.28,0.22,0.19,0.00,0.44,0.00,0.00,,yes
114.35,FLYING,SEARCH,0,,,,,13,0,0,0,9,20,CRUISE,,0.26,0.34,0.21,0.00,0.31,0.00,0.00,,yes
114.43,FLYING,SEARCH,0,,,,,13,0,0,0,9,20,CRUISE,,0.25,0.41,0.23,0.00,0.21,0.00,0.00,,yes
114.48,FLYING,SEARCH,0,,,,,13,0,0,0,9,20,CRUISE,,0.25,0.34,0.26,0.00,0.44,0.00,0.00,,yes
114.53,FLYING,SEARCH,0,,,,,13,0,0,0,9,20,CRUISE,,0.23,0.30,0.32,0.00,0.31,0.00,0.00,,yes
114.61,FLYING,SEARCH,0,,,,,13,0,0,0,9,20,CRUISE,,0.22,0.28,0.35,0.00,0.21,0.00,0.00,,yes
114.66,FLYING,SEARCH,0,,,,,13,0,0,0,9,20,CRUISE,,0.21,0.20,0.37,0.00,0.15,0.00,0.00,,yes
114.71,FLYING,SEARCH,0,,,,,13,0,0,0,6,20,CRUISE,,0.23,0.15,0.41,0.00,0.44,0.00,0.00,,yes
114.79,FLYING,SEARCH,0,,,,,13,0,0,0,4,20,CRUISE,,0.54,0.12,0.63,0.00,0.31,0.00,0.00,,yes
114.84,FLYING,SEARCH,0,,,,,13,0,0,0,2,20,CRUISE,,0.70,0.15,0.74,0.00,0.44,0.00,0.00,,yes
114.89,FLYING,SEARCH,0,,,,,13,0,0,0,1,20,CRUISE,,0.57,0.29,0.59,0.00,0.44,0.00,0.00,,yes
114.97,FLYING,SEARCH,0,,,,,13,0,0,0,1,20,CRUISE,,0.48,0.33,0.52,0.00,0.31,0.00,0.00,,yes
115.02,FLYING,SEARCH,0,,,,,13,0,0,0,0,20,CRUISE,,0.46,0.54,0.78,0.00,0.87,0.00,0.00,,yes
115.07,FLYING,SEARCH,0,,,,,13,0,0,0,0,20,CRUISE,,0.76,0.69,0.97,0.00,0.61,0.00,0.00,,yes
115.15,FLYING,SEARCH,0,,,,,13,0,0,0,0,20,CRUISE,,0.91,0.77,1.06,0.00,0.44,0.00,0.00,,yes
115.20,FLYING,SEARCH,0,,,,,13,0,0,0,0,20,CRUISE,,0.64,0.75,1.09,0.00,0.31,0.00,0.00,,yes
115.25,FLYING,SEARCH,0,,,,,13,0,0,0,0,20,CRUISE,,0.47,0.56,0.81,0.00,0.21,0.00,0.00,,yes
115.33,FLYING,SEARCH,0,,,,,13,0,0,0,0,20,CRUISE,,0.38,0.42,0.67,0.00,0.15,0.00,0.00,,yes
115.38,FLYING,SEARCH,0,,,,,13,0,0,0,0,20,CRUISE,,0.34,0.27,0.45,0.00,0.10,0.00,0.00,,
115.43,FLYING,SEARCH,0,,,,,13,0,0,0,0,20,CRUISE,,0.35,0.20,0.31,0.00,0.07,0.00,0.00,,
115.51,FLYING,SEARCH,0,,,,,13,0,0,0,0,20,CRUISE,,0.26,0.15,0.22,0.00,0.05,0.00,0.00,,
115.56,FLYING,SEARCH,0,,,,,13,0,0,0,0,20,CRUISE,,0.19,0.14,0.17,0.00,0.04,0.00,0.00,,
115.61,FLYING,SEARCH,0,,,,,13,0,0,0,0,20,CRUISE,,0.15,0.14,0.16,0.00,0.03,0.00,0.00,,
115.69,FLYING,SEARCH,0,,,,,13,0,0,0,0,20,CRUISE,,0.20,0.15,0.16,0.00,0.02,0.00,0.00,,
115.74,FLYING,SEARCH,0,,,,,13,0,0,0,3,20,CRUISE,,0.22,0.16,0.15,0.00,0.01,0.00,0.00,,
115.79,FLYING,SEARCH,0,,,,,13,0,0,0,5,20,CRUISE,,0.23,0.19,0.16,0.00,0.01,0.00,0.00,,
115.87,FLYING,SEARCH,0,,,,,13,0,0,0,7,20,CRUISE,,0.21,0.19,0.14,0.00,0.01,0.00,0.00,,
115.92,FLYING,SEARCH,0,,,,,13,0,0,0,8,20,CRUISE,,0.16,0.19,0.13,0.00,0.00,0.00,0.00,,
115.97,FLYING,SEARCH,0,,,,,13,0,0,0,8,20,CRUISE,,0.14,0.18,0.12,0.00,0.00,0.00,0.00,,
116.06,FLYING,SEARCH,0,,,,,13,0,0,0,9,20,CRUISE,,0.13,0.17,0.12,0.00,0.00,0.00,0.00,,
116.10,FLYING,SEARCH,0,,,,,13,0,0,0,9,20,CRUISE,,0.09,0.16,0.16,0.00,0.00,0.00,0.00,,yes
116.15,FLYING,SEARCH,0,,,,,13,0,0,0,9,20,CRUISE,,0.07,0.16,0.18,0.00,0.00,0.00,0.00,,yes
116.24,FLYING,SEARCH,0,,,,,13,0,0,0,9,20,CRUISE,,0.14,0.19,0.31,0.00,0.00,0.00,0.00,,yes
116.29,FLYING,SEARCH,0,,,,,13,0,0,0,9,20,CRUISE,,0.19,0.20,0.39,0.00,0.00,0.00,0.00,,yes
116.33,FLYING,SEARCH,0,,,,,13,0,0,0,9,20,CRUISE,,0.24,0.32,0.42,0.00,0.44,0.00,0.00,,yes
116.42,FLYING,SEARCH,0,,,,,13,0,0,0,9,20,CRUISE,,0.33,0.24,0.29,0.00,0.31,0.00,0.00,,yes
116.47,FLYING,SEARCH,0,,,,,13,0,0,0,9,20,CRUISE,,0.37,0.22,0.23,0.00,0.21,0.00,0.00,,yes
116.51,FLYING,SEARCH,0,,,,,13,0,0,0,9,20,CRUISE,,0.30,0.21,0.39,0.00,0.15,0.00,0.00,,yes
116.60,FLYING,SEARCH,0,,,,,13,0,0,0,9,20,CRUISE,,0.26,0.20,0.47,0.00,0.44,0.00,0.00,,yes
116.65,FLYING,SEARCH,0,,,,,13,0,0,0,9,20,CRUISE,,0.32,0.19,0.32,0.00,0.31,0.00,0.00,,yes
116.69,FLYING,SEARCH,0,,,,,13,0,0,0,9,20,CRUISE,,0.34,0.18,0.24,0.00,0.21,0.00,0.00,,yes
116.78,FLYING,SEARCH,0,,,,,13,0,0,0,6,20,CRUISE,,0.33,0.21,0.37,0.00,0.15,0.00,0.00,,yes
116.83,FLYING,SEARCH,0,,,,,13,0,0,0,4,20,CRUISE,,0.32,0.22,0.43,0.00,0.44,0.00,0.00,,yes
116.88,FLYING,SEARCH,0,,,,,13,0,0,0,2,20,CRUISE,,0.39,0.20,0.29,0.00,0.31,0.00,0.00,,yes
116.96,FLYING,SEARCH,0,,,,,13,0,0,0,1,20,CRUISE,,0.66,0.19,0.22,0.00,0.21,0.00,0.00,,yes
117.01,FLYING,SEARCH,0,,,,,13,0,0,0,1,20,CRUISE,,0.79,0.19,0.45,0.00,0.44,0.00,0.00,,yes
117.06,FLYING,SEARCH,0,,,,,13,0,0,0,0,20,CRUISE,,0.44,0.26,0.57,0.00,0.31,0.00,0.00,,yes
117.14,FLYING,SEARCH,0,,,,,13,0,0,0,0,20,CRUISE,,0.26,0.38,0.73,0.00,0.87,0.00,0.00,,yes
117.19,FLYING,SEARCH,0,,,,,13,0,0,0,0,20,CRUISE,,0.73,0.87,0.88,0.00,0.61,0.00,0.00,,yes
117.24,FLYING,SEARCH,0,,,,,13,0,0,0,0,20,CRUISE,,0.96,1.11,1.19,0.00,0.43,0.00,0.00,,yes
117.32,FLYING,SEARCH,0,,,,,13,0,0,0,0,20,CRUISE,,0.63,0.83,1.58,0.00,0.44,0.00,0.17,,yes
117.37,FLYING,SEARCH,0,,,,,13,0,0,0,0,20,CRUISE,,0.44,0.53,1.77,0.26,0.31,0.00,0.33,,
117.42,FLYING,SEARCH,0,,,,,13,0,0,0,0,20,AVOID_LEFT,,0.37,0.38,1.87,0.41,0.21,0.00,0.43,,
117.50,FLYING,SCARED,0,,,,,13,0,-40,0,0,20,ESCAPE,LEFT,0.32,0.42,2.17,0.60,0.15,0.00,0.61,,
117.55,FLYING,SCARED,0,,,,,13,0,-40,0,0,20,ESCAPE,,0.30,0.43,2.32,0.75,0.10,0.00,0.71,,yes
117.60,FLYING,SCARED,0,,,,,13,0,-40,0,0,20,ESCAPE,,0.29,0.44,4.37,0.86,0.44,0.00,1.00,,yes
117.69,FLYING,SCARED,0,,,,,13,0,-40,0,0,20,ESCAPE,,0.45,0.76,2.80,0.89,0.31,0.00,0.85,,yes
117.74,FLYING,SCARED,0,,,,,13,0,-40,0,0,20,ESCAPE,,0.54,0.92,2.21,0.91,0.21,0.00,0.60,,yes
117.78,FLYING,SCARED,0,,,,,13,0,-40,0,0,19,ESCAPE,,0.29,0.78,1.26,0.77,0.15,0.00,0.15,,yes
117.87,FLYING,SCARED,0,,,,,13,0,-40,0,0,19,ESCAPE,,0.15,0.47,0.74,0.43,0.10,0.00,0.00,,yes
117.92,FLYING,SCARED,0,,,,,13,0,-40,0,0,19,ESCAPE,,0.09,0.32,0.48,0.24,0.44,0.00,0.00,,yes
117.96,FLYING,SCARED,0,,,,,13,0,-40,0,0,19,ESCAPE,,0.11,0.33,0.34,0.14,0.31,0.00,0.00,,yes
118.08,FLYING,SCARED,1,rotten,0.30,1.00,7.5,13,0,-40,0,0,19,ESCAPE,,0.13,0.56,0.25,0.08,0.44,0.00,0.00,,yes
118.13,FLYING,SCARED,1,rotten,0.30,1.00,7.5,13,0,-40,0,0,19,ESCAPE,,0.29,0.68,0.23,0.04,0.44,0.00,0.00,,yes
118.19,FLYING,SCARED,1,rotten,0.30,1.00,7.5,13,0,-40,0,0,19,ESCAPE,,0.55,0.73,0.30,0.02,0.31,0.00,0.00,,yes
118.30,FLYING,SCARED,1,rotten,0.46,1.00,4.6,13,0,-40,0,0,19,ESCAPE,,0.69,0.97,0.35,0.01,0.21,0.00,0.00,,yes
118.35,FLYING,SCARED,1,rotten,0.46,1.00,4.6,13,0,-40,0,0,19,ESCAPE,,0.83,1.09,0.37,0.01,0.15,0.07,0.07,,yes
118.40,FLYING,SCARED,1,rotten,0.46,1.00,4.6,13,0,-40,0,0,19,ESCAPE,,0.90,1.03,0.38,0.00,0.10,0.06,0.06,,yes
118.51,FLYING,WAIT,1,,,,,13,0,-26,0,0,19,ESCAPE,,1.52,0.99,0.34,0.15,0.07,0.32,0.06,,yes
118.56,FLYING,WAIT,1,,,,,13,0,-16,0,0,19,ESCAPE,,1.83,0.98,0.40,0.11,0.44,0.29,0.00,,yes
118.61,FLYING,WAIT,1,,,,,13,0,-10,0,0,19,ESCAPE,,1.98,1.38,0.43,0.21,0.31,0.44,0.14,,yes
118.70,FLYING,WAIT,0,,,,,13,0,-7,0,0,19,ESCAPE,,2.89,1.87,0.45,0.87,0.21,0.94,0.43,,yes
118.75,FLYING,WAIT,0,,,,,13,0,-4,0,0,19,ESCAPE,,3.34,2.11,0.76,1.00,0.15,1.00,0.58,,yes
118.80,FLYING,WAIT,0,,,,,13,0,-3,0,0,19,ESCAPE,,3.57,2.24,0.63,1.00,0.10,1.00,0.67,,yes
118.89,FLYING,WAIT,0,,,,,13,0,-1,0,0,19,ESCAPE,,3.56,2.39,0.67,1.00,0.44,1.00,0.58,,yes
118.94,FLYING,WAIT,0,,,,,13,0,-1,0,0,19,ESCAPE,,3.55,2.47,0.59,1.00,0.31,1.00,0.68,,yes
118.99,FLYING,WAIT,0,,,,,13,0,0,0,0,19,ESCAPE,,2.64,2.51,0.65,1.00,0.21,0.81,0.75,,yes
119.07,FLYING,WAIT,0,,,,,13,0,0,0,0,19,ESCAPE,,2.12,3.80,1.50,1.00,0.15,1.00,1.00,,yes
119.12,FLYING,WAIT,0,,,,,13,0,0,0,0,19,ESCAPE,,1.92,4.45,1.93,1.00,0.10,1.00,1.00,,yes
119.18,FLYING,WAIT,0,,,,,13,0,0,0,0,19,ESCAPE,,2.21,2.65,1.48,1.00,0.07,0.89,0.89,,yes
119.27,FLYING,WAIT,0,,,,,13,0,0,0,0,19,ESCAPE,,2.35,1.74,1.26,1.00,0.44,0.56,0.25,,yes
119.32,FLYING,WAIT,0,,,,,13,0,0,0,0,19,ESCAPE,,2.41,3.37,1.30,1.00,0.31,1.00,1.00,,
119.37,FLYING,WAIT,0,,,,,13,0,0,0,0,19,ESCAPE,,2.45,4.42,2.17,1.00,0.44,1.00,1.00,,
119.46,FLYING,WAIT,0,,,,,13,0,0,0,0,19,AVOID_LEFT,,3.13,4.94,2.29,1.00,0.31,1.00,1.00,,
119.51,FLYING,WAIT,0,,,,,13,0,0,0,0,19,AVOID_LEFT,,3.47,4.70,2.36,1.00,0.44,1.00,1.00,,
119.56,FLYING,WAIT,0,,,,,13,0,0,0,0,19,CRUISE,,2.92,3.68,1.86,1.00,0.44,1.00,1.00,,
119.65,FLYING,WAIT,0,,,,,13,0,0,0,0,19,AVOID_LEFT,,2.65,2.69,1.50,1.00,0.31,0.79,0.79,,
119.70,FLYING,WAIT,0,,,,,13,0,0,0,0,19,AVOID_LEFT,,2.51,2.20,1.33,1.00,0.44,0.64,0.48,,
119.74,FLYING,WAIT,0,,,,,13,0,0,0,0,19,AVOID_RIGHT,,2.49,1.95,1.24,1.00,1.31,0.19,0.00,,
119.83,FLYING,WAIT,0,,,,,13,0,0,0,0,19,AVOID_RIGHT,,4.17,2.20,1.60,1.00,0.92,1.00,0.24,,
119.88,FLYING,WAIT,0,,,,,13,0,0,0,0,19,AVOID_RIGHT,,5.01,2.32,1.78,1.00,0.64,1.00,0.44,,
119.93,FLYING,WAIT,0,,,,,13,0,0,0,0,19,AVOID_RIGHT,,2.66,1.55,1.21,1.00,0.45,0.71,0.15,,
120.01,FLYING,WAIT,0,,,,,13,0,0,0,0,19,AVOID_RIGHT,,1.49,1.17,0.93,0.85,1.31,0.00,0.00,,
120.06,FLYING,WAIT,0,,,,,13,0,0,0,0,19,AVOID_RIGHT,,1.52,2.01,0.81,0.48,0.92,0.14,0.14,,
120.11,FLYING,WAIT,0,,,,,13,0,0,0,0,19,AVOID_RIGHT,,1.53,2.42,0.81,0.72,0.64,0.49,0.49,,
120.20,FLYING,WAIT,0,,,,,13,0,0,0,0,19,AVOID_LEFT,,1.47,2.27,0.83,1.00,0.45,0.51,0.51,,
120.25,FLYING,WAIT,0,,,,,13,0,0,0,0,19,CRUISE,,0.88,1.41,0.83,0.96,0.31,0.15,0.15,,
120.29,FLYING,WAIT,0,,,,,13,0,0,0,0,19,CRUISE,,0.59,0.90,0.61,0.54,0.22,0.00,0.00,,
120.38,FLYING,WAIT,0,,,,,13,0,0,0,0,19,CRUISE,,0.44,0.64,0.50,0.30,0.15,0.00,0.00,,
120.43,FLYING,WAIT,0,,,,,13,0,0,0,0,19,CRUISE,,0.36,0.44,0.40,0.17,0.11,0.00,0.00,,
120.47,FLYING,WAIT,0,,,,,13,0,0,0,0,19,CRUISE,,0.30,0.34,0.35,0.10,0.08,0.00,0.00,,
120.56,FLYING,WAIT,0,,,,,13,0,0,0,0,19,CRUISE,,0.27,0.29,0.29,0.05,0.05,0.00,0.00,,
120.61,FLYING,WAIT,0,,,,,13,0,0,0,0,19,CRUISE,,0.25,0.29,0.32,0.03,0.04,0.00,0.00,,
120.65,FLYING,WAIT,0,,,,,13,0,0,0,0,19,CRUISE,,0.31,0.31,0.33,0.02,0.03,0.00,0.00,,
120.74,FLYING,WAIT,0,,,,,13,0,0,0,0,19,CRUISE,,0.35,0.33,0.36,0.01,0.02,0.00,0.00,,
120.78,FLYING,WAIT,0,,,,,13,0,0,0,0,19,CRUISE,,0.33,0.32,0.37,0.01,0.01,0.00,0.00,,
120.83,FLYING,WAIT,0,,,,,13,0,0,0,0,19,CRUISE,,0.33,0.31,0.38,0.00,0.01,0.00,0.00,,
120.92,FLYING,WAIT,0,,,,,13,0,0,0,0,19,CRUISE,,0.32,0.31,0.45,0.00,0.01,0.00,0.00,,
120.96,FLYING,WAIT,0,,,,,13,0,0,0,0,19,CRUISE,,0.32,0.30,0.48,0.00,0.00,0.00,0.00,,
121.01,FLYING,WAIT,0,,,,,13,0,0,0,0,19,CRUISE,,0.32,0.29,0.49,0.00,0.00,0.00,0.00,,
121.10,FLYING,WAIT,0,,,,,13,0,0,0,0,19,CRUISE,,0.33,0.37,0.58,0.00,0.00,0.00,0.00,,
121.14,FLYING,WAIT,0,,,,,13,0,0,0,0,19,CRUISE,,0.33,0.41,0.63,0.00,0.00,0.00,0.00,,
121.19,FLYING,WAIT,0,,,,,13,0,0,0,0,19,CRUISE,,0.33,0.40,0.65,0.00,0.00,0.00,0.00,,
121.28,FLYING,WAIT,0,,,,,13,0,0,0,0,19,CRUISE,,0.27,0.34,0.57,0.00,0.00,0.00,0.00,,
121.32,FLYING,WAIT,0,,,,,13,0,0,0,0,19,CRUISE,,0.23,0.28,0.51,0.00,0.00,0.00,0.00,,
121.37,FLYING,WAIT,0,,,,,13,0,0,0,0,19,CRUISE,,0.21,0.24,0.48,0.00,0.00,0.00,0.00,,
121.46,FLYING,WAIT,0,,,,,13,0,0,0,0,19,CRUISE,,0.23,0.32,0.54,0.00,0.44,0.00,0.00,,
121.50,FLYING,WAIT,0,,,,,13,0,0,0,0,19,CRUISE,,0.48,0.49,0.66,0.00,0.31,0.00,0.00,,
121.55,FLYING,WAIT,0,,,,,13,0,0,0,0,19,CRUISE,,0.80,0.75,0.73,0.00,0.44,0.00,0.00,,
121.64,FLYING,WAIT,0,,,,,13,0,0,0,0,19,CRUISE,,0.96,0.89,0.66,0.00,0.31,0.00,0.00,,
121.68,FLYING,WAIT,0,,,,,13,0,0,0,0,19,CRUISE,,1.03,0.95,0.52,0.00,0.21,0.01,0.00,,
121.73,FLYING,WAIT,0,,,,,13,0,0,0,0,19,CRUISE,,1.08,0.57,0.44,0.00,0.15,0.07,0.00,,
121.82,FLYING,WAIT,0,,,,,13,0,0,0,0,19,CRUISE,,1.06,0.33,0.25,0.00,0.10,0.08,0.00,,
121.86,FLYING,WAIT,0,,,,,13,0,0,0,0,19,CRUISE,,1.17,0.26,0.14,0.00,0.44,0.00,0.00,,
121.91,FLYING,WAIT,0,,,,,13,0,0,0,0,19,CRUISE,,1.23,0.35,0.07,0.00,0.31,0.06,0.00,,
122.00,FLYING,WAIT,0,,,,,13,0,0,0,0,19,CRUISE,,1.25,0.40,0.04,0.00,0.21,0.12,0.00,,
122.05,FLYING,WAIT,0,,,,,13,0,0,0,0,19,CRUISE,,1.26,0.37,0.17,0.00,0.15,0.16,0.00,,
122.09,FLYING,WAIT,0,,,,,13,0,0,0,0,19,CRUISE,,1.27,0.35,0.24,0.15,0.10,0.18,0.00,,
122.18,FLYING,WAIT,0,,,,,13,0,0,0,0,19,CRUISE,,1.20,0.35,0.19,0.11,0.07,0.17,0.00,,
122.23,FLYING,WAIT,0,,,,,13,0,0,0,0,19,CRUISE,,1.17,0.35,0.15,0.06,0.05,0.16,0.00,,
122.27,FLYING,WAIT,0,,,,,13,0,0,0,0,19,CRUISE,,0.94,0.31,0.10,0.04,0.04,0.05,0.00,,
122.36,FLYING,WAIT,0,,,,,13,0,0,0,0,19,CRUISE,,0.70,0.27,0.08,0.02,0.03,0.00,0.00,,
122.41,FLYING,WAIT,0,,,,,13,0,0,0,0,19,CRUISE,,0.43,0.18,0.05,0.01,0.02,0.00,0.00,,
122.45,FLYING,WAIT,0,,,,,13,0,0,0,0,19,CRUISE,,0.29,0.13,0.04,0.01,0.01,0.00,0.00,,
122.54,FLYING,WAIT,0,,,,,13,0,0,0,0,19,CRUISE,,0.32,0.22,0.08,0.00,0.01,0.00,0.00,,
122.59,FLYING,WAIT,0,,,,,13,0,0,0,0,19,CRUISE,,0.34,0.36,0.17,0.00,0.44,0.00,0.00,,
122.63,FLYING,WAIT,0,,,,,13,0,0,0,0,19,CRUISE,,0.35,0.86,0.28,0.00,0.31,0.00,0.00,,
122.72,FLYING,WAIT,0,,,,,13,0,0,0,0,19,CRUISE,,0.39,1.27,0.50,0.00,0.44,0.02,0.02,,
122.77,FLYING,WAIT,0,,,,,13,0,0,0,0,19,CRUISE,,0.41,1.47,0.61,0.00,0.87,0.00,0.00,,
122.81,FLYING,WAIT,0,,,,,13,0,0,0,0,18,CRUISE,,0.45,1.21,0.51,0.00,0.61,0.00,0.00,,
122.90,FLYING,WAIT,0,,,,,13,0,0,0,0,18,CRUISE,,0.40,1.08,0.46,0.00,0.44,0.00,0.00,,
122.95,FLYING,WAIT,0,,,,,13,0,0,0,0,18,CRUISE,,0.45,1.02,0.45,0.00,0.87,0.00,0.00,,
122.99,FLYING,WAIT,0,,,,,13,0,0,0,0,18,CRUISE,,0.67,1.10,0.74,0.00,0.61,0.00,0.00,,
123.08,FLYING,WAIT,0,,,,,13,0,0,0,0,18,CRUISE,,0.78,0.96,0.89,0.00,0.43,0.00,0.00,,
123.13,FLYING,WAIT,0,,,,,13,0,0,0,0,18,CRUISE,,0.43,0.72,0.54,0.00,0.44,0.00,0.00,,
123.18,FLYING,WAIT,0,,,,,13,0,0,0,0,18,CRUISE,,0.26,0.60,0.37,0.00,0.44,0.00,0.00,,
123.27,FLYING,WAIT,0,,,,,13,0,0,0,0,18,CRUISE,,0.65,0.54,0.55,0.00,0.31,0.00,0.00,,
123.32,FLYING,WAIT,0,,,,,13,0,0,0,0,18,CRUISE,,0.85,0.52,0.64,0.00,0.21,0.00,0.00,,
123.36,FLYING,WAIT,0,,,,,13,0,0,0,0,18,CRUISE,,0.82,0.45,0.56,0.00,0.15,0.00,0.00,,
123.45,FLYING,WAIT,0,,,,,13,0,0,0,0,18,CRUISE,,0.70,0.40,0.45,0.00,0.10,0.00,0.00,,
123.50,FLYING,WAIT,0,,,,,13,0,0,0,0,18,CRUISE,,0.64,0.38,0.36,0.00,0.07,0.00,0.00,,
123.55,FLYING,APPROACH,0,,,,,13,0,4,0,0,18,CRUISE,,0.62,0.36,0.32,0.00,0.05,0.00,0.00,,
123.63,FLYING,APPROACH,0,,,,,13,0,6,0,0,18,CRUISE,,0.69,0.32,0.30,0.00,0.04,0.00,0.00,,
123.68,FLYING,APPROACH,0,,,,,13,0,8,0,0,18,CRUISE,,0.76,0.30,0.30,0.00,0.03,0.00,0.00,,
123.73,FLYING,APPROACH,0,,,,,13,0,9,0,0,18,CRUISE,,0.83,0.29,0.31,0.00,0.02,0.00,0.00,,
123.81,FLYING,APPROACH,0,,,,,13,0,10,0,0,18,CRUISE,,0.83,0.35,0.31,0.00,0.01,0.00,0.00,,yes
123.86,FLYING,APPROACH,0,,,,,13,0,11,0,0,18,CRUISE,,0.76,0.39,0.30,0.00,0.01,0.00,0.00,,yes
123.91,FLYING,APPROACH,0,,,,,13,0,11,0,0,18,CRUISE,,0.73,0.48,0.27,0.00,0.01,0.00,0.00,,yes
123.99,FLYING,APPROACH,0,,,,,13,0,11,0,0,18,CRUISE,,0.71,0.52,0.28,0.00,0.00,0.00,0.00,,yes
124.04,FLYING,APPROACH,0,,,,,13,0,11,0,0,18,CRUISE,,0.65,0.52,0.27,0.00,0.00,0.00,0.00,,yes
124.09,FLYING,APPROACH,0,,,,,13,0,11,0,0,18,CRUISE,,0.62,0.49,0.28,0.00,0.00,0.00,0.00,,yes
124.17,FLYING,APPROACH,0,,,,,13,0,11,0,0,18,CRUISE,,0.60,0.48,0.34,0.00,0.00,0.00,0.00,,yes
124.22,FLYING,APPROACH,0,,,,,13,0,11,0,0,18,CRUISE,,0.42,0.31,0.36,0.00,0.00,0.00,0.00,,yes
124.26,FLYING,APPROACH,0,,,,,13,0,11,0,0,18,CRUISE,,0.32,0.23,0.27,0.00,0.00,0.00,0.00,,yes
124.35,FLYING,APPROACH,0,,,,,13,0,11,0,0,18,CRUISE,,0.26,0.19,0.21,0.00,0.00,0.00,0.00,,yes
124.40,FLYING,APPROACH,0,,,,,13,0,11,0,0,18,CRUISE,,0.30,0.13,0.12,0.00,0.00,0.00,0.00,,yes
124.44,FLYING,APPROACH,0,,,,,13,0,11,0,0,18,CRUISE,,0.32,0.10,0.07,0.00,0.00,0.00,0.00,,yes
124.53,FLYING,APPROACH,0,,,,,13,0,11,0,0,18,CRUISE,,0.49,0.17,0.05,0.00,0.00,0.00,0.00,,yes
124.58,FLYING,APPROACH,0,,,,,13,0,11,0,0,18,CRUISE,,0.58,0.21,0.04,0.00,0.00,0.00,0.00,,yes
124.62,FLYING,APPROACH,0,,,,,13,0,11,0,0,18,CRUISE,,0.43,0.21,0.03,0.00,0.00,0.00,0.00,,yes
124.71,FLYING,APPROACH,0,,,,,13,0,11,0,0,18,CRUISE,,0.36,0.20,0.04,0.00,0.00,0.00,0.00,,yes
124.76,FLYING,APPROACH,0,,,,,13,0,11,0,0,18,CRUISE,,0.33,0.20,0.09,0.00,0.00,0.00,0.00,,yes
124.80,FLYING,APPROACH,0,,,,,13,0,11,0,0,18,CRUISE,,0.30,0.19,0.11,0.00,0.00,0.00,0.00,,yes
124.89,FLYING,APPROACH,0,,,,,13,0,11,0,0,18,CRUISE,,0.29,0.22,0.13,0.00,0.00,0.00,0.00,,yes
124.94,FLYING,APPROACH,0,,,,,13,0,11,0,0,18,CRUISE,,0.44,0.26,0.07,0.00,0.00,0.00,0.00,,yes
124.98,FLYING,APPROACH,0,,,,,13,0,11,0,0,18,CRUISE,,0.52,0.36,0.04,0.00,0.00,0.00,0.00,,yes
125.07,FLYING,APPROACH,0,,,,,13,0,11,0,0,18,CRUISE,,0.49,0.41,0.12,0.00,0.00,0.00,0.00,,yes
125.12,FLYING,APPROACH,0,,,,,13,0,11,0,0,18,CRUISE,,0.36,0.43,0.16,0.00,0.00,0.00,0.00,,yes
125.16,FLYING,APPROACH,0,,,,,13,0,11,0,0,18,CRUISE,,0.29,0.44,0.18,0.00,0.00,0.00,0.00,,yes
125.25,FLYING,APPROACH,0,,,,,13,0,11,0,0,18,CRUISE,,0.64,0.55,0.16,0.00,0.00,0.00,0.00,,yes
125.30,FLYING,APPROACH,0,,,,,13,0,11,0,0,18,CRUISE,,0.81,0.61,0.15,0.00,0.00,0.00,0.00,,yes
125.34,FLYING,APPROACH,0,,,,,13,0,11,0,0,18,CRUISE,,0.65,0.47,0.13,0.00,0.00,0.00,0.00,,yes
125.43,FLYING,APPROACH,0,,,,,13,0,11,0,0,18,CRUISE,,0.56,0.38,0.12,0.00,0.00,0.00,0.00,,yes
125.48,FLYING,APPROACH,0,,,,,13,0,11,0,0,18,CRUISE,,0.50,0.35,0.10,0.00,0.00,0.00,0.00,,yes
125.52,FLYING,APPROACH,0,,,,,13,0,11,0,0,18,CRUISE,,0.39,0.34,0.11,0.00,0.00,0.00,0.00,,yes
125.61,FLYING,APPROACH,0,,,,,13,0,11,0,0,18,CRUISE,,0.33,0.35,0.09,0.00,0.00,0.00,0.00,,yes
125.66,FLYING,APPROACH,0,,,,,13,0,11,0,0,18,CRUISE,,0.30,0.35,0.09,0.00,0.00,0.00,0.00,,yes
125.70,FLYING,APPROACH,0,,,,,13,0,11,0,0,18,CRUISE,,0.33,0.35,0.10,0.00,0.00,0.00,0.00,,yes
125.79,FLYING,APPROACH,0,,,,,13,0,11,0,0,18,CRUISE,,0.31,0.32,0.13,0.00,0.00,0.00,0.00,,yes
125.84,FLYING,APPROACH,0,,,,,13,0,11,0,0,18,CRUISE,,0.33,0.30,0.15,0.00,0.00,0.00,0.00,,yes
125.88,FLYING,APPROACH,0,,,,,13,0,11,0,0,18,CRUISE,,0.39,0.29,0.16,0.00,0.00,0.00,0.00,,yes
125.97,FLYING,APPROACH,0,,,,,13,0,11,0,0,18,CRUISE,,0.50,0.31,0.16,0.00,0.00,0.00,0.00,,yes
126.02,FLYING,APPROACH,0,,,,,13,0,11,0,0,18,CRUISE,,0.53,0.31,0.17,0.00,0.00,0.00,0.00,,yes
126.06,FLYING,APPROACH,0,,,,,13,0,11,0,0,18,CRUISE,,0.63,0.30,0.16,0.00,0.00,0.00,0.00,,yes
126.15,FLYING,APPROACH,0,,,,,13,0,11,0,0,18,CRUISE,,0.69,0.29,0.15,0.00,0.00,0.00,0.00,,yes
126.20,FLYING,APPROACH,0,,,,,13,0,11,0,0,18,CRUISE,,0.72,0.29,0.15,0.00,0.44,0.00,0.00,,yes
126.24,FLYING,APPROACH,0,,,,,13,0,11,0,0,18,CRUISE,,0.72,0.37,0.09,0.00,0.31,0.00,0.00,,yes
126.33,FLYING,APPROACH,0,,,,,13,0,11,0,0,18,CRUISE,,0.70,0.78,0.05,0.00,0.21,0.00,0.00,,yes
126.38,FLYING,APPROACH,0,,,,,13,0,11,0,0,18,CRUISE,,0.56,0.99,0.03,0.00,0.15,0.00,0.00,,yes
126.42,FLYING,APPROACH,0,,,,,13,0,11,0,0,18,CRUISE,,0.49,1.09,0.02,0.00,0.10,0.05,0.05,,yes
126.51,FLYING,APPROACH,0,,,,,13,0,11,0,0,18,CRUISE,,0.46,1.05,0.02,0.00,0.07,0.04,0.04,,yes
126.56,FLYING,APPROACH,0,,,,,13,0,11,0,0,18,CRUISE,,0.34,1.02,0.09,0.00,0.05,0.04,0.04,,yes
126.60,FLYING,APPROACH,0,,,,,13,0,11,0,0,18,CRUISE,,0.29,1.00,0.12,0.00,0.04,0.04,0.04,,yes
126.69,FLYING,APPROACH,0,,,,,13,0,11,0,0,18,CRUISE,,0.23,1.18,0.13,0.00,0.03,0.13,0.13,,yes
126.74,FLYING,APPROACH,0,,,,,13,0,11,0,0,18,CRUISE,,0.20,1.27,0.13,0.15,0.02,0.18,0.18,,yes
126.79,FLYING,APPROACH,0,,,,,13,0,11,0,0,18,CRUISE,,0.19,1.31,0.20,0.11,0.44,0.00,0.00,,yes
126.87,FLYING,APPROACH,0,,,,,13,0,11,0,0,18,CRUISE,,0.36,1.40,0.37,0.06,0.31,0.10,0.10,,yes
126.92,FLYING,APPROACH,0,,,,,13,0,11,0,0,18,CRUISE,,0.45,1.45,0.45,0.04,0.21,0.17,0.17,,yes
126.97,FLYING,APPROACH,0,,,,,13,0,11,0,0,18,CRUISE,,0.52,1.47,0.49,0.02,0.15,0.22,0.22,,yes
127.05,FLYING,APPROACH,0,,,,,13,0,11,0,0,18,CRUISE,,0.55,1.43,0.37,0.27,0.10,0.21,0.21,,yes
127.10,FLYING,APPROACH,0,,,,,13,0,11,0,0,18,CRUISE,,0.37,1.28,0.32,0.20,0.07,0.16,0.16,,yes
127.15,FLYING,APPROACH,0,,,,,13,0,11,0,0,18,CRUISE,,0.29,1.21,0.29,0.23,0.05,0.13,0.13,,yes
127.23,FLYING,APPROACH,0,,,,,13,0,11,0,0,18,CRUISE,,0.26,1.09,0.26,0.18,0.04,0.08,0.08,,yes
127.28,FLYING,APPROACH,0,,,,,13,0,11,0,0,18,CRUISE,,0.25,0.98,0.25,0.10,0.03,0.03,0.03,,yes
127.33,FLYING,APPROACH,0,,,,,13,0,11,0,0,18,CRUISE,,0.25,0.93,0.24,0.06,0.02,0.01,0.01,,yes
127.41,FLYING,APPROACH,0,,,,,13,0,11,0,0,18,CRUISE,,0.30,0.86,0.27,0.03,0.01,0.00,0.00,,yes
127.46,FLYING,APPROACH,0,,,,,13,0,11,0,0,18,CRUISE,,0.35,0.60,0.28,0.02,0.01,0.00,0.00,,yes
127.51,FLYING,APPROACH,0,,,,,13,0,11,0,0,18,CRUISE,,0.44,0.47,0.29,0.01,0.01,0.00,0.00,,yes
127.59,FLYING,APPROACH,0,,,,,13,0,11,0,0,18,CRUISE,,0.48,0.46,0.29,0.01,0.00,0.00,0.00,,yes
127.64,FLYING,APPROACH,0,,,,,13,0,11,0,0,18,CRUISE,,0.48,0.46,0.28,0.00,0.00,0.00,0.00,,yes
127.69,FLYING,APPROACH,0,,,,,13,0,11,0,0,18,CRUISE,,0.31,0.46,0.27,0.00,0.00,0.00,0.00,,yes
127.77,FLYING,APPROACH,0,,,,,13,0,11,0,0,18,CRUISE,,0.23,0.40,0.26,0.00,0.00,0.00,0.00,,yes
127.82,FLYING,SEARCH,0,,,,,13,0,7,0,3,18,CRUISE,,0.18,0.42,0.27,0.00,0.00,0.00,0.00,,yes
127.87,FLYING,SEARCH,0,,,,,13,0,5,0,5,18,CRUISE,,0.22,0.43,0.31,0.00,0.00,0.00,0.00,,yes
127.95,FLYING,SEARCH,0,,,,,13,0,3,0,7,18,CRUISE,,0.18,0.46,0.34,0.00,0.00,0.00,0.00,,yes
128.00,FLYING,SEARCH,0,,,,,13,0,2,0,8,18,CRUISE,,0.15,0.47,0.36,0.00,0.00,0.00,0.00,,yes
128.05,FLYING,SEARCH,0,,,,,13,0,1,0,8,18,CRUISE,,0.14,0.44,0.37,0.00,0.44,0.00,0.00,,yes
128.13,FLYING,SEARCH,0,,,,,13,0,0,0,9,18,CRUISE,,0.58,0.40,0.38,0.00,0.31,0.00,0.00,,yes
128.18,FLYING,SEARCH,0,,,,,13,0,0,0,9,18,CRUISE,,0.80,0.35,0.38,0.00,0.21,0.00,0.00,,yes
128.23,FLYING,SEARCH,0,,,,,13,0,0,0,9,18,CRUISE,,0.61,0.33,0.41,0.00,0.15,0.00,0.00,,yes
128.31,FLYING,SEARCH,0,,,,,13,0,0,0,9,18,CRUISE,,0.41,0.35,0.35,0.00,0.10,0.00,0.00,,yes
128.36,FLYING,SEARCH,0,,,,,13,0,0,0,9,18,CRUISE,,0.33,0.38,0.33,0.00,0.07,0.00,0.00,,yes
128.41,FLYING,SEARCH,0,,,,,13,0,0,0,9,18,CRUISE,,0.28,0.40,0.32,0.00,0.05,0.00,0.00,,yes
128.49,FLYING,SEARCH,0,,,,,13,0,0,0,9,18,CRUISE,,0.27,0.41,0.37,0.00,0.44,0.00,0.00,,yes
128.54,FLYING,SEARCH,0,,,,,13,0,0,0,9,18,CRUISE,,0.23,0.29,0.39,0.00,0.31,0.00,0.00,,yes
128.59,FLYING,SEARCH,0,,,,,13,0,0,0,9,18,CRUISE,,0.28,0.23,0.26,0.00,0.21,0.00,0.00,,yes
128.70,FLYING,APPROACH,1,rotten,0.30,0.99,2.7,13,0,0,0,6,18,CRUISE,,0.23,0.42,0.19,0.00,0.15,0.00,0.00,,yes
128.75,FLYING,APPROACH,1,rotten,0.30,0.99,2.7,13,0,5,0,4,18,CRUISE,,0.21,0.51,0.16,0.00,0.10,0.00,0.00,,yes
128.80,FLYING,APPROACH,1,rotten,0.30,0.99,2.7,13,0,8,0,2,18,CRUISE,,0.20,0.56,0.24,0.00,0.87,0.00,0.00,,yes
128.92,FLYING,APPROACH,1,rotten,0.34,1.00,2.7,13,0,10,-2,1,17,CRUISE,,0.62,0.84,0.87,0.00,0.61,0.00,0.00,,yes
128.96,FLYING,APPROACH,1,rotten,0.34,1.00,2.7,13,0,12,-4,1,17,CRUISE,,0.84,0.97,1.18,0.00,0.44,0.00,0.00,,yes
129.01,FLYING,APPROACH,1,rotten,0.34,1.00,2.7,13,0,13,-6,0,17,CRUISE,,1.19,1.04,0.82,0.00,0.31,0.00,0.00,,yes
129.13,FLYING,APPROACH,1,,,,,13,0,13,-3,0,17,CRUISE,,0.83,0.84,0.57,0.00,0.21,0.00,0.00,,yes
129.17,FLYING,APPROACH,1,,,,,13,0,14,-2,0,17,CRUISE,,0.53,0.53,0.45,0.00,0.15,0.00,0.00,,yes
129.22,FLYING,APPROACH,1,,,,,13,0,14,-1,0,17,CRUISE,,0.38,0.34,0.39,0.00,0.10,0.00,0.00,,yes
129.31,FLYING,APPROACH,0,,,,,13,0,14,-1,0,17,CRUISE,,0.25,0.24,0.23,0.00,0.07,0.00,0.00,,yes
129.35,FLYING,APPROACH,0,,,,,13,0,14,0,0,17,CRUISE,,0.15,0.19,0.21,0.00,0.05,0.00,0.00,,yes
129.40,FLYING,APPROACH,0,,,,,13,0,14,0,0,17,CRUISE,,0.10,0.16,0.19,0.00,0.04,0.00,0.00,,yes
129.52,FLYING,APPROACH,1,,,,,13,0,14,0,0,17,CRUISE,,0.06,0.14,0.29,0.00,0.03,0.00,0.00,,yes
129.56,FLYING,APPROACH,1,,,,,13,0,14,0,0,17,CRUISE,,0.06,0.12,0.34,0.00,0.02,0.00,0.00,,yes
129.61,FLYING,APPROACH,1,,,,,13,0,14,0,0,17,CRUISE,,0.07,0.12,0.26,0.00,0.01,0.00,0.00,,yes
129.70,FLYING,APPROACH,0,,,,,13,0,14,0,0,17,CRUISE,,0.19,0.12,0.22,0.00,0.01,0.00,0.00,,yes
129.74,FLYING,APPROACH,0,,,,,13,0,14,0,0,17,CRUISE,,0.25,0.13,0.21,0.00,0.01,0.00,0.00,,yes
129.79,FLYING,APPROACH,0,,,,,13,0,14,0,0,17,CRUISE,,0.22,0.12,0.25,0.00,0.00,0.00,0.00,,yes
129.91,FLYING,APPROACH,1,rotten,0.22,0.99,2.7,13,0,14,-2,0,17,CRUISE,,0.20,0.11,0.27,0.00,0.00,0.00,0.00,,yes
129.96,FLYING,APPROACH,1,rotten,0.22,0.99,2.7,13,0,14,-4,0,17,CRUISE,,0.19,0.11,0.26,0.00,0.00,0.00,0.00,,yes
130.00,FLYING,APPROACH,1,rotten,0.22,0.99,2.7,13,0,14,-6,0,17,CRUISE,,0.13,0.11,0.26,0.00,0.00,0.00,0.00,,yes
130.12,FLYING,APPROACH,1,rotten,0.33,0.99,2.8,13,0,14,-6,0,17,CRUISE,,0.10,0.11,0.33,0.00,0.00,0.00,0.00,,yes
130.17,FLYING,APPROACH,1,rotten,0.33,0.99,2.8,13,0,14,-7,0,17,CRUISE,,0.09,0.12,0.58,0.00,0.00,0.00,0.00,,yes
130.21,FLYING,APPROACH,1,rotten,0.33,0.99,2.8,13,0,14,-7,0,17,CRUISE,,0.15,0.12,0.72,0.00,0.00,0.00,0.00,,yes
130.33,FLYING,APPROACH,1,rotten,0.64,0.97,2.8,13,0,14,-8,0,17,CRUISE,,0.13,0.17,0.86,0.00,0.00,0.00,0.00,,yes
130.38,FLYING,APPROACH,1,rotten,0.64,0.97,2.8,13,0,14,-8,0,17,CRUISE,,0.21,0.20,0.93,0.00,0.00,0.00,0.00,,yes
130.42,FLYING,APPROACH,1,rotten,0.64,0.97,2.8,13,0,14,-8,0,17,CRUISE,,0.26,0.20,0.96,0.00,0.00,0.00,0.02,,yes
130.54,FLYING,APPROACH,1,rotten,0.75,0.88,2.8,13,0,14,-9,0,17,CRUISE,,0.30,0.19,1.06,0.00,0.00,0.00,0.07,,yes
130.59,FLYING,APPROACH,1,rotten,0.75,0.88,2.8,13,0,14,-9,0,17,CRUISE,,0.32,0.19,1.21,0.00,0.00,0.00,0.14,,yes
130.63,FLYING,APPROACH,1,rotten,0.75,0.88,2.8,13,0,14,-9,0,17,CRUISE,,0.23,0.18,1.28,0.15,0.00,0.00,0.18,,yes
130.75,FLYING,APPROACH,1,rotten,0.55,0.98,3.2,13,0,14,-9,0,17,CRUISE,,0.15,0.21,1.32,0.08,0.00,0.00,0.20,,yes
130.80,FLYING,APPROACH,1,rotten,0.55,0.98,3.2,13,0,14,-10,0,17,CRUISE,,0.11,0.22,0.80,0.05,0.00,0.00,0.00,,yes
130.84,FLYING,APPROACH,1,rotten,0.55,0.98,3.2,13,0,14,-10,0,17,CRUISE,,0.10,0.22,0.54,0.03,0.00,0.00,0.00,,yes
130.96,FLYING,APPROACH,1,rotten,0.50,0.93,3.2,13,0,14,-10,0,17,CRUISE,,0.15,0.42,0.40,0.01,0.00,0.00,0.00,,yes
131.01,FLYING,APPROACH,1,rotten,0.50,0.93,3.2,13,0,14,-10,0,17,CRUISE,,0.17,0.52,0.29,0.01,0.00,0.00,0.00,,yes
131.05,FLYING,APPROACH,1,rotten,0.50,0.93,3.2,13,0,14,-10,0,17,CRUISE,,0.18,0.44,0.24,0.00,0.00,0.00,0.00,,yes
131.17,FLYING,APPROACH,1,rotten,0.80,0.95,3.3,13,0,14,-11,0,17,CRUISE,,0.20,0.35,0.27,0.00,0.00,0.00,0.00,,yes
131.22,FLYING,APPROACH,1,rotten,0.80,0.95,3.3,13,0,14,-11,0,17,CRUISE,,0.21,0.30,0.32,0.00,0.00,0.00,0.00,,yes
131.26,FLYING,APPROACH,1,rotten,0.80,0.95,3.3,13,0,14,-11,0,17,CRUISE,,0.23,0.28,0.32,0.00,0.00,0.00,0.00,,yes
131.38,FLYING,APPROACH,1,rotten,0.61,1.00,3.4,13,0,14,-11,0,17,CRUISE,,0.31,0.40,0.32,0.00,0.00,0.00,0.00,,yes
131.43,FLYING,APPROACH,1,rotten,0.61,1.00,3.4,13,0,14,-11,0,17,CRUISE,,0.41,0.50,0.32,0.00,0.00,0.00,0.00,,yes
131.47,FLYING,APPROACH,1,rotten,0.61,1.00,3.4,13,0,14,-11,0,17,CRUISE,,0.48,0.55,0.32,0.00,0.00,0.00,0.00,,yes
131.59,FLYING,APPROACH,1,rotten,0.48,0.93,3.9,13,0,14,-11,0,17,CRUISE,,0.83,0.74,0.34,0.00,0.00,0.00,0.00,,yes
131.64,FLYING,APPROACH,1,rotten,0.48,0.93,3.9,13,0,14,-10,0,17,CRUISE,,1.00,0.84,0.43,0.00,0.00,0.04,0.00,,yes
131.69,FLYING,APPROACH,1,rotten,0.48,0.93,3.9,13,0,14,-10,0,17,CRUISE,,1.45,0.88,0.65,0.00,0.00,0.27,0.00,,yes
131.80,FLYING,APPROACH,1,rotten,0.48,1.00,3.8,13,0,14,-10,0,17,CRUISE,,1.27,0.75,0.80,0.00,0.00,0.18,0.00,,yes
131.85,FLYING,APPROACH,1,rotten,0.48,1.00,3.8,13,0,14,-10,0,17,CRUISE,,1.09,0.69,0.88,0.00,0.00,0.09,0.00,,yes
131.90,FLYING,APPROACH,1,rotten,0.48,1.00,3.8,13,0,14,-10,0,17,CRUISE,,1.00,0.66,0.92,0.00,0.00,0.04,0.00,,yes
132.01,FLYING,APPROACH,1,rotten,0.35,1.00,4.4,13,0,14,-9,0,17,CRUISE,,1.07,0.66,0.59,0.00,0.00,0.08,0.00,,yes
132.06,FLYING,APPROACH,1,rotten,0.35,1.00,4.4,13,0,14,-9,0,17,CRUISE,,1.10,0.66,0.51,0.00,0.00,0.09,0.00,,yes
132.11,FLYING,APPROACH,1,rotten,0.35,1.00,4.4,13,0,14,-9,0,17,CRUISE,,1.12,0.66,0.37,0.00,0.00,0.10,0.00,,yes
132.23,FLYING,APPROACH,1,rotten,0.56,1.00,3.7,13,0,14,-6,-1,17,CRUISE,,1.24,0.86,0.40,0.00,0.00,0.16,0.00,,yes
132.27,FLYING,APPROACH,1,rotten,0.56,1.00,3.7,13,0,14,-3,-2,17,CRUISE,,1.31,0.96,0.32,0.00,0.00,0.19,0.02,,yes
132.32,FLYING,APPROACH,1,rotten,0.56,1.00,3.7,13,0,14,-2,-3,17,CRUISE,,1.34,1.01,0.56,0.15,0.00,0.21,0.04,,yes
132.44,FLYING,APPROACH,1,rotten,0.24,0.99,4.0,13,0,14,-1,-4,17,CRUISE,,1.30,1.13,0.47,0.11,0.00,0.19,0.11,,yes
132.49,FLYING,APPROACH,1,rotten,0.24,0.99,4.0,13,0,14,-1,-4,17,CRUISE,,1.28,1.19,0.42,0.06,0.00,0.18,0.14,,yes
132.53,FLYING,APPROACH,1,rotten,0.24,0.99,4.0,13,0,14,0,-4,17,CRUISE,,1.27,1.20,0.34,0.04,0.00,0.18,0.14,,yes
132.62,FLYING,APPROACH,0,,,,,13,0,14,0,-3,17,CRUISE,,0.91,0.88,0.21,0.02,0.00,0.00,0.00,,yes
132.67,FLYING,APPROACH,0,,,,,13,0,14,0,-2,17,CRUISE,,0.72,0.72,0.14,0.01,0.00,0.00,0.00,,yes
132.71,FLYING,APPROACH,0,,,,,13,0,14,0,-1,17,CRUISE,,0.55,0.64,0.11,0.01,0.00,0.00,0.00,,yes
132.80,FLYING,APPROACH,0,,,,,13,0,14,0,0,17,CRUISE,,0.43,0.56,0.16,0.00,0.00,0.00,0.00,,yes
132.85,FLYING,APPROACH,0,,,,,13,0,14,0,0,17,CRUISE,,0.28,0.39,0.22,0.00,0.00,0.00,0.00,,yes
132.89,FLYING,APPROACH,0,,,,,13,0,14,0,0,17,CRUISE,,0.21,0.30,0.26,0.00,0.00,0.00,0.00,,yes
133.01,FLYING,APPROACH,1,rotten,0.55,1.00,4.6,13,0,14,0,-3,17,CRUISE,,0.18,0.32,0.25,0.00,0.00,0.00,0.00,,yes
133.05,FLYING,APPROACH,1,rotten,0.55,1.00,4.6,13,0,14,0,-4,17,CRUISE,,0.19,0.33,0.25,0.00,0.00,0.00,0.00,,yes
133.10,FLYING,APPROACH,1,rotten,0.55,1.00,4.6,13,0,14,0,-5,17,CRUISE,,0.19,0.33,0.43,0.00,0.00,0.00,0.00,,yes
133.22,FLYING,APPROACH,1,rotten,0.53,1.00,5.2,13,0,13,0,-7,17,CRUISE,,0.37,0.40,0.67,0.00,0.00,0.00,0.00,,yes
133.26,FLYING,APPROACH,1,rotten,0.53,1.00,5.2,13,0,12,0,-7,17,CRUISE,,0.46,0.44,1.25,0.00,0.00,0.00,0.17,,yes
133.31,FLYING,APPROACH,1,rotten,0.53,1.00,5.2,13,0,11,0,-8,17,CRUISE,,0.50,0.46,1.54,0.15,0.00,0.00,0.32,,yes
133.43,FLYING,APPROACH,1,rotten,0.58,0.99,5.2,13,0,11,-2,-8,17,CRUISE,,0.59,0.43,1.69,0.32,0.00,0.00,0.40,,yes
133.48,FLYING,APPROACH,1,rotten,0.58,0.99,5.2,13,0,11,-4,-8,17,AVOID_LEFT,,0.63,0.55,1.65,0.39,0.44,0.00,0.16,,yes
133.52,FLYING,APPROACH,1,rotten,0.58,0.99,5.2,13,0,11,-6,-9,17,AVOID_LEFT,,0.66,0.61,1.63,0.37,0.31,0.00,0.22,,yes
133.64,FLYING,APPROACH,1,rotten,0.74,1.00,5.7,13,0,10,-7,-9,17,AVOID_LEFT,,0.57,0.63,1.62,0.36,0.21,0.00,0.26,,yes
133.69,FLYING,APPROACH,1,rotten,0.74,1.00,5.7,13,0,10,-8,-9,17,AVOID_LEFT,,0.52,0.65,1.69,0.20,0.44,0.00,0.18,,yes
133.74,FLYING,APPROACH,1,rotten,0.74,1.00,5.7,13,0,10,-9,-9,17,AVOID_LEFT,,0.50,0.66,1.72,0.26,0.31,0.00,0.27,,yes
133.85,FLYING,FEED,1,rotten,0.57,1.00,7.2,13,0,6,-10,-9,17,CRUISE,,0.42,0.94,1.73,0.37,0.21,0.00,0.32,,yes
133.90,FLYING,FEED,1,rotten,0.57,1.00,7.2,13,0,4,-11,-9,17,CRUISE,,0.58,1.09,1.26,0.28,0.44,0.00,0.00,,yes
133.95,FLYING,FEED,1,rotten,0.57,1.00,7.2,12,0,2,-11,-9,17,CRUISE,,0.67,1.16,1.02,0.16,0.31,0.01,0.01,,yes
134.07,FLYING,FEED,1,rotten,0.78,0.99,7.4,12,0,1,-12,-6,17,CRUISE,,1.28,1.28,1.92,0.33,0.21,0.13,0.44,,yes
134.11,FLYING,FEED,1,rotten,0.78,0.99,7.4,11,0,1,-13,-4,17,AVOID_LEFT,,1.59,1.35,2.37,0.56,0.15,0.32,0.71,,yes
134.16,FLYING,FEED,1,rotten,0.78,0.99,7.4,11,0,0,-14,-2,17,AVOID_LEFT,,1.93,1.15,1.64,0.57,0.44,0.34,0.20,,yes
134.25,FLYING,FEED,0,,,,,11,0,0,-9,-1,17,AVOID_LEFT,,1.78,0.93,1.15,0.58,0.31,0.34,0.02,,yes
134.30,FLYING,FEED,0,,,,,11,0,0,-5,-1,17,AVOID_LEFT,,1.70,0.81,0.91,0.50,0.21,0.34,0.00,,yes
134.34,FLYING,FEED,0,,,,,11,0,0,-3,0,17,AVOID_RIGHT,,1.04,0.74,0.65,0.38,0.44,0.00,0.00,,yes
134.46,FLYING,FEED,1,rotten,0.67,1.00,8.2,10,0,0,-8,0,17,CRUISE,,0.69,0.67,0.38,0.21,0.31,0.00,0.00,,yes
134.51,FLYING,DONE,1,rotten,0.67,1.00,8.2,10,5,0,-5,0,17,CRUISE,,0.53,0.63,0.24,0.12,0.21,0.00,0.00,,yes
134.55,FLYING,DONE,1,rotten,0.67,1.00,8.2,10,8,0,-3,0,17,CRUISE,,0.44,0.42,0.17,0.07,0.15,0.00,0.00,,yes
134.67,FLYING,DONE,1,rotten,0.79,0.98,8.4,10,10,0,-2,0,17,CRUISE,,1.16,0.31,0.14,0.04,0.10,0.13,0.00,,yes
134.72,FLYING,DONE,1,rotten,0.79,0.98,8.4,10,12,0,-1,0,17,CRUISE,,1.52,0.26,0.14,0.02,0.07,0.32,0.00,,yes
134.77,FLYING,DONE,1,rotten,0.79,0.98,8.4,10,13,0,0,0,17,CRUISE,,1.69,0.26,0.20,0.27,0.05,0.42,0.00,,yes
134.88,FLYING,DONE,1,rotten,0.70,1.00,8.4,10,13,0,0,0,17,AVOID_RIGHT,,1.59,0.21,0.23,0.41,0.04,0.38,0.00,,yes
134.93,FLYING,DONE,1,rotten,0.70,1.00,8.4,10,14,0,0,0,17,AVOID_RIGHT,,1.38,0.12,0.25,0.31,0.03,0.28,0.00,,yes
134.98,FLYING,DONE,1,rotten,0.70,1.00,8.4,10,14,0,0,0,17,CRUISE,,1.28,0.08,0.27,0.28,0.02,0.23,0.00,,yes
135.09,FLYING,DONE,1,rotten,0.70,0.99,8.2,10,14,0,0,0,17,CRUISE,,1.03,0.06,0.15,0.21,0.01,0.11,0.00,,yes
135.14,FLYING,DONE,1,rotten,0.70,0.99,8.2,10,14,0,0,0,17,CRUISE,,0.55,0.06,0.08,0.12,0.01,0.00,0.00,,yes
135.19,FLYING,DONE,1,rotten,0.70,0.99,8.2,10,14,0,0,0,17,CRUISE,,0.32,0.08,0.05,0.07,0.01,0.00,0.00,,yes
135.30,FLYING,DONE,1,rotten,0.79,0.99,7.5,10,14,0,0,0,17,CRUISE,,0.33,0.27,0.11,0.04,0.00,0.00,0.00,,yes
135.35,FLYING,DONE,1,rotten,0.79,0.99,7.5,10,14,0,0,0,17,CRUISE,,0.34,0.37,0.14,0.02,0.00,0.00,0.00,,yes
135.40,FLYING,DONE,1,rotten,0.79,0.99,7.5,10,14,0,0,0,17,CRUISE,,0.34,0.41,0.16,0.01,0.00,0.00,0.00,,yes
135.51,FLYING,DONE,1,rotten,0.82,1.00,7.7,10,14,0,0,0,17,CRUISE,,0.49,0.53,0.13,0.01,0.00,0.00,0.00,,yes
135.56,FLYING,DONE,1,rotten,0.82,1.00,7.7,10,14,0,0,0,17,CRUISE,,0.56,0.59,0.19,0.00,0.00,0.00,0.00,,yes
135.61,FLYING,DONE,1,rotten,0.82,1.00,7.7,10,14,0,0,0,17,CRUISE,,0.65,0.62,0.21,0.00,0.00,0.00,0.00,,yes
135.69,FLYING,DONE,0,,,,,10,14,0,0,0,17,CRUISE,,0.64,0.57,0.23,0.00,0.00,0.00,0.00,,yes
135.74,FLYING,DONE,0,,,,,10,14,0,0,0,17,CRUISE,,0.62,0.54,0.23,0.00,0.00,0.00,0.00,,yes
135.79,FLYING,DONE,0,,,,,10,14,0,0,0,17,CRUISE,,0.56,0.48,0.36,0.00,0.00,0.00,0.00,,yes
135.87,FLYING,DONE,0,,,,,10,14,0,0,0,17,CRUISE,,0.52,0.45,0.29,0.00,0.00,0.00,0.00,,yes
135.92,FLYING,DONE,0,,,,,10,14,0,0,0,17,CRUISE,,0.61,0.43,0.26,0.00,0.00,0.00,0.00,,yes
135.97,FLYING,DONE,0,,,,,10,14,0,0,0,17,CRUISE,,0.69,0.44,0.25,0.00,0.00,0.00,0.00,,yes
136.08,FLYING,DONE,1,rotten,0.38,1.00,6.6,10,9,0,0,0,17,CRUISE,,0.92,0.41,0.25,0.00,0.00,0.06,0.00,,yes
136.13,FLYING,DONE,1,rotten,0.38,1.00,6.6,10,6,0,0,0,17,CRUISE,,1.04,0.40,0.27,0.00,0.00,0.12,0.00,,yes
136.18,FLYING,DONE,1,rotten,0.38,1.00,6.6,10,4,0,0,0,17,CRUISE,,1.03,0.39,0.26,0.00,0.00,0.12,0.00,,yes
136.29,FLYING,DONE,1,rotten,0.55,1.00,6.3,10,2,0,0,0,17,CRUISE,,0.79,0.40,0.21,0.00,0.00,0.00,0.00,,yes
136.34,FLYING,DONE,1,rotten,0.55,1.00,6.3,10,1,0,0,0,17,CRUISE,,0.47,0.40,0.18,0.00,0.00,0.00,0.00,,yes
136.39,FLYING,DONE,1,rotten,0.55,1.00,6.3,10,1,0,0,0,17,CRUISE,,0.31,0.40,0.17,0.00,0.00,0.00,0.00,,yes
136.51,FLYING,DONE,1,rotten,0.59,1.00,5.9,10,0,0,0,0,17,CRUISE,,0.18,0.43,0.18,0.00,0.00,0.00,0.00,,yes
136.55,FLYING,DONE,1,rotten,0.59,1.00,5.9,10,0,0,0,0,17,CRUISE,,0.27,0.44,0.23,0.00,0.00,0.00,0.00,,yes
136.60,FLYING,DONE,1,rotten,0.59,1.00,5.9,10,0,0,0,0,17,CRUISE,,0.32,0.45,0.34,0.00,0.00,0.00,0.00,,yes
136.68,FLYING,DONE,0,,,,,10,0,0,0,0,17,CRUISE,,0.34,0.46,0.31,0.00,0.00,0.00,0.00,,yes
136.73,FLYING,DONE,0,,,,,10,0,0,0,0,17,CRUISE,,0.40,0.46,0.26,0.00,0.00,0.00,0.00,,
136.78,FLYING,DONE,0,,,,,10,0,0,0,0,17,CRUISE,,0.43,0.45,0.23,0.00,0.00,0.00,0.00,,
136.86,FLYING,DONE,0,,,,,10,0,0,0,0,17,CRUISE,,0.65,0.38,0.40,0.00,0.00,0.00,0.00,,
136.91,FLYING,DONE,0,,,,,10,0,0,0,0,17,CRUISE,,0.76,0.34,0.49,0.00,0.00,0.00,0.00,,
136.96,FLYING,DONE,0,,,,,10,0,0,0,0,17,CRUISE,,0.82,0.32,0.25,0.00,0.00,0.01,0.00,,
137.07,FLYING,DONE,1,rotten,0.22,1.00,5.1,10,0,0,0,0,17,CRUISE,,0.92,0.32,0.13,0.00,0.00,0.06,0.00,,
137.12,FLYING,DONE,1,rotten,0.22,1.00,5.1,10,0,0,0,0,17,CRUISE,,0.96,0.31,0.07,0.00,0.00,0.08,0.00,,
137.18,FLYING,DONE,1,rotten,0.22,1.00,5.1,10,0,0,0,0,17,CRUISE,,0.60,0.31,0.06,0.00,0.44,0.00,0.00,,
137.30,FLYING,DONE,1,rotten,0.42,1.00,5.7,10,0,0,0,0,17,CRUISE,,0.41,0.29,0.10,0.00,0.31,0.00,0.00,,
137.34,FLYING,DONE,1,rotten,0.42,1.00,5.7,10,0,0,0,0,17,CRUISE,,0.56,0.29,0.23,0.00,0.44,0.00,0.00,,
137.39,FLYING,DONE,1,rotten,0.42,1.00,5.7,10,0,0,0,0,17,CRUISE,,0.87,0.24,0.36,0.00,0.31,0.00,0.00,,
137.51,FLYING,DONE,1,rotten,0.75,0.98,5.4,10,0,0,0,0,17,CRUISE,,1.25,0.22,0.36,0.00,0.21,0.12,0.00,,
137.55,FLYING,DONE,1,rotten,0.75,0.98,5.4,10,0,0,0,0,17,CRUISE,,1.44,0.21,0.23,0.00,0.15,0.24,0.00,,
137.60,FLYING,DONE,1,rotten,0.75,0.98,5.4,10,0,0,0,0,17,CRUISE,,1.13,0.16,0.16,0.00,0.10,0.11,0.00,,
137.72,FLYING,DONE,1,rotten,0.72,1.00,5.5,10,0,0,0,0,17,CRUISE,,0.85,0.13,0.26,0.00,0.07,0.00,0.00,,
137.76,FLYING,DONE,1,rotten,0.72,1.00,5.5,10,0,0,0,0,17,CRUISE,,0.77,0.10,0.33,0.00,0.44,0.00,0.00,,
137.81,FLYING,DONE,1,rotten,0.72,1.00,5.5,10,0,0,0,0,17,CRUISE,,0.74,0.05,0.35,0.00,0.31,0.00,0.00,,
137.93,FLYING,DONE,1,rotten,0.80,0.99,5.5,10,0,0,0,0,17,CRUISE,,0.77,0.03,0.36,0.00,0.44,0.00,0.00,,
137.98,FLYING,DONE,1,rotten,0.80,0.99,5.5,10,0,0,0,0,17,CRUISE,,0.79,0.18,0.21,0.00,0.31,0.00,0.00,,
138.02,FLYING,DONE,1,rotten,0.80,0.99,5.5,10,0,0,0,0,17,CRUISE,,0.80,0.25,0.13,0.00,0.21,0.00,0.00,,
138.14,FLYING,DONE,1,rotten,0.78,1.00,5.8,10,0,0,0,0,17,CRUISE,,0.89,0.29,0.09,0.00,0.44,0.00,0.00,,
138.19,FLYING,DONE,1,rotten,0.78,1.00,5.8,10,0,0,0,0,17,CRUISE,,0.94,0.38,0.21,0.00,0.44,0.00,0.00,,
138.23,FLYING,DONE,1,rotten,0.78,1.00,5.8,10,0,0,0,0,17,CRUISE,,1.22,0.43,0.27,0.00,0.31,0.06,0.00,,
138.35,FLYING,DONE,1,rotten,0.73,0.99,5.4,10,0,0,0,0,17,CRUISE,,1.07,0.79,0.81,0.00,0.44,0.00,0.00,,
138.40,FLYING,DONE,1,rotten,0.73,0.99,5.4,10,0,0,0,0,17,CRUISE,,1.21,0.98,1.09,0.00,0.31,0.05,0.00,,
138.44,FLYING,DONE,1,rotten,0.73,0.99,5.4,10,0,0,0,0,17,CRUISE,,1.28,0.89,1.35,0.00,0.21,0.13,0.17,,
138.56,FLYING,DONE,1,rotten,0.69,1.00,6.5,10,0,0,0,0,17,CRUISE,,1.96,0.74,0.96,0.15,0.15,0.50,0.01,,
138.61,FLYING,DONE,1,rotten,0.69,1.00,6.5,10,0,0,0,0,17,AVOID_RIGHT,,2.29,0.77,0.64,0.34,0.44,0.53,0.00,,
138.66,FLYING,DONE,1,rotten,0.69,1.00,6.5,10,0,0,0,0,17,AVOID_RIGHT,,2.46,0.79,0.42,0.45,0.31,0.68,0.00,,
138.77,FLYING,DONE,1,rotten,0.60,1.00,4.9,10,0,0,0,0,17,AVOID_RIGHT,,1.96,0.81,0.27,0.52,0.21,0.47,0.00,,
138.82,FLYING,DONE,1,rotten,0.60,1.00,4.9,10,0,0,0,0,17,AVOID_RIGHT,,1.25,0.53,0.16,0.39,0.15,0.15,0.00,,
138.87,FLYING,DONE,1,rotten,0.60,1.00,4.9,10,0,0,0,0,16,AVOID_RIGHT,,0.71,0.37,0.10,0.22,0.10,0.00,0.00,,
138.99,FLYING,DONE,1,rotten,0.68,1.00,4.9,10,0,0,0,0,16,AVOID_RIGHT,,0.44,0.29,0.07,0.12,0.07,0.00,0.00,,
139.03,FLYING,DONE,1,rotten,0.68,1.00,4.9,10,0,0,0,0,16,AVOID_RIGHT,,0.74,0.25,0.17,0.07,0.05,0.00,0.00,,
139.08,FLYING,DONE,1,rotten,0.68,1.00,4.9,10,0,0,0,0,16,CRUISE,,0.90,0.20,0.25,0.04,0.04,0.03,0.00,,
139.20,FLYING,DONE,1,rotten,0.70,1.00,4.9,10,0,0,0,0,16,CRUISE,,0.98,0.18,0.26,0.02,0.03,0.08,0.00,,
139.24,FLYING,DONE,1,rotten,0.70,1.00,4.9,10,0,0,0,0,16,CRUISE,,0.64,0.16,0.17,0.01,0.02,0.00,0.00,,
139.29,FLYING,DONE,1,rotten,0.70,1.00,4.9,10,0,0,0,0,16,CRUISE,,0.46,0.18,0.13,0.01,0.01,0.00,0.00,,
139.41,FLYING,DONE,1,rotten,0.53,1.00,5.1,10,0,0,0,0,16,CRUISE,,0.40,0.16,0.10,0.00,0.01,0.00,0.00,,
139.45,FLYING,DONE,1,rotten,0.53,1.00,5.1,10,0,0,0,0,16,CRUISE,,0.37,0.20,0.14,0.00,0.01,0.00,0.00,,
139.50,FLYING,DONE,1,rotten,0.53,1.00,5.1,10,0,0,0,0,16,CRUISE,,0.42,0.45,0.15,0.00,0.00,0.00,0.00,,
139.62,FLYING,LAND,1,rotten,0.34,1.00,5.7,10,0,0,0,0,16,CRUISE,,0.34,1.08,0.25,0.00,0.00,0.14,0.14,,
