time_s,mode,state,bananas_seen,label,det_conf,cls_conf,size_pct,hunger,lr,fb,ud,yaw,battery,brain,escape_dir,loom_l,loom_c,loom_r
3.76,FLYING,SEARCH,0,,,,,100,0,0,0,2,78,ARMING,,0.00,0.00,0.00
3.97,FLYING,FEED,1,rotten,0.22,0.96,3.5,100,0,0,-7,1,77,ARMING,,0.57,0.34,0.45
4.06,FLYING,FEED,0,,,,,100,0,0,-4,1,77,ARMING,,0.90,0.54,0.65
4.11,FLYING,FEED,0,,,,,100,0,0,-2,0,77,ARMING,,1.02,0.66,0.78
4.15,FLYING,FEED,0,,,,,100,0,0,-1,0,77,ARMING,,1.03,0.73,0.79
4.20,FLYING,FEED,0,,,,,100,0,0,-1,0,77,ARMING,,0.78,0.97,0.63
4.24,FLYING,FEED,0,,,,,100,0,0,0,0,77,ARMING,,0.58,1.09,0.55
4.28,FLYING,FEED,0,,,,,100,0,0,0,0,77,ARMING,,0.52,1.15,0.48
4.34,FLYING,FEED,0,,,,,100,0,0,0,0,77,ARMING,,0.49,1.14,0.45
4.38,FLYING,FEED,0,,,,,100,0,0,0,0,77,ARMING,,0.48,1.09,0.41
4.42,FLYING,FEED,0,,,,,100,0,0,0,0,77,ARMING,,0.47,0.97,0.35
4.46,FLYING,FEED,0,,,,,100,0,0,0,0,77,ARMING,,0.43,0.92,0.32
4.50,FLYING,FEED,0,,,,,100,0,0,0,0,77,ARMING,,0.41,0.91,0.31
4.54,FLYING,FEED,0,,,,,100,0,0,0,0,77,ARMING,,1.12,1.58,0.96
4.58,FLYING,FEED,0,,,,,100,0,0,0,0,77,ARMING,,1.48,1.92,1.29
4.63,FLYING,FEED,0,,,,,100,0,0,0,0,77,ARMING,,0.91,1.19,0.78
4.67,FLYING,FEED,0,,,,,100,0,0,0,0,77,ARMING,,0.61,0.81,0.50
4.71,FLYING,FEED,0,,,,,100,0,0,0,0,77,ARMING,,0.44,0.60,0.35
4.75,FLYING,FEED,0,,,,,100,0,0,0,0,77,ARMING,,0.33,0.41,0.27
4.79,FLYING,FEED,0,,,,,100,0,0,0,0,77,ARMING,,0.27,0.31,0.25
4.83,FLYING,FEED,0,,,,,100,0,0,0,0,77,ARMING,,0.69,0.70,0.87
4.87,FLYING,FEED,0,,,,,100,0,0,0,0,77,ARMING,,0.90,0.90,1.18
4.91,FLYING,FEED,0,,,,,100,0,0,0,0,77,ARMING,,0.57,0.61,0.70
4.95,FLYING,FEED,0,,,,,100,0,0,0,0,77,ARMING,,0.40,0.41,0.44
5.00,FLYING,SEARCH,0,,,,,100,0,0,0,0,77,ARMING,,0.36,0.32,0.33
5.04,FLYING,SEARCH,0,,,,,100,0,0,0,0,77,ARMING,,0.76,0.79,0.88
5.08,FLYING,SEARCH,0,,,,,100,0,0,0,0,77,ARMING,,0.96,1.03,1.16
5.12,FLYING,SEARCH,0,,,,,100,0,0,0,0,77,ARMING,,0.88,1.17,0.93
5.16,FLYING,SEARCH,0,,,,,100,0,0,0,0,77,ARMING,,0.85,1.24,0.81
5.20,FLYING,SEARCH,0,,,,,100,0,0,0,0,77,ARMING,,0.83,1.27,0.75
5.24,FLYING,SEARCH,0,,,,,100,0,0,0,0,77,ARMING,,0.55,0.70,0.43
5.28,FLYING,SEARCH,0,,,,,100,0,0,0,0,77,ARMING,,0.41,0.41,0.27
5.32,FLYING,SEARCH,0,,,,,100,0,0,0,0,77,ARMING,,0.32,0.31,0.24
5.36,FLYING,SEARCH,0,,,,,100,0,0,0,0,77,ARMING,,0.28,0.29,0.22
5.40,FLYING,SEARCH,0,,,,,100,0,0,0,0,77,ARMING,,0.26,0.28,0.19
5.44,FLYING,SEARCH,0,,,,,100,0,0,0,0,77,ARMING,,0.22,0.22,0.16
5.49,FLYING,SEARCH,0,,,,,100,0,0,0,0,77,ARMING,,0.21,0.19,0.14
5.53,FLYING,SEARCH,0,,,,,100,0,0,0,0,77,ARMING,,0.19,0.20,0.13
5.57,FLYING,SEARCH,0,,,,,100,0,0,0,0,77,ARMING,,0.19,0.24,0.12
5.61,FLYING,SEARCH,0,,,,,100,0,0,0,0,77,ARMING,,0.18,0.26,0.10
5.65,FLYING,SEARCH,0,,,,,100,0,0,0,0,77,ARMING,,0.19,0.20,0.10
5.69,FLYING,SEARCH,0,,,,,100,0,0,0,0,77,ARMING,,0.19,0.17,0.11
5.73,FLYING,SEARCH,0,,,,,100,0,0,0,0,77,CRUISE,,0.21,0.18,0.13
5.90,FLYING,SEARCH,0,,,,,100,0,0,0,0,77,CRUISE,,0.00,0.00,0.00
5.96,FLYING,SEARCH,0,,,,,100,0,0,0,0,77,CRUISE,,0.14,0.27,0.17
6.01,FLYING,SEARCH,0,,,,,100,0,0,0,0,77,CRUISE,,0.25,0.49,0.29
6.07,FLYING,SEARCH,0,,,,,100,0,0,0,0,77,CRUISE,,0.26,0.51,0.31
6.12,FLYING,SEARCH,0,,,,,100,0,0,0,2,77,CRUISE,,0.35,0.69,0.41
6.18,FLYING,SEARCH,0,,,,,100,0,0,0,4,77,CRUISE,,0.68,0.94,0.82
6.23,FLYING,SEARCH,0,,,,,100,0,0,0,5,77,CRUISE,,0.85,1.07,1.03
6.28,FLYING,SEARCH,0,,,,,100,0,0,0,6,77,CRUISE,,0.51,0.59,0.58
6.34,FLYING,SEARCH,0,,,,,100,0,0,0,7,77,CRUISE,,0.33,0.36,0.35
6.39,FLYING,SEARCH,0,,,,,100,0,0,0,7,77,CRUISE,,0.29,0.28,0.25
6.45,FLYING,SEARCH,0,,,,,100,0,0,0,7,77,CRUISE,,0.37,0.24,0.20
6.50,FLYING,SEARCH,0,,,,,100,0,0,0,7,77,AVOID_RIGHT,,2.80,0.22,0.27
6.56,FLYING,SEARCH,0,,,,,100,0,0,0,7,77,AVOID_RIGHT,,4.02,0.22,0.30
6.61,FLYING,SEARCH,0,,,,,100,0,0,0,7,77,AVOID_RIGHT,,4.56,0.23,0.32
6.67,FLYING,SCARED,0,,,,,100,0,-40,0,0,77,ESCAPE,RIGHT,4.73,0.26,0.32
6.72,FLYING,SCARED,0,,,,,100,0,-40,0,0,77,ESCAPE,RIGHT,4.79,0.31,0.38
6.78,FLYING,SCARED,0,,,,,100,0,-40,0,0,77,ESCAPE,RIGHT,2.62,0.44,0.41
6.83,FLYING,SCARED,0,,,,,100,0,-40,0,0,77,ESCAPE,RIGHT,1.53,0.50,0.42
6.88,FLYING,SCARED,0,,,,,100,0,-40,0,0,77,ESCAPE,RIGHT,2.51,0.50,0.37
6.94,FLYING,SCARED,0,,,,,100,0,-40,0,0,77,ESCAPE,RIGHT,2.99,0.50,0.35
6.99,FLYING,SCARED,0,,,,,100,0,-40,0,0,77,ESCAPE,RIGHT,1.80,0.55,0.38
7.04,FLYING,SCARED,0,,,,,100,0,-40,0,0,77,ESCAPE,RIGHT,1.03,0.57,0.40
7.10,FLYING,SCARED,0,,,,,100,0,-40,0,0,77,ESCAPE,RIGHT,0.64,0.58,0.38
7.15,FLYING,SCARED,0,,,,,100,0,-40,0,0,77,ESCAPE,RIGHT,0.46,0.60,0.37
7.21,FLYING,SCARED,0,,,,,100,0,-40,0,0,77,ESCAPE,RIGHT,0.39,0.61,0.35
7.26,FLYING,SCARED,0,,,,,100,0,-40,0,0,77,ESCAPE,RIGHT,0.36,0.58,0.36
7.31,FLYING,SCARED,0,,,,,100,0,-40,0,0,77,ESCAPE,RIGHT,0.35,0.49,0.39
7.37,FLYING,SCARED,0,,,,,100,0,-40,0,0,77,ESCAPE,RIGHT,0.86,0.40,0.41
7.42,FLYING,SCARED,0,,,,,100,0,-40,0,0,77,ESCAPE,RIGHT,1.11,0.36,0.41
7.51,FLYING,SCARED,1,rotten,0.21,0.92,3.4,100,0,-40,0,0,77,ESCAPE,RIGHT,0.69,0.30,0.39
7.60,FLYING,SCARED,1,,,,,100,0,-40,0,0,77,ESCAPE,RIGHT,0.48,0.23,0.32
7.68,FLYING,WAIT,1,rotten,0.31,0.84,2.9,100,0,-26,0,0,77,ESCAPE,RIGHT,0.47,0.20,0.28
7.74,FLYING,WAIT,0,,,,,100,0,-16,0,0,77,ESCAPE,RIGHT,0.83,0.29,0.45
7.79,FLYING,WAIT,0,,,,,100,0,-10,0,0,77,ESCAPE,RIGHT,1.00,0.33,0.54
7.84,FLYING,WAIT,0,,,,,100,0,-7,0,0,77,ESCAPE,RIGHT,0.70,0.17,0.35
7.90,FLYING,WAIT,0,,,,,100,0,-4,0,0,77,ESCAPE,RIGHT,0.42,0.08,0.22
7.95,FLYING,WAIT,0,,,,,100,0,-3,0,0,77,ESCAPE,RIGHT,0.28,0.03,0.19
8.01,FLYING,WAIT,0,,,,,100,0,-1,0,0,77,ESCAPE,RIGHT,1.21,0.83,1.15
8.06,FLYING,WAIT,0,,,,,100,0,-1,0,0,77,ESCAPE,RIGHT,1.68,1.22,1.62
8.11,FLYING,WAIT,0,,,,,100,0,0,0,0,77,ESCAPE,RIGHT,1.42,0.90,1.13
8.17,FLYING,WAIT,0,,,,,100,0,0,0,0,77,ESCAPE,RIGHT,1.29,0.74,0.81
8.22,FLYING,WAIT,0,,,,,100,0,0,0,0,77,ESCAPE,RIGHT,1.23,0.77,0.64
8.28,FLYING,WAIT,0,,,,,100,0,0,0,0,77,ESCAPE,RIGHT,1.20,0.78,0.54
8.33,FLYING,WAIT,0,,,,,100,0,0,0,0,77,ESCAPE,RIGHT,0.73,0.38,0.36
8.38,FLYING,WAIT,0,,,,,100,0,0,0,0,77,CRUISE,,0.46,0.18,0.24
8.44,FLYING,WAIT,0,,,,,100,0,0,0,0,77,CRUISE,,0.32,0.08,0.18
8.49,FLYING,WAIT,0,,,,,100,0,0,0,0,77,CRUISE,,0.59,0.40,0.44
8.55,FLYING,WAIT,0,,,,,100,0,0,0,0,77,CRUISE,,0.72,0.55,0.57
8.60,FLYING,WAIT,0,,,,,100,0,0,0,0,77,CRUISE,,0.51,0.28,0.35
8.65,FLYING,WAIT,0,,,,,100,0,0,0,0,77,CRUISE,,0.39,0.15,0.22
8.71,FLYING,WAIT,0,,,,,100,0,0,0,0,77,CRUISE,,0.25,0.09,0.15
8.76,FLYING,WAIT,0,,,,,100,0,0,0,0,77,CRUISE,,0.19,0.07,0.16
8.82,FLYING,WAIT,0,,,,,100,0,0,0,0,77,CRUISE,,0.14,0.06,0.16
8.87,FLYING,WAIT,0,,,,,100,0,0,0,0,77,CRUISE,,0.13,0.06,0.13
8.92,FLYING,WAIT,0,,,,,100,0,0,0,0,77,CRUISE,,0.11,0.06,0.11
8.98,FLYING,WAIT,0,,,,,100,0,0,0,0,77,CRUISE,,0.12,0.05,0.10
9.03,FLYING,WAIT,0,,,,,100,0,0,0,0,77,CRUISE,,1.80,0.51,0.90
9.09,FLYING,WAIT,0,,,,,100,0,0,0,0,77,CRUISE,,2.64,0.73,1.30
9.14,FLYING,WAIT,0,,,,,100,0,0,0,0,77,AVOID_RIGHT,,2.10,0.83,1.16
9.20,FLYING,WAIT,0,,,,,100,0,0,0,0,77,AVOID_RIGHT,,1.47,0.71,0.91
9.25,FLYING,WAIT,0,,,,,100,0,0,0,0,77,AVOID_RIGHT,,1.20,0.65,0.75
9.30,FLYING,WAIT,0,,,,,100,0,0,0,0,77,AVOID_RIGHT,,1.02,0.60,0.67
9.36,FLYING,WAIT,0,,,,,100,0,0,0,0,77,AVOID_RIGHT,,0.93,0.57,0.63
9.41,FLYING,WAIT,0,,,,,100,0,0,0,0,77,CRUISE,,0.65,0.55,0.40
9.47,FLYING,WAIT,0,,,,,100,0,0,0,0,77,CRUISE,,0.44,0.52,0.27
9.52,FLYING,WAIT,0,,,,,100,0,0,0,0,77,CRUISE,,0.28,0.37,0.20
9.57,FLYING,WAIT,0,,,,,100,0,0,0,0,77,CRUISE,,0.19,0.29,0.17
9.63,FLYING,WAIT,0,,,,,100,0,0,0,0,77,CRUISE,,0.15,0.30,0.18
9.68,FLYING,WAIT,0,,,,,100,0,0,0,0,77,CRUISE,,0.14,0.30,0.19
9.74,FLYING,WAIT,0,,,,,100,0,0,0,0,77,CRUISE,,0.18,0.26,0.20
9.79,FLYING,WAIT,0,,,,,100,0,0,0,0,77,CRUISE,,0.21,0.21,0.19
9.84,FLYING,WAIT,0,,,,,100,0,0,0,0,77,CRUISE,,0.20,0.15,0.19
9.90,FLYING,WAIT,0,,,,,100,0,0,0,0,77,CRUISE,,0.17,0.11,0.19
9.95,FLYING,WAIT,0,,,,,100,0,0,0,0,77,CRUISE,,0.16,0.09,0.19
10.01,FLYING,WAIT,0,,,,,100,0,0,0,0,77,CRUISE,,0.16,0.09,0.19
10.06,FLYING,WAIT,0,,,,,100,0,0,0,0,77,CRUISE,,0.16,0.09,0.19
10.11,FLYING,WAIT,0,,,,,100,0,0,0,0,77,CRUISE,,0.17,0.10,0.17
10.17,FLYING,WAIT,0,,,,,100,0,0,0,0,77,CRUISE,,1.08,0.10,0.11
10.22,FLYING,WAIT,0,,,,,100,0,0,0,0,77,CRUISE,,1.54,0.10,0.08
10.28,FLYING,WAIT,0,,,,,100,0,0,0,0,77,CRUISE,,1.77,0.10,0.06
10.33,FLYING,WAIT,0,,,,,100,0,0,0,0,77,AVOID_RIGHT,,2.27,0.10,0.08
10.39,FLYING,WAIT,0,,,,,100,0,0,0,0,77,AVOID_RIGHT,,2.51,0.12,0.10
10.44,FLYING,WAIT,0,,,,,100,0,0,0,0,77,AVOID_RIGHT,,2.14,0.11,0.09
10.49,FLYING,WAIT,0,,,,,100,0,0,0,0,77,AVOID_RIGHT,,1.58,0.10,0.09
10.55,FLYING,WAIT,0,,,,,100,0,0,0,0,77,AVOID_RIGHT,,1.30,0.10,0.08
10.60,FLYING,WAIT,0,,,,,100,0,0,0,0,77,AVOID_RIGHT,,0.94,0.12,0.12
10.66,FLYING,WAIT,0,,,,,100,0,0,0,0,77,AVOID_RIGHT,,0.61,0.13,0.13
10.71,FLYING,WAIT,0,,,,,100,0,0,0,0,77,AVOID_RIGHT,,0.44,0.14,0.12
10.77,FLYING,WAIT,0,,,,,100,0,0,0,0,77,AVOID_RIGHT,,0.39,0.14,0.11
10.82,FLYING,WAIT,0,,,,,100,0,0,0,0,77,AVOID_RIGHT,,0.97,0.14,0.11
10.87,FLYING,WAIT,0,,,,,100,0,0,0,0,77,CRUISE,,1.48,0.14,0.12
10.93,FLYING,WAIT,0,,,,,100,0,0,0,0,77,CRUISE,,1.73,0.52,0.14
10.98,FLYING,WAIT,0,,,,,100,0,0,0,0,77,CRUISE,,1.85,1.52,0.16
11.04,FLYING,WAIT,0,,,,,100,0,0,0,0,77,ESCAPE,RIGHT,1.42,2.02,0.16
11.09,FLYING,WAIT,0,,,,,100,0,0,0,0,77,ESCAPE,RIGHT,1.21,2.27,0.14
11.15,FLYING,WAIT,0,,,,,100,0,0,0,0,77,ESCAPE,RIGHT,1.51,1.68,0.12
11.20,FLYING,WAIT,0,,,,,100,0,0,0,0,77,ESCAPE,RIGHT,1.77,1.38,0.11
11.26,FLYING,WAIT,0,,,,,100,0,0,0,0,77,ESCAPE,RIGHT,1.91,1.84,0.10
11.31,FLYING,WAIT,0,,,,,100,0,0,0,0,77,ESCAPE,RIGHT,1.29,2.08,0.10
11.37,FLYING,WAIT,0,,,,,100,0,0,0,0,77,ESCAPE,RIGHT,0.83,1.19,0.14
11.42,FLYING,WAIT,0,,,,,100,0,0,0,0,77,ESCAPE,RIGHT,0.60,0.66,0.12
11.48,FLYING,WAIT,0,,,,,100,0,0,0,0,77,ESCAPE,RIGHT,0.96,0.39,0.10
11.53,FLYING,WAIT,0,,,,,100,0,0,0,0,77,ESCAPE,RIGHT,1.39,0.25,0.09
11.58,FLYING,WAIT,0,,,,,100,0,0,0,0,77,ESCAPE,RIGHT,2.14,0.20,0.09
11.64,FLYING,WAIT,0,,,,,100,0,0,0,0,77,ESCAPE,RIGHT,3.64,0.39,0.12
11.69,FLYING,WAIT,0,,,,,100,0,0,0,0,77,ESCAPE,RIGHT,4.39,2.13,0.11
11.75,FLYING,WAIT,0,,,,,100,0,0,0,0,77,ESCAPE,RIGHT,3.52,3.00,0.12
11.80,FLYING,WAIT,0,,,,,100,0,0,0,0,77,ESCAPE,RIGHT,2.93,1.67,0.13
11.86,FLYING,WAIT,0,,,,,100,0,0,0,0,77,ESCAPE,RIGHT,2.57,1.00,0.13
11.91,FLYING,WAIT,0,,,,,100,0,0,0,0,77,ESCAPE,RIGHT,2.38,0.64,0.11
11.97,FLYING,WAIT,0,,,,,100,0,0,0,0,77,ESCAPE,RIGHT,2.15,0.93,0.10
12.02,FLYING,WAIT,0,,,,,100,0,0,0,0,77,ESCAPE,RIGHT,1.61,1.09,0.09
12.08,FLYING,WAIT,0,,,,,100,0,0,0,0,77,ESCAPE,RIGHT,1.16,1.17,0.11
12.13,FLYING,WAIT,0,,,,,100,0,0,0,0,77,ESCAPE,RIGHT,0.72,0.98,0.11
12.18,FLYING,WAIT,0,,,,,100,0,0,0,0,77,ESCAPE,RIGHT,0.50,0.88,0.10
12.24,FLYING,WAIT,0,,,,,100,0,0,0,0,77,ESCAPE,RIGHT,0.39,1.42,0.10
12.29,FLYING,WAIT,0,,,,,100,0,0,0,0,77,ESCAPE,RIGHT,0.39,1.74,0.11
12.35,FLYING,WAIT,0,,,,,100,0,0,0,0,77,ESCAPE,RIGHT,0.41,2.77,0.12
12.40,FLYING,WAIT,0,,,,,100,0,0,0,0,77,ESCAPE,RIGHT,0.71,3.29,0.13
12.46,FLYING,WAIT,0,,,,,100,0,0,0,0,77,ESCAPE,RIGHT,0.97,2.34,0.14
12.51,FLYING,WAIT,0,,,,,100,0,0,0,0,77,ESCAPE,RIGHT,1.10,1.39,0.15
12.57,FLYING,WAIT,0,,,,,100,0,0,0,0,77,ESCAPE,RIGHT,1.12,0.76,0.16
12.62,FLYING,WAIT,0,,,,,100,0,0,0,0,77,ESCAPE,RIGHT,1.13,0.41,0.16
12.68,FLYING,WAIT,0,,,,,100,0,0,0,0,77,AVOID_LEFT,,1.75,0.27,0.13
12.73,FLYING,WAIT,0,,,,,100,0,0,0,0,77,AVOID_RIGHT,,2.34,0.38,0.09
12.79,FLYING,WAIT,0,,,,,100,0,0,0,0,77,AVOID_RIGHT,,2.64,0.76,0.07
12.84,FLYING,WAIT,0,,,,,100,0,0,0,0,77,AVOID_RIGHT,,2.44,1.07,0.11
12.90,FLYING,WAIT,0,,,,,100,0,0,0,0,77,AVOID_RIGHT,,2.34,1.44,0.13
12.95,FLYING,WAIT,0,,,,,100,0,0,0,0,77,AVOID_RIGHT,,2.29,1.63,0.52
13.01,FLYING,WAIT,0,,,,,100,0,0,0,0,77,AVOID_RIGHT,,2.13,1.41,0.71
13.06,FLYING,WAIT,0,,,,,100,0,0,0,0,77,AVOID_RIGHT,,2.05,1.25,0.46
13.12,FLYING,WAIT,0,,,,,100,0,0,0,0,77,AVOID_RIGHT,,2.13,1.17,0.33
13.17,FLYING,WAIT,0,,,,,100,0,0,0,0,77,AVOID_RIGHT,,2.25,1.18,0.73
13.22,FLYING,WAIT,0,,,,,100,0,0,0,0,77,AVOID_RIGHT,,2.32,1.18,0.94
13.28,FLYING,WAIT,0,,,,,100,0,0,0,0,77,AVOID_RIGHT,,2.93,0.77,0.59
13.33,FLYING,WAIT,0,,,,,100,0,0,0,0,77,AVOID_RIGHT,,3.24,0.56,0.41
13.39,FLYING,WAIT,0,,,,,100,0,0,0,0,77,AVOID_RIGHT,,2.85,0.67,0.32
13.44,FLYING,WAIT,0,,,,,100,0,0,0,0,77,AVOID_RIGHT,,2.47,0.72,0.28
13.50,FLYING,WAIT,0,,,,,100,0,0,0,0,77,AVOID_RIGHT,,2.23,0.62,0.25
13.55,FLYING,WAIT,0,,,,,100,0,0,0,0,77,AVOID_RIGHT,,1.62,0.56,0.27
13.61,FLYING,WAIT,0,,,,,100,0,0,0,0,77,AVOID_RIGHT,,1.31,0.51,0.35
13.66,FLYING,WAIT,0,,,,,100,0,0,0,0,77,AVOID_RIGHT,,1.15,0.41,0.39
13.71,FLYING,WAIT,0,,,,,100,0,0,0,0,77,AVOID_RIGHT,,1.26,0.35,0.42
13.77,FLYING,WAIT,0,,,,,100,0,0,0,0,77,AVOID_RIGHT,,1.34,0.91,0.64
13.82,FLYING,WAIT,0,,,,,100,0,0,0,0,77,AVOID_RIGHT,,1.37,1.19,0.75
13.88,FLYING,WAIT,0,,,,,100,0,0,0,0,77,AVOID_RIGHT,,1.00,1.02,0.56
13.93,FLYING,WAIT,0,,,,,100,0,0,0,0,77,AVOID_RIGHT,,0.81,0.93,0.41
13.99,FLYING,WAIT,0,,,,,100,0,0,0,0,77,AVOID_RIGHT,,0.72,0.89,0.29
14.04,FLYING,WAIT,0,,,,,100,0,0,0,0,77,CRUISE,,0.64,0.87,0.23
14.09,FLYING,WAIT,0,,,,,100,0,0,0,0,77,CRUISE,,0.61,0.93,0.21
14.15,FLYING,WAIT,0,,,,,100,0,0,0,0,77,CRUISE,,0.59,1.04,0.20
14.20,FLYING,WAIT,0,,,,,100,0,0,0,0,77,CRUISE,,0.73,1.24,0.19
14.26,FLYING,WAIT,0,,,,,100,0,0,0,0,77,CRUISE,,0.81,1.35,0.17
14.31,FLYING,WAIT,0,,,,,100,0,0,0,0,77,CRUISE,,0.62,1.07,0.16
14.37,FLYING,WAIT,0,,,,,100,0,0,0,0,77,CRUISE,,0.51,0.76,0.15
14.42,FLYING,WAIT,0,,,,,100,0,0,0,0,77,CRUISE,,0.46,0.61,0.13
14.48,FLYING,WAIT,0,,,,,100,0,0,0,0,77,CRUISE,,0.63,0.71,0.14
14.53,FLYING,WAIT,0,,,,,100,0,0,0,0,77,CRUISE,,0.71,1.39,0.24
14.58,FLYING,WAIT,0,,,,,100,0,0,0,0,77,CRUISE,,0.69,1.73,0.43
14.64,FLYING,WAIT,0,,,,,100,0,0,0,0,77,AVOID_LEFT,,0.55,1.50,0.52
14.69,FLYING,WAIT,0,,,,,100,0,0,0,0,77,AVOID_LEFT,,0.43,1.27,0.42
14.75,FLYING,WAIT,0,,,,,100,0,0,0,0,77,AVOID_LEFT,,0.37,1.15,0.29
14.80,FLYING,WAIT,0,,,,,100,0,0,0,0,77,AVOID_LEFT,,0.84,1.10,0.23
14.86,FLYING,WAIT,0,,,,,100,0,0,0,0,77,AVOID_LEFT,,1.34,1.04,0.51
14.91,FLYING,WAIT,0,,,,,100,0,0,0,0,77,AVOID_RIGHT,,2.45,1.01,0.65
14.97,FLYING,WAIT,0,,,,,100,0,0,0,0,77,AVOID_RIGHT,,3.05,0.99,0.69
15.02,FLYING,WAIT,0,,,,,100,0,0,0,0,77,AVOID_RIGHT,,3.34,0.83,0.71
15.08,FLYING,WAIT,0,,,,,100,0,0,0,0,77,ESCAPE,RIGHT,3.48,1.01,0.70
15.13,FLYING,WAIT,0,,,,,100,0,0,0,0,77,ESCAPE,RIGHT,3.48,0.84,0.42
15.19,FLYING,WAIT,0,,,,,100,0,0,0,0,77,ESCAPE,RIGHT,3.20,0.45,0.26
15.24,FLYING,WAIT,0,,,,,100,0,0,0,0,77,ESCAPE,RIGHT,2.62,0.26,0.18
15.30,FLYING,WAIT,0,,,,,100,0,0,0,0,77,ESCAPE,RIGHT,2.77,0.16,0.14
15.35,FLYING,WAIT,0,,,,,100,0,0,0,0,77,ESCAPE,RIGHT,2.41,0.70,0.11
15.41,FLYING,WAIT,0,,,,,100,0,0,0,0,77,ESCAPE,RIGHT,2.58,1.35,0.09
15.46,FLYING,WAIT,0,,,,,100,0,0,0,0,77,ESCAPE,RIGHT,2.32,1.67,0.09
15.52,FLYING,WAIT,0,,,,,100,0,0,0,0,77,ESCAPE,RIGHT,2.19,1.32,0.09
15.57,FLYING,WAIT,0,,,,,100,0,0,0,0,77,ESCAPE,RIGHT,1.38,1.14,0.08
15.63,FLYING,WAIT,0,,,,,100,0,0,0,0,77,ESCAPE,RIGHT,0.96,0.62,0.08
15.68,FLYING,WAIT,0,,,,,100,0,0,0,0,77,ESCAPE,RIGHT,0.65,0.41,0.09
15.73,FLYING,WAIT,0,,,,,100,0,0,0,0,77,ESCAPE,RIGHT,0.47,0.31,0.10
15.79,FLYING,WAIT,0,,,,,100,0,0,0,0,77,ESCAPE,RIGHT,0.39,0.26,0.11
15.84,FLYING,WAIT,0,,,,,100,0,0,0,0,77,ESCAPE,RIGHT,0.32,0.25,0.11
15.90,FLYING,WAIT,0,,,,,100,0,0,0,0,77,ESCAPE,RIGHT,0.28,0.61,0.12
15.95,FLYING,WAIT,0,,,,,100,0,0,0,0,77,ESCAPE,RIGHT,0.27,1.70,0.14
16.01,FLYING,WAIT,0,,,,,100,0,0,0,0,77,ESCAPE,RIGHT,0.66,1.74,0.14
16.06,FLYING,WAIT,0,,,,,100,0,0,0,0,77,ESCAPE,RIGHT,0.85,1.76,0.12
16.12,FLYING,WAIT,0,,,,,100,0,0,0,0,77,ESCAPE,RIGHT,1.29,1.77,0.11
16.17,FLYING,WAIT,0,,,,,100,0,0,0,0,77,ESCAPE,RIGHT,1.50,1.54,0.41
16.23,FLYING,WAIT,0,,,,,100,0,0,0,0,77,ESCAPE,RIGHT,1.60,1.43,0.56
16.28,FLYING,WAIT,0,,,,,100,0,0,0,0,77,ESCAPE,RIGHT,1.65,0.81,0.30
16.35,FLYING,WAIT,0,,,,,100,0,0,0,0,77,ESCAPE,RIGHT,1.87,0.50,0.17
16.40,FLYING,WAIT,0,,,,,100,0,0,0,0,77,ESCAPE,RIGHT,2.40,0.43,0.11
16.46,FLYING,WAIT,0,,,,,100,0,0,0,0,77,ESCAPE,RIGHT,2.84,0.55,0.10
16.51,FLYING,WAIT,0,,,,,100,0,0,0,0,77,ESCAPE,RIGHT,3.65,0.60,0.11
16.57,FLYING,WAIT,0,,,,,100,0,0,0,0,77,ESCAPE,RIGHT,4.06,0.48,0.52
16.62,FLYING,WAIT,0,,,,,100,0,0,0,0,77,ESCAPE,RIGHT,3.87,0.41,0.72
16.67,FLYING,WAIT,0,,,,,100,0,0,0,0,77,ESCAPE,RIGHT,3.01,1.33,0.42
16.73,FLYING,WAIT,0,,,,,100,0,0,0,0,77,AVOID_RIGHT,,2.21,1.79,0.27
16.78,FLYING,WAIT,0,,,,,100,0,0,0,0,77,AVOID_RIGHT,,1.31,1.97,0.55
16.84,FLYING,WAIT,0,,,,,100,0,0,0,0,77,AVOID_RIGHT,,0.86,2.07,2.12
16.89,FLYING,WAIT,0,,,,,100,0,0,0,0,77,AVOID_RIGHT,,0.64,2.86,2.90
16.95,FLYING,WAIT,0,,,,,100,0,0,0,0,77,AVOID_RIGHT,,0.57,4.56,1.64
17.01,FLYING,WAIT,0,,,,,100,0,0,0,0,77,AVOID_RIGHT,,0.54,5.60,0.95
17.06,FLYING,WAIT,0,,,,,100,0,0,0,0,77,AVOID_LEFT,,0.59,5.93,0.66
17.12,FLYING,WAIT,0,,,,,100,0,0,0,0,77,AVOID_LEFT,,1.45,4.65,0.51
17.17,FLYING,WAIT,0,,,,,100,0,0,0,0,77,AVOID_RIGHT,,1.88,3.22,0.44
17.23,FLYING,WAIT,0,,,,,100,0,0,0,0,77,AVOID_RIGHT,,1.77,2.15,0.44
17.28,FLYING,WAIT,0,,,,,100,0,0,0,0,77,AVOID_LEFT,,1.52,1.61,0.45
17.35,FLYING,WAIT,0,,,,,100,0,0,0,0,77,AVOID_LEFT,,1.39,1.20,0.46
17.40,FLYING,WAIT,0,,,,,100,0,0,0,0,77,AVOID_LEFT,,1.33,0.99,0.47
17.46,FLYING,WAIT,0,,,,,100,0,0,0,0,77,AVOID_LEFT,,1.34,0.80,0.38
17.51,FLYING,WAIT,0,,,,,100,0,0,0,0,77,CRUISE,,1.31,0.51,0.34
17.57,FLYING,WAIT,0,,,,,100,0,0,0,0,77,CRUISE,,1.30,0.37,0.35
17.62,FLYING,WAIT,0,,,,,100,0,0,0,0,77,CRUISE,,1.18,0.49,0.39
17.67,FLYING,WAIT,0,,,,,100,0,0,0,0,77,CRUISE,,0.85,0.55,0.39
17.73,FLYING,RETURN,0,,,,,100,0,4,0,0,77,CRUISE,,0.61,0.58,0.39
17.78,FLYING,RETURN,0,,,,,100,0,6,0,0,77,CRUISE,,0.47,0.51,0.31
17.84,FLYING,RETURN,0,,,,,100,0,8,0,0,77,CRUISE,,0.40,0.41,0.24
17.89,FLYING,RETURN,0,,,,,100,0,9,0,0,77,CRUISE,,0.49,0.36,0.20
17.94,FLYING,RETURN,0,,,,,100,0,10,0,0,77,CRUISE,,1.15,0.83,0.58
18.00,FLYING,RETURN,0,,,,,100,0,11,0,0,77,CRUISE,,1.47,1.07,0.77
18.05,FLYING,RETURN,0,,,,,100,0,11,0,0,77,AVOID_RIGHT,,1.92,1.18,0.43
18.11,FLYING,RETURN,0,,,,,100,0,11,0,0,77,AVOID_RIGHT,,1.90,0.93,0.26
18.16,FLYING,RETURN,0,,,,,100,0,11,0,0,77,AVOID_RIGHT,,1.90,0.89,0.25
18.22,FLYING,RETURN,0,,,,,100,0,11,0,0,77,AVOID_RIGHT,,1.50,0.71,0.40
18.27,FLYING,RETURN,0,,,,,100,0,11,0,0,77,AVOID_RIGHT,,1.25,0.78,0.47
18.33,FLYING,RETURN,0,,,,,100,0,11,0,0,77,AVOID_RIGHT,,1.13,1.31,0.49
18.38,FLYING,RETURN,0,,,,,100,0,11,0,0,77,AVOID_RIGHT,,1.21,1.57,0.43
18.44,FLYING,RETURN,0,,,,,100,0,11,0,0,77,AVOID_RIGHT,,1.29,1.77,0.47
18.49,FLYING,SCARED,0,,,,,100,0,-40,0,0,77,ESCAPE,RIGHT,1.29,2.62,0.42
18.55,FLYING,SCARED,0,,,,,100,0,-40,0,0,77,ESCAPE,RIGHT,1.56,3.05,0.46
18.60,FLYING,SCARED,0,,,,,100,0,-40,0,0,77,ESCAPE,RIGHT,1.51,2.91,0.38
18.66,FLYING,SCARED,0,,,,,100,0,-40,0,0,77,ESCAPE,RIGHT,2.30,2.79,0.53
18.71,FLYING,SCARED,0,,,,,100,0,-40,0,0,77,ESCAPE,RIGHT,2.92,1.86,0.60
18.77,FLYING,SCARED,0,,,,,100,0,-40,0,0,77,ESCAPE,RIGHT,3.23,1.28,0.85
18.82,FLYING,SCARED,0,,,,,100,0,-40,0,0,77,ESCAPE,RIGHT,2.42,1.04,0.98
18.88,FLYING,SCARED,0,,,,,100,0,-40,0,0,77,ESCAPE,RIGHT,2.01,0.86,0.78
18.93,FLYING,SCARED,0,,,,,100,0,-40,0,0,77,ESCAPE,RIGHT,1.92,0.83,0.68
18.98,FLYING,SCARED,0,,,,,100,0,-40,0,0,77,ESCAPE,RIGHT,1.93,1.21,1.10
19.04,FLYING,SCARED,0,,,,,100,0,-40,0,0,77,ESCAPE,RIGHT,2.58,1.39,1.31
19.09,FLYING,SCARED,0,,,,,100,0,-40,0,0,77,ESCAPE,RIGHT,2.91,1.40,1.33
19.15,FLYING,SCARED,0,,,,,100,0,-40,0,0,77,ESCAPE,RIGHT,2.67,1.38,1.31
19.20,FLYING,SCARED,0,,,,,100,0,-40,0,0,77,ESCAPE,RIGHT,2.55,0.76,0.72
19.26,FLYING,SCARED,0,,,,,100,0,-40,0,0,77,ESCAPE,RIGHT,2.26,0.46,0.41
19.31,FLYING,SCARED,0,,,,,100,0,-40,0,0,77,ESCAPE,RIGHT,1.98,0.31,0.25
19.37,FLYING,SCARED,0,,,,,100,0,-40,0,0,77,ESCAPE,RIGHT,1.76,0.24,0.18
19.42,FLYING,SCARED,0,,,,,100,0,-40,0,0,77,ESCAPE,RIGHT,1.64,0.20,0.14
19.48,FLYING,WAIT,0,,,,,100,0,-26,0,0,77,ESCAPE,RIGHT,1.64,0.26,0.09
19.53,FLYING,WAIT,0,,,,,100,0,-16,0,0,77,ESCAPE,RIGHT,1.64,0.48,0.07
19.59,FLYING,WAIT,0,,,,,100,0,-10,0,0,77,ESCAPE,RIGHT,1.40,0.90,0.21
19.64,FLYING,WAIT,0,,,,,100,0,-7,0,0,77,ESCAPE,RIGHT,1.28,1.26,0.28
19.70,FLYING,WAIT,0,,,,,100,0,-4,0,0,77,ESCAPE,RIGHT,1.35,1.57,0.32
19.75,FLYING,WAIT,0,,,,,100,0,-3,0,0,77,ESCAPE,RIGHT,1.39,1.73,0.33
19.81,FLYING,WAIT,0,,,,,100,0,-1,0,0,77,ESCAPE,RIGHT,1.41,1.47,0.31
19.86,FLYING,WAIT,0,,,,,100,0,-1,0,0,77,ESCAPE,RIGHT,1.56,1.33,0.29
19.91,FLYING,WAIT,0,,,,,100,0,0,0,0,77,ESCAPE,RIGHT,1.73,1.75,0.35
19.97,FLYING,WAIT,0,,,,,100,0,0,0,0,77,ESCAPE,RIGHT,1.91,2.03,0.40
20.02,FLYING,WAIT,0,,,,,100,0,0,0,0,77,ESCAPE,RIGHT,2.00,2.17,0.40
20.08,FLYING,WAIT,0,,,,,100,0,0,0,0,77,ESCAPE,RIGHT,1.83,2.11,0.42
20.13,FLYING,WAIT,0,,,,,100,0,0,0,0,77,AVOID_RIGHT,,1.49,1.95,0.52
20.19,FLYING,WAIT,0,,,,,100,0,0,0,0,77,AVOID_LEFT,,1.22,1.73,0.57
20.24,FLYING,WAIT,0,,,,,100,0,0,0,0,77,AVOID_LEFT,,0.92,1.00,0.41
20.30,FLYING,WAIT,0,,,,,100,0,0,0,0,77,AVOID_LEFT,,0.73,0.60,0.30
20.35,FLYING,WAIT,0,,,,,100,0,0,0,0,77,AVOID_LEFT,,0.54,0.39,0.21
20.41,FLYING,WAIT,0,,,,,100,0,0,0,0,77,AVOID_LEFT,,0.41,0.24,0.17
20.46,FLYING,WAIT,0,,,,,100,0,0,0,0,77,CRUISE,,0.33,0.17,0.15
20.52,FLYING,WAIT,0,,,,,100,0,0,0,0,77,CRUISE,,0.29,0.18,0.14
20.57,FLYING,WAIT,0,,,,,100,0,0,0,0,77,CRUISE,,0.26,0.20,0.14
20.62,FLYING,WAIT,0,,,,,100,0,0,0,0,77,CRUISE,,0.24,0.23,0.13
20.68,FLYING,WAIT,0,,,,,100,0,0,0,0,77,CRUISE,,0.23,0.26,0.12
20.73,FLYING,WAIT,0,,,,,100,0,0,0,0,77,CRUISE,,0.27,0.33,0.12
20.79,FLYING,WAIT,0,,,,,100,0,0,0,0,77,CRUISE,,0.64,0.61,0.45
20.84,FLYING,WAIT,0,,,,,100,0,0,0,0,77,CRUISE,,0.92,0.80,0.65
20.89,FLYING,WAIT,0,,,,,100,0,0,0,0,77,CRUISE,,1.06,1.01,0.76
20.95,FLYING,WAIT,0,,,,,100,0,0,0,0,77,CRUISE,,1.12,1.12,0.82
21.00,FLYING,WAIT,0,,,,,100,0,0,0,0,77,CRUISE,,0.93,0.95,0.50
21.06,FLYING,WAIT,0,,,,,100,0,0,0,0,77,CRUISE,,0.84,0.87,0.34
21.11,FLYING,WAIT,0,,,,,100,0,0,0,0,77,CRUISE,,1.43,1.36,0.43
21.16,FLYING,WAIT,0,,,,,100,0,0,0,0,77,CRUISE,,1.72,1.60,0.47
21.22,FLYING,WAIT,0,,,,,100,0,0,0,0,77,CRUISE,,0.99,0.95,0.32
21.27,FLYING,WAIT,0,,,,,100,0,0,0,0,77,CRUISE,,0.63,0.63,0.24
21.33,FLYING,WAIT,0,,,,,100,0,0,0,0,77,CRUISE,,0.46,0.46,0.21
21.38,FLYING,WAIT,0,,,,,100,0,0,0,0,77,CRUISE,,0.39,0.33,0.21
21.43,FLYING,WAIT,0,,,,,100,0,0,0,0,77,CRUISE,,0.34,0.25,0.20
21.49,FLYING,WAIT,0,,,,,100,0,0,0,0,77,CRUISE,,0.29,0.21,0.19
21.54,FLYING,WAIT,0,,,,,100,0,0,0,0,77,CRUISE,,0.26,0.19,0.19
21.60,FLYING,WAIT,0,,,,,100,0,0,0,0,77,CRUISE,,0.27,0.17,0.16
21.65,FLYING,WAIT,0,,,,,100,0,0,0,0,77,CRUISE,,0.28,0.17,0.16
21.70,FLYING,WAIT,0,,,,,100,0,0,0,0,77,CRUISE,,0.27,0.16,0.16
21.76,FLYING,WAIT,0,,,,,100,0,0,0,0,77,CRUISE,,0.26,0.16,0.19
21.81,FLYING,WAIT,0,,,,,100,0,0,0,0,77,CRUISE,,0.26,0.14,0.20
21.87,FLYING,WAIT,0,,,,,100,0,0,0,0,77,CRUISE,,0.22,0.12,0.21
21.92,FLYING,WAIT,0,,,,,100,0,0,0,0,77,CRUISE,,0.17,0.10,0.21
21.98,FLYING,WAIT,0,,,,,100,0,0,0,0,77,CRUISE,,0.15,0.10,0.16
22.03,FLYING,WAIT,0,,,,,100,0,0,0,0,77,CRUISE,,0.14,0.09,0.13
22.08,FLYING,WAIT,0,,,,,100,0,0,0,0,77,CRUISE,,0.15,0.10,0.12
22.14,FLYING,WAIT,0,,,,,100,0,0,0,0,77,CRUISE,,0.15,0.13,0.12
22.19,FLYING,WAIT,0,,,,,100,0,0,0,0,77,CRUISE,,0.15,0.15,0.14
22.25,FLYING,WAIT,0,,,,,100,0,0,0,0,77,CRUISE,,0.20,0.16,0.20
22.30,FLYING,WAIT,0,,,,,100,0,0,0,0,77,CRUISE,,0.30,0.18,0.27
22.35,FLYING,WAIT,0,,,,,100,0,0,0,0,77,CRUISE,,0.36,0.18,0.34
22.41,FLYING,WAIT,0,,,,,100,0,0,0,0,77,CRUISE,,0.38,0.19,0.37
22.46,FLYING,WAIT,0,,,,,100,0,0,0,0,77,CRUISE,,0.32,0.19,0.37
22.52,FLYING,WAIT,0,,,,,100,0,0,0,0,77,CRUISE,,0.29,0.22,0.34
22.57,FLYING,WAIT,0,,,,,100,0,0,0,0,77,CRUISE,,0.34,0.31,0.32
22.63,FLYING,WAIT,0,,,,,100,0,0,0,0,77,CRUISE,,0.39,0.36,0.29
22.68,FLYING,WAIT,0,,,,,100,0,0,0,0,77,CRUISE,,0.41,0.39,0.22
22.74,FLYING,WAIT,0,,,,,100,0,0,0,0,77,CRUISE,,0.42,0.40,0.18
22.79,FLYING,WAIT,0,,,,,100,0,0,0,0,77,CRUISE,,1.06,0.94,0.29
22.85,FLYING,WAIT,0,,,,,100,0,0,0,0,77,CRUISE,,1.38,1.21,0.34
22.90,FLYING,WAIT,0,,,,,100,0,0,0,0,77,CRUISE,,1.05,0.94,0.30
22.95,FLYING,WAIT,0,,,,,100,0,0,0,0,77,CRUISE,,0.80,0.72,0.23
23.01,FLYING,WAIT,0,,,,,100,0,0,0,0,77,CRUISE,,0.68,0.61,0.19
23.06,FLYING,WAIT,0,,,,,100,0,0,0,0,77,CRUISE,,0.61,0.56,0.18
23.12,FLYING,WAIT,0,,,,,100,0,0,0,0,77,CRUISE,,0.54,0.50,0.17
23.17,FLYING,WAIT,0,,,,,100,0,0,0,0,77,CRUISE,,0.51,0.46,0.16
23.22,FLYING,WAIT,0,,,,,100,0,0,0,0,77,CRUISE,,0.51,0.42,0.36
23.28,FLYING,WAIT,0,,,,,100,0,0,0,0,77,CRUISE,,0.51,0.36,0.46
23.34,FLYING,WAIT,0,,,,,100,0,0,0,0,77,CRUISE,,0.40,0.32,0.30
23.40,FLYING,WAIT,0,,,,,100,0,0,0,0,77,CRUISE,,0.33,0.28,0.21
23.45,FLYING,WAIT,0,,,,,100,0,0,0,0,77,CRUISE,,0.30,0.23,0.16
23.51,FLYING,WAIT,0,,,,,100,0,0,0,0,77,CRUISE,,0.28,0.20,0.11
23.56,FLYING,WAIT,0,,,,,100,0,0,0,0,77,CRUISE,,0.26,0.19,0.08
23.62,FLYING,WAIT,0,,,,,100,0,0,0,0,77,CRUISE,,0.24,0.15,0.08
23.67,FLYING,WAIT,0,,,,,100,0,0,0,0,77,CRUISE,,0.19,0.11,0.08
23.73,FLYING,WAIT,0,,,,,100,0,0,0,0,77,CRUISE,,0.16,0.08,0.06
23.78,FLYING,WAIT,0,,,,,100,0,0,0,0,77,CRUISE,,0.21,0.07,0.05
23.84,FLYING,WAIT,0,,,,,100,0,0,0,0,77,CRUISE,,0.38,0.07,0.06
23.89,FLYING,WAIT,0,,,,,100,0,0,0,0,77,CRUISE,,0.55,0.07,0.07
23.94,FLYING,WAIT,0,,,,,100,0,0,0,0,77,CRUISE,,0.67,0.07,0.10
24.00,FLYING,WAIT,0,,,,,100,0,0,0,0,77,CRUISE,,0.72,0.10,0.11
24.05,FLYING,WAIT,0,,,,,100,0,0,0,0,77,CRUISE,,0.47,0.13,0.11
24.11,FLYING,WAIT,0,,,,,100,0,0,0,0,77,CRUISE,,0.35,0.14,0.11
24.16,FLYING,WAIT,0,,,,,100,0,0,0,0,77,CRUISE,,0.33,0.15,0.11
24.22,FLYING,WAIT,0,,,,,100,0,0,0,0,77,CRUISE,,0.63,0.18,0.13
24.27,FLYING,WAIT,0,,,,,100,0,0,0,0,77,CRUISE,,1.07,0.18,0.15
24.32,FLYING,WAIT,0,,,,,100,0,0,0,0,77,CRUISE,,1.34,0.19,0.15
24.38,FLYING,WAIT,0,,,,,100,0,0,0,0,77,CRUISE,,1.43,0.22,0.15
24.43,FLYING,WAIT,0,,,,,100,0,0,0,0,77,CRUISE,,1.47,0.23,0.14
24.49,FLYING,WAIT,0,,,,,100,0,0,0,0,77,CRUISE,,1.04,0.23,0.14
24.54,FLYING,WAIT,0,,,,,100,0,0,0,0,77,CRUISE,,0.83,0.23,0.14
24.60,FLYING,WAIT,0,,,,,100,0,0,0,0,77,CRUISE,,0.92,0.23,0.14
24.65,FLYING,WAIT,0,,,,,100,0,0,0,0,77,CRUISE,,0.96,0.18,0.12
24.70,FLYING,WAIT,0,,,,,100,0,0,0,0,77,CRUISE,,1.01,0.15,0.11
24.76,FLYING,WAIT,0,,,,,100,0,0,0,0,77,CRUISE,,1.08,0.14,0.10
24.81,FLYING,WAIT,0,,,,,100,0,0,0,0,77,CRUISE,,1.11,0.13,0.10
24.87,FLYING,WAIT,0,,,,,100,0,0,0,0,77,CRUISE,,1.18,0.12,0.08
24.92,FLYING,WAIT,0,,,,,100,0,0,0,0,77,CRUISE,,1.05,0.13,0.07
24.98,FLYING,WAIT,0,,,,,100,0,0,0,0,77,CRUISE,,1.09,0.46,0.09
25.03,FLYING,WAIT,0,,,,,100,0,0,0,0,77,CRUISE,,1.10,1.14,0.10
25.09,FLYING,WAIT,0,,,,,100,0,0,0,0,77,CRUISE,,1.12,1.48,0.08
25.14,FLYING,WAIT,0,,,,,100,0,0,0,0,77,CRUISE,,1.43,1.59,0.06
25.20,FLYING,WAIT,0,,,,,100,0,0,0,0,77,CRUISE,,1.59,1.50,0.05
25.25,FLYING,WAIT,0,,,,,100,0,0,0,0,77,ESCAPE,RIGHT,1.92,1.46,0.06
25.31,FLYING,WAIT,0,,,,,100,0,0,0,0,77,ESCAPE,RIGHT,2.08,1.71,0.07
25.36,FLYING,WAIT,0,,,,,100,0,0,0,0,77,ESCAPE,RIGHT,2.06,1.83,0.08
25.42,FLYING,WAIT,0,,,,,100,0,0,0,0,77,ESCAPE,RIGHT,2.05,1.35,0.11
25.47,FLYING,WAIT,0,,,,,100,0,0,0,0,77,ESCAPE,RIGHT,2.05,1.12,0.12
25.53,FLYING,WAIT,0,,,,,100,0,0,0,0,77,ESCAPE,RIGHT,2.05,1.38,0.13
25.58,FLYING,WAIT,0,,,,,100,0,0,0,0,77,ESCAPE,RIGHT,2.03,1.51,0.14
25.64,FLYING,WAIT,0,,,,,100,0,0,0,0,77,ESCAPE,RIGHT,2.01,1.27,0.15
25.69,FLYING,WAIT,0,,,,,100,0,0,0,0,77,ESCAPE,RIGHT,2.20,1.09,0.16
25.75,FLYING,WAIT,0,,,,,100,0,0,0,0,77,ESCAPE,RIGHT,2.30,0.81,0.15
25.80,FLYING,WAIT,0,,,,,100,0,0,0,0,77,ESCAPE,RIGHT,1.70,0.59,0.16
25.86,FLYING,WAIT,0,,,,,100,0,0,0,0,77,ESCAPE,RIGHT,1.41,0.33,0.15
25.91,FLYING,WAIT,0,,,,,100,0,0,0,0,77,ESCAPE,RIGHT,1.38,0.21,0.13
25.97,FLYING,WAIT,0,,,,,100,0,0,0,0,77,ESCAPE,RIGHT,1.37,0.15,0.12
26.02,FLYING,WAIT,0,,,,,100,0,0,0,0,77,ESCAPE,RIGHT,1.40,0.12,0.10
26.08,FLYING,WAIT,0,,,,,100,0,0,0,0,77,ESCAPE,RIGHT,1.71,0.09,0.10
26.13,FLYING,WAIT,0,,,,,100,0,0,0,0,77,ESCAPE,RIGHT,1.87,0.07,0.09
26.19,FLYING,WAIT,0,,,,,100,0,0,0,0,77,ESCAPE,RIGHT,1.52,0.09,0.09
26.24,FLYING,WAIT,0,,,,,100,0,0,0,0,77,ESCAPE,RIGHT,1.34,0.10,0.09
26.30,FLYING,WAIT,0,,,,,100,0,0,0,0,77,ESCAPE,RIGHT,1.55,0.11,0.09
26.35,FLYING,WAIT,0,,,,,100,0,0,0,0,77,ESCAPE,RIGHT,1.90,0.15,0.11
26.44,FLYING,WAIT,1,,,,,100,0,0,0,0,77,ESCAPE,RIGHT,2.08,0.17,0.15
26.52,FLYING,WAIT,1,,,,,100,0,0,0,0,77,ESCAPE,RIGHT,2.17,0.17,0.17
26.57,FLYING,WAIT,0,,,,,100,0,0,0,0,77,ESCAPE,RIGHT,2.11,0.17,0.12
26.63,FLYING,WAIT,0,,,,,100,0,0,0,0,77,ESCAPE,RIGHT,2.07,0.17,0.09
26.68,FLYING,WAIT,0,,,,,100,0,0,0,0,77,ESCAPE,RIGHT,1.91,0.15,0.08
26.74,FLYING,WAIT,0,,,,,100,0,0,0,0,77,ESCAPE,RIGHT,1.61,0.14,0.08
26.82,FLYING,WAIT,1,,,,,100,0,0,0,0,77,ESCAPE,RIGHT,1.13,0.14,0.08
26.88,FLYING,WAIT,0,,,,,100,0,0,0,0,77,ESCAPE,RIGHT,0.78,0.14,0.07
26.93,FLYING,WAIT,0,,,,,100,0,0,0,0,77,ESCAPE,RIGHT,0.61,0.15,0.08
26.99,FLYING,WAIT,0,,,,,100,0,0,0,0,77,AVOID_RIGHT,,0.56,0.15,0.10
27.04,FLYING,WAIT,0,,,,,100,0,0,0,0,77,AVOID_RIGHT,,0.56,0.13,0.14
27.10,FLYING,WAIT,0,,,,,100,0,0,0,0,77,AVOID_RIGHT,,0.54,0.11,0.16
27.15,FLYING,WAIT,0,,,,,100,0,0,0,0,77,AVOID_RIGHT,,0.44,0.10,0.17
27.20,FLYING,WAIT,0,,,,,100,0,0,0,0,77,AVOID_RIGHT,,0.39,0.09,0.17
27.26,FLYING,WAIT,0,,,,,100,0,0,0,0,77,CRUISE,,0.38,0.09,0.13
27.31,FLYING,WAIT,0,,,,,100,0,0,0,0,77,CRUISE,,0.38,0.10,0.10
27.37,FLYING,WAIT,0,,,,,100,0,0,0,0,77,CRUISE,,0.38,0.10,0.08
27.42,FLYING,WAIT,0,,,,,100,0,0,0,0,77,CRUISE,,0.37,0.10,0.11
27.48,FLYING,WAIT,0,,,,,100,0,0,0,0,77,CRUISE,,0.37,0.10,0.13
27.53,FLYING,WAIT,0,,,,,100,0,0,0,0,77,CRUISE,,0.38,0.13,0.13
27.58,FLYING,WAIT,0,,,,,100,0,0,0,0,77,CRUISE,,0.39,0.14,0.12
27.64,FLYING,WAIT,0,,,,,100,0,0,0,0,77,CRUISE,,0.37,0.14,0.12
27.69,FLYING,WAIT,0,,,,,100,0,0,0,0,77,CRUISE,,0.35,0.13,0.12
27.75,FLYING,WAIT,0,,,,,100,0,0,0,0,77,CRUISE,,0.32,0.11,0.09
27.80,FLYING,WAIT,0,,,,,100,0,0,0,0,77,CRUISE,,0.30,0.09,0.12
27.86,FLYING,WAIT,0,,,,,100,0,0,0,0,77,CRUISE,,0.30,0.08,0.10
27.91,FLYING,WAIT,0,,,,,100,0,0,0,0,77,CRUISE,,0.36,0.07,0.12
27.97,FLYING,WAIT,0,,,,,100,0,0,0,0,77,CRUISE,,0.39,0.11,0.14
28.02,FLYING,WAIT,0,,,,,100,0,0,0,0,77,CRUISE,,0.34,0.13,0.14
28.07,FLYING,WAIT,0,,,,,100,0,0,0,0,77,CRUISE,,0.29,0.13,0.09
28.13,FLYING,WAIT,0,,,,,100,0,0,0,0,77,CRUISE,,0.26,0.10,0.07
28.18,FLYING,WAIT,0,,,,,100,0,0,0,0,77,CRUISE,,0.19,0.07,0.05
28.24,FLYING,WAIT,0,,,,,100,0,0,0,0,77,CRUISE,,0.15,0.04,0.05
28.29,FLYING,WAIT,0,,,,,100,0,0,0,0,77,CRUISE,,0.16,0.02,0.04
28.35,FLYING,WAIT,0,,,,,100,0,0,0,0,77,CRUISE,,0.19,0.02,0.06
28.40,FLYING,WAIT,0,,,,,100,0,0,0,0,77,CRUISE,,0.18,0.04,0.08
28.45,FLYING,WAIT,0,,,,,100,0,0,0,0,77,CRUISE,,0.25,0.05,0.09
28.51,FLYING,WAIT,0,,,,,100,0,0,0,0,77,CRUISE,,0.33,0.06,0.09
28.56,FLYING,WAIT,0,,,,,100,0,0,0,0,77,CRUISE,,0.42,0.06,0.09
28.62,FLYING,WAIT,0,,,,,100,0,0,0,0,77,CRUISE,,0.63,0.33,0.20
28.67,FLYING,WAIT,0,,,,,100,0,0,0,0,77,CRUISE,,0.74,0.46,0.25
28.73,FLYING,WAIT,0,,,,,100,0,0,0,0,77,CRUISE,,0.56,0.31,0.16
28.78,FLYING,WAIT,0,,,,,100,0,0,0,0,77,CRUISE,,0.47,0.19,0.11
28.84,FLYING,WAIT,0,,,,,100,0,0,0,0,77,CRUISE,,0.42,0.14,0.10
28.89,FLYING,WAIT,0,,,,,100,0,0,0,0,77,CRUISE,,0.36,0.11,0.09
28.94,FLYING,WAIT,0,,,,,100,0,0,0,0,77,CRUISE,,0.36,0.08,0.09
29.00,FLYING,WAIT,0,,,,,100,0,0,0,0,77,CRUISE,,0.36,0.07,0.09
29.05,FLYING,WAIT,0,,,,,100,0,0,0,0,77,CRUISE,,0.42,0.35,0.26
29.11,FLYING,WAIT,0,,,,,100,0,0,0,0,77,CRUISE,,0.44,0.49,0.34
29.16,FLYING,WAIT,0,,,,,100,0,0,0,0,77,CRUISE,,0.33,0.27,0.25
29.22,FLYING,WAIT,0,,,,,100,0,0,0,0,77,CRUISE,,0.20,0.16,0.16
29.27,FLYING,WAIT,0,,,,,100,0,0,0,0,77,CRUISE,,0.13,0.11,0.12
29.32,FLYING,WAIT,0,,,,,100,0,0,0,0,77,CRUISE,,0.20,0.10,0.09
29.38,FLYING,WAIT,0,,,,,100,0,0,0,0,77,CRUISE,,0.44,0.09,0.10
29.43,FLYING,WAIT,0,,,,,100,0,0,0,0,77,CRUISE,,0.59,0.09,0.14
29.49,FLYING,RETURN,0,,,,,100,0,4,0,0,77,CRUISE,,0.66,0.11,0.15
29.54,FLYING,RETURN,0,,,,,100,0,6,0,0,77,CRUISE,,0.70,0.12,0.15
29.60,FLYING,RETURN,0,,,,,100,0,8,0,0,77,CRUISE,,0.68,0.12,0.15
29.65,FLYING,RETURN,0,,,,,100,0,9,0,0,77,CRUISE,,0.72,0.11,0.13
29.70,FLYING,RETURN,0,,,,,100,0,10,0,0,77,CRUISE,,0.84,0.09,0.11
29.76,FLYING,RETURN,0,,,,,100,0,11,0,0,77,CRUISE,,0.91,0.07,0.10
29.81,FLYING,RETURN,0,,,,,100,0,11,0,0,77,CRUISE,,0.79,0.06,0.10
29.87,FLYING,RETURN,0,,,,,100,0,11,0,0,77,CRUISE,,0.73,0.06,0.10
29.92,FLYING,RETURN,0,,,,,100,0,11,0,0,77,CRUISE,,0.74,0.05,0.12
29.97,FLYING,RETURN,0,,,,,100,0,11,0,0,77,CRUISE,,0.91,0.05,0.12
30.03,FLYING,RETURN,0,,,,,100,0,11,0,0,77,CRUISE,,0.99,0.06,0.14
30.08,FLYING,RETURN,0,,,,,100,0,11,0,0,77,CRUISE,,0.91,0.07,0.14
30.14,FLYING,RETURN,0,,,,,100,0,11,0,0,77,CRUISE,,0.87,0.08,0.15
30.19,FLYING,RETURN,0,,,,,100,0,11,0,0,77,CRUISE,,0.96,0.09,0.19
30.25,FLYING,RETURN,0,,,,,100,0,11,0,0,77,CRUISE,,1.01,0.11,0.21
30.30,FLYING,RETURN,0,,,,,100,0,11,0,0,77,CRUISE,,1.03,0.13,0.16
30.36,FLYING,RETURN,0,,,,,100,0,11,0,0,77,CRUISE,,1.19,0.10,0.14
30.41,FLYING,RETURN,0,,,,,100,0,11,0,0,77,CRUISE,,1.31,0.08,0.12
30.47,FLYING,RETURN,0,,,,,100,0,11,0,0,77,CRUISE,,1.47,0.09,0.11
30.52,FLYING,RETURN,0,,,,,100,0,11,0,0,77,CRUISE,,1.55,0.10,0.10
30.58,FLYING,RETURN,0,,,,,100,0,11,0,0,77,CRUISE,,1.36,0.10,0.10
30.63,FLYING,RETURN,0,,,,,100,0,11,0,0,77,CRUISE,,1.27,0.10,0.11
30.68,FLYING,RETURN,0,,,,,100,0,11,0,0,77,CRUISE,,1.34,0.07,0.11
30.74,FLYING,RETURN,0,,,,,100,0,11,0,0,77,CRUISE,,1.54,0.06,0.11
30.79,FLYING,RETURN,0,,,,,100,0,11,0,0,77,CRUISE,,1.64,0.06,0.12
30.85,FLYING,RETURN,0,,,,,100,0,11,0,0,77,CRUISE,,1.51,0.06,0.12
30.90,FLYING,RETURN,0,,,,,100,0,11,0,0,77,CRUISE,,1.20,0.07,0.13
30.96,FLYING,RETURN,0,,,,,100,0,11,0,0,77,CRUISE,,1.01,0.08,0.12
31.01,FLYING,RETURN,0,,,,,100,0,11,0,0,77,CRUISE,,0.92,0.10,0.14
31.07,FLYING,RETURN,0,,,,,100,0,11,0,0,77,CRUISE,,0.88,0.10,0.12
31.12,FLYING,RETURN,0,,,,,100,0,11,0,0,77,CRUISE,,0.82,0.11,0.11
31.17,FLYING,RETURN,0,,,,,100,0,11,0,0,77,CRUISE,,0.79,0.12,0.11
31.23,FLYING,RETURN,0,,,,,100,0,11,0,0,77,CRUISE,,0.83,0.12,0.09
31.28,FLYING,RETURN,0,,,,,100,0,11,0,0,77,CRUISE,,0.85,0.12,0.11
31.35,FLYING,RETURN,0,,,,,100,0,11,0,0,77,CRUISE,,0.81,0.12,0.12
31.40,FLYING,RETURN,0,,,,,100,0,11,0,0,77,CRUISE,,0.54,0.12,0.14
31.46,FLYING,RETURN,0,,,,,100,0,11,0,0,77,CRUISE,,0.38,0.12,0.15
31.51,FLYING,RETURN,0,,,,,100,0,11,0,0,77,CRUISE,,0.33,0.13,0.15
31.57,FLYING,RETURN,0,,,,,100,0,11,0,0,77,CRUISE,,0.82,0.19,0.16
31.62,FLYING,RETURN,0,,,,,100,0,11,0,0,77,CRUISE,,1.24,0.22,0.17
31.71,FLYING,RETURN,1,,,,,100,0,11,0,0,77,CRUISE,,1.53,0.23,0.18
31.76,FLYING,RETURN,0,,,,,100,0,11,0,0,77,CRUISE,,1.59,0.24,0.19
31.81,FLYING,RETURN,0,,,,,100,0,11,0,0,77,AVOID_RIGHT,,1.74,0.29,0.22
31.87,FLYING,RETURN,0,,,,,100,0,11,0,0,77,AVOID_RIGHT,,2.15,0.29,0.18
31.92,FLYING,RETURN,0,,,,,100,0,11,0,0,77,AVOID_RIGHT,,2.36,0.32,0.22
31.98,FLYING,RETURN,0,,,,,100,0,11,0,0,77,AVOID_RIGHT,,2.24,0.51,0.37
32.03,FLYING,RETURN,0,,,,,100,0,11,0,0,77,AVOID_RIGHT,,2.12,0.61,0.45
32.09,FLYING,RETURN,0,,,,,100,0,11,0,0,77,AVOID_RIGHT,,1.94,0.49,0.38
32.14,FLYING,RETURN,0,,,,,100,0,11,0,0,77,AVOID_RIGHT,,1.61,0.43,0.34
32.23,FLYING,RETURN,1,rotten,0.27,0.98,1.2,100,0,11,-4,0,77,AVOID_RIGHT,,1.44,0.65,0.42
32.28,FLYING,RETURN,0,,,,,100,0,7,-3,0,77,AVOID_RIGHT,,1.36,0.78,0.47
32.35,FLYING,RETURN,0,,,,,100,0,4,-2,0,77,AVOID_RIGHT,,1.93,1.07,0.36
32.40,FLYING,RETURN,0,,,,,100,0,3,-1,0,77,AVOID_RIGHT,,2.22,1.39,0.28
32.49,FLYING,SCARED,1,freshripe,0.34,0.71,1.9,100,0,-40,0,0,77,ESCAPE,RIGHT,2.35,1.81,0.25
32.57,FLYING,SCARED,1,rotten,0.27,0.66,1.6,100,0,-40,0,0,77,ESCAPE,RIGHT,2.19,1.76,0.22
32.66,FLYING,SCARED,1,freshripe,0.31,0.65,1.7,100,0,-40,0,0,77,ESCAPE,RIGHT,2.11,1.68,0.21
32.75,FLYING,SCARED,1,freshripe,0.42,0.87,1.6,100,0,-40,0,0,77,ESCAPE,RIGHT,1.90,1.47,0.21
32.83,FLYING,SCARED,1,freshripe,0.26,0.68,1.6,100,0,-40,0,0,77,ESCAPE,RIGHT,1.59,1.20,0.21
32.92,FLYING,SCARED,1,rotten,0.21,0.94,3.8,100,0,-40,0,0,77,ESCAPE,RIGHT,1.38,1.00,0.24
33.00,FLYING,SCARED,1,rotten,0.21,0.59,1.6,100,0,-40,0,0,77,ESCAPE,RIGHT,1.27,0.90,0.39
33.09,FLYING,SCARED,1,rotten,0.22,0.58,1.6,100,0,-40,0,0,77,ESCAPE,RIGHT,1.26,0.88,0.47
33.17,FLYING,SCARED,1,freshripe,0.28,0.87,1.5,100,0,-40,0,0,77,ESCAPE,RIGHT,1.26,0.88,0.51
33.23,FLYING,SCARED,0,,,,,100,0,-40,0,0,77,ESCAPE,RIGHT,1.12,0.73,0.44
33.28,FLYING,SCARED,0,,,,,100,0,-40,0,0,77,ESCAPE,RIGHT,1.05,0.63,0.33
33.35,FLYING,SCARED,0,,,,,100,0,-40,0,0,77,ESCAPE,RIGHT,1.30,0.47,0.28
33.40,FLYING,SCARED,0,,,,,100,0,-40,0,0,77,ESCAPE,RIGHT,1.42,0.26,0.21
33.46,FLYING,WAIT,0,,,,,100,0,-26,0,0,77,ESCAPE,RIGHT,0.85,0.29,0.26
33.51,FLYING,WAIT,0,,,,,100,0,-16,0,0,77,ESCAPE,RIGHT,0.42,0.17,0.21
33.57,FLYING,WAIT,0,,,,,100,0,-10,0,0,77,ESCAPE,RIGHT,0.21,0.06,0.19
33.62,FLYING,WAIT,0,,,,,100,0,-7,0,0,77,ESCAPE,RIGHT,0.25,-0.00,0.17
33.68,FLYING,WAIT,0,,,,,100,0,-4,0,0,77,ESCAPE,RIGHT,0.38,0.20,0.40
33.73,FLYING,WAIT,0,,,,,100,0,-3,0,0,77,ESCAPE,RIGHT,0.44,0.32,0.52
33.78,FLYING,WAIT,0,,,,,100,0,-1,0,0,77,ESCAPE,RIGHT,0.47,0.38,0.55
33.84,FLYING,WAIT,0,,,,,100,0,-1,0,0,77,ESCAPE,RIGHT,0.68,0.45,0.56
33.89,FLYING,WAIT,0,,,,,100,0,0,0,0,77,ESCAPE,RIGHT,0.88,1.18,0.61
33.95,FLYING,WAIT,0,,,,,100,0,0,0,0,77,ESCAPE,RIGHT,0.98,1.54,0.64
34.00,FLYING,WAIT,0,,,,,100,0,0,0,0,77,ESCAPE,RIGHT,1.03,0.91,0.42
34.06,FLYING,WAIT,0,,,,,100,0,0,0,0,77,ESCAPE,RIGHT,1.06,0.59,0.27
34.11,FLYING,WAIT,0,,,,,100,0,0,0,0,77,ESCAPE,RIGHT,0.83,0.71,0.19
34.17,FLYING,WAIT,0,,,,,100,0,0,0,0,77,ESCAPE,RIGHT,0.72,1.04,0.14
34.22,FLYING,WAIT,0,,,,,100,0,0,0,0,77,ESCAPE,RIGHT,0.72,1.23,0.13
34.28,FLYING,WAIT,0,,,,,100,0,0,0,0,77,ESCAPE,RIGHT,0.83,1.32,0.15
34.33,FLYING,WAIT,0,,,,,100,0,0,0,0,77,ESCAPE,RIGHT,0.89,1.67,0.16
34.39,FLYING,WAIT,0,,,,,100,0,0,0,0,77,CRUISE,,1.14,2.17,0.42
34.44,FLYING,WAIT,0,,,,,100,0,0,0,0,77,CRUISE,,1.27,2.42,0.55
34.50,FLYING,WAIT,0,,,,,100,0,0,0,0,77,CRUISE,,1.22,1.91,0.44
34.55,FLYING,WAIT,0,,,,,100,0,0,0,0,77,AVOID_LEFT,,1.20,1.40,0.38
34.61,FLYING,WAIT,0,,,,,100,0,0,0,0,77,AVOID_LEFT,,1.25,1.07,0.38
34.66,FLYING,WAIT,0,,,,,100,0,0,0,0,77,AVOID_LEFT,,1.44,0.91,0.48
34.72,FLYING,WAIT,0,,,,,100,0,0,0,0,77,AVOID_LEFT,,1.53,0.95,0.71
34.77,FLYING,WAIT,0,,,,,100,0,0,0,0,77,AVOID_LEFT,,1.58,1.11,0.86
34.83,FLYING,WAIT,0,,,,,100,0,0,0,0,77,CRUISE,,2.55,2.41,1.03
34.88,FLYING,WAIT,0,,,,,100,0,0,0,0,77,CRUISE,,3.03,3.05,1.13
34.94,FLYING,WAIT,0,,,,,100,0,0,0,0,77,CRUISE,,3.12,2.58,1.28
34.99,FLYING,WAIT,0,,,,,100,0,0,0,0,77,AVOID_RIGHT,,2.57,2.09,1.35
35.05,FLYING,WAIT,0,,,,,100,0,0,0,0,77,AVOID_RIGHT,,1.67,1.40,0.98
35.10,FLYING,WAIT,0,,,,,100,0,0,0,0,77,AVOID_RIGHT,,1.09,0.78,0.61
35.16,FLYING,WAIT,0,,,,,100,0,0,0,0,77,AVOID_RIGHT,,0.80,0.47,0.42
35.21,FLYING,WAIT,0,,,,,100,0,0,0,0,77,AVOID_RIGHT,,1.08,0.62,0.51
35.27,FLYING,WAIT,0,,,,,100,0,0,0,0,77,AVOID_RIGHT,,1.22,0.69,0.55
35.32,FLYING,WAIT,0,,,,,100,0,0,0,0,77,AVOID_RIGHT,,1.59,0.41,0.36
35.38,FLYING,WAIT,0,,,,,100,0,0,0,0,77,AVOID_RIGHT,,1.77,0.27,0.26
35.43,FLYING,WAIT,0,,,,,100,0,0,0,0,77,AVOID_RIGHT,,2.26,0.55,0.63
35.49,FLYING,WAIT,0,,,,,100,0,0,0,0,77,AVOID_RIGHT,,2.50,0.75,0.83
35.54,FLYING,WAIT,0,,,,,100,0,0,0,0,77,AVOID_RIGHT,,2.33,1.07,0.94
35.60,FLYING,WAIT,0,,,,,100,0,0,0,0,77,AVOID_RIGHT,,2.22,1.24,0.99
35.65,FLYING,WAIT,0,,,,,100,0,0,0,0,77,AVOID_RIGHT,,2.17,0.71,0.59
35.71,FLYING,WAIT,0,,,,,100,0,0,0,0,77,AVOID_RIGHT,,2.36,0.45,0.35
35.76,FLYING,WAIT,0,,,,,100,0,0,0,0,77,AVOID_RIGHT,,2.90,0.31,0.22
35.82,FLYING,WAIT,0,,,,,100,0,0,0,0,77,AVOID_RIGHT,,3.17,0.22,0.15
35.87,FLYING,WAIT,0,,,,,100,0,0,0,0,77,AVOID_RIGHT,,3.31,0.17,0.12
35.93,FLYING,WAIT,0,,,,,100,0,0,0,0,77,AVOID_RIGHT,,3.24,0.15,0.11
35.98,FLYING,WAIT,0,,,,,100,0,0,0,0,77,AVOID_RIGHT,,2.90,0.13,0.12
36.04,FLYING,WAIT,0,,,,,100,0,0,0,0,77,AVOID_RIGHT,,2.73,0.12,0.12
36.09,FLYING,WAIT,0,,,,,100,0,0,0,0,77,ESCAPE,RIGHT,2.65,0.11,0.12
36.15,FLYING,WAIT,0,,,,,100,0,0,0,0,77,ESCAPE,RIGHT,2.51,0.11,0.12
36.20,FLYING,WAIT,0,,,,,100,0,0,0,0,77,ESCAPE,RIGHT,2.40,0.11,0.11
36.26,FLYING,WAIT,0,,,,,100,0,0,0,0,77,ESCAPE,RIGHT,2.29,0.12,0.13
36.31,FLYING,WAIT,0,,,,,100,0,0,0,0,77,ESCAPE,RIGHT,1.58,0.12,0.13
36.37,FLYING,WAIT,0,,,,,100,0,0,0,0,77,ESCAPE,RIGHT,1.21,0.24,0.16
36.42,FLYING,WAIT,0,,,,,100,0,0,0,0,77,ESCAPE,RIGHT,0.88,0.32,0.15
36.48,FLYING,WAIT,0,,,,,100,0,0,0,0,77,ESCAPE,RIGHT,0.72,0.36,0.18
36.53,FLYING,WAIT,0,,,,,100,0,0,0,0,77,ESCAPE,RIGHT,0.58,0.32,0.15
36.59,FLYING,WAIT,0,,,,,100,0,0,0,0,77,ESCAPE,RIGHT,0.64,0.30,0.13
36.64,FLYING,WAIT,0,,,,,100,0,0,0,0,77,ESCAPE,RIGHT,0.66,0.29,0.11
36.70,FLYING,WAIT,0,,,,,100,0,0,0,0,77,ESCAPE,RIGHT,0.74,0.22,0.09
36.75,FLYING,WAIT,0,,,,,100,0,0,0,0,77,ESCAPE,RIGHT,0.84,0.19,0.08
36.80,FLYING,WAIT,0,,,,,100,0,0,0,0,77,ESCAPE,RIGHT,1.56,0.20,0.08
36.86,FLYING,WAIT,0,,,,,100,0,0,0,0,77,ESCAPE,RIGHT,1.94,0.25,0.12
36.91,FLYING,WAIT,0,,,,,100,0,0,0,0,77,ESCAPE,RIGHT,2.11,0.43,0.16
36.97,FLYING,WAIT,0,,,,,100,0,0,0,0,77,ESCAPE,RIGHT,1.75,1.20,0.18
37.02,FLYING,WAIT,0,,,,,100,0,0,0,0,77,ESCAPE,RIGHT,1.52,1.58,0.14
37.08,FLYING,WAIT,0,,,,,100,0,0,0,0,77,ESCAPE,RIGHT,1.45,1.29,0.12
37.14,FLYING,WAIT,0,,,,,100,0,0,0,0,77,ESCAPE,RIGHT,1.78,1.11,0.10
37.19,FLYING,WAIT,0,,,,,100,0,0,0,0,77,ESCAPE,RIGHT,2.05,0.90,0.08
37.25,FLYING,WAIT,0,,,,,100,0,0,0,0,77,ESCAPE,RIGHT,2.75,0.48,0.07
37.30,FLYING,WAIT,0,,,,,100,0,0,0,0,77,ESCAPE,RIGHT,3.10,0.28,0.06
37.36,FLYING,WAIT,0,,,,,100,0,0,0,0,77,ESCAPE,RIGHT,2.26,0.19,0.07
37.41,FLYING,WAIT,0,,,,,100,0,0,0,0,77,ESCAPE,RIGHT,1.80,0.18,0.08
37.47,FLYING,WAIT,0,,,,,100,0,0,0,0,77,ESCAPE,RIGHT,1.50,0.18,0.11
37.52,FLYING,WAIT,0,,,,,100,0,0,0,0,77,ESCAPE,RIGHT,1.32,0.15,0.13
37.57,FLYING,WAIT,0,,,,,100,0,0,0,0,77,ESCAPE,RIGHT,1.23,0.10,0.14
37.63,FLYING,WAIT,0,,,,,100,0,0,0,0,77,ESCAPE,RIGHT,1.19,0.07,0.13
37.68,FLYING,WAIT,0,,,,,100,0,0,0,0,77,ESCAPE,RIGHT,1.11,0.05,0.11
37.74,FLYING,WAIT,0,,,,,100,0,0,0,0,77,AVOID_RIGHT,,1.08,0.04,0.10
37.79,FLYING,WAIT,0,,,,,100,0,0,0,0,77,AVOID_RIGHT,,1.56,0.07,0.09
37.85,FLYING,WAIT,0,,,,,100,0,0,0,0,77,AVOID_RIGHT,,1.81,0.10,0.11
37.90,FLYING,WAIT,0,,,,,100,0,0,0,0,77,AVOID_RIGHT,,1.72,0.16,0.12
37.96,FLYING,WAIT,0,,,,,100,0,0,0,0,77,AVOID_RIGHT,,1.64,0.18,0.12
38.01,FLYING,WAIT,0,,,,,100,0,0,0,0,77,AVOID_RIGHT,,1.60,0.28,0.11
38.07,FLYING,WAIT,0,,,,,100,0,0,0,0,77,AVOID_RIGHT,,2.06,0.49,0.13
38.12,FLYING,WAIT,0,,,,,100,0,0,0,0,77,AVOID_RIGHT,,2.29,0.62,0.13
38.18,FLYING,WAIT,0,,,,,100,0,0,0,0,77,AVOID_RIGHT,,2.13,0.70,0.14
38.23,FLYING,WAIT,0,,,,,100,0,0,0,0,77,AVOID_RIGHT,,1.99,0.78,0.14
38.29,FLYING,WAIT,0,,,,,100,0,0,0,0,77,AVOID_RIGHT,,1.97,0.88,0.18
38.34,FLYING,WAIT,0,,,,,100,0,0,0,0,77,AVOID_RIGHT,,2.14,1.05,0.23
38.40,FLYING,WAIT,0,,,,,100,0,0,0,0,77,AVOID_RIGHT,,2.22,1.14,0.29
38.45,FLYING,WAIT,0,,,,,100,0,0,0,0,77,AVOID_RIGHT,,1.82,0.84,0.38
38.51,FLYING,WAIT,0,,,,,100,0,0,0,0,77,AVOID_RIGHT,,1.63,0.67,0.42
38.56,FLYING,WAIT,0,,,,,100,0,0,0,0,77,AVOID_RIGHT,,1.53,0.59,0.25
38.62,FLYING,WAIT,0,,,,,100,0,0,0,0,77,AVOID_RIGHT,,1.62,0.34,0.17
38.68,FLYING,WAIT,0,,,,,100,0,0,0,0,77,AVOID_RIGHT,,1.92,0.21,0.13
38.73,FLYING,WAIT,0,,,,,100,0,0,0,0,77,AVOID_RIGHT,,2.07,0.25,0.11
38.79,FLYING,WAIT,0,,,,,100,0,0,0,0,77,AVOID_RIGHT,,2.03,0.30,0.12
38.84,FLYING,WAIT,0,,,,,100,0,0,0,0,77,AVOID_RIGHT,,1.99,0.46,0.11
38.90,FLYING,WAIT,0,,,,,100,0,0,0,0,77,AVOID_RIGHT,,1.97,0.99,0.13
38.95,FLYING,WAIT,0,,,,,100,0,0,0,0,77,AVOID_RIGHT,,1.94,1.41,0.14
39.01,FLYING,WAIT,0,,,,,100,0,0,0,0,77,AVOID_RIGHT,,1.90,1.66,0.14
39.06,FLYING,WAIT,0,,,,,100,0,0,0,0,77,AVOID_RIGHT,,1.59,1.78,0.15
39.12,FLYING,WAIT,0,,,,,100,0,0,0,0,77,AVOID_RIGHT,,1.43,1.35,0.16
39.17,FLYING,WAIT,0,,,,,100,0,0,0,0,77,AVOID_RIGHT,,1.17,0.74,0.16
39.23,FLYING,WAIT,0,,,,,100,0,0,0,0,77,AVOID_RIGHT,,1.04,0.42,0.16
39.28,FLYING,WAIT,0,,,,,100,0,0,0,0,77,AVOID_RIGHT,,2.77,0.28,0.16
39.34,FLYING,WAIT,0,,,,,100,0,0,0,0,77,AVOID_RIGHT,,3.64,0.24,0.16
39.39,FLYING,WAIT,0,,,,,100,0,0,0,0,77,AVOID_RIGHT,,3.88,0.22,0.15
39.45,FLYING,WAIT,0,,,,,100,0,0,0,0,77,ESCAPE,RIGHT,4.00,0.21,0.13
39.51,FLYING,WAIT,0,,,,,100,0,0,0,0,77,ESCAPE,RIGHT,4.06,0.22,0.12
39.56,FLYING,WAIT,0,,,,,100,0,0,0,0,77,ESCAPE,RIGHT,3.48,0.24,0.50
39.62,FLYING,WAIT,0,,,,,100,0,0,0,0,77,ESCAPE,RIGHT,2.55,0.27,0.69
39.67,FLYING,WAIT,0,,,,,100,0,0,0,0,77,ESCAPE,RIGHT,2.08,0.62,0.79
39.73,FLYING,WAIT,0,,,,,100,0,0,0,0,77,ESCAPE,RIGHT,1.85,0.79,0.84
39.78,FLYING,WAIT,0,,,,,100,0,0,0,0,77,ESCAPE,RIGHT,1.54,0.52,0.47
39.83,FLYING,WAIT,0,,,,,100,0,0,0,0,77,ESCAPE,RIGHT,1.09,0.36,0.28
39.89,FLYING,WAIT,0,,,,,100,0,0,0,0,77,ESCAPE,RIGHT,0.70,0.27,0.18
39.94,FLYING,WAIT,0,,,,,100,0,0,0,0,77,ESCAPE,RIGHT,0.50,0.20,0.12
40.00,FLYING,WAIT,0,,,,,100,0,0,0,0,77,ESCAPE,RIGHT,0.40,0.17,0.09
40.05,FLYING,WAIT,0,,,,,100,0,0,0,0,77,ESCAPE,RIGHT,0.40,0.30,0.07
40.11,FLYING,WAIT,0,,,,,100,0,0,0,0,77,ESCAPE,RIGHT,0.91,0.39,0.10
40.16,FLYING,WAIT,0,,,,,100,0,0,0,0,77,ESCAPE,RIGHT,1.16,0.49,0.13
40.22,FLYING,WAIT,0,,,,,100,0,0,0,0,77,ESCAPE,RIGHT,0.72,0.63,0.14
40.27,FLYING,WAIT,0,,,,,100,0,0,0,0,77,ESCAPE,RIGHT,0.50,0.70,0.11
40.33,FLYING,WAIT,0,,,,,100,0,0,0,0,77,ESCAPE,RIGHT,1.08,0.61,0.09
40.38,FLYING,WAIT,0,,,,,100,0,0,0,0,77,ESCAPE,RIGHT,1.37,0.40,0.11
40.44,FLYING,WAIT,0,,,,,100,0,0,0,0,77,ESCAPE,RIGHT,1.24,0.30,0.14
40.49,FLYING,WAIT,0,,,,,100,0,0,0,0,77,ESCAPE,RIGHT,0.99,0.25,0.14
40.54,FLYING,WAIT,0,,,,,100,0,0,0,0,77,ESCAPE,RIGHT,0.73,0.20,0.11
40.60,FLYING,WAIT,0,,,,,100,0,0,0,0,77,ESCAPE,RIGHT,0.60,0.17,0.10
40.65,FLYING,WAIT,0,,,,,100,0,0,0,0,77,ESCAPE,RIGHT,0.66,0.13,0.09
40.71,FLYING,WAIT,0,,,,,100,0,0,0,0,77,ESCAPE,RIGHT,0.74,0.12,0.08
40.76,FLYING,WAIT,0,,,,,100,0,0,0,0,77,ESCAPE,RIGHT,0.78,0.13,0.07
40.82,FLYING,WAIT,0,,,,,100,0,0,0,0,77,ESCAPE,RIGHT,0.64,0.15,0.07
40.87,FLYING,WAIT,0,,,,,100,0,0,0,0,77,ESCAPE,RIGHT,0.57,0.31,0.05
40.93,FLYING,WAIT,0,,,,,100,0,0,0,0,77,ESCAPE,RIGHT,0.91,0.76,0.05
40.98,FLYING,WAIT,0,,,,,100,0,0,0,0,77,ESCAPE,RIGHT,1.09,1.05,0.06
41.04,FLYING,WAIT,0,,,,,100,0,0,0,0,77,ESCAPE,RIGHT,1.08,1.13,0.06
41.09,FLYING,WAIT,0,,,,,100,0,0,0,0,77,CRUISE,,1.08,0.74,0.07
41.15,FLYING,WAIT,0,,,,,100,0,0,0,0,77,CRUISE,,1.06,0.54,0.36
41.20,FLYING,WAIT,0,,,,,100,0,0,0,0,77,CRUISE,,1.06,0.67,0.50
41.26,FLYING,WAIT,0,,,,,100,0,0,0,0,77,CRUISE,,1.05,0.76,0.58
41.31,FLYING,WAIT,0,,,,,100,0,0,0,0,77,CRUISE,,1.19,0.85,0.71
41.37,FLYING,WAIT,0,,,,,100,0,0,0,0,77,CRUISE,,1.26,0.85,0.78
41.42,FLYING,WAIT,0,,,,,100,0,0,0,0,77,CRUISE,,1.14,0.56,0.59
41.47,FLYING,WAIT,0,,,,,100,0,0,0,0,77,CRUISE,,1.08,0.42,0.50
41.53,FLYING,WAIT,0,,,,,100,0,0,0,0,77,CRUISE,,1.01,0.47,0.45
41.58,FLYING,WAIT,0,,,,,100,0,0,0,0,77,CRUISE,,0.65,0.50,0.36
41.64,FLYING,WAIT,0,,,,,100,0,0,0,0,77,CRUISE,,0.43,0.48,0.29
41.69,FLYING,WAIT,0,,,,,100,0,0,0,0,77,CRUISE,,0.32,0.34,0.22
41.75,FLYING,WAIT,0,,,,,100,0,0,0,0,77,CRUISE,,0.35,0.40,0.19
41.80,FLYING,WAIT,0,,,,,100,0,0,0,0,77,CRUISE,,0.37,0.51,0.17
41.86,FLYING,WAIT,0,,,,,100,0,0,0,0,77,CRUISE,,0.37,0.71,0.19
41.91,FLYING,WAIT,0,,,,,100,0,0,0,0,77,CRUISE,,0.38,1.06,0.22
41.97,FLYING,WAIT,0,,,,,100,0,0,0,0,77,CRUISE,,0.46,1.25,0.24
42.02,FLYING,WAIT,0,,,,,100,0,0,0,0,77,CRUISE,,0.51,1.34,0.25
42.08,FLYING,WAIT,0,,,,,100,0,0,0,0,77,CRUISE,,0.69,1.14,0.19
42.13,FLYING,WAIT,0,,,,,100,0,0,0,0,77,CRUISE,,0.83,1.02,0.16
42.19,FLYING,WAIT,0,,,,,100,0,0,0,0,77,CRUISE,,0.90,0.79,0.14
42.24,FLYING,WAIT,0,,,,,100,0,0,0,0,77,CRUISE,,1.25,0.54,0.16
42.30,FLYING,WAIT,0,,,,,100,0,0,0,0,77,CRUISE,,1.42,0.39,0.17
42.35,FLYING,WAIT,0,,,,,100,0,0,0,0,77,CRUISE,,1.44,0.31,0.18
42.41,FLYING,WAIT,0,,,,,100,0,0,0,0,77,CRUISE,,1.06,0.36,0.18
42.46,FLYING,WAIT,0,,,,,100,0,0,0,0,77,CRUISE,,0.87,0.89,0.19
42.52,FLYING,WAIT,0,,,,,100,0,0,0,0,77,CRUISE,,0.82,1.51,0.14
42.57,FLYING,WAIT,0,,,,,100,0,0,0,0,77,CRUISE,,1.36,2.73,0.11
42.63,FLYING,WAIT,0,,,,,100,0,0,0,0,77,AVOID_LEFT,,1.63,3.59,0.10
42.71,FLYING,WAIT,1,,,,,100,0,0,0,0,77,AVOID_LEFT,,1.61,4.03,0.11
42.77,FLYING,WAIT,0,,,,,100,0,0,0,0,77,AVOID_RIGHT,,1.59,3.50,0.13
42.83,FLYING,WAIT,0,,,,,100,0,0,0,0,77,ESCAPE,RIGHT,1.74,3.24,0.14
42.91,FLYING,WAIT,1,rotten,0.36,0.82,1.7,100,0,0,0,0,77,ESCAPE,RIGHT,1.82,3.43,0.22
43.00,FLYING,WAIT,1,rotten,0.64,0.60,2.1,100,0,0,0,0,77,ESCAPE,RIGHT,1.64,3.53,0.27
43.05,FLYING,WAIT,0,,,,,100,0,0,0,0,77,ESCAPE,RIGHT,1.54,3.00,0.23
43.11,FLYING,WAIT,0,,,,,100,0,0,0,0,77,ESCAPE,RIGHT,1.48,2.41,0.22
43.17,FLYING,WAIT,0,,,,,100,0,0,0,0,77,ESCAPE,RIGHT,1.46,2.09,0.21
43.22,FLYING,WAIT,0,,,,,100,0,0,0,0,77,ESCAPE,RIGHT,1.25,1.06,0.21
43.28,FLYING,WAIT,0,,,,,100,0,0,0,0,77,ESCAPE,RIGHT,1.15,0.54,0.20
43.33,FLYING,WAIT,0,,,,,100,0,0,0,0,77,ESCAPE,RIGHT,1.22,0.28,0.17
43.39,FLYING,WAIT,0,,,,,100,0,0,0,0,77,ESCAPE,RIGHT,1.30,0.15,0.15
43.44,FLYING,WAIT,0,,,,,100,0,0,0,0,77,ESCAPE,RIGHT,1.33,0.19,0.14
43.50,FLYING,RETURN,0,,,,,100,0,4,0,0,77,ESCAPE,RIGHT,1.35,0.52,0.42
43.55,FLYING,RETURN,0,,,,,100,0,6,0,0,77,ESCAPE,RIGHT,1.36,0.68,0.55
43.61,FLYING,RETURN,0,,,,,100,0,8,0,0,77,ESCAPE,RIGHT,1.54,0.76,0.34
43.66,FLYING,RETURN,0,,,,,100,0,9,0,0,77,ESCAPE,RIGHT,1.63,0.99,0.22
43.72,FLYING,RETURN,0,,,,,100,0,10,0,0,77,ESCAPE,RIGHT,1.42,1.14,0.16
43.77,FLYING,RETURN,0,,,,,100,0,11,0,0,77,ESCAPE,RIGHT,1.18,1.46,0.47
43.83,FLYING,RETURN,0,,,,,100,0,11,0,0,77,ESCAPE,RIGHT,0.99,1.62,0.62
43.91,FLYING,RETURN,1,rotten,0.43,0.76,1.9,100,0,10,-7,0,77,ESCAPE,RIGHT,0.69,1.47,0.41
43.97,FLYING,RETURN,0,,,,,100,0,6,-4,0,77,ESCAPE,RIGHT,0.54,1.40,0.28
44.05,FLYING,RETURN,1,rotten,0.34,0.71,1.9,100,0,7,-9,0,77,ESCAPE,RIGHT,0.50,1.36,0.24
44.14,FLYING,RETURN,1,,,,,100,0,4,-6,0,77,ESCAPE,RIGHT,0.80,1.34,0.26
44.23,FLYING,RETURN,1,rotten,0.29,0.86,1.9,100,0,6,-11,0,77,ESCAPE,RIGHT,1.01,1.26,0.26
44.31,FLYING,RETURN,1,,,,,100,0,3,-7,0,77,ESCAPE,RIGHT,1.12,1.05,0.26
44.37,FLYING,RETURN,0,,,,,100,0,2,-4,0,77,ESCAPE,RIGHT,1.02,0.90,0.19
44.45,FLYING,RETURN,1,rotten,0.54,0.75,1.9,100,0,4,-10,0,77,ESCAPE,RIGHT,0.84,0.64,0.22
44.51,FLYING,RETURN,0,,,,,100,0,2,-6,0,77,ESCAPE,RIGHT,0.73,0.39,0.18
44.56,FLYING,RETURN,0,,,,,100,0,1,-4,0,77,ESCAPE,RIGHT,0.67,0.22,0.16
44.65,FLYING,RETURN,1,rotten,0.43,0.78,1.9,100,0,4,-9,0,77,ESCAPE,RIGHT,0.68,0.13,0.14
44.73,FLYING,RETURN,1,rotten,0.36,0.80,2.0,100,0,5,-13,0,77,ESCAPE,RIGHT,0.69,0.11,0.13
44.82,FLYING,RETURN,1,freshripe,0.47,0.59,2.0,100,0,6,-15,0,77,CRUISE,,0.67,0.11,0.10
44.90,FLYING,RETURN,1,rotten,0.37,0.83,2.0,100,0,6,-17,0,77,CRUISE,,0.67,0.16,0.11
44.98,FLYING,RETURN,1,rotten,0.45,0.66,2.0,100,0,7,-18,0,77,CRUISE,,0.75,0.19,0.08
45.07,FLYING,RETURN,1,,,,,100,0,4,-11,0,77,CRUISE,,0.79,0.20,0.08
45.15,FLYING,RETURN,1,rotten,0.36,0.75,2.0,100,0,5,-14,0,77,CRUISE,,0.59,0.12,0.08
45.21,FLYING,RETURN,0,,,,,100,0,3,-9,0,77,CRUISE,,0.49,0.09,0.08
45.26,FLYING,RETURN,0,,,,,100,0,2,-6,0,77,CRUISE,,0.96,0.09,0.10
45.35,FLYING,RETURN,1,freshripe,0.33,0.48,1.9,100,0,4,-11,0,77,CRUISE,,1.21,0.10,0.11
45.44,FLYING,RETURN,1,rotten,0.23,0.83,2.0,100,0,5,-14,0,77,CRUISE,,1.34,0.13,0.13
45.52,FLYING,RETURN,1,rotten,0.60,0.94,1.9,100,0,6,-16,0,77,CRUISE,,1.23,0.14,0.14
45.58,FLYING,RETURN,0,,,,,100,0,4,-10,0,77,CRUISE,,1.06,0.13,0.15
45.63,FLYING,RETURN,0,,,,,100,0,2,-6,0,77,CRUISE,,0.73,0.11,0.17
45.69,FLYING,RETURN,0,,,,,100,0,1,-4,0,77,CRUISE,,0.56,0.10,0.28
45.74,FLYING,RETURN,0,,,,,100,0,1,-2,0,77,CRUISE,,0.54,0.09,0.24
45.79,FLYING,RETURN,0,,,,,100,0,0,-1,0,77,CRUISE,,0.52,0.09,0.18
45.85,FLYING,RETURN,0,,,,,100,0,0,-1,0,77,CRUISE,,0.48,0.09,0.15
45.93,FLYING,RETURN,1,rotten,0.23,0.69,1.8,100,0,3,-7,0,77,CRUISE,,0.45,0.10,0.13
46.02,FLYING,RETURN,1,rotten,0.28,0.80,1.9,100,0,5,-12,0,77,CRUISE,,0.42,0.10,0.13
46.11,FLYING,RETURN,1,,,,,100,0,3,-7,0,77,CRUISE,,0.28,0.08,0.10
46.19,FLYING,RETURN,1,,,,,100,0,2,-5,0,77,CRUISE,,0.22,0.07,0.08
46.28,FLYING,RETURN,1,rotten,0.32,0.91,1.8,100,0,4,-10,0,77,CRUISE,,0.33,0.06,0.07
46.33,FLYING,RETURN,0,,,,,100,0,2,-6,0,77,CRUISE,,0.45,0.07,0.06
46.38,FLYING,RETURN,0,,,,,100,0,1,-4,0,77,CRUISE,,0.51,0.07,0.07
46.47,FLYING,RETURN,1,rotten,0.26,0.91,1.9,100,0,4,-9,0,77,CRUISE,,0.39,0.07,0.08
46.52,FLYING,RETURN,0,,,,,100,0,2,-6,0,77,CRUISE,,0.30,0.07,0.08
46.61,FLYING,RETURN,1,,,,,100,0,1,-4,0,77,CRUISE,,0.25,0.07,0.07
46.67,FLYING,RETURN,0,,,,,100,0,1,-2,0,77,CRUISE,,0.21,0.07,0.06
46.75,FLYING,RETURN,1,,,,,100,0,0,-1,0,77,CRUISE,,0.16,0.07,0.06
46.84,FLYING,RETURN,1,rotten,0.34,0.83,1.9,100,0,3,-8,0,77,CRUISE,,0.13,0.08,0.08
46.92,FLYING,RETURN,1,,,,,100,0,2,-5,0,77,CRUISE,,0.12,0.09,0.09
47.01,FLYING,RETURN,1,rotten,0.26,0.58,1.9,100,0,4,-10,0,77,CRUISE,,0.12,0.09,0.09
47.09,FLYING,RETURN,1,,,,,100,0,2,-6,0,77,CRUISE,,0.12,0.09,0.09
47.18,FLYING,RETURN,1,rotten,0.55,0.74,1.9,100,0,4,-11,0,77,CRUISE,,0.11,0.09,0.09
47.27,FLYING,RETURN,1,rotten,0.59,0.72,2.0,100,0,5,-14,0,77,CRUISE,,0.13,0.14,0.08
47.35,FLYING,RETURN,1,rotten,0.40,0.93,2.0,100,0,6,-16,0,77,CRUISE,,0.18,0.17,0.08
47.44,FLYING,RETURN,1,rotten,0.35,0.70,2.0,100,0,7,-17,0,77,CRUISE,,0.21,0.20,0.08
47.52,FLYING,RETURN,1,rotten,0.54,0.70,1.8,100,0,7,-18,0,77,CRUISE,,0.32,0.39,0.32
47.58,FLYING,RETURN,0,,,,,100,0,4,-12,0,77,CRUISE,,0.39,0.52,0.48
47.63,FLYING,RETURN,0,,,,,100,0,3,-7,0,77,CRUISE,,0.61,0.58,0.56
47.69,FLYING,RETURN,0,,,,,100,0,2,-5,0,77,CRUISE,,1.02,0.61,0.60
47.74,FLYING,RETURN,0,,,,,100,0,1,-3,0,77,CRUISE,,1.34,0.34,0.40
47.80,FLYING,RETURN,0,,,,,100,0,0,-2,0,77,CRUISE,,1.50,0.19,0.30
47.85,FLYING,RETURN,0,,,,,100,0,0,-1,0,77,CRUISE,,1.45,0.13,0.50
47.90,FLYING,RETURN,0,,,,,100,0,0,0,0,77,CRUISE,,1.36,0.12,0.60
47.96,FLYING,RETURN,0,,,,,100,0,0,0,0,77,CRUISE,,1.38,0.16,0.44
48.01,FLYING,RETURN,0,,,,,100,0,0,0,0,77,CRUISE,,1.61,0.18,0.36
48.07,FLYING,RETURN,0,,,,,100,0,0,0,0,77,CRUISE,,1.72,0.12,0.51
48.13,FLYING,RETURN,0,,,,,100,0,0,0,0,77,CRUISE,,1.65,0.09,0.61
48.18,FLYING,RETURN,0,,,,,100,0,0,0,0,77,CRUISE,,1.55,0.48,0.87
48.23,FLYING,SCARED,0,,,,,100,0,-40,0,0,77,CRUISE,,1.31,0.68,1.00
48.29,FLYING,SCARED,0,,,,,100,0,-40,0,0,77,CRUISE,,0.99,0.81,1.09
48.34,FLYING,SCARED,0,,,,,100,0,-40,0,0,77,CRUISE,,0.84,0.84,1.04
48.40,FLYING,SCARED,0,,,,,100,0,-40,0,0,77,CRUISE,,0.83,0.49,0.64
48.45,FLYING,SCARED,0,,,,,100,0,-40,0,0,77,CRUISE,,0.85,0.31,0.43
48.54,FLYING,SCARED,1,rotten,0.40,0.51,1.9,100,0,-40,0,0,77,CRUISE,,1.43,0.31,0.50
48.59,FLYING,SCARED,0,,,,,100,0,-40,0,0,77,CRUISE,,1.72,0.36,0.56
48.68,FLYING,SCARED,1,,,,,100,0,-40,0,0,77,CRUISE,,1.74,0.70,0.80
48.77,FLYING,SCARED,1,rotten,0.28,0.91,2.0,100,0,-40,0,0,77,CRUISE,,1.75,0.88,0.92
48.85,FLYING,SCARED,1,rotten,0.34,0.62,1.9,100,0,-40,0,0,77,CRUISE,,1.90,0.72,0.77
48.91,FLYING,SCARED,0,,,,,100,0,-40,0,0,77,AVOID_RIGHT,,1.98,0.40,0.49
48.97,FLYING,SCARED,0,,,,,100,0,-40,0,0,77,AVOID_RIGHT,,1.51,0.24,0.32
49.05,FLYING,SCARED,1,,,,,100,0,-40,0,0,77,AVOID_RIGHT,,1.27,0.19,0.26
49.11,FLYING,SCARED,0,,,,,100,0,-40,0,0,77,AVOID_RIGHT,,1.26,0.17,0.17
49.16,FLYING,SCARED,0,,,,,100,0,-40,0,0,77,AVOID_RIGHT,,1.26,0.16,0.17
49.22,FLYING,SCARED,0,,,,,100,0,-40,0,0,77,CRUISE,,1.74,0.13,0.18
49.27,FLYING,WAIT,0,,,,,100,0,-26,0,0,77,CRUISE,,1.97,0.12,0.26
49.33,FLYING,WAIT,0,,,,,100,0,-16,0,0,77,CRUISE,,2.03,0.43,0.72
49.38,FLYING,WAIT,0,,,,,100,0,-10,0,0,77,CRUISE,,1.81,0.58,0.94
49.44,FLYING,WAIT,0,,,,,100,0,-7,0,0,77,CRUISE,,1.44,0.33,0.62
49.49,FLYING,WAIT,0,,,,,100,0,-4,0,0,77,CRUISE,,1.21,0.20,0.46
49.55,FLYING,WAIT,0,,,,,100,0,-3,0,0,77,CRUISE,,1.09,0.19,0.39
49.60,FLYING,WAIT,0,,,,,100,0,-1,0,0,77,CRUISE,,1.06,0.38,0.74
49.65,FLYING,WAIT,0,,,,,100,0,-1,0,0,77,CRUISE,,1.09,0.51,0.91
49.71,FLYING,WAIT,0,,,,,100,0,0,0,0,77,CRUISE,,1.10,0.64,1.06
49.77,FLYING,WAIT,0,,,,,100,0,0,0,0,77,CRUISE,,1.10,0.71,1.13
49.82,FLYING,WAIT,0,,,,,100,0,0,0,0,77,CRUISE,,0.81,0.60,0.76
49.87,FLYING,WAIT,0,,,,,100,0,0,0,0,77,CRUISE,,0.59,0.55,0.57
49.93,FLYING,WAIT,0,,,,,100,0,0,0,0,77,CRUISE,,0.46,0.62,0.46
49.98,FLYING,WAIT,0,,,,,100,0,0,0,0,77,CRUISE,,0.40,0.66,0.38
50.04,FLYING,WAIT,0,,,,,100,0,0,0,0,77,CRUISE,,0.45,0.68,0.34
50.09,FLYING,WAIT,0,,,,,100,0,0,0,0,77,CRUISE,,0.59,0.73,0.30
50.15,FLYING,WAIT,0,,,,,100,0,0,0,0,77,CRUISE,,0.66,0.76,0.33
50.20,FLYING,WAIT,0,,,,,100,0,0,0,0,77,CRUISE,,0.50,0.77,0.27
50.29,FLYING,WAIT,1,rotten,0.32,0.69,0.8,100,0,0,0,0,77,CRUISE,,0.42,0.78,0.24
50.34,FLYING,WAIT,0,,,,,100,0,0,0,0,77,CRUISE,,0.50,0.74,0.22
50.40,FLYING,WAIT,0,,,,,100,0,0,0,0,77,CRUISE,,0.92,0.73,0.20
50.45,FLYING,WAIT,0,,,,,100,0,0,0,0,77,CRUISE,,1.12,0.69,0.20
50.51,FLYING,WAIT,0,,,,,100,0,0,0,0,77,CRUISE,,1.07,0.61,0.26
50.56,FLYING,WAIT,0,,,,,100,0,0,0,0,77,CRUISE,,1.04,0.57,0.39
50.62,FLYING,WAIT,0,,,,,100,0,0,0,0,77,CRUISE,,2.20,2.17,1.50
50.67,FLYING,WAIT,0,,,,,100,0,0,0,0,77,CRUISE,,2.79,2.97,2.05
50.73,FLYING,WAIT,0,,,,,100,0,0,0,0,77,CRUISE,,1.69,1.56,1.13
50.78,FLYING,WAIT,0,,,,,100,0,0,0,0,77,CRUISE,,1.14,0.85,0.67
50.84,FLYING,WAIT,0,,,,,100,0,0,0,0,77,CRUISE,,1.02,0.75,0.59
50.89,FLYING,WAIT,0,,,,,100,0,0,0,0,77,CRUISE,,0.95,0.76,0.59
50.95,FLYING,WAIT,0,,,,,100,0,0,0,0,77,CRUISE,,0.92,0.79,0.62
51.00,FLYING,WAIT,0,,,,,100,0,0,0,0,77,CRUISE,,1.10,0.84,0.67
51.06,FLYING,WAIT,0,,,,,100,0,0,0,0,77,CRUISE,,1.18,0.86,0.70
51.11,FLYING,WAIT,0,,,,,100,0,0,0,0,77,CRUISE,,1.18,0.86,0.69
51.17,FLYING,WAIT,0,,,,,100,0,0,0,0,77,CRUISE,,0.98,0.57,0.44
51.22,FLYING,WAIT,0,,,,,100,0,0,0,0,77,CRUISE,,0.85,0.38,0.28
51.27,FLYING,WAIT,0,,,,,100,0,0,0,0,77,CRUISE,,0.79,0.27,0.21
51.33,FLYING,WAIT,0,,,,,100,0,0,0,0,77,CRUISE,,0.77,0.22,0.18
51.38,FLYING,WAIT,0,,,,,100,0,0,0,0,77,CRUISE,,0.75,0.20,0.18
51.44,FLYING,WAIT,0,,,,,100,0,0,0,0,77,CRUISE,,0.75,0.20,0.20
51.49,FLYING,WAIT,0,,,,,100,0,0,0,0,77,CRUISE,,0.70,0.22,0.19
51.55,FLYING,WAIT,0,,,,,100,0,0,0,0,77,CRUISE,,0.72,0.22,0.17
51.60,FLYING,WAIT,0,,,,,100,0,0,0,0,77,CRUISE,,0.74,0.22,0.16
51.66,FLYING,WAIT,0,,,,,100,0,0,0,0,77,CRUISE,,0.94,0.21,0.15
51.71,FLYING,WAIT,0,,,,,100,0,0,0,0,77,CRUISE,,1.14,0.21,0.15
51.77,FLYING,WAIT,0,,,,,100,0,0,0,0,77,CRUISE,,1.30,0.21,0.16
51.82,FLYING,WAIT,0,,,,,100,0,0,0,0,77,CRUISE,,1.84,0.21,0.17
51.88,FLYING,WAIT,0,,,,,100,0,0,0,0,77,CRUISE,,2.17,0.18,0.12
51.93,FLYING,WAIT,0,,,,,100,0,0,0,0,77,AVOID_RIGHT,,2.53,0.52,0.49
51.99,FLYING,WAIT,0,,,,,100,0,0,0,0,77,AVOID_RIGHT,,2.81,0.35,0.28
52.05,FLYING,WAIT,0,,,,,100,0,0,0,0,77,ESCAPE,RIGHT,3.03,0.27,0.27
52.10,FLYING,WAIT,0,,,,,100,0,0,0,0,77,ESCAPE,RIGHT,3.14,0.20,0.26
52.16,FLYING,WAIT,0,,,,,100,0,0,0,0,77,ESCAPE,RIGHT,3.02,0.17,0.26
52.21,FLYING,WAIT,0,,,,,100,0,0,0,0,77,ESCAPE,RIGHT,2.91,0.47,0.38
52.27,FLYING,WAIT,0,,,,,100,0,0,0,0,77,ESCAPE,RIGHT,2.90,0.61,0.45
52.32,FLYING,WAIT,0,,,,,100,0,0,0,0,77,ESCAPE,RIGHT,2.85,0.40,0.34
52.38,FLYING,WAIT,0,,,,,100,0,0,0,0,77,ESCAPE,RIGHT,2.33,0.29,0.29
52.43,FLYING,WAIT,0,,,,,100,0,0,0,0,77,ESCAPE,RIGHT,2.04,0.23,0.31
52.49,FLYING,WAIT,0,,,,,100,0,0,0,0,77,ESCAPE,RIGHT,1.64,0.29,0.34
52.54,FLYING,WAIT,0,,,,,100,0,0,0,0,77,ESCAPE,RIGHT,1.44,0.32,0.66
52.60,FLYING,WAIT,0,,,,,100,0,0,0,0,77,ESCAPE,RIGHT,1.37,0.34,0.82
52.65,FLYING,WAIT,0,,,,,100,0,0,0,0,77,ESCAPE,RIGHT,1.40,0.48,0.93
52.71,FLYING,WAIT,0,,,,,100,0,0,0,0,77,ESCAPE,RIGHT,1.40,0.58,1.21
52.77,FLYING,WAIT,0,,,,,100,0,0,0,0,77,ESCAPE,RIGHT,1.41,0.67,1.34
52.85,FLYING,WAIT,0,,,,,100,0,0,0,0,77,ESCAPE,RIGHT,1.65,0.71,0.70
52.94,FLYING,WAIT,0,,,,,100,0,0,0,0,77,ESCAPE,RIGHT,1.77,0.65,0.38
53.00,FLYING,WAIT,0,,,,,100,0,0,0,0,77,ESCAPE,RIGHT,1.76,0.57,0.28
53.06,FLYING,WAIT,0,,,,,100,0,0,0,0,77,ESCAPE,RIGHT,1.64,0.53,0.23
53.12,FLYING,WAIT,0,,,,,100,0,0,0,0,77,ESCAPE,RIGHT,1.36,0.50,0.17
53.18,FLYING,WAIT,0,,,,,100,0,0,0,0,77,ESCAPE,RIGHT,1.23,0.36,0.11
53.23,FLYING,WAIT,0,,,,,100,0,0,0,0,77,ESCAPE,RIGHT,1.17,0.27,0.08
53.29,FLYING,WAIT,0,,,,,100,0,0,0,0,77,ESCAPE,RIGHT,1.15,0.23,0.06
53.34,FLYING,WAIT,0,,,,,100,0,0,0,0,77,ESCAPE,RIGHT,1.14,0.19,0.07
53.40,FLYING,WAIT,0,,,,,100,0,0,0,0,77,ESCAPE,RIGHT,0.78,0.19,0.06
53.46,FLYING,WAIT,0,,,,,100,0,0,0,0,77,ESCAPE,RIGHT,0.45,0.17,0.08
53.52,FLYING,WAIT,0,,,,,100,0,0,0,0,77,ESCAPE,RIGHT,0.28,0.18,0.09
53.58,FLYING,WAIT,0,,,,,100,0,0,0,0,77,ESCAPE,RIGHT,0.26,0.22,0.10
53.64,FLYING,WAIT,0,,,,,100,0,0,0,0,77,ESCAPE,RIGHT,0.26,0.25,0.10
53.70,FLYING,WAIT,0,,,,,100,0,0,0,0,77,ESCAPE,RIGHT,0.58,0.29,0.14
53.76,FLYING,WAIT,0,,,,,100,0,0,0,0,77,ESCAPE,RIGHT,2.65,0.31,0.16
53.82,FLYING,WAIT,0,,,,,100,0,0,0,0,77,AVOID_RIGHT,,3.69,0.34,0.20
53.88,FLYING,WAIT,0,,,,,100,0,0,0,0,77,AVOID_RIGHT,,4.24,0.36,0.22
53.94,FLYING,WAIT,0,,,,,100,0,0,0,0,76,AVOID_RIGHT,,3.93,0.51,0.19
54.00,FLYING,WAIT,0,,,,,100,0,0,0,0,76,AVOID_RIGHT,,2.22,0.82,0.17
54.06,FLYING,WAIT,0,,,,,100,0,0,0,0,76,AVOID_RIGHT,,1.36,0.98,0.16
54.12,FLYING,WAIT,0,,,,,100,0,0,0,0,76,AVOID_RIGHT,,2.36,0.77,0.16
54.18,FLYING,WAIT,0,,,,,100,0,0,0,0,76,AVOID_RIGHT,,2.86,0.67,0.16
54.24,FLYING,WAIT,0,,,,,100,0,0,0,0,76,AVOID_RIGHT,,2.71,0.62,0.16
54.30,FLYING,WAIT,0,,,,,100,0,0,0,0,76,AVOID_RIGHT,,2.64,0.40,0.13
54.37,FLYING,WAIT,0,,,,,100,0,0,0,0,76,AVOID_RIGHT,,2.55,0.29,0.12
54.42,FLYING,WAIT,0,,,,,100,0,0,0,0,76,AVOID_RIGHT,,2.61,0.25,0.13
54.48,FLYING,WAIT,0,,,,,100,0,0,0,0,76,AVOID_RIGHT,,2.08,1.12,0.13
54.54,FLYING,WAIT,0,,,,,100,0,0,0,0,76,AVOID_RIGHT,,1.61,1.55,0.11
54.60,FLYING,WAIT,0,,,,,100,0,0,0,0,76,AVOID_RIGHT,,1.28,1.63,0.09
54.66,FLYING,WAIT,0,,,,,100,0,0,0,0,76,AVOID_RIGHT,,1.12,1.65,0.08
54.72,FLYING,WAIT,0,,,,,100,0,0,0,0,76,AVOID_RIGHT,,1.71,1.67,0.11
54.78,FLYING,WAIT,0,,,,,100,0,0,0,0,76,AVOID_RIGHT,,2.26,1.21,0.12
54.84,FLYING,WAIT,0,,,,,100,0,0,0,0,76,AVOID_RIGHT,,2.28,0.98,0.12
54.90,FLYING,WAIT,0,,,,,100,0,0,0,0,76,AVOID_RIGHT,,2.91,0.57,0.11
54.96,FLYING,WAIT,0,,,,,100,0,0,0,0,76,AVOID_RIGHT,,3.10,0.37,0.11
55.02,FLYING,WAIT,0,,,,,100,0,0,0,0,76,AVOID_RIGHT,,3.20,0.54,0.14
55.08,FLYING,WAIT,0,,,,,100,0,0,0,0,76,AVOID_RIGHT,,2.72,1.13,0.15
55.14,FLYING,WAIT,0,,,,,100,0,0,0,0,76,AVOID_RIGHT,,2.47,1.34,0.15
55.20,FLYING,WAIT,0,,,,,100,0,0,0,0,76,AVOID_RIGHT,,2.58,1.44,0.14
55.26,FLYING,WAIT,0,,,,,100,0,0,0,0,76,AVOID_RIGHT,,2.63,1.32,0.17
55.32,FLYING,WAIT,0,,,,,100,0,0,0,0,76,AVOID_RIGHT,,2.65,0.95,0.18
55.38,FLYING,WAIT,0,,,,,100,0,0,0,0,76,AVOID_RIGHT,,2.06,0.54,0.15
55.44,FLYING,WAIT,0,,,,,100,0,0,0,0,76,AVOID_RIGHT,,1.56,0.34,0.13
55.50,FLYING,WAIT,0,,,,,100,0,0,0,0,76,AVOID_RIGHT,,1.31,0.39,0.13
55.56,FLYING,WAIT,0,,,,,100,0,0,0,0,76,AVOID_RIGHT,,2.09,0.51,0.13
55.62,FLYING,WAIT,0,,,,,100,0,0,0,0,76,AVOID_RIGHT,,2.48,1.15,0.14
55.68,FLYING,WAIT,0,,,,,100,0,0,0,0,76,ESCAPE,RIGHT,2.68,1.47,0.14
55.74,FLYING,WAIT,0,,,,,100,0,0,0,0,76,ESCAPE,RIGHT,2.41,1.58,0.12
55.80,FLYING,WAIT,0,,,,,100,0,0,0,0,76,ESCAPE,RIGHT,2.20,1.63,0.11
55.86,FLYING,WAIT,0,,,,,100,0,0,0,0,76,ESCAPE,RIGHT,2.10,1.57,0.11
55.92,FLYING,WAIT,0,,,,,100,0,0,0,0,76,ESCAPE,RIGHT,2.15,1.53,0.11
55.98,FLYING,WAIT,0,,,,,100,0,0,0,0,76,ESCAPE,RIGHT,2.35,0.89,0.10
56.04,FLYING,WAIT,0,,,,,100,0,0,0,0,76,ESCAPE,RIGHT,2.63,0.56,0.10
56.10,FLYING,WAIT,0,,,,,100,0,0,0,0,76,ESCAPE,RIGHT,3.66,0.42,0.09
56.16,FLYING,WAIT,0,,,,,100,0,0,0,0,76,ESCAPE,RIGHT,4.17,1.44,0.08
56.22,FLYING,WAIT,0,,,,,100,0,0,0,0,76,ESCAPE,RIGHT,3.74,1.95,0.08
56.28,FLYING,WAIT,0,,,,,100,0,0,0,0,76,ESCAPE,RIGHT,3.39,1.57,0.08
56.34,FLYING,WAIT,0,,,,,100,0,0,0,0,76,ESCAPE,RIGHT,2.80,1.35,0.09
56.40,FLYING,WAIT,0,,,,,100,0,0,0,0,76,ESCAPE,RIGHT,2.49,0.91,0.08
56.46,FLYING,WAIT,0,,,,,100,0,0,0,0,76,ESCAPE,RIGHT,2.34,0.70,0.09
56.52,FLYING,WAIT,0,,,,,100,0,0,0,0,76,ESCAPE,RIGHT,2.38,0.93,0.10
56.58,FLYING,WAIT,0,,,,,100,0,0,0,0,76,ESCAPE,RIGHT,2.49,1.30,0.11
56.64,FLYING,WAIT,0,,,,,100,0,0,0,0,76,ESCAPE,RIGHT,3.20,1.49,0.11
56.73,FLYING,WAIT,1,,,,,100,0,0,0,0,76,ESCAPE,RIGHT,3.55,1.58,0.11
56.79,FLYING,WAIT,0,,,,,100,0,0,0,0,76,ESCAPE,RIGHT,3.34,1.63,0.10
56.85,FLYING,WAIT,0,,,,,100,0,0,0,0,76,ESCAPE,RIGHT,3.23,2.22,0.11
56.91,FLYING,WAIT,0,,,,,100,0,0,0,0,76,ESCAPE,RIGHT,3.03,3.25,0.11
56.97,FLYING,WAIT,0,,,,,100,0,0,0,0,76,ESCAPE,RIGHT,3.07,3.84,0.55
57.03,FLYING,WAIT,0,,,,,100,0,0,0,0,76,ESCAPE,RIGHT,3.08,4.13,0.77
57.09,FLYING,WAIT,0,,,,,100,0,0,0,0,76,ESCAPE,RIGHT,3.61,2.57,0.88
57.15,FLYING,WAIT,0,,,,,100,0,0,0,0,76,ESCAPE,RIGHT,3.87,1.80,0.94
57.21,FLYING,WAIT,0,,,,,100,0,0,0,0,76,ESCAPE,RIGHT,2.69,1.75,1.21
57.27,FLYING,WAIT,0,,,,,100,0,0,0,0,76,ESCAPE,RIGHT,2.10,1.90,1.34
57.33,FLYING,WAIT,0,,,,,100,0,0,0,0,76,ESCAPE,RIGHT,1.80,2.09,1.36
57.39,FLYING,WAIT,0,,,,,100,0,0,0,0,76,ESCAPE,RIGHT,1.38,2.35,0.83
57.45,FLYING,WAIT,0,,,,,100,0,0,0,0,76,ESCAPE,RIGHT,1.17,2.48,0.57
57.51,FLYING,WAIT,0,,,,,100,0,0,0,0,76,AVOID_RIGHT,,1.82,1.48,0.44
57.57,FLYING,WAIT,0,,,,,100,0,0,0,0,76,AVOID_RIGHT,,2.31,0.98,0.37
57.63,FLYING,WAIT,0,,,,,100,0,0,0,0,76,AVOID_RIGHT,,2.60,0.73,0.27
57.69,FLYING,WAIT,0,,,,,100,0,0,0,0,76,AVOID_RIGHT,,2.70,0.43,0.21
57.75,FLYING,WAIT,0,,,,,100,0,0,0,0,76,AVOID_RIGHT,,3.23,0.27,0.16
57.81,FLYING,WAIT,0,,,,,100,0,0,0,0,76,AVOID_RIGHT,,2.64,0.32,0.12
57.87,FLYING,WAIT,0,,,,,100,0,0,0,0,76,AVOID_RIGHT,,1.97,1.95,0.11
57.93,FLYING,WAIT,0,,,,,100,0,0,0,0,76,AVOID_RIGHT,,1.44,2.76,0.10
57.99,FLYING,WAIT,0,,,,,100,0,0,0,0,76,AVOID_RIGHT,,1.17,2.02,0.09
58.05,FLYING,WAIT,0,,,,,100,0,0,0,0,76,AVOID_RIGHT,,1.51,1.15,0.08
58.11,FLYING,WAIT,0,,,,,100,0,0,0,0,76,AVOID_RIGHT,,1.84,0.72,0.09
58.18,FLYING,WAIT,0,,,,,100,0,0,0,0,76,AVOID_RIGHT,,2.61,0.71,0.51
58.24,FLYING,WAIT,0,,,,,100,0,0,0,0,76,AVOID_RIGHT,,2.99,0.70,0.72
58.30,FLYING,WAIT,0,,,,,100,0,0,0,0,76,AVOID_RIGHT,,2.31,0.56,0.55
58.36,FLYING,WAIT,0,,,,,100,0,0,0,0,76,AVOID_RIGHT,,1.85,0.48,0.46
58.42,FLYING,WAIT,0,,,,,100,0,0,0,0,76,AVOID_RIGHT,,1.63,0.72,0.70
58.48,FLYING,WAIT,0,,,,,100,0,0,0,0,76,AVOID_RIGHT,,1.44,0.84,0.82
58.54,FLYING,WAIT,0,,,,,100,0,0,0,0,76,AVOID_RIGHT,,1.27,0.61,0.59
58.60,FLYING,WAIT,0,,,,,100,0,0,0,0,76,AVOID_RIGHT,,0.99,0.49,0.47
58.66,FLYING,WAIT,0,,,,,100,0,0,0,0,76,AVOID_RIGHT,,0.85,0.43,0.41
58.72,FLYING,WAIT,0,,,,,100,0,0,0,0,76,AVOID_RIGHT,,0.99,0.76,0.73
58.81,FLYING,WAIT,1,rotten,0.21,0.81,0.7,100,0,0,0,0,76,AVOID_RIGHT,,1.06,0.92,0.88
58.87,FLYING,WAIT,0,,,,,100,0,0,0,0,76,CRUISE,,0.92,0.74,0.60
58.93,FLYING,WAIT,0,,,,,100,0,0,0,0,76,CRUISE,,0.66,0.58,0.45
58.99,FLYING,WAIT,0,,,,,100,0,0,0,0,76,CRUISE,,0.50,0.50,0.38
59.04,FLYING,WAIT,0,,,,,100,0,0,0,0,76,CRUISE,,0.42,0.46,0.35
59.10,FLYING,WAIT,0,,,,,100,0,0,0,0,76,CRUISE,,0.33,0.37,0.30
59.16,FLYING,WAIT,0,,,,,100,0,0,0,0,76,CRUISE,,0.27,0.30,0.24
59.22,FLYING,WAIT,0,,,,,100,0,0,0,0,76,CRUISE,,0.20,0.24,0.21
59.28,FLYING,RETURN,0,,,,,100,0,4,0,0,76,CRUISE,,0.17,0.21,0.20
59.33,FLYING,RETURN,0,,,,,100,0,6,0,0,76,CRUISE,,0.53,0.50,0.50
59.39,FLYING,RETURN,0,,,,,100,0,8,0,0,76,CRUISE,,0.71,0.65,0.65
59.45,FLYING,RETURN,0,,,,,100,0,9,0,0,76,CRUISE,,0.42,0.42,0.37
59.51,FLYING,RETURN,0,,,,,100,0,10,0,0,76,CRUISE,,0.28,0.31,0.23
59.56,FLYING,RETURN,0,,,,,100,0,11,0,0,76,CRUISE,,0.21,0.25,0.15
59.62,FLYING,RETURN,0,,,,,100,0,11,0,0,76,CRUISE,,0.21,0.22,0.12
59.68,FLYING,RETURN,0,,,,,100,0,11,0,0,76,CRUISE,,0.26,0.20,0.13
59.74,FLYING,RETURN,0,,,,,100,0,11,0,0,76,CRUISE,,0.52,0.18,0.14
59.80,FLYING,RETURN,0,,,,,100,0,11,0,0,76,CRUISE,,0.67,0.18,0.10
59.85,FLYING,RETURN,0,,,,,100,0,11,0,0,76,CRUISE,,0.99,0.24,0.09
59.91,FLYING,RETURN,0,,,,,100,0,11,0,0,76,CRUISE,,1.73,0.28,0.12
59.97,FLYING,RETURN,0,,,,,100,0,11,0,0,75,AVOID_RIGHT,,2.11,0.29,0.15
60.03,FLYING,RETURN,0,,,,,100,0,11,0,0,75,AVOID_RIGHT,,1.98,0.27,0.16
60.09,FLYING,RETURN,0,,,,,100,0,11,0,0,75,AVOID_RIGHT,,1.85,0.22,0.15
60.14,FLYING,RETURN,0,,,,,100,0,11,0,0,75,AVOID_RIGHT,,1.79,0.17,0.13
60.20,FLYING,RETURN,0,,,,,100,0,11,0,0,75,AVOID_RIGHT,,2.91,0.15,0.13
60.26,FLYING,SCARED,0,,,,,100,0,-40,0,0,75,ESCAPE,RIGHT,3.47,0.13,0.12
60.32,FLYING,SCARED,0,,,,,100,0,-40,0,0,75,ESCAPE,RIGHT,3.35,0.12,0.12
60.38,FLYING,SCARED,0,,,,,100,0,-40,0,0,75,ESCAPE,RIGHT,2.90,0.12,0.14
60.44,FLYING,SCARED,0,,,,,100,0,-40,0,0,75,ESCAPE,RIGHT,2.66,0.13,0.16
60.50,FLYING,SCARED,0,,,,,100,0,-40,0,0,75,ESCAPE,RIGHT,2.43,0.14,0.16
60.56,FLYING,SCARED,0,,,,,100,0,-40,0,0,75,ESCAPE,RIGHT,2.29,0.20,0.18
60.62,FLYING,SCARED,0,,,,,100,0,-40,0,0,75,ESCAPE,RIGHT,2.25,0.46,0.43
60.68,FLYING,SCARED,0,,,,,100,0,-40,0,0,75,ESCAPE,RIGHT,2.34,0.62,0.81
60.74,FLYING,SCARED,0,,,,,100,0,-40,0,0,75,ESCAPE,RIGHT,2.56,0.71,1.00
60.80,FLYING,SCARED,0,,,,,100,0,-40,0,0,75,ESCAPE,RIGHT,2.67,0.62,0.83
60.86,FLYING,SCARED,0,,,,,100,0,-40,0,0,75,ESCAPE,RIGHT,2.49,0.58,0.71
60.92,FLYING,SCARED,0,,,,,100,0,-40,0,0,75,ESCAPE,RIGHT,2.41,0.66,0.44
60.98,FLYING,SCARED,0,,,,,100,0,-40,0,0,75,ESCAPE,RIGHT,2.12,0.97,0.30
61.04,FLYING,SCARED,0,,,,,100,0,-40,0,0,75,ESCAPE,RIGHT,1.97,1.13,0.21
61.10,FLYING,SCARED,0,,,,,100,0,-40,0,0,75,ESCAPE,RIGHT,1.45,1.06,0.17
61.16,FLYING,SCARED,0,,,,,100,0,-40,0,0,75,ESCAPE,RIGHT,1.19,1.03,0.14
61.22,FLYING,SCARED,0,,,,,100,0,-40,0,0,75,ESCAPE,RIGHT,1.39,0.98,0.13
61.28,FLYING,WAIT,0,,,,,100,0,-26,0,0,75,ESCAPE,RIGHT,2.23,0.79,0.12
61.34,FLYING,WAIT,0,,,,,100,0,-16,0,0,75,ESCAPE,RIGHT,2.65,0.65,0.61
61.40,FLYING,WAIT,0,,,,,100,0,-10,0,0,75,ESCAPE,RIGHT,2.77,0.62,0.85
61.45,FLYING,WAIT,0,,,,,100,0,-7,0,0,75,ESCAPE,RIGHT,2.29,0.65,0.57
61.51,FLYING,WAIT,0,,,,,100,0,-4,0,0,75,ESCAPE,RIGHT,2.02,0.90,0.42
61.57,FLYING,WAIT,0,,,,,100,0,-3,0,0,75,ESCAPE,RIGHT,1.88,1.10,0.39
61.63,FLYING,WAIT,0,,,,,100,0,-1,0,0,75,ESCAPE,RIGHT,2.11,1.16,0.79
61.69,FLYING,WAIT,0,,,,,100,0,-1,0,0,75,ESCAPE,RIGHT,2.64,1.41,1.04
61.75,FLYING,WAIT,0,,,,,100,0,0,0,0,75,ESCAPE,RIGHT,2.49,1.52,1.57
61.81,FLYING,WAIT,0,,,,,100,0,0,0,0,75,ESCAPE,RIGHT,2.35,1.57,1.84
61.87,FLYING,WAIT,0,,,,,100,0,0,0,0,75,ESCAPE,RIGHT,1.55,1.30,1.56
61.93,FLYING,WAIT,0,,,,,100,0,0,0,0,75,ESCAPE,RIGHT,1.14,1.13,1.40
61.99,FLYING,WAIT,0,,,,,100,0,0,0,0,75,ESCAPE,RIGHT,0.96,1.08,1.32
62.05,FLYING,WAIT,0,,,,,100,0,0,0,0,75,AVOID_RIGHT,,0.89,1.06,0.73
62.10,FLYING,WAIT,0,,,,,100,0,0,0,0,75,AVOID_RIGHT,,0.85,1.05,0.36
62.16,FLYING,WAIT,0,,,,,100,0,0,0,0,75,AVOID_RIGHT,,0.83,0.71,0.17
62.22,FLYING,WAIT,0,,,,,100,0,0,0,0,75,AVOID_RIGHT,,0.88,0.54,0.08
62.28,FLYING,WAIT,0,,,,,100,0,0,0,0,75,CRUISE,,0.97,0.44,0.06
62.34,FLYING,WAIT,0,,,,,100,0,0,0,0,75,CRUISE,,1.04,0.33,0.05
62.40,FLYING,WAIT,0,,,,,100,0,0,0,0,75,CRUISE,,1.07,0.25,0.04
62.46,FLYING,WAIT,0,,,,,100,0,0,0,0,75,CRUISE,,1.26,0.22,0.03
62.52,FLYING,WAIT,0,,,,,100,0,0,0,0,75,AVOID_RIGHT,,1.84,0.20,0.02
62.58,FLYING,WAIT,0,,,,,100,0,0,0,0,75,AVOID_RIGHT,,2.13,0.20,0.01
62.63,FLYING,WAIT,0,,,,,100,0,0,0,0,75,AVOID_RIGHT,,2.37,0.78,1.09
62.69,FLYING,WAIT,0,,,,,100,0,0,0,0,75,AVOID_RIGHT,,2.48,1.08,1.63
62.76,FLYING,WAIT,0,,,,,100,0,0,0,0,75,AVOID_RIGHT,,2.42,1.15,0.88
62.82,FLYING,WAIT,0,,,,,100,0,0,0,0,75,AVOID_RIGHT,,2.36,1.15,0.50
62.89,FLYING,WAIT,0,,,,,100,0,0,0,0,75,AVOID_RIGHT,,1.63,1.15,0.30
62.95,FLYING,WAIT,0,,,,,100,0,0,0,0,75,AVOID_RIGHT,,1.14,1.05,0.20
63.01,FLYING,WAIT,0,,,,,100,0,0,0,0,75,AVOID_RIGHT,,0.82,0.68,0.13
63.07,FLYING,WAIT,0,,,,,100,0,0,0,0,75,AVOID_RIGHT,,0.61,0.46,0.08
63.12,FLYING,WAIT,0,,,,,100,0,0,0,0,75,AVOID_RIGHT,,0.50,0.35,0.05
63.18,FLYING,WAIT,0,,,,,100,0,0,0,0,75,AVOID_RIGHT,,0.60,0.35,0.04
63.24,FLYING,WAIT,0,,,,,100,0,0,0,0,75,AVOID_RIGHT,,0.89,0.42,0.04
63.30,FLYING,WAIT,0,,,,,100,0,0,0,0,75,CRUISE,,1.03,0.51,0.05
63.36,FLYING,WAIT,0,,,,,100,0,0,0,0,75,CRUISE,,1.11,0.56,0.07
63.42,FLYING,WAIT,0,,,,,100,0,0,0,0,75,CRUISE,,1.03,0.58,0.08
63.48,FLYING,WAIT,0,,,,,100,0,0,0,0,75,CRUISE,,0.87,0.59,0.08
63.53,FLYING,WAIT,0,,,,,100,0,0,0,0,75,CRUISE,,0.74,0.61,0.09
63.59,FLYING,WAIT,0,,,,,100,0,0,0,0,75,CRUISE,,0.73,0.67,0.11
63.65,FLYING,WAIT,0,,,,,100,0,0,0,0,75,CRUISE,,0.77,0.74,0.10
63.71,FLYING,WAIT,0,,,,,100,0,0,0,0,75,CRUISE,,1.27,0.85,0.10
63.77,FLYING,WAIT,0,,,,,100,0,0,0,0,75,CRUISE,,1.62,0.93,0.09
63.83,FLYING,WAIT,0,,,,,100,0,0,0,0,75,AVOID_RIGHT,,2.01,1.34,0.07
63.89,FLYING,WAIT,0,,,,,100,0,0,0,0,75,AVOID_RIGHT,,2.49,1.55,0.07
63.95,FLYING,WAIT,0,,,,,100,0,0,0,0,75,AVOID_RIGHT,,2.93,1.64,0.08
64.01,FLYING,WAIT,0,,,,,100,0,0,0,0,75,ESCAPE,RIGHT,3.14,1.06,0.17
64.07,FLYING,WAIT,0,,,,,100,0,0,0,0,75,ESCAPE,RIGHT,3.25,0.64,0.13
64.13,FLYING,WAIT,0,,,,,100,0,0,0,0,75,ESCAPE,RIGHT,2.89,0.40,0.10
64.19,FLYING,WAIT,0,,,,,100,0,0,0,0,75,ESCAPE,RIGHT,2.71,0.28,0.09
64.25,FLYING,WAIT,0,,,,,100,0,0,0,0,75,ESCAPE,RIGHT,2.58,0.22,0.09
64.31,FLYING,WAIT,0,,,,,100,0,0,0,0,75,ESCAPE,RIGHT,2.52,0.15,0.09
64.37,FLYING,WAIT,0,,,,,100,0,0,0,0,75,ESCAPE,RIGHT,2.65,0.12,0.10
64.43,FLYING,WAIT,0,,,,,100,0,0,0,0,75,ESCAPE,RIGHT,2.72,0.10,0.17
64.48,FLYING,WAIT,0,,,,,100,0,0,0,0,75,ESCAPE,RIGHT,2.19,0.11,0.20
64.54,FLYING,WAIT,0,,,,,100,0,0,0,0,75,ESCAPE,RIGHT,1.93,0.52,0.19
64.60,FLYING,WAIT,0,,,,,100,0,0,0,0,75,ESCAPE,RIGHT,1.80,0.73,0.15
64.66,FLYING,WAIT,0,,,,,100,0,0,0,0,75,ESCAPE,RIGHT,1.70,0.83,0.14
64.72,FLYING,WAIT,0,,,,,100,0,0,0,0,75,ESCAPE,RIGHT,1.65,0.77,0.13
64.78,FLYING,WAIT,0,,,,,100,0,0,0,0,75,ESCAPE,RIGHT,1.48,0.74,0.13
64.84,FLYING,WAIT,0,,,,,100,0,0,0,0,75,ESCAPE,RIGHT,1.56,0.72,0.13
64.90,FLYING,WAIT,0,,,,,100,0,0,0,0,75,ESCAPE,RIGHT,1.52,0.47,0.10
64.96,FLYING,WAIT,0,,,,,100,0,0,0,0,75,ESCAPE,RIGHT,1.59,0.33,0.09
65.01,FLYING,WAIT,0,,,,,100,0,0,0,0,74,ESCAPE,RIGHT,1.62,0.25,0.11
65.07,FLYING,WAIT,0,,,,,100,0,0,0,0,74,ESCAPE,RIGHT,1.97,0.23,0.12
65.13,FLYING,WAIT,0,,,,,100,0,0,0,0,74,ESCAPE,RIGHT,2.38,0.27,0.10
65.19,FLYING,WAIT,0,,,,,100,0,0,0,0,74,ESCAPE,RIGHT,2.59,0.30,0.08
65.25,FLYING,WAIT,0,,,,,100,0,0,0,0,74,ESCAPE,RIGHT,2.32,0.46,0.06
65.31,FLYING,WAIT,0,,,,,100,0,0,0,0,74,ESCAPE,RIGHT,2.09,0.79,0.08
65.37,FLYING,WAIT,0,,,,,100,0,0,0,0,74,ESCAPE,RIGHT,1.97,0.95,0.09
65.43,FLYING,WAIT,0,,,,,100,0,0,0,0,74,ESCAPE,RIGHT,1.97,0.77,0.10
65.49,FLYING,WAIT,0,,,,,100,0,0,0,0,74,ESCAPE,RIGHT,1.97,0.69,0.10
65.55,FLYING,WAIT,0,,,,,100,0,0,0,0,74,ESCAPE,RIGHT,1.83,0.64,0.10
65.61,FLYING,WAIT,0,,,,,100,0,0,0,0,74,ESCAPE,RIGHT,1.76,0.37,0.14
65.67,FLYING,WAIT,0,,,,,100,0,0,0,0,74,ESCAPE,RIGHT,1.73,0.23,0.17
65.72,FLYING,WAIT,0,,,,,100,0,0,0,0,74,ESCAPE,RIGHT,1.29,0.28,0.17
65.78,FLYING,WAIT,0,,,,,100,0,0,0,0,74,AVOID_RIGHT,,0.88,0.37,0.11
65.84,FLYING,WAIT,0,,,,,100,0,0,0,0,74,AVOID_RIGHT,,0.66,0.41,0.08
65.90,FLYING,WAIT,0,,,,,100,0,0,0,0,74,AVOID_RIGHT,,0.55,0.41,0.09
65.96,FLYING,WAIT,0,,,,,100,0,0,0,0,74,AVOID_RIGHT,,0.35,0.41,0.10
66.02,FLYING,WAIT,0,,,,,100,0,0,0,0,74,AVOID_RIGHT,,0.21,0.60,0.09
66.08,FLYING,WAIT,0,,,,,100,0,0,0,0,74,CRUISE,,0.13,0.70,0.08
66.13,FLYING,WAIT,0,,,,,100,0,0,0,0,74,CRUISE,,0.10,0.66,0.07
66.19,FLYING,WAIT,0,,,,,100,0,0,0,0,74,CRUISE,,0.38,0.64,0.10
66.25,FLYING,WAIT,0,,,,,100,0,0,0,0,74,CRUISE,,0.52,0.74,0.12
66.31,FLYING,WAIT,0,,,,,100,0,0,0,0,74,CRUISE,,0.30,0.95,0.10
66.36,FLYING,WAIT,0,,,,,100,0,0,0,0,74,CRUISE,,0.19,1.05,0.09
66.42,FLYING,WAIT,0,,,,,100,0,0,0,0,74,CRUISE,,0.14,0.90,0.11
66.48,FLYING,WAIT,0,,,,,100,0,0,0,0,74,CRUISE,,0.11,0.81,0.15
66.53,FLYING,WAIT,0,,,,,100,0,0,0,0,74,CRUISE,,0.15,0.76,0.17
66.59,FLYING,WAIT,0,,,,,100,0,0,0,0,74,CRUISE,,0.16,0.86,0.15
66.64,FLYING,WAIT,0,,,,,100,0,0,0,0,74,CRUISE,,0.14,0.94,0.10
66.70,FLYING,WAIT,0,,,,,100,0,0,0,0,74,CRUISE,,0.11,0.98,0.08
66.75,FLYING,WAIT,0,,,,,100,0,0,0,0,74,CRUISE,,0.12,0.80,0.07
66.81,FLYING,WAIT,0,,,,,100,0,0,0,0,74,CRUISE,,0.37,0.57,0.15
66.87,FLYING,WAIT,0,,,,,100,0,0,0,0,74,CRUISE,,0.57,0.41,0.24
66.92,FLYING,WAIT,0,,,,,100,0,0,0,0,74,CRUISE,,0.70,0.27,0.29
66.98,FLYING,WAIT,0,,,,,100,0,0,0,0,74,CRUISE,,0.76,0.20,0.29
67.03,FLYING,WAIT,0,,,,,100,0,0,0,0,74,CRUISE,,0.79,0.15,0.29
67.09,FLYING,WAIT,0,,,,,100,0,0,0,0,74,CRUISE,,0.79,0.17,0.28
67.14,FLYING,WAIT,0,,,,,100,0,0,0,0,74,CRUISE,,0.79,0.22,0.26
67.20,FLYING,WAIT,0,,,,,100,0,0,0,0,74,CRUISE,,0.76,0.50,0.23
67.25,FLYING,WAIT,0,,,,,100,0,0,0,0,74,CRUISE,,0.64,0.64,0.20
67.31,FLYING,WAIT,0,,,,,100,0,0,0,0,74,CRUISE,,0.58,0.71,0.17
67.36,FLYING,WAIT,0,,,,,100,0,0,0,0,74,CRUISE,,0.55,0.73,0.15
67.42,FLYING,WAIT,0,,,,,100,0,0,0,0,74,CRUISE,,0.50,0.75,0.14
67.47,FLYING,WAIT,0,,,,,100,0,0,0,0,74,CRUISE,,0.47,0.75,0.15
67.53,FLYING,WAIT,0,,,,,100,0,0,0,0,74,CRUISE,,0.43,0.76,0.21
67.58,FLYING,WAIT,0,,,,,100,0,0,0,0,74,CRUISE,,0.89,0.61,0.27
67.64,FLYING,WAIT,0,,,,,100,0,0,0,0,74,CRUISE,,1.12,0.69,0.30
67.70,FLYING,WAIT,0,,,,,100,0,0,0,0,74,CRUISE,,1.24,0.80,0.32
67.75,FLYING,WAIT,0,,,,,100,0,0,0,0,74,CRUISE,,0.98,0.94,0.29
67.81,FLYING,WAIT,0,,,,,100,0,0,0,0,74,CRUISE,,0.80,1.21,0.24
67.86,FLYING,WAIT,0,,,,,100,0,0,0,0,74,CRUISE,,0.69,1.63,0.18
67.92,FLYING,WAIT,0,,,,,100,0,0,0,0,74,ESCAPE,RIGHT,0.63,1.91,0.16
67.98,FLYING,WAIT,0,,,,,100,0,0,0,0,74,ESCAPE,RIGHT,0.48,2.05,0.16
68.03,FLYING,WAIT,0,,,,,100,0,0,0,0,74,ESCAPE,RIGHT,0.36,2.12,0.15
68.09,FLYING,WAIT,0,,,,,100,0,0,0,0,74,ESCAPE,RIGHT,0.34,1.90,0.15
68.15,FLYING,WAIT,0,,,,,100,0,0,0,0,74,ESCAPE,RIGHT,0.43,1.67,0.14
68.20,FLYING,WAIT,0,,,,,100,0,0,0,0,74,ESCAPE,RIGHT,0.88,1.26,0.13
68.26,FLYING,WAIT,0,,,,,100,0,0,0,0,74,ESCAPE,RIGHT,1.04,0.70,0.14
68.31,FLYING,WAIT,0,,,,,100,0,0,0,0,74,ESCAPE,RIGHT,1.19,0.40,0.13
68.37,FLYING,WAIT,0,,,,,100,0,0,0,0,74,ESCAPE,RIGHT,1.33,0.26,0.12
68.43,FLYING,WAIT,0,,,,,100,0,0,0,0,74,ESCAPE,RIGHT,1.58,0.20,0.11
68.49,FLYING,WAIT,0,,,,,100,0,0,0,0,74,ESCAPE,RIGHT,2.02,0.18,0.11
68.55,FLYING,WAIT,0,,,,,100,0,0,0,0,74,ESCAPE,RIGHT,2.57,0.16,0.10
68.60,FLYING,WAIT,0,,,,,100,0,0,0,0,74,ESCAPE,RIGHT,2.85,0.12,0.08
68.66,FLYING,WAIT,0,,,,,100,0,0,0,0,74,ESCAPE,RIGHT,2.75,0.11,0.07
68.72,FLYING,WAIT,0,,,,,100,0,0,0,0,74,ESCAPE,RIGHT,2.62,0.10,0.09
68.78,FLYING,WAIT,0,,,,,100,0,0,0,0,74,ESCAPE,RIGHT,2.54,0.12,0.10
68.83,FLYING,WAIT,0,,,,,100,0,0,0,0,74,ESCAPE,RIGHT,2.52,0.13,0.11
68.89,FLYING,WAIT,0,,,,,100,0,0,0,0,74,ESCAPE,RIGHT,2.26,0.13,0.10
68.94,FLYING,WAIT,0,,,,,100,0,0,0,0,74,ESCAPE,RIGHT,2.40,0.08,0.07
69.00,FLYING,WAIT,0,,,,,100,0,0,0,0,74,ESCAPE,RIGHT,2.20,0.06,0.05
69.06,FLYING,WAIT,0,,,,,100,0,0,0,0,74,ESCAPE,RIGHT,1.54,0.05,0.04
69.11,FLYING,WAIT,0,,,,,100,0,0,0,0,74,ESCAPE,RIGHT,1.22,0.06,0.04
69.17,FLYING,WAIT,0,,,,,100,0,0,0,0,74,ESCAPE,RIGHT,1.05,0.06,0.07
69.23,FLYING,WAIT,0,,,,,100,0,0,0,0,74,ESCAPE,RIGHT,0.90,0.09,0.09
69.28,FLYING,WAIT,0,,,,,100,0,0,0,0,74,ESCAPE,RIGHT,0.76,0.11,0.13
69.34,FLYING,WAIT,0,,,,,100,0,0,0,0,74,ESCAPE,RIGHT,0.69,0.13,0.12
69.39,FLYING,WAIT,0,,,,,100,0,0,0,0,74,ESCAPE,RIGHT,0.69,0.14,0.12
69.45,FLYING,WAIT,0,,,,,100,0,0,0,0,74,ESCAPE,RIGHT,0.73,0.11,0.11
69.50,FLYING,WAIT,0,,,,,100,0,0,0,0,74,ESCAPE,RIGHT,0.75,0.10,0.09
69.56,FLYING,WAIT,0,,,,,100,0,0,0,0,74,ESCAPE,RIGHT,0.78,0.09,0.08
69.62,FLYING,WAIT,0,,,,,100,0,0,0,0,74,CRUISE,,1.21,0.09,0.08
69.67,FLYING,WAIT,0,,,,,100,0,0,0,0,74,CRUISE,,2.29,0.09,0.08
69.73,FLYING,WAIT,0,,,,,100,0,0,0,0,74,AVOID_RIGHT,,2.83,0.09,0.09
69.78,FLYING,WAIT,0,,,,,100,0,0,0,0,74,AVOID_RIGHT,,2.54,0.09,0.09
69.84,FLYING,WAIT,0,,,,,100,0,0,0,0,74,AVOID_RIGHT,,1.78,0.10,0.09
69.90,FLYING,WAIT,0,,,,,100,0,0,0,0,74,AVOID_RIGHT,,1.36,0.10,0.09
69.95,FLYING,WAIT,0,,,,,100,0,0,0,0,74,AVOID_RIGHT,,1.03,0.10,0.09
70.01,FLYING,WAIT,0,,,,,100,0,0,0,0,74,AVOID_RIGHT,,0.85,0.08,0.08
70.06,FLYING,WAIT,0,,,,,100,0,0,0,0,74,AVOID_RIGHT,,0.69,0.08,0.07
70.12,FLYING,WAIT,0,,,,,100,0,0,0,0,74,AVOID_RIGHT,,0.68,0.09,0.09
70.17,FLYING,WAIT,0,,,,,100,0,0,0,0,74,AVOID_RIGHT,,0.81,0.10,0.10
70.23,FLYING,WAIT,0,,,,,100,0,0,0,0,74,AVOID_RIGHT,,0.88,0.10,0.11
70.28,FLYING,WAIT,0,,,,,100,0,0,0,0,74,AVOID_RIGHT,,0.74,0.10,0.07
70.34,FLYING,WAIT,0,,,,,100,0,0,0,0,74,CRUISE,,0.62,0.09,0.06
70.40,FLYING,WAIT,0,,,,,100,0,0,0,0,74,CRUISE,,0.54,0.09,0.07
70.45,FLYING,WAIT,0,,,,,100,0,0,0,0,74,CRUISE,,0.50,0.09,0.11
70.51,FLYING,WAIT,0,,,,,100,0,0,0,0,74,CRUISE,,0.99,0.56,0.61
70.57,FLYING,WAIT,0,,,,,100,0,0,0,0,74,CRUISE,,1.23,0.79,0.86
70.66,FLYING,WAIT,0,,,,,100,0,0,0,0,74,CRUISE,,0.92,0.41,0.46
70.73,FLYING,WAIT,0,,,,,100,0,0,0,0,74,CRUISE,,0.76,0.23,0.26
70.79,FLYING,WAIT,0,,,,,100,0,0,0,0,74,CRUISE,,0.72,0.50,0.30
70.85,FLYING,WAIT,0,,,,,100,0,0,0,0,74,CRUISE,,0.90,0.74,0.42
70.90,FLYING,WAIT,0,,,,,100,0,0,0,0,74,CRUISE,,0.99,0.86,0.48
70.96,FLYING,WAIT,0,,,,,100,0,0,0,0,73,CRUISE,,1.05,0.92,0.49
71.01,FLYING,WAIT,0,,,,,100,0,0,0,0,73,CRUISE,,1.21,0.49,0.30
71.07,FLYING,WAIT,0,,,,,100,0,0,0,0,73,CRUISE,,1.40,0.28,0.18
71.13,FLYING,WAIT,0,,,,,100,0,0,0,0,73,CRUISE,,1.49,0.17,0.12
71.18,FLYING,WAIT,0,,,,,100,0,0,0,0,73,CRUISE,,1.56,0.12,0.15
71.24,FLYING,WAIT,0,,,,,100,0,0,0,0,73,CRUISE,,1.49,0.13,0.23
71.29,FLYING,RETURN,0,,,,,100,0,4,0,0,73,AVOID_RIGHT,,1.28,0.13,0.29
71.35,FLYING,RETURN,0,,,,,100,0,6,0,0,73,AVOID_RIGHT,,1.13,0.13,0.30
71.40,FLYING,RETURN,0,,,,,100,0,8,0,0,73,AVOID_RIGHT,,1.05,0.14,0.33
71.46,FLYING,RETURN,0,,,,,100,0,9,0,0,73,AVOID_RIGHT,,1.18,0.60,0.82
71.51,FLYING,RETURN,0,,,,,100,0,10,0,0,73,AVOID_RIGHT,,1.24,0.82,1.06
71.57,FLYING,RETURN,0,,,,,100,0,11,0,0,73,CRUISE,,1.22,0.48,0.71
71.62,FLYING,RETURN,0,,,,,100,0,11,0,0,73,CRUISE,,1.17,0.29,0.48
71.68,FLYING,RETURN,0,,,,,100,0,11,0,0,73,CRUISE,,0.94,0.18,0.31
71.73,FLYING,RETURN,0,,,,,100,0,11,0,0,73,CRUISE,,0.81,0.13,0.23
71.79,FLYING,RETURN,0,,,,,100,0,11,0,0,73,CRUISE,,0.76,0.61,0.26
71.84,FLYING,RETURN,0,,,,,100,0,11,0,0,73,CRUISE,,0.71,0.86,0.28
71.90,FLYING,RETURN,0,,,,,100,0,11,0,0,73,CRUISE,,0.68,0.46,0.17
71.95,FLYING,RETURN,0,,,,,100,0,11,0,0,73,CRUISE,,0.54,0.27,0.11
72.01,FLYING,RETURN,0,,,,,100,0,11,0,0,73,CRUISE,,0.46,0.20,0.11
72.06,FLYING,RETURN,0,,,,,100,0,11,0,0,73,CRUISE,,0.88,0.55,0.70
72.11,FLYING,RETURN,0,,,,,100,0,11,0,0,73,CRUISE,,1.09,0.72,1.00
72.17,FLYING,RETURN,0,,,,,100,0,11,0,0,73,CRUISE,,0.77,0.44,0.61
72.22,FLYING,RETURN,0,,,,,100,0,11,0,0,73,CRUISE,,0.60,0.30,0.41
72.28,FLYING,RETURN,0,,,,,100,0,11,0,0,73,CRUISE,,0.96,0.70,0.89
72.33,FLYING,RETURN,0,,,,,100,0,11,0,0,73,CRUISE,,1.14,0.91,1.13
72.39,FLYING,RETURN,0,,,,,100,0,11,0,0,73,CRUISE,,1.09,1.03,0.75
72.44,FLYING,RETURN,0,,,,,100,0,11,0,0,73,CRUISE,,1.06,1.09,0.55
72.50,FLYING,RETURN,0,,,,,100,0,11,0,0,73,CRUISE,,1.07,0.98,0.76
72.55,FLYING,RETURN,0,,,,,100,0,11,0,0,73,CRUISE,,1.07,0.91,0.87
72.61,FLYING,RETURN,0,,,,,100,0,11,0,0,73,CRUISE,,0.74,0.63,0.61
72.66,FLYING,RETURN,0,,,,,100,0,11,0,0,73,CRUISE,,0.54,0.45,0.44
72.72,FLYING,RETURN,0,,,,,100,0,11,0,0,73,CRUISE,,0.48,0.40,0.40
72.77,FLYING,RETURN,0,,,,,100,0,11,0,0,73,CRUISE,,0.89,0.95,0.50
72.83,FLYING,RETURN,0,,,,,100,0,11,0,0,73,CRUISE,,1.09,1.22,0.56
72.88,FLYING,RETURN,0,,,,,100,0,11,0,0,73,CRUISE,,0.71,0.77,0.42
72.94,FLYING,RETURN,0,,,,,100,0,11,0,0,73,CRUISE,,0.52,0.55,0.36
72.99,FLYING,RETURN,0,,,,,100,0,11,0,0,73,CRUISE,,0.94,0.96,0.61
73.05,FLYING,RETURN,0,,,,,100,0,11,0,0,73,CRUISE,,1.15,1.17,0.74
73.10,FLYING,RETURN,0,,,,,100,0,11,0,0,73,CRUISE,,0.65,0.67,0.46
73.15,FLYING,RETURN,0,,,,,100,0,11,0,0,73,CRUISE,,0.41,0.41,0.32
73.21,FLYING,RETURN,0,,,,,100,0,11,0,0,73,CRUISE,,0.31,0.29,0.25
73.26,FLYING,RETURN,0,,,,,100,0,11,0,0,73,CRUISE,,0.27,0.21,0.20
73.32,FLYING,RETURN,0,,,,,100,0,11,0,0,73,CRUISE,,0.26,0.17,0.17
73.37,FLYING,RETURN,0,,,,,100,0,11,0,0,73,CRUISE,,0.23,0.13,0.15
73.43,FLYING,RETURN,0,,,,,100,0,11,0,0,73,CRUISE,,0.21,0.11,0.15
73.48,FLYING,RETURN,0,,,,,100,0,11,0,0,73,CRUISE,,0.17,0.12,0.19
73.54,FLYING,RETURN,0,,,,,100,0,11,0,0,73,CRUISE,,0.18,0.12,0.24
73.59,FLYING,RETURN,0,,,,,100,0,11,0,0,73,CRUISE,,0.26,0.15,0.29
73.64,FLYING,RETURN,0,,,,,100,0,11,0,0,73,CRUISE,,0.31,0.17,0.32
73.70,FLYING,RETURN,0,,,,,100,0,11,0,0,73,CRUISE,,0.33,0.16,0.34
73.76,FLYING,RETURN,0,,,,,100,0,11,0,0,73,CRUISE,,0.32,0.15,0.35
73.81,FLYING,RETURN,0,,,,,100,0,11,0,0,73,CRUISE,,0.28,0.19,0.38
73.87,FLYING,RETURN,0,,,,,100,0,11,0,0,73,CRUISE,,0.26,0.21,0.40
73.92,FLYING,RETURN,0,,,,,100,0,11,0,0,73,CRUISE,,0.25,0.18,0.39
73.97,FLYING,RETURN,0,,,,,100,0,11,0,0,73,CRUISE,,0.25,0.17,0.39
74.03,FLYING,RETURN,0,,,,,100,0,11,0,0,73,CRUISE,,0.83,0.62,1.04
74.08,FLYING,RETURN,0,,,,,100,0,11,0,0,73,CRUISE,,1.11,0.85,1.37
74.14,FLYING,RETURN,0,,,,,100,0,11,0,0,73,CRUISE,,1.02,0.97,0.80
74.19,FLYING,RETURN,0,,,,,100,0,11,0,0,73,CRUISE,,0.97,0.96,0.51
74.25,FLYING,RETURN,0,,,,,100,0,11,0,0,73,CRUISE,,0.54,0.53,0.36
74.30,FLYING,RETURN,0,,,,,100,0,11,0,0,73,CRUISE,,0.32,0.31,0.31
74.35,FLYING,RETURN,0,,,,,100,0,11,0,0,73,CRUISE,,0.87,0.69,0.90
74.41,FLYING,RETURN,0,,,,,100,0,11,0,0,73,CRUISE,,1.14,0.88,1.20
74.46,FLYING,RETURN,0,,,,,100,0,11,0,0,73,CRUISE,,0.63,0.48,0.68
74.52,FLYING,RETURN,0,,,,,100,0,11,0,0,73,CRUISE,,0.37,0.28,0.41
74.57,FLYING,RETURN,0,,,,,100,0,11,0,0,73,CRUISE,,0.24,0.19,0.26
74.63,FLYING,RETURN,0,,,,,100,0,11,0,0,73,CRUISE,,0.18,0.19,0.18
74.68,FLYING,RETURN,0,,,,,100,0,11,0,0,73,CRUISE,,0.15,0.20,0.17
74.74,FLYING,RETURN,0,,,,,100,0,11,0,0,73,CRUISE,,0.21,0.21,0.17
74.79,FLYING,RETURN,0,,,,,100,0,11,0,0,73,CRUISE,,0.59,0.48,0.51
74.84,FLYING,RETURN,0,,,,,100,0,11,0,0,73,CRUISE,,0.83,0.72,0.68
74.90,FLYING,RETURN,0,,,,,100,0,11,0,0,73,CRUISE,,1.05,1.05,0.58
74.95,FLYING,RETURN,0,,,,,100,0,11,0,0,73,CRUISE,,1.16,1.23,0.52
75.01,FLYING,RETURN,0,,,,,100,0,11,0,0,73,CRUISE,,1.24,1.33,0.53
75.06,FLYING,RETURN,0,,,,,100,0,11,0,0,73,CRUISE,,1.24,1.37,0.54
75.12,FLYING,RETURN,0,,,,,100,0,11,0,0,73,CRUISE,,0.94,0.95,0.55
75.17,FLYING,RETURN,0,,,,,100,0,11,0,0,73,CRUISE,,0.79,0.72,0.59
75.22,FLYING,RETURN,0,,,,,100,0,11,0,0,73,CRUISE,,0.71,0.61,0.62
75.28,FLYING,RETURN,0,,,,,100,0,11,0,0,73,CRUISE,,0.68,0.56,0.65
75.34,FLYING,SEARCH,0,,,,,100,0,7,0,2,73,CRUISE,,0.61,0.58,0.70
75.40,FLYING,SEARCH,0,,,,,100,0,5,0,4,73,CRUISE,,0.58,0.59,0.73
75.45,FLYING,SEARCH,0,,,,,100,0,3,0,5,73,CRUISE,,0.53,0.50,0.68
75.51,FLYING,SEARCH,0,,,,,100,0,2,0,6,73,CRUISE,,0.51,0.46,0.65
75.56,FLYING,SEARCH,0,,,,,100,0,1,0,7,73,CRUISE,,0.57,0.48,0.64
75.62,FLYING,SEARCH,0,,,,,100,0,0,0,7,73,CRUISE,,0.59,0.49,0.52
75.67,FLYING,SEARCH,0,,,,,100,0,0,0,7,73,CRUISE,,0.61,0.49,0.46
75.73,FLYING,SEARCH,0,,,,,100,0,0,0,7,73,CRUISE,,0.44,0.38,0.43
75.78,FLYING,SEARCH,0,,,,,100,0,0,0,7,73,CRUISE,,0.38,0.29,0.35
75.84,FLYING,SEARCH,0,,,,,100,0,0,0,7,73,CRUISE,,0.36,0.25,0.32
75.89,FLYING,SEARCH,0,,,,,100,0,0,0,7,73,CRUISE,,0.38,0.55,0.36
75.95,FLYING,SEARCH,0,,,,,100,0,0,0,7,73,CRUISE,,0.44,0.70,0.38
76.00,FLYING,SEARCH,0,,,,,100,0,0,0,7,73,CRUISE,,0.84,0.52,0.36
76.05,FLYING,SEARCH,0,,,,,100,0,0,0,7,73,CRUISE,,1.10,0.43,0.36
76.11,FLYING,SEARCH,0,,,,,100,0,0,0,5,73,CRUISE,,1.24,0.79,0.53
76.16,FLYING,SEARCH,0,,,,,100,0,0,0,3,73,CRUISE,,1.32,0.97,0.68
76.22,FLYING,SEARCH,0,,,,,100,0,0,0,2,73,CRUISE,,1.10,0.98,0.78
76.27,FLYING,SEARCH,0,,,,,100,0,0,0,1,73,CRUISE,,1.00,0.96,0.80
76.32,FLYING,SEARCH,0,,,,,100,0,0,0,0,73,CRUISE,,0.92,0.70,0.70
76.38,FLYING,SEARCH,0,,,,,100,0,0,0,0,73,CRUISE,,0.80,0.52,0.53
76.43,FLYING,SEARCH,0,,,,,100,0,0,0,0,73,CRUISE,,0.74,0.43,0.45
76.49,FLYING,SEARCH,0,,,,,100,0,0,0,0,73,CRUISE,,0.89,0.86,0.43
76.54,FLYING,SEARCH,0,,,,,100,0,0,0,0,73,CRUISE,,0.98,1.08,0.48
76.59,FLYING,SEARCH,0,,,,,100,0,0,0,0,73,CRUISE,,1.01,1.02,0.67
76.65,FLYING,SEARCH,0,,,,,100,0,0,0,0,73,CRUISE,,1.18,0.94,0.77
76.70,FLYING,SEARCH,0,,,,,100,0,0,0,0,73,CRUISE,,2.09,0.83,0.81
76.75,FLYING,SEARCH,0,,,,,100,0,0,0,0,73,AVOID_RIGHT,,2.87,0.77,0.83
76.81,FLYING,SEARCH,0,,,,,100,0,0,0,0,73,AVOID_RIGHT,,3.26,0.79,0.86
76.86,FLYING,SCARED,0,,,,,100,0,-40,0,0,73,ESCAPE,RIGHT,2.66,0.80,0.88
76.92,FLYING,SCARED,0,,,,,100,0,-40,0,0,73,ESCAPE,RIGHT,2.35,0.44,0.53
76.97,FLYING,SCARED,0,,,,,100,0,-40,0,0,73,ESCAPE,RIGHT,2.38,0.26,0.36
77.03,FLYING,SCARED,0,,,,,100,0,-40,0,0,72,ESCAPE,RIGHT,2.40,0.54,0.41
77.08,FLYING,SCARED,0,,,,,100,0,-40,0,0,72,ESCAPE,RIGHT,2.15,0.68,0.58
77.14,FLYING,SCARED,0,,,,,100,0,-40,0,0,72,ESCAPE,RIGHT,2.03,0.77,0.71
77.19,FLYING,SCARED,0,,,,,100,0,-40,0,0,72,ESCAPE,RIGHT,2.26,0.78,0.78
77.25,FLYING,SCARED,0,,,,,100,0,-40,0,0,72,ESCAPE,RIGHT,2.37,0.42,0.52
77.30,FLYING,SCARED,0,,,,,100,0,-40,0,0,72,ESCAPE,RIGHT,2.27,0.22,0.36
77.35,FLYING,SCARED,0,,,,,100,0,-40,0,0,72,ESCAPE,RIGHT,2.22,0.13,0.32
77.41,FLYING,SCARED,0,,,,,100,0,-40,0,0,72,ESCAPE,RIGHT,2.39,0.48,0.55
77.47,FLYING,SCARED,0,,,,,100,0,-40,0,0,72,ESCAPE,RIGHT,2.56,0.65,0.67
77.52,FLYING,SCARED,0,,,,,100,0,-40,0,0,72,ESCAPE,RIGHT,2.56,0.42,0.55
77.57,FLYING,SCARED,0,,,,,100,0,-40,0,0,72,ESCAPE,RIGHT,2.55,0.27,0.45
77.63,FLYING,SCARED,0,,,,,100,0,-40,0,0,72,ESCAPE,RIGHT,2.28,0.20,0.34
77.69,FLYING,SCARED,0,,,,,100,0,-40,0,0,72,ESCAPE,RIGHT,2.24,0.47,0.29
77.74,FLYING,SCARED,0,,,,,100,0,-40,0,0,72,ESCAPE,RIGHT,2.21,0.62,0.48
77.80,FLYING,SCARED,0,,,,,100,0,-40,0,0,72,ESCAPE,RIGHT,2.29,0.68,0.58
77.85,FLYING,WAIT,0,,,,,100,0,-26,0,0,72,ESCAPE,RIGHT,2.33,0.72,0.43
77.91,FLYING,WAIT,0,,,,,100,0,-16,0,0,72,ESCAPE,RIGHT,2.63,0.84,0.34
77.96,FLYING,WAIT,0,,,,,100,0,-10,0,0,72,ESCAPE,RIGHT,2.78,0.90,0.29
78.02,FLYING,WAIT,0,,,,,100,0,-7,0,0,72,ESCAPE,RIGHT,2.99,1.26,0.25
78.07,FLYING,WAIT,0,,,,,100,0,-4,0,0,72,ESCAPE,RIGHT,2.80,1.41,0.24
78.13,FLYING,WAIT,0,,,,,100,0,-3,0,0,72,ESCAPE,RIGHT,2.71,1.48,0.25
78.19,FLYING,WAIT,0,,,,,100,0,-1,0,0,72,ESCAPE,RIGHT,2.59,1.48,0.26
78.24,FLYING,WAIT,0,,,,,100,0,-1,0,0,72,ESCAPE,RIGHT,2.53,1.48,0.24
78.30,FLYING,WAIT,0,,,,,100,0,0,0,0,72,ESCAPE,RIGHT,2.89,2.11,0.24
78.35,FLYING,WAIT,0,,,,,100,0,0,0,0,72,ESCAPE,RIGHT,3.07,2.72,0.35
78.41,FLYING,WAIT,0,,,,,100,0,0,0,0,72,ESCAPE,RIGHT,3.32,3.03,0.43
78.47,FLYING,WAIT,0,,,,,100,0,0,0,0,72,ESCAPE,RIGHT,3.68,5.11,0.48
78.52,FLYING,WAIT,0,,,,,100,0,0,0,0,72,AVOID_RIGHT,,3.86,6.15,0.51
78.58,FLYING,WAIT,0,,,,,100,0,0,0,0,72,AVOID_LEFT,,2.76,6.50,0.55
78.63,FLYING,WAIT,0,,,,,100,0,0,0,0,72,AVOID_LEFT,,2.21,4.71,0.57
78.69,FLYING,WAIT,0,,,,,100,0,0,0,0,72,AVOID_RIGHT,,2.00,3.43,0.58
78.75,FLYING,WAIT,0,,,,,100,0,0,0,0,72,AVOID_LEFT,,1.90,2.02,0.53
78.80,FLYING,WAIT,0,,,,,100,0,0,0,0,72,AVOID_LEFT,,1.63,1.32,0.51
78.86,FLYING,WAIT,0,,,,,100,0,0,0,0,72,AVOID_LEFT,,1.49,1.69,0.39
78.91,FLYING,WAIT,0,,,,,100,0,0,0,0,72,CRUISE,,1.56,1.88,0.30
78.97,FLYING,WAIT,0,,,,,100,0,0,0,0,72,CRUISE,,1.62,2.12,0.28
79.02,FLYING,WAIT,0,,,,,100,0,0,0,0,72,AVOID_RIGHT,,1.65,2.68,0.61
79.08,FLYING,WAIT,0,,,,,100,0,0,0,0,72,AVOID_RIGHT,,1.71,2.96,0.77
79.13,FLYING,WAIT,0,,,,,100,0,0,0,0,72,AVOID_LEFT,,2.47,2.89,0.62
79.19,FLYING,WAIT,0,,,,,100,0,0,0,0,72,AVOID_LEFT,,2.84,2.68,0.54
79.25,FLYING,WAIT,0,,,,,100,0,0,0,0,72,AVOID_RIGHT,,3.37,2.57,0.68
79.30,FLYING,WAIT,0,,,,,100,0,0,0,0,72,AVOID_RIGHT,,3.74,2.16,0.79
79.36,FLYING,WAIT,0,,,,,100,0,0,0,0,72,AVOID_RIGHT,,3.93,1.95,0.88
79.41,FLYING,WAIT,0,,,,,100,0,0,0,0,72,AVOID_RIGHT,,3.02,1.90,0.92
79.47,FLYING,WAIT,0,,,,,100,0,0,0,0,72,AVOID_RIGHT,,2.56,1.88,0.64
79.52,FLYING,WAIT,0,,,,,100,0,0,0,0,72,AVOID_RIGHT,,2.45,1.50,0.50
79.58,FLYING,WAIT,0,,,,,100,0,0,0,0,72,AVOID_RIGHT,,2.40,1.03,0.99
79.63,FLYING,WAIT,0,,,,,100,0,0,0,0,72,AVOID_RIGHT,,2.35,0.66,1.23
79.69,FLYING,WAIT,0,,,,,100,0,0,0,0,72,AVOID_RIGHT,,2.29,0.47,1.29
79.74,FLYING,WAIT,0,,,,,100,0,0,0,0,72,AVOID_RIGHT,,2.27,0.82,1.30
79.80,FLYING,WAIT,0,,,,,100,0,0,0,0,72,AVOID_RIGHT,,2.09,0.99,1.04
79.85,FLYING,WAIT,0,,,,,100,0,0,0,0,72,AVOID_RIGHT,,1.70,0.56,0.92
79.91,FLYING,WAIT,0,,,,,100,0,0,0,0,72,AVOID_RIGHT,,1.51,0.34,1.42
79.97,FLYING,WAIT,0,,,,,100,0,0,0,0,72,AVOID_RIGHT,,1.41,0.23,1.67
80.02,FLYING,WAIT,0,,,,,100,0,0,0,0,72,AVOID_LEFT,,1.37,0.41,1.77
80.08,FLYING,WAIT,0,,,,,100,0,0,0,0,72,AVOID_LEFT,,1.25,0.56,1.82
80.13,FLYING,WAIT,0,,,,,100,0,0,0,0,72,AVOID_LEFT,,1.10,0.63,1.81
80.19,FLYING,WAIT,0,,,,,100,0,0,0,0,72,AVOID_LEFT,,1.00,0.67,1.54
80.24,FLYING,WAIT,0,,,,,100,0,0,0,0,72,AVOID_LEFT,,0.96,0.48,1.16
80.30,FLYING,WAIT,0,,,,,100,0,0,0,0,72,AVOID_LEFT,,0.90,0.35,0.90
80.35,FLYING,WAIT,0,,,,,100,0,0,0,0,72,AVOID_LEFT,,0.59,0.28,0.61
80.41,FLYING,WAIT,0,,,,,100,0,0,0,0,72,AVOID_LEFT,,0.36,1.15,0.44
80.46,FLYING,WAIT,0,,,,,100,0,0,0,0,72,AVOID_LEFT,,0.25,1.58,0.39
80.52,FLYING,WAIT,0,,,,,100,0,0,0,0,72,AVOID_LEFT,,0.75,1.68,0.36
80.57,FLYING,WAIT,0,,,,,100,0,0,0,0,72,AVOID_LEFT,,1.01,1.73,0.35
80.63,FLYING,WAIT,0,,,,,100,0,0,0,0,72,AVOID_LEFT,,0.95,1.78,0.41
80.68,FLYING,WAIT,0,,,,,100,0,0,0,0,72,AVOID_LEFT,,0.89,1.80,0.45
80.74,FLYING,WAIT,0,,,,,100,0,0,0,0,72,ESCAPE,LEFT,0.49,1.81,0.33
80.79,FLYING,WAIT,0,,,,,100,0,0,0,0,72,ESCAPE,LEFT,0.29,1.85,0.23
80.85,FLYING,WAIT,0,,,,,100,0,0,0,0,72,ESCAPE,LEFT,0.16,1.96,0.18
80.90,FLYING,WAIT,0,,,,,100,0,0,0,0,72,ESCAPE,LEFT,0.10,2.35,0.15
80.96,FLYING,WAIT,0,,,,,100,0,0,0,0,72,ESCAPE,LEFT,0.43,2.54,0.23
81.01,FLYING,WAIT,0,,,,,100,0,0,0,0,72,ESCAPE,LEFT,0.60,1.98,0.27
81.07,FLYING,WAIT,0,,,,,100,0,0,0,0,72,ESCAPE,LEFT,0.35,1.70,0.19
81.12,FLYING,WAIT,0,,,,,100,0,0,0,0,72,ESCAPE,LEFT,0.22,1.66,0.15
81.18,FLYING,WAIT,0,,,,,100,0,0,0,0,72,ESCAPE,LEFT,0.33,1.68,0.46
81.23,FLYING,WAIT,0,,,,,100,0,0,0,0,72,ESCAPE,LEFT,0.39,2.16,0.61
81.29,FLYING,WAIT,0,,,,,100,0,0,0,0,72,ESCAPE,LEFT,0.60,2.39,0.57
81.34,FLYING,WAIT,0,,,,,100,0,0,0,0,72,ESCAPE,LEFT,0.90,2.11,0.46
81.40,FLYING,WAIT,0,,,,,100,0,0,0,0,72,ESCAPE,LEFT,1.05,1.60,0.39
81.45,FLYING,WAIT,0,,,,,100,0,0,0,0,72,ESCAPE,LEFT,0.94,1.30,0.32
81.51,FLYING,WAIT,0,,,,,100,0,0,0,0,72,ESCAPE,LEFT,0.88,1.12,0.28
81.56,FLYING,WAIT,0,,,,,100,0,0,0,0,72,ESCAPE,LEFT,0.84,0.83,0.37
81.62,FLYING,WAIT,0,,,,,100,0,0,0,0,72,ESCAPE,LEFT,0.83,0.69,0.42
81.67,FLYING,WAIT,0,,,,,100,0,0,0,0,72,ESCAPE,LEFT,0.82,0.80,0.67
81.73,FLYING,WAIT,0,,,,,100,0,0,0,0,72,ESCAPE,LEFT,0.93,0.86,0.79
81.78,FLYING,WAIT,0,,,,,100,0,0,0,0,72,ESCAPE,LEFT,1.06,0.81,0.46
81.83,FLYING,WAIT,0,,,,,100,0,0,0,0,72,ESCAPE,LEFT,1.15,0.74,0.30
81.89,FLYING,WAIT,0,,,,,100,0,0,0,0,72,ESCAPE,LEFT,1.32,0.70,0.22
81.94,FLYING,WAIT,0,,,,,100,0,0,0,0,72,ESCAPE,LEFT,1.41,0.68,0.71
82.00,FLYING,WAIT,0,,,,,100,0,0,0,0,72,ESCAPE,LEFT,1.29,0.68,0.95
82.06,FLYING,WAIT,0,,,,,100,0,0,0,0,72,ESCAPE,LEFT,1.08,0.86,0.69
82.11,FLYING,WAIT,0,,,,,100,0,0,0,0,72,ESCAPE,LEFT,0.98,1.01,0.55
82.17,FLYING,WAIT,0,,,,,100,0,0,0,0,72,ESCAPE,LEFT,0.93,1.22,0.56
82.23,FLYING,WAIT,0,,,,,100,0,0,0,0,72,ESCAPE,LEFT,0.89,1.32,0.56
82.28,FLYING,WAIT,0,,,,,100,0,0,0,0,72,ESCAPE,LEFT,0.56,1.33,0.39
82.34,FLYING,WAIT,0,,,,,100,0,0,0,0,72,ESCAPE,LEFT,0.39,1.33,0.30
82.39,FLYING,WAIT,0,,,,,100,0,0,0,0,72,CRUISE,,0.44,1.33,0.26
82.45,FLYING,WAIT,0,,,,,100,0,0,0,0,72,CRUISE,,0.68,0.99,0.23
82.50,FLYING,WAIT,0,,,,,100,0,0,0,0,72,CRUISE,,0.81,0.82,0.24
82.56,FLYING,WAIT,0,,,,,100,0,0,0,0,72,CRUISE,,0.87,0.75,0.25
82.61,FLYING,WAIT,0,,,,,100,0,0,0,0,72,CRUISE,,0.75,0.73,0.25
82.66,FLYING,WAIT,0,,,,,100,0,0,0,0,72,CRUISE,,0.68,1.10,0.33
82.72,FLYING,WAIT,0,,,,,100,0,0,0,0,72,CRUISE,,0.87,1.30,0.51
82.77,FLYING,WAIT,0,,,,,100,0,0,0,0,72,CRUISE,,0.99,1.42,0.61
82.83,FLYING,WAIT,0,,,,,100,0,0,0,0,72,CRUISE,,1.05,1.63,0.72
82.88,FLYING,WAIT,0,,,,,100,0,0,0,0,72,CRUISE,,0.98,2.41,0.78
82.94,FLYING,WAIT,0,,,,,100,0,0,0,0,71,CRUISE,,0.95,3.01,0.72
83.00,FLYING,WAIT,0,,,,,100,0,0,0,0,71,AVOID_LEFT,,1.01,3.31,0.58
83.05,FLYING,WAIT,0,,,,,100,0,0,0,0,71,AVOID_LEFT,,1.05,3.28,0.51
83.11,FLYING,WAIT,0,,,,,100,0,0,0,0,71,AVOID_LEFT,,1.12,2.60,0.38
83.16,FLYING,WAIT,0,,,,,100,0,0,0,0,71,AVOID_LEFT,,1.15,2.18,0.28
83.22,FLYING,WAIT,0,,,,,100,0,0,0,0,71,AVOID_LEFT,,1.16,1.51,0.26
83.27,FLYING,WAIT,0,,,,,100,0,0,0,0,71,CRUISE,,1.16,1.17,0.29
83.34,FLYING,WAIT,0,,,,,100,0,0,0,0,71,CRUISE,,1.17,1.13,0.31
83.39,FLYING,WAIT,0,,,,,100,0,0,0,0,71,CRUISE,,1.04,1.10,0.40
83.45,FLYING,WAIT,0,,,,,100,0,0,0,0,71,CRUISE,,0.96,1.03,0.36
83.50,FLYING,WAIT,0,,,,,100,0,0,0,0,71,CRUISE,,0.91,0.99,0.43
83.56,FLYING,WAIT,0,,,,,100,0,0,0,0,71,CRUISE,,0.83,1.00,0.44
83.61,FLYING,WAIT,0,,,,,100,0,0,0,0,71,CRUISE,,0.61,1.08,0.44
83.67,FLYING,WAIT,0,,,,,100,0,0,0,0,71,CRUISE,,0.49,1.18,0.37
83.72,FLYING,WAIT,0,,,,,100,0,0,0,0,71,CRUISE,,0.44,1.30,0.33
83.78,FLYING,WAIT,0,,,,,100,0,0,0,0,71,CRUISE,,0.51,1.37,0.31
83.83,FLYING,WAIT,0,,,,,100,0,0,0,0,71,CRUISE,,1.12,1.11,0.25
83.89,FLYING,WAIT,0,,,,,100,0,0,0,0,71,CRUISE,,1.43,0.98,0.22
83.94,FLYING,WAIT,0,,,,,100,0,0,0,0,71,CRUISE,,1.40,1.13,0.21
84.00,FLYING,WAIT,0,,,,,100,0,0,0,0,71,CRUISE,,1.30,1.49,0.24
84.05,FLYING,WAIT,0,,,,,100,0,0,0,0,71,AVOID_LEFT,,1.34,1.76,0.26
84.11,FLYING,WAIT,0,,,,,100,0,0,0,0,71,ESCAPE,RIGHT,1.97,1.90,0.26
84.16,FLYING,WAIT,0,,,,,100,0,0,0,0,71,ESCAPE,RIGHT,2.28,1.97,0.29
84.22,FLYING,WAIT,0,,,,,100,0,0,0,0,71,ESCAPE,RIGHT,2.26,1.84,0.31
84.27,FLYING,WAIT,0,,,,,100,0,0,0,0,71,ESCAPE,RIGHT,2.25,1.67,0.31
84.33,FLYING,WAIT,0,,,,,100,0,0,0,0,71,ESCAPE,RIGHT,3.33,1.53,0.33
84.38,FLYING,WAIT,0,,,,,100,0,0,0,0,71,ESCAPE,RIGHT,3.86,1.13,0.34
84.44,FLYING,WAIT,0,,,,,100,0,0,0,0,71,ESCAPE,RIGHT,3.92,0.93,0.30
84.50,FLYING,WAIT,0,,,,,100,0,0,0,0,71,ESCAPE,RIGHT,3.68,0.96,0.23
84.55,FLYING,WAIT,0,,,,,100,0,0,0,0,71,ESCAPE,RIGHT,3.54,0.97,0.24
84.61,FLYING,WAIT,0,,,,,100,0,0,0,0,71,ESCAPE,RIGHT,3.16,0.98,0.25
84.66,FLYING,WAIT,0,,,,,100,0,0,0,0,71,ESCAPE,RIGHT,2.97,0.93,0.26
84.72,FLYING,WAIT,0,,,,,100,0,0,0,0,71,ESCAPE,RIGHT,3.01,0.81,0.21
84.77,FLYING,WAIT,0,,,,,100,0,0,0,0,71,ESCAPE,RIGHT,3.26,0.71,0.19
84.83,FLYING,WAIT,0,,,,,100,0,0,0,0,71,ESCAPE,RIGHT,4.02,0.58,0.17
84.88,FLYING,WAIT,0,,,,,100,0,0,0,0,71,ESCAPE,RIGHT,4.54,0.36,0.16
84.94,FLYING,WAIT,0,,,,,100,0,0,0,0,71,ESCAPE,RIGHT,4.67,0.22,0.12
84.99,FLYING,WAIT,0,,,,,100,0,0,0,0,71,ESCAPE,RIGHT,3.91,0.15,0.10
85.05,FLYING,WAIT,0,,,,,100,0,0,0,0,71,ESCAPE,RIGHT,3.52,0.09,0.10
85.11,FLYING,WAIT,0,,,,,100,0,0,0,0,71,ESCAPE,RIGHT,3.19,0.06,0.15
85.16,FLYING,WAIT,0,,,,,100,0,0,0,0,71,ESCAPE,RIGHT,3.03,0.04,0.18
85.22,FLYING,WAIT,0,,,,,100,0,0,0,0,71,ESCAPE,RIGHT,3.00,0.03,0.19
85.27,FLYING,WAIT,0,,,,,100,0,0,0,0,71,ESCAPE,RIGHT,3.57,0.03,0.15
85.33,FLYING,WAIT,0,,,,,100,0,0,0,0,71,ESCAPE,RIGHT,3.97,0.04,0.14
85.38,FLYING,WAIT,0,,,,,100,0,0,0,0,71,ESCAPE,RIGHT,4.51,0.23,0.12
85.44,FLYING,WAIT,0,,,,,100,0,0,0,0,71,ESCAPE,RIGHT,4.44,0.39,0.10
85.49,FLYING,WAIT,0,,,,,100,0,0,0,0,71,ESCAPE,RIGHT,3.75,0.65,0.08
85.55,FLYING,WAIT,0,,,,,100,0,0,0,0,71,ESCAPE,RIGHT,2.56,0.79,0.08
85.60,FLYING,WAIT,0,,,,,100,0,0,0,0,71,ESCAPE,RIGHT,1.97,0.43,0.07
85.66,FLYING,WAIT,0,,,,,100,0,0,0,0,71,ESCAPE,RIGHT,1.96,0.25,0.10
85.72,FLYING,WAIT,0,,,,,100,0,0,0,0,71,ESCAPE,RIGHT,1.99,0.17,0.09
85.77,FLYING,WAIT,0,,,,,100,0,0,0,0,71,AVOID_RIGHT,,2.01,0.13,0.09
85.83,FLYING,WAIT,0,,,,,100,0,0,0,0,71,AVOID_RIGHT,,2.01,0.11,0.09
85.89,FLYING,WAIT,0,,,,,100,0,0,0,0,71,AVOID_RIGHT,,1.65,0.13,0.10
85.94,FLYING,WAIT,0,,,,,100,0,0,0,0,71,AVOID_RIGHT,,1.21,0.19,0.10
86.01,FLYING,WAIT,0,,,,,100,0,0,0,0,71,AVOID_RIGHT,,0.96,0.30,0.09
86.07,FLYING,WAIT,0,,,,,100,0,0,0,0,71,AVOID_RIGHT,,0.76,0.36,0.08
86.13,FLYING,WAIT,0,,,,,100,0,0,0,0,71,AVOID_RIGHT,,0.65,0.31,0.07
86.18,FLYING,WAIT,0,,,,,100,0,0,0,0,71,AVOID_RIGHT,,0.59,0.25,0.06
86.24,FLYING,WAIT,0,,,,,100,0,0,0,0,71,AVOID_RIGHT,,0.56,0.21,0.07
86.30,FLYING,WAIT,0,,,,,100,0,0,0,0,71,AVOID_RIGHT,,0.53,0.21,0.08
86.36,FLYING,WAIT,0,,,,,100,0,0,0,0,71,AVOID_RIGHT,,0.47,0.21,0.09
86.42,FLYING,WAIT,0,,,,,100,0,0,0,0,71,CRUISE,,0.38,0.21,0.09
86.48,FLYING,WAIT,0,,,,,100,0,0,0,0,71,CRUISE,,0.31,0.21,0.10
86.54,FLYING,WAIT,0,,,,,100,0,0,0,0,71,CRUISE,,0.27,0.31,0.10
86.60,FLYING,WAIT,0,,,,,100,0,0,0,0,71,CRUISE,,0.24,0.36,0.10
86.66,FLYING,WAIT,0,,,,,100,0,0,0,0,71,CRUISE,,0.18,0.31,0.10
86.72,FLYING,WAIT,0,,,,,100,0,0,0,0,71,CRUISE,,0.16,0.27,0.08
86.78,FLYING,WAIT,0,,,,,100,0,0,0,0,71,CRUISE,,0.18,0.25,0.07
86.84,FLYING,WAIT,0,,,,,100,0,0,0,0,71,CRUISE,,0.24,0.23,0.06
86.90,FLYING,WAIT,0,,,,,100,0,0,0,0,71,CRUISE,,0.30,0.17,0.05
86.96,FLYING,WAIT,0,,,,,100,0,0,0,0,71,CRUISE,,0.34,0.15,0.05
87.02,FLYING,WAIT,0,,,,,100,0,0,0,0,71,CRUISE,,0.42,0.13,0.05
87.07,FLYING,WAIT,0,,,,,100,0,0,0,0,71,CRUISE,,0.56,0.12,0.08
87.13,FLYING,WAIT,0,,,,,100,0,0,0,0,71,CRUISE,,0.62,0.10,0.13
87.19,FLYING,WAIT,0,,,,,100,0,0,0,0,71,CRUISE,,0.47,0.08,0.12
87.25,FLYING,WAIT,0,,,,,100,0,0,0,0,71,CRUISE,,0.40,0.07,0.09
87.31,FLYING,WAIT,0,,,,,100,0,0,0,0,71,CRUISE,,0.36,0.08,0.08
87.37,FLYING,WAIT,0,,,,,100,0,0,0,0,71,CRUISE,,0.35,0.08,0.09
87.42,FLYING,WAIT,0,,,,,100,0,0,0,0,71,CRUISE,,0.35,0.10,0.10
87.48,FLYING,WAIT,0,,,,,100,0,0,0,0,71,CRUISE,,0.99,0.18,0.59
87.54,FLYING,WAIT,0,,,,,100,0,0,0,0,71,CRUISE,,1.31,0.22,0.84
87.60,FLYING,WAIT,0,,,,,100,0,0,0,0,71,CRUISE,,0.75,0.14,0.49
87.66,FLYING,WAIT,0,,,,,100,0,0,0,0,71,CRUISE,,0.47,0.11,0.30
87.72,FLYING,WAIT,0,,,,,100,0,0,0,0,71,CRUISE,,0.37,0.08,0.20
87.78,FLYING,WAIT,0,,,,,100,0,0,0,0,71,CRUISE,,0.33,0.06,0.14
87.84,FLYING,WAIT,0,,,,,100,0,0,0,0,71,CRUISE,,0.30,0.09,0.11
87.89,FLYING,RETURN,0,,,,,100,0,4,0,0,71,CRUISE,,0.29,0.11,0.10
87.94,FLYING,RETURN,0,,,,,100,0,6,0,0,71,CRUISE,,0.32,0.12,0.09
88.00,FLYING,RETURN,0,,,,,100,0,8,0,0,70,CRUISE,,0.40,0.12,0.09
88.05,FLYING,RETURN,0,,,,,100,0,9,0,0,70,CRUISE,,0.44,0.09,0.08
88.11,FLYING,RETURN,0,,,,,100,0,10,0,0,70,CRUISE,,0.47,0.08,0.08
88.16,FLYING,RETURN,0,,,,,100,0,11,0,0,70,CRUISE,,0.51,0.07,0.08
88.22,FLYING,RETURN,0,,,,,100,0,11,0,0,70,CRUISE,,0.53,0.05,0.08
88.27,FLYING,RETURN,0,,,,,100,0,11,0,0,70,CRUISE,,0.48,0.05,0.09
88.33,FLYING,RETURN,0,,,,,100,0,11,0,0,70,CRUISE,,0.45,0.04,0.08
88.38,FLYING,RETURN,0,,,,,100,0,11,0,0,70,CRUISE,,0.37,0.04,0.07
88.44,FLYING,RETURN,0,,,,,100,0,11,0,0,70,CRUISE,,0.32,0.05,0.06
88.49,FLYING,RETURN,0,,,,,100,0,11,0,0,70,CRUISE,,0.36,0.07,0.07
88.55,FLYING,RETURN,0,,,,,100,0,11,0,0,70,CRUISE,,0.40,0.10,0.05
88.60,FLYING,RETURN,0,,,,,100,0,11,0,0,70,CRUISE,,0.51,0.13,0.08
88.66,FLYING,RETURN,0,,,,,100,0,11,0,0,70,CRUISE,,0.57,0.21,0.09
88.71,FLYING,RETURN,0,,,,,100,0,11,0,0,70,CRUISE,,0.52,0.25,0.09
88.77,FLYING,RETURN,0,,,,,100,0,11,0,0,70,CRUISE,,0.50,0.17,0.09
88.82,FLYING,RETURN,0,,,,,100,0,11,0,0,70,CRUISE,,0.66,0.12,0.08
88.87,FLYING,RETURN,0,,,,,100,0,11,0,0,70,CRUISE,,0.78,0.11,0.07
88.93,FLYING,RETURN,0,,,,,100,0,11,0,0,70,CRUISE,,0.84,0.27,0.06
88.98,FLYING,RETURN,0,,,,,100,0,11,0,0,70,CRUISE,,0.79,0.35,0.08
89.04,FLYING,RETURN,0,,,,,100,0,11,0,0,70,CRUISE,,0.69,0.30,0.10
89.09,FLYING,RETURN,0,,,,,100,0,11,0,0,70,CRUISE,,0.63,0.20,0.13
89.15,FLYING,RETURN,0,,,,,100,0,11,0,0,70,CRUISE,,0.61,0.14,0.13
89.20,FLYING,RETURN,0,,,,,100,0,11,0,0,70,CRUISE,,0.75,0.14,0.15
89.26,FLYING,RETURN,0,,,,,100,0,11,0,0,70,CRUISE,,0.82,0.14,0.14
89.31,FLYING,RETURN,0,,,,,100,0,11,0,0,70,CRUISE,,0.81,0.12,0.13
89.37,FLYING,RETURN,0,,,,,100,0,11,0,0,70,CRUISE,,0.81,0.11,0.12
89.42,FLYING,RETURN,0,,,,,100,0,11,0,0,70,CRUISE,,0.88,0.11,0.11
89.47,FLYING,RETURN,0,,,,,100,0,11,0,0,70,CRUISE,,0.99,0.15,0.12
89.53,FLYING,RETURN,0,,,,,100,0,11,0,0,70,CRUISE,,1.04,0.14,0.12
89.58,FLYING,RETURN,0,,,,,100,0,11,0,0,70,CRUISE,,0.99,0.14,0.12
89.64,FLYING,RETURN,0,,,,,100,0,11,0,0,70,CRUISE,,0.96,0.14,0.11
89.69,FLYING,RETURN,0,,,,,100,0,11,0,0,70,CRUISE,,0.85,0.71,0.10
89.75,FLYING,RETURN,0,,,,,100,0,11,0,0,70,CRUISE,,0.99,0.99,0.10
89.80,FLYING,RETURN,0,,,,,100,0,11,0,0,70,CRUISE,,0.85,0.87,0.10
89.86,FLYING,RETURN,0,,,,,100,0,11,0,0,70,CRUISE,,0.79,0.82,0.12
89.91,FLYING,RETURN,0,,,,,100,0,11,0,0,70,CRUISE,,0.75,1.03,0.12
89.97,FLYING,RETURN,0,,,,,100,0,11,0,0,70,CRUISE,,0.76,1.21,0.13
90.02,FLYING,RETURN,0,,,,,100,0,11,0,0,70,CRUISE,,0.76,1.30,0.12
90.08,FLYING,RETURN,0,,,,,100,0,11,0,0,70,CRUISE,,0.76,1.02,0.11
90.13,FLYING,RETURN,0,,,,,100,0,11,0,0,70,CRUISE,,0.85,0.88,0.11
90.18,FLYING,RETURN,0,,,,,100,0,11,0,0,70,CRUISE,,0.90,0.83,0.12
90.24,FLYING,RETURN,0,,,,,100,0,11,0,0,70,CRUISE,,1.01,0.81,0.14
90.29,FLYING,RETURN,0,,,,,100,0,11,0,0,70,CRUISE,,1.08,0.76,0.16
90.35,FLYING,RETURN,0,,,,,100,0,11,0,0,70,CRUISE,,1.11,0.48,0.18
90.40,FLYING,RETURN,0,,,,,100,0,11,0,0,70,CRUISE,,1.00,0.33,0.19
90.46,FLYING,RETURN,0,,,,,100,0,11,0,0,70,CRUISE,,0.81,0.37,0.18
90.51,FLYING,RETURN,0,,,,,100,0,11,0,0,70,CRUISE,,0.65,0.40,0.17
90.57,FLYING,RETURN,0,,,,,100,0,11,0,0,70,CRUISE,,0.56,0.37,0.17
90.62,FLYING,RETURN,0,,,,,100,0,11,0,0,70,CRUISE,,0.53,0.35,0.14
90.68,FLYING,RETURN,0,,,,,100,0,11,0,0,70,CRUISE,,0.52,0.34,0.12
90.73,FLYING,RETURN,0,,,,,100,0,11,0,0,70,CRUISE,,0.52,0.27,0.11
90.78,FLYING,RETURN,0,,,,,100,0,11,0,0,70,CRUISE,,0.50,0.20,0.15
90.84,FLYING,RETURN,0,,,,,100,0,11,0,0,70,CRUISE,,0.49,0.16,0.14
90.89,FLYING,RETURN,0,,,,,100,0,11,0,0,70,CRUISE,,0.46,0.14,0.15
90.95,FLYING,RETURN,0,,,,,100,0,11,0,0,70,CRUISE,,0.48,0.18,0.14
91.00,FLYING,RETURN,0,,,,,100,0,11,0,0,70,CRUISE,,0.46,0.38,0.15
91.06,FLYING,RETURN,0,,,,,100,0,11,0,0,70,CRUISE,,0.46,0.47,0.16
91.11,FLYING,RETURN,0,,,,,100,0,11,0,0,70,CRUISE,,0.36,0.43,0.16
91.17,FLYING,RETURN,0,,,,,100,0,11,0,0,70,CRUISE,,0.31,0.33,0.17
91.22,FLYING,RETURN,0,,,,,100,0,11,0,0,70,CRUISE,,0.34,0.26,0.32
91.27,FLYING,RETURN,0,,,,,100,0,11,0,0,70,CRUISE,,0.36,0.22,0.39
91.33,FLYING,RETURN,0,,,,,100,0,11,0,0,70,CRUISE,,0.25,0.23,0.30
91.38,FLYING,RETURN,0,,,,,100,0,11,0,0,70,CRUISE,,0.19,0.30,0.24
91.44,FLYING,RETURN,0,,,,,100,0,11,0,0,70,CRUISE,,0.27,0.54,0.22
91.49,FLYING,RETURN,0,,,,,100,0,11,0,0,70,CRUISE,,0.57,0.65,0.20
91.54,FLYING,RETURN,0,,,,,100,0,11,0,0,70,CRUISE,,0.72,0.64,0.19
91.60,FLYING,RETURN,0,,,,,100,0,11,0,0,70,CRUISE,,0.96,0.61,0.18
91.65,FLYING,RETURN,0,,,,,100,0,11,0,0,70,CRUISE,,1.08,0.59,0.20
91.71,FLYING,RETURN,0,,,,,100,0,11,0,0,70,CRUISE,,1.15,0.59,0.20
91.76,FLYING,RETURN,0,,,,,100,0,11,0,0,70,CRUISE,,1.05,0.87,0.21
91.82,FLYING,RETURN,0,,,,,100,0,11,0,0,70,CRUISE,,1.07,1.00,0.16
91.87,FLYING,RETURN,0,,,,,100,0,11,0,0,70,CRUISE,,1.01,1.08,0.14
91.93,FLYING,SEARCH,0,,,,,100,0,7,0,0,70,CRUISE,,1.05,0.79,0.12
91.98,FLYING,SEARCH,0,,,,,100,0,5,0,0,70,CRUISE,,1.43,0.64,0.10
92.04,FLYING,SEARCH,0,,,,,100,0,3,0,0,70,AVOID_RIGHT,,2.27,0.40,0.10
92.09,FLYING,SEARCH,0,,,,,100,0,2,0,0,70,AVOID_RIGHT,,2.69,0.27,0.10
92.15,FLYING,SEARCH,0,,,,,100,0,1,0,0,70,AVOID_RIGHT,,2.05,0.26,0.23
92.20,FLYING,SEARCH,0,,,,,100,0,0,0,0,70,AVOID_RIGHT,,1.73,0.25,0.29
92.26,FLYING,SEARCH,0,,,,,100,0,0,0,0,70,AVOID_RIGHT,,1.49,0.23,0.24
92.31,FLYING,SEARCH,0,,,,,100,0,0,0,0,70,AVOID_RIGHT,,1.37,0.18,0.21
92.37,FLYING,SEARCH,0,,,,,100,0,0,0,0,70,AVOID_RIGHT,,1.23,0.15,0.19
92.42,FLYING,SEARCH,0,,,,,100,0,0,0,0,70,AVOID_RIGHT,,1.10,0.12,0.17
92.48,FLYING,SEARCH,0,,,,,100,0,0,0,0,70,AVOID_RIGHT,,0.87,0.16,0.14
92.53,FLYING,SEARCH,0,,,,,100,0,0,0,0,70,AVOID_RIGHT,,0.66,0.19,0.11
92.59,FLYING,SEARCH,0,,,,,100,0,0,0,0,70,AVOID_RIGHT,,0.55,0.28,0.10
92.64,FLYING,SEARCH,0,,,,,100,0,0,0,0,70,CRUISE,,0.54,0.32,0.10
92.70,FLYING,SEARCH,0,,,,,100,0,0,0,0,70,CRUISE,,0.54,0.32,0.11
92.75,FLYING,SEARCH,0,,,,,100,0,0,0,0,70,CRUISE,,0.43,0.32,0.11
92.80,FLYING,SEARCH,0,,,,,100,0,0,0,0,70,CRUISE,,0.37,0.39,0.12
92.86,FLYING,SEARCH,0,,,,,100,0,0,0,0,70,CRUISE,,0.36,0.43,0.13
92.91,FLYING,SEARCH,0,,,,,100,0,0,0,0,70,CRUISE,,0.35,0.29,0.14
92.97,FLYING,SEARCH,0,,,,,100,0,0,0,0,70,CRUISE,,0.32,0.21,0.14
93.02,FLYING,SEARCH,0,,,,,100,0,0,0,0,70,CRUISE,,0.30,0.15,0.15
93.08,FLYING,SEARCH,0,,,,,100,0,0,0,2,69,CRUISE,,0.29,0.12,0.15
93.13,FLYING,SEARCH,0,,,,,100,0,0,0,4,69,CRUISE,,0.30,0.11,0.15
93.19,FLYING,SEARCH,0,,,,,100,0,0,0,5,69,CRUISE,,0.31,0.11,0.17
93.24,FLYING,SEARCH,0,,,,,100,0,0,0,6,69,CRUISE,,0.33,0.12,0.19
93.30,FLYING,SEARCH,0,,,,,100,0,0,0,7,69,CRUISE,,0.39,0.13,0.18
93.35,FLYING,SEARCH,0,,,,,100,0,0,0,7,69,CRUISE,,0.42,0.11,0.18
93.40,FLYING,SEARCH,0,,,,,100,0,0,0,7,69,CRUISE,,0.35,0.10,0.18
93.46,FLYING,SEARCH,0,,,,,100,0,0,0,7,69,CRUISE,,0.32,0.11,0.12
93.51,FLYING,SEARCH,0,,,,,100,0,0,0,7,69,CRUISE,,0.40,0.13,0.10
93.57,FLYING,SEARCH,0,,,,,100,0,0,0,7,69,CRUISE,,0.52,0.34,0.10
93.62,FLYING,SEARCH,0,,,,,100,0,0,0,7,69,CRUISE,,0.78,0.45,0.18
93.68,FLYING,SEARCH,0,,,,,100,0,0,0,7,69,CRUISE,,1.51,0.50,0.49
93.73,FLYING,SEARCH,0,,,,,100,0,0,0,7,69,CRUISE,,1.87,0.52,0.65
93.79,FLYING,SEARCH,0,,,,,100,0,0,0,7,69,AVOID_RIGHT,,2.01,0.30,0.45
93.84,FLYING,SEARCH,0,,,,,100,0,0,0,7,69,AVOID_RIGHT,,1.97,0.18,0.34
93.90,FLYING,SEARCH,0,,,,,100,0,0,0,7,69,AVOID_RIGHT,,1.95,0.12,0.29
93.95,FLYING,SEARCH,0,,,,,100,0,0,0,7,69,AVOID_RIGHT,,1.94,0.09,0.26
94.01,FLYING,SCARED,0,,,,,100,0,-40,0,0,69,ESCAPE,RIGHT,2.00,0.06,0.25
94.07,FLYING,SCARED,0,,,,,100,0,-40,0,0,69,ESCAPE,RIGHT,2.09,0.04,0.23
94.12,FLYING,SCARED,0,,,,,100,0,-40,0,0,69,ESCAPE,RIGHT,2.63,0.05,0.22
94.18,FLYING,SCARED,0,,,,,100,0,-40,0,0,69,ESCAPE,RIGHT,2.90,0.05,0.22
94.23,FLYING,SCARED,0,,,,,100,0,-40,0,0,69,ESCAPE,RIGHT,2.72,0.07,0.21
94.29,FLYING,SCARED,0,,,,,100,0,-40,0,0,69,ESCAPE,RIGHT,2.64,0.07,0.20
94.34,FLYING,SCARED,0,,,,,100,0,-40,0,0,69,ESCAPE,RIGHT,2.70,0.09,0.15
94.40,FLYING,SCARED,0,,,,,100,0,-40,0,0,69,ESCAPE,RIGHT,2.73,0.21,0.12
94.45,FLYING,SCARED,0,,,,,100,0,-40,0,0,69,ESCAPE,RIGHT,2.14,0.49,0.40
94.51,FLYING,SCARED,0,,,,,100,0,-40,0,0,69,ESCAPE,RIGHT,1.85,1.87,0.54
94.56,FLYING,SCARED,0,,,,,100,0,-40,0,0,69,ESCAPE,RIGHT,1.71,1.37,0.61
94.62,FLYING,SCARED,0,,,,,100,0,-40,0,0,69,ESCAPE,RIGHT,2.68,1.37,0.67
94.67,FLYING,SCARED,0,,,,,100,0,-40,0,0,69,ESCAPE,RIGHT,3.16,1.12,0.69
94.73,FLYING,SCARED,0,,,,,100,0,-40,0,0,69,ESCAPE,RIGHT,3.10,0.60,0.45
94.78,FLYING,SCARED,0,,,,,100,0,-40,0,0,69,ESCAPE,RIGHT,2.89,0.34,0.27
94.84,FLYING,SCARED,0,,,,,100,0,-40,0,0,69,ESCAPE,RIGHT,2.10,0.54,0.17
94.89,FLYING,SCARED,0,,,,,100,0,-40,0,0,69,ESCAPE,RIGHT,1.89,1.68,0.12
94.95,FLYING,SCARED,0,,,,,100,0,-40,0,0,69,ESCAPE,RIGHT,1.76,2.26,0.35
95.01,FLYING,WAIT,0,,,,,100,0,-26,0,0,69,ESCAPE,RIGHT,1.70,3.28,0.90
95.06,FLYING,WAIT,0,,,,,100,0,-16,0,0,69,ESCAPE,RIGHT,1.36,2.74,0.77
95.15,FLYING,WAIT,1,rotten,0.22,0.74,40.1,100,0,-10,0,0,69,ESCAPE,RIGHT,1.18,2.54,0.71
95.21,FLYING,WAIT,0,,,,,100,0,-7,0,0,69,ESCAPE,RIGHT,1.20,2.44,0.42
95.26,FLYING,WAIT,0,,,,,100,0,-4,0,0,69,ESCAPE,RIGHT,2.03,2.45,0.27
95.32,FLYING,WAIT,0,,,,,100,0,-3,0,0,69,ESCAPE,RIGHT,2.51,2.46,0.20
95.37,FLYING,WAIT,0,,,,,100,0,-1,0,0,69,ESCAPE,RIGHT,3.23,1.66,0.32
95.43,FLYING,WAIT,0,,,,,100,0,-1,0,0,69,ESCAPE,RIGHT,3.60,1.26,0.39
95.48,FLYING,WAIT,0,,,,,100,0,0,0,0,69,ESCAPE,RIGHT,3.41,0.98,0.37
95.54,FLYING,WAIT,0,,,,,100,0,0,0,0,69,ESCAPE,RIGHT,3.01,1.56,0.34
95.59,FLYING,WAIT,0,,,,,100,0,0,0,0,69,ESCAPE,RIGHT,2.58,1.84,0.34
95.65,FLYING,WAIT,0,,,,,100,0,0,0,0,69,ESCAPE,RIGHT,1.86,1.99,0.33
95.70,FLYING,WAIT,0,,,,,100,0,0,0,0,69,AVOID_RIGHT,,1.41,1.03,0.30
95.76,FLYING,WAIT,0,,,,,100,0,0,0,0,69,AVOID_RIGHT,,1.18,0.55,0.18
95.81,FLYING,WAIT,0,,,,,100,0,0,0,0,69,AVOID_RIGHT,,1.07,0.62,0.11
95.87,FLYING,WAIT,0,,,,,100,0,0,0,0,69,AVOID_RIGHT,,1.90,0.65,0.13
95.92,FLYING,WAIT,0,,,,,100,0,0,0,0,69,AVOID_RIGHT,,3.51,0.78,0.16
95.98,FLYING,WAIT,0,,,,,100,0,0,0,0,69,AVOID_RIGHT,,4.65,0.56,0.17
96.03,FLYING,WAIT,0,,,,,100,0,0,0,0,69,AVOID_RIGHT,,4.89,0.34,0.13
96.09,FLYING,WAIT,0,,,,,100,0,0,0,0,69,AVOID_RIGHT,,4.68,0.18,0.09
96.14,FLYING,WAIT,0,,,,,100,0,0,0,0,69,AVOID_RIGHT,,3.45,0.09,0.06
96.20,FLYING,WAIT,0,,,,,100,0,0,0,0,69,AVOID_RIGHT,,2.77,0.08,0.05
96.25,FLYING,WAIT,0,,,,,100,0,0,0,0,69,AVOID_RIGHT,,2.34,0.72,0.58
96.31,FLYING,WAIT,0,,,,,100,0,0,0,0,69,AVOID_RIGHT,,2.13,1.04,0.85
96.36,FLYING,WAIT,0,,,,,100,0,0,0,0,69,AVOID_RIGHT,,2.03,0.82,0.76
96.42,FLYING,WAIT,0,,,,,100,0,0,0,0,69,AVOID_RIGHT,,2.17,0.72,0.71
96.47,FLYING,WAIT,0,,,,,100,0,0,0,0,69,AVOID_RIGHT,,2.23,0.64,0.42
96.53,FLYING,WAIT,0,,,,,100,0,0,0,0,69,AVOID_RIGHT,,2.26,0.63,0.28
96.58,FLYING,WAIT,0,,,,,100,0,0,0,0,69,AVOID_RIGHT,,2.32,0.64,0.51
96.64,FLYING,WAIT,0,,,,,100,0,0,0,0,69,AVOID_RIGHT,,2.34,0.65,0.62
96.70,FLYING,WAIT,0,,,,,100,0,0,0,0,69,AVOID_RIGHT,,2.35,0.53,0.43
96.75,FLYING,WAIT,0,,,,,100,0,0,0,0,69,AVOID_RIGHT,,2.38,0.47,0.27
96.81,FLYING,WAIT,0,,,,,100,0,0,0,0,69,AVOID_RIGHT,,2.39,0.57,0.19
96.86,FLYING,WAIT,0,,,,,100,0,0,0,0,69,AVOID_RIGHT,,2.40,0.62,0.18
96.92,FLYING,WAIT,0,,,,,100,0,0,0,0,69,AVOID_RIGHT,,2.17,0.64,0.17
96.97,FLYING,WAIT,0,,,,,100,0,0,0,0,69,AVOID_RIGHT,,1.79,0.65,0.20
97.03,FLYING,WAIT,0,,,,,100,0,0,0,0,69,AVOID_RIGHT,,1.58,0.66,0.46
97.08,FLYING,WAIT,0,,,,,100,0,0,0,0,69,AVOID_RIGHT,,1.48,0.64,0.60
97.14,FLYING,WAIT,0,,,,,100,0,0,0,0,69,AVOID_RIGHT,,1.23,0.35,0.33
97.19,FLYING,WAIT,0,,,,,100,0,0,0,0,69,AVOID_RIGHT,,0.90,0.20,0.20
97.25,FLYING,WAIT,0,,,,,100,0,0,0,0,69,AVOID_RIGHT,,0.74,0.13,0.13
97.30,FLYING,WAIT,0,,,,,100,0,0,0,0,69,AVOID_RIGHT,,1.32,0.09,0.10
97.36,FLYING,WAIT,0,,,,,100,0,0,0,0,69,AVOID_RIGHT,,1.85,0.17,0.10
97.41,FLYING,WAIT,0,,,,,100,0,0,0,0,69,AVOID_RIGHT,,2.11,0.21,0.11
97.47,FLYING,WAIT,0,,,,,100,0,0,0,0,69,AVOID_RIGHT,,2.18,0.43,0.11
97.52,FLYING,WAIT,0,,,,,100,0,0,0,0,69,AVOID_RIGHT,,2.06,1.55,0.33
97.57,FLYING,WAIT,0,,,,,100,0,0,0,0,69,AVOID_RIGHT,,2.01,2.11,0.49
97.63,FLYING,WAIT,0,,,,,100,0,0,0,0,69,AVOID_RIGHT,,1.47,1.59,0.89
97.69,FLYING,WAIT,0,,,,,100,0,0,0,0,69,CRUISE,,1.18,0.98,1.08
97.74,FLYING,WAIT,0,,,,,100,0,0,0,0,69,CRUISE,,0.79,0.66,0.58
97.79,FLYING,WAIT,0,,,,,100,0,0,0,0,69,CRUISE,,0.59,0.50,0.32
97.85,FLYING,WAIT,0,,,,,100,0,0,0,0,69,CRUISE,,0.63,0.66,0.47
97.90,FLYING,WAIT,0,,,,,100,0,0,0,0,69,CRUISE,,0.65,0.74,0.54
97.96,FLYING,WAIT,0,,,,,100,0,0,0,0,69,CRUISE,,0.59,0.43,0.46
98.01,FLYING,WAIT,0,,,,,100,0,0,0,0,69,CRUISE,,0.56,0.27,0.28
98.07,FLYING,WAIT,0,,,,,100,0,0,0,0,69,CRUISE,,0.53,0.19,0.19
98.12,FLYING,WAIT,0,,,,,100,0,0,0,0,69,CRUISE,,0.50,0.13,0.15
98.17,FLYING,WAIT,0,,,,,100,0,0,0,0,69,CRUISE,,0.48,0.11,0.13
98.23,FLYING,WAIT,0,,,,,100,0,0,0,0,69,CRUISE,,0.67,0.18,0.13
98.28,FLYING,WAIT,0,,,,,100,0,0,0,0,69,CRUISE,,0.78,0.41,0.36
98.34,FLYING,WAIT,0,,,,,100,0,0,0,0,69,CRUISE,,0.83,0.52,0.48
98.39,FLYING,WAIT,0,,,,,100,0,0,0,0,69,CRUISE,,0.77,0.48,0.32
98.45,FLYING,WAIT,0,,,,,100,0,0,0,0,69,CRUISE,,0.52,0.46,0.25
98.50,FLYING,WAIT,0,,,,,100,0,0,0,0,69,CRUISE,,0.39,0.49,0.21
98.56,FLYING,WAIT,0,,,,,100,0,0,0,0,69,CRUISE,,0.47,0.55,0.19
98.61,FLYING,WAIT,0,,,,,100,0,0,0,0,69,CRUISE,,0.56,0.66,0.21
98.67,FLYING,WAIT,0,,,,,100,0,0,0,0,69,CRUISE,,0.79,0.87,0.48
98.72,FLYING,WAIT,0,,,,,100,0,0,0,0,69,CRUISE,,0.91,0.98,0.61
98.78,FLYING,WAIT,0,,,,,100,0,0,0,0,69,CRUISE,,0.77,0.64,0.36
98.84,FLYING,WAIT,0,,,,,100,0,0,0,0,69,CRUISE,,0.71,0.35,0.24
98.90,FLYING,WAIT,0,,,,,100,0,0,0,0,69,CRUISE,,0.64,0.20,0.19
98.96,FLYING,WAIT,0,,,,,100,0,0,0,0,69,CRUISE,,0.52,0.13,0.16
99.01,FLYING,WAIT,0,,,,,100,0,0,0,0,69,CRUISE,,0.45,0.11,0.16
99.07,FLYING,WAIT,0,,,,,100,0,0,0,0,69,CRUISE,,0.64,0.47,0.22
99.12,FLYING,WAIT,0,,,,,100,0,0,0,0,69,CRUISE,,0.74,0.64,0.26
99.18,FLYING,WAIT,0,,,,,100,0,0,0,0,69,CRUISE,,0.55,0.44,0.21
99.23,FLYING,WAIT,0,,,,,100,0,0,0,0,69,CRUISE,,0.45,0.33,0.18
99.29,FLYING,WAIT,0,,,,,100,0,0,0,0,69,CRUISE,,0.59,0.39,0.17
99.35,FLYING,WAIT,0,,,,,100,0,0,0,0,69,CRUISE,,0.78,0.53,0.18
99.41,FLYING,WAIT,0,,,,,100,0,0,0,0,69,CRUISE,,1.34,0.99,0.37
99.46,FLYING,WAIT,0,,,,,100,0,0,0,0,69,CRUISE,,1.61,1.22,0.47
99.52,FLYING,WAIT,0,,,,,100,0,0,0,0,69,CRUISE,,1.24,0.82,0.38
99.57,FLYING,WAIT,0,,,,,100,0,0,0,0,69,CRUISE,,1.06,0.61,0.34
99.62,FLYING,WAIT,0,,,,,100,0,0,0,0,69,CRUISE,,0.97,0.53,0.37
99.68,FLYING,WAIT,0,,,,,100,0,0,0,0,69,CRUISE,,0.85,0.49,0.44
99.73,FLYING,WAIT,0,,,,,100,0,0,0,0,69,CRUISE,,0.80,0.47,0.47
99.79,FLYING,WAIT,0,,,,,100,0,0,0,0,69,CRUISE,,0.76,0.46,0.35
99.84,FLYING,WAIT,0,,,,,100,0,0,0,0,69,CRUISE,,0.60,0.40,0.25
99.90,FLYING,WAIT,0,,,,,100,0,0,0,0,69,CRUISE,,0.51,0.27,0.19
99.95,FLYING,WAIT,0,,,,,100,0,0,0,0,69,CRUISE,,0.46,0.21,0.18
100.00,FLYING,WAIT,0,,,,,100,0,0,0,0,68,CRUISE,,0.38,0.17,0.17
100.06,FLYING,WAIT,0,,,,,100,0,0,0,0,68,CRUISE,,0.32,0.18,0.14
100.11,FLYING,WAIT,0,,,,,100,0,0,0,0,68,CRUISE,,0.24,0.18,0.13
100.17,FLYING,WAIT,0,,,,,100,0,0,0,0,68,CRUISE,,0.20,0.18,0.12
100.22,FLYING,WAIT,0,,,,,100,0,0,0,0,68,CRUISE,,0.23,0.15,0.12
100.28,FLYING,WAIT,0,,,,,100,0,0,0,0,68,CRUISE,,0.46,0.13,0.61
100.34,FLYING,WAIT,0,,,,,100,0,0,0,0,68,CRUISE,,0.58,0.13,0.85
100.40,FLYING,WAIT,0,,,,,100,0,0,0,0,68,CRUISE,,0.66,0.37,0.80
100.45,FLYING,WAIT,0,,,,,100,0,0,0,0,68,CRUISE,,0.66,0.50,0.67
100.51,FLYING,WAIT,0,,,,,100,0,0,0,0,68,CRUISE,,0.69,0.48,0.51
100.56,FLYING,WAIT,0,,,,,100,0,0,0,0,68,CRUISE,,0.57,0.46,0.43
100.62,FLYING,WAIT,0,,,,,100,0,0,0,0,68,CRUISE,,0.50,0.46,0.45
100.67,FLYING,WAIT,0,,,,,100,0,0,0,0,68,CRUISE,,0.46,0.45,0.46
100.72,FLYING,WAIT,0,,,,,100,0,0,0,0,68,CRUISE,,0.47,0.42,0.32
100.78,FLYING,WAIT,0,,,,,100,0,0,0,0,68,CRUISE,,0.55,0.36,0.25
100.83,FLYING,WAIT,0,,,,,100,0,0,0,0,68,CRUISE,,0.68,0.23,0.38
100.89,FLYING,WAIT,0,,,,,100,0,0,0,0,68,CRUISE,,0.75,0.15,0.44
100.94,FLYING,WAIT,0,,,,,100,0,0,0,0,68,CRUISE,,0.52,0.11,0.38
101.00,FLYING,WAIT,0,,,,,100,0,0,0,0,68,CRUISE,,0.40,0.09,0.35
101.05,FLYING,WAIT,0,,,,,100,0,0,0,0,68,CRUISE,,0.37,0.15,0.34
101.11,FLYING,WAIT,0,,,,,100,0,0,0,0,68,CRUISE,,0.37,0.18,0.31
101.16,FLYING,WAIT,0,,,,,100,0,0,0,0,68,CRUISE,,0.37,0.12,0.23
101.21,FLYING,WAIT,0,,,,,100,0,0,0,0,68,CRUISE,,0.37,0.10,0.17
101.27,FLYING,WAIT,0,,,,,100,0,0,0,0,68,CRUISE,,0.42,0.10,0.16
101.32,FLYING,WAIT,0,,,,,100,0,0,0,0,68,CRUISE,,0.56,0.18,0.16
101.38,FLYING,WAIT,0,,,,,100,0,0,0,0,68,CRUISE,,0.64,0.25,0.19
101.43,FLYING,WAIT,0,,,,,100,0,0,0,0,68,CRUISE,,0.68,0.36,0.21
101.49,FLYING,WAIT,0,,,,,100,0,0,0,0,68,CRUISE,,0.76,0.41,0.21
101.54,FLYING,WAIT,0,,,,,100,0,0,0,0,68,CRUISE,,0.86,0.37,0.22
101.60,FLYING,WAIT,0,,,,,100,0,0,0,0,68,CRUISE,,0.90,0.35,0.27
101.65,FLYING,WAIT,0,,,,,100,0,0,0,0,68,CRUISE,,0.93,0.39,0.30
101.70,FLYING,WAIT,0,,,,,100,0,0,0,0,68,CRUISE,,0.82,0.47,0.27
101.76,FLYING,WAIT,0,,,,,100,0,0,0,0,68,CRUISE,,0.67,0.49,0.24
101.81,FLYING,WAIT,0,,,,,100,0,0,0,0,68,CRUISE,,0.58,0.51,0.23
101.87,FLYING,WAIT,0,,,,,100,0,0,0,0,68,CRUISE,,0.54,0.52,0.24
101.92,FLYING,WAIT,0,,,,,100,0,0,0,0,68,CRUISE,,0.49,0.52,0.26
101.98,FLYING,WAIT,0,,,,,100,0,0,0,0,68,CRUISE,,0.44,0.47,0.27
102.03,FLYING,WAIT,0,,,,,100,0,0,0,0,68,CRUISE,,0.41,0.44,0.25
102.09,FLYING,WAIT,0,,,,,100,0,0,0,0,68,CRUISE,,0.36,0.43,0.22
102.14,FLYING,WAIT,0,,,,,100,0,0,0,0,68,CRUISE,,0.29,0.37,0.18
102.20,FLYING,WAIT,0,,,,,100,0,0,0,0,68,CRUISE,,0.22,0.25,0.16
102.25,FLYING,WAIT,0,,,,,100,0,0,0,0,68,CRUISE,,0.18,0.19,0.18
102.30,FLYING,WAIT,0,,,,,100,0,0,0,0,68,CRUISE,,0.25,0.15,0.41
102.36,FLYING,WAIT,0,,,,,100,0,0,0,0,68,CRUISE,,0.29,0.13,0.54
102.41,FLYING,WAIT,0,,,,,100,0,0,0,0,68,CRUISE,,0.39,0.15,0.60
102.47,FLYING,WAIT,0,,,,,100,0,0,0,0,68,CRUISE,,0.49,0.17,0.62
102.52,FLYING,WAIT,0,,,,,100,0,0,0,0,68,CRUISE,,0.54,0.18,0.42
102.58,FLYING,WAIT,0,,,,,100,0,0,0,0,68,CRUISE,,0.48,0.18,0.32
102.63,FLYING,WAIT,0,,,,,100,0,0,0,0,68,CRUISE,,0.45,0.13,0.21
102.68,FLYING,WAIT,0,,,,,100,0,0,0,0,68,CRUISE,,0.44,0.11,0.14
102.74,FLYING,WAIT,0,,,,,100,0,0,0,0,68,CRUISE,,0.49,0.10,0.11
102.79,FLYING,WAIT,0,,,,,100,0,0,0,0,68,CRUISE,,0.54,0.34,0.40
102.85,FLYING,WAIT,0,,,,,100,0,0,0,0,68,CRUISE,,0.59,0.46,0.54
102.90,FLYING,WAIT,0,,,,,100,0,0,0,0,68,CRUISE,,0.66,0.29,0.51
102.96,FLYING,WAIT,0,,,,,100,0,0,0,0,68,CRUISE,,0.69,0.21,0.49
103.01,FLYING,WAIT,0,,,,,100,0,0,0,0,68,CRUISE,,0.47,0.26,0.44
103.07,FLYING,WAIT,0,,,,,100,0,0,0,0,68,CRUISE,,0.36,0.29,0.48
103.12,FLYING,WAIT,0,,,,,100,0,0,0,0,68,CRUISE,,0.54,0.43,0.47
103.18,FLYING,WAIT,0,,,,,100,0,0,0,0,68,CRUISE,,0.63,0.50,0.47
103.23,FLYING,WAIT,0,,,,,100,0,0,0,0,68,CRUISE,,0.46,0.30,0.31
103.28,FLYING,WAIT,0,,,,,100,0,0,0,0,68,CRUISE,,0.37,0.20,0.23
103.34,FLYING,WAIT,0,,,,,100,0,0,0,0,68,CRUISE,,0.47,0.22,0.26
103.39,FLYING,WAIT,0,,,,,100,0,0,0,0,68,CRUISE,,0.52,0.43,0.57
103.45,FLYING,WAIT,0,,,,,100,0,0,0,0,68,CRUISE,,0.55,0.55,0.72
103.50,FLYING,WAIT,0,,,,,100,0,0,0,0,68,CRUISE,,0.56,0.76,0.64
103.56,FLYING,WAIT,0,,,,,100,0,0,0,0,68,CRUISE,,0.94,0.92,0.60
103.61,FLYING,WAIT,0,,,,,100,0,0,0,0,68,CRUISE,,1.35,1.12,0.84
103.67,FLYING,WAIT,0,,,,,100,0,0,0,0,68,CRUISE,,1.33,1.23,0.96
103.72,FLYING,WAIT,0,,,,,100,0,0,0,0,68,CRUISE,,1.27,1.28,0.66
103.78,FLYING,WAIT,0,,,,,100,0,0,0,0,68,CRUISE,,1.13,1.43,0.51
103.83,FLYING,WAIT,0,,,,,100,0,0,0,0,68,CRUISE,,0.91,1.66,0.44
103.89,FLYING,WAIT,0,,,,,100,0,0,0,0,68,AVOID_LEFT,,0.73,1.78,0.41
103.94,FLYING,WAIT,0,,,,,100,0,0,0,0,68,AVOID_LEFT,,0.64,1.48,0.39
104.00,FLYING,WAIT,0,,,,,100,0,0,0,0,68,AVOID_LEFT,,1.16,1.33,0.39
104.05,FLYING,WAIT,0,,,,,100,0,0,0,0,68,AVOID_LEFT,,1.56,1.23,0.87
104.11,FLYING,WAIT,0,,,,,100,0,0,0,0,68,AVOID_LEFT,,1.77,1.18,1.11
104.16,FLYING,WAIT,0,,,,,100,0,0,0,0,68,CRUISE,,1.84,0.67,0.94
104.22,FLYING,WAIT,0,,,,,100,0,0,0,0,68,AVOID_RIGHT,,1.88,0.39,0.80
104.27,FLYING,WAIT,0,,,,,100,0,0,0,0,68,AVOID_RIGHT,,2.30,0.27,0.78
104.33,FLYING,WAIT,0,,,,,100,0,0,0,0,68,AVOID_RIGHT,,3.02,0.31,0.85
104.38,FLYING,WAIT,0,,,,,100,0,0,0,0,68,ESCAPE,RIGHT,3.38,0.33,0.88
104.44,FLYING,WAIT,0,,,,,100,0,0,0,0,68,ESCAPE,RIGHT,3.48,0.23,0.52
104.49,FLYING,WAIT,0,,,,,100,0,0,0,0,68,ESCAPE,RIGHT,3.16,0.18,0.34
104.55,FLYING,WAIT,0,,,,,100,0,0,0,0,68,ESCAPE,RIGHT,2.46,0.20,0.63
104.60,FLYING,WAIT,0,,,,,100,0,0,0,0,68,ESCAPE,RIGHT,2.11,0.21,0.77
104.66,FLYING,WAIT,0,,,,,100,0,0,0,0,68,ESCAPE,RIGHT,2.35,0.21,0.80
104.71,FLYING,WAIT,0,,,,,100,0,0,0,0,68,ESCAPE,RIGHT,2.91,0.32,0.81
104.77,FLYING,WAIT,0,,,,,100,0,0,0,0,68,ESCAPE,RIGHT,3.18,0.38,0.71
104.82,FLYING,WAIT,0,,,,,100,0,0,0,0,68,ESCAPE,RIGHT,2.15,0.35,0.48
104.88,FLYING,WAIT,0,,,,,100,0,0,0,0,68,ESCAPE,RIGHT,1.39,0.33,0.36
104.93,FLYING,WAIT,0,,,,,100,0,0,0,0,68,ESCAPE,RIGHT,1.01,0.29,0.31
104.99,FLYING,WAIT,0,,,,,100,0,0,0,0,68,ESCAPE,RIGHT,0.90,0.23,0.28
105.04,FLYING,RETURN,0,,,,,100,0,4,0,0,68,ESCAPE,RIGHT,1.06,0.24,0.27
105.10,FLYING,RETURN,0,,,,,100,0,6,0,0,68,ESCAPE,RIGHT,1.24,0.38,0.41
105.15,FLYING,RETURN,0,,,,,100,0,8,0,0,68,ESCAPE,RIGHT,1.32,0.45,0.48
105.21,FLYING,RETURN,0,,,,,100,0,9,0,0,68,ESCAPE,RIGHT,0.84,0.25,0.30
105.26,FLYING,RETURN,0,,,,,100,0,10,0,0,68,ESCAPE,RIGHT,0.60,0.16,0.21
105.31,FLYING,RETURN,0,,,,,100,0,11,0,0,68,ESCAPE,RIGHT,0.79,0.48,0.50
105.37,FLYING,RETURN,0,,,,,100,0,11,0,0,68,ESCAPE,RIGHT,0.88,0.64,0.64
105.42,FLYING,RETURN,0,,,,,100,0,11,0,0,68,ESCAPE,RIGHT,0.73,0.34,0.42
105.48,FLYING,RETURN,0,,,,,100,0,11,0,0,68,ESCAPE,RIGHT,0.65,0.19,0.29
105.53,FLYING,RETURN,0,,,,,100,0,11,0,0,68,ESCAPE,RIGHT,0.62,0.13,0.23
105.59,FLYING,RETURN,0,,,,,100,0,11,0,0,68,ESCAPE,RIGHT,0.85,0.59,0.59
105.64,FLYING,RETURN,0,,,,,100,0,11,0,0,68,ESCAPE,RIGHT,0.97,0.82,0.78
105.70,FLYING,RETURN,0,,,,,100,0,11,0,0,68,ESCAPE,RIGHT,1.03,0.49,0.57
105.75,FLYING,RETURN,0,,,,,100,0,11,0,0,68,ESCAPE,RIGHT,1.00,0.32,0.46
105.80,FLYING,RETURN,0,,,,,100,0,11,0,0,68,ESCAPE,RIGHT,0.81,0.44,0.46
105.86,FLYING,RETURN,0,,,,,100,0,11,0,0,68,ESCAPE,RIGHT,0.72,0.50,0.59
105.91,FLYING,RETURN,0,,,,,100,0,11,0,0,68,ESCAPE,RIGHT,0.86,0.40,0.95
105.97,FLYING,RETURN,0,,,,,100,0,11,0,0,68,ESCAPE,RIGHT,1.06,0.35,1.13
106.02,FLYING,RETURN,0,,,,,100,0,11,0,0,68,CRUISE,,1.16,0.47,1.08
106.08,FLYING,RETURN,0,,,,,100,0,11,0,0,68,CRUISE,,1.32,0.53,1.00
106.13,FLYING,RETURN,0,,,,,100,0,11,0,0,68,CRUISE,,1.88,0.35,0.67
106.19,FLYING,RETURN,0,,,,,100,0,11,0,0,68,AVOID_RIGHT,,2.91,0.25,0.51
106.24,FLYING,RETURN,0,,,,,100,0,11,0,0,68,AVOID_RIGHT,,3.46,0.21,0.81
106.30,FLYING,RETURN,0,,,,,100,0,11,0,0,68,AVOID_RIGHT,,3.70,0.20,0.96
106.35,FLYING,RETURN,0,,,,,100,0,11,0,0,68,AVOID_RIGHT,,3.48,0.23,0.70
106.41,FLYING,RETURN,0,,,,,100,0,11,0,0,68,AVOID_RIGHT,,3.31,0.27,0.57
106.46,FLYING,RETURN,0,,,,,100,0,11,0,0,68,AVOID_RIGHT,,2.36,0.52,0.43
106.52,FLYING,RETURN,0,,,,,100,0,11,0,0,68,AVOID_RIGHT,,1.88,0.71,0.37
106.57,FLYING,RETURN,0,,,,,100,0,11,0,0,68,AVOID_RIGHT,,1.97,0.92,0.33
106.63,FLYING,RETURN,0,,,,,100,0,11,0,0,68,AVOID_RIGHT,,2.78,1.02,0.31
106.68,FLYING,RETURN,0,,,,,100,0,11,0,0,68,AVOID_RIGHT,,3.19,1.04,0.26
106.74,FLYING,RETURN,0,,,,,100,0,11,0,0,68,AVOID_RIGHT,,3.76,0.91,0.23
106.80,FLYING,RETURN,0,,,,,100,0,11,0,0,68,AVOID_RIGHT,,3.86,0.76,0.31
106.85,FLYING,RETURN,0,,,,,100,0,11,0,0,68,AVOID_RIGHT,,3.91,0.55,0.36
106.91,FLYING,RETURN,0,,,,,100,0,11,0,0,68,AVOID_RIGHT,,3.48,0.44,0.34
106.96,FLYING,RETURN,0,,,,,100,0,11,0,0,68,AVOID_RIGHT,,2.20,0.37,0.34
107.02,FLYING,RETURN,0,,,,,100,0,11,0,0,68,AVOID_RIGHT,,1.31,0.33,0.43
107.07,FLYING,RETURN,0,,,,,100,0,11,0,0,67,AVOID_RIGHT,,0.87,0.31,0.49
107.13,FLYING,RETURN,0,,,,,100,0,11,0,0,67,AVOID_RIGHT,,0.74,0.30,0.53
107.18,FLYING,RETURN,0,,,,,100,0,11,0,0,67,AVOID_RIGHT,,1.40,0.30,0.54
107.24,FLYING,RETURN,0,,,,,100,0,11,0,0,67,AVOID_RIGHT,,2.69,0.27,0.43
107.29,FLYING,RETURN,0,,,,,100,0,11,0,0,67,AVOID_RIGHT,,3.34,0.26,0.38
107.35,FLYING,RETURN,0,,,,,100,0,11,0,0,67,AVOID_RIGHT,,2.55,0.26,0.35
107.40,FLYING,RETURN,0,,,,,100,0,11,0,0,67,AVOID_RIGHT,,1.77,0.27,0.36
107.46,FLYING,RETURN,0,,,,,100,0,11,0,0,67,AVOID_RIGHT,,1.38,0.48,0.41
107.51,FLYING,RETURN,0,,,,,100,0,11,0,0,67,AVOID_RIGHT,,1.63,0.62,0.50
107.57,FLYING,RETURN,0,,,,,100,0,11,0,0,67,AVOID_RIGHT,,1.96,0.70,0.69
107.62,FLYING,RETURN,0,,,,,100,0,11,0,0,67,AVOID_RIGHT,,2.17,0.74,0.79
107.67,FLYING,RETURN,0,,,,,100,0,11,0,0,67,AVOID_RIGHT,,2.50,0.42,0.46
107.73,FLYING,RETURN,0,,,,,100,0,11,0,0,67,AVOID_RIGHT,,2.66,0.26,0.28
107.79,FLYING,SCARED,0,,,,,100,0,-40,0,0,67,ESCAPE,RIGHT,2.74,0.18,0.18
107.84,FLYING,SCARED,0,,,,,100,0,-40,0,0,67,ESCAPE,RIGHT,2.32,0.13,0.13
107.90,FLYING,SCARED,0,,,,,100,0,-40,0,0,67,ESCAPE,RIGHT,1.56,0.10,0.12
107.95,FLYING,SCARED,0,,,,,100,0,-40,0,0,67,ESCAPE,RIGHT,1.09,0.43,0.31
108.01,FLYING,SCARED,0,,,,,100,0,-40,0,0,67,ESCAPE,RIGHT,0.85,0.60,0.40
108.06,FLYING,SCARED,0,,,,,100,0,-40,0,0,67,ESCAPE,RIGHT,1.73,0.34,0.41
108.11,FLYING,SCARED,0,,,,,100,0,-40,0,0,67,ESCAPE,RIGHT,2.17,0.22,0.42
108.17,FLYING,SCARED,0,,,,,100,0,-40,0,0,67,ESCAPE,RIGHT,1.69,0.32,0.42
108.23,FLYING,SCARED,0,,,,,100,0,-40,0,0,67,ESCAPE,RIGHT,1.45,0.39,0.46
108.28,FLYING,SCARED,0,,,,,100,0,-40,0,0,67,ESCAPE,RIGHT,1.47,0.60,0.56
108.33,FLYING,SCARED,0,,,,,100,0,-40,0,0,67,ESCAPE,RIGHT,1.48,0.70,0.60
108.39,FLYING,SCARED,0,,,,,100,0,-40,0,0,67,ESCAPE,RIGHT,1.40,0.59,0.53
108.44,FLYING,SCARED,0,,,,,100,0,-40,0,0,67,ESCAPE,RIGHT,1.36,0.44,0.49
108.50,FLYING,SCARED,0,,,,,100,0,-40,0,0,67,ESCAPE,RIGHT,1.78,0.36,0.43
108.55,FLYING,SCARED,0,,,,,100,0,-40,0,0,67,ESCAPE,RIGHT,1.99,0.24,0.34
108.61,FLYING,SCARED,0,,,,,100,0,-40,0,0,67,ESCAPE,RIGHT,1.68,0.17,0.30
108.66,FLYING,SCARED,0,,,,,100,0,-40,0,0,67,ESCAPE,RIGHT,1.45,0.14,0.28
108.72,FLYING,SCARED,0,,,,,100,0,-40,0,0,67,ESCAPE,RIGHT,1.39,0.42,0.59
108.77,FLYING,WAIT,0,,,,,100,0,-26,0,0,67,ESCAPE,RIGHT,1.36,0.59,0.74
108.83,FLYING,WAIT,0,,,,,100,0,-16,0,0,67,ESCAPE,RIGHT,1.48,0.67,0.88
108.88,FLYING,WAIT,0,,,,,100,0,-10,0,0,67,ESCAPE,RIGHT,1.54,0.69,0.83
108.94,FLYING,WAIT,0,,,,,100,0,-7,0,0,67,ESCAPE,RIGHT,1.57,0.42,0.49
108.99,FLYING,WAIT,0,,,,,100,0,-4,0,0,67,ESCAPE,RIGHT,1.59,0.27,0.32
109.05,FLYING,WAIT,0,,,,,100,0,-3,0,0,67,ESCAPE,RIGHT,1.24,0.21,0.29
109.10,FLYING,WAIT,0,,,,,100,0,-1,0,0,67,ESCAPE,RIGHT,0.92,0.29,0.33
109.16,FLYING,WAIT,0,,,,,100,0,-1,0,0,67,ESCAPE,RIGHT,0.68,0.32,0.35
109.21,FLYING,WAIT,0,,,,,100,0,0,0,0,67,ESCAPE,RIGHT,0.64,0.21,0.34
109.27,FLYING,WAIT,0,,,,,100,0,0,0,0,67,ESCAPE,RIGHT,0.79,0.15,0.33
109.32,FLYING,WAIT,0,,,,,100,0,0,0,0,67,ESCAPE,RIGHT,0.97,0.74,0.49
109.37,FLYING,WAIT,0,,,,,100,0,0,0,0,67,ESCAPE,RIGHT,1.05,1.04,0.58
109.43,FLYING,WAIT,0,,,,,100,0,0,0,0,67,CRUISE,,0.92,0.55,0.49
109.48,FLYING,WAIT,0,,,,,100,0,0,0,0,67,CRUISE,,0.85,0.31,0.41
109.54,FLYING,WAIT,0,,,,,100,0,0,0,0,67,CRUISE,,0.82,0.21,0.35
109.59,FLYING,WAIT,0,,,,,100,0,0,0,0,67,CRUISE,,0.75,0.16,0.28
109.65,FLYING,WAIT,0,,,,,100,0,0,0,0,67,CRUISE,,0.70,0.12,0.25
109.70,FLYING,WAIT,0,,,,,100,0,0,0,0,67,CRUISE,,0.68,0.09,0.21
109.75,FLYING,WAIT,0,,,,,100,0,0,0,0,67,CRUISE,,0.73,0.08,0.19
109.81,FLYING,WAIT,0,,,,,100,0,0,0,0,67,CRUISE,,0.82,0.05,0.14
109.86,FLYING,WAIT,0,,,,,100,0,0,0,0,67,CRUISE,,0.87,0.04,0.12
109.92,FLYING,WAIT,0,,,,,100,0,0,0,0,67,CRUISE,,1.30,0.21,0.61
109.97,FLYING,WAIT,0,,,,,100,0,0,0,0,67,CRUISE,,1.59,0.29,0.89
110.03,FLYING,WAIT,0,,,,,100,0,0,0,0,67,CRUISE,,1.66,0.33,1.04
110.08,FLYING,WAIT,0,,,,,100,0,0,0,0,67,CRUISE,,1.62,0.35,1.11
110.14,FLYING,WAIT,0,,,,,100,0,0,0,0,67,CRUISE,,1.10,0.20,0.64
110.19,FLYING,WAIT,0,,,,,100,0,0,0,0,67,CRUISE,,0.83,0.12,0.41
110.25,FLYING,WAIT,0,,,,,100,0,0,0,0,67,CRUISE,,0.77,0.27,0.36
110.30,FLYING,WAIT,0,,,,,100,0,0,0,0,67,CRUISE,,0.75,0.48,0.38
