time_s,mode,state,bananas_seen,label,det_conf,cls_conf,size_pct,hunger,lr,fb,ud,yaw,battery,brain,escape_dir,loom_l,loom_c,loom_r,escape_level,wobble_floor,loom_in_l,loom_in_r,hand,self_moving,fps,brain_ms,dng02_rotation,dng02_l,dng02_r,dng02_steer,dng02_thrust,intended_yaw,dng02_yaw
1.64,DRY RUN,SCAN,0,,,,,100,0,0,0,10,89,ARMING,,0.00,0.00,0.00,0.00,0.00,0.00,0.00,,,0.0,0,0.000,0,0,0.000,0.000,0,0
1.85,DRY RUN,SCAN,0,,,,,100,0,0,0,17,89,ARMING,,3.17,0.91,1.24,0.00,0.00,0.00,0.00,,,4.7,0,-0.913,0,0,0.000,0.000,0,0
1.88,DRY RUN,SCAN,0,,,,,100,0,0,0,21,89,ARMING,,7.94,2.32,3.01,0.00,0.00,0.00,0.00,,,37.9,0,0.896,0,0,0.000,0.000,0,0
1.91,DRY RUN,SCAN,0,,,,,100,0,0,0,24,89,ARMING,,12.08,2.08,2.77,0.00,0.00,0.00,0.00,,,37.4,0,0.864,0,0,0.000,0.000,0,0
1.93,DRY RUN,SCAN,0,,,,,100,0,0,0,26,89,ARMING,,14.14,1.96,3.22,0.00,0.00,0.00,0.00,,,42.6,0,1.253,0,0,0.000,0.000,0,0
1.96,DRY RUN,SCAN,0,,,,,100,0,0,0,27,89,ARMING,,10.00,1.90,2.87,0.00,0.00,0.00,0.00,,,29.2,0,0.379,0,0,0.000,0.000,0,0
2.00,DRY RUN,SCAN,0,,,,,100,0,0,0,28,89,ARMING,,7.92,2.23,2.87,0.00,0.00,0.00,0.00,,,29.5,0,-0.021,0,0,0.000,0.000,0,0
2.03,DRY RUN,SCAN,0,,,,,100,0,0,0,29,89,ARMING,,7.19,2.94,2.88,0.00,0.00,0.00,0.00,,,29.5,0,-0.163,0,0,0.000,0.000,0,0
2.07,DRY RUN,SCAN,0,,,,,100,0,0,0,29,89,ARMING,,6.82,3.30,3.03,0.00,0.00,0.00,0.00,,,29.7,0,-0.840,0,0,0.000,0.000,0,0
2.10,DRY RUN,SCAN,0,,,,,100,0,0,0,29,89,ARMING,,5.46,3.47,4.06,0.00,0.00,0.00,0.00,,,31.1,0,1.170,0,0,0.000,0.000,0,0
2.16,DRY RUN,SCAN,0,,,,,100,0,0,0,29,89,ARMING,,4.32,3.39,4.58,0.00,0.00,0.00,0.00,,,17.0,0,1.275,0,0,0.000,0.000,0,0
2.19,DRY RUN,SCAN,0,,,,,100,0,0,0,29,89,ARMING,,4.21,3.76,3.59,0.00,0.00,0.00,0.00,,,31.6,0,-0.295,0,0,0.000,0.000,0,0
2.23,DRY RUN,SCAN,0,,,,,100,0,0,0,29,89,ARMING,,3.31,4.07,2.35,0.00,0.00,0.00,0.00,,,22.8,0,-0.043,0,0,0.000,0.000,0,0
2.27,DRY RUN,SCAN,0,,,,,100,0,0,0,29,89,ARMING,,3.52,4.47,1.72,0.00,0.00,0.00,0.00,,,28.0,0,-0.253,0,0,0.000,0.000,0,0
2.29,DRY RUN,SCAN,0,,,,,100,0,0,0,29,89,ARMING,,3.62,4.43,4.61,0.00,0.00,0.00,0.00,,,41.7,0,-2.140,0,0,0.000,0.000,0,0
2.33,DRY RUN,SCAN,0,,,,,100,0,0,0,29,89,ARMING,,4.76,4.66,6.06,0.00,0.00,0.00,0.00,,,29.3,0,-1.757,0,0,0.000,0.000,0,0
2.36,DRY RUN,SCAN,0,,,,,100,0,0,0,29,89,ARMING,,6.01,4.34,7.89,0.00,0.00,0.00,0.00,,,30.3,0,-1.149,0,0,0.000,0.000,0,0
2.39,DRY RUN,SCAN,0,,,,,100,0,0,0,29,89,ARMING,,6.64,4.14,6.01,0.00,0.00,0.00,0.00,,,29.5,0,-3.151,0,0,0.000,0.000,0,0
2.43,DRY RUN,SCAN,0,,,,,100,0,0,0,29,89,ARMING,,5.53,4.04,6.14,0.00,0.00,0.00,0.00,,,30.1,0,-4.372,0,0,0.000,0.000,0,0
2.46,DRY RUN,SCAN,0,,,,,100,0,0,0,29,89,ARMING,,4.98,3.98,6.20,0.00,0.00,0.00,0.00,,,29.7,0,-4.161,0,0,0.000,0.000,0,0
2.48,DRY RUN,SCAN,0,,,,,100,0,0,0,29,89,ARMING,,5.21,2.48,6.73,0.00,0.00,0.00,0.00,,,45.9,0,-4.617,0,0,0.000,0.000,0,0
2.52,DRY RUN,SCAN,0,,,,,100,0,0,0,29,89,ARMING,,5.59,1.72,7.26,0.00,0.00,0.00,0.00,,,29.6,0,-3.662,0,0,0.000,0.000,0,0
2.58,DRY RUN,SCAN,0,,,,,100,0,0,0,29,89,ARMING,,5.52,4.18,7.52,0.00,0.00,0.00,0.00,,,14.7,0,-0.323,0,0,0.000,0.000,0,0
2.61,DRY RUN,SCAN,0,,,,,100,0,0,0,29,89,ARMING,,5.73,5.42,7.65,0.00,0.00,0.00,0.00,,,43.5,0,-1.574,0,0,0.000,0.000,0,0
2.63,DRY RUN,SCAN,0,,,,,100,0,0,0,29,89,ARMING,,5.84,6.03,9.44,0.00,0.00,0.00,0.00,,,45.1,0,-3.353,0,0,0.000,0.000,0,0
2.66,DRY RUN,SCAN,0,,,,,100,0,0,0,29,89,ARMING,,5.90,6.11,10.61,0.00,0.00,0.00,0.00,,,30.0,0,-1.630,0,0,0.000,0.000,0,0
2.70,DRY RUN,SCAN,0,,,,,100,0,0,0,29,89,ARMING,,4.93,6.79,11.55,0.00,0.00,0.00,0.00,,,29.6,0,0.045,0,0,0.000,0.000,0,0
2.73,DRY RUN,SCAN,1,freshripe,0.37,1.00,18.0,100,0,0,0,0,89,ARMING,,4.45,6.10,12.01,0.00,0.00,0.00,0.00,,,30.8,0,-2.738,0,0,0.000,0.000,0,0
2.76,DRY RUN,SCAN,1,freshripe,0.37,1.00,18.0,100,0,0,0,0,89,ARMING,,5.16,4.47,8.46,0.00,0.00,0.00,0.00,,,29.5,0,-1.911,0,0,0.000,0.000,0,0
2.80,DRY RUN,SCAN,1,freshripe,0.37,1.00,18.0,100,0,0,0,0,89,ARMING,,5.86,3.65,6.54,0.00,0.00,0.00,0.00,,,29.9,0,-3.079,0,0,0.000,0.000,0,0
2.83,DRY RUN,SCAN,1,freshripe,0.37,1.00,18.0,100,0,0,0,0,89,ARMING,,6.20,4.07,5.58,0.00,0.00,0.00,0.00,,,30.2,0,-0.775,0,0,0.000,0.000,0,0
2.86,DRY RUN,SCAN,2,freshripe,0.69,0.98,17.1,100,0,0,0,0,89,ARMING,,5.45,5.09,5.07,0.00,0.00,0.00,0.00,,,30.7,0,-0.420,0,0,0.000,0.000,0,0
2.90,DRY RUN,SCAN,2,freshripe,0.69,0.98,17.1,100,0,0,0,0,89,ARMING,,5.03,5.76,4.64,0.00,0.00,0.00,0.00,,,29.5,0,-0.201,0,0,0.000,0.000,0,0
2.93,DRY RUN,SCAN,2,freshripe,0.69,0.98,17.1,100,0,0,0,0,89,ARMING,,4.86,6.09,4.34,0.00,0.00,0.00,0.00,,,29.6,0,1.643,0,0,0.000,0.000,0,0
3.00,DRY RUN,SCAN,2,freshripe,0.69,0.98,17.1,100,0,0,0,0,89,ARMING,,4.48,5.37,3.04,0.00,0.00,0.00,0.00,,,15.1,0,0.054,0,0,0.000,0.000,0,0
3.03,DRY RUN,SCAN,2,freshripe,0.69,0.98,17.1,100,0,0,0,0,89,ARMING,,5.10,3.87,3.48,0.00,0.00,0.00,0.00,,,30.0,0,1.015,0,0,0.000,0.000,0,0
3.06,DRY RUN,SCAN,2,freshripe,0.69,0.98,17.1,100,0,0,0,0,89,ARMING,,4.75,3.13,2.91,0.00,0.00,0.00,0.00,,,30.1,0,0.760,0,0,0.000,0.000,0,0
3.10,DRY RUN,SCAN,2,freshripe,0.69,0.98,17.1,100,0,0,0,0,89,ARMING,,4.58,3.99,3.41,0.00,0.00,0.00,0.00,,,29.7,0,-0.312,0,0,0.000,0.000,0,0
3.13,DRY RUN,SCAN,2,freshripe,0.69,0.98,17.1,100,0,0,0,0,89,ARMING,,4.50,4.42,2.87,0.00,0.00,0.00,0.00,,,29.7,0,0.153,0,0,0.000,0.000,0,0
3.16,DRY RUN,SCAN,2,freshripe,0.69,0.98,17.1,100,0,0,0,0,89,ARMING,,3.57,3.36,3.95,0.00,0.00,0.00,0.00,,,30.5,0,-0.353,0,0,0.000,0.000,0,0
3.21,DRY RUN,SCAN,2,freshripe,0.69,0.98,17.1,100,0,0,0,0,89,ARMING,,3.10,2.75,3.07,0.00,0.00,0.00,0.00,,,22.3,0,-2.552,0,0,0.000,0.000,0,0
3.23,DRY RUN,SCAN,2,freshripe,0.69,0.98,17.1,100,0,0,0,0,89,ARMING,,2.87,2.45,2.63,0.00,0.00,0.00,0.00,,,44.2,0,-1.131,0,0,0.000,0.000,0,0
3.26,DRY RUN,SCAN,2,freshripe,0.69,0.98,17.1,100,0,0,0,0,89,ARMING,,4.64,2.87,2.41,0.00,0.00,0.00,0.00,,,29.7,0,2.776,0,0,0.000,0.000,0,0
3.30,DRY RUN,SCAN,2,freshripe,0.69,0.98,17.1,100,0,0,0,0,89,ARMING,,5.87,3.08,2.66,0.00,0.00,0.00,0.00,,,29.9,0,2.358,0,0,0.000,0.000,0,0
3.36,DRY RUN,APPROACH,1,freshripe,0.74,0.99,13.4,100,0,0,0,0,89,ARMING,,6.48,2.97,2.78,0.00,0.00,0.00,0.00,,,14.9,0,-2.845,0,0,0.000,0.000,0,0
3.40,DRY RUN,FEED,1,freshripe,0.74,0.99,13.4,100,0,0,0,0,89,ARMING,,6.05,2.92,2.34,0.00,0.00,0.00,0.00,,,29.6,0,-1.433,0,0,0.000,0.000,0,0
3.43,DRY RUN,FEED,1,freshripe,0.74,0.99,13.4,100,0,0,0,0,89,ARMING,,5.83,3.80,2.12,0.00,0.00,0.00,0.00,,,29.7,0,-1.331,0,0,0.000,0.000,0,0
3.47,DRY RUN,FEED,1,freshripe,0.74,0.99,13.4,100,0,0,0,0,89,ARMING,,5.72,4.24,2.21,0.00,0.00,0.00,0.00,,,29.6,0,0.419,0,0,0.000,0.000,0,0
3.53,DRY RUN,FEED,1,freshripe,0.74,0.99,13.4,99,0,0,0,0,89,ARMING,,5.19,2.77,2.25,0.00,0.00,0.00,0.00,,,15.0,0,-0.005,0,0,0.000,0.000,0,0
3.57,DRY RUN,FEED,1,freshripe,0.74,0.99,13.4,99,0,0,0,0,89,ARMING,,3.91,1.63,2.26,0.00,0.00,0.00,0.00,,,29.9,0,-0.381,0,0,0.000,0.000,0,0
3.60,DRY RUN,FEED,1,freshripe,0.74,0.99,13.4,99,0,0,0,0,89,ARMING,,2.86,1.00,1.99,0.00,0.00,0.00,0.00,,,29.6,0,-1.640,0,0,0.000,0.000,0,0
3.63,DRY RUN,FEED,1,freshripe,0.74,0.99,13.4,99,0,0,0,0,89,ARMING,,2.74,0.65,1.57,0.00,0.00,0.00,0.00,,,29.7,0,-2.279,0,0,0.000,0.000,0,0
3.67,DRY RUN,FEED,1,freshripe,0.74,0.99,13.4,98,0,0,0,0,89,CRUISE,,2.27,0.48,1.36,0.00,0.00,0.00,0.00,,,29.8,0,-2.404,0,0,0.000,0.000,0,0
3.88,DRY RUN,FEED,0,,,,,98,0,0,0,-2,89,CRUISE,,0.00,0.00,0.00,0.00,0.00,0.00,0.00,,,4.7,187,0.000,6,8,-0.101,0.439,0,-2
3.94,DRY RUN,FEED,0,,,,,98,0,0,0,-3,89,CRUISE,,0.52,1.27,1.43,0.00,2.18,0.00,0.00,,,17.6,34,-5.859,2,0,-0.168,0.342,0,-3
3.99,DRY RUN,FEED,1,freshripe,0.86,0.92,12.4,98,0,0,-5,3,89,CRUISE,,1.33,2.21,2.90,0.15,1.53,0.00,0.29,,,19.8,28,4.825,0,4,0.011,0.283,0,0
4.04,DRY RUN,FEED,0,,,,,98,0,0,-3,5,89,AVOID_LEFT,,1.50,2.37,2.88,0.34,1.07,0.25,0.51,,,18.1,32,1.835,0,5,0.191,0.283,0,3
4.10,DRY RUN,FEED,0,,,,,98,0,0,-2,2,89,AVOID_LEFT,,1.60,1.92,2.25,0.45,0.75,0.18,0.35,,,18.3,32,-0.153,6,7,0.078,0.551,0,1
4.15,DRY RUN,FEED,0,,,,,98,0,0,-1,0,89,AVOID_LEFT,,1.66,1.69,1.93,0.34,0.87,0.01,0.13,,,18.4,32,-0.144,6,6,0.015,0.739,0,0
4.20,DRY RUN,FEED,0,,,,,98,0,0,0,-1,89,AVOID_LEFT,,2.05,1.79,1.70,0.44,0.61,0.32,0.19,,,18.5,31,-1.207,3,2,-0.094,0.611,0,-1
4.27,DRY RUN,SCARED,0,,,,,98,0,-60,0,0,89,ESCAPE,RIGHT,2.43,2.16,1.80,0.77,0.44,0.60,0.46,,,15.6,30,0.260,6,8,-0.039,0.783,0,0
4.32,DRY RUN,SCARED,0,,,,,98,0,-60,0,0,89,ESCAPE,RIGHT,2.62,2.35,1.85,1.00,0.31,0.76,0.62,,,17.9,33,0.144,6,7,-0.006,0.860,0,0
4.38,DRY RUN,SCARED,0,,,,,98,0,-60,0,0,89,ESCAPE,RIGHT,2.36,2.17,1.87,1.00,0.21,0.68,0.58,,,18.1,33,1.058,5,7,0.125,0.885,0,0
4.43,DRY RUN,SCARED,0,,,,,98,0,-60,0,0,89,ESCAPE,RIGHT,2.04,1.31,1.38,1.00,0.87,0.19,0.00,,,18.1,32,1.239,1,7,0.326,0.779,0,0
4.49,DRY RUN,SCARED,0,,,,,98,0,-60,0,1,89,ESCAPE,RIGHT,1.88,0.86,0.97,0.58,0.61,0.24,0.00,,,18.3,32,0.686,6,7,0.121,0.829,0,1
4.54,DRY RUN,SCARED,0,,,,,98,0,-60,0,3,89,ESCAPE,RIGHT,1.80,0.64,0.77,0.43,0.44,0.28,0.00,,,18.4,32,0.984,3,6,0.253,0.767,0,3
4.60,DRY RUN,SCARED,0,,,,,98,0,-60,0,3,89,ESCAPE,RIGHT,1.78,0.65,0.98,0.39,0.31,0.34,0.00,,,18.4,32,0.506,5,8,0.215,0.851,0,3
4.67,DRY RUN,SCARED,0,,,,,98,0,-60,0,2,89,ESCAPE,RIGHT,2.08,0.92,1.49,0.43,0.44,0.42,0.13,,,14.8,34,0.749,5,6,0.192,0.861,0,2
4.72,DRY RUN,SCARED,1,freshripe,0.80,0.92,11.9,98,0,-60,0,0,89,ESCAPE,RIGHT,2.23,1.05,1.75,0.77,0.31,0.56,0.32,,,19.8,29,0.752,6,6,0.099,0.828,0,0
4.77,DRY RUN,SCARED,1,freshripe,0.80,0.92,11.9,98,0,-60,0,0,89,ESCAPE,RIGHT,1.31,0.79,1.81,0.73,0.21,0.15,0.40,,,17.7,34,0.170,5,6,0.068,0.876,0,0
4.82,DRY RUN,SCARED,1,freshripe,0.82,0.95,12.8,98,0,-60,0,1,89,ESCAPE,RIGHT,0.80,0.49,1.17,0.56,0.15,0.00,0.11,,,19.9,28,0.668,5,7,0.164,0.908,0,1
4.88,DRY RUN,SCARED,1,freshripe,0.82,0.95,12.8,98,0,-60,0,0,89,ESCAPE,RIGHT,0.48,0.31,0.85,0.31,0.10,0.00,0.00,,,17.9,33,-0.347,5,6,0.007,0.892,0,0
4.93,DRY RUN,SCARED,1,freshripe,0.75,0.95,12.9,98,0,-60,0,-2,89,ESCAPE,,0.33,0.25,0.69,0.18,0.07,0.00,0.00,,,19.8,28,-1.585,2,0,-0.105,0.640,0,-2
4.98,DRY RUN,WAIT,1,freshripe,0.75,0.95,12.9,98,0,-39,0,-3,89,ESCAPE,,0.26,0.36,0.65,0.10,0.05,0.00,0.00,,,18.1,33,-1.619,1,0,-0.188,0.408,0,-3
5.03,DRY RUN,WAIT,1,freshripe,0.74,0.78,12.3,98,0,-25,0,-4,89,ESCAPE,,0.22,0.61,0.46,0.06,0.44,0.00,0.00,,,19.9,28,-3.309,2,0,-0.228,0.282,0,-4
5.09,DRY RUN,WAIT,1,freshripe,0.74,0.78,12.3,98,0,-16,0,-7,89,ESCAPE,,0.20,0.74,0.54,0.03,1.31,0.00,0.00,,,18.1,32,-1.428,1,0,-0.340,0.206,0,-7
5.14,DRY RUN,WAIT,1,freshripe,0.67,0.94,12.6,98,0,-10,0,-8,89,ESCAPE,,0.19,0.59,1.17,0.02,0.92,0.00,0.00,,,20.0,28,-1.327,2,0,-0.403,0.183,0,-8
5.19,DRY RUN,WAIT,0,,,,,98,0,-6,0,-4,89,ESCAPE,,0.36,0.51,1.48,0.01,0.64,0.00,0.02,,,18.5,31,-0.182,6,7,-0.220,0.480,0,-4
5.26,DRY RUN,WAIT,0,,,,,98,0,-4,0,-3,89,ESCAPE,,0.45,0.43,1.20,0.01,0.45,0.00,0.00,,,14.6,46,0.374,6,8,-0.136,0.709,0,-3
5.32,DRY RUN,APPROACH,0,,,,,98,0,9,0,-1,89,ESCAPE,,0.43,0.32,0.91,0.00,0.44,0.00,0.00,,,18.3,32,1.516,0,2,-0.071,0.465,0,-1
5.37,DRY RUN,APPROACH,0,,,,,98,0,18,0,3,89,ESCAPE,,0.35,0.17,0.76,0.00,0.31,0.00,0.00,,,18.6,31,0.955,1,6,0.166,0.496,0,3
5.42,DRY RUN,APPROACH,0,,,,,98,0,24,0,2,89,ESCAPE,,0.31,0.19,0.76,0.00,0.21,0.00,0.00,,,18.5,31,0.853,4,7,0.115,0.632,0,2
5.48,DRY RUN,APPROACH,0,,,,,98,0,27,0,2,89,ESCAPE,,0.29,0.18,0.75,0.00,0.15,0.00,0.00,,,18.6,31,0.284,5,6,0.095,0.766,0,2
5.53,DRY RUN,APPROACH,0,,,,,98,0,30,0,2,89,ESCAPE,,0.25,0.17,0.58,0.00,0.10,0.00,0.00,,,18.7,31,0.397,4,7,0.112,0.827,0,2
5.59,DRY RUN,APPROACH,0,,,,,98,0,32,0,2,89,ESCAPE,,0.32,0.15,0.49,0.00,0.07,0.00,0.00,,,18.5,31,0.783,5,7,0.075,0.851,0,2
5.64,DRY RUN,WAIT,0,,,,,98,0,0,0,2,89,ESCAPE,,0.35,0.15,0.47,0.00,0.05,0.00,0.00,,,18.0,33,0.492,6,8,0.085,0.904,0,2
5.69,DRY RUN,WAIT,1,rotten,0.75,0.54,12.1,98,0,0,0,2,89,ESCAPE,,0.36,0.11,0.46,0.00,0.04,0.00,0.00,,,20.1,28,-0.178,6,7,0.082,0.928,0,2
5.75,DRY RUN,WAIT,1,rotten,0.75,0.54,12.1,98,0,0,0,5,89,ESCAPE,,0.37,0.09,0.35,0.00,0.03,0.00,0.00,,,18.0,33,0.191,5,8,0.233,0.956,0,5
5.80,DRY RUN,WAIT,1,freshripe,0.74,0.65,12.9,98,0,0,0,2,89,ESCAPE,,0.39,0.08,0.29,0.00,0.02,0.00,0.00,,,19.9,28,0.279,5,5,0.084,0.929,0,2
5.85,DRY RUN,WAIT,1,freshripe,0.74,0.65,12.9,98,0,0,0,0,89,ESCAPE,,0.40,0.06,0.27,0.00,0.01,0.00,0.00,,,18.2,32,-0.343,6,8,0.007,0.962,0,0
5.90,DRY RUN,WAIT,1,freshripe,0.83,0.91,12.7,98,0,0,0,-2,89,CRUISE,,0.24,0.05,0.18,0.00,0.01,0.00,0.00,,,20.1,28,-0.347,6,6,-0.118,0.927,0,-2
5.96,DRY RUN,FEED,1,freshripe,0.83,0.91,12.7,98,0,0,-5,5,89,CRUISE,,0.14,0.04,0.13,0.00,0.01,0.00,0.00,,,18.3,32,-0.060,5,8,0.107,0.970,0,2
6.01,DRY RUN,FEED,1,freshripe,0.79,0.82,12.8,98,0,0,-8,6,89,CRUISE,,0.09,0.05,0.13,0.00,0.44,0.00,0.00,,,20.2,28,0.197,6,8,-0.007,0.985,0,0
6.06,DRY RUN,FEED,1,freshripe,0.79,0.82,12.8,97,0,0,-10,8,89,CRUISE,,0.04,0.05,0.28,0.00,0.31,0.00,0.00,,,18.0,33,-0.005,5,7,0.034,0.969,0,1
6.11,DRY RUN,FEED,1,freshripe,0.83,0.71,12.9,97,0,0,-12,11,89,CRUISE,,0.02,0.05,0.35,0.00,0.21,0.00,0.00,,,19.9,28,0.107,5,8,0.138,0.979,0,3
6.17,DRY RUN,FEED,1,freshripe,0.83,0.71,12.9,97,0,0,-13,11,89,CRUISE,,0.03,0.04,0.30,0.00,0.15,0.00,0.00,,,18.3,32,0.144,6,8,0.106,0.975,0,2
6.22,DRY RUN,FEED,1,freshripe,0.79,0.68,12.9,97,0,0,-14,10,89,CRUISE,,0.05,0.04,0.22,0.00,0.10,0.00,0.00,,,20.0,28,0.108,6,7,0.028,0.997,0,1
6.27,DRY RUN,FEED,1,freshripe,0.79,0.68,12.9,96,0,0,-14,12,89,CRUISE,,0.10,0.05,0.19,0.00,0.07,0.00,0.00,,,18.1,33,-0.181,5,7,0.097,1.000,0,2
6.32,DRY RUN,FEED,1,freshripe,0.80,0.63,12.8,96,0,0,-15,12,89,CRUISE,,0.17,0.08,0.17,0.00,0.05,0.00,0.00,,,19.8,28,0.352,5,7,0.077,0.966,0,2
6.38,DRY RUN,FEED,1,freshripe,0.80,0.63,12.8,96,0,0,-15,14,89,OPTOMOTOR,,0.41,0.09,0.20,0.00,0.04,0.00,0.00,,,18.1,32,1.492,0,5,0.223,0.810,0,4
6.43,DRY RUN,FEED,1,freshripe,0.77,0.75,13.1,95,0,0,-15,16,89,OPTOMOTOR,,0.53,0.13,0.26,0.00,0.44,0.00,0.00,,,20.1,28,0.062,5,7,0.293,0.900,0,6
6.48,DRY RUN,FEED,1,freshripe,0.77,0.75,13.1,95,0,0,-15,14,89,CRUISE,,0.39,0.21,0.50,0.00,0.31,0.00,0.00,,,18.0,33,-0.038,6,8,0.195,0.945,0,4
6.53,DRY RUN,FEED,1,freshripe,0.69,0.73,12.6,95,0,0,-15,12,89,CRUISE,,0.30,0.19,0.46,0.00,0.21,0.00,0.00,,,20.0,28,0.407,5,8,0.110,0.937,0,2
6.59,DRY RUN,FEED,1,freshripe,0.69,0.73,12.6,94,0,0,-15,11,89,CRUISE,,0.26,0.19,0.44,0.00,0.15,0.00,0.00,,,18.2,32,-0.243,6,7,-0.003,0.961,0,0
6.64,DRY RUN,FEED,1,freshripe,0.56,0.72,12.6,94,0,0,-15,12,89,CRUISE,,0.25,0.18,0.42,0.00,0.10,0.00,0.00,,,19.8,28,0.161,6,8,0.025,0.965,0,1
6.69,DRY RUN,FEED,1,freshripe,0.56,0.72,12.6,94,0,0,-15,11,89,CRUISE,,0.24,0.18,0.30,0.00,0.07,0.00,0.00,,,18.0,33,-0.052,6,7,-0.011,0.991,0,0
6.74,DRY RUN,FEED,1,freshripe,0.84,0.57,13.1,93,0,0,-15,12,89,CRUISE,,0.28,0.11,0.22,0.00,0.05,0.00,0.00,,,20.0,28,0.009,6,8,0.059,0.997,0,1
6.80,DRY RUN,FEED,1,freshripe,0.84,0.57,13.1,93,0,0,-15,13,89,CRUISE,,0.27,0.07,0.18,0.00,0.04,0.00,0.00,,,18.2,32,-0.162,5,8,0.114,1.000,0,2
6.85,DRY RUN,FEED,1,freshripe,0.82,0.85,13.0,93,0,0,-15,12,89,CRUISE,,0.27,0.05,0.16,0.00,0.03,0.00,0.00,,,20.0,28,0.050,6,7,-0.020,0.987,0,0
6.90,DRY RUN,FEED,1,freshripe,0.82,0.85,13.0,92,0,0,-15,11,89,CRUISE,,0.27,0.04,0.11,0.00,0.02,0.00,0.00,,,18.1,33,0.112,6,7,-0.067,0.990,0,-1
6.95,DRY RUN,FEED,1,freshripe,0.78,0.89,12.9,92,0,0,-15,8,89,CRUISE,,0.29,0.06,0.09,0.00,0.44,0.00,0.00,,,20.1,28,0.660,6,5,-0.186,0.967,0,-4
7.01,DRY RUN,FEED,1,freshripe,0.78,0.89,12.9,92,0,0,-15,11,89,CRUISE,,0.48,0.07,0.09,0.00,0.31,0.00,0.00,,,17.9,33,0.385,6,8,-0.050,0.983,0,-1
7.06,DRY RUN,FEED,1,rotten,0.80,0.65,13.1,91,0,0,-16,8,89,OPTOMOTOR,,0.58,0.08,0.11,0.00,0.21,0.00,0.00,,,19.8,28,0.489,6,7,-0.203,0.958,0,-4
7.12,DRY RUN,FEED,1,rotten,0.80,0.65,13.1,91,0,0,-16,8,89,CRUISE,,0.39,0.10,0.11,0.00,0.15,0.00,0.00,,,18.2,32,-0.621,6,6,-0.195,0.940,0,-4
7.17,DRY RUN,FEED,1,freshripe,0.74,0.41,13.3,91,0,0,-16,8,89,OPTOMOTOR,,0.23,0.08,0.16,0.00,0.44,0.00,0.00,,,20.0,28,-0.325,5,6,-0.177,0.910,0,-4
7.22,DRY RUN,FEED,1,freshripe,0.74,0.41,13.3,91,0,0,-16,13,89,CRUISE,,0.15,0.10,0.31,0.00,0.31,0.00,0.00,,,18.0,33,0.121,5,8,0.064,0.932,0,1
7.27,DRY RUN,FEED,1,freshripe,0.74,0.82,13.0,90,0,0,-16,13,89,CRUISE,,0.29,0.13,0.46,0.00,0.21,0.00,0.00,,,20.1,28,0.687,4,7,0.056,0.863,0,1
7.33,DRY RUN,FEED,1,freshripe,0.74,0.82,13.0,90,0,0,-16,14,89,CRUISE,,0.36,0.14,0.54,0.00,0.15,0.00,0.00,,,18.0,33,-0.397,5,8,0.083,0.905,0,2
7.38,DRY RUN,FEED,1,freshripe,0.72,0.60,13.3,90,0,0,-16,13,89,CRUISE,,0.22,0.15,0.33,0.00,0.10,0.00,0.00,,,19.7,28,0.083,6,7,0.032,0.943,0,1
7.43,DRY RUN,FEED,1,freshripe,0.72,0.60,13.3,89,0,0,-16,16,89,CRUISE,,0.16,0.15,0.22,0.00,0.07,0.00,0.00,,,18.0,33,1.048,2,7,0.223,0.860,0,4
7.48,DRY RUN,FEED,1,rotten,0.74,0.45,13.1,89,0,0,-16,15,89,OPTOMOTOR,,0.13,0.15,0.46,0.00,0.05,0.00,0.00,,,20.0,28,0.368,5,6,0.147,0.894,0,3
7.54,DRY RUN,FEED,1,rotten,0.74,0.45,13.1,89,0,0,-16,15,89,OPTOMOTOR,,0.28,0.15,0.60,0.00,0.04,0.00,0.00,,,18.2,32,0.482,6,7,0.166,0.894,0,3
7.59,DRY RUN,FEED,1,rotten,0.75,0.80,13.0,88,0,0,-16,13,89,CRUISE,,0.36,0.24,0.68,0.00,0.03,0.00,0.00,,,19.7,29,0.215,6,7,0.040,0.923,0,1
7.64,DRY RUN,FEED,1,rotten,0.75,0.80,13.0,88,0,0,-16,17,89,OPTOMOTOR,,0.36,0.36,0.60,0.00,0.02,0.00,0.00,,,18.3,33,-0.159,6,8,0.189,0.987,0,4
7.69,DRY RUN,FEED,1,freshripe,0.81,0.90,12.8,88,0,0,-16,17,89,CRUISE,,0.32,0.36,0.37,0.00,0.01,0.00,0.00,,,19.7,29,-0.126,4,7,0.224,0.951,0,4
7.75,DRY RUN,FEED,1,freshripe,0.81,0.90,12.8,87,0,0,-16,15,89,CRUISE,,0.19,0.36,0.22,0.00,0.01,0.00,0.00,,,18.0,33,0.156,6,8,0.106,0.974,0,2
7.80,DRY RUN,FEED,1,rotten,0.79,0.53,12.8,87,0,0,-16,14,89,CRUISE,,0.12,0.36,0.13,0.00,0.01,0.00,0.00,,,19.8,28,0.011,6,8,0.031,1.000,0,1
7.86,DRY RUN,FEED,1,rotten,0.79,0.53,12.8,87,0,0,-16,15,89,CRUISE,,0.09,0.47,0.08,0.00,0.00,0.00,0.00,,,17.8,33,-0.097,5,8,0.098,0.997,0,2
7.91,DRY RUN,FEED,1,freshripe,0.79,0.49,12.8,86,0,0,-16,13,89,CRUISE,,0.07,0.52,0.05,0.00,0.44,0.00,0.00,,,19.9,28,-0.173,6,8,0.012,1.000,0,0
7.96,DRY RUN,FEED,1,freshripe,0.79,0.49,12.8,86,0,0,-16,13,89,CRUISE,,0.32,0.27,0.03,0.00,0.31,0.00,0.00,,,18.0,33,0.435,6,8,-0.011,1.000,0,0
8.01,DRY RUN,FEED,1,ripe,0.76,0.39,12.8,86,0,0,-16,14,89,CRUISE,,0.56,0.15,0.03,0.00,0.21,0.00,0.00,,,20.0,28,0.507,5,8,0.031,0.984,0,1
8.07,DRY RUN,FEED,1,ripe,0.76,0.39,12.8,85,0,0,-16,14,89,CRUISE,,0.68,0.16,0.35,0.00,0.15,0.00,0.00,,,18.3,32,0.526,5,7,0.055,0.969,0,1
8.12,DRY RUN,FEED,1,freshripe,0.85,0.67,12.8,85,0,0,-16,16,89,CRUISE,,0.64,0.23,0.52,0.00,0.44,0.00,0.00,,,19.8,28,-0.104,5,8,0.146,0.979,0,3
8.17,DRY RUN,FEED,1,freshripe,0.85,0.67,12.8,85,0,0,-16,14,89,CRUISE,,0.44,0.29,0.60,0.00,0.31,0.00,0.00,,,18.2,32,0.458,5,7,0.050,0.923,0,1
8.22,DRY RUN,FEED,1,freshripe,0.82,0.68,13.3,84,0,0,-16,16,89,CRUISE,,0.34,0.33,0.62,0.00,0.21,0.00,0.00,,,19.8,28,0.221,6,8,0.079,0.944,0,2
8.28,DRY RUN,FEED,1,freshripe,0.82,0.68,13.3,84,0,0,-16,18,89,CRUISE,,0.20,0.27,0.46,0.00,0.15,0.00,0.00,,,18.2,32,0.045,5,8,0.197,0.951,0,4
8.33,DRY RUN,FEED,1,freshripe,0.81,0.49,13.5,84,0,0,-16,15,89,CRUISE,,0.11,0.18,0.38,0.00,0.10,0.00,0.00,,,20.0,28,0.137,5,6,0.069,0.931,0,1
8.38,DRY RUN,FEED,1,freshripe,0.81,0.49,13.5,84,0,0,-16,13,89,CRUISE,,0.06,0.19,0.37,0.00,0.07,0.00,0.00,,,18.2,32,0.256,6,6,-0.052,0.953,0,-1
8.43,DRY RUN,FEED,1,rotten,0.81,0.40,13.2,83,0,0,-16,15,89,CRUISE,,0.24,0.28,0.44,0.00,0.05,0.00,0.00,,,20.0,28,0.723,6,7,0.008,0.927,0,0
8.49,DRY RUN,FEED,1,rotten,0.81,0.40,13.2,83,0,0,-16,15,89,CRUISE,,0.33,0.32,0.47,0.00,0.04,0.00,0.00,,,18.1,33,-0.031,6,7,0.007,0.913,0,0
8.54,DRY RUN,FEED,1,freshripe,0.86,0.46,13.1,83,0,0,-15,15,89,CRUISE,,0.20,0.23,0.41,0.00,0.44,0.00,0.00,,,19.6,29,-0.306,6,7,-0.001,0.962,0,0
8.59,DRY RUN,FEED,1,freshripe,0.86,0.46,13.1,82,0,0,-15,13,89,CRUISE,,0.10,0.12,0.37,0.00,0.31,0.00,0.00,,,18.1,32,-1.683,1,0,-0.081,0.632,0,-2
8.64,DRY RUN,FEED,1,freshripe,0.82,0.59,12.3,82,0,0,-15,14,89,CRUISE,,0.05,0.06,0.52,0.00,0.44,0.00,0.00,,,19.9,28,-0.349,6,8,-0.059,0.723,0,-1
8.70,DRY RUN,FEED,1,freshripe,0.82,0.59,12.3,82,0,0,-15,14,89,CRUISE,,0.14,0.06,0.69,0.00,0.31,0.00,0.00,,,18.1,32,0.267,6,7,-0.058,0.841,0,-1
8.75,DRY RUN,FEED,1,freshripe,0.78,0.97,11.7,81,0,0,-15,15,89,CRUISE,,1.80,0.09,0.68,0.00,0.44,0.28,0.00,,,19.9,28,0.345,6,8,0.039,0.912,0,1
8.81,DRY RUN,FEED,1,freshripe,0.78,0.97,11.7,81,0,0,-15,15,89,AVOID_RIGHT,,2.64,0.17,0.70,0.26,0.44,0.70,0.00,,,17.8,34,0.081,5,8,0.072,0.890,0,1
8.86,DRY RUN,SCARED,1,freshripe,0.82,0.97,11.6,81,0,-60,0,1,89,AVOID_RIGHT,RIGHT,2.71,0.31,0.71,0.67,0.31,0.80,0.00,,,19.7,29,1.145,2,6,0.167,0.768,0,1
8.91,DRY RUN,SCARED,1,freshripe,0.82,0.97,11.6,81,0,-60,0,1,89,ESCAPE,RIGHT,2.74,0.90,0.77,0.65,0.44,0.75,0.00,,,17.7,34,-0.042,5,7,0.073,0.804,0,1
8.96,DRY RUN,SCARED,1,freshripe,0.48,0.83,11.5,81,0,-60,0,0,89,ESCAPE,RIGHT,2.91,1.11,0.84,0.88,0.31,0.90,0.00,,,19.5,29,1.892,0,4,0.106,0.586,0,0
9.02,DRY RUN,SCARED,1,freshripe,0.48,0.83,11.5,81,0,-60,0,0,89,ESCAPE,RIGHT,3.22,1.21,0.88,0.90,0.44,0.99,0.00,,,17.9,33,0.344,6,7,0.155,0.735,0,0
9.07,DRY RUN,SCARED,1,,,,,81,0,-60,0,0,89,ESCAPE,RIGHT,3.39,1.26,0.77,0.98,0.31,1.00,0.08,,,19.6,29,0.312,6,7,0.132,0.862,0,0
9.13,DRY RUN,SCARED,0,,,,,81,0,-60,0,0,89,ESCAPE,RIGHT,3.46,1.01,0.67,0.96,0.21,1.00,0.00,,,18.2,32,1.632,0,2,0.117,0.666,0,0
9.18,DRY RUN,SCARED,0,,,,,81,0,-60,0,0,89,ESCAPE,RIGHT,2.49,0.92,0.62,0.95,0.15,0.77,0.00,,,18.3,32,0.801,4,8,0.244,0.704,0,0
9.23,DRY RUN,SCARED,0,,,,,81,0,-60,0,1,89,ESCAPE,RIGHT,1.68,0.83,0.53,0.79,0.10,0.39,0.00,,,18.4,32,0.833,5,6,0.172,0.763,0,1
9.29,DRY RUN,SCARED,0,,,,,81,0,-60,0,2,89,ESCAPE,RIGHT,1.27,0.83,0.28,0.60,0.07,0.20,0.00,,,18.3,32,0.610,4,7,0.301,0.782,0,2
9.34,DRY RUN,SCARED,0,,,,,81,0,-60,0,2,89,ESCAPE,RIGHT,1.31,0.93,0.16,0.33,0.05,0.23,0.04,,,18.3,32,0.059,6,8,0.146,0.865,0,2
9.40,DRY RUN,SCARED,0,,,,,81,0,-60,0,1,89,ESCAPE,RIGHT,2.23,1.08,0.16,0.55,0.04,0.70,0.12,,,18.2,32,0.021,2,5,0.071,0.749,0,1
9.45,DRY RUN,SCARED,0,,,,,81,0,-60,0,0,89,ESCAPE,RIGHT,2.68,1.05,0.32,0.72,0.03,0.93,0.11,,,18.3,32,-0.280,6,7,0.071,0.870,0,0
9.51,DRY RUN,SCARED,0,,,,,81,0,-60,0,-1,89,ESCAPE,RIGHT,2.86,0.83,0.41,0.81,0.02,1.00,0.01,,,18.3,32,-2.839,2,0,-0.182,0.585,0,-1
9.56,DRY RUN,WAIT,0,,,,,81,0,-39,0,-1,89,ESCAPE,RIGHT,2.91,0.47,0.66,0.87,0.44,0.84,0.00,,,17.8,34,-1.389,2,0,-0.206,0.367,0,-1
9.62,DRY RUN,WAIT,1,,,,,81,0,-25,0,-2,89,ESCAPE,RIGHT,1.94,0.29,0.79,0.65,0.44,0.35,0.00,,,19.7,28,-1.705,2,0,-0.265,0.259,0,-2
9.67,DRY RUN,WAIT,1,,,,,81,0,-16,0,-4,89,ESCAPE,RIGHT,1.06,0.27,0.81,0.48,0.31,0.00,0.00,,,18.1,33,-3.746,2,0,-0.375,0.198,0,-4
9.72,DRY RUN,WAIT,1,freshripe,0.49,1.00,11.6,81,0,-10,0,-6,89,ESCAPE,,0.63,0.79,0.82,0.27,1.31,0.00,0.00,,,19.9,28,-1.708,2,0,-0.404,0.178,0,-6
9.78,DRY RUN,WAIT,1,freshripe,0.49,1.00,11.6,81,0,-6,0,-5,89,ESCAPE,,0.53,2.16,1.52,0.26,0.92,0.22,0.22,,,18.1,33,-2.098,2,0,-0.339,0.138,0,-5
9.83,DRY RUN,WAIT,1,freshripe,0.86,0.92,9.8,81,0,-4,0,-2,89,ESCAPE,,0.56,2.85,1.87,0.56,1.31,0.37,0.37,,,19.5,29,-4.070,0,0,-0.199,0.078,0,-2
9.88,DRY RUN,WAIT,1,freshripe,0.86,0.92,9.8,81,0,-2,0,-3,89,ESCAPE,,0.82,2.29,1.40,0.42,0.92,0.29,0.29,,,17.9,33,-5.399,1,0,-0.246,0.092,0,-3
9.93,DRY RUN,WAIT,1,,,,,81,0,-1,0,-4,89,ESCAPE,,0.99,2.01,0.99,0.23,2.62,0.00,0.00,,,19.6,29,-4.589,1,0,-0.272,0.099,0,-4
9.99,DRY RUN,WAIT,1,,,,,81,0,-1,0,-4,89,ESCAPE,,1.37,1.51,0.78,0.13,1.83,0.00,0.00,,,18.1,32,-5.931,1,0,-0.212,0.075,0,-4
10.04,DRY RUN,WAIT,1,freshripe,0.76,0.84,6.8,81,0,0,0,-6,89,ESCAPE,,1.63,1.66,0.95,0.07,2.62,0.00,0.00,,,20.0,28,-7.492,2,0,-0.303,0.109,0,-6
10.09,DRY RUN,WAIT,0,,,,,81,0,0,0,-4,89,ESCAPE,,2.22,2.73,1.16,0.04,1.83,0.05,0.05,,,18.4,31,-5.551,1,0,-0.229,0.080,0,-4
10.15,DRY RUN,WAIT,0,,,,,81,0,0,0,-2,89,ESCAPE,,2.20,3.26,1.27,0.54,1.28,0.59,0.59,,,18.2,32,-1.629,2,0,-0.238,0.083,0,-2
10.20,DRY RUN,WAIT,0,,,,,81,0,0,0,0,89,ESCAPE,RIGHT,2.19,2.75,1.41,0.97,0.90,0.53,0.53,,,18.1,32,-1.529,1,0,-0.267,0.095,0,0
10.26,DRY RUN,WAIT,0,,,,,81,0,0,0,0,89,ESCAPE,RIGHT,1.85,2.40,1.48,1.00,0.63,0.49,0.49,,,18.1,33,-0.350,6,7,-0.235,0.430,0,0
10.31,DRY RUN,WAIT,0,,,,,81,0,0,0,0,89,ESCAPE,RIGHT,1.35,1.52,1.15,0.95,0.44,0.14,0.14,,,18.2,32,-0.001,6,8,-0.128,0.695,0,0
10.37,DRY RUN,WAIT,0,,,,,81,0,0,0,0,89,ESCAPE,RIGHT,0.74,0.89,0.99,0.53,0.31,0.00,0.00,,,18.6,31,0.805,5,8,0.000,0.768,0,0
10.42,DRY RUN,WAIT,0,,,,,81,0,0,0,2,89,ESCAPE,RIGHT,0.44,0.58,0.73,0.30,0.44,0.00,0.00,,,18.6,31,1.319,0,7,0.177,0.623,0,2
10.48,DRY RUN,WAIT,0,,,,,81,0,0,0,5,89,ESCAPE,,0.71,0.41,1.44,0.17,0.31,0.00,0.17,,,18.3,32,6.025,0,4,0.282,0.513,0,5
10.53,DRY RUN,WAIT,0,,,,,81,0,0,0,7,89,OPTOMOTOR,,1.16,0.46,1.99,0.10,1.75,0.00,0.00,,,18.6,31,6.965,0,3,0.364,0.431,0,7
10.58,DRY RUN,WAIT,0,,,,,81,0,0,0,9,89,OPTOMOTOR,,1.38,0.35,2.26,0.05,1.22,0.00,0.12,,,18.5,31,5.865,0,7,0.470,0.405,0,9
10.64,DRY RUN,WAIT,0,,,,,81,0,0,0,10,89,OPTOMOTOR,,1.59,0.50,2.48,0.03,2.62,0.00,0.00,,,18.2,32,6.601,0,6,0.501,0.385,0,10
10.69,DRY RUN,WAIT,1,freshripe,0.53,0.77,8.1,81,0,0,0,9,89,OPTOMOTOR,,1.70,1.11,3.42,0.16,1.83,0.00,0.39,,,19.9,28,6.980,0,6,0.559,0.417,0,9
10.75,DRY RUN,WAIT,1,freshripe,0.53,0.77,8.1,81,0,0,0,5,89,AVOID_LEFT,,2.10,2.75,3.89,0.46,1.28,0.34,0.90,,,17.8,34,3.177,0,4,0.453,0.340,0,5
10.80,DRY RUN,WAIT,1,freshripe,0.83,0.94,7.8,81,0,0,0,1,89,AVOID_LEFT,RIGHT,2.66,3.57,2.58,0.89,1.31,0.73,0.73,,,19.7,29,4.830,0,7,0.559,0.410,0,1
10.86,DRY RUN,WAIT,1,freshripe,0.83,0.94,7.8,81,0,0,0,0,89,AVOID_LEFT,RIGHT,3.28,3.97,1.68,1.00,0.92,1.00,1.00,,,14.8,33,1.329,0,8,0.648,0.455,0,0
10.92,DRY RUN,WAIT,1,freshripe,0.87,0.83,8.7,81,0,0,0,0,89,AVOID_LEFT,RIGHT,3.58,3.44,1.19,1.00,0.64,1.00,1.00,,,19.6,29,2.564,0,6,0.588,0.428,0,0
10.99,DRY RUN,WAIT,1,freshripe,0.87,0.83,8.7,81,0,0,0,0,89,AVOID_LEFT,RIGHT,3.09,2.79,0.98,1.00,0.45,0.92,0.77,,,13.7,50,1.622,0,6,0.587,0.427,0,0
11.04,DRY RUN,WAIT,1,freshripe,0.87,0.91,9.8,81,0,0,0,0,89,OPTOMOTOR,RIGHT,2.81,2.47,1.03,1.00,0.87,0.57,0.40,,,19.5,29,-0.246,6,7,0.246,0.660,0,0
11.10,DRY RUN,WAIT,1,freshripe,0.87,0.91,9.8,81,0,0,0,0,89,CRUISE,RIGHT,2.67,2.42,1.57,1.00,0.61,0.63,0.50,,,17.8,34,-2.581,2,0,-0.053,0.452,0,0
11.15,DRY RUN,WAIT,1,freshripe,0.78,0.80,10.2,81,0,0,0,0,89,CRUISE,RIGHT,2.45,2.40,1.84,1.00,0.44,0.61,0.58,,,19.4,29,-1.135,2,1,-0.100,0.312,0,0
11.20,DRY RUN,WAIT,1,freshripe,0.78,0.80,10.2,81,0,0,0,0,89,CRUISE,RIGHT,1.32,1.32,1.11,1.00,0.31,0.11,0.11,,,17.8,33,-2.274,0,0,-0.118,0.204,0,0
11.26,DRY RUN,WAIT,1,freshripe,0.78,0.80,10.2,81,0,0,0,-1,89,CRUISE,RIGHT,0.76,0.78,0.74,0.63,0.21,0.00,0.00,,,18.6,31,-0.040,6,7,-0.180,0.463,0,-1
11.31,DRY RUN,WAIT,1,freshripe,0.78,0.80,10.2,81,0,0,0,-1,89,CRUISE,RIGHT,0.49,0.50,0.61,0.35,0.44,0.00,0.00,,,18.2,32,-0.633,3,5,-0.086,0.599,0,-1
11.37,DRY RUN,WAIT,1,freshripe,0.78,0.80,10.2,81,0,0,0,-3,89,CRUISE,,0.36,0.36,0.55,0.20,0.31,0.00,0.00,,,18.4,32,-2.710,1,0,-0.193,0.399,0,-3
11.42,DRY RUN,WAIT,1,freshripe,0.78,0.80,10.2,81,0,0,0,-4,89,OPTOMOTOR,,0.26,0.29,0.53,0.11,0.44,0.00,0.00,,,18.1,33,-0.498,5,6,-0.212,0.520,0,-4
11.48,DRY RUN,WAIT,1,freshripe,0.78,0.80,10.2,81,0,0,0,-4,89,CRUISE,,0.20,0.56,0.53,0.06,0.31,0.00,0.00,,,18.3,32,-1.131,2,1,-0.195,0.421,0,-4
11.53,DRY RUN,WAIT,1,freshripe,0.78,0.80,10.2,81,0,0,0,-3,89,CRUISE,,0.18,0.70,0.52,0.04,0.21,0.00,0.00,,,18.4,31,0.596,5,6,-0.165,0.604,0,-3
11.59,DRY RUN,WAIT,1,freshripe,0.78,0.80,10.2,81,0,0,0,-3,89,CRUISE,,0.35,0.43,0.44,0.02,0.15,0.00,0.00,,,18.4,32,0.642,6,6,-0.132,0.755,0,-3
11.64,DRY RUN,WAIT,1,freshripe,0.78,0.80,10.2,81,0,0,0,1,89,CRUISE,,0.47,0.29,0.40,0.01,0.10,0.00,0.00,,,18.1,32,1.128,1,7,0.049,0.692,0,1
11.69,DRY RUN,WAIT,1,freshripe,0.78,0.80,10.2,81,0,0,0,3,89,CRUISE,,0.53,0.23,0.38,0.01,0.07,0.00,0.00,,,19.0,30,0.731,3,7,0.161,0.695,0,3
11.74,DRY RUN,FEED,2,freshripe,0.92,0.61,10.5,81,0,0,-5,8,89,CRUISE,,0.49,0.18,0.34,0.00,0.05,0.00,0.00,,,20.0,28,0.194,6,8,0.214,0.858,0,4
11.80,DRY RUN,FEED,2,freshripe,0.92,0.61,10.5,81,0,0,-9,12,89,CRUISE,,0.31,0.16,0.32,0.00,0.04,0.00,0.00,,,18.6,31,0.109,5,8,0.246,0.917,0,5
11.85,DRY RUN,FEED,2,freshripe,0.92,0.61,10.5,80,0,0,-12,13,89,OPTOMOTOR,,0.21,0.13,0.23,0.00,0.03,0.00,0.00,,,18.0,33,0.077,6,7,0.209,0.964,0,4
11.91,DRY RUN,FEED,2,freshripe,0.92,0.61,10.5,80,0,0,-13,12,89,CRUISE,,0.20,0.11,0.19,0.00,0.02,0.00,0.00,,,17.8,33,0.038,6,8,0.088,1.000,0,2
11.96,DRY RUN,FEED,2,freshripe,0.92,0.61,10.5,80,0,0,-14,14,89,CRUISE,,0.19,0.09,0.21,0.00,0.01,0.00,0.00,,,17.9,33,0.180,5,8,0.131,0.988,0,3
12.02,DRY RUN,FEED,2,freshripe,0.92,0.61,10.5,79,0,0,-15,12,89,CRUISE,,0.23,0.09,0.24,0.00,0.44,0.00,0.00,,,18.0,33,0.231,6,7,0.030,1.000,0,1
12.08,DRY RUN,FEED,2,freshripe,0.92,0.61,10.5,79,0,0,-15,13,89,CRUISE,,0.25,0.28,0.25,0.00,0.31,0.00,0.00,,,18.1,33,0.822,5,6,0.086,0.947,0,2
12.13,DRY RUN,FEED,2,freshripe,0.92,0.61,10.5,79,0,0,-16,13,89,CRUISE,,0.26,0.37,0.26,0.00,0.21,0.00,0.00,,,18.2,33,-0.004,6,8,0.044,0.986,0,1
12.19,DRY RUN,FEED,2,freshripe,0.92,0.61,10.5,78,0,0,-16,12,89,CRUISE,,0.22,0.28,0.21,0.00,0.15,0.00,0.00,,,18.1,32,0.090,6,8,0.000,1.000,0,0
12.24,DRY RUN,FEED,2,freshripe,0.92,0.61,10.5,78,0,0,-16,19,89,CRUISE,,0.17,0.23,0.19,0.00,0.10,0.00,0.00,,,18.7,31,1.380,0,7,0.335,0.815,0,7
12.29,DRY RUN,FEED,2,freshripe,0.92,0.61,10.5,78,0,0,-16,16,89,CRUISE,,0.14,0.32,0.42,0.00,0.07,0.00,0.00,,,18.9,31,0.306,4,7,0.206,0.840,0,4
12.34,DRY RUN,FEED,1,freshripe,0.91,0.80,10.5,77,0,0,-16,16,89,CRUISE,,0.10,0.37,0.54,0.00,0.05,0.00,0.00,,,20.2,28,0.192,6,8,0.208,0.926,0,4
12.40,DRY RUN,FEED,1,freshripe,0.91,0.80,10.5,77,0,0,-17,15,89,OPTOMOTOR,,0.08,0.24,0.32,0.00,0.04,0.00,0.00,,,18.0,33,-0.200,6,7,0.180,0.969,0,4
12.45,DRY RUN,FEED,1,rotten,0.82,0.44,10.5,77,0,0,-17,12,89,CRUISE,,0.07,0.15,0.21,0.00,0.03,0.00,0.00,,,19.7,28,0.104,6,6,0.024,0.946,0,0
12.50,DRY RUN,FEED,1,rotten,0.82,0.44,10.5,76,0,0,-17,15,89,CRUISE,,0.06,0.10,0.15,0.00,0.02,0.00,0.00,,,18.1,32,1.986,0,6,0.168,0.704,0,3
12.55,DRY RUN,FEED,1,freshripe,0.81,0.67,10.4,76,0,0,-17,15,89,CRUISE,,0.08,0.26,0.79,0.00,0.44,0.00,0.00,,,19.8,29,0.050,6,8,0.164,0.806,0,3
12.61,DRY RUN,FEED,1,freshripe,0.81,0.67,10.4,76,0,0,-17,14,89,CRUISE,,0.08,0.34,1.11,0.00,0.31,0.00,0.00,,,18.3,32,0.087,6,7,0.091,0.888,0,2
12.66,DRY RUN,FEED,1,freshripe,0.90,0.93,10.5,75,0,0,-17,12,89,CRUISE,,0.09,0.18,0.69,0.00,0.21,0.00,0.00,,,19.4,29,-0.888,4,5,0.017,0.814,0,0
12.72,DRY RUN,FEED,1,freshripe,0.90,0.93,10.5,75,0,0,-17,14,89,CRUISE,,0.15,0.10,0.48,0.00,0.15,0.00,0.00,,,18.1,33,-0.297,6,8,0.038,0.883,0,1
12.77,DRY RUN,FEED,1,freshripe,0.84,0.66,10.5,75,0,0,-17,10,89,CRUISE,,0.18,0.12,0.38,0.00,0.10,0.00,0.00,,,19.8,28,-1.192,2,1,-0.126,0.640,0,-3
12.82,DRY RUN,FEED,1,freshripe,0.84,0.66,10.5,75,0,0,-17,10,89,CRUISE,,0.18,0.28,0.33,0.00,0.07,0.00,0.00,,,18.4,31,-0.198,5,7,-0.138,0.746,0,-3
12.87,DRY RUN,FEED,1,freshripe,0.85,0.48,10.4,74,0,0,-17,10,89,CRUISE,,0.16,0.36,0.30,0.00,0.05,0.00,0.00,,,19.8,28,-0.394,6,7,-0.147,0.840,0,-3
12.93,DRY RUN,FEED,1,freshripe,0.85,0.48,10.4,74,0,0,-17,10,89,CRUISE,,0.12,0.35,0.29,0.00,0.04,0.00,0.00,,,18.0,33,0.027,6,8,-0.092,0.926,0,-2
12.98,DRY RUN,FEED,1,freshripe,0.83,0.61,10.5,74,0,0,-17,11,89,CRUISE,,0.08,0.26,0.33,0.00,0.03,0.00,0.00,,,19.7,28,0.033,6,8,-0.065,0.974,0,-1
13.03,DRY RUN,FEED,1,freshripe,0.83,0.61,10.5,73,0,0,-17,13,89,CRUISE,,0.08,0.21,0.42,0.00,0.02,0.00,0.00,,,18.2,32,0.391,5,7,0.064,0.977,0,1
13.08,DRY RUN,FEED,1,freshripe,0.83,0.58,10.4,73,0,0,-17,12,89,CRUISE,,0.07,0.25,0.89,0.00,0.01,0.00,0.04,,,19.7,29,0.107,5,6,-0.010,0.946,0,0
13.14,DRY RUN,FEED,1,freshripe,0.83,0.58,10.4,73,0,0,-17,12,89,CRUISE,,0.08,0.33,1.12,0.00,0.01,0.00,0.16,,,18.1,33,0.186,6,8,-0.010,0.985,0,0
13.19,DRY RUN,FEED,1,rotten,0.77,0.47,10.4,72,0,0,-17,13,89,CRUISE,,0.12,0.39,0.66,0.00,0.01,0.00,0.00,,,19.8,29,0.052,5,8,0.053,0.974,0,1
13.24,DRY RUN,FEED,1,rotten,0.77,0.47,10.4,72,0,0,-17,12,89,CRUISE,,0.14,0.43,0.42,0.00,0.00,0.00,0.00,,,18.2,32,-0.023,6,8,0.012,1.000,0,0
13.29,DRY RUN,FEED,1,freshripe,0.81,0.60,10.3,72,0,0,-17,12,89,CRUISE,,0.11,0.48,0.30,0.00,0.00,0.00,0.00,,,19.8,28,0.278,6,7,-0.007,0.977,0,0
13.35,DRY RUN,FEED,1,freshripe,0.81,0.60,10.3,71,0,0,-17,12,89,CRUISE,,0.07,0.53,0.19,0.00,0.00,0.00,0.00,,,18.3,32,-0.070,5,6,0.013,0.960,0,0
13.40,DRY RUN,FEED,1,rotten,0.83,0.50,10.4,71,0,0,-17,12,89,CRUISE,,0.07,0.55,0.14,0.00,0.00,0.00,0.00,,,19.9,28,-0.391,5,6,0.024,0.950,0,0
13.45,DRY RUN,FEED,1,rotten,0.83,0.50,10.4,71,0,0,-17,10,89,CRUISE,,0.10,0.46,0.19,0.00,0.00,0.00,0.00,,,18.4,32,-0.147,6,6,-0.095,0.964,0,-2
13.50,DRY RUN,FEED,1,freshripe,0.83,0.57,10.4,70,0,0,-17,11,89,CRUISE,,0.11,0.34,0.21,0.00,0.00,0.00,0.00,,,19.8,28,-0.224,6,7,-0.056,0.991,0,-1
13.56,DRY RUN,FEED,1,freshripe,0.83,0.57,10.4,70,0,0,-17,8,89,CRUISE,,0.12,0.28,0.17,0.00,0.00,0.00,0.00,,,18.1,32,0.040,6,5,-0.179,0.968,0,-4
13.61,DRY RUN,FEED,2,freshripe,0.81,0.53,10.5,70,0,0,-17,11,89,CRUISE,,0.11,0.25,0.15,0.00,0.00,0.00,0.00,,,19.0,31,0.273,6,7,-0.064,0.978,0,-1
13.67,DRY RUN,FEED,2,freshripe,0.81,0.53,10.5,69,0,0,-17,11,89,CRUISE,,0.11,0.21,0.16,0.00,0.00,0.00,0.00,,,18.0,33,0.302,6,7,-0.027,0.999,0,-1
13.72,DRY RUN,FEED,1,freshripe,0.86,0.81,10.2,69,0,0,-17,13,89,CRUISE,,0.08,0.17,0.16,0.00,0.00,0.00,0.00,,,19.7,28,0.320,5,8,0.062,1.000,0,1
13.77,DRY RUN,FEED,1,freshripe,0.86,0.81,10.2,69,0,0,-17,12,89,CRUISE,,0.05,0.15,0.14,0.00,0.00,0.00,0.00,,,18.5,31,-0.028,6,7,0.000,1.000,0,0
13.82,DRY RUN,FEED,1,rotten,0.85,0.43,10.3,69,0,0,-17,12,89,CRUISE,,0.05,0.14,0.13,0.00,0.00,0.00,0.00,,,19.9,28,-0.137,6,7,0.000,1.000,0,0
13.88,DRY RUN,FEED,1,rotten,0.85,0.43,10.3,68,0,0,-17,10,89,CRUISE,,0.04,0.13,0.12,0.00,0.00,0.00,0.00,,,18.3,32,-0.185,6,7,-0.114,0.965,0,-2
13.93,DRY RUN,FEED,1,rotten,0.84,0.36,10.3,68,0,0,-17,11,89,CRUISE,,0.04,0.12,0.12,0.00,0.00,0.00,0.00,,,19.8,28,-0.173,6,7,-0.058,0.991,0,-1
13.98,DRY RUN,FEED,1,rotten,0.84,0.36,10.3,68,0,0,-17,12,89,CRUISE,,0.05,0.08,0.12,0.00,0.00,0.00,0.00,,,18.3,32,-0.016,6,8,0.000,1.000,0,0
14.03,DRY RUN,FEED,2,ripe,0.85,0.46,10.3,67,0,0,-17,12,89,CRUISE,,0.06,0.06,0.12,0.00,0.00,0.00,0.00,,,19.1,30,0.338,6,7,0.016,1.000,0,0
14.09,DRY RUN,FEED,2,ripe,0.85,0.46,10.3,67,0,0,-17,12,89,CRUISE,,0.05,0.07,0.12,0.00,0.00,0.00,0.00,,,18.3,32,0.029,6,8,0.000,1.000,0,0
14.14,DRY RUN,FEED,1,freshripe,0.84,0.46,10.3,67,0,0,-17,13,89,CRUISE,,0.04,0.08,0.13,0.00,0.00,0.00,0.00,,,19.7,29,0.096,6,8,0.030,1.000,0,1
14.20,DRY RUN,FEED,1,freshripe,0.84,0.46,10.3,66,0,0,-17,14,89,CRUISE,,0.04,0.08,0.14,0.00,0.00,0.00,0.00,,,17.9,33,-0.092,5,7,0.098,0.996,0,2
14.25,DRY RUN,FEED,1,freshripe,0.82,0.76,10.4,66,0,0,-17,12,89,CRUISE,,0.03,0.06,0.11,0.00,0.00,0.00,0.00,,,19.7,29,0.248,6,7,0.012,1.000,0,0
14.30,DRY RUN,FEED,1,freshripe,0.82,0.76,10.4,66,0,0,-17,11,89,CRUISE,,0.03,0.04,0.09,0.00,0.00,0.00,0.00,,,17.9,33,0.007,6,7,-0.045,0.995,0,-1
14.36,DRY RUN,FEED,2,freshripe,0.82,0.39,10.4,65,0,0,-17,13,89,CRUISE,,0.03,0.04,0.09,0.00,0.00,0.00,0.00,,,18.9,31,-0.167,5,7,0.054,0.989,0,1
14.41,DRY RUN,FEED,2,freshripe,0.82,0.39,10.4,65,0,0,-17,12,89,CRUISE,,0.03,0.11,0.09,0.00,0.00,0.00,0.00,,,18.3,32,0.144,5,6,-0.016,0.952,0,0
14.46,DRY RUN,FEED,1,freshripe,0.82,0.58,10.3,65,0,0,-17,11,89,CRUISE,,0.07,0.14,0.11,0.00,0.44,0.00,0.00,,,19.8,28,0.151,6,7,-0.034,0.984,0,-1
14.51,DRY RUN,FEED,1,freshripe,0.82,0.58,10.3,64,0,0,-17,15,89,CRUISE,,0.18,0.18,0.16,0.00,0.31,0.00,0.00,,,18.3,32,0.428,5,7,0.175,0.969,0,3
14.57,DRY RUN,FEED,2,freshripe,0.81,0.52,10.2,64,0,0,-17,13,89,CRUISE,,0.24,0.19,0.21,0.00,0.21,0.00,0.00,,,19.5,30,0.221,6,7,0.061,0.993,0,1
14.62,DRY RUN,FEED,2,freshripe,0.81,0.52,10.2,64,0,0,-17,13,89,CRUISE,,0.26,0.22,0.36,0.00,0.87,0.00,0.00,,,18.4,32,0.153,6,7,0.047,0.979,0,1
14.67,DRY RUN,FEED,1,freshripe,0.77,0.81,10.4,63,0,0,-17,13,89,CRUISE,,0.25,0.26,0.58,0.00,0.61,0.00,0.00,,,19.7,29,0.541,5,6,-0.019,0.946,0,0
14.73,DRY RUN,FEED,1,freshripe,0.77,0.81,10.4,63,0,0,-17,11,89,CRUISE,,0.24,0.28,0.69,0.00,0.43,0.00,0.00,,,18.3,32,0.034,6,7,-0.098,0.967,0,-2
14.78,DRY RUN,FEED,1,rotten,0.78,0.48,10.2,63,0,0,-17,14,89,CRUISE,,0.16,0.23,0.69,0.00,0.30,0.00,0.00,,,19.6,29,0.359,6,8,0.034,0.983,0,1
14.83,DRY RUN,FEED,1,rotten,0.78,0.48,10.2,62,0,0,-17,14,89,CRUISE,,0.11,0.21,0.69,0.00,0.21,0.00,0.00,,,17.9,33,0.538,6,8,0.046,0.977,0,1
14.88,DRY RUN,FEED,1,freshripe,0.81,0.39,10.3,62,0,0,-17,15,89,CRUISE,,0.08,0.24,0.69,0.00,0.15,0.00,0.00,,,19.9,28,1.427,0,4,0.091,0.726,0,2
14.94,DRY RUN,FEED,1,freshripe,0.81,0.39,10.3,62,0,0,-17,17,89,CRUISE,,0.09,0.28,0.77,0.00,0.10,0.00,0.00,,,18.4,32,1.835,0,6,0.211,0.595,0,4
14.99,DRY RUN,FEED,1,freshripe,0.84,0.55,10.7,62,0,0,-17,21,89,OPTOMOTOR,,0.15,0.38,0.71,0.00,0.87,0.00,0.00,,,19.9,28,3.235,0,6,0.393,0.535,0,8
15.04,DRY RUN,FEED,1,freshripe,0.84,0.55,10.7,61,0,0,-17,22,89,OPTOMOTOR,,0.41,0.44,0.51,0.00,0.61,0.00,0.00,,,18.4,32,3.211,0,3,0.412,0.430,0,8
15.09,DRY RUN,FEED,1,freshripe,0.81,0.58,11.1,61,0,0,-17,25,89,OPTOMOTOR,,0.53,0.47,0.41,0.00,0.87,0.00,0.00,,,19.8,28,5.043,0,5,0.483,0.394,0,10
15.15,DRY RUN,FEED,1,freshripe,0.81,0.58,11.1,61,0,0,-17,28,89,OPTOMOTOR,,0.63,0.48,1.30,0.00,1.31,0.00,0.00,,,18.2,32,1.443,0,6,0.580,0.437,0,12
15.20,DRY RUN,FEED,1,rotten,0.79,0.54,11.1,60,0,0,-17,27,89,OPTOMOTOR,,0.80,0.52,1.74,0.00,0.92,0.00,0.01,,,19.9,28,1.909,0,1,0.485,0.365,0,10
15.25,DRY RUN,FEED,1,rotten,0.79,0.54,11.1,60,0,0,-17,24,89,OPTOMOTOR,,0.89,0.81,1.35,0.00,0.64,0.00,0.00,,,18.4,32,0.896,4,7,0.365,0.544,0,7
15.30,DRY RUN,FEED,1,rotten,0.87,0.54,11.8,60,0,0,-17,24,89,OPTOMOTOR,,0.65,0.96,1.15,0.00,0.45,0.00,0.00,,,19.6,29,1.352,1,3,0.298,0.525,0,6
15.36,DRY RUN,FEED,1,rotten,0.87,0.54,11.8,59,0,0,-17,27,89,OPTOMOTOR,,0.53,0.91,1.06,0.00,0.44,0.00,0.00,,,18.0,33,1.398,0,6,0.461,0.496,0,9
15.41,DRY RUN,FEED,1,freshripe,0.77,0.90,12.3,59,0,0,-18,28,89,OPTOMOTOR,,1.70,0.74,1.19,0.00,0.31,0.30,0.04,,,19.5,29,1.410,1,8,0.508,0.537,0,10
15.47,DRY RUN,FEED,1,freshripe,0.77,0.90,12.3,59,0,0,-18,25,89,AVOID_RIGHT,,2.48,0.59,1.26,0.41,0.21,0.73,0.12,,,17.4,35,1.396,0,6,0.581,0.488,0,7
15.52,DRY RUN,SCARED,1,freshripe,0.79,0.99,12.7,59,0,-60,0,5,89,AVOID_RIGHT,RIGHT,3.82,0.49,0.88,0.64,0.15,1.00,0.00,,,19.2,30,1.579,0,7,0.662,0.480,0,5
15.58,DRY RUN,SCARED,1,freshripe,0.79,0.99,12.7,59,0,-60,0,2,89,ESCAPE,RIGHT,4.50,0.46,0.68,0.77,0.44,1.00,0.00,,,17.9,33,1.896,0,3,0.530,0.399,0,2
15.63,DRY RUN,SCARED,1,freshripe,0.45,0.95,12.9,59,0,-60,0,1,89,ESCAPE,RIGHT,3.13,0.48,0.51,0.87,0.31,1.00,0.00,,,19.3,30,2.057,0,3,0.429,0.324,0,1
15.68,DRY RUN,SCARED,1,freshripe,0.45,0.95,12.9,59,0,-60,0,3,89,ESCAPE,RIGHT,2.37,0.75,0.43,0.75,0.44,0.57,0.00,,,18.0,33,1.691,0,5,0.512,0.378,0,3
15.73,DRY RUN,SCARED,1,,,,,59,0,-60,0,4,89,ESCAPE,RIGHT,1.82,0.89,0.88,0.68,0.31,0.36,0.00,,,19.5,29,4.288,0,5,0.558,0.408,0,4
15.79,DRY RUN,SCARED,1,,,,,59,0,-60,0,6,89,ESCAPE,RIGHT,1.55,0.94,1.11,0.38,0.44,0.16,0.00,,,18.1,32,3.348,0,4,0.515,0.378,0,6
15.84,DRY RUN,SCARED,1,freshripe,0.30,0.98,12.7,59,0,-60,0,7,89,ESCAPE,RIGHT,1.25,0.85,1.57,0.31,0.31,0.07,0.23,,,19.8,28,6.155,0,4,0.511,0.375,0,7
15.89,DRY RUN,SCARED,1,freshripe,0.30,0.98,12.7,59,0,-60,0,7,89,ESCAPE,,1.10,0.92,1.79,0.23,2.18,0.00,0.00,,,18.3,32,6.331,0,4,0.467,0.344,0,7
15.94,DRY RUN,SCARED,1,freshripe,0.53,0.90,14.6,59,0,-60,0,10,89,ESCAPE,,1.03,0.84,1.98,0.13,1.75,0.00,0.00,,,19.9,28,1.490,1,6,0.561,0.427,0,10
16.00,DRY RUN,SCARED,0,,,,,59,0,-60,0,8,89,ESCAPE,,1.67,1.26,2.65,0.22,1.22,0.00,0.31,,,18.4,31,2.189,0,4,0.495,0.374,0,8
16.05,DRY RUN,SCARED,0,,,,,59,0,-60,0,9,89,ESCAPE,,3.39,2.37,3.65,0.27,3.49,0.00,0.00,,,17.9,33,2.005,0,7,0.608,0.444,0,9
16.11,DRY RUN,SCARED,2,freshripe,0.25,0.98,19.2,59,0,-60,0,5,89,ESCAPE,,4.42,3.31,4.14,0.41,2.44,0.59,0.45,,,18.9,31,0.852,0,1,0.396,0.298,0,5
16.16,DRY RUN,SCARED,2,freshripe,0.25,0.98,19.2,59,0,-60,0,0,89,ESCAPE,RIGHT,5.00,4.11,4.39,1.00,2.18,1.00,0.71,,,17.8,33,-0.054,1,1,0.296,0.220,0,0
16.22,DRY RUN,SCARED,1,freshripe,0.88,0.99,22.3,59,0,-60,0,0,89,ESCAPE,RIGHT,5.29,4.52,3.85,1.00,1.53,1.00,1.00,,,19.2,30,4.011,0,5,0.335,0.248,0,0
16.27,DRY RUN,WAIT,1,freshripe,0.88,0.99,22.3,59,0,-39,0,0,89,ESCAPE,RIGHT,4.78,4.33,2.30,1.00,2.62,0.68,0.46,,,17.8,33,2.222,0,3,0.362,0.268,0,0
16.33,DRY RUN,WAIT,2,freshripe,0.80,0.99,30.2,59,0,-25,0,0,89,ESCAPE,RIGHT,3.83,4.24,1.53,1.00,1.83,0.80,0.80,,,18.5,32,2.875,0,6,0.452,0.337,0,0
16.38,DRY RUN,WAIT,2,freshripe,0.80,0.99,30.2,59,0,-16,0,0,89,ESCAPE,RIGHT,3.31,4.21,1.98,1.00,2.18,0.61,0.61,,,17.8,34,1.367,0,5,0.483,0.356,0,0
16.43,DRY RUN,WAIT,1,freshripe,0.65,0.99,26.3,59,0,-10,0,0,89,ESCAPE,RIGHT,3.05,4.19,2.20,1.00,1.53,0.93,0.93,,,19.2,30,2.381,0,5,0.500,0.368,0,0
16.49,DRY RUN,WAIT,1,freshripe,0.65,0.99,26.3,59,0,-6,0,0,89,ESCAPE,RIGHT,2.70,2.89,2.08,1.00,1.31,0.39,0.39,,,18.0,33,2.797,0,4,0.482,0.355,0,0
16.54,DRY RUN,WAIT,2,freshripe,0.72,0.99,26.3,59,0,-4,0,0,89,ESCAPE,RIGHT,2.45,2.08,1.86,0.97,0.92,0.36,0.18,,,18.7,31,1.321,0,7,0.597,0.433,0,0
16.60,DRY RUN,WAIT,2,freshripe,0.72,0.99,26.3,59,0,-2,0,2,89,ESCAPE,RIGHT,2.40,1.27,1.53,0.81,0.87,0.37,0.00,,,18.0,33,2.417,0,1,0.411,0.306,0,2
16.65,DRY RUN,WAIT,2,freshripe,0.66,1.00,26.3,59,0,-1,0,3,89,ESCAPE,RIGHT,2.22,0.86,0.90,0.60,0.87,0.27,0.00,,,18.7,31,0.825,2,7,0.386,0.430,0,3
16.71,DRY RUN,WAIT,2,freshripe,0.66,1.00,26.3,59,0,-1,0,3,89,ESCAPE,RIGHT,2.83,0.48,0.45,0.52,0.87,0.58,0.00,,,17.9,33,2.028,0,1,0.274,0.375,0,3
16.76,DRY RUN,WAIT,1,freshripe,0.26,0.99,25.0,59,0,0,0,2,89,ESCAPE,RIGHT,3.14,0.29,0.23,0.68,0.61,0.87,0.00,,,19.4,29,1.042,3,5,0.276,0.478,0,2
16.82,DRY RUN,WAIT,1,freshripe,0.26,0.99,25.0,59,0,0,0,1,89,ESCAPE,RIGHT,3.56,0.19,0.18,0.78,0.43,1.00,0.00,,,17.9,33,0.329,6,7,0.143,0.717,0,1
16.87,DRY RUN,WAIT,2,freshripe,0.54,0.97,25.2,59,0,0,0,0,89,ESCAPE,RIGHT,3.76,1.40,0.61,0.96,0.30,1.00,0.15,,,18.5,31,1.115,1,6,0.253,0.709,0,0
16.93,DRY RUN,WAIT,2,freshripe,0.54,0.97,25.2,59,0,0,0,0,89,ESCAPE,RIGHT,3.63,2.48,0.97,1.00,0.21,1.00,0.74,,,17.7,34,1.373,2,6,0.308,0.666,0,0
16.98,DRY RUN,WAIT,2,freshripe,0.48,0.80,25.8,59,0,0,0,0,89,ESCAPE,RIGHT,3.13,3.02,1.15,1.00,0.15,1.00,1.00,,,18.4,32,1.265,0,7,0.444,0.608,0,0
17.04,DRY RUN,WAIT,0,,,,,59,0,0,0,0,89,ESCAPE,RIGHT,2.87,3.74,1.50,1.00,0.44,1.00,1.00,,,18.0,33,1.221,1,6,0.442,0.547,0,0
17.09,DRY RUN,WAIT,0,,,,,59,0,0,0,0,89,ESCAPE,RIGHT,2.83,2.41,1.75,1.00,0.31,0.86,0.65,,,18.2,32,0.703,4,8,0.343,0.666,0,0
17.15,DRY RUN,WAIT,0,,,,,59,0,0,0,0,89,ESCAPE,RIGHT,2.93,2.43,1.87,1.00,0.44,0.85,0.60,,,18.1,32,-0.596,5,5,0.140,0.751,0,0
17.21,DRY RUN,WAIT,0,,,,,59,0,0,0,0,89,AVOID_RIGHT,RIGHT,2.86,1.66,1.52,1.00,0.31,0.88,0.28,,,15.3,31,-0.690,4,5,-0.033,0.752,0,0
17.27,DRY RUN,WAIT,0,,,,,59,0,0,0,0,89,AVOID_RIGHT,RIGHT,2.26,2.03,0.94,1.00,0.21,0.62,0.51,,,18.2,32,-1.199,2,1,-0.151,0.523,0,0
17.32,DRY RUN,WAIT,0,,,,,59,0,0,0,0,89,AVOID_RIGHT,RIGHT,1.59,1.46,0.64,1.00,0.87,0.00,0.00,,,18.3,32,-0.722,4,5,-0.168,0.595,0,0
17.37,DRY RUN,WAIT,0,,,,,59,0,0,0,-2,89,AVOID_RIGHT,RIGHT,1.42,1.06,0.49,0.60,0.61,0.01,0.00,,,18.5,31,-1.629,1,0,-0.194,0.368,0,-2
17.44,DRY RUN,WAIT,0,,,,,59,0,0,0,-3,89,AVOID_RIGHT,RIGHT,1.17,0.86,0.41,0.34,0.44,0.00,0.00,,,15.3,43,-0.335,5,5,-0.210,0.441,0,-3
17.49,DRY RUN,WAIT,0,,,,,59,0,0,0,-3,89,AVOID_RIGHT,,1.08,0.85,0.46,0.19,0.31,0.00,0.00,,,18.5,31,-1.862,0,0,-0.205,0.377,0,-3
17.55,DRY RUN,WAIT,0,,,,,59,0,0,0,-2,89,OPTOMOTOR,,1.03,1.57,1.05,0.23,0.21,0.28,0.28,,,18.5,31,0.882,1,5,-0.116,0.369,0,-2
17.60,DRY RUN,WAIT,0,,,,,59,0,0,0,0,89,CRUISE,RIGHT,1.60,2.40,2.27,0.91,0.15,0.73,0.73,,,18.1,32,-0.965,1,0,-0.128,0.298,0,0
17.66,DRY RUN,WAIT,0,,,,,59,0,0,0,0,89,CRUISE,RIGHT,2.22,2.82,2.77,1.00,0.10,0.96,0.96,,,17.6,34,0.177,2,5,-0.106,0.373,0,0
17.72,DRY RUN,WAIT,0,,,,,59,0,0,0,0,89,AVOID_LEFT,RIGHT,2.53,2.85,3.02,1.00,0.07,0.99,1.00,,,18.1,33,0.085,6,8,-0.061,0.649,0,0
17.77,DRY RUN,WAIT,0,,,,,59,0,0,0,0,89,AVOID_RIGHT,RIGHT,2.44,2.20,2.35,1.00,0.44,0.60,0.55,,,18.1,32,0.587,5,8,0.005,0.799,0,0
17.82,DRY RUN,WAIT,0,,,,,59,0,0,0,0,89,AVOID_LEFT,RIGHT,2.12,1.85,1.72,1.00,0.31,0.51,0.37,,,18.7,32,-0.242,6,7,0.032,0.898,0,0
17.88,DRY RUN,WAIT,0,,,,,59,0,0,0,0,89,AVOID_RIGHT,RIGHT,1.94,1.53,1.17,1.00,0.21,0.46,0.26,,,17.7,33,0.089,5,8,0.103,0.911,0,0
17.94,DRY RUN,WAIT,0,,,,,59,0,0,0,0,89,AVOID_RIGHT,RIGHT,1.85,1.35,0.77,0.87,0.44,0.31,0.06,,,18.3,32,0.416,6,6,0.020,0.942,0,0
17.99,DRY RUN,WAIT,0,,,,,59,0,0,0,0,89,AVOID_RIGHT,RIGHT,1.78,0.91,0.57,0.64,0.31,0.34,0.00,,,18.1,33,0.144,5,5,-0.044,0.921,0,0
18.05,DRY RUN,WAIT,0,,,,,59,0,0,0,1,89,AVOID_RIGHT,RIGHT,1.75,0.69,0.77,0.62,0.21,0.37,0.00,,,17.7,34,0.817,4,7,0.080,0.900,0,1
18.10,DRY RUN,WAIT,0,,,,,59,0,0,0,1,89,AVOID_RIGHT,RIGHT,2.26,1.10,0.96,0.61,0.15,0.65,0.07,,,18.1,33,0.206,5,7,0.087,0.921,0,1
18.16,DRY RUN,WAIT,0,,,,,59,0,0,0,0,89,AVOID_RIGHT,RIGHT,2.51,1.74,1.08,1.00,0.10,0.80,0.42,,,17.6,34,-0.388,6,7,0.005,0.952,0,0
18.22,DRY RUN,WAIT,0,,,,,59,0,0,0,0,89,AVOID_RIGHT,RIGHT,2.64,2.85,2.54,1.00,0.07,0.99,0.99,,,17.6,34,-0.381,0,1,-0.030,0.626,0,0
18.27,DRY RUN,WAIT,0,,,,,59,0,0,0,0,89,AVOID_RIGHT,RIGHT,2.44,3.40,3.27,1.00,0.44,1.00,1.00,,,17.8,33,0.051,5,7,-0.073,0.739,0,0
18.32,DRY RUN,WAIT,1,freshripe,0.35,0.70,21.6,59,0,0,0,0,89,AVOID_RIGHT,RIGHT,2.34,2.78,2.34,1.00,0.31,0.84,0.84,,,19.2,29,-0.630,2,5,-0.000,0.721,0,0
18.38,DRY RUN,WAIT,1,freshripe,0.35,0.70,21.6,59,0,0,0,0,89,AVOID_RIGHT,RIGHT,2.27,2.17,1.77,1.00,0.21,0.63,0.58,,,17.7,34,-0.640,5,5,-0.122,0.754,0,0
18.44,DRY RUN,WAIT,1,freshripe,0.35,0.70,21.6,59,0,0,0,0,89,AVOID_RIGHT,RIGHT,1.41,1.81,1.39,1.00,0.15,0.43,0.43,,,17.8,34,-1.506,2,0,-0.223,0.491,0,0
18.49,DRY RUN,WAIT,1,freshripe,0.35,0.70,21.6,59,0,0,0,0,89,AVOID_RIGHT,RIGHT,0.95,1.04,0.77,1.00,0.44,0.00,0.00,,,18.4,32,-0.591,6,5,-0.253,0.601,0,0
18.55,DRY RUN,WAIT,1,freshripe,0.35,0.70,21.6,59,0,0,0,-1,89,CRUISE,RIGHT,0.75,0.66,0.46,0.62,0.31,0.00,0.00,,,18.4,31,0.591,5,8,-0.119,0.758,0,-1
18.60,DRY RUN,WAIT,1,freshripe,0.35,0.70,21.6,59,0,0,0,-1,89,CRUISE,RIGHT,1.44,1.69,0.58,0.56,0.21,0.34,0.34,,,18.0,32,-2.023,1,0,-0.167,0.503,0,-1
18.66,DRY RUN,WAIT,1,freshripe,0.35,0.70,21.6,59,0,0,0,-1,89,AVOID_LEFT,RIGHT,2.10,2.48,0.69,0.83,0.44,0.62,0.62,,,18.0,33,-0.782,6,5,-0.220,0.536,0,-1
18.71,DRY RUN,WAIT,1,freshripe,0.35,0.70,21.6,59,0,0,0,0,89,AVOID_RIGHT,RIGHT,2.26,2.60,1.19,1.00,0.31,0.75,0.75,,,17.7,34,-0.511,5,7,-0.196,0.688,0,0
18.77,DRY RUN,WAIT,0,,,,,59,0,0,0,0,89,CRUISE,RIGHT,2.34,2.21,1.44,1.00,0.21,0.66,0.60,,,18.3,32,-1.595,2,0,-0.223,0.482,0,0
18.82,DRY RUN,WAIT,0,,,,,59,0,0,0,0,89,OPTOMOTOR,RIGHT,2.12,1.88,1.12,1.00,0.15,0.58,0.46,,,17.9,33,-1.687,2,0,-0.266,0.338,0,0
18.88,DRY RUN,WAIT,0,,,,,59,0,0,0,0,89,AVOID_RIGHT,RIGHT,1.95,1.44,0.85,1.00,0.44,0.35,0.10,,,17.7,33,-0.671,5,4,-0.271,0.405,0,0
18.94,DRY RUN,WAIT,0,,,,,59,0,0,0,-1,89,ESCAPE,RIGHT,1.28,0.98,0.71,0.80,0.31,0.09,0.00,,,18.0,33,-1.064,2,1,-0.254,0.428,0,-1
18.99,DRY RUN,WAIT,0,,,,,59,0,0,0,-2,89,ESCAPE,RIGHT,0.86,0.57,0.58,0.45,0.44,0.00,0.00,,,18.5,31,-0.795,3,4,-0.214,0.417,0,-2
19.04,DRY RUN,WAIT,0,,,,,59,0,0,0,-4,89,ESCAPE,,0.60,0.37,0.51,0.25,0.31,0.00,0.00,,,18.4,32,-0.536,6,5,-0.249,0.588,0,-4
19.10,DRY RUN,WAIT,0,,,,,59,0,0,0,-4,89,ESCAPE,,0.47,0.42,0.52,0.14,2.18,0.00,0.00,,,18.2,32,-2.134,1,0,-0.241,0.421,0,-4
19.15,DRY RUN,WAIT,0,,,,,59,0,0,0,-5,89,ESCAPE,,1.41,1.74,0.70,0.08,1.53,0.00,0.00,,,18.4,32,-1.462,2,0,-0.266,0.289,0,-5
19.21,DRY RUN,WAIT,0,,,,,59,0,0,0,-7,89,ESCAPE,,1.89,2.40,0.79,0.05,1.31,0.15,0.15,,,18.8,31,-2.264,2,0,-0.376,0.215,0,-7
19.26,DRY RUN,WAIT,0,,,,,59,0,0,0,-8,89,ESCAPE,,2.13,1.20,0.45,0.03,0.92,0.21,0.00,,,18.5,31,-3.536,2,0,-0.389,0.174,0,-8
19.32,DRY RUN,WAIT,0,,,,,59,0,0,0,-4,89,ESCAPE,,2.01,0.60,0.28,0.16,0.64,0.29,0.00,,,18.1,32,-2.537,0,0,-0.265,0.112,0,-4
19.37,DRY RUN,APPROACH,0,,,,,59,0,4,0,-5,89,ESCAPE,,1.55,0.47,0.26,0.12,1.31,0.00,0.00,,,18.5,32,-4.471,2,0,-0.295,0.115,0,-5
19.42,DRY RUN,APPROACH,0,,,,,59,0,6,0,-6,89,ESCAPE,,1.25,0.40,0.29,0.07,0.92,0.00,0.00,,,18.5,31,-1.352,2,0,-0.312,0.117,0,-6
19.48,DRY RUN,APPROACH,0,,,,,59,0,8,0,-5,89,ESCAPE,,0.69,0.37,0.30,0.04,0.87,0.00,0.00,,,18.3,32,-1.560,2,0,-0.284,0.104,0,-5
19.53,DRY RUN,APPROACH,0,,,,,59,0,9,0,-4,89,ESCAPE,,0.41,0.84,1.59,0.02,0.61,0.00,0.09,,,18.5,32,-3.343,0,0,-0.206,0.073,0,-4
19.59,DRY RUN,APPROACH,0,,,,,59,0,10,0,-3,89,ESCAPE,,1.61,1.33,3.54,0.27,1.75,0.00,0.50,,,18.0,33,-2.810,0,0,-0.200,0.070,0,-3
19.64,DRY RUN,APPROACH,0,,,,,59,0,11,0,-2,89,ESCAPE,,2.20,2.23,4.56,0.52,1.22,0.11,1.00,,,18.2,32,-3.587,2,0,-0.259,0.092,0,-2
19.70,DRY RUN,SCARED,0,,,,,59,0,-60,0,-2,89,ESCAPE,LEFT,2.55,2.69,5.41,0.69,3.05,0.00,0.78,,,18.0,33,-3.368,2,0,-0.292,0.104,0,-2
19.75,DRY RUN,SCARED,1,freshripe,0.20,0.99,15.3,59,0,-60,0,-1,89,ESCAPE,LEFT,2.60,2.96,5.83,0.78,2.14,0.01,1.00,,,19.3,30,-0.326,4,5,-0.221,0.273,0,-1
19.81,DRY RUN,SCARED,1,freshripe,0.20,0.99,15.3,59,0,-60,0,0,89,ESCAPE,LEFT,2.19,3.35,4.80,0.85,3.05,0.00,0.47,,,17.8,34,0.445,2,1,-0.165,0.283,0,0
19.86,DRY RUN,SCARED,1,freshripe,0.38,0.99,12.0,59,0,-60,0,0,89,ESCAPE,LEFT,1.99,3.55,4.29,0.89,2.14,0.31,0.68,,,19.4,29,-1.232,2,1,-0.203,0.230,0,0
19.91,DRY RUN,SCARED,1,freshripe,0.38,0.99,12.0,59,0,-60,0,0,89,ESCAPE,LEFT,3.54,2.97,4.45,0.96,2.18,0.28,0.73,,,17.9,33,-2.394,2,0,-0.317,0.211,0,0
19.97,DRY RUN,SCARED,2,freshripe,0.28,0.83,28.9,59,0,-60,0,0,89,ESCAPE,LEFT,4.32,2.66,4.62,1.00,1.53,0.99,1.00,,,18.6,31,-3.930,1,0,-0.317,0.152,0,0
20.02,DRY RUN,SCARED,2,freshripe,0.28,0.83,28.9,59,0,-60,0,0,89,ESCAPE,LEFT,4.63,2.53,5.18,1.00,1.07,1.00,1.00,,,17.8,33,-0.985,2,1,-0.331,0.186,0,0
20.08,DRY RUN,SCARED,1,freshripe,0.44,0.97,11.6,59,0,-60,0,0,89,ESCAPE,LEFT,4.64,2.89,4.99,1.00,0.87,1.00,1.00,,,19.0,30,-3.297,1,0,-0.337,0.152,0,0
20.13,DRY RUN,SCARED,1,freshripe,0.44,0.97,11.6,59,0,-60,0,0,89,ESCAPE,LEFT,3.95,3.07,4.68,1.00,0.61,1.00,1.00,,,17.7,34,-2.015,0,0,-0.273,0.114,0,0
20.19,DRY RUN,SCARED,1,freshripe,0.55,0.94,11.0,59,0,-60,0,0,89,ESCAPE,LEFT,2.80,2.41,3.39,1.00,0.44,0.78,1.00,,,19.2,30,0.144,6,6,-0.236,0.336,0,0
20.24,DRY RUN,SCARED,1,freshripe,0.55,0.94,11.0,59,0,-60,0,0,89,ESCAPE,LEFT,1.91,2.07,2.54,1.00,0.87,0.20,0.43,,,17.8,33,1.654,1,6,-0.019,0.423,0,0
20.29,DRY RUN,SCARED,1,freshripe,0.57,0.95,11.6,59,0,-60,0,0,89,ESCAPE,LEFT,1.15,2.33,2.11,1.00,0.61,0.46,0.46,,,19.4,30,1.298,0,4,0.219,0.414,0,0
20.35,DRY RUN,SCARED,1,freshripe,0.57,0.95,11.6,59,0,-60,0,0,89,ESCAPE,LEFT,0.64,2.46,1.89,1.00,0.44,0.61,0.61,,,17.9,33,0.158,6,8,0.137,0.643,0,0
20.40,DRY RUN,WAIT,1,freshripe,0.70,0.99,10.8,59,0,-39,0,0,89,ESCAPE,LEFT,0.39,1.35,1.24,1.00,0.31,0.12,0.12,,,19.6,29,-0.721,4,5,0.019,0.705,0,0
20.45,DRY RUN,WAIT,1,freshripe,0.70,0.99,10.8,59,0,-25,0,-1,89,ESCAPE,LEFT,0.25,0.80,0.73,0.58,0.44,0.00,0.00,,,18.2,32,-1.132,2,1,-0.112,0.540,0,-1
20.51,DRY RUN,WAIT,2,freshripe,0.72,0.86,11.1,59,0,-16,0,-1,89,ESCAPE,LEFT,0.18,0.61,0.47,0.32,0.31,0.00,0.00,,,19.1,30,-0.025,5,8,-0.088,0.709,0,-1
20.56,DRY RUN,WAIT,2,freshripe,0.72,0.86,11.1,59,0,-10,0,-1,89,CRUISE,,0.14,0.51,0.34,0.18,0.44,0.00,0.00,,,18.1,32,0.129,6,8,-0.085,0.809,0,-1
20.61,DRY RUN,WAIT,1,freshripe,0.71,0.94,11.2,59,0,-6,0,-1,89,CRUISE,,0.24,0.35,0.29,0.10,0.31,0.00,0.00,,,19.6,29,0.329,6,7,-0.056,0.889,0,-1
20.67,DRY RUN,WAIT,1,freshripe,0.71,0.94,11.2,59,0,-4,0,4,89,CRUISE,,0.29,0.27,0.27,0.06,0.44,0.00,0.00,,,18.3,32,1.289,1,7,0.198,0.753,0,4
20.72,DRY RUN,WAIT,1,freshripe,0.43,0.97,10.6,59,0,-2,0,4,89,CRUISE,,0.14,0.28,0.26,0.03,0.31,0.00,0.00,,,19.7,29,1.076,2,7,0.214,0.710,0,4
20.77,DRY RUN,WAIT,1,freshripe,0.43,0.97,10.6,59,0,-1,0,3,89,CRUISE,,0.07,0.35,0.25,0.02,0.21,0.00,0.00,,,18.4,32,0.376,6,7,0.154,0.819,0,3
20.82,DRY RUN,WAIT,1,freshripe,0.74,0.65,14.9,59,0,-1,0,2,89,CRUISE,,0.04,0.38,0.22,0.01,0.15,0.00,0.00,,,19.6,29,0.152,5,6,0.101,0.871,0,2
20.88,DRY RUN,APPROACH,1,freshripe,0.74,0.65,14.9,59,0,11,0,1,89,CRUISE,,0.03,0.27,0.21,0.01,0.10,0.00,0.00,,,18.2,32,-0.228,6,7,0.066,0.924,0,1
20.93,DRY RUN,APPROACH,2,freshripe,0.67,0.81,14.2,59,0,19,0,-1,89,CRUISE,,0.17,0.22,0.24,0.00,0.07,0.00,0.00,,,18.8,30,-0.292,6,6,-0.043,0.949,0,-1
20.99,DRY RUN,APPROACH,2,freshripe,0.67,0.81,14.2,59,0,25,0,1,89,CRUISE,,0.62,0.25,0.53,0.00,0.44,0.00,0.00,,,18.0,33,0.073,6,8,0.065,0.973,0,1
21.04,DRY RUN,APPROACH,1,freshripe,0.75,0.63,14.5,59,0,28,0,1,89,CRUISE,,0.85,0.83,0.77,0.00,0.31,0.00,0.00,,,19.6,29,0.297,6,7,0.043,0.967,0,1
21.09,DRY RUN,APPROACH,1,freshripe,0.75,0.63,14.5,59,0,30,0,1,89,CRUISE,,0.87,1.12,0.89,0.00,0.21,0.05,0.05,,,18.1,33,-0.553,6,7,0.030,0.964,0,1
21.14,DRY RUN,APPROACH,1,freshripe,0.59,0.57,14.4,59,0,32,0,-4,89,CRUISE,,0.88,0.91,0.95,0.00,0.15,0.00,0.00,,,19.7,29,-0.421,6,5,-0.214,0.938,0,-4
21.20,DRY RUN,APPROACH,1,freshripe,0.59,0.57,14.4,59,0,33,0,-4,89,OPTOMOTOR,,1.10,0.80,1.10,0.00,0.10,0.10,0.10,,,18.3,32,-2.055,1,0,-0.215,0.575,0,-4
21.25,DRY RUN,APPROACH,1,freshripe,0.70,0.97,10.9,59,0,33,0,-3,89,OPTOMOTOR,,1.62,0.89,1.70,0.41,0.07,0.38,0.41,,,19.4,29,-0.551,6,5,-0.252,0.577,0,-3
21.31,DRY RUN,SCARED,1,freshripe,0.70,0.97,10.9,59,0,-60,0,-1,89,CRUISE,LEFT,1.88,0.94,2.00,0.75,0.05,0.52,0.58,,,17.9,33,0.100,6,7,-0.183,0.744,0,-1
21.36,DRY RUN,SCARED,1,freshripe,0.72,0.90,11.3,59,0,-60,0,-1,89,CRUISE,LEFT,1.29,0.56,1.33,0.71,0.04,0.23,0.25,,,19.4,29,0.284,6,7,-0.107,0.867,0,-1
21.41,DRY RUN,SCARED,1,freshripe,0.72,0.90,11.3,59,0,-60,0,-1,89,AVOID_RIGHT,LEFT,0.85,0.37,0.70,0.51,0.03,0.01,0.00,,,17.9,33,0.265,5,8,-0.061,0.893,0,-1
21.47,DRY RUN,SCARED,1,freshripe,0.72,0.94,10.9,59,0,-60,0,-2,89,AVOID_RIGHT,,0.63,0.29,0.39,0.29,0.44,0.00,0.00,,,19.4,29,0.129,6,7,-0.128,0.937,0,-2
21.52,DRY RUN,SCARED,1,freshripe,0.72,0.94,10.9,59,0,-60,0,-1,89,AVOID_RIGHT,,0.55,0.47,0.44,0.16,0.31,0.00,0.00,,,18.2,32,-0.649,3,5,-0.058,0.808,0,-1
21.57,DRY RUN,SCARED,1,freshripe,0.70,0.93,11.0,59,0,-60,0,-2,89,CRUISE,,0.69,0.58,0.51,0.09,0.44,0.00,0.00,,,19.6,29,-0.794,5,5,-0.095,0.789,0,-2
21.63,DRY RUN,SCARED,1,freshripe,0.70,0.93,11.0,59,0,-60,0,0,89,CRUISE,,0.98,0.80,0.98,0.05,0.31,0.00,0.00,,,18.4,32,-0.141,6,8,-0.012,0.897,0,0
21.68,DRY RUN,SCARED,1,freshripe,0.70,0.93,11.0,59,0,-60,0,0,89,CRUISE,,1.13,0.92,1.22,0.03,0.44,0.00,0.00,,,19.1,30,0.065,5,6,0.005,0.915,0,0
21.73,DRY RUN,SCARED,2,freshripe,0.24,0.88,32.9,59,0,-60,0,0,89,CRUISE,,0.86,0.61,1.11,0.02,0.31,0.00,0.00,,,19.8,29,0.442,6,8,0.014,0.968,0,0
21.78,DRY RUN,SCARED,2,freshripe,0.24,0.88,32.9,59,0,-60,0,2,89,CRUISE,,0.60,0.42,0.80,0.01,0.44,0.00,0.00,,,18.2,32,0.099,6,8,0.097,0.983,0,2
21.83,DRY RUN,SCARED,1,freshripe,0.67,0.78,10.9,59,0,-60,0,1,89,CRUISE,,0.32,0.22,0.40,0.01,0.31,0.00,0.00,,,19.6,29,0.139,5,8,0.051,0.959,0,1
21.89,DRY RUN,SCARED,1,freshripe,0.67,0.78,10.9,59,0,-60,0,1,89,CRUISE,,0.18,0.12,0.20,0.00,0.21,0.00,0.00,,,18.4,32,0.483,5,6,0.045,0.950,0,1
21.94,DRY RUN,SCARED,1,freshripe,0.69,0.94,11.0,59,0,-60,0,1,89,CRUISE,,0.11,0.08,0.13,0.00,0.15,0.00,0.00,,,18.9,31,0.155,6,8,0.046,1.000,0,1
22.00,DRY RUN,SCARED,1,freshripe,0.69,0.94,11.0,59,0,-60,0,2,89,CRUISE,,0.09,0.07,0.09,0.00,0.10,0.00,0.00,,,17.9,33,0.494,5,8,0.107,0.998,0,2
22.05,DRY RUN,WAIT,1,freshripe,0.73,0.87,10.9,59,0,-39,0,-3,89,CRUISE,,0.07,0.08,0.07,0.00,0.07,0.00,0.00,,,19.0,30,0.238,6,6,-0.139,0.962,0,-3
22.11,DRY RUN,WAIT,1,freshripe,0.73,0.87,10.9,59,0,-25,0,0,89,CRUISE,,0.06,0.09,0.06,0.00,0.05,0.00,0.00,,,18.1,33,0.156,6,8,0.000,1.000,0,0
22.16,DRY RUN,WAIT,1,freshripe,0.73,0.59,10.8,59,0,-16,0,0,89,CRUISE,,0.06,0.08,0.06,0.00,0.04,0.00,0.00,,,19.4,29,-0.081,6,8,0.000,1.000,0,0
22.21,DRY RUN,WAIT,1,freshripe,0.73,0.59,10.8,59,0,-10,0,0,89,CRUISE,,0.08,0.05,0.05,0.00,0.03,0.00,0.00,,,18.3,32,0.129,6,8,0.014,1.000,0,0
22.26,DRY RUN,WAIT,1,freshripe,0.72,0.68,10.7,59,0,-6,0,0,89,CRUISE,,0.09,0.05,0.05,0.00,0.02,0.00,0.00,,,19.5,29,0.277,5,6,0.019,0.970,0,0
22.32,DRY RUN,WAIT,1,freshripe,0.72,0.68,10.7,59,0,-4,0,5,89,CRUISE,,0.07,0.05,0.04,0.00,0.01,0.00,0.00,,,18.1,33,0.125,3,7,0.228,0.937,0,5
22.37,DRY RUN,FEED,2,freshripe,0.69,0.76,10.7,59,0,-2,0,5,89,OPTOMOTOR,,0.07,0.06,0.03,0.00,0.01,0.00,0.00,,,18.8,31,0.374,5,8,0.226,0.976,0,5
22.43,DRY RUN,FEED,2,freshripe,0.69,0.76,10.7,58,0,-1,0,2,89,CRUISE,,0.07,0.09,0.04,0.00,0.01,0.00,0.00,,,17.9,33,-0.030,6,8,0.123,1.000,0,2
22.48,DRY RUN,FEED,1,freshripe,0.70,0.82,10.5,58,0,-1,0,1,89,CRUISE,,0.26,0.13,0.26,0.00,0.00,0.00,0.00,,,19.5,29,-0.180,6,8,0.025,1.000,0,1
22.53,DRY RUN,FEED,1,freshripe,0.70,0.82,10.5,58,0,0,0,2,89,CRUISE,,0.35,0.14,0.37,0.00,0.00,0.00,0.00,,,18.1,32,0.057,5,8,0.095,1.000,0,2
22.58,DRY RUN,FEED,1,freshripe,0.73,0.86,10.4,57,0,0,0,0,89,CRUISE,,0.22,0.10,0.21,0.00,0.00,0.00,0.00,,,19.5,29,0.353,6,6,0.010,0.999,0,0
22.64,DRY RUN,FEED,1,freshripe,0.73,0.86,10.4,57,0,0,0,0,89,CRUISE,,0.16,0.08,0.13,0.00,0.00,0.00,0.00,,,18.4,32,0.188,5,6,0.023,0.972,0,0
22.69,DRY RUN,FEED,1,freshripe,0.55,0.80,10.6,57,0,0,0,0,89,CRUISE,,0.13,0.07,0.09,0.00,0.00,0.00,0.00,,,19.6,29,0.194,6,7,-0.012,0.995,0,0
22.74,DRY RUN,FEED,1,freshripe,0.55,0.80,10.6,56,0,0,0,0,89,CRUISE,,0.08,0.06,0.07,0.00,0.00,0.00,0.00,,,18.3,32,-0.117,6,7,-0.000,0.980,0,0
22.80,DRY RUN,FEED,1,freshripe,0.62,0.58,14.3,56,0,0,0,1,89,CRUISE,,0.05,0.06,0.07,0.00,0.00,0.00,0.00,,,19.4,29,0.267,6,7,0.068,0.985,0,1
22.85,DRY RUN,FEED,1,freshripe,0.62,0.58,14.3,56,0,0,0,2,89,CRUISE,,0.04,0.06,0.07,0.00,0.00,0.00,0.00,,,18.1,33,0.160,5,8,0.097,0.974,0,2
22.90,DRY RUN,FEED,1,freshripe,0.68,0.96,10.4,55,0,0,0,5,89,CRUISE,,0.13,0.06,0.08,0.00,0.44,0.00,0.00,,,19.6,29,1.085,1,6,0.240,0.882,0,5
22.96,DRY RUN,FEED,1,freshripe,0.68,0.96,10.4,55,0,0,0,5,89,OPTOMOTOR,,0.18,0.16,0.08,0.00,0.31,0.00,0.00,,,18.1,32,-0.093,6,7,0.231,0.930,0,5
23.01,DRY RUN,FEED,1,freshripe,0.68,0.71,13.3,55,0,0,0,4,89,OPTOMOTOR,,0.76,0.23,0.49,0.00,0.21,0.00,0.00,,,19.4,29,-0.112,6,8,0.223,0.962,0,4
23.06,DRY RUN,FEED,1,freshripe,0.68,0.71,13.3,54,0,0,0,3,89,CRUISE,,1.06,0.26,0.70,0.00,0.15,0.05,0.00,,,18.0,33,-0.003,5,5,0.139,0.947,0,3
23.12,DRY RUN,FEED,1,freshripe,0.68,0.88,10.5,54,0,0,0,4,89,CRUISE,,0.65,0.20,0.38,0.00,0.10,0.00,0.00,,,19.7,29,-0.042,5,8,0.205,0.981,0,4
23.17,DRY RUN,FEED,1,freshripe,0.68,0.88,10.5,54,0,0,0,1,89,CRUISE,,0.38,0.13,0.22,0.00,0.07,0.00,0.00,,,18.4,32,-0.118,5,6,0.046,0.934,0,1
23.22,DRY RUN,FEED,1,freshripe,0.61,0.93,10.7,54,0,0,0,0,89,CRUISE,,0.24,0.09,0.13,0.00,0.05,0.00,0.00,,,19.4,29,0.383,6,7,0.002,0.974,0,0
23.28,DRY RUN,FEED,1,freshripe,0.61,0.93,10.7,53,0,0,0,2,89,CRUISE,,0.17,0.12,0.10,0.00,0.04,0.00,0.00,,,18.0,33,0.218,5,8,0.121,0.982,0,2
23.33,DRY RUN,FEED,1,ripe,0.67,0.48,13.7,53,0,0,0,3,89,CRUISE,,0.13,0.15,0.08,0.00,0.03,0.00,0.00,,,19.6,29,1.341,0,6,0.147,0.810,0,3
23.38,DRY RUN,FEED,1,ripe,0.67,0.48,13.7,53,0,0,0,4,89,CRUISE,,0.28,0.35,0.11,0.00,0.02,0.00,0.00,,,18.4,32,0.909,3,7,0.220,0.761,0,4
23.43,DRY RUN,FEED,1,freshripe,0.66,0.96,11.1,52,0,0,0,3,89,CRUISE,,0.35,0.51,0.17,0.00,0.01,0.00,0.00,,,19.5,29,1.965,0,4,0.169,0.562,0,3
23.49,DRY RUN,FEED,1,freshripe,0.66,0.96,11.1,52,0,0,0,7,89,OPTOMOTOR,,0.43,0.70,0.21,0.00,0.01,0.00,0.00,,,18.5,31,0.994,1,8,0.373,0.559,0,7
23.54,DRY RUN,FEED,1,freshripe,0.65,0.74,11.4,52,0,0,0,5,89,OPTOMOTOR,,0.49,0.79,0.22,0.00,0.01,0.00,0.00,,,19.7,29,-0.101,6,7,0.237,0.763,0,5
23.59,DRY RUN,FEED,1,freshripe,0.65,0.74,11.4,51,0,0,0,3,89,OPTOMOTOR,,0.53,0.53,0.18,0.00,0.00,0.00,0.00,,,18.1,33,0.006,6,6,0.151,0.844,0,3
23.64,DRY RUN,FEED,1,ripe,0.66,0.68,13.6,51,0,0,0,4,89,CRUISE,,0.52,0.31,0.17,0.00,0.00,0.00,0.00,,,19.7,29,-0.460,6,8,0.202,0.914,0,4
23.70,DRY RUN,FEED,1,ripe,0.66,0.68,13.6,51,0,0,0,-1,89,CRUISE,,0.44,0.21,0.29,0.00,0.00,0.00,0.00,,,18.2,32,-0.574,6,5,-0.075,0.867,0,-1
23.75,DRY RUN,FEED,1,freshripe,0.59,0.79,11.1,50,0,0,0,-2,89,CRUISE,,0.39,0.19,0.35,0.00,0.00,0.00,0.00,,,19.5,29,-0.180,5,5,-0.080,0.879,0,-2
23.81,DRY RUN,FEED,1,freshripe,0.59,0.79,11.1,50,0,0,0,-2,89,CRUISE,,0.23,0.18,0.25,0.00,0.00,0.00,0.00,,,18.3,32,0.143,6,7,-0.083,0.943,0,-2
23.86,DRY RUN,FEED,2,freshripe,0.64,0.93,11.2,50,0,0,0,1,89,CRUISE,,0.15,0.21,0.13,0.00,0.00,0.00,0.00,,,18.7,31,-0.094,5,7,0.053,0.960,0,1
23.91,DRY RUN,FEED,2,freshripe,0.64,0.93,11.2,49,0,0,0,1,89,CRUISE,,0.11,0.23,0.06,0.00,0.00,0.00,0.00,,,18.2,32,0.113,6,8,0.057,0.964,0,1
23.97,DRY RUN,FEED,2,freshripe,0.68,0.91,11.4,49,0,0,0,-3,89,CRUISE,,0.07,0.19,0.03,0.00,0.00,0.00,0.00,,,19.1,30,0.105,6,6,-0.139,0.958,0,-3
24.02,DRY RUN,FEED,2,freshripe,0.68,0.91,11.4,49,0,0,0,-3,89,CRUISE,,0.06,0.13,0.04,0.00,0.00,0.00,0.00,,,18.0,33,-0.253,5,5,-0.128,0.930,0,-3
24.07,DRY RUN,FEED,1,freshripe,0.71,0.87,11.2,48,0,0,0,0,89,CRUISE,,0.21,0.09,0.12,0.00,0.00,0.00,0.00,,,19.4,29,-0.077,6,8,-0.023,0.991,0,0
24.13,DRY RUN,FEED,1,freshripe,0.71,0.87,11.2,48,0,0,0,-1,89,CRUISE,,0.58,0.08,0.18,0.00,0.00,0.00,0.00,,,18.2,32,-0.730,4,5,-0.052,0.901,0,-1
24.18,DRY RUN,FEED,2,freshripe,0.69,0.88,11.3,48,0,0,0,1,89,CRUISE,,1.45,0.07,0.34,0.15,0.00,0.32,0.00,,,18.8,31,-0.304,5,8,0.076,0.941,0,1
24.24,DRY RUN,FEED,2,freshripe,0.69,0.88,11.3,47,0,0,0,-1,89,AVOID_RIGHT,,2.15,0.17,0.64,0.34,0.00,0.68,0.00,,,17.9,33,0.261,5,5,-0.054,0.906,0,-1
24.29,DRY RUN,FEED,2,freshripe,0.62,0.90,11.0,47,0,0,0,2,89,AVOID_RIGHT,,2.24,0.48,0.85,0.45,0.44,0.50,0.00,,,18.7,31,1.563,0,5,0.166,0.763,0,2
24.35,DRY RUN,FEED,2,freshripe,0.62,0.90,11.0,47,0,0,0,2,89,AVOID_RIGHT,,2.09,0.64,0.96,0.49,0.31,0.49,0.00,,,17.7,34,0.718,4,7,0.184,0.725,0,2
24.40,DRY RUN,FEED,1,freshripe,0.58,0.98,13.4,46,0,0,0,1,89,AVOID_RIGHT,,2.02,0.68,0.66,0.47,0.21,0.50,0.00,,,19.3,30,0.736,5,6,0.128,0.818,0,1
24.46,DRY RUN,FEED,1,freshripe,0.58,0.98,13.4,46,0,0,0,1,89,AVOID_RIGHT,,1.95,0.70,0.46,0.41,0.15,0.50,0.00,,,17.9,33,0.136,6,6,0.051,0.889,0,1
24.51,DRY RUN,FEED,1,freshripe,0.67,0.99,10.9,46,0,0,0,3,89,AVOID_RIGHT,,1.84,0.75,0.36,0.49,0.10,0.47,0.00,,,19.4,29,1.758,0,6,0.272,0.772,0,3
24.56,DRY RUN,FEED,0,,,,,46,0,0,0,3,89,AVOID_RIGHT,,1.69,1.69,0.21,0.37,0.87,0.01,0.01,,,18.5,31,-0.170,5,5,0.227,0.754,0,3
24.61,DRY RUN,FEED,0,,,,,46,0,0,0,5,89,AVOID_RIGHT,,1.62,2.16,0.52,0.30,0.61,0.37,0.37,,,18.6,31,0.594,2,7,0.331,0.725,0,5
24.67,DRY RUN,FEED,0,,,,,46,0,0,0,7,89,AVOID_RIGHT,,1.69,2.39,1.38,0.23,3.49,0.00,0.00,,,18.4,32,1.495,1,8,0.465,0.680,0,7
24.72,DRY RUN,FEED,0,,,,,46,0,0,0,3,89,AVOID_RIGHT,,1.85,2.47,2.07,0.13,2.44,0.00,0.00,,,18.3,32,0.238,6,5,0.186,0.764,0,3
24.78,DRY RUN,FEED,0,,,,,46,0,0,0,1,89,AVOID_RIGHT,,1.92,2.64,2.51,0.07,1.75,0.05,0.05,,,18.5,31,0.175,5,7,0.061,0.816,0,1
24.83,DRY RUN,FEED,0,,,,,46,0,0,0,0,89,AVOID_RIGHT,,2.41,2.59,2.73,0.18,1.22,0.28,0.35,,,18.2,32,-0.049,6,6,0.013,0.888,0,0
24.88,DRY RUN,SCARED,1,freshripe,0.42,0.97,12.3,46,0,-60,0,0,89,CRUISE,RIGHT,2.65,2.40,2.09,0.62,0.86,0.50,0.37,,,19.4,30,0.950,4,6,0.003,0.848,0,0
24.94,DRY RUN,SCARED,1,freshripe,0.42,0.97,12.3,46,0,-60,0,0,89,ESCAPE,RIGHT,2.95,2.31,1.77,1.00,0.60,0.78,0.45,,,17.9,33,-0.350,2,4,0.009,0.692,0,0
24.99,DRY RUN,SCARED,1,freshripe,0.75,0.94,12.3,46,0,-60,0,0,89,ESCAPE,RIGHT,2.86,2.29,1.99,0.91,1.31,0.38,0.09,,,19.4,30,-0.489,6,8,-0.033,0.814,0,0
25.05,DRY RUN,SCARED,0,,,,,46,0,-60,0,0,89,ESCAPE,RIGHT,2.31,2.29,2.10,0.77,0.92,0.30,0.29,,,18.4,33,-0.338,6,8,0.048,0.897,0,0
25.10,DRY RUN,SCARED,0,,,,,46,0,-60,0,0,89,ESCAPE,RIGHT,2.04,3.14,2.15,0.96,1.31,0.52,0.52,,,18.2,32,-0.037,6,8,0.096,0.958,0,0
25.16,DRY RUN,SCARED,0,,,,,46,0,-60,0,0,89,ESCAPE,RIGHT,3.08,3.68,2.50,1.00,0.92,0.98,0.98,,,17.8,33,-2.440,1,0,-0.091,0.586,0,0
25.21,DRY RUN,SCARED,1,freshripe,0.28,0.99,13.4,46,0,-60,0,0,89,ESCAPE,RIGHT,3.60,3.95,2.68,1.00,0.87,1.00,1.00,,,19.1,30,-0.367,5,5,-0.160,0.564,0,0
25.27,DRY RUN,SCARED,1,freshripe,0.28,0.99,13.4,46,0,-60,0,0,89,ESCAPE,RIGHT,2.76,3.42,2.64,1.00,0.61,1.00,1.00,,,17.7,34,0.759,1,7,0.027,0.670,0,0
25.32,DRY RUN,SCARED,2,freshripe,0.55,0.97,11.7,46,0,-60,0,0,89,ESCAPE,RIGHT,2.26,3.16,2.41,1.00,0.44,0.96,0.96,,,18.4,32,-0.009,4,7,0.130,0.773,0,0
25.37,DRY RUN,SCARED,0,,,,,46,0,-60,0,0,89,ESCAPE,RIGHT,1.91,3.02,2.30,1.00,0.31,0.96,0.96,,,18.4,32,0.608,1,6,0.151,0.726,0,0
25.43,DRY RUN,SCARED,0,,,,,46,0,-60,0,0,89,ESCAPE,RIGHT,1.73,2.73,1.96,1.00,0.44,0.75,0.75,,,18.1,33,0.747,6,7,0.152,0.842,0,0
25.49,DRY RUN,SCARED,0,,,,,46,0,-60,0,0,89,ESCAPE,RIGHT,2.10,2.59,1.79,1.00,0.31,0.74,0.74,,,17.9,33,-0.388,5,7,0.128,0.889,0,0
25.54,DRY RUN,SCARED,2,freshripe,0.65,0.92,12.0,46,0,-60,0,0,89,ESCAPE,RIGHT,2.46,2.51,1.70,1.00,0.21,0.75,0.75,,,18.5,32,-0.387,6,6,-0.035,0.901,0,0
25.60,DRY RUN,WAIT,2,freshripe,0.65,0.92,12.0,46,0,-39,0,0,89,ESCAPE,RIGHT,2.64,1.66,1.23,1.00,0.44,0.70,0.21,,,17.9,33,-1.275,2,0,-0.104,0.688,0,0
25.65,DRY RUN,WAIT,2,freshripe,0.25,0.84,29.2,46,0,-25,0,0,89,ESCAPE,RIGHT,2.73,1.09,0.96,1.00,0.31,0.81,0.00,,,18.4,32,-1.186,2,1,-0.161,0.473,0,0
25.72,DRY RUN,WAIT,2,freshripe,0.25,0.84,29.2,46,0,-16,0,-1,89,ESCAPE,RIGHT,1.99,0.81,0.61,0.86,0.87,0.16,0.00,,,14.8,45,-3.074,1,0,-0.188,0.299,0,-1
25.77,DRY RUN,WAIT,1,freshripe,0.44,0.97,11.7,46,0,-10,0,-3,89,ESCAPE,RIGHT,1.63,1.33,0.44,0.48,0.61,0.11,0.00,,,19.4,29,-1.061,2,1,-0.249,0.254,0,-3
25.82,DRY RUN,WAIT,1,freshripe,0.44,0.97,11.7,46,0,-6,0,0,89,ESCAPE,RIGHT,2.01,1.59,0.31,0.46,0.44,0.39,0.18,,,18.0,33,1.149,2,6,-0.042,0.339,0,0
25.88,DRY RUN,WAIT,2,freshripe,0.37,0.86,22.8,46,0,-4,0,2,89,ESCAPE,RIGHT,2.31,1.15,0.25,0.50,0.31,0.60,0.02,,,18.7,31,1.260,1,7,0.186,0.458,0,2
25.93,DRY RUN,WAIT,2,freshripe,0.37,0.86,22.8,46,0,-2,0,2,89,ESCAPE,RIGHT,2.35,0.93,0.23,0.58,0.21,0.67,0.00,,,17.9,33,0.977,2,7,0.247,0.558,0,2
25.99,DRY RUN,WAIT,1,freshripe,0.36,0.99,14.1,46,0,-1,0,2,89,ESCAPE,RIGHT,2.34,0.87,0.46,0.74,0.15,0.69,0.00,,,19.1,30,2.004,0,5,0.300,0.481,0,2
26.04,DRY RUN,WAIT,1,freshripe,0.36,0.99,14.1,46,0,-1,0,3,89,ESCAPE,RIGHT,1.63,0.85,0.58,0.56,0.10,0.36,0.00,,,18.0,33,0.693,4,8,0.361,0.600,0,3
26.10,DRY RUN,WAIT,2,freshripe,0.54,0.98,12.0,46,0,0,0,3,89,ESCAPE,RIGHT,1.20,0.83,0.50,0.42,0.44,0.00,0.00,,,18.8,31,0.321,5,7,0.234,0.752,0,3
26.15,DRY RUN,WAIT,2,freshripe,0.54,0.98,12.0,46,0,0,0,3,89,ESCAPE,,0.99,0.80,0.46,0.24,0.31,0.00,0.00,,,18.3,32,-0.386,6,7,0.230,0.857,0,3
26.20,DRY RUN,WAIT,1,freshripe,0.49,0.95,11.8,46,0,0,0,-1,89,ESCAPE,,0.96,0.83,0.50,0.13,0.44,0.00,0.00,,,19.5,29,-1.177,2,0,-0.053,0.635,0,-1
26.26,DRY RUN,WAIT,1,freshripe,0.49,0.95,11.8,46,0,0,0,-3,89,ESCAPE,,0.94,0.80,0.56,0.08,0.31,0.00,0.00,,,18.3,32,-2.398,2,0,-0.149,0.395,0,-3
26.31,DRY RUN,WAIT,2,freshripe,0.50,0.98,12.0,46,0,0,0,-3,89,ESCAPE,,0.79,0.98,0.55,0.04,0.87,0.00,0.00,,,19.1,30,-1.899,1,0,-0.173,0.256,0,-3
26.36,DRY RUN,WAIT,2,freshripe,0.50,0.98,12.0,46,0,0,0,-5,89,ESCAPE,,0.71,1.26,0.54,0.02,0.61,0.00,0.00,,,18.3,32,-4.781,1,0,-0.247,0.177,0,-5
26.42,DRY RUN,WAIT,2,freshripe,0.27,0.89,23.7,46,0,0,0,-6,89,ESCAPE,,0.67,1.40,0.34,0.01,1.75,0.00,0.00,,,19.1,30,-1.993,1,0,-0.309,0.147,0,-6
26.47,DRY RUN,FEED,2,freshripe,0.27,0.89,23.7,46,0,0,0,-2,89,ESCAPE,,0.92,1.21,0.43,0.01,1.22,0.00,0.00,,,18.4,32,-3.451,1,0,-0.308,0.131,0,-6
26.52,DRY RUN,FEED,2,freshripe,0.31,0.99,26.1,46,0,-3,0,0,89,ESCAPE,,1.95,0.61,1.42,0.00,0.87,0.14,0.00,,,19.2,30,-4.203,2,0,-0.357,0.140,0,-7
26.58,DRY RUN,FEED,2,freshripe,0.31,0.99,26.1,45,0,-5,0,3,89,OPTOMOTOR,,2.46,0.30,2.46,0.00,1.31,0.18,0.17,,,18.3,32,-1.881,0,0,-0.284,0.108,0,-6
26.63,DRY RUN,FEED,2,freshripe,0.57,0.99,9.7,45,0,-3,-4,2,89,AVOID_LEFT,,2.13,0.45,2.97,0.41,0.92,0.21,0.63,,,18.9,31,-0.570,6,5,-0.284,0.328,0,-3
26.69,DRY RUN,FEED,2,freshripe,0.57,0.99,9.7,45,0,-2,-6,-2,89,AVOID_LEFT,,1.78,0.53,1.75,0.31,0.87,0.05,0.04,,,17.9,33,-1.466,2,0,-0.350,0.265,0,-5
26.74,DRY RUN,FEED,1,freshripe,0.55,0.99,7.8,44,0,-1,-9,-5,89,AVOID_LEFT,,1.61,0.57,1.13,0.17,0.61,0.10,0.00,,,19.6,29,-1.999,2,0,-0.436,0.216,0,-7
26.79,DRY RUN,FEED,1,freshripe,0.55,0.99,7.8,44,0,-1,-10,-6,89,OPTOMOTOR,,1.56,0.66,1.39,0.10,0.87,0.00,0.00,,,18.4,32,-2.778,1,0,-0.399,0.169,0,-7
26.84,DRY RUN,FEED,1,freshripe,0.84,0.98,7.1,44,0,0,-11,-5,89,OPTOMOTOR,,2.19,0.71,1.57,0.19,0.61,0.39,0.08,,,19.5,29,-3.692,2,0,-0.371,0.148,0,-6
26.90,DRY RUN,FEED,1,freshripe,0.84,0.98,7.1,43,0,0,-11,-5,89,AVOID_RIGHT,,2.50,0.85,2.04,0.14,2.18,0.00,0.00,,,18.4,32,-10.085,1,0,-0.267,0.102,0,-5
26.95,DRY RUN,FEED,1,freshripe,0.68,0.96,5.4,43,0,0,-10,-5,89,AVOID_RIGHT,,2.40,0.68,2.03,0.08,1.53,0.04,0.00,,,19.6,29,-5.302,2,0,-0.259,0.096,0,-5
27.00,DRY RUN,FEED,1,freshripe,0.68,0.96,5.4,43,0,0,-10,-4,89,OPTOMOTOR,,1.70,0.98,2.27,0.05,1.31,0.00,0.08,,,18.4,32,-2.108,0,0,-0.229,0.082,0,-4
27.05,DRY RUN,FEED,1,freshripe,0.69,0.98,5.3,42,0,0,-10,-4,89,OPTOMOTOR,,1.34,0.62,2.41,0.28,0.92,0.00,0.35,,,19.5,29,0.074,6,5,-0.252,0.299,0,-4
27.11,DRY RUN,FEED,1,freshripe,0.69,0.98,5.3,42,0,0,-10,-2,89,AVOID_LEFT,,1.19,0.92,3.64,0.57,1.31,0.00,0.76,,,17.9,33,-0.610,4,5,-0.203,0.526,0,-2
27.16,DRY RUN,SCARED,1,freshripe,0.56,0.98,4.5,42,0,-60,0,-1,89,AVOID_LEFT,LEFT,1.97,1.08,4.58,0.72,0.92,0.13,1.00,,,19.2,30,-5.347,1,0,-0.166,0.372,0,-1
27.22,DRY RUN,SCARED,1,freshripe,0.56,0.98,4.5,42,0,-60,0,-1,89,AVOID_LEFT,LEFT,3.21,1.36,4.73,0.82,2.62,0.00,0.65,,,18.0,33,-3.577,0,0,-0.170,0.238,0,-1
27.27,DRY RUN,SCARED,1,freshripe,0.67,0.99,4.2,42,0,-60,0,0,89,AVOID_LEFT,LEFT,3.84,2.25,4.48,1.00,1.83,0.60,0.92,,,19.1,30,-4.925,2,0,-0.345,0.201,0,0
27.33,DRY RUN,SCARED,1,freshripe,0.67,0.99,4.2,42,0,-60,0,0,89,AVOID_LEFT,LEFT,3.01,2.70,4.14,1.00,1.28,0.46,1.00,,,17.8,34,-4.550,1,0,-0.316,0.146,0,0
27.38,DRY RUN,SCARED,1,freshripe,0.78,0.94,4.2,42,0,-60,0,0,89,AVOID_LEFT,LEFT,2.29,2.47,3.97,1.00,1.75,0.00,0.71,,,19.4,29,-3.406,1,0,-0.311,0.130,0,0
27.43,DRY RUN,SCARED,1,freshripe,0.78,0.94,4.2,42,0,-60,0,0,89,AVOID_LEFT,LEFT,1.67,2.23,3.26,1.00,1.22,0.10,0.62,,,18.0,33,-2.996,2,0,-0.359,0.140,0,0
27.49,DRY RUN,SCARED,2,freshripe,0.70,0.95,4.0,42,0,-60,0,-1,89,AVOID_LEFT,LEFT,1.30,1.70,2.91,0.87,1.31,0.00,0.40,,,18.6,31,-0.012,6,7,-0.247,0.398,0,-1
27.54,DRY RUN,SCARED,2,freshripe,0.70,0.95,4.0,42,0,-60,0,-1,89,AVOID_LEFT,LEFT,1.12,1.44,2.98,0.75,0.92,0.00,0.63,,,18.0,33,-4.712,1,0,-0.195,0.329,0,-1
27.59,DRY RUN,SCARED,1,freshripe,0.84,0.98,4.3,42,0,-60,0,-2,89,AVOID_LEFT,LEFT,1.12,1.32,3.40,0.68,1.75,0.00,0.43,,,19.3,30,-7.690,2,0,-0.280,0.238,0,-2
27.65,DRY RUN,SCARED,1,freshripe,0.84,0.98,4.3,42,0,-60,0,-2,89,AVOID_LEFT,LEFT,1.58,1.50,3.37,0.78,1.22,0.00,0.67,,,17.9,33,-1.389,2,0,-0.402,0.200,0,-2
27.70,DRY RUN,SCARED,1,freshripe,0.61,0.99,4.1,42,0,-60,0,-1,89,AVOID_LEFT,LEFT,1.91,1.64,3.36,0.85,1.31,0.00,0.62,,,19.2,30,-0.798,1,1,-0.247,0.165,0,-1
27.76,DRY RUN,SCARED,1,freshripe,0.61,0.99,4.1,42,0,-60,0,0,89,AVOID_LEFT,LEFT,3.08,1.72,3.00,0.89,0.92,0.68,0.64,,,17.8,33,1.225,0,6,0.054,0.293,0,0
27.81,DRY RUN,SCARED,1,freshripe,0.54,1.00,4.0,42,0,-60,0,0,89,AVOID_LEFT,LEFT,3.67,1.92,2.72,1.00,0.64,1.00,0.64,,,19.1,30,-0.041,6,7,-0.062,0.599,0,0
27.87,DRY RUN,WAIT,1,freshripe,0.54,1.00,4.0,42,0,-39,0,0,89,CRUISE,LEFT,3.26,2.02,1.64,1.00,0.45,1.00,0.39,,,17.8,33,0.775,5,8,-0.015,0.714,0,0
27.92,DRY RUN,WAIT,1,freshripe,0.80,0.99,4.2,42,0,-25,0,0,89,AVOID_RIGHT,LEFT,1.80,1.14,1.09,1.00,0.31,0.34,0.02,,,19.4,30,0.085,5,7,0.008,0.817,0,0
27.97,DRY RUN,WAIT,1,freshripe,0.80,0.99,4.2,42,0,-16,0,0,89,AVOID_RIGHT,LEFT,1.07,0.65,0.64,0.78,0.22,0.03,0.00,,,18.2,32,0.292,6,7,-0.004,0.894,0,0
28.02,DRY RUN,WAIT,1,freshripe,0.68,0.95,4.2,42,0,-10,0,2,89,OPTOMOTOR,LEFT,0.71,0.40,0.49,0.44,0.44,0.00,0.00,,,19.6,29,1.068,4,7,0.223,0.856,0,2
28.08,DRY RUN,WAIT,1,freshripe,0.68,0.95,4.2,42,0,-6,0,3,89,OPTOMOTOR,,0.60,0.28,0.42,0.25,0.31,0.00,0.00,,,18.4,32,0.274,6,7,0.184,0.887,0,3
28.13,DRY RUN,WAIT,1,freshripe,0.46,0.96,3.9,42,0,-4,0,-2,89,CRUISE,,0.55,0.22,0.68,0.14,0.44,0.00,0.00,,,19.6,29,-1.981,1,0,-0.129,0.604,0,-2
28.18,DRY RUN,WAIT,1,freshripe,0.46,0.96,3.9,42,0,-2,0,-2,89,AVOID_LEFT,,1.43,1.34,3.12,0.47,0.31,0.16,1.00,,,18.1,33,-2.680,1,0,-0.195,0.387,0,-2
28.24,DRY RUN,WAIT,1,freshripe,0.80,0.97,4.3,42,0,-1,0,-1,89,ESCAPE,LEFT,2.16,1.89,4.34,0.80,0.44,0.46,1.00,,,19.1,30,-2.774,1,0,-0.233,0.266,0,-1
28.29,DRY RUN,WAIT,1,freshripe,0.80,0.97,4.3,42,0,-1,0,0,89,ESCAPE,LEFT,2.53,1.67,3.69,1.00,0.31,0.71,1.00,,,17.8,33,0.384,3,4,-0.194,0.297,0,0
28.35,DRY RUN,WAIT,1,freshripe,0.81,0.99,4.4,42,0,0,0,0,89,ESCAPE,LEFT,2.68,1.56,2.23,1.00,0.21,0.83,0.61,,,19.0,30,0.171,6,7,-0.154,0.616,0,0
28.40,DRY RUN,WAIT,1,freshripe,0.81,0.99,4.4,42,0,0,0,0,89,ESCAPE,LEFT,2.12,1.48,1.27,1.00,0.15,0.58,0.26,,,17.5,34,0.940,5,8,0.050,0.738,0,0
28.45,DRY RUN,WAIT,1,freshripe,0.82,0.95,4.5,42,0,0,0,0,89,ESCAPE,LEFT,1.26,1.33,0.81,1.00,0.10,0.21,0.21,,,19.3,30,0.771,5,6,0.055,0.782,0,0
28.51,DRY RUN,WAIT,1,freshripe,0.82,0.95,4.5,42,0,0,0,1,89,ESCAPE,LEFT,0.84,0.75,0.47,0.66,0.44,0.00,0.00,,,18.2,32,0.351,6,8,0.105,0.879,0,1
28.56,DRY RUN,WAIT,1,freshripe,0.85,0.87,4.4,42,0,0,0,-1,89,ESCAPE,LEFT,0.64,0.46,0.30,0.37,0.31,0.00,0.00,,,19.6,29,-0.623,6,6,-0.067,0.838,0,-1
28.62,DRY RUN,WAIT,1,freshripe,0.85,0.87,4.4,42,0,0,0,-2,89,ESCAPE,,0.60,0.32,0.22,0.21,0.44,0.00,0.00,,,18.2,32,-0.611,6,6,-0.146,0.843,0,-2
28.67,DRY RUN,WAIT,1,freshripe,0.76,0.96,4.5,42,0,0,0,-4,89,ESCAPE,,0.60,0.52,0.67,0.12,0.31,0.00,0.00,,,19.9,28,-2.556,2,0,-0.210,0.570,0,-4
28.72,DRY RUN,WAIT,1,freshripe,0.76,0.96,4.5,42,0,0,0,-3,89,ESCAPE,,0.60,0.94,0.90,0.07,0.21,0.00,0.00,,,18.3,32,1.779,0,1,-0.136,0.354,0,-3
28.77,DRY RUN,WAIT,1,freshripe,0.79,0.89,4.5,42,0,0,0,1,89,ESCAPE,,1.12,2.09,1.01,0.59,0.15,0.57,0.57,,,19.3,29,1.162,0,6,0.174,0.414,0,1
28.83,DRY RUN,WAIT,1,freshripe,0.79,0.89,4.5,42,0,0,0,0,89,ESCAPE,RIGHT,0.80,2.66,0.77,1.00,0.10,0.88,0.88,,,17.6,34,0.224,5,7,0.076,0.662,0,0
28.88,DRY RUN,WAIT,1,freshripe,0.71,0.84,4.4,42,0,0,0,0,89,ESCAPE,RIGHT,1.22,1.67,0.95,1.00,0.07,0.40,0.40,,,19.3,30,0.307,5,5,0.017,0.764,0,0
28.94,DRY RUN,WAIT,1,freshripe,0.71,0.84,4.4,42,0,0,0,0,89,ESCAPE,RIGHT,0.85,1.02,0.74,0.79,0.05,0.08,0.08,,,18.0,33,0.732,4,7,0.105,0.840,0,0
28.99,DRY RUN,WAIT,1,freshripe,0.84,0.99,4.5,42,0,0,0,0,89,ESCAPE,RIGHT,0.55,0.85,0.51,0.45,0.04,0.01,0.01,,,19.6,29,0.034,6,5,0.013,0.868,0,0
29.04,DRY RUN,WAIT,1,freshripe,0.84,0.99,4.5,42,0,0,0,1,89,ESCAPE,,0.38,0.68,0.32,0.25,0.03,0.00,0.00,,,18.0,33,-0.039,6,8,0.080,0.942,0,1
29.09,DRY RUN,WAIT,1,freshripe,0.84,0.98,4.5,42,0,0,0,-1,89,ESCAPE,,0.26,0.60,0.23,0.14,0.02,0.00,0.00,,,19.4,29,0.457,6,6,-0.031,0.930,0,-1
29.15,DRY RUN,WAIT,1,freshripe,0.84,0.98,4.5,42,0,0,0,0,89,ESCAPE,,0.19,0.56,0.44,0.08,0.44,0.00,0.00,,,18.2,32,0.685,6,7,-0.011,0.943,0,0
29.20,DRY RUN,WAIT,1,freshripe,0.72,0.99,4.6,42,0,0,0,4,89,ESCAPE,,0.22,0.52,0.54,0.04,0.31,0.00,0.00,,,19.5,29,2.254,0,6,0.216,0.788,0,4
29.25,DRY RUN,WAIT,1,freshripe,0.72,0.99,4.6,42,0,0,0,2,89,ESCAPE,,0.51,0.50,0.72,0.03,0.21,0.00,0.00,,,18.4,32,-0.378,6,7,0.117,0.806,0,2
29.31,DRY RUN,WAIT,1,freshripe,0.81,0.99,4.3,42,0,0,0,1,89,ESCAPE,,0.65,0.49,0.81,0.01,0.44,0.00,0.00,,,19.6,29,-0.763,3,6,0.042,0.740,0,1
29.36,DRY RUN,APPROACH,1,freshripe,0.81,0.99,4.3,42,0,12,-3,-6,89,ESCAPE,,1.11,1.21,2.07,0.27,0.31,0.05,0.48,,,17.9,33,0.072,5,8,0.062,0.836,0,1
29.41,DRY RUN,SCARED,1,freshripe,0.81,0.98,4.4,42,0,-60,0,1,89,ESCAPE,LEFT,1.33,1.57,2.70,0.67,0.21,0.28,0.84,,,19.5,30,0.764,6,7,0.086,0.919,0,1
29.47,DRY RUN,SCARED,1,freshripe,0.81,0.98,4.4,42,0,-60,0,0,89,ESCAPE,LEFT,0.79,1.44,1.52,0.65,0.15,0.25,0.29,,,17.8,33,0.400,5,6,0.069,0.927,0,0
29.52,DRY RUN,SCARED,1,freshripe,0.83,0.96,4.6,42,0,-60,0,3,89,ESCAPE,LEFT,0.52,0.93,0.93,0.48,0.44,0.00,0.00,,,19.6,29,1.392,0,8,0.331,0.803,0,3
29.58,DRY RUN,SCARED,1,freshripe,0.83,0.96,4.6,42,0,-60,0,6,89,ESCAPE,,0.44,0.67,0.49,0.27,0.44,0.00,0.00,,,18.3,32,0.780,6,8,0.384,0.848,0,6
29.63,DRY RUN,SCARED,1,freshripe,0.87,0.97,4.7,42,0,-60,0,5,89,ESCAPE,,0.45,0.92,0.28,0.15,0.31,0.00,0.00,,,19.7,29,1.310,1,7,0.322,0.687,0,5
29.68,DRY RUN,SCARED,1,freshripe,0.87,0.97,4.7,42,0,-60,0,2,89,ESCAPE,RIGHT,0.45,2.20,0.19,0.62,0.21,0.59,0.59,,,18.1,33,0.440,6,7,0.330,0.792,0,2
29.73,DRY RUN,SCARED,1,freshripe,0.75,0.95,4.8,42,0,-60,0,0,89,ESCAPE,RIGHT,0.45,2.84,0.15,1.00,0.15,0.95,0.95,,,19.1,30,0.109,6,7,0.291,0.880,0,0
29.79,DRY RUN,SCARED,1,freshripe,0.75,0.95,4.8,42,0,-60,0,0,89,ESCAPE,RIGHT,0.75,3.16,0.19,1.00,0.44,0.96,0.96,,,17.8,33,1.581,0,6,0.222,0.738,0,0
29.84,DRY RUN,SCARED,1,freshripe,0.76,0.97,4.7,42,0,-60,0,0,89,OPTOMOTOR,RIGHT,0.98,3.04,0.50,1.00,0.31,0.97,0.97,,,18.9,30,0.530,6,7,0.284,0.806,0,0
29.90,DRY RUN,SCARED,1,freshripe,0.76,0.97,4.7,42,0,-60,0,0,89,AVOID_LEFT,RIGHT,1.09,1.68,1.07,1.00,0.44,0.22,0.22,,,18.0,32,-0.383,6,7,0.091,0.845,0,0
29.97,DRY RUN,SCARED,1,freshripe,0.60,0.87,4.8,42,0,-60,0,0,89,AVOID_LEFT,RIGHT,0.65,0.95,1.72,0.97,0.31,0.00,0.31,,,14.8,46,-0.130,5,8,0.104,0.895,0,0
30.02,DRY RUN,SCARED,1,freshripe,0.60,0.87,4.8,42,0,-60,0,1,89,AVOID_LEFT,RIGHT,0.43,0.58,2.04,0.66,0.87,0.00,0.18,,,18.1,32,0.153,5,8,0.146,0.909,0,1
30.07,DRY RUN,SCARED,1,freshripe,0.79,0.92,4.7,42,0,-60,0,0,89,AVOID_LEFT,RIGHT,0.44,0.60,2.77,0.69,0.61,0.00,0.68,,,19.3,30,0.592,6,5,-0.049,0.907,0,0
30.13,DRY RUN,WAIT,1,freshripe,0.79,0.92,4.7,42,0,-39,0,1,89,AVOID_LEFT,RIGHT,0.57,0.61,3.14,0.80,0.43,0.00,0.96,,,18.3,33,0.817,3,7,0.204,0.859,0,1
30.18,DRY RUN,WAIT,1,freshripe,0.85,0.83,4.8,42,0,-25,0,0,89,AVOID_LEFT,RIGHT,0.63,0.44,4.21,0.97,0.44,0.00,1.00,,,19.2,30,0.569,5,6,0.037,0.865,0,0
30.24,DRY RUN,WAIT,1,freshripe,0.85,0.83,4.8,42,0,-16,0,0,89,AVOID_LEFT,RIGHT,0.65,0.36,4.75,1.00,0.31,0.00,1.00,,,17.8,33,0.721,5,7,0.136,0.901,0,0
30.29,DRY RUN,WAIT,1,freshripe,0.86,0.88,4.7,42,0,-10,0,0,89,AVOID_LEFT,RIGHT,0.64,0.33,2.63,1.00,0.44,0.00,0.70,,,19.2,30,0.660,6,7,0.173,0.941,0,0
30.34,DRY RUN,WAIT,1,freshripe,0.86,0.88,4.7,42,0,-6,0,0,89,AVOID_LEFT,RIGHT,0.63,1.06,1.48,0.78,0.31,0.00,0.19,,,18.2,32,0.148,6,8,0.073,0.968,0,0
30.39,DRY RUN,WAIT,1,freshripe,0.84,0.77,4.8,42,0,-4,0,1,89,AVOID_LEFT,RIGHT,0.63,1.43,0.85,0.59,0.21,0.21,0.21,,,19.3,30,-0.068,5,7,0.152,0.988,0,1
30.45,DRY RUN,WAIT,1,freshripe,0.84,0.77,4.8,42,0,-2,0,1,89,AVOID_LEFT,RIGHT,0.38,0.98,0.48,0.33,0.15,0.01,0.01,,,18.4,32,0.174,6,8,0.042,1.000,0,1
30.50,DRY RUN,WAIT,1,freshripe,0.82,0.76,4.8,42,0,-1,0,0,89,AVOID_LEFT,,0.25,0.75,0.30,0.19,0.44,0.00,0.00,,,19.6,29,1.907,0,2,-0.017,0.649,0,0
30.56,DRY RUN,WAIT,1,freshripe,0.82,0.76,4.8,42,0,-1,0,1,89,AVOID_LEFT,,0.91,0.65,2.63,0.34,0.31,0.00,0.76,,,18.1,33,0.454,6,8,0.088,0.732,0,1
30.61,DRY RUN,WAIT,1,freshripe,0.73,0.99,4.9,42,0,0,0,0,89,AVOID_LEFT,LEFT,1.25,0.60,3.79,0.71,0.21,0.12,1.00,,,19.4,29,0.169,6,7,0.071,0.832,0,0
30.66,DRY RUN,WAIT,1,freshripe,0.73,0.99,4.9,42,0,0,0,1,89,AVOID_LEFT,LEFT,1.26,0.57,2.88,0.81,0.15,0.16,0.96,,,17.8,33,-0.151,5,8,0.208,0.916,0,1
30.72,DRY RUN,WAIT,1,freshripe,0.67,0.99,4.7,42,0,0,0,0,89,AVOID_LEFT,LEFT,1.04,0.50,2.42,0.90,0.10,0.07,0.76,,,19.3,30,-0.246,6,8,0.084,0.940,0,0
30.77,DRY RUN,WAIT,1,freshripe,0.67,0.99,4.7,42,0,0,0,0,89,AVOID_LEFT,LEFT,0.93,0.47,2.20,0.87,0.07,0.03,0.66,,,18.0,33,0.419,6,8,0.142,0.968,0,0
30.82,DRY RUN,WAIT,1,freshripe,0.49,0.97,4.8,42,0,0,0,1,89,AVOID_LEFT,LEFT,0.56,0.29,1.75,0.80,0.05,0.00,0.45,,,19.4,29,0.142,6,7,0.146,0.979,0,1
30.88,DRY RUN,WAIT,1,freshripe,0.49,0.97,4.8,42,0,0,0,1,89,AVOID_LEFT,LEFT,0.37,0.19,1.53,0.57,0.04,0.00,0.35,,,18.0,32,-0.032,6,8,0.132,0.989,0,1
30.93,DRY RUN,WAIT,1,freshripe,0.52,0.90,4.8,42,0,0,0,-1,89,AVOID_LEFT,LEFT,0.33,0.14,1.68,0.58,0.03,0.00,0.43,,,19.6,29,0.136,6,7,-0.115,0.962,0,-1
30.98,DRY RUN,WAIT,1,freshripe,0.52,0.90,4.8,42,0,0,0,0,89,AVOID_LEFT,LEFT,0.47,0.14,2.41,0.59,0.02,0.00,0.79,,,18.1,33,-0.008,6,7,0.004,0.975,0,0
31.04,DRY RUN,WAIT,1,freshripe,0.59,0.89,4.7,42,0,0,0,-1,89,AVOID_LEFT,LEFT,0.55,0.22,2.77,0.74,0.44,0.00,0.77,,,19.2,30,-2.014,2,0,-0.169,0.644,0,-1
31.09,DRY RUN,WAIT,1,freshripe,0.59,0.89,4.7,42,0,0,0,-1,89,AVOID_LEFT,LEFT,0.58,0.44,2.95,0.82,0.31,0.00,0.92,,,17.9,33,-3.620,1,0,-0.216,0.410,0,-1
31.14,DRY RUN,WAIT,1,freshripe,0.79,0.91,4.9,42,0,0,0,0,89,AVOID_LEFT,LEFT,1.69,1.31,5.21,0.95,1.31,0.00,1.00,,,19.3,30,-1.088,2,1,-0.242,0.316,0,0
31.20,DRY RUN,WAIT,1,freshripe,0.79,0.91,4.9,42,0,0,0,0,89,AVOID_LEFT,LEFT,2.24,1.75,7.63,0.94,0.92,0.26,1.00,,,17.6,34,0.364,5,7,-0.208,0.536,0,0
31.25,DRY RUN,WAIT,1,freshripe,0.65,0.94,4.7,42,0,0,0,0,89,AVOID_LEFT,LEFT,2.15,1.92,8.92,1.00,0.64,0.35,1.00,,,19.2,30,1.791,0,4,-0.031,0.435,0,0
31.31,DRY RUN,WAIT,1,freshripe,0.65,0.94,4.7,42,0,0,0,0,89,AVOID_LEFT,LEFT,2.00,1.83,9.48,1.00,1.31,0.00,1.00,,,18.0,33,0.862,3,5,0.084,0.526,0,0
31.36,DRY RUN,WAIT,1,freshripe,0.84,0.89,4.7,42,0,0,0,0,89,AVOID_LEFT,LEFT,1.15,1.00,7.75,1.00,0.92,0.00,1.00,,,19.2,30,2.922,0,2,0.084,0.377,0,0
31.42,DRY RUN,WAIT,1,freshripe,0.84,0.89,4.7,42,0,0,0,0,89,AVOID_LEFT,LEFT,0.71,0.58,6.89,1.00,0.64,0.00,1.00,,,18.0,33,0.971,4,5,0.070,0.498,0,0
31.47,DRY RUN,WAIT,1,freshripe,0.83,0.93,4.8,42,0,0,0,0,89,AVOID_LEFT,LEFT,0.46,0.37,6.45,1.00,0.45,0.00,1.00,,,19.3,30,2.237,0,5,0.298,0.476,0,0
31.52,DRY RUN,WAIT,1,freshripe,0.83,0.93,4.8,42,0,0,0,0,89,ESCAPE,LEFT,0.34,0.32,3.71,1.00,0.44,0.00,1.00,,,18.0,33,2.809,0,4,0.418,0.430,0,0
31.57,DRY RUN,WAIT,1,freshripe,0.74,0.77,4.8,42,0,0,0,0,89,ESCAPE,LEFT,0.30,0.34,2.23,1.00,0.31,0.00,0.56,,,19.5,29,1.271,1,7,0.459,0.452,0,0
31.63,DRY RUN,WAIT,1,freshripe,0.74,0.77,4.8,42,0,0,0,2,89,ESCAPE,LEFT,0.33,0.34,1.60,0.83,0.44,0.00,0.18,,,18.0,33,3.551,0,4,0.440,0.359,0,2
31.68,DRY RUN,WAIT,1,freshripe,0.71,0.94,4.8,42,0,0,0,3,89,ESCAPE,LEFT,0.31,0.35,2.43,0.72,0.31,0.00,0.66,,,19.3,30,2.749,0,6,0.511,0.388,0,3
31.74,DRY RUN,WAIT,1,freshripe,0.71,0.94,4.8,42,0,0,0,2,89,ESCAPE,LEFT,0.31,0.35,3.53,0.82,0.87,0.00,0.93,,,17.9,33,4.977,0,4,0.467,0.352,0,2
31.79,DRY RUN,WAIT,1,freshripe,0.71,0.94,4.8,42,0,0,0,0,89,ESCAPE,LEFT,0.30,0.37,8.53,0.95,0.61,0.00,1.00,,,18.2,32,4.166,0,4,0.484,0.360,0,0
31.85,DRY RUN,WAIT,1,freshripe,0.71,0.94,4.8,42,0,0,0,0,89,ESCAPE,LEFT,1.10,0.38,12.63,1.00,1.75,0.00,1.00,,,18.0,33,2.996,0,6,0.508,0.374,0,0
31.90,DRY RUN,WAIT,1,freshripe,0.71,0.94,4.8,42,0,0,0,0,89,ESCAPE,LEFT,1.51,0.39,14.68,1.00,1.22,0.00,1.00,,,17.8,33,4.306,0,5,0.493,0.363,0,0
31.96,DRY RUN,WAIT,1,freshripe,0.71,0.94,4.8,42,0,0,0,0,89,ESCAPE,LEFT,1.71,0.40,8.04,1.00,1.31,0.00,1.00,,,17.5,35,4.224,0,5,0.464,0.343,0,0
32.02,DRY RUN,WAIT,1,freshripe,0.71,0.94,4.8,42,0,0,0,0,89,ESCAPE,LEFT,2.16,0.99,4.71,1.00,0.92,0.22,1.00,,,17.7,34,1.605,0,2,0.375,0.274,0,0
32.07,DRY RUN,WAIT,1,freshripe,0.71,0.94,4.8,42,0,0,0,0,89,ESCAPE,LEFT,2.38,1.28,3.05,1.00,0.64,0.47,0.81,,,17.9,33,3.125,0,4,0.374,0.273,0,0
32.13,DRY RUN,WAIT,1,freshripe,0.71,0.94,4.8,42,0,0,0,0,89,ESCAPE,LEFT,1.57,1.09,2.17,1.00,1.31,0.00,0.03,,,18.2,33,-0.184,6,7,0.231,0.516,0,0
32.18,DRY RUN,WAIT,1,freshripe,0.71,0.94,4.8,42,0,0,0,2,89,ESCAPE,LEFT,1.16,0.85,1.55,0.60,0.92,0.00,0.00,,,18.1,32,1.098,3,8,0.251,0.629,0,2
32.24,DRY RUN,WAIT,2,freshripe,0.90,0.99,5.0,42,0,0,0,1,89,ESCAPE,LEFT,1.08,0.87,1.24,0.34,0.64,0.00,0.00,,,19.4,29,-0.924,5,4,0.068,0.626,0,1
32.29,DRY RUN,WAIT,2,freshripe,0.90,0.99,5.0,42,0,0,0,-1,89,ESCAPE,,1.19,1.20,1.16,0.19,0.45,0.00,0.00,,,18.4,31,0.354,6,6,-0.045,0.724,0,-1
32.34,DRY RUN,WAIT,2,freshripe,0.90,0.99,5.0,42,0,0,0,1,89,ESCAPE,,1.31,1.49,1.19,0.11,0.44,0.13,0.13,,,18.3,31,0.482,5,8,0.037,0.842,0,1
32.40,DRY RUN,WAIT,2,freshripe,0.90,0.99,5.0,42,0,0,0,4,89,ESCAPE,,1.37,1.63,1.19,0.06,0.31,0.26,0.26,,,18.2,32,3.448,0,6,0.213,0.688,0,4
32.45,DRY RUN,WAIT,2,freshripe,0.90,0.99,5.0,42,0,0,0,5,89,ESCAPE,,1.03,1.71,1.20,0.03,0.87,0.02,0.02,,,18.2,32,6.197,0,2,0.242,0.540,0,5
32.51,DRY RUN,WAIT,2,freshripe,0.90,0.99,5.0,42,0,0,0,5,89,ESCAPE,,0.86,1.69,1.20,0.02,0.61,0.14,0.14,,,18.5,31,5.970,0,1,0.247,0.394,0,5
32.56,DRY RUN,WAIT,2,freshripe,0.90,0.99,5.0,42,0,0,0,6,89,ESCAPE,,0.93,1.68,1.31,0.01,1.31,0.00,0.00,,,18.4,32,2.634,0,3,0.319,0.322,0,6
32.62,DRY RUN,APPROACH,2,freshripe,0.90,0.99,5.0,42,0,12,-3,5,89,ESCAPE,,1.24,1.05,1.19,0.01,0.92,0.00,0.00,,,18.4,32,1.334,0,5,0.463,0.362,0,9
32.67,DRY RUN,APPROACH,2,freshripe,0.90,0.99,5.0,42,0,20,-4,1,89,ESCAPE,,1.57,0.74,0.92,0.00,1.31,0.00,0.00,,,17.8,34,4.257,0,3,0.394,0.304,0,8
32.73,DRY RUN,APPROACH,2,freshripe,0.90,0.99,5.0,42,0,25,-6,-1,89,ESCAPE,,1.73,0.65,0.79,0.00,0.92,0.01,0.00,,,17.9,33,5.120,0,4,0.442,0.333,0,9
32.78,DRY RUN,APPROACH,1,freshripe,0.91,0.96,3.1,42,0,28,-7,4,89,ESCAPE,,1.34,0.61,0.72,0.00,1.75,0.00,0.00,,,19.3,30,2.976,0,8,0.519,0.383,0,10
32.84,DRY RUN,APPROACH,1,freshripe,0.91,0.96,3.1,42,0,30,-7,7,89,ESCAPE,,0.91,0.31,0.53,0.00,1.22,0.00,0.00,,,18.3,32,2.872,0,7,0.534,0.392,0,11
32.89,DRY RUN,FEED,1,freshripe,0.80,1.00,9.7,42,0,20,-10,9,89,ESCAPE,,0.66,0.15,0.44,0.00,0.86,0.00,0.00,,,19.5,29,1.723,0,7,0.543,0.397,0,11
32.94,DRY RUN,FEED,1,freshripe,0.80,1.00,9.7,42,0,13,-12,4,89,ESCAPE,,0.54,0.12,1.05,0.00,0.60,0.00,0.00,,,18.2,32,0.203,6,8,0.251,0.662,0,5
33.00,DRY RUN,FEED,2,freshripe,0.71,0.99,11.6,41,0,8,-14,4,89,ESCAPE,,0.29,0.11,1.35,0.00,0.42,0.00,0.07,,,18.5,32,-0.409,6,7,0.227,0.807,0,5
33.05,DRY RUN,FEED,2,freshripe,0.71,0.99,11.6,41,0,5,-15,2,89,ESCAPE,,0.16,0.07,1.08,0.00,0.29,0.00,0.00,,,18.0,33,-0.467,6,7,0.104,0.859,0,2
33.10,DRY RUN,FEED,1,freshripe,0.58,0.97,12.1,41,0,3,-16,1,89,ESCAPE,,0.13,0.05,0.72,0.00,0.21,0.00,0.00,,,19.6,29,-0.756,4,5,0.054,0.855,0,1
33.16,DRY RUN,FEED,1,freshripe,0.58,0.97,12.1,40,0,2,-17,2,89,CRUISE,,0.22,0.21,0.49,0.00,0.14,0.00,0.00,,,18.4,32,0.382,6,8,0.108,0.934,0,2
33.21,DRY RUN,FEED,1,freshripe,0.63,0.99,12.5,40,0,1,-17,2,89,CRUISE,,0.58,1.05,0.38,0.00,0.10,0.07,0.07,,,19.6,29,0.085,6,8,0.083,0.979,0,2
33.26,DRY RUN,FEED,1,freshripe,0.63,0.99,12.5,40,0,0,-17,1,89,CRUISE,,0.76,1.49,0.34,0.30,0.07,0.31,0.31,,,17.7,34,0.999,4,7,0.061,0.904,0,1
33.32,DRY RUN,SCARED,1,freshripe,0.67,0.98,12.5,40,0,-60,0,0,89,AVOID_RIGHT,RIGHT,0.88,2.07,0.32,0.80,0.05,0.61,0.61,,,19.2,30,0.290,5,6,0.030,0.890,0,0
33.37,DRY RUN,SCARED,1,freshripe,0.67,0.98,12.5,40,0,-60,0,0,89,AVOID_RIGHT,RIGHT,0.94,2.56,0.31,1.00,0.03,0.86,0.86,,,17.8,34,0.171,5,5,0.004,0.878,0,0
33.42,DRY RUN,SCARED,1,freshripe,0.57,0.98,12.7,40,0,-60,0,0,89,AVOID_LEFT,RIGHT,2.25,3.45,0.44,1.00,0.87,0.89,0.89,,,19.2,30,0.221,6,7,0.081,0.928,0,0
33.48,DRY RUN,SCARED,1,freshripe,0.57,0.98,12.7,40,0,-60,0,0,89,AVOID_LEFT,RIGHT,3.07,3.89,0.65,1.00,0.61,1.00,1.00,,,17.7,34,0.526,6,8,0.107,0.989,0,0
33.53,DRY RUN,SCARED,1,freshripe,0.42,1.00,12.4,40,0,-60,0,0,89,AVOID_LEFT,RIGHT,3.32,3.11,0.76,1.00,0.43,1.00,0.94,,,19.2,30,1.858,0,5,0.128,0.738,0,0
33.59,DRY RUN,SCARED,1,freshripe,0.42,1.00,12.4,40,0,-60,0,0,89,OPTOMOTOR,RIGHT,1.75,1.83,0.67,1.00,0.30,0.37,0.37,,,17.9,33,0.935,5,6,0.144,0.711,0,0
33.64,DRY RUN,SCARED,1,freshripe,0.48,0.98,12.6,40,0,-60,0,0,89,CRUISE,RIGHT,0.97,1.13,0.56,1.00,0.44,0.00,0.00,,,19.5,29,0.365,6,8,0.227,0.853,0,0
33.69,DRY RUN,SCARED,1,freshripe,0.48,0.98,12.6,40,0,-60,0,2,89,OPTOMOTOR,RIGHT,0.60,0.85,0.28,0.70,0.44,0.00,0.00,,,18.3,32,1.077,1,7,0.374,0.761,0,2
33.75,DRY RUN,SCARED,1,freshripe,0.45,0.99,12.6,40,0,-60,0,2,89,OPTOMOTOR,RIGHT,0.42,0.92,0.14,0.39,0.31,0.00,0.00,,,19.6,29,1.574,0,4,0.199,0.576,0,2
33.80,DRY RUN,SCARED,1,freshripe,0.45,0.99,12.6,40,0,-60,0,5,89,CRUISE,,0.38,0.95,0.15,0.22,0.44,0.00,0.00,,,18.4,32,2.229,0,7,0.325,0.486,0,5
33.85,DRY RUN,SCARED,1,,,,,40,0,-60,0,2,89,CRUISE,,0.39,0.59,0.16,0.12,0.31,0.00,0.00,,,19.7,29,-0.035,5,5,0.095,0.636,0,2
33.91,DRY RUN,SCARED,1,,,,,40,0,-60,0,0,89,CRUISE,,0.40,0.33,0.16,0.07,0.44,0.00,0.00,,,18.4,32,-0.641,5,5,0.013,0.720,0,0
33.96,DRY RUN,SCARED,1,freshripe,0.48,0.93,14.4,40,0,-60,0,-2,89,CRUISE,,0.38,0.19,0.60,0.04,0.31,0.00,0.00,,,19.8,29,-1.926,1,0,-0.116,0.539,0,-2
34.01,DRY RUN,SCARED,1,freshripe,0.48,0.93,14.4,40,0,-60,0,-4,89,CRUISE,,0.35,0.13,0.82,0.02,0.44,0.00,0.00,,,18.4,32,-0.963,4,1,-0.222,0.441,0,-4
34.06,DRY RUN,WAIT,1,freshripe,0.41,0.96,13.4,40,0,-39,0,-4,89,OPTOMOTOR,,0.26,0.10,0.87,0.01,0.31,0.00,0.00,,,19.7,29,-2.122,1,0,-0.226,0.310,0,-4
34.12,DRY RUN,WAIT,1,freshripe,0.41,0.96,13.4,40,0,-25,0,-4,89,OPTOMOTOR,,0.21,0.07,0.90,0.01,0.44,0.00,0.00,,,18.1,33,-0.545,4,7,-0.182,0.442,0,-4
34.17,DRY RUN,WAIT,1,freshripe,0.41,0.95,13.9,40,0,-16,0,0,89,CRUISE,,0.18,0.06,1.07,0.00,0.31,0.00,0.00,,,19.5,29,0.916,0,7,-0.001,0.540,0,0
34.22,DRY RUN,WAIT,1,freshripe,0.41,0.95,13.9,40,0,-10,0,-1,89,CRUISE,,0.15,0.04,1.37,0.00,0.44,0.00,0.07,,,18.2,32,-1.148,3,2,-0.058,0.528,0,-1
34.27,DRY RUN,WAIT,1,freshripe,0.47,0.88,14.7,40,0,-6,0,-1,89,CRUISE,,0.12,0.02,1.52,0.00,0.31,0.00,0.21,,,19.4,29,-0.569,6,7,-0.066,0.702,0,-1
34.33,DRY RUN,WAIT,1,freshripe,0.47,0.88,14.7,40,0,-4,0,0,89,CRUISE,,0.11,0.01,0.88,0.00,0.44,0.00,0.00,,,18.1,33,0.281,6,8,-0.020,0.848,0,0
34.38,DRY RUN,FEED,1,freshripe,0.26,0.91,13.3,40,0,-2,-5,3,89,CRUISE,,0.11,0.33,0.56,0.00,0.31,0.00,0.00,,,19.5,29,0.874,2,6,0.154,0.759,0,3
34.43,DRY RUN,FEED,1,freshripe,0.26,0.91,13.3,39,0,-1,-9,3,89,CRUISE,,0.22,0.49,0.50,0.00,0.44,0.00,0.00,,,18.3,32,2.308,0,6,0.171,0.627,0,3
34.49,DRY RUN,FEED,1,freshripe,0.45,0.96,14.5,39,0,-1,-11,5,89,OPTOMOTOR,,0.27,0.56,0.47,0.00,0.31,0.00,0.00,,,19.7,29,0.527,5,7,0.237,0.696,0,5
34.54,DRY RUN,FEED,1,freshripe,0.45,0.96,14.5,39,0,0,-13,3,89,OPTOMOTOR,,0.29,0.36,0.26,0.00,0.21,0.00,0.00,,,18.0,33,-0.135,6,7,0.170,0.812,0,3
34.59,DRY RUN,FEED,1,freshripe,0.45,0.93,13.6,38,0,0,-14,3,89,CRUISE,,0.15,0.19,0.15,0.00,0.15,0.00,0.00,,,19.5,29,0.343,5,8,0.153,0.876,0,3
34.65,DRY RUN,FEED,0,,,,,38,0,0,-9,3,89,OPTOMOTOR,,0.07,0.10,0.11,0.00,0.10,0.00,0.00,,,18.5,31,0.154,6,7,0.157,0.941,0,3
34.70,DRY RUN,FEED,0,,,,,38,0,0,-5,4,89,OPTOMOTOR,,0.05,0.07,0.14,0.00,0.07,0.00,0.00,,,18.1,33,0.737,5,7,0.218,0.945,0,4
34.75,DRY RUN,FEED,1,freshripe,0.32,0.97,13.1,38,0,0,-9,9,89,OPTOMOTOR,,0.14,0.10,0.16,0.00,0.44,0.00,0.00,,,19.5,29,1.071,0,7,0.464,0.808,0,9
34.81,DRY RUN,FEED,1,freshripe,0.32,0.97,13.1,38,0,0,-11,7,89,OPTOMOTOR,,0.18,0.12,0.12,0.00,0.31,0.00,0.00,,,18.2,32,0.476,6,8,0.332,0.879,0,7
34.86,DRY RUN,FEED,1,freshripe,0.33,0.91,13.7,38,0,0,-13,8,89,OPTOMOTOR,,0.23,0.13,0.10,0.00,0.21,0.00,0.00,,,19.6,29,1.164,2,7,0.408,0.795,0,8
34.92,DRY RUN,FEED,0,,,,,38,0,0,-8,5,89,OPTOMOTOR,,0.22,0.17,0.13,0.00,0.15,0.00,0.00,,,15.7,41,0.179,6,7,0.250,0.881,0,5
34.98,DRY RUN,FEED,0,,,,,38,0,0,-5,4,89,OPTOMOTOR,,0.16,0.22,0.21,0.00,0.10,0.00,0.00,,,18.3,32,-0.105,5,6,0.187,0.892,0,4
35.03,DRY RUN,FEED,0,,,,,38,0,0,-3,-1,89,CRUISE,,0.13,0.25,0.25,0.00,0.44,0.00,0.00,,,18.6,31,-0.898,2,2,-0.062,0.721,0,-1
35.09,DRY RUN,FEED,0,,,,,38,0,0,-2,0,89,CRUISE,,0.23,0.37,0.31,0.00,0.31,0.00,0.00,,,18.4,32,-0.213,6,8,-0.023,0.830,0,0
35.14,DRY RUN,FEED,0,,,,,38,0,0,-1,0,89,CRUISE,,0.28,0.43,0.34,0.00,0.21,0.00,0.00,,,18.5,32,-0.461,6,8,-0.021,0.877,0,0
35.19,DRY RUN,FEED,0,,,,,38,0,0,-1,-3,89,CRUISE,,0.31,0.46,0.35,0.00,0.15,0.00,0.00,,,18.5,31,-0.612,6,5,-0.133,0.861,0,-3
35.25,DRY RUN,FEED,0,,,,,38,0,0,0,-3,89,CRUISE,,0.35,0.46,0.50,0.00,0.10,0.00,0.00,,,18.8,31,-0.141,5,5,-0.150,0.861,0,-3
35.30,DRY RUN,FEED,0,,,,,38,0,0,0,-2,89,CRUISE,,0.37,0.45,0.58,0.00,0.07,0.00,0.00,,,18.4,32,-0.055,6,8,-0.076,0.952,0,-2
35.36,DRY RUN,FEED,0,,,,,38,0,0,0,1,89,CRUISE,,0.29,0.40,0.44,0.00,0.05,0.00,0.00,,,18.3,32,-0.050,6,8,0.047,0.974,0,1
35.41,DRY RUN,FEED,0,,,,,38,0,0,0,0,89,CRUISE,,0.23,0.37,0.38,0.00,0.04,0.00,0.00,,,18.4,32,0.168,6,7,0.001,0.997,0,0
35.46,DRY RUN,FEED,0,,,,,38,0,0,0,0,89,CRUISE,,0.20,0.32,0.35,0.00,0.03,0.00,0.00,,,18.5,32,0.480,6,7,0.007,0.980,0,0
35.52,DRY RUN,FEED,0,,,,,38,0,0,0,0,89,CRUISE,,0.10,0.29,0.21,0.00,0.02,0.00,0.00,,,18.6,31,0.128,6,9,0.000,1.000,0,0
35.57,DRY RUN,FEED,0,,,,,38,0,0,0,-1,89,CRUISE,,0.05,0.29,0.14,0.00,0.01,0.00,0.00,,,18.6,31,0.443,6,5,-0.051,0.972,0,-1
35.63,DRY RUN,FEED,0,,,,,38,0,0,0,0,89,CRUISE,,0.38,0.53,0.49,0.00,0.01,0.00,0.00,,,18.3,32,0.428,6,8,-0.013,1.000,0,0
35.68,DRY RUN,FEED,1,,,,,38,0,0,0,0,89,CRUISE,,0.55,0.65,0.67,0.00,0.01,0.00,0.00,,,19.5,29,0.332,6,8,0.009,0.987,0,0
35.74,DRY RUN,FEED,1,,,,,38,0,0,0,2,89,CRUISE,,0.29,0.38,0.38,0.00,0.00,0.00,0.00,,,16.4,39,0.470,5,6,0.115,0.951,0,2
35.79,DRY RUN,FEED,1,freshripe,0.54,0.97,13.1,37,0,0,-5,1,89,CRUISE,,0.15,0.24,0.23,0.00,0.00,0.00,0.00,,,19.1,30,-0.075,6,7,0.071,0.955,0,1
35.85,DRY RUN,FEED,1,freshripe,0.54,0.97,13.1,37,0,0,-9,2,89,CRUISE,,0.09,0.20,0.23,0.00,0.00,0.00,0.00,,,18.4,32,-0.147,6,7,0.109,0.971,0,2
35.90,DRY RUN,FEED,1,freshripe,0.59,0.98,12.9,37,0,0,-11,3,89,CRUISE,,0.06,0.17,0.24,0.00,0.00,0.00,0.00,,,19.7,29,0.138,6,8,0.129,0.985,0,3
35.95,DRY RUN,FEED,1,freshripe,0.59,0.98,12.9,36,0,0,-13,2,89,CRUISE,,0.07,0.12,0.16,0.00,0.00,0.00,0.00,,,18.2,32,0.358,5,7,0.122,0.969,0,2
36.00,DRY RUN,FEED,1,freshripe,0.60,0.98,13.0,36,0,0,-14,-2,89,CRUISE,,0.07,0.09,0.11,0.00,0.00,0.00,0.00,,,19.4,29,0.168,6,7,-0.081,0.965,0,-2
36.06,DRY RUN,FEED,1,freshripe,0.60,0.98,13.0,36,0,0,-15,1,89,CRUISE,,0.08,0.06,0.08,0.00,0.00,0.00,0.00,,,18.1,32,0.230,5,7,0.054,0.972,0,1
36.11,DRY RUN,FEED,1,freshripe,0.56,0.97,13.1,35,0,0,-15,2,89,CRUISE,,0.07,0.05,0.06,0.00,0.00,0.00,0.00,,,19.8,28,-0.189,5,8,0.089,0.967,0,2
36.16,DRY RUN,FEED,1,freshripe,0.56,0.97,13.1,35,0,0,-16,0,89,CRUISE,,0.06,0.04,0.05,0.00,0.00,0.00,0.00,,,18.4,32,0.358,5,6,0.004,0.940,0,0
36.21,DRY RUN,FEED,1,freshripe,0.55,0.98,13.1,35,0,0,-16,0,89,CRUISE,,0.06,0.04,0.05,0.00,0.00,0.00,0.00,,,19.6,29,0.230,6,7,0.009,0.948,0,0
36.27,DRY RUN,FEED,1,freshripe,0.55,0.98,13.1,34,0,0,-16,3,89,CRUISE,,0.04,0.04,0.05,0.00,0.00,0.00,0.00,,,18.1,32,0.216,6,8,0.129,0.987,0,3
36.32,DRY RUN,FEED,1,freshripe,0.49,0.72,14.8,34,0,0,-16,2,89,CRUISE,,0.03,0.05,0.06,0.00,0.00,0.00,0.00,,,19.4,30,0.233,6,9,0.122,0.999,0,2
36.38,DRY RUN,FEED,1,freshripe,0.49,0.72,14.8,34,0,0,-16,2,89,CRUISE,,0.03,0.09,0.10,0.00,0.00,0.00,0.00,,,18.1,32,0.012,6,8,0.119,1.000,0,2
36.43,DRY RUN,FEED,1,freshripe,0.52,0.79,14.7,33,0,0,-16,0,89,CRUISE,,0.04,0.11,0.12,0.00,0.00,0.00,0.00,,,19.5,29,-0.195,6,8,0.023,1.000,0,0
36.48,DRY RUN,FEED,1,freshripe,0.52,0.79,14.7,33,0,0,-16,1,89,CRUISE,,0.05,0.07,0.09,0.00,0.00,0.00,0.00,,,18.4,32,0.092,6,7,0.063,1.000,0,1
36.53,DRY RUN,FEED,1,freshripe,0.53,0.53,14.7,33,0,0,-16,0,89,CRUISE,,0.05,0.05,0.07,0.00,0.00,0.00,0.00,,,19.5,29,-0.043,6,8,0.000,1.000,0,0
36.59,DRY RUN,FEED,1,freshripe,0.53,0.53,14.7,32,0,0,-16,0,89,CRUISE,,0.06,0.03,0.06,0.00,0.00,0.00,0.00,,,18.5,31,0.019,6,8,0.000,1.000,0,0
36.64,DRY RUN,FEED,1,freshripe,0.56,0.60,14.6,32,0,0,-16,0,89,CRUISE,,0.08,0.05,0.14,0.00,0.00,0.00,0.00,,,19.5,29,-0.028,6,8,-0.017,0.987,0,0
36.69,DRY RUN,FEED,1,freshripe,0.56,0.60,14.6,32,0,0,-16,-1,89,CRUISE,,0.08,0.06,0.17,0.00,0.00,0.00,0.00,,,18.3,32,0.147,6,7,-0.066,0.990,0,-1
36.74,DRY RUN,FEED,1,freshripe,0.27,0.97,13.0,31,0,0,-16,1,89,CRUISE,,0.09,0.07,0.13,0.00,0.44,0.00,0.00,,,19.8,29,-0.129,5,8,0.064,0.991,0,1
36.80,DRY RUN,FEED,1,freshripe,0.27,0.97,13.0,31,0,0,-16,-3,89,CRUISE,,0.15,0.10,0.09,0.00,0.31,0.00,0.00,,,18.3,32,-0.054,6,6,-0.126,0.972,0,-3
36.85,DRY RUN,FEED,1,freshripe,0.41,0.96,12.6,31,0,0,-16,-5,89,CRUISE,,0.18,0.12,0.07,0.00,0.21,0.00,0.00,,,19.5,29,0.233,6,5,-0.249,0.943,0,-5
36.90,DRY RUN,FEED,1,freshripe,0.41,0.96,12.6,31,0,0,-16,-2,89,OPTOMOTOR,,0.10,0.14,0.13,0.00,0.15,0.00,0.00,,,18.3,32,0.052,6,8,-0.119,0.984,0,-2
36.96,DRY RUN,FEED,1,freshripe,0.43,0.98,12.9,30,0,0,-16,-2,89,CRUISE,,0.07,0.14,0.22,0.00,0.10,0.00,0.00,,,19.6,29,-0.483,6,7,-0.110,0.987,0,-2
37.01,DRY RUN,FEED,1,freshripe,0.43,0.98,12.9,30,0,0,-16,0,89,CRUISE,,0.17,0.21,0.38,0.00,0.07,0.00,0.00,,,18.4,31,-0.164,5,8,0.012,0.990,0,0
37.06,DRY RUN,FEED,1,freshripe,0.49,0.95,12.8,30,0,0,-16,-1,89,CRUISE,,0.22,0.25,0.45,0.00,0.05,0.00,0.00,,,19.6,29,-0.320,6,8,-0.036,0.996,0,-1
37.12,DRY RUN,FEED,1,freshripe,0.49,0.95,12.8,29,0,0,-16,0,89,CRUISE,,0.20,0.22,0.45,0.00,0.04,0.00,0.00,,,18.1,33,0.139,5,6,-0.017,0.970,0,0
37.17,DRY RUN,FEED,1,freshripe,0.54,0.94,12.6,29,0,0,-16,-1,89,CRUISE,,0.14,0.20,0.45,0.00,0.03,0.00,0.00,,,19.8,29,0.360,6,8,-0.071,0.985,0,-1
37.22,DRY RUN,FEED,1,freshripe,0.54,0.94,12.6,29,0,0,-16,1,89,CRUISE,,0.12,0.21,0.51,0.00,0.02,0.00,0.00,,,18.2,32,0.245,5,7,0.057,0.983,0,1
37.27,DRY RUN,FEED,1,freshripe,0.51,0.97,12.6,28,0,0,-16,-3,89,CRUISE,,0.50,0.36,0.90,0.00,0.01,0.00,0.04,,,19.5,29,-0.122,6,6,-0.139,0.968,0,-3
37.33,DRY RUN,FEED,1,freshripe,0.51,0.97,12.6,28,0,0,-16,0,89,CRUISE,,1.05,0.44,1.15,0.00,0.01,0.12,0.17,,,18.2,32,0.012,6,8,0.012,0.984,0,0
37.38,DRY RUN,FEED,2,freshripe,0.65,0.98,12.3,28,0,0,-15,2,89,CRUISE,,1.46,0.78,1.27,0.26,0.01,0.33,0.23,,,18.8,31,-0.057,5,7,0.106,0.983,0,2
37.44,DRY RUN,FEED,2,freshripe,0.65,0.98,12.3,27,0,0,-15,1,89,AVOID_RIGHT,,1.82,1.05,1.16,0.41,0.44,0.29,0.00,,,17.9,33,-0.602,6,6,0.073,0.939,0,1
37.49,DRY RUN,FEED,1,freshripe,0.46,0.92,13.8,27,0,0,-15,-1,89,AVOID_RIGHT,,1.84,1.26,0.84,0.49,0.31,0.37,0.08,,,19.3,30,-0.669,3,2,-0.080,0.753,0,-1
37.57,DRY RUN,SCARED,1,freshripe,0.52,1.00,12.7,27,0,-60,0,0,89,ESCAPE,RIGHT,1.46,3.88,0.64,1.00,0.21,1.00,1.00,,,13.1,32,0.952,4,8,0.095,0.738,0,0
37.62,DRY RUN,SCARED,0,,,,,27,0,-60,0,0,89,ESCAPE,RIGHT,1.26,5.20,0.54,1.00,0.15,1.00,1.00,,,18.1,32,-0.045,5,6,0.058,0.797,0,0
37.68,DRY RUN,SCARED,0,,,,,27,0,-60,0,0,89,ESCAPE,RIGHT,1.70,3.61,0.43,1.00,0.87,0.97,0.97,,,17.5,35,-0.532,5,5,-0.005,0.839,0,0
37.73,DRY RUN,SCARED,1,freshripe,0.23,0.99,12.8,27,0,-60,0,0,89,ESCAPE,RIGHT,2.36,2.51,0.38,1.00,0.61,0.55,0.55,,,19.2,30,-0.208,5,6,-0.028,0.868,0,0
37.79,DRY RUN,SCARED,1,freshripe,0.23,0.99,12.8,27,0,-60,0,0,89,ESCAPE,RIGHT,2.69,1.62,0.64,1.00,0.43,0.73,0.20,,,17.9,33,0.754,5,6,-0.054,0.856,0,0
37.84,DRY RUN,SCARED,2,freshripe,0.46,0.98,12.8,27,0,-60,0,0,89,ESCAPE,RIGHT,3.12,1.18,1.16,1.00,0.44,0.94,0.00,,,18.6,31,1.289,1,7,0.250,0.734,0,0
37.89,DRY RUN,SCARED,0,,,,,27,0,-60,0,0,89,ESCAPE,RIGHT,3.34,1.79,1.98,1.00,0.31,1.00,0.44,,,18.2,32,2.790,0,7,0.329,0.604,0,0
37.95,DRY RUN,SCARED,0,,,,,27,0,-60,0,0,89,ESCAPE,RIGHT,3.44,2.09,2.62,1.00,0.87,0.89,0.47,,,18.3,33,1.441,0,6,0.367,0.497,0,0
38.00,DRY RUN,SCARED,0,,,,,27,0,-60,0,0,89,ESCAPE,RIGHT,3.29,1.66,2.94,1.00,0.61,0.94,0.77,,,18.2,32,0.511,6,7,0.168,0.628,0,0
38.06,DRY RUN,SCARED,0,,,,,27,0,-60,0,0,89,ESCAPE,RIGHT,2.58,1.29,1.78,1.00,0.44,0.67,0.27,,,18.1,33,1.752,0,4,0.273,0.515,0,0
38.11,DRY RUN,SCARED,0,,,,,27,0,-60,0,0,89,ESCAPE,RIGHT,2.14,1.10,1.11,1.00,0.31,0.52,0.00,,,18.2,32,1.223,0,5,0.412,0.471,0,0
38.17,DRY RUN,SCARED,0,,,,,27,0,-60,0,1,89,ESCAPE,RIGHT,1.82,0.96,0.71,0.90,0.21,0.40,0.00,,,18.4,32,0.573,6,8,0.290,0.661,0,1
38.22,DRY RUN,SCARED,0,,,,,27,0,-60,0,1,89,ESCAPE,RIGHT,1.76,1.54,0.51,0.77,0.15,0.41,0.29,,,18.0,33,-0.604,5,7,0.264,0.801,0,1
38.28,DRY RUN,WAIT,1,,,,,27,0,-39,0,0,89,ESCAPE,RIGHT,1.83,2.07,0.58,1.00,0.10,0.58,0.58,,,19.2,30,0.726,5,7,0.282,0.866,0,0
38.33,DRY RUN,WAIT,0,,,,,27,0,-25,0,0,89,ESCAPE,RIGHT,1.86,2.58,0.88,1.00,0.07,0.86,0.86,,,18.4,33,-0.115,5,6,0.118,0.883,0,0
38.39,DRY RUN,WAIT,0,,,,,27,0,-16,0,0,89,ESCAPE,RIGHT,2.01,2.84,1.34,1.00,0.05,0.99,0.99,,,18.1,33,0.489,6,7,0.075,0.931,0,0
38.44,DRY RUN,WAIT,0,,,,,27,0,-10,0,0,89,ESCAPE,RIGHT,2.08,2.58,1.81,1.00,0.04,0.87,0.87,,,18.3,33,0.266,5,6,0.063,0.934,0,0
38.50,DRY RUN,WAIT,0,,,,,27,0,-6,0,0,89,ESCAPE,RIGHT,2.12,2.45,2.04,1.00,0.03,0.81,0.81,,,17.8,33,-1.266,2,1,-0.071,0.683,0,0
38.56,DRY RUN,WAIT,1,,,,,27,0,-4,0,0,89,ESCAPE,RIGHT,1.53,2.38,1.07,1.00,0.02,0.78,0.78,,,15.9,30,-0.724,5,6,-0.121,0.637,0,0
38.62,DRY RUN,WAIT,1,,,,,27,0,-2,0,0,89,ESCAPE,RIGHT,1.11,1.56,0.59,1.00,0.01,0.37,0.37,,,17.9,33,-0.826,5,5,-0.119,0.692,0,0
38.67,DRY RUN,WAIT,1,freshripe,0.26,0.99,14.8,27,0,-1,0,0,89,ESCAPE,RIGHT,0.90,1.15,0.89,1.00,0.44,0.00,0.00,,,19.7,29,-1.996,2,0,-0.221,0.456,0,0
38.72,DRY RUN,WAIT,1,freshripe,0.26,0.99,14.8,27,0,-1,0,-2,89,ESCAPE,RIGHT,1.03,1.39,1.97,0.59,0.31,0.14,0.43,,,18.4,32,-1.284,1,1,-0.220,0.323,0,-2
38.77,DRY RUN,WAIT,1,freshripe,0.47,0.99,13.5,27,0,0,0,-1,89,ESCAPE,RIGHT,1.09,1.51,2.51,0.74,0.44,0.14,0.64,,,19.2,30,-0.091,3,5,-0.182,0.435,0,-1
38.83,DRY RUN,WAIT,1,freshripe,0.47,0.99,13.5,27,0,0,0,-2,89,ESCAPE,RIGHT,1.59,1.49,1.86,0.55,0.31,0.24,0.38,,,17.9,33,-2.153,2,0,-0.243,0.311,0,-2
38.88,DRY RUN,WAIT,1,freshripe,0.69,0.94,13.5,27,0,0,0,-3,89,ESCAPE,RIGHT,1.88,1.00,1.43,0.46,0.44,0.32,0.10,,,19.6,29,-1.503,2,1,-0.282,0.247,0,-3
38.94,DRY RUN,WAIT,1,freshripe,0.69,0.94,13.5,27,0,0,0,-4,89,ESCAPE,RIGHT,2.62,0.76,1.10,0.52,0.31,0.76,0.00,,,18.0,33,-3.786,2,0,-0.404,0.206,0,-4
39.00,DRY RUN,WAIT,1,freshripe,0.61,0.99,11.9,27,0,0,0,-4,89,ESCAPE,RIGHT,2.99,1.00,0.94,0.55,1.31,0.44,0.00,,,15.7,42,-1.398,2,0,-0.413,0.182,0,-4
39.06,DRY RUN,WAIT,1,freshripe,0.61,0.99,11.9,27,0,0,0,-1,89,ESCAPE,RIGHT,2.54,1.16,1.03,0.71,0.92,0.41,0.00,,,17.7,34,0.118,6,7,-0.241,0.437,0,-1
39.11,DRY RUN,WAIT,1,freshripe,0.61,0.99,11.9,27,0,0,0,-2,89,ESCAPE,RIGHT,2.20,1.20,1.27,0.56,0.64,0.38,0.00,,,18.5,32,-0.852,6,5,-0.284,0.584,0,-2
39.16,DRY RUN,WAIT,2,freshripe,0.65,1.00,11.7,27,0,0,0,-3,89,ESCAPE,RIGHT,2.03,1.01,1.39,0.46,0.45,0.39,0.07,,,19.5,29,-2.499,1,0,-0.269,0.376,0,-3
39.22,DRY RUN,WAIT,2,freshripe,0.65,1.00,11.7,27,0,0,0,-2,89,AVOID_RIGHT,RIGHT,1.95,0.83,1.46,0.50,0.31,0.42,0.17,,,18.4,32,-0.220,6,6,-0.242,0.498,0,-2
39.27,DRY RUN,WAIT,2,freshripe,0.58,0.99,10.4,27,0,0,0,-3,89,AVOID_RIGHT,,1.83,0.66,1.26,0.28,0.87,0.08,0.00,,,18.9,31,0.463,6,6,-0.188,0.695,0,-3
39.32,DRY RUN,WAIT,2,freshripe,0.58,0.99,10.4,27,0,0,0,-4,89,AVOID_RIGHT,,1.78,0.58,1.16,0.16,0.61,0.18,0.00,,,18.4,32,-2.603,2,0,-0.223,0.515,0,-4
39.38,DRY RUN,WAIT,2,freshripe,0.44,0.89,15.6,27,0,0,0,-3,89,AVOID_RIGHT,,2.00,0.59,1.11,0.22,0.44,0.38,0.00,,,19.1,30,-1.528,0,0,-0.217,0.318,0,-3
39.43,DRY RUN,WAIT,2,freshripe,0.44,0.89,15.6,27,0,0,0,-4,89,AVOID_RIGHT,,2.25,0.59,0.90,0.38,0.31,0.57,0.00,,,18.0,33,-2.421,2,0,-0.329,0.246,0,-4
39.48,DRY RUN,WAIT,1,freshripe,0.63,0.98,9.3,27,0,0,0,-3,89,AVOID_RIGHT,,2.24,0.59,0.80,0.43,1.31,0.07,0.00,,,19.5,29,-0.737,2,2,-0.287,0.229,0,-3
39.53,DRY RUN,WAIT,1,freshripe,0.63,0.98,9.3,27,0,0,0,-3,89,AVOID_RIGHT,,1.78,0.97,1.05,0.24,0.92,0.03,0.00,,,18.7,32,0.204,6,7,-0.230,0.534,0,-3
39.59,DRY RUN,WAIT,2,freshripe,0.70,0.99,8.9,27,0,0,0,-1,89,AVOID_RIGHT,,1.32,1.16,1.18,0.14,0.64,0.00,0.00,,,19.1,30,0.940,4,7,-0.083,0.697,0,-1
39.64,DRY RUN,WAIT,2,freshripe,0.70,0.99,8.9,27,0,0,0,-1,89,AVOID_RIGHT,,0.98,0.68,0.84,0.08,0.45,0.00,0.00,,,18.4,32,0.554,6,7,-0.048,0.740,0,-1
39.69,DRY RUN,WAIT,2,freshripe,0.27,0.93,15.2,27,0,0,0,-2,89,CRUISE,,0.77,0.44,0.67,0.04,0.31,0.00,0.00,,,19.1,30,0.635,6,6,-0.093,0.831,0,-2
39.75,DRY RUN,WAIT,2,freshripe,0.27,0.93,15.2,27,0,0,0,0,89,CRUISE,,0.67,0.31,0.67,0.02,0.44,0.00,0.00,,,18.3,32,0.086,6,8,-0.015,0.921,0,0
39.80,DRY RUN,WAIT,1,freshripe,0.64,0.97,8.8,27,0,0,0,2,89,CRUISE,,0.66,0.28,0.69,0.01,0.31,0.00,0.00,,,19.5,29,0.404,6,8,0.077,0.957,0,2
39.85,DRY RUN,APPROACH,1,freshripe,0.64,0.97,8.8,27,0,12,-3,0,89,CRUISE,,0.67,0.26,0.70,0.01,0.21,0.00,0.00,,,18.5,31,0.021,6,5,-0.094,0.920,0,-2
39.91,DRY RUN,APPROACH,1,freshripe,0.64,0.97,8.8,27,0,20,-4,2,89,CRUISE,,0.67,0.26,0.69,0.00,0.15,0.00,0.00,,,18.5,31,0.227,5,6,-0.046,0.928,0,-1
39.96,DRY RUN,APPROACH,1,freshripe,0.64,0.97,8.8,27,0,25,-6,1,89,CRUISE,,0.68,0.25,0.56,0.00,0.44,0.00,0.00,,,18.5,32,0.555,6,6,-0.136,0.951,0,-3
40.02,DRY RUN,APPROACH,1,freshripe,0.64,0.97,8.8,27,0,28,-7,1,89,CRUISE,,0.62,0.27,0.48,0.00,0.31,0.00,0.00,,,18.1,32,0.097,6,6,-0.218,0.950,0,-4
40.07,DRY RUN,APPROACH,1,freshripe,0.64,0.97,8.8,27,0,30,-7,1,89,CRUISE,,0.59,0.28,0.43,0.00,0.21,0.00,0.00,,,18.4,32,-1.137,3,3,-0.188,0.721,0,-4
40.13,DRY RUN,APPROACH,1,freshripe,0.64,0.97,8.8,27,0,32,-7,0,89,OPTOMOTOR,,1.07,0.43,1.16,0.00,1.31,0.00,0.00,,,18.3,32,-2.623,2,0,-0.250,0.472,0,-5
40.18,DRY RUN,APPROACH,1,freshripe,0.64,0.97,8.8,27,0,33,-8,-1,89,OPTOMOTOR,,2.03,1.10,2.35,0.00,0.92,0.16,0.32,,,18.5,32,-2.081,2,0,-0.281,0.332,0,-6
40.23,DRY RUN,APPROACH,1,freshripe,0.64,0.97,8.8,27,0,33,-8,-1,89,OPTOMOTOR,,3.31,1.60,3.00,0.00,2.18,0.16,0.01,,,18.4,32,-6.737,2,0,-0.372,0.239,0,-7
40.29,DRY RUN,SCARED,1,freshripe,0.86,0.96,8.8,27,0,-60,0,-1,89,OPTOMOTOR,RIGHT,5.28,1.77,4.40,0.82,1.53,1.00,1.00,,,18.3,32,-4.586,1,0,-0.400,0.182,0,-1
40.34,DRY RUN,SCARED,1,freshripe,0.86,0.96,8.8,27,0,-60,0,0,89,OPTOMOTOR,RIGHT,6.27,1.93,5.10,1.00,2.18,1.00,1.00,,,17.9,33,-1.662,1,0,-0.359,0.150,0,0
40.40,DRY RUN,SCARED,1,freshripe,0.70,0.89,6.5,27,0,-60,0,0,89,OPTOMOTOR,RIGHT,5.28,2.15,4.53,1.00,1.53,1.00,1.00,,,19.2,30,-3.438,1,0,-0.261,0.104,0,0
40.45,DRY RUN,SCARED,1,freshripe,0.70,0.89,6.5,27,0,-60,0,0,89,AVOID_LEFT,RIGHT,3.97,2.26,4.04,1.00,1.31,0.93,0.97,,,17.7,33,-1.492,1,0,-0.280,0.106,0,0
40.51,DRY RUN,SCARED,1,freshripe,0.55,0.60,6.5,27,0,-60,0,0,89,OPTOMOTOR,RIGHT,2.95,1.86,3.11,1.00,0.92,0.62,0.70,,,19.3,30,-3.259,0,0,-0.242,0.088,0,0
40.56,DRY RUN,SCARED,1,freshripe,0.55,0.60,6.5,27,0,-60,0,0,89,OPTOMOTOR,RIGHT,2.44,1.61,1.91,1.00,0.64,0.50,0.24,,,17.8,33,-0.785,6,3,-0.369,0.264,0,0
40.61,DRY RUN,SCARED,1,freshripe,0.67,0.89,6.3,27,0,-60,0,0,89,AVOID_RIGHT,RIGHT,2.15,1.23,1.15,1.00,0.45,0.45,0.00,,,19.8,29,-0.984,5,5,-0.263,0.483,0,0
40.67,DRY RUN,SCARED,1,freshripe,0.67,0.89,6.3,27,0,-60,0,-1,89,AVOID_RIGHT,RIGHT,1.57,0.89,0.74,0.79,0.87,0.00,0.00,,,18.3,32,-1.345,2,1,-0.254,0.372,0,-1
40.72,DRY RUN,SCARED,1,freshripe,0.78,0.99,6.4,27,0,-60,0,-2,89,AVOID_RIGHT,RIGHT,1.28,0.62,0.54,0.44,0.61,0.00,0.00,,,19.7,29,-0.684,3,5,-0.182,0.448,0,-2
40.77,DRY RUN,SCARED,1,freshripe,0.78,0.99,6.4,27,0,-60,0,-3,89,AVOID_RIGHT,,1.14,0.48,0.37,0.25,0.87,0.00,0.00,,,18.4,32,-0.736,6,5,-0.206,0.591,0,-3
40.82,DRY RUN,SCARED,1,freshripe,0.73,0.97,6.4,27,0,-60,0,-4,89,OPTOMOTOR,,1.00,0.30,0.27,0.14,0.61,0.00,0.00,,,19.8,29,-1.799,1,0,-0.232,0.380,0,-4
40.88,DRY RUN,SCARED,1,freshripe,0.73,0.97,6.4,27,0,-60,0,-5,89,OPTOMOTOR,,0.88,0.21,0.22,0.08,0.87,0.00,0.00,,,18.3,32,-1.296,2,1,-0.251,0.300,0,-5
40.93,DRY RUN,SCARED,1,freshripe,0.82,0.89,6.2,27,0,-60,0,-7,89,OPTOMOTOR,,0.75,0.35,0.38,0.04,0.61,0.00,0.00,,,19.7,29,-2.120,2,0,-0.380,0.235,0,-7
40.98,DRY RUN,SCARED,1,freshripe,0.82,0.89,6.2,27,0,-60,0,-6,89,OPTOMOTOR,,0.68,0.47,0.47,0.02,1.31,0.00,0.00,,,18.5,31,-1.097,2,1,-0.331,0.218,0,-6
41.03,DRY RUN,WAIT,1,freshripe,0.76,0.89,6.6,27,0,-39,0,-7,89,OPTOMOTOR,,0.68,0.75,0.98,0.01,0.92,0.00,0.00,,,19.6,29,-2.127,2,0,-0.378,0.175,0,-7
41.09,DRY RUN,WAIT,1,freshripe,0.76,0.89,6.6,27,0,-25,0,-5,89,OPTOMOTOR,,0.79,0.90,1.33,0.01,0.64,0.00,0.00,,,18.5,32,-1.815,1,0,-0.271,0.118,0,-5
41.14,DRY RUN,WAIT,1,freshripe,0.83,0.95,6.6,27,0,-16,0,-8,89,OPTOMOTOR,,0.84,0.84,1.51,0.00,0.45,0.00,0.13,,,19.5,29,-1.109,3,1,-0.386,0.171,0,-8
41.19,DRY RUN,WAIT,1,freshripe,0.83,0.95,6.6,27,0,-10,0,-6,89,OPTOMOTOR,,0.77,0.58,1.38,0.00,1.31,0.00,0.00,,,18.1,33,-2.397,1,0,-0.276,0.115,0,-6
41.25,DRY RUN,WAIT,1,freshripe,0.82,0.89,6.5,27,0,-6,0,-7,89,OPTOMOTOR,,0.42,0.41,0.88,0.00,0.92,0.00,0.00,,,19.5,29,-1.142,2,1,-0.339,0.151,0,-7
41.30,DRY RUN,WAIT,1,freshripe,0.82,0.89,6.5,27,0,-4,0,-7,89,OPTOMOTOR,,0.24,0.32,0.62,0.00,0.64,0.00,0.00,,,18.0,33,-1.680,2,0,-0.374,0.152,0,-7
41.35,DRY RUN,APPROACH,1,freshripe,0.81,0.89,6.6,27,0,9,0,-10,89,OPTOMOTOR,,0.17,0.31,0.38,0.00,0.45,0.00,0.00,,,19.6,29,-1.029,2,1,-0.394,0.185,0,-8
41.41,DRY RUN,APPROACH,1,freshripe,0.81,0.89,6.6,27,0,18,0,-8,89,OPTOMOTOR,,0.13,0.31,0.19,0.00,0.31,0.00,0.00,,,18.1,32,0.012,5,7,-0.206,0.476,0,-4
41.46,DRY RUN,APPROACH,1,freshripe,0.80,0.95,6.3,27,0,24,0,-7,89,CRUISE,,0.11,0.23,0.10,0.00,0.87,0.00,0.00,,,19.3,30,1.482,0,5,-0.026,0.549,0,-1
41.51,DRY RUN,APPROACH,1,freshripe,0.80,0.95,6.3,27,0,27,0,-5,89,CRUISE,,0.16,0.18,0.07,0.00,0.61,0.00,0.00,,,18.2,32,2.725,0,3,0.122,0.452,0,2
41.56,DRY RUN,APPROACH,1,freshripe,0.86,0.96,6.3,27,0,30,0,-3,89,CRUISE,,0.19,0.30,0.31,0.00,1.31,0.00,0.00,,,19.6,29,1.868,0,3,0.199,0.355,0,4
41.62,DRY RUN,APPROACH,1,freshripe,0.86,0.96,6.3,27,0,32,0,-3,89,OPTOMOTOR,,0.27,0.38,0.66,0.00,0.92,0.00,0.00,,,18.2,32,4.808,0,1,0.244,0.247,0,5
41.67,DRY RUN,APPROACH,1,freshripe,0.61,0.98,6.3,27,0,33,0,-1,89,OPTOMOTOR,,0.38,0.62,0.60,0.00,2.18,0.00,0.00,,,19.6,29,2.475,0,1,0.277,0.201,0,6
41.73,DRY RUN,APPROACH,1,freshripe,0.61,0.98,6.3,27,0,33,0,0,89,OPTOMOTOR,,0.46,0.86,0.55,0.00,1.53,0.00,0.00,,,18.1,33,7.052,0,6,0.359,0.271,0,7
41.78,DRY RUN,APPROACH,1,freshripe,0.73,0.94,6.6,27,0,34,0,6,89,OPTOMOTOR,,0.64,0.98,0.53,0.00,3.05,0.00,0.00,,,19.5,29,4.891,0,8,0.505,0.376,0,10
41.83,DRY RUN,APPROACH,1,freshripe,0.73,0.94,6.6,27,0,34,0,7,89,OPTOMOTOR,,0.80,1.04,0.68,0.00,2.14,0.00,0.00,,,18.2,32,9.417,0,6,0.478,0.355,0,10
41.88,DRY RUN,APPROACH,1,freshripe,0.51,0.99,6.9,27,0,34,0,6,89,OPTOMOTOR,,1.00,1.31,1.47,0.00,3.93,0.00,0.00,,,19.4,29,5.501,0,4,0.407,0.305,0,8
41.94,DRY RUN,APPROACH,1,freshripe,0.51,0.99,6.9,27,0,34,0,6,89,OPTOMOTOR,,1.58,1.44,2.09,0.00,2.75,0.00,0.00,,,18.2,32,5.737,0,1,0.361,0.262,0,7
41.99,DRY RUN,FEED,1,freshripe,0.27,0.98,8.0,27,0,22,-3,7,89,OPTOMOTOR,,1.87,1.27,2.41,0.00,1.92,0.00,0.00,,,19.6,29,7.449,0,1,0.352,0.252,0,7
42.04,DRY RUN,FEED,1,freshripe,0.27,0.98,8.0,27,0,14,-6,10,89,OPTOMOTOR,,1.04,1.19,1.53,0.00,1.35,0.00,0.00,,,18.3,32,2.513,0,7,0.492,0.361,0,10
42.09,DRY RUN,FEED,1,freshripe,0.69,0.99,9.2,26,0,9,-7,12,89,OPTOMOTOR,,0.55,1.15,1.09,0.00,2.18,0.00,0.00,,,19.6,29,6.530,0,5,0.443,0.327,0,9
42.15,DRY RUN,FEED,0,,,,,26,0,6,-5,11,89,OPTOMOTOR,,0.38,1.33,1.95,0.00,1.53,0.00,0.00,,,18.5,31,4.580,0,7,0.450,0.332,0,9
42.20,DRY RUN,FEED,0,,,,,26,0,4,-3,9,89,OPTOMOTOR,,0.50,1.42,2.37,0.00,1.75,0.00,0.00,,,18.4,32,6.619,0,4,0.379,0.277,0,8
42.25,DRY RUN,FEED,1,freshripe,0.54,0.96,11.4,26,0,2,-6,11,89,OPTOMOTOR,,0.56,1.36,1.79,0.00,1.22,0.00,0.00,,,19.6,29,-0.988,3,3,0.236,0.342,0,5
42.31,DRY RUN,FEED,1,freshripe,0.54,0.96,11.4,26,0,1,-8,8,89,CRUISE,,0.59,1.34,1.50,0.00,0.87,0.00,0.00,,,18.4,32,-0.412,6,5,-0.053,0.545,0,-1
42.36,DRY RUN,SCARED,1,freshripe,0.43,1.00,12.4,26,0,-60,0,-1,89,CRUISE,RIGHT,0.62,3.32,2.09,0.82,0.61,0.96,0.96,,,19.0,31,-4.048,1,0,-0.156,0.383,0,-1
42.42,DRY RUN,SCARED,1,freshripe,0.43,1.00,12.4,26,0,-60,0,0,89,ESCAPE,RIGHT,1.78,4.40,3.99,1.00,1.31,1.00,1.00,,,17.7,34,-2.794,2,0,-0.187,0.254,0,0
42.47,DRY RUN,SCARED,2,freshripe,0.36,0.98,11.6,26,0,-60,0,0,89,ESCAPE,RIGHT,2.59,4.93,4.94,1.00,0.92,1.00,1.00,,,18.2,33,-5.045,1,0,-0.299,0.190,0,0
42.53,DRY RUN,SCARED,2,freshripe,0.36,0.98,11.6,26,0,-60,0,0,89,ESCAPE,RIGHT,3.16,4.57,5.04,1.00,0.64,1.00,1.00,,,17.8,33,-3.290,1,0,-0.296,0.141,0,0
42.58,DRY RUN,SCARED,2,freshripe,0.58,0.99,11.7,26,0,-60,0,0,89,ESCAPE,RIGHT,3.45,4.38,4.15,1.00,1.75,0.92,0.92,,,18.5,32,-2.208,2,0,-0.350,0.146,0,0
42.64,DRY RUN,SCARED,2,freshripe,0.58,0.99,11.7,26,0,-60,0,0,89,ESCAPE,RIGHT,2.24,2.70,2.65,1.00,1.22,0.34,0.34,,,18.0,33,-7.944,0,0,-0.281,0.111,0,0
42.69,DRY RUN,SCARED,1,freshripe,0.50,1.00,11.8,26,0,-60,0,0,89,ESCAPE,RIGHT,1.64,1.86,1.90,1.00,2.62,0.00,0.00,,,19.2,30,-6.350,1,0,-0.292,0.110,0,0
42.74,DRY RUN,SCARED,0,,,,,26,0,-60,0,-3,89,ESCAPE,RIGHT,2.44,2.08,3.25,0.61,1.83,0.00,0.31,,,18.6,31,-6.799,2,0,-0.348,0.129,0,-3
42.80,DRY RUN,SCARED,0,,,,,26,0,-60,0,0,89,ESCAPE,RIGHT,2.84,2.20,3.93,0.93,1.28,0.38,0.92,,,17.8,33,-4.886,1,0,-0.292,0.106,0,0
42.85,DRY RUN,SCARED,2,freshripe,0.51,0.72,24.5,26,0,-60,0,0,89,ESCAPE,RIGHT,3.04,2.22,4.19,1.00,0.90,0.67,1.00,,,18.6,31,-1.165,2,0,-0.348,0.126,0,0
42.91,DRY RUN,SCARED,2,freshripe,0.51,0.72,24.5,26,0,-60,0,0,89,ESCAPE,RIGHT,2.68,1.94,4.28,1.00,0.63,0.63,1.00,,,17.7,33,1.113,2,7,-0.053,0.314,0,0
42.96,DRY RUN,SCARED,2,freshripe,0.37,0.94,27.7,26,0,-60,0,0,89,ESCAPE,RIGHT,2.51,1.97,2.90,1.00,0.87,0.42,0.61,,,18.6,31,0.581,5,6,-0.102,0.573,0,0
43.02,DRY RUN,SCARED,2,freshripe,0.37,0.94,27.7,26,0,-60,0,0,89,ESCAPE,RIGHT,1.73,1.98,1.45,1.00,0.61,0.28,0.28,,,17.9,33,2.456,0,2,-0.050,0.418,0,0
43.07,DRY RUN,WAIT,2,freshripe,0.74,0.98,12.4,26,0,-39,0,0,89,ESCAPE,RIGHT,1.22,1.99,0.73,1.00,0.44,0.38,0.38,,,18.7,31,1.438,0,7,0.190,0.411,0,0
43.13,DRY RUN,WAIT,2,freshripe,0.74,0.98,12.4,26,0,-25,0,1,89,ESCAPE,RIGHT,0.97,1.33,0.44,0.79,0.31,0.11,0.11,,,18.1,32,0.760,3,7,0.236,0.537,0,1
43.18,DRY RUN,WAIT,2,freshripe,0.74,0.91,11.8,26,0,-16,0,2,89,ESCAPE,RIGHT,0.68,0.91,0.30,0.45,0.21,0.00,0.00,,,19.0,30,1.039,3,7,0.181,0.607,0,2
43.24,DRY RUN,WAIT,2,freshripe,0.74,0.91,11.8,26,0,-10,0,5,89,ESCAPE,,0.54,0.65,0.18,0.25,0.44,0.00,0.00,,,18.4,32,1.154,1,5,0.302,0.556,0,5
43.29,DRY RUN,WAIT,1,freshripe,0.70,0.98,12.7,26,0,-6,0,3,89,ESCAPE,,0.62,0.52,0.11,0.14,0.31,0.00,0.00,,,19.7,29,-0.299,6,7,0.187,0.733,0,3
43.34,DRY RUN,WAIT,1,freshripe,0.70,0.98,12.7,26,0,-4,0,2,89,ESCAPE,,0.70,0.51,0.07,0.08,0.87,0.00,0.00,,,18.3,32,-0.068,6,6,0.096,0.842,0,2
43.39,DRY RUN,WAIT,1,freshripe,0.62,0.92,12.5,26,0,-2,0,3,89,ESCAPE,,0.83,0.67,0.46,0.04,0.61,0.00,0.00,,,19.8,29,1.593,0,8,0.174,0.683,0,3
43.45,DRY RUN,WAIT,1,freshripe,0.62,0.92,12.5,26,0,-1,0,6,89,ESCAPE,,0.94,0.74,0.65,0.03,0.43,0.00,0.00,,,18.2,32,0.777,3,7,0.326,0.704,0,6
43.50,DRY RUN,WAIT,2,freshripe,0.56,0.92,12.5,26,0,-1,0,6,89,ESCAPE,,1.20,0.55,0.46,0.01,0.30,0.05,0.00,,,19.1,30,2.338,0,5,0.301,0.577,0,6
43.55,DRY RUN,FEED,2,freshripe,0.56,0.92,12.5,26,0,0,0,4,89,ESCAPE,,1.33,0.45,0.31,0.01,0.44,0.05,0.00,,,18.3,32,0.300,5,6,0.207,0.678,0,4
43.61,DRY RUN,FEED,2,freshripe,0.43,0.97,18.3,25,0,0,0,2,89,ESCAPE,,2.44,0.68,0.29,0.26,0.31,0.67,0.00,,,18.8,31,0.626,6,7,0.138,0.772,0,2
43.66,DRY RUN,FEED,2,freshripe,0.43,0.97,18.3,25,0,0,0,2,89,ESCAPE,,2.99,1.07,0.27,0.41,0.87,0.66,0.00,,,17.9,33,2.160,0,5,0.206,0.673,0,2
43.71,DRY RUN,SCARED,1,freshripe,0.53,0.99,12.7,25,0,-60,0,2,89,ESCAPE,RIGHT,3.32,1.27,0.39,0.64,0.61,0.96,0.00,,,19.3,30,1.571,0,6,0.314,0.565,0,2
43.77,DRY RUN,SCARED,1,freshripe,0.53,0.99,12.7,25,0,-60,0,2,89,ESCAPE,RIGHT,3.13,1.33,0.45,0.77,0.87,0.73,0.00,,,18.0,33,2.367,0,7,0.507,0.566,0,2
43.82,DRY RUN,SCARED,1,freshripe,0.38,0.90,12.2,25,0,-60,0,3,89,ESCAPE,RIGHT,3.39,0.81,0.48,0.73,0.61,0.99,0.00,,,19.3,30,1.246,1,7,0.527,0.571,0,3
43.88,DRY RUN,SCARED,1,freshripe,0.38,0.90,12.2,25,0,-60,0,1,89,ESCAPE,RIGHT,3.65,0.55,1.04,0.82,0.43,1.00,0.00,,,17.9,33,-0.078,6,7,0.250,0.727,0,1
43.93,DRY RUN,SCARED,1,freshripe,0.58,0.96,12.5,25,0,-60,0,0,89,ESCAPE,RIGHT,3.77,0.53,2.31,1.00,0.30,1.00,0.61,,,19.2,30,-0.197,4,5,0.113,0.767,0,0
43.98,DRY RUN,SCARED,0,,,,,25,0,-60,0,0,89,ESCAPE,RIGHT,3.61,1.23,3.24,1.00,0.44,1.00,1.00,,,18.1,32,-0.480,5,6,0.002,0.813,0,0
44.04,DRY RUN,SCARED,0,,,,,25,0,-60,0,0,89,AVOID_RIGHT,RIGHT,3.53,1.76,3.71,1.00,0.31,1.00,1.00,,,18.2,32,0.167,5,6,-0.062,0.839,0,0
44.09,DRY RUN,SCARED,0,,,,,25,0,-60,0,0,89,CRUISE,RIGHT,3.68,2.02,3.61,1.00,0.44,1.00,1.00,,,18.0,33,0.729,4,6,0.011,0.863,0,0
44.15,DRY RUN,SCARED,0,,,,,25,0,-60,0,0,89,CRUISE,RIGHT,3.75,2.30,2.42,1.00,0.31,1.00,0.65,,,18.1,32,0.511,5,7,0.089,0.915,0,0
44.20,DRY RUN,SCARED,0,,,,,25,0,-60,0,0,89,AVOID_RIGHT,RIGHT,2.73,2.28,1.82,1.00,0.87,0.53,0.30,,,18.4,32,1.346,0,7,0.158,0.720,0,0
44.26,DRY RUN,SCARED,0,,,,,25,0,-60,0,0,89,AVOID_RIGHT,RIGHT,2.22,1.39,1.65,1.00,0.61,0.40,0.12,,,18.0,33,0.044,4,6,0.111,0.696,0,0
44.31,DRY RUN,SCARED,1,freshripe,0.32,0.96,15.9,25,0,-60,0,0,89,AVOID_RIGHT,RIGHT,2.36,0.94,1.68,0.80,0.87,0.34,0.00,,,19.4,29,0.261,5,7,0.100,0.807,0,0
44.37,DRY RUN,SCARED,0,,,,,25,0,-60,0,1,89,AVOID_RIGHT,RIGHT,2.43,1.20,1.69,0.57,0.87,0.38,0.01,,,18.3,32,0.731,5,7,0.131,0.840,0,1
44.42,DRY RUN,WAIT,0,,,,,25,0,-39,0,1,89,AVOID_RIGHT,RIGHT,2.17,1.35,1.56,0.58,0.61,0.38,0.07,,,18.1,33,1.508,0,4,0.104,0.620,0,1
44.47,DRY RUN,WAIT,1,freshripe,0.24,0.94,13.1,25,0,-25,0,4,89,AVOID_RIGHT,RIGHT,2.03,1.41,1.12,0.32,0.87,0.18,0.00,,,19.4,30,1.009,2,7,0.264,0.635,0,4
44.53,DRY RUN,WAIT,0,,,,,25,0,-16,0,6,89,AVOID_RIGHT,,2.07,1.45,1.28,0.29,0.61,0.33,0.02,,,18.4,32,1.684,0,8,0.438,0.596,0,6
44.58,DRY RUN,WAIT,0,,,,,25,0,-10,0,7,89,AVOID_RIGHT,,2.28,1.50,0.74,0.31,0.87,0.30,0.00,,,18.0,33,0.959,2,8,0.530,0.612,0,7
44.64,DRY RUN,WAIT,1,,,,,25,0,-6,0,3,89,AVOID_RIGHT,RIGHT,2.38,2.61,1.17,0.69,0.61,0.60,0.60,,,19.2,30,0.041,4,8,0.436,0.759,0,3
44.69,DRY RUN,WAIT,0,,,,,25,0,-4,0,0,89,AVOID_RIGHT,RIGHT,2.38,3.30,1.55,1.00,1.31,0.60,0.60,,,18.3,32,-0.646,6,7,0.152,0.833,0,0
44.75,DRY RUN,WAIT,0,,,,,25,0,-2,0,0,89,AVOID_RIGHT,RIGHT,2.23,3.65,2.13,1.00,0.92,0.97,0.97,,,16.0,40,-1.977,2,0,-0.110,0.564,0,0
44.81,DRY RUN,WAIT,0,,,,,25,0,-1,0,0,89,AVOID_LEFT,RIGHT,2.15,3.51,2.43,1.00,0.64,1.00,1.00,,,18.0,33,-3.368,1,0,-0.163,0.351,0,0
44.86,DRY RUN,WAIT,0,,,,,25,0,-1,0,0,89,AVOID_LEFT,RIGHT,2.43,3.11,1.61,1.00,0.45,0.93,0.93,,,17.8,33,-0.037,4,5,-0.186,0.426,0,0
44.92,DRY RUN,WAIT,1,freshripe,0.24,0.98,18.0,25,0,0,0,0,89,AVOID_LEFT,RIGHT,2.57,1.91,1.20,1.00,0.44,0.67,0.34,,,19.3,30,0.305,5,7,-0.110,0.669,0,0
44.97,DRY RUN,WAIT,1,freshripe,0.24,0.98,18.0,25,0,0,0,0,89,AVOID_RIGHT,RIGHT,2.12,1.32,1.12,1.00,0.31,0.51,0.11,,,17.9,33,0.614,5,7,-0.083,0.791,0,0
45.02,DRY RUN,WAIT,1,freshripe,0.45,0.98,15.6,25,0,0,0,0,89,AVOID_RIGHT,RIGHT,1.89,1.02,1.08,0.93,0.21,0.44,0.03,,,19.5,29,1.455,0,6,0.182,0.674,0,0
45.08,DRY RUN,WAIT,1,freshripe,0.45,0.98,15.6,25,0,0,0,3,89,AVOID_RIGHT,RIGHT,2.01,0.95,0.69,0.52,0.87,0.17,0.00,,,18.2,32,0.520,5,8,0.277,0.756,0,3
45.13,DRY RUN,WAIT,1,freshripe,0.29,1.00,17.3,25,0,0,0,1,89,AVOID_RIGHT,RIGHT,2.90,0.91,0.50,0.48,0.61,0.74,0.00,,,19.4,29,-0.363,5,6,0.105,0.807,0,1
45.19,DRY RUN,WAIT,1,freshripe,0.29,1.00,17.3,25,0,0,0,0,89,AVOID_RIGHT,RIGHT,3.34,1.33,0.40,0.66,0.87,0.83,0.00,,,17.9,33,-1.212,2,1,-0.054,0.597,0,0
45.24,DRY RUN,WAIT,1,freshripe,0.25,0.99,15.7,25,0,0,0,-1,89,AVOID_RIGHT,RIGHT,3.52,1.54,1.20,0.78,0.61,1.00,0.06,,,19.3,30,-2.603,2,0,-0.169,0.417,0,-1
45.29,DRY RUN,WAIT,1,freshripe,0.25,0.99,15.7,25,0,0,0,-1,89,AVOID_RIGHT,RIGHT,3.16,1.39,1.60,0.85,1.31,0.53,0.00,,,18.0,33,-3.414,2,0,-0.198,0.273,0,-1
45.35,DRY RUN,WAIT,2,freshripe,0.52,0.99,11.4,25,0,0,0,-2,89,AVOID_RIGHT,RIGHT,2.48,1.06,1.67,0.63,0.92,0.38,0.00,,,18.9,31,-2.103,2,0,-0.314,0.206,0,-2
45.40,DRY RUN,WAIT,2,freshripe,0.52,0.99,11.4,25,0,0,0,-4,89,AVOID_RIGHT,RIGHT,2.14,0.87,1.70,0.46,0.87,0.24,0.02,,,18.2,32,-5.280,1,0,-0.350,0.164,0,-4
45.45,DRY RUN,WAIT,1,freshripe,0.61,0.99,10.8,25,0,0,0,-3,89,AVOID_RIGHT,RIGHT,2.04,0.77,2.57,0.57,0.61,0.31,0.58,,,19.2,30,-7.560,1,0,-0.330,0.140,0,-3
45.51,DRY RUN,WAIT,1,freshripe,0.61,0.99,10.8,25,0,0,0,-3,89,AVOID_LEFT,RIGHT,1.98,0.85,3.00,0.57,1.75,0.00,0.23,,,18.4,33,-11.000,1,0,-0.320,0.126,0,-3
45.56,DRY RUN,WAIT,1,freshripe,0.64,0.98,8.1,25,0,0,0,-3,89,AVOID_LEFT,RIGHT,1.61,0.89,2.88,0.50,1.22,0.00,0.43,,,19.3,30,-5.448,1,0,-0.314,0.119,0,-3
45.61,DRY RUN,WAIT,1,freshripe,0.64,0.98,8.1,25,0,0,0,-3,89,AVOID_LEFT,RIGHT,1.43,0.91,2.71,0.53,2.62,0.00,0.00,,,18.1,32,-4.553,2,0,-0.360,0.134,0,-3
45.67,DRY RUN,WAIT,2,freshripe,0.24,0.92,14.0,25,0,0,0,-3,89,AVOID_LEFT,,1.24,1.32,2.62,0.30,1.83,0.00,0.00,,,19.2,30,-6.476,0,0,-0.211,0.075,0,-3
45.72,DRY RUN,WAIT,2,freshripe,0.24,0.92,14.0,25,0,0,0,-5,89,AVOID_LEFT,,1.41,1.63,2.69,0.17,1.75,0.00,0.07,,,18.3,32,-4.086,2,0,-0.303,0.109,0,-5
45.77,DRY RUN,WAIT,1,freshripe,0.65,0.98,7.2,25,0,0,0,-4,89,AVOID_LEFT,,1.99,2.43,3.10,0.22,1.75,0.00,0.28,,,19.5,29,-2.780,0,0,-0.254,0.090,0,-4
45.83,DRY RUN,WAIT,1,freshripe,0.65,0.98,7.2,25,0,0,0,-2,89,AVOID_LEFT,LEFT,2.36,2.83,3.30,0.68,1.22,0.41,0.64,,,18.0,33,-3.822,1,0,-0.239,0.084,0,-2
45.88,DRY RUN,WAIT,1,freshripe,0.82,0.99,6.2,25,0,0,0,0,89,ESCAPE,LEFT,2.55,2.48,3.19,1.00,0.86,0.45,0.77,,,19.2,30,-0.305,6,8,-0.215,0.372,0,0
45.94,DRY RUN,WAIT,1,freshripe,0.82,0.99,6.2,25,0,0,0,0,89,ESCAPE,LEFT,1.94,1.70,2.32,0.94,0.60,0.27,0.46,,,17.9,33,-0.411,6,8,-0.176,0.619,0,0
45.99,DRY RUN,WAIT,1,freshripe,0.70,0.93,6.0,25,0,0,0,-1,89,ESCAPE,LEFT,1.39,1.21,1.33,0.79,0.44,0.08,0.05,,,19.6,29,-1.079,4,3,-0.153,0.611,0,-1
46.04,DRY RUN,WAIT,1,freshripe,0.70,0.93,6.0,25,0,0,0,-1,89,ESCAPE,LEFT,1.09,0.97,0.84,0.44,1.31,0.00,0.00,,,18.3,32,-0.380,5,8,-0.123,0.749,0,-1
46.10,DRY RUN,WAIT,1,freshripe,0.70,0.93,6.0,25,0,0,0,-3,89,ESCAPE,,0.97,0.85,0.98,0.25,0.92,0.00,0.00,,,18.5,31,-1.264,2,1,-0.200,0.607,0,-3
46.15,DRY RUN,WAIT,1,freshripe,0.70,0.93,6.0,25,0,0,0,-4,89,ESCAPE,,0.88,0.79,1.05,0.14,1.75,0.00,0.00,,,18.7,31,-1.877,2,0,-0.253,0.408,0,-4
46.20,DRY RUN,WAIT,1,freshripe,0.70,0.93,6.0,25,0,0,0,-6,89,ESCAPE,,0.87,0.75,0.99,0.08,1.22,0.00,0.00,,,18.4,32,-4.557,2,0,-0.307,0.297,0,-6
46.26,DRY RUN,WAIT,1,freshripe,0.70,0.93,6.0,25,0,0,0,-8,89,ESCAPE,,0.91,0.73,0.85,0.04,0.87,0.00,0.00,,,18.6,32,-4.352,2,0,-0.399,0.219,0,-8
46.31,DRY RUN,WAIT,1,freshripe,0.70,0.93,6.0,25,0,0,0,-8,89,ESCAPE,,0.94,0.72,0.79,0.02,0.61,0.00,0.00,,,18.2,32,-1.545,2,0,-0.419,0.190,0,-8
46.37,DRY RUN,WAIT,1,freshripe,0.70,0.93,6.0,25,0,0,0,-8,89,ESCAPE,,1.03,0.77,0.99,0.01,0.44,0.00,0.00,,,18.5,32,-2.383,2,0,-0.415,0.174,0,-8
46.42,DRY RUN,APPROACH,1,freshripe,0.70,0.93,6.0,25,0,12,0,-8,89,ESCAPE,,1.08,0.79,2.11,0.15,0.31,0.00,0.50,,,18.3,32,-0.405,5,5,-0.275,0.332,0,-5
46.48,DRY RUN,APPROACH,1,freshripe,0.70,0.93,6.0,25,0,20,0,-7,89,ESCAPE,,1.11,0.81,2.75,0.46,0.44,0.00,0.75,,,18.2,33,0.107,5,7,-0.180,0.616,0,-2
46.53,DRY RUN,SCARED,1,freshripe,0.70,0.93,6.0,25,0,-60,0,0,89,ESCAPE,LEFT,0.96,0.63,3.06,0.78,0.31,0.00,0.98,,,17.9,33,0.852,2,6,-0.059,0.657,0,0
46.59,DRY RUN,SCARED,1,freshripe,0.70,0.93,6.0,25,0,-60,0,1,89,ESCAPE,LEFT,0.89,0.55,2.00,0.73,1.31,0.00,0.00,,,18.5,32,3.734,0,5,0.124,0.551,0,1
46.64,DRY RUN,SCARED,2,freshripe,0.87,1.00,6.5,25,0,-60,0,4,89,ESCAPE,LEFT,0.86,0.67,1.22,0.41,0.92,0.00,0.00,,,20.0,29,2.990,0,7,0.337,0.515,0,4
46.69,DRY RUN,SCARED,2,freshripe,0.87,1.00,6.5,25,0,-60,0,7,89,ESCAPE,,1.16,0.82,0.79,0.23,0.87,0.00,0.00,,,18.3,32,3.685,0,7,0.477,0.480,0,7
46.74,DRY RUN,SCARED,1,freshripe,0.80,0.97,5.9,25,0,-60,0,12,89,ESCAPE,,1.31,0.90,0.58,0.13,0.61,0.00,0.00,,,19.5,29,1.413,0,7,0.686,0.504,0,12
46.80,DRY RUN,SCARED,1,freshripe,0.80,0.97,5.9,25,0,-60,0,10,89,ESCAPE,,1.61,1.19,0.47,0.07,0.44,0.19,0.00,,,18.4,32,1.830,0,5,0.537,0.408,0,10
46.85,DRY RUN,SCARED,1,freshripe,0.74,1.00,5.9,25,0,-60,0,4,89,ESCAPE,,1.76,1.34,0.42,0.18,0.31,0.33,0.12,,,19.3,30,0.299,6,7,0.260,0.635,0,4
46.90,DRY RUN,SCARED,1,freshripe,0.74,1.00,5.9,25,0,-60,0,4,89,ESCAPE,,1.04,0.75,0.23,0.13,0.21,0.01,0.00,,,18.1,32,-0.412,6,7,0.225,0.791,0,4
46.95,DRY RUN,SCARED,1,freshripe,0.80,0.90,5.8,25,0,-60,0,1,89,ESCAPE,,0.64,0.45,0.14,0.08,0.15,0.00,0.00,,,19.9,29,-0.604,5,6,0.030,0.812,0,1
47.01,DRY RUN,SCARED,1,freshripe,0.80,0.90,5.8,25,0,-60,0,1,89,ESCAPE,,0.44,0.49,0.24,0.04,0.44,0.00,0.00,,,18.4,32,0.221,6,7,0.051,0.905,0,1
47.06,DRY RUN,SCARED,1,freshripe,0.72,0.80,5.9,25,0,-60,0,0,89,ESCAPE,,0.94,0.60,0.93,0.02,0.44,0.00,0.00,,,19.6,29,0.199,6,8,0.021,0.920,0,0
47.11,DRY RUN,SCARED,1,freshripe,0.72,0.80,5.9,25,0,-60,0,0,89,ESCAPE,,1.20,0.66,1.48,0.01,0.31,0.05,0.19,,,18.1,32,0.089,6,8,0.025,0.971,0,0
47.17,DRY RUN,SCARED,1,freshripe,0.82,0.90,6.0,25,0,-60,0,0,89,ESCAPE,,0.95,0.51,1.76,0.15,0.44,0.00,0.26,,,19.3,30,0.084,6,8,0.008,0.999,0,0
47.22,DRY RUN,SCARED,1,freshripe,0.82,0.90,6.0,25,0,-60,0,-3,89,ESCAPE,,0.65,0.40,0.90,0.12,0.31,0.00,0.00,,,18.3,32,0.237,6,6,-0.189,0.963,0,-3
47.27,DRY RUN,WAIT,1,freshripe,0.83,0.71,6.0,25,0,-39,0,1,89,ESCAPE,,0.48,0.35,0.47,0.07,1.31,0.00,0.00,,,19.5,29,1.877,0,4,0.046,0.704,0,1
47.33,DRY RUN,WAIT,1,freshripe,0.83,0.71,6.0,25,0,-25,0,4,89,ESCAPE,,0.33,0.33,0.63,0.04,0.92,0.00,0.00,,,18.2,32,2.954,0,5,0.182,0.577,0,4
47.38,DRY RUN,WAIT,1,freshripe,0.76,0.95,5.9,25,0,-16,0,7,89,ESCAPE,,0.25,0.42,0.90,0.02,2.18,0.00,0.00,,,19.5,29,1.300,0,5,0.361,0.520,0,7
47.43,DRY RUN,WAIT,1,freshripe,0.76,0.95,5.9,25,0,-10,0,9,89,ESCAPE,,0.38,0.47,1.20,0.01,1.53,0.00,0.00,,,18.3,32,4.135,0,5,0.459,0.460,0,9
47.48,DRY RUN,WAIT,1,freshripe,0.72,0.98,6.2,25,0,-6,0,7,89,OPTOMOTOR,,0.44,0.49,1.35,0.01,1.75,0.00,0.00,,,19.6,29,1.840,0,2,0.369,0.311,0,7
47.54,DRY RUN,WAIT,1,freshripe,0.72,0.98,6.2,25,0,-4,0,8,89,OPTOMOTOR,,0.47,0.61,0.72,0.00,1.22,0.00,0.00,,,18.5,32,3.350,0,4,0.381,0.294,0,8
47.59,DRY RUN,APPROACH,1,freshripe,0.57,0.99,6.1,25,0,9,0,5,89,OPTOMOTOR,,0.48,1.09,0.40,0.00,0.86,0.00,0.00,,,19.6,29,3.146,0,1,0.288,0.199,0,6
47.64,DRY RUN,APPROACH,1,freshripe,0.57,0.99,6.1,25,0,18,0,4,89,OPTOMOTOR,,1.44,1.33,0.38,0.00,0.60,0.02,0.00,,,18.4,32,2.157,0,4,0.355,0.260,0,7
47.70,DRY RUN,APPROACH,1,freshripe,0.53,0.97,6.2,25,0,24,0,5,89,OPTOMOTOR,,1.92,1.45,0.38,0.00,0.87,0.12,0.00,,,19.2,30,4.652,0,1,0.288,0.194,0,6
47.75,DRY RUN,APPROACH,1,freshripe,0.53,0.97,6.2,25,0,27,0,6,89,OPTOMOTOR,,1.65,1.24,0.43,0.00,0.61,0.12,0.00,,,18.2,32,1.730,0,3,0.336,0.238,0,7
47.80,DRY RUN,APPROACH,1,freshripe,0.81,0.97,6.3,25,0,30,0,7,89,OPTOMOTOR,,1.51,1.13,0.46,0.00,0.44,0.14,0.00,,,19.6,29,1.786,0,4,0.337,0.239,0,7
47.86,DRY RUN,APPROACH,1,freshripe,0.81,0.97,6.3,25,0,32,0,1,89,CRUISE,,1.24,1.05,0.47,0.00,0.31,0.07,0.00,,,18.0,33,0.504,5,5,0.036,0.483,0,1
47.91,DRY RUN,APPROACH,1,freshripe,0.76,0.90,6.7,25,0,33,0,1,89,CRUISE,,1.00,0.94,0.48,0.00,0.44,0.00,0.00,,,19.5,29,0.617,6,8,0.041,0.710,0,1
47.96,DRY RUN,APPROACH,1,freshripe,0.76,0.90,6.7,25,0,33,0,1,89,CRUISE,,0.82,0.72,0.35,0.00,0.31,0.00,0.00,,,18.3,32,2.160,0,2,0.035,0.509,0,1
48.01,DRY RUN,FEED,1,freshripe,0.77,0.96,7.1,25,0,21,0,1,89,CRUISE,,0.64,0.57,0.28,0.00,0.21,0.00,0.00,,,19.7,29,0.314,6,7,0.074,0.692,0,1
48.07,DRY RUN,FEED,1,freshripe,0.77,0.96,7.1,25,0,14,0,3,89,CRUISE,,0.64,0.53,0.25,0.00,0.15,0.00,0.00,,,18.4,32,0.939,6,8,0.169,0.800,0,3
48.12,DRY RUN,FEED,1,freshripe,0.80,0.85,6.7,24,0,9,0,2,89,CRUISE,,0.75,0.56,0.20,0.00,0.10,0.00,0.00,,,19.7,29,0.233,6,7,0.118,0.870,0,2
48.17,DRY RUN,FEED,1,freshripe,0.80,0.85,6.7,24,0,6,0,3,89,CRUISE,,0.81,0.58,0.17,0.00,0.07,0.00,0.00,,,18.3,32,-0.230,6,8,0.159,0.942,0,3
48.23,DRY RUN,FEED,2,freshripe,0.80,0.98,6.8,24,0,3,0,4,89,CRUISE,,0.66,0.41,0.15,0.00,0.05,0.00,0.00,,,19.0,30,-0.124,6,8,0.202,0.969,0,4
48.28,DRY RUN,FEED,2,freshripe,0.80,0.98,6.8,23,0,2,0,-1,89,CRUISE,,0.46,0.25,0.11,0.00,0.04,0.00,0.00,,,18.1,33,-0.162,6,6,-0.051,0.960,0,-1
48.33,DRY RUN,FEED,2,freshripe,0.79,0.86,6.8,23,0,1,0,-1,89,CRUISE,,0.31,0.15,0.09,0.00,0.03,0.00,0.00,,,19.1,30,-0.467,5,5,-0.044,0.903,0,-1
48.39,DRY RUN,FEED,2,freshripe,0.79,0.86,6.8,23,0,1,0,-1,89,CRUISE,,0.20,0.10,0.09,0.00,0.02,0.00,0.00,,,18.4,32,0.072,5,5,-0.063,0.899,0,-1
48.44,DRY RUN,FEED,1,freshripe,0.84,0.88,6.7,23,0,0,0,-3,89,CRUISE,,0.15,0.08,0.09,0.00,0.01,0.00,0.00,,,19.5,29,0.053,6,7,-0.139,0.940,0,-3
48.49,DRY RUN,FEED,1,freshripe,0.84,0.88,6.7,22,0,0,0,-3,89,CRUISE,,0.15,0.06,0.07,0.00,0.01,0.00,0.00,,,18.4,32,0.394,6,6,-0.139,0.929,0,-3
48.55,DRY RUN,FEED,1,freshripe,0.83,0.63,6.7,22,0,0,0,2,89,CRUISE,,0.14,0.05,0.06,0.00,0.01,0.00,0.00,,,16.4,29,0.229,6,9,0.084,0.981,0,2
48.61,DRY RUN,FEED,1,freshripe,0.83,0.63,6.7,22,0,0,0,-3,89,CRUISE,,0.13,0.05,0.06,0.00,0.00,0.00,0.00,,,18.3,32,-0.193,6,7,-0.165,0.957,0,-3
48.66,DRY RUN,FEED,1,freshripe,0.81,0.93,6.9,21,0,0,0,2,89,CRUISE,,0.12,0.08,0.09,0.00,0.00,0.00,0.00,,,19.7,29,0.145,5,8,0.088,0.987,0,2
48.71,DRY RUN,FEED,1,freshripe,0.81,0.93,6.9,21,0,0,0,0,89,CRUISE,,0.14,0.09,0.11,0.00,0.44,0.00,0.00,,,18.4,32,0.231,6,8,0.006,1.000,0,0
48.76,DRY RUN,FEED,1,freshripe,0.78,0.63,6.7,21,0,0,0,7,89,OPTOMOTOR,,0.21,0.11,0.31,0.00,0.31,0.00,0.00,,,19.6,29,0.965,1,7,0.332,0.877,0,7
48.82,DRY RUN,FEED,1,freshripe,0.78,0.63,6.7,20,0,0,0,4,89,OPTOMOTOR,,0.25,0.14,0.41,0.00,0.21,0.00,0.00,,,18.5,32,0.589,5,6,0.220,0.847,0,4
48.87,DRY RUN,FEED,1,freshripe,0.79,0.94,6.7,20,0,0,0,1,89,OPTOMOTOR,,0.26,0.15,0.25,0.00,0.15,0.00,0.00,,,19.7,29,0.146,5,5,0.072,0.867,0,1
48.92,DRY RUN,FEED,1,freshripe,0.79,0.94,6.7,20,0,0,0,4,89,CRUISE,,0.24,0.12,0.17,0.00,0.10,0.00,0.00,,,18.2,32,0.431,6,8,0.189,0.955,0,4
48.98,DRY RUN,FEED,1,freshripe,0.80,0.82,6.8,19,0,0,0,1,89,CRUISE,,0.23,0.06,0.12,0.00,0.44,0.00,0.00,,,19.7,29,0.026,6,7,0.041,0.972,0,1
49.03,DRY RUN,FEED,1,freshripe,0.80,0.82,6.8,19,0,0,0,0,89,CRUISE,,0.50,0.03,0.08,0.00,0.31,0.00,0.00,,,18.3,32,0.345,6,7,-0.002,0.995,0,0
49.08,DRY RUN,FEED,1,freshripe,0.78,0.92,7.2,19,0,0,0,4,89,CRUISE,,0.63,0.02,0.05,0.00,0.21,0.00,0.00,,,19.7,29,0.633,5,8,0.182,0.994,0,4
49.14,DRY RUN,FEED,1,freshripe,0.78,0.92,7.2,18,0,0,0,1,89,CRUISE,,0.62,0.06,0.09,0.00,0.15,0.00,0.00,,,18.2,32,0.311,6,8,0.058,1.000,0,1
49.19,DRY RUN,FEED,2,freshripe,0.73,0.96,7.2,18,0,0,0,0,89,CRUISE,,0.50,0.10,0.11,0.00,0.10,0.00,0.00,,,18.9,31,0.020,6,7,0.000,1.000,0,0
49.24,DRY RUN,FEED,2,freshripe,0.73,0.96,7.2,18,0,0,0,-1,89,CRUISE,,0.44,0.11,0.12,0.00,0.07,0.00,0.00,,,18.1,33,-0.037,6,6,-0.043,0.973,0,-1
49.30,DRY RUN,FEED,2,freshripe,0.77,0.94,7.1,17,0,0,0,-2,89,OPTOMOTOR,,0.25,0.10,0.10,0.00,0.05,0.00,0.00,,,18.8,31,0.242,5,7,-0.105,0.934,0,-2
49.35,DRY RUN,FEED,2,freshripe,0.77,0.94,7.1,17,0,0,0,1,89,CRUISE,,0.16,0.09,0.09,0.00,0.04,0.00,0.00,,,18.4,32,0.235,5,8,0.058,0.960,0,1
49.41,DRY RUN,FEED,2,freshripe,0.72,0.91,7.2,17,0,0,0,2,89,CRUISE,,0.11,0.10,0.09,0.00,0.44,0.00,0.00,,,18.8,31,1.309,1,5,0.108,0.754,0,2
49.46,DRY RUN,FEED,2,freshripe,0.72,0.91,7.2,16,0,0,0,3,89,OPTOMOTOR,,0.20,0.11,0.10,0.00,0.44,0.00,0.00,,,18.3,32,1.182,2,4,0.126,0.653,0,3
49.51,DRY RUN,FEED,1,freshripe,0.78,0.95,7.1,16,0,0,0,5,89,OPTOMOTOR,,0.50,0.11,0.18,0.00,0.31,0.00,0.00,,,19.6,29,2.172,0,4,0.251,0.544,0,5
49.56,DRY RUN,FEED,1,freshripe,0.78,0.95,7.1,16,0,0,0,8,89,OPTOMOTOR,,0.66,0.11,0.23,0.00,0.44,0.00,0.00,,,18.6,32,1.324,2,8,0.414,0.583,0,8
49.62,DRY RUN,FEED,1,freshripe,0.76,0.98,7.4,15,0,0,0,12,89,OPTOMOTOR,,0.42,0.25,0.19,0.00,0.31,0.00,0.00,,,19.7,29,1.364,0,8,0.576,0.581,0,12
49.67,DRY RUN,FEED,1,freshripe,0.76,0.98,7.4,15,0,0,0,7,89,OPTOMOTOR,,0.31,0.31,0.18,0.00,0.21,0.00,0.00,,,18.5,31,0.689,4,7,0.362,0.665,0,7
49.72,DRY RUN,FEED,1,freshripe,0.65,0.93,7.3,15,0,0,0,8,89,OPTOMOTOR,,0.26,0.33,0.22,0.00,0.15,0.00,0.00,,,19.7,29,1.437,0,5,0.384,0.599,0,8
49.77,DRY RUN,FEED,1,freshripe,0.65,0.93,7.3,15,0,0,0,4,89,OPTOMOTOR,,0.25,0.30,0.24,0.00,0.44,0.00,0.00,,,18.4,31,0.381,6,5,0.194,0.718,0,4
49.83,DRY RUN,FEED,2,freshripe,0.71,0.94,7.6,14,0,0,0,6,89,OPTOMOTOR,,0.24,0.29,0.25,0.00,0.31,0.00,0.00,,,19.1,30,1.236,1,6,0.281,0.666,0,6
49.88,DRY RUN,FEED,2,freshripe,0.71,0.94,7.6,14,0,0,0,7,89,OPTOMOTOR,,0.25,0.26,0.25,0.00,0.87,0.00,0.00,,,18.2,32,0.880,6,8,0.348,0.757,0,7
49.93,DRY RUN,FEED,1,freshripe,0.71,0.98,8.2,14,0,0,0,7,89,OPTOMOTOR,,0.27,0.13,0.19,0.00,0.61,0.00,0.00,,,19.7,29,0.554,5,8,0.362,0.845,0,7
49.99,DRY RUN,FEED,1,freshripe,0.71,0.98,8.2,13,0,0,0,2,89,OPTOMOTOR,,0.28,0.06,0.16,0.00,0.43,0.00,0.00,,,18.3,32,0.383,5,5,0.092,0.852,0,2
50.04,DRY RUN,FEED,1,freshripe,0.76,0.98,8.2,13,0,0,0,1,89,CRUISE,,0.25,0.07,0.15,0.00,0.30,0.00,0.00,,,19.6,29,0.100,5,6,0.066,0.890,0,1
50.09,DRY RUN,FEED,1,freshripe,0.76,0.98,8.2,13,0,0,0,4,89,CRUISE,,0.24,0.14,0.21,0.00,0.21,0.00,0.00,,,18.3,32,-0.636,5,8,0.187,0.920,0,4
50.15,DRY RUN,FEED,2,freshripe,0.36,0.93,24.7,12,0,0,0,3,89,CRUISE,,0.45,0.17,0.47,0.00,0.15,0.00,0.00,,,18.6,32,-0.604,5,5,-0.074,0.866,0,-1
50.20,DRY RUN,FEED,2,freshripe,0.36,0.93,24.7,12,0,0,0,3,89,CRUISE,,0.72,0.19,0.81,0.00,0.87,0.00,0.00,,,18.3,32,-1.007,2,1,-0.187,0.616,0,-4
50.25,DRY RUN,FEED,1,freshripe,0.74,0.96,8.1,12,0,0,0,0,89,OPTOMOTOR,,1.01,0.28,1.00,0.00,0.61,0.00,0.00,,,19.7,29,-3.210,2,0,-0.233,0.428,0,-5
50.31,DRY RUN,FEED,1,freshripe,0.74,0.96,8.1,11,0,0,0,-1,89,OPTOMOTOR,,2.02,0.34,1.60,0.00,1.31,0.00,0.00,,,18.4,32,-2.007,1,0,-0.210,0.260,0,-4
50.36,DRY RUN,FEED,1,freshripe,0.28,0.89,8.7,11,0,0,0,-3,89,AVOID_RIGHT,,2.87,0.49,2.44,0.26,0.92,0.58,0.36,,,19.2,30,-4.232,2,0,-0.335,0.199,0,-5
50.41,DRY RUN,SCARED,1,freshripe,0.28,0.89,8.7,11,0,-60,0,-1,89,ESCAPE,RIGHT,3.49,1.15,2.94,0.78,0.87,0.91,0.64,,,18.0,33,-1.486,2,0,-0.324,0.150,0,-1
50.47,DRY RUN,SCARED,1,freshripe,0.62,0.96,8.5,11,0,-60,0,0,89,ESCAPE,RIGHT,3.80,1.49,3.20,1.00,0.61,1.00,0.89,,,19.2,30,-0.934,5,3,-0.358,0.266,0,0
50.52,DRY RUN,SCARED,1,freshripe,0.62,0.96,8.5,11,0,-60,0,0,89,ESCAPE,RIGHT,2.80,1.60,2.33,1.00,0.44,0.78,0.55,,,17.9,33,0.594,5,7,-0.220,0.522,0,0
50.57,DRY RUN,SCARED,1,freshripe,0.49,0.72,8.3,11,0,-60,0,0,89,ESCAPE,RIGHT,1.88,1.27,1.64,1.00,0.31,0.39,0.27,,,19.4,29,-0.157,6,7,-0.168,0.742,0,0
50.63,DRY RUN,SCARED,1,freshripe,0.49,0.72,8.3,11,0,-60,0,0,89,ESCAPE,RIGHT,1.43,1.10,1.30,0.94,0.21,0.21,0.14,,,17.9,33,0.004,6,7,-0.195,0.823,0,0
50.68,DRY RUN,SCARED,1,freshripe,0.58,0.90,7.8,11,0,-60,0,0,89,ESCAPE,RIGHT,1.47,1.26,1.25,0.64,0.44,0.12,0.01,,,19.3,30,-0.196,6,8,0.038,0.930,0,0
50.74,DRY RUN,SCARED,1,freshripe,0.58,0.90,7.8,11,0,-60,0,1,89,ESCAPE,RIGHT,1.60,1.74,1.54,0.57,0.31,0.32,0.32,,,17.9,33,-0.150,5,8,0.083,0.943,0,1
50.81,DRY RUN,SCARED,2,freshripe,0.29,0.93,22.8,11,0,-60,0,-1,89,ESCAPE,RIGHT,1.66,1.97,1.68,0.72,0.44,0.37,0.37,,,14.2,48,-0.766,2,3,-0.113,0.783,0,-1
50.86,DRY RUN,SCARED,2,freshripe,0.29,0.93,22.8,11,0,-60,0,0,89,ESCAPE,RIGHT,1.27,1.29,1.03,0.67,0.31,0.09,0.09,,,17.8,33,-0.248,5,8,0.006,0.875,0,0
50.92,DRY RUN,SCARED,2,freshripe,0.68,0.96,8.0,11,0,-60,0,1,89,ESCAPE,RIGHT,1.08,0.80,0.71,0.38,0.44,0.00,0.00,,,18.9,30,0.120,5,8,0.111,0.926,0,1
50.97,DRY RUN,SCARED,2,freshripe,0.68,0.96,8.0,11,0,-60,0,3,89,ESCAPE,,0.84,0.56,0.50,0.21,0.31,0.00,0.00,,,18.3,32,0.837,3,8,0.192,0.903,0,3
51.02,DRY RUN,SCARED,2,freshripe,0.65,0.86,7.9,11,0,-60,0,1,89,ESCAPE,,0.66,0.46,0.33,0.12,0.21,0.00,0.00,,,19.1,30,0.160,5,5,0.046,0.899,0,1
51.08,DRY RUN,SCARED,2,freshripe,0.65,0.86,7.9,11,0,-60,0,3,89,ESCAPE,,0.43,0.42,0.21,0.07,0.15,0.00,0.00,,,18.3,32,0.201,5,8,0.151,0.940,0,3
51.13,DRY RUN,WAIT,2,freshripe,0.28,0.86,31.4,11,0,-39,0,0,89,ESCAPE,,0.29,0.37,0.15,0.04,0.44,0.00,0.00,,,18.7,31,-0.175,5,6,-0.007,0.910,0,0
51.19,DRY RUN,WAIT,2,freshripe,0.28,0.86,31.4,11,0,-25,0,1,89,ESCAPE,,0.22,0.34,0.07,0.02,0.31,0.00,0.00,,,18.2,32,-0.020,6,8,0.034,0.937,0,1
51.24,DRY RUN,WAIT,1,freshripe,0.71,0.83,7.9,11,0,-16,0,1,89,ESCAPE,,0.24,0.33,0.04,0.01,0.44,0.00,0.00,,,19.6,29,1.507,0,3,0.071,0.727,0,1
51.29,DRY RUN,WAIT,1,freshripe,0.71,0.83,7.9,11,0,-10,0,4,89,ESCAPE,,0.32,0.19,0.05,0.01,0.31,0.00,0.00,,,18.2,32,0.570,6,8,0.186,0.805,0,4
51.34,DRY RUN,WAIT,1,freshripe,0.77,0.81,8.2,11,0,-6,0,5,89,ESCAPE,,0.45,0.10,0.05,0.00,0.44,0.00,0.00,,,19.6,29,-0.271,6,8,0.255,0.920,0,5
51.40,DRY RUN,WAIT,1,freshripe,0.77,0.81,8.2,11,0,-4,0,2,89,ESCAPE,,0.51,0.05,0.05,0.00,0.31,0.00,0.00,,,18.2,32,-0.796,4,7,0.119,0.871,0,2
51.45,DRY RUN,FEED,1,freshripe,0.75,0.85,8.0,11,0,-2,0,-2,89,ESCAPE,,0.47,0.02,0.10,0.00,0.21,0.00,0.00,,,19.6,29,-1.418,2,1,-0.103,0.576,0,-2
51.50,DRY RUN,FEED,1,freshripe,0.75,0.85,8.0,11,0,-1,0,-2,89,ESCAPE,,0.29,0.12,0.37,0.00,0.44,0.00,0.00,,,18.4,32,0.071,6,8,-0.120,0.748,0,-2
51.56,DRY RUN,FEED,2,freshripe,0.30,0.94,23.5,10,0,-1,0,3,89,ESCAPE,,0.20,0.20,0.53,0.00,0.31,0.00,0.00,,,19.0,30,0.990,4,6,-0.028,0.769,0,-1
51.61,DRY RUN,FEED,2,freshripe,0.30,0.94,23.5,10,0,0,0,13,89,ESCAPE,,0.39,0.24,0.60,0.00,0.21,0.00,0.00,,,18.3,32,1.519,0,7,0.294,0.695,0,6
51.66,DRY RUN,DONE,1,freshripe,0.71,0.99,8.6,10,5,0,0,11,89,ESCAPE,,0.49,0.22,0.65,0.00,0.15,0.00,0.00,,,19.7,29,0.969,1,7,0.350,0.658,0,7
51.72,DRY RUN,DONE,1,freshripe,0.71,0.99,8.6,10,8,0,0,7,89,ESCAPE,,0.52,0.21,0.66,0.00,0.87,0.00,0.00,,,18.6,32,0.243,6,7,0.181,0.790,0,4
51.77,DRY RUN,DONE,2,freshripe,0.38,0.94,21.7,10,10,0,0,6,89,ESCAPE,,0.51,0.11,0.52,0.00,0.61,0.00,0.00,,,19.0,30,0.217,6,8,0.272,0.898,0,5
51.82,DRY RUN,DONE,2,freshripe,0.38,0.94,21.7,10,12,0,0,4,89,ESCAPE,,0.41,0.06,0.45,0.00,0.43,0.00,0.00,,,18.7,32,1.011,3,6,0.146,0.834,0,3
51.87,DRY RUN,DONE,2,freshripe,0.38,0.94,21.7,10,13,0,0,4,89,ESCAPE,,0.29,0.06,0.51,0.00,0.30,0.00,0.00,,,19.2,30,0.465,6,7,0.176,0.903,0,4
51.93,DRY RUN,DONE,2,freshripe,0.70,0.97,9.0,10,13,0,0,3,89,ESCAPE,,0.22,0.08,0.54,0.00,0.21,0.00,0.00,,,19.3,29,0.348,5,6,0.145,0.904,0,3
51.98,DRY RUN,DONE,2,freshripe,0.70,0.97,9.0,10,14,0,0,3,89,ESCAPE,,0.15,0.09,0.49,0.00,0.15,0.00,0.00,,,18.3,32,0.309,6,8,0.174,0.962,0,3
52.03,DRY RUN,DONE,1,freshripe,0.66,0.96,9.6,10,14,0,0,3,89,OPTOMOTOR,,0.11,0.10,0.38,0.00,0.10,0.00,0.00,,,19.5,29,0.316,6,8,0.167,0.994,0,3
52.09,DRY RUN,DONE,1,freshripe,0.66,0.96,9.6,10,14,0,0,1,89,CRUISE,,0.07,0.07,0.32,0.00,0.07,0.00,0.00,,,18.3,32,0.317,6,7,0.050,0.993,0,1
52.14,DRY RUN,DONE,2,freshripe,0.64,0.89,9.8,10,14,0,0,-1,89,CRUISE,,0.06,0.05,0.29,0.00,0.87,0.00,0.00,,,18.8,31,0.553,6,7,-0.025,0.964,0,-1
52.20,DRY RUN,DONE,2,freshripe,0.64,0.89,9.8,10,14,0,0,0,89,CRUISE,,0.50,0.20,0.34,0.00,0.61,0.00,0.00,,,17.9,33,-0.104,6,8,0.000,1.000,0,0
52.25,DRY RUN,DONE,2,freshripe,0.32,0.92,24.7,10,14,0,0,0,89,CRUISE,,0.73,0.28,0.36,0.00,0.43,0.00,0.00,,,18.7,31,0.143,6,8,-0.011,0.978,0,0
52.30,DRY RUN,DONE,2,freshripe,0.32,0.92,24.7,10,14,0,0,-2,89,CRUISE,,0.38,0.17,0.26,0.00,0.30,0.00,0.00,,,18.0,33,0.121,6,6,-0.099,0.980,0,-2
52.36,DRY RUN,DONE,2,ripe,0.30,0.51,28.4,10,14,0,0,3,89,CRUISE,,0.20,0.12,0.21,0.00,0.21,0.00,0.00,,,18.8,31,0.437,5,7,0.129,0.966,0,3
52.41,DRY RUN,DONE,2,ripe,0.30,0.51,28.4,10,14,0,0,-1,89,CRUISE,,1.15,0.14,0.25,0.00,0.15,0.10,0.00,,,18.4,32,-0.036,6,7,-0.046,0.935,0,-1
52.47,DRY RUN,DONE,2,freshripe,0.38,0.90,22.6,10,14,0,0,-2,89,AVOID_RIGHT,,2.20,0.25,0.49,0.26,0.10,0.65,0.00,,,18.8,31,0.188,6,6,-0.164,0.898,0,-2
52.52,DRY RUN,DONE,2,freshripe,0.38,0.90,22.6,10,14,0,0,1,89,AVOID_RIGHT,RIGHT,2.79,1.34,0.70,0.70,0.07,0.96,0.23,,,17.9,33,1.185,0,7,0.176,0.753,0,1
52.58,DRY RUN,DONE,2,freshripe,0.78,0.98,10.2,10,14,0,0,0,89,AVOID_RIGHT,RIGHT,4.04,1.88,0.81,1.00,0.44,1.00,0.32,,,18.6,31,0.903,6,7,0.215,0.786,0,0
52.63,DRY RUN,DONE,2,freshripe,0.78,0.98,10.2,10,14,0,0,0,89,AVOID_RIGHT,RIGHT,4.86,1.90,0.49,1.00,0.31,1.00,0.40,,,17.9,33,2.025,0,2,0.174,0.609,0,0
52.68,DRY RUN,DONE,2,freshripe,0.78,0.98,10.2,10,14,0,0,0,89,AVOID_RIGHT,RIGHT,5.27,1.88,0.26,1.00,0.87,1.00,0.10,,,18.7,32,0.494,3,7,0.150,0.562,0,0
52.74,DRY RUN,DONE,2,freshripe,0.73,0.99,10.2,10,14,0,0,0,89,AVOID_RIGHT,RIGHT,5.60,1.87,0.15,1.00,0.61,1.00,0.23,,,19.3,30,2.235,0,4,0.212,0.464,0,0
52.79,DRY RUN,DONE,0,,,,,10,14,0,0,0,89,AVOID_RIGHT,RIGHT,5.25,2.15,1.70,1.00,0.87,1.00,0.24,,,18.1,33,-0.779,5,5,0.061,0.552,0,0
52.85,DRY RUN,DONE,0,,,,,10,14,0,0,0,89,AVOID_RIGHT,RIGHT,5.07,2.29,2.48,1.00,0.61,1.00,0.54,,,18.0,33,0.369,6,8,0.010,0.721,0,0
52.90,DRY RUN,DONE,1,freshripe,0.79,0.97,11.3,10,14,0,0,0,89,AVOID_RIGHT,RIGHT,3.67,2.33,2.04,1.00,1.31,0.78,0.11,,,19.3,30,1.866,0,7,0.176,0.682,0,0
52.95,DRY RUN,DONE,0,,,,,10,14,0,0,0,89,AVOID_RIGHT,RIGHT,2.73,2.35,1.68,1.00,0.92,0.51,0.32,,,18.2,32,2.770,0,4,0.218,0.532,0,0
53.01,DRY RUN,DONE,0,,,,,10,14,0,0,0,89,AVOID_RIGHT,RIGHT,2.13,2.56,1.50,1.00,0.64,0.56,0.56,,,18.0,33,0.583,3,8,0.260,0.595,0,0
53.06,DRY RUN,DONE,1,freshripe,0.46,0.99,11.0,10,14,0,0,0,89,AVOID_RIGHT,RIGHT,1.62,2.67,1.41,1.00,0.45,0.71,0.71,,,19.3,30,0.735,3,8,0.309,0.716,0,0
53.12,DRY RUN,DONE,1,freshripe,0.46,0.99,11.0,10,14,0,0,0,89,AVOID_RIGHT,RIGHT,1.36,2.21,1.07,1.00,0.44,0.49,0.49,,,17.9,33,-0.822,2,2,0.035,0.622,0,0
53.17,DRY RUN,DONE,1,freshripe,0.77,0.98,11.4,10,9,0,0,0,89,CRUISE,RIGHT,1.24,1.94,0.85,1.00,0.31,0.42,0.42,,,19.2,30,-1.777,0,0,-0.093,0.379,0,0
53.22,DRY RUN,DONE,1,freshripe,0.77,0.98,11.4,10,6,0,0,0,89,CRUISE,RIGHT,1.75,1.45,0.66,0.85,0.44,0.25,0.10,,,18.3,32,0.681,3,7,-0.063,0.447,0,0
53.28,DRY RUN,DONE,1,freshripe,0.60,0.98,11.0,10,4,0,0,0,89,AVOID_RIGHT,RIGHT,2.50,1.20,0.57,0.63,0.31,0.70,0.05,,,19.3,30,0.039,6,8,-0.044,0.676,0,0
53.33,DRY RUN,DONE,1,freshripe,0.60,0.98,11.0,10,2,0,0,0,89,AVOID_RIGHT,RIGHT,2.87,1.93,0.35,0.76,0.44,0.82,0.35,,,17.9,33,0.203,5,6,-0.038,0.791,0,0
53.38,DRY RUN,DONE,1,freshripe,0.82,0.98,11.9,10,1,0,0,-1,89,AVOID_RIGHT,RIGHT,2.29,2.29,0.65,0.84,0.87,0.31,0.31,,,19.4,29,-2.789,1,0,-0.156,0.507,0,-1
53.44,DRY RUN,DONE,1,freshripe,0.82,0.98,11.9,10,1,0,0,-1,89,AVOID_RIGHT,RIGHT,1.96,2.06,1.23,0.78,0.61,0.32,0.32,,,18.0,33,-1.367,2,1,-0.208,0.371,0,-1
53.49,DRY RUN,DONE,1,freshripe,0.34,0.97,11.4,10,0,0,0,-2,89,OPTOMOTOR,RIGHT,1.79,1.75,1.52,0.58,0.44,0.28,0.25,,,19.5,29,-2.984,2,0,-0.265,0.261,0,-2
53.56,DRY RUN,DONE,1,freshripe,0.34,0.97,11.4,10,0,0,0,-3,89,OPTOMOTOR,RIGHT,1.68,1.02,0.93,0.40,0.31,0.29,0.00,,,15.2,32,-0.765,5,4,-0.256,0.362,0,-3
53.61,DRY RUN,DONE,2,freshripe,0.74,1.00,10.5,10,0,0,0,-4,89,OPTOMOTOR,,1.94,0.65,0.64,0.30,0.87,0.13,0.00,,,19.2,30,0.164,6,7,-0.255,0.609,0,-4
53.66,DRY RUN,DONE,0,,,,,10,0,0,0,0,89,CRUISE,,2.18,1.05,1.15,0.17,0.61,0.39,0.00,,,18.5,31,1.489,0,7,0.010,0.519,0,0
53.72,DRY RUN,DONE,0,,,,,10,0,0,0,2,89,AVOID_RIGHT,,3.10,1.25,1.41,0.44,0.44,0.93,0.09,,,18.1,32,1.226,1,7,0.204,0.516,0,2
53.77,DRY RUN,DONE,0,,,,,10,0,0,0,2,89,AVOID_RIGHT,RIGHT,3.55,1.23,1.34,0.66,0.31,1.00,0.12,,,18.3,32,0.776,6,7,0.224,0.667,0,2
53.83,DRY RUN,DONE,0,,,,,10,0,0,0,0,89,ESCAPE,RIGHT,3.04,0.78,1.07,0.79,0.44,0.90,0.00,,,17.9,33,-1.083,1,1,-0.011,0.542,0,0
53.88,DRY RUN,DONE,1,freshripe,0.67,0.99,10.9,10,0,0,0,-1,89,ESCAPE,RIGHT,1.79,0.55,0.69,0.71,0.31,0.34,0.00,,,19.3,30,-0.803,6,5,-0.114,0.658,0,-1
53.93,DRY RUN,DONE,1,freshripe,0.67,0.99,10.9,10,0,0,0,-1,89,ESCAPE,RIGHT,1.17,0.42,0.47,0.55,0.87,0.00,0.00,,,18.0,33,-1.234,2,2,-0.164,0.489,0,-1
53.99,DRY RUN,DONE,2,freshripe,0.49,0.96,15.0,10,0,0,0,-2,89,ESCAPE,RIGHT,0.81,0.35,0.31,0.31,0.61,0.00,0.00,,,19.1,30,-0.575,5,6,-0.136,0.643,0,-2
54.04,DRY RUN,DONE,2,freshripe,0.49,0.96,15.0,10,0,0,0,-2,89,ESCAPE,,0.63,0.25,0.15,0.17,0.43,0.00,0.00,,,18.2,32,0.017,6,8,-0.095,0.815,0,-2
54.09,DRY RUN,DONE,2,freshripe,0.81,0.98,9.9,10,0,0,0,2,89,ESCAPE,,0.48,0.20,0.08,0.10,0.30,0.00,0.00,,,19.1,30,1.026,0,7,0.117,0.749,0,2
54.15,DRY RUN,DONE,2,freshripe,0.81,0.98,9.9,10,0,0,0,1,89,ESCAPE,,0.40,0.21,0.07,0.05,0.44,0.00,0.00,,,18.2,32,0.589,6,5,0.037,0.775,0,1
54.20,DRY RUN,DONE,1,freshripe,0.76,1.00,9.9,10,0,0,0,1,89,ESCAPE,,0.42,0.21,0.09,0.03,0.31,0.00,0.00,,,19.6,29,0.346,6,7,0.074,0.870,0,1
54.26,DRY RUN,DONE,1,freshripe,0.76,1.00,9.9,10,0,0,0,3,89,ESCAPE,,0.51,0.22,0.19,0.02,0.21,0.00,0.00,,,18.3,32,-0.019,5,7,0.142,0.919,0,3
54.31,DRY RUN,DONE,2,freshripe,0.80,1.00,9.8,10,0,0,0,3,89,ESCAPE,,1.26,0.79,1.01,0.01,0.44,0.01,0.00,,,19.1,30,0.532,5,7,0.147,0.918,0,3
54.36,DRY RUN,DONE,2,freshripe,0.80,1.00,9.8,10,0,0,0,4,89,ESCAPE,,1.63,1.41,1.43,0.01,0.31,0.26,0.16,,,18.3,32,1.368,1,7,0.210,0.783,0,4
54.42,DRY RUN,DONE,2,freshripe,0.49,0.94,14.3,10,0,0,0,3,89,ESCAPE,,1.79,1.72,1.65,0.30,0.44,0.27,0.24,,,18.8,31,0.565,5,7,0.222,0.870,0,3
54.47,DRY RUN,DONE,2,freshripe,0.49,0.94,14.3,10,0,0,0,1,89,ESCAPE,,1.36,1.07,1.06,0.22,0.31,0.13,0.00,,,17.9,33,0.206,6,6,0.050,0.904,0,1
54.52,DRY RUN,DONE,2,freshripe,0.71,0.99,10.2,10,0,0,0,4,89,ESCAPE,,1.14,0.74,0.76,0.13,0.44,0.00,0.00,,,18.9,31,-0.055,6,9,0.212,0.967,0,4
54.58,DRY RUN,DONE,2,freshripe,0.71,0.99,10.2,10,0,0,0,4,89,ESCAPE,,1.12,0.87,0.88,0.07,0.31,0.00,0.00,,,18.4,32,-0.080,5,8,0.205,0.978,0,4
54.63,DRY RUN,DONE,2,freshripe,0.73,0.92,10.0,10,0,0,0,1,89,ESCAPE,,1.19,1.16,1.11,0.04,0.44,0.00,0.00,,,18.9,31,0.748,5,5,0.049,0.870,0,1
54.69,DRY RUN,DONE,2,freshripe,0.73,0.92,10.0,10,0,0,0,3,89,ESCAPE,,1.90,2.00,1.73,0.28,0.31,0.45,0.45,,,17.9,33,0.405,6,8,0.197,0.942,0,3
54.74,DRY RUN,DONE,2,freshripe,0.79,0.99,9.9,10,0,0,0,0,89,ESCAPE,RIGHT,2.65,2.42,2.04,0.94,0.44,0.71,0.59,,,18.5,31,-0.337,6,7,0.145,0.950,0,0
54.80,DRY RUN,DONE,2,freshripe,0.79,0.99,9.9,10,0,0,0,0,89,ESCAPE,RIGHT,3.03,2.57,2.11,1.00,0.31,0.96,0.73,,,17.9,33,-0.882,4,5,-0.079,0.835,0,0
54.85,DRY RUN,DONE,2,freshripe,0.66,0.98,10.2,10,0,0,0,0,89,ESCAPE,RIGHT,2.71,1.93,1.75,1.00,0.87,0.52,0.13,,,18.7,31,-1.180,2,1,-0.182,0.570,0,0
54.91,DRY RUN,DONE,2,freshripe,0.66,0.98,10.2,10,0,0,0,0,89,ESCAPE,RIGHT,2.39,1.60,1.48,0.98,0.61,0.49,0.09,,,18.0,33,-0.581,6,5,-0.256,0.688,0,0
54.96,DRY RUN,DONE,2,freshripe,0.69,0.97,9.5,10,0,0,0,-2,89,ESCAPE,RIGHT,1.96,1.30,1.27,0.66,0.87,0.14,0.00,,,18.7,31,-1.072,2,1,-0.232,0.530,0,-2
55.01,DRY RUN,DONE,2,freshripe,0.69,0.97,9.5,10,0,0,0,-3,89,ESCAPE,RIGHT,1.24,0.83,0.99,0.37,0.61,0.00,0.00,,,18.3,32,-0.338,6,7,-0.214,0.689,0,-3
55.07,DRY RUN,DONE,1,freshripe,0.66,0.85,8.8,10,0,0,0,-3,89,ESCAPE,,0.88,0.59,0.85,0.21,0.44,0.00,0.00,,,19.6,29,-1.041,4,4,-0.188,0.669,0,-3
55.12,DRY RUN,DONE,1,freshripe,0.66,0.85,8.8,10,0,0,0,-4,89,ESCAPE,,1.81,1.07,0.95,0.12,0.44,0.29,0.00,,,18.4,32,-2.239,1,0,-0.224,0.424,0,-4
55.17,DRY RUN,DONE,1,freshripe,0.68,0.90,8.5,10,0,0,0,-3,89,ESCAPE,,2.27,1.30,1.00,0.31,0.31,0.58,0.10,,,19.5,29,-1.359,2,1,-0.247,0.324,0,-3
55.23,DRY RUN,DONE,1,freshripe,0.68,0.90,8.5,10,0,0,0,-4,88,ESCAPE,,1.97,1.44,1.03,0.38,0.87,0.15,0.00,,,18.0,33,-2.102,2,0,-0.340,0.235,0,-4
55.28,DRY RUN,DONE,2,freshripe,0.61,0.94,8.3,10,0,0,0,-4,88,ESCAPE,,1.71,1.44,1.23,0.21,0.61,0.15,0.02,,,18.9,31,-0.609,6,5,-0.273,0.385,0,-4
55.33,DRY RUN,DONE,2,freshripe,0.61,0.94,8.3,10,0,0,0,-3,88,ESCAPE,,1.58,1.44,1.34,0.12,1.31,0.00,0.00,,,18.3,32,-0.758,3,5,-0.152,0.527,0,-3
55.39,DRY RUN,DONE,1,freshripe,0.70,0.93,8.3,10,0,0,0,-3,88,ESCAPE,,1.38,1.44,1.42,0.07,0.92,0.00,0.00,,,19.5,29,-0.419,6,7,-0.136,0.730,0,-3
55.44,DRY RUN,DONE,1,freshripe,0.70,0.93,8.3,10,0,0,0,-3,88,CRUISE,,1.25,1.40,1.43,0.04,0.64,0.00,0.00,,,18.1,32,-0.360,5,6,-0.130,0.807,0,-3
55.49,DRY RUN,DONE,1,freshripe,0.71,0.76,8.0,10,0,0,0,-3,88,CRUISE,,1.19,1.05,1.47,0.02,0.45,0.00,0.11,,,19.8,29,-5.739,0,0,-0.144,0.482,0,-3
55.56,DRY RUN,DONE,1,freshripe,0.71,0.76,8.0,10,0,0,0,-4,88,CRUISE,,2.10,0.88,2.05,0.01,1.31,0.00,0.00,,,15.4,31,-1.663,2,0,-0.222,0.338,0,-4
55.61,DRY RUN,DONE,1,freshripe,0.74,0.85,7.1,10,0,0,0,-4,88,OPTOMOTOR,,2.56,0.98,2.35,0.30,0.92,0.42,0.31,,,19.6,29,-0.948,2,1,-0.259,0.276,0,-4
55.66,DRY RUN,DONE,1,freshripe,0.74,0.85,7.1,10,0,0,0,-5,88,OPTOMOTOR,,1.91,1.07,2.07,0.23,0.87,0.12,0.20,,,18.3,32,-1.417,2,0,-0.295,0.208,0,-5
55.71,DRY RUN,DONE,2,freshripe,0.56,0.99,7.7,10,0,0,0,-6,88,OPTOMOTOR,,1.53,1.08,1.61,0.13,0.61,0.06,0.10,,,19.1,30,-1.208,3,1,-0.333,0.236,0,-6
55.77,DRY RUN,DONE,2,freshripe,0.56,0.99,7.7,10,0,0,0,-7,88,OPTOMOTOR,,1.39,1.12,1.28,0.07,0.44,0.08,0.02,,,18.3,32,-3.092,1,0,-0.385,0.181,0,-7
55.82,DRY RUN,DONE,1,freshripe,0.72,0.92,7.5,10,0,0,0,-7,88,OPTOMOTOR,,1.40,1.16,1.00,0.04,0.31,0.15,0.03,,,19.7,29,-3.822,2,0,-0.363,0.154,0,-7
55.87,DRY RUN,DONE,1,freshripe,0.72,0.92,7.5,10,0,0,0,-6,88,OPTOMOTOR,,1.78,1.30,0.85,0.02,0.87,0.05,0.00,,,18.4,32,-3.557,1,0,-0.300,0.120,0,-6
55.93,DRY RUN,DONE,2,freshripe,0.74,0.98,7.8,10,0,0,0,-5,88,OPTOMOTOR,,2.04,1.44,0.78,0.01,2.18,0.00,0.00,,,19.2,30,-6.016,0,0,-0.253,0.096,0,-5
55.98,DRY RUN,DONE,2,freshripe,0.74,0.98,7.8,10,0,0,0,-4,88,OPTOMOTOR,,2.30,2.39,0.91,0.01,1.53,0.03,0.03,,,18.5,31,-3.756,0,0,-0.226,0.083,0,-4
56.03,DRY RUN,DONE,1,freshripe,0.64,1.00,7.3,10,0,0,0,-5,88,OPTOMOTOR,,2.43,2.86,1.15,0.00,2.18,0.00,0.00,,,19.6,29,-5.101,2,0,-0.273,0.099,0,-5
56.09,DRY RUN,DONE,1,freshripe,0.64,1.00,7.3,10,0,0,0,-7,88,OPTOMOTOR,,2.48,2.65,1.37,0.00,1.53,0.16,0.16,,,18.5,32,-3.325,2,0,-0.337,0.122,0,-7
56.14,DRY RUN,DONE,1,freshripe,0.66,0.99,6.7,10,0,0,0,-6,88,OPTOMOTOR,,2.39,2.20,1.61,0.00,1.75,0.00,0.00,,,19.8,29,-1.980,1,0,-0.324,0.117,0,-6
56.19,DRY RUN,DONE,1,freshripe,0.66,0.99,6.7,10,0,0,0,-6,88,OPTOMOTOR,,2.11,2.32,1.80,0.00,1.31,0.11,0.11,,,18.1,33,-2.401,1,0,-0.316,0.113,0,-6
56.24,DRY RUN,DONE,1,freshripe,0.84,0.96,6.7,10,0,0,0,-3,88,OPTOMOTOR,,1.87,2.35,2.68,0.30,0.92,0.32,0.48,,,19.4,30,-0.202,6,7,-0.245,0.412,0,-3
56.30,DRY RUN,DONE,1,freshripe,0.84,0.96,6.7,10,0,0,0,0,88,AVOID_LEFT,LEFT,1.86,2.87,3.90,1.00,0.87,0.60,1.00,,,17.7,34,0.551,5,5,-0.211,0.623,0,0
56.35,DRY RUN,DONE,1,freshripe,0.85,0.97,6.5,10,0,0,0,0,88,AVOID_LEFT,LEFT,2.62,2.72,4.83,1.00,0.61,0.66,1.00,,,19.1,30,1.261,1,7,-0.006,0.589,0,0
56.41,DRY RUN,DONE,1,freshripe,0.85,0.97,6.5,10,0,0,0,0,88,AVOID_LEFT,LEFT,3.59,3.50,6.49,1.00,2.18,0.30,1.00,,,17.8,33,-0.247,5,8,0.006,0.751,0,0
56.46,DRY RUN,DONE,1,freshripe,0.80,1.00,6.4,10,0,0,0,0,88,AVOID_LEFT,LEFT,4.13,3.94,7.56,1.00,1.53,0.90,1.00,,,19.1,30,-1.058,4,1,-0.224,0.661,0,0
56.52,DRY RUN,DONE,1,freshripe,0.80,1.00,6.4,10,0,0,0,0,88,AVOID_LEFT,LEFT,4.53,4.51,8.09,1.00,1.31,1.00,1.00,,,17.8,33,-0.427,6,7,-0.202,0.763,0,0
56.57,DRY RUN,DONE,1,freshripe,0.85,0.99,6.6,10,0,0,0,0,88,AVOID_LEFT,LEFT,4.60,4.45,6.28,1.00,0.92,1.00,1.00,,,19.1,30,-0.665,5,5,-0.195,0.806,0,0
56.62,DRY RUN,DONE,1,freshripe,0.85,0.99,6.6,10,0,0,0,0,88,AVOID_LEFT,LEFT,3.77,4.29,4.69,1.00,2.18,0.65,0.85,,,17.9,33,-0.970,2,3,-0.168,0.721,0,0
56.68,DRY RUN,LAND,1,freshripe,0.73,1.00,6.8,10,0,0,0,0,88,OPTOMOTOR,LEFT,2.68,3.69,3.78,1.00,1.53,0.68,0.73,,,19.1,30,-0.553,3,6,-0.123,0.735,0,0
