time_s,mode,state,bananas_seen,label,det_conf,cls_conf,size_pct,hunger,lr,fb,ud,yaw,battery,brain,escape_dir,loom_l,loom_c,loom_r,escape_level,wobble_floor,loom_in_l,loom_in_r,hand,self_moving,fps,brain_ms,dng02_rotation,dng02_l,dng02_r,dng02_steer,dng02_thrust,intended_yaw,dng02_yaw
1.95,DRY RUN,SCAN,0,,,,,100,0,0,0,10,87,ARMING,,0.00,0.00,0.00,0.00,0.00,0.00,0.00,,,0.0,0,0.000,0,0,0.000,0.000,10,0
2.08,DRY RUN,SCAN,0,,,,,100,0,0,0,17,87,ARMING,,1.06,0.02,0.06,0.00,0.00,0.00,0.00,,,7.3,0,12.392,0,0,0.000,0.000,17,0
2.11,DRY RUN,SCAN,0,,,,,100,0,0,0,21,87,ARMING,,7.39,0.16,0.37,0.00,0.00,0.00,0.00,,,40.7,0,1.100,0,0,0.000,0.000,21,0
2.23,DRY RUN,SCAN,0,,,,,100,0,0,0,24,87,ARMING,,4.76,0.14,0.24,0.00,0.00,0.00,0.00,,,8.5,0,2.678,0,0,0.000,0.000,24,0
2.25,DRY RUN,SCAN,0,,,,,100,0,0,0,26,87,ARMING,,2.77,0.19,0.25,0.00,0.00,0.00,0.00,,,46.1,0,4.318,0,0,0.000,0.000,26,0
2.27,DRY RUN,SCAN,0,,,,,100,0,0,0,27,87,ARMING,,1.78,0.21,0.25,0.00,0.00,0.00,0.00,,,44.1,0,1.432,0,0,0.000,0.000,27,0
2.36,DRY RUN,SCAN,0,,,,,100,0,0,0,28,87,ARMING,,1.51,0.22,0.53,0.00,0.00,0.00,0.00,,,11.7,0,2.729,0,0,0.000,0.000,28,0
2.38,DRY RUN,SCAN,0,,,,,100,0,0,0,29,87,ARMING,,1.42,0.18,0.66,0.00,0.00,0.00,0.00,,,36.2,0,4.147,0,0,0.000,0.000,29,0
2.41,DRY RUN,SCAN,0,,,,,100,0,0,0,29,87,ARMING,,1.38,0.15,0.49,0.00,0.00,0.00,0.00,,,45.1,0,1.188,0,0,0.000,0.000,29,0
2.48,DRY RUN,SCAN,0,,,,,100,0,0,0,29,87,ARMING,,1.36,0.12,0.40,0.00,0.00,0.00,0.00,,,12.8,0,1.803,0,0,0.000,0.000,29,0
2.51,DRY RUN,SCAN,0,,,,,100,0,0,0,29,87,ARMING,,1.58,0.10,0.21,0.00,0.00,0.00,0.00,,,46.1,0,3.869,0,0,0.000,0.000,29,0
2.54,DRY RUN,SCAN,0,,,,,100,0,0,0,29,87,ARMING,,1.69,0.09,0.12,0.00,0.00,0.00,0.00,,,30.3,0,1.842,0,0,0.000,0.000,29,0
2.61,DRY RUN,SCAN,0,,,,,100,0,0,0,29,87,ARMING,,1.75,0.08,0.08,0.00,0.00,0.00,0.00,,,13.9,0,1.905,0,0,0.000,0.000,29,0
2.63,DRY RUN,SCAN,0,,,,,100,0,0,0,29,87,ARMING,,1.76,0.07,0.06,0.00,0.00,0.00,0.00,,,46.0,0,3.657,0,0,0.000,0.000,29,0
2.65,DRY RUN,SCAN,0,,,,,100,0,0,0,29,87,ARMING,,1.76,0.06,0.07,0.00,0.00,0.00,0.00,,,48.3,0,1.247,0,0,0.000,0.000,29,0
2.71,DRY RUN,SCAN,0,,,,,100,0,0,0,29,87,ARMING,,1.31,0.06,0.06,0.00,0.00,0.00,0.00,,,16.6,0,1.146,0,0,0.000,0.000,29,0
2.73,DRY RUN,SCAN,0,,,,,100,0,0,0,29,87,ARMING,,1.10,0.06,0.05,0.00,0.00,0.00,0.00,,,47.0,0,3.197,0,0,0.000,0.000,29,0
2.77,DRY RUN,SCAN,0,,,,,100,0,0,0,29,87,ARMING,,0.99,0.05,0.04,0.00,0.00,0.00,0.00,,,30.3,0,1.608,0,0,0.000,0.000,29,0
2.84,DRY RUN,SCAN,0,,,,,100,0,0,0,29,87,ARMING,,0.95,0.05,0.05,0.00,0.00,0.00,0.00,,,14.2,0,1.527,0,0,0.000,0.000,29,0
2.86,DRY RUN,SCAN,0,,,,,100,0,0,0,29,87,ARMING,,1.25,0.04,0.05,0.00,0.00,0.00,0.00,,,46.7,0,3.475,0,0,0.000,0.000,29,0
2.88,DRY RUN,SCAN,0,,,,,100,0,0,0,29,87,ARMING,,2.53,0.04,0.06,0.00,0.00,0.00,0.00,,,47.2,0,1.175,0,0,0.000,0.000,29,0
2.94,DRY RUN,SCAN,0,,,,,100,0,0,0,29,87,ARMING,,3.91,0.04,0.11,0.00,0.00,0.00,0.00,,,16.6,0,1.243,0,0,0.000,0.000,29,0
2.96,DRY RUN,SCAN,0,,,,,100,0,0,0,29,87,ARMING,,4.60,0.04,0.14,0.00,0.00,0.00,0.00,,,46.5,0,3.669,0,0,0.000,0.000,29,0
2.98,DRY RUN,SCAN,0,,,,,100,0,0,0,29,87,ARMING,,2.63,0.03,0.14,0.00,0.00,0.00,0.00,,,47.1,0,1.277,0,0,0.000,0.000,29,0
3.04,DRY RUN,SCAN,0,,,,,100,0,0,0,29,87,ARMING,,1.64,0.02,0.13,0.00,0.00,0.00,0.00,,,16.4,0,1.286,0,0,0.000,0.000,29,0
3.07,DRY RUN,SCAN,0,,,,,100,0,0,0,29,87,ARMING,,1.15,0.03,0.13,0.00,0.00,0.00,0.00,,,47.1,0,3.734,0,0,0.000,0.000,29,0
3.10,DRY RUN,SCAN,0,,,,,100,0,0,0,29,87,ARMING,,0.64,0.05,0.12,0.00,0.00,0.00,0.00,,,31.7,0,1.917,0,0,0.000,0.000,29,0
3.16,DRY RUN,SCAN,0,,,,,100,0,0,0,29,87,ARMING,,0.38,0.07,0.11,0.00,0.00,0.00,0.00,,,16.3,0,1.321,0,0,0.000,0.000,29,0
3.18,DRY RUN,SCAN,0,,,,,100,0,0,0,29,87,ARMING,,0.25,0.09,0.15,0.00,0.00,0.00,0.00,,,46.6,0,3.775,0,0,0.000,0.000,29,0
3.20,DRY RUN,SCAN,0,,,,,100,0,0,0,29,87,ARMING,,0.19,0.09,0.17,0.00,0.00,0.00,0.00,,,46.6,0,1.302,0,0,0.000,0.000,29,0
3.27,DRY RUN,SCAN,0,,,,,100,0,0,0,29,87,ARMING,,0.35,0.14,0.18,0.00,0.00,0.00,0.00,,,13.9,0,1.955,0,0,0.000,0.000,29,0
3.30,DRY RUN,SCAN,0,,,,,100,0,0,0,29,87,ARMING,,0.43,0.16,0.13,0.00,0.00,0.00,0.00,,,46.3,0,3.777,0,0,0.000,0.000,29,0
3.32,DRY RUN,SCAN,0,,,,,100,0,0,0,29,87,ARMING,,0.47,0.15,0.11,0.00,0.00,0.00,0.00,,,47.1,0,1.489,0,0,0.000,0.000,29,0
3.38,DRY RUN,SCAN,0,,,,,100,0,0,0,29,87,ARMING,,2.08,0.11,0.09,0.00,0.00,0.00,0.00,,,16.5,0,1.842,0,0,0.000,0.000,29,0
3.40,DRY RUN,SCAN,0,,,,,100,0,0,0,29,87,ARMING,,2.89,0.10,0.13,0.00,0.00,0.00,0.00,,,47.1,0,4.510,0,0,0.000,0.000,29,0
3.43,DRY RUN,SCAN,0,,,,,100,0,0,0,29,87,ARMING,,3.97,0.09,0.16,0.00,0.00,0.00,0.00,,,30.5,0,2.638,0,0,0.000,0.000,29,0
3.50,DRY RUN,SCAN,0,,,,,100,0,0,0,29,87,ARMING,,3.66,1.25,0.17,0.00,0.00,0.00,0.00,,,14.1,0,2.427,0,0,0.000,0.000,29,0
3.52,DRY RUN,SCAN,0,,,,,100,0,0,0,29,87,CRUISE,,3.50,1.83,0.13,0.00,0.00,0.00,0.00,,,46.4,0,4.528,0,0,0.000,0.000,29,0
3.70,DRY RUN,SCAN,0,,,,,100,0,0,0,26,87,CRUISE,,0.00,0.00,0.00,0.00,0.00,0.00,0.00,,yes,5.8,160,0.000,6,5,-0.158,0.210,29,-3
3.79,DRY RUN,SCAN,0,,,,,100,0,0,0,29,87,AVOID_RIGHT,,2.06,0.40,0.20,0.30,0.00,0.63,0.00,,yes,10.8,29,10.858,0,2,0.033,0.242,29,0
3.84,DRY RUN,SCAN,0,,,,,100,0,0,0,31,87,AVOID_RIGHT,,3.01,0.60,0.40,0.58,0.00,1.00,0.00,,yes,19.7,29,5.928,0,6,0.271,0.308,29,2
3.89,DRY RUN,SCAN,0,,,,,100,0,0,0,31,87,AVOID_RIGHT,,3.40,0.72,0.44,0.73,0.00,1.00,0.00,,yes,20.1,29,3.184,0,4,0.360,0.292,29,2
3.98,DRY RUN,SCAN,0,,,,,100,0,0,0,32,87,ESCAPE,,2.31,0.77,0.46,0.70,0.00,0.75,0.00,,yes,11.2,29,3.332,0,4,0.422,0.327,29,3
4.03,DRY RUN,SCAN,0,,,,,100,0,0,0,32,87,ESCAPE,,1.41,0.75,0.44,0.65,0.00,0.31,0.00,,yes,20.0,29,5.586,0,4,0.438,0.332,29,3
4.09,DRY RUN,SCAN,0,,,,,100,0,0,0,34,87,ESCAPE,,0.96,0.65,0.42,0.37,0.00,0.08,0.00,,yes,16.6,38,2.761,0,2,0.433,0.339,29,5
4.18,DRY RUN,SCAN,0,,,,,100,0,0,0,36,87,ESCAPE,,1.01,0.60,0.63,0.21,0.00,0.10,0.00,,yes,11.3,28,3.315,0,4,0.424,0.324,29,7
4.23,DRY RUN,SCAN,0,,,,,100,0,0,0,37,87,ESCAPE,,1.25,0.57,0.73,0.12,0.00,0.22,0.00,,yes,20.1,28,5.759,0,4,0.439,0.330,29,8
4.28,DRY RUN,SCAN,0,,,,,100,0,0,0,34,87,ESCAPE,,1.76,0.47,0.59,0.31,0.00,0.48,0.00,,yes,20.1,28,2.809,0,1,0.359,0.262,29,5
4.37,DRY RUN,SCAN,0,,,,,100,0,0,0,32,87,ESCAPE,,3.34,0.42,0.42,0.58,0.00,1.00,0.00,,yes,11.1,29,2.891,0,3,0.391,0.291,29,3
4.42,DRY RUN,SCAN,0,,,,,100,0,0,0,31,87,ESCAPE,,4.13,0.46,0.26,0.74,0.00,1.00,0.00,,yes,20.0,29,6.491,0,6,0.432,0.321,29,2
4.47,DRY RUN,SCAN,0,,,,,100,0,0,0,2,87,ESCAPE,,4.02,0.94,0.18,0.82,0.00,1.00,0.07,,yes,19.9,29,4.187,0,3,0.437,0.324,0,2
4.92,DRY RUN,SCAN,0,,,,,100,0,0,0,0,87,ESCAPE,,3.96,2.70,0.88,1.00,0.00,1.00,0.95,,yes,2.2,29,1.178,0,5,0.516,0.378,0,0
5.37,DRY RUN,SCAN,0,,,,,100,0,0,0,0,87,ESCAPE,,3.93,3.58,1.24,1.00,0.44,1.00,1.00,,yes,2.2,30,0.944,4,7,0.333,0.580,0,0
5.82,DRY RUN,SCAN,0,,,,,100,0,0,0,10,87,ESCAPE,,2.43,2.14,0.83,1.00,0.31,0.66,0.52,,,2.2,29,2.221,0,7,0.445,0.517,10,0
5.91,DRY RUN,SCAN,0,,,,,100,0,0,0,17,87,ESCAPE,,1.68,1.31,0.45,1.00,0.21,0.34,0.15,,yes,11.1,29,11.047,0,4,0.464,0.424,17,0
5.96,DRY RUN,SCAN,0,,,,,100,0,0,0,24,87,ESCAPE,,1.40,1.01,0.26,0.71,0.15,0.22,0.03,,yes,20.2,28,4.508,0,6,0.533,0.410,21,3
6.01,DRY RUN,SCAN,0,,,,,100,0,0,0,31,87,ESCAPE,,1.25,1.05,1.01,0.40,0.10,0.17,0.07,,yes,20.2,28,3.471,0,5,0.570,0.427,24,7
6.09,DRY RUN,SCAN,0,,,,,100,0,0,0,34,87,ESCAPE,,0.96,1.12,1.38,0.32,0.07,0.13,0.25,,yes,11.3,28,4.245,0,7,0.608,0.445,26,8
6.14,DRY RUN,SCAN,0,,,,,100,0,0,0,32,87,ESCAPE,,0.60,1.12,1.50,0.33,0.05,0.13,0.32,,yes,20.2,28,5.468,0,2,0.402,0.303,27,5
6.19,DRY RUN,SCAN,0,,,,,100,0,0,0,35,87,ESCAPE,,0.42,1.12,1.23,0.25,0.04,0.14,0.20,,yes,20.5,28,4.046,0,3,0.441,0.328,28,7
6.28,DRY RUN,SCAN,0,,,,,100,0,0,0,37,87,ESCAPE,,0.37,0.99,1.10,0.14,0.03,0.08,0.14,,yes,11.3,28,4.908,0,4,0.490,0.361,29,8
6.33,DRY RUN,SCAN,0,,,,,100,0,0,0,37,87,ESCAPE,,0.34,0.87,1.23,0.23,0.02,0.03,0.21,,yes,19.9,29,5.885,0,6,0.532,0.389,29,8
6.38,DRY RUN,SCAN,0,,,,,100,0,0,0,35,87,ESCAPE,,0.40,0.52,1.76,0.36,0.01,0.00,0.47,,yes,20.2,28,4.916,0,5,0.486,0.357,29,6
6.47,DRY RUN,SCAN,0,,,,,100,0,0,0,35,87,ESCAPE,,0.35,0.34,1.72,0.46,0.01,0.00,0.46,,yes,11.0,29,5.078,0,6,0.571,0.416,29,6
6.52,DRY RUN,SCAN,0,,,,,100,0,0,0,34,87,ESCAPE,,0.29,0.30,1.70,0.52,0.01,0.00,0.45,,yes,20.2,28,7.754,0,4,0.543,0.396,29,5
6.57,DRY RUN,SCAN,0,,,,,100,0,0,0,33,87,ESCAPE,,0.26,0.35,1.69,0.55,0.00,0.00,0.44,,yes,19.7,29,4.807,0,4,0.485,0.356,29,4
6.66,DRY RUN,SCAN,0,,,,,100,0,0,0,33,87,ESCAPE,,0.37,0.37,1.41,0.57,0.00,0.00,0.30,,yes,11.1,28,4.929,0,6,0.488,0.358,29,4
6.71,DRY RUN,SCAN,0,,,,,100,0,0,0,34,87,ESCAPE,,0.49,0.38,1.33,0.47,0.00,0.00,0.27,,yes,20.1,29,6.139,0,7,0.517,0.378,29,5
6.76,DRY RUN,SCAN,0,,,,,100,0,0,0,33,87,ESCAPE,,0.57,0.51,1.30,0.52,0.00,0.00,0.25,,yes,20.2,28,3.623,0,4,0.470,0.346,29,4
6.85,DRY RUN,SCAN,0,,,,,100,0,0,0,33,87,ESCAPE,,0.62,0.49,1.40,0.54,0.00,0.00,0.30,,yes,11.1,29,3.423,0,3,0.458,0.338,29,4
6.90,DRY RUN,SCAN,0,,,,,100,0,0,0,34,87,ESCAPE,,0.62,0.48,1.45,0.49,0.00,0.00,0.32,,yes,20.0,29,5.795,0,4,0.459,0.338,29,5
6.95,DRY RUN,SCAN,0,,,,,100,0,0,0,35,87,ESCAPE,,0.62,0.35,1.03,0.37,0.00,0.00,0.11,,yes,20.3,28,3.120,0,5,0.486,0.357,29,6
7.04,DRY RUN,SCAN,0,,,,,100,0,0,0,36,87,AVOID_LEFT,,0.83,0.28,0.81,0.21,0.00,0.01,0.01,,yes,11.3,28,3.200,0,4,0.412,0.306,29,7
7.09,DRY RUN,SCAN,0,,,,,100,0,0,0,35,87,AVOID_LEFT,,1.82,0.59,0.65,0.24,0.00,0.51,0.00,,yes,20.0,28,4.751,0,3,0.388,0.287,29,6
7.14,DRY RUN,SCAN,0,,,,,100,0,0,0,34,87,AVOID_RIGHT,,2.32,1.10,0.85,0.28,0.00,0.76,0.15,,yes,20.1,28,3.049,0,3,0.362,0.261,29,5
7.23,DRY RUN,SCAN,0,,,,,100,0,0,0,34,87,AVOID_RIGHT,,1.72,1.00,0.57,0.42,0.00,0.46,0.10,,yes,11.2,29,2.995,0,3,0.431,0.319,29,5
7.28,DRY RUN,SCAN,0,,,,,100,0,0,0,34,87,AVOID_RIGHT,,1.41,0.67,0.42,0.31,0.00,0.31,0.00,,yes,20.1,28,5.285,0,1,0.341,0.241,29,5
7.33,DRY RUN,SCAN,0,,,,,100,0,0,0,32,87,AVOID_RIGHT,,5.44,0.51,0.26,0.65,0.00,1.00,0.00,,yes,19.9,29,2.950,0,6,0.414,0.308,29,3
7.42,DRY RUN,SCAN,0,,,,,100,0,0,0,31,87,AVOID_RIGHT,,7.45,0.36,0.16,0.78,0.00,1.00,0.00,,yes,11.2,28,3.091,0,5,0.420,0.311,29,2
7.47,DRY RUN,SCAN,0,,,,,100,0,0,0,30,87,AVOID_RIGHT,,4.24,0.29,0.12,0.85,0.00,1.00,0.00,,yes,19.8,29,5.411,0,4,0.437,0.323,29,1
7.52,DRY RUN,SCAN,0,,,,,100,0,0,0,30,87,AVOID_RIGHT,,2.63,0.25,0.09,0.89,0.00,0.92,0.00,,yes,19.9,29,3.050,0,5,0.453,0.334,29,1
7.62,DRY RUN,SCAN,0,,,,,100,0,0,0,31,87,AVOID_RIGHT,,2.01,0.25,0.08,0.81,0.00,0.61,0.00,,yes,9.6,42,3.055,0,4,0.414,0.307,29,2
7.67,DRY RUN,SCAN,0,,,,,100,0,0,0,33,87,AVOID_RIGHT,,1.71,0.25,0.08,0.58,0.00,0.45,0.00,,yes,20.0,29,6.348,0,6,0.510,0.373,29,4
7.72,DRY RUN,SCAN,0,,,,,100,0,0,0,34,87,AVOID_RIGHT,,1.22,0.27,0.07,0.43,0.00,0.21,0.00,,yes,19.7,29,3.070,0,3,0.418,0.310,29,5
7.81,DRY RUN,SCAN,0,,,,,100,0,0,0,37,87,AVOID_RIGHT,,0.73,0.31,0.06,0.24,0.00,0.00,0.00,,yes,11.2,28,3.102,0,6,0.533,0.389,29,8
7.86,DRY RUN,SCAN,0,,,,,100,0,0,0,38,87,AVOID_RIGHT,,0.44,0.32,0.06,0.14,0.00,0.00,0.00,,yes,20.4,28,5.505,0,4,0.521,0.381,29,9
7.91,DRY RUN,SCAN,0,,,,,100,0,0,0,38,87,AVOID_RIGHT,,0.34,0.26,0.05,0.08,0.00,0.00,0.00,,yes,20.4,28,2.942,0,5,0.480,0.353,29,9
8.00,DRY RUN,SCAN,0,,,,,100,0,0,0,38,87,AVOID_RIGHT,,0.63,0.23,0.05,0.04,0.00,0.00,0.00,,yes,11.0,31,3.061,0,6,0.485,0.356,29,9
8.05,DRY RUN,SCAN,0,,,,,100,0,0,0,37,87,OPTOMOTOR,,1.30,0.21,0.05,0.02,0.00,0.25,0.00,,yes,20.3,27,5.645,0,2,0.398,0.296,29,8
8.10,DRY RUN,SCAN,0,,,,,100,0,0,0,37,87,OPTOMOTOR,,1.63,0.22,0.04,0.16,0.00,0.42,0.00,,yes,20.2,28,3.200,0,7,0.466,0.343,29,8
8.19,DRY RUN,SCAN,0,,,,,100,0,0,0,34,87,AVOID_RIGHT,,1.98,0.23,0.04,0.33,0.00,0.59,0.00,,yes,11.1,29,3.362,0,4,0.400,0.298,29,5
8.24,DRY RUN,SCAN,0,,,,,100,0,0,0,34,87,AVOID_RIGHT,,2.15,0.23,0.04,0.45,0.00,0.67,0.00,,yes,19.9,29,5.812,0,5,0.454,0.334,29,5
8.29,DRY RUN,SCAN,0,,,,,100,0,0,0,33,87,AVOID_RIGHT,,1.36,0.22,0.06,0.48,0.00,0.28,0.00,,yes,20.2,28,3.231,0,3,0.390,0.288,29,4
8.38,DRY RUN,SCAN,0,,,,,100,0,0,0,8,87,AVOID_RIGHT,,0.96,0.15,0.04,0.27,0.00,0.08,0.00,,yes,11.3,28,3.127,0,6,0.515,0.377,0,8
8.83,DRY RUN,SCAN,0,,,,,100,0,0,0,2,87,AVOID_RIGHT,,1.54,0.08,0.05,0.38,0.00,0.37,0.00,,yes,2.2,29,-0.551,5,5,0.173,0.503,0,2
9.28,DRY RUN,SCAN,0,,,,,100,0,0,0,0,87,AVOID_RIGHT,,1.83,0.05,0.04,0.47,0.00,0.51,0.00,,yes,2.2,29,-0.282,6,6,0.026,0.698,0,0
9.73,DRY RUN,SCAN,0,,,,,100,0,0,0,10,87,AVOID_RIGHT,,1.04,0.03,0.02,0.35,0.00,0.12,0.00,,,2.2,29,0.123,5,6,0.028,0.803,10,0
9.78,DRY RUN,SCAN,0,,,,,100,0,0,0,19,87,AVOID_RIGHT,,0.62,0.04,0.02,0.20,0.00,0.00,0.00,,yes,20.0,29,10.165,0,2,0.097,0.590,17,2
9.83,DRY RUN,SCAN,0,,,,,100,0,0,0,24,87,AVOID_RIGHT,,0.40,0.07,0.01,0.11,0.00,0.00,0.00,,yes,20.0,28,2.042,0,2,0.160,0.442,21,3
9.92,DRY RUN,SCAN,0,,,,,100,0,0,0,29,87,AVOID_RIGHT,,1.16,0.08,0.01,0.06,0.00,0.18,0.00,,yes,11.2,28,1.679,0,5,0.243,0.358,24,5
9.97,DRY RUN,SCAN,0,,,,,100,0,0,0,32,87,OPTOMOTOR,,1.55,0.05,0.01,0.18,0.00,0.37,0.00,,yes,19.7,29,3.738,0,2,0.348,0.326,26,6
10.02,DRY RUN,SCAN,0,,,,,100,0,0,0,33,87,AVOID_RIGHT,,1.74,0.04,0.01,0.34,0.00,0.47,0.00,,yes,19.9,29,2.458,0,7,0.484,0.374,27,6
10.11,DRY RUN,SCAN,0,,,,,100,0,0,0,34,87,AVOID_RIGHT,,1.57,0.03,0.02,0.34,0.00,0.39,0.00,,yes,11.2,28,2.786,0,5,0.459,0.349,28,6
10.16,DRY RUN,SCAN,0,,,,,100,0,0,0,33,87,AVOID_RIGHT,,2.44,0.07,0.03,0.56,0.00,0.82,0.00,,yes,19.7,30,5.276,0,4,0.438,0.330,29,4
10.21,DRY RUN,SCAN,0,,,,,100,0,0,0,32,87,AVOID_RIGHT,,2.88,0.12,0.03,0.73,0.00,1.00,0.00,,yes,19.8,29,3.247,0,5,0.516,0.381,29,3
10.30,DRY RUN,SCAN,0,,,,,100,0,0,0,31,87,ESCAPE,,3.09,0.15,0.05,0.82,0.00,1.00,0.00,,yes,11.1,29,3.013,0,5,0.498,0.367,29,2
10.35,DRY RUN,SCAN,0,,,,,100,0,0,0,31,87,ESCAPE,,2.05,0.16,0.05,0.76,0.00,0.63,0.00,,yes,20.1,29,5.579,0,3,0.474,0.350,29,2
10.40,DRY RUN,SCAN,0,,,,,100,0,0,0,32,87,ESCAPE,,1.49,0.16,0.06,0.69,0.00,0.35,0.00,,yes,20.2,29,2.889,0,4,0.467,0.345,29,3
10.49,DRY RUN,SCAN,0,,,,,100,0,0,0,34,87,ESCAPE,,1.21,0.16,0.08,0.39,0.00,0.20,0.00,,yes,11.3,28,2.940,0,2,0.408,0.304,29,5
10.54,DRY RUN,SCAN,0,,,,,100,0,0,0,37,87,ESCAPE,,1.07,0.18,0.08,0.22,0.00,0.13,0.00,,yes,19.9,29,5.446,0,6,0.507,0.371,29,8
10.59,DRY RUN,SCAN,0,,,,,100,0,0,0,38,87,ESCAPE,,0.93,0.18,0.07,0.12,0.00,0.06,0.00,,yes,20.2,28,3.184,0,4,0.486,0.357,29,9
10.67,DRY RUN,SCAN,0,,,,,100,0,0,0,36,87,ESCAPE,,0.86,0.18,0.05,0.07,0.00,0.03,0.00,,yes,11.3,28,3.104,0,2,0.353,0.253,29,7
10.72,DRY RUN,SCAN,0,,,,,100,0,0,0,34,87,ESCAPE,,1.08,0.11,0.05,0.04,0.00,0.14,0.00,,yes,20.2,28,5.405,0,1,0.272,0.176,29,5
10.77,DRY RUN,SCAN,0,,,,,100,0,0,0,35,87,ESCAPE,,1.19,0.07,0.07,0.02,0.00,0.20,0.00,,yes,20.8,28,2.837,0,2,0.292,0.194,29,6
10.86,DRY RUN,SCAN,0,,,,,100,0,0,0,35,87,ESCAPE,,0.91,0.16,0.09,0.01,0.00,0.05,0.00,,yes,11.4,27,2.872,0,4,0.328,0.229,29,6
10.91,DRY RUN,SCAN,0,,,,,100,0,0,0,37,87,ESCAPE,,0.76,0.21,0.11,0.01,0.00,0.00,0.00,,yes,20.2,28,5.426,0,6,0.404,0.300,29,8
10.96,DRY RUN,SCAN,0,,,,,100,0,0,0,38,87,ESCAPE,,1.10,0.29,0.08,0.00,0.00,0.15,0.00,,yes,20.5,28,3.046,0,4,0.449,0.331,29,9
11.05,DRY RUN,SCAN,0,,,,,100,0,0,0,38,87,ESCAPE,,1.26,0.27,0.06,0.00,0.00,0.23,0.00,,yes,11.0,28,3.011,0,5,0.460,0.339,29,9
11.10,DRY RUN,SCAN,0,,,,,100,0,0,0,39,87,ESCAPE,,0.78,0.14,0.04,0.00,0.00,0.00,0.00,,yes,20.1,28,5.544,0,5,0.487,0.358,29,10
11.15,DRY RUN,SCAN,0,,,,,100,0,0,0,38,87,ESCAPE,,0.46,0.08,0.03,0.00,0.00,0.00,0.00,,yes,20.6,28,2.975,0,4,0.433,0.320,29,9
11.24,DRY RUN,SCAN,0,,,,,100,0,0,0,39,87,ESCAPE,,0.30,0.06,0.06,0.00,0.00,0.00,0.00,,yes,11.2,28,3.005,0,4,0.486,0.357,29,10
11.29,DRY RUN,SCAN,0,,,,,100,0,0,0,39,87,ESCAPE,,0.22,0.05,0.07,0.00,0.00,0.00,0.00,,yes,20.2,28,5.438,0,7,0.516,0.377,29,10
11.34,DRY RUN,SCAN,0,,,,,100,0,0,0,38,87,ESCAPE,,0.26,0.06,0.06,0.00,0.00,0.00,0.00,,yes,20.2,28,3.038,0,4,0.470,0.346,29,9
11.42,DRY RUN,SCAN,0,,,,,100,0,0,0,39,87,ESCAPE,,0.46,0.05,0.06,0.00,0.00,0.00,0.00,,yes,11.3,28,3.011,0,6,0.521,0.381,29,10
11.47,DRY RUN,SCAN,0,,,,,100,0,0,0,39,87,ESCAPE,,0.56,0.03,0.04,0.00,0.00,0.00,0.00,,yes,20.3,28,5.363,0,2,0.480,0.352,29,10
11.52,DRY RUN,SCAN,0,,,,,100,0,0,0,38,87,ESCAPE,,0.60,0.02,0.03,0.00,0.00,0.00,0.00,,yes,20.3,29,2.880,0,4,0.470,0.346,29,9
11.61,DRY RUN,SCAN,0,,,,,100,0,0,0,41,87,ESCAPE,,0.54,0.02,0.02,0.00,0.00,0.00,0.00,,yes,11.3,28,3.027,0,7,0.590,0.428,29,12
11.71,DRY RUN,SCAN,0,,,,,100,0,0,0,40,87,ESCAPE,,0.51,0.01,0.02,0.00,0.00,0.00,0.00,,yes,10.2,31,8.060,0,6,0.567,0.413,29,11
11.76,DRY RUN,SCAN,0,,,,,100,0,0,0,38,87,ESCAPE,,0.35,0.01,0.01,0.00,0.00,0.00,0.00,,yes,20.2,28,3.315,0,5,0.464,0.342,29,9
11.85,DRY RUN,SCAN,0,,,,,100,0,0,0,37,87,ESCAPE,,0.26,0.01,0.10,0.00,0.00,0.00,0.00,,yes,11.3,28,3.007,0,4,0.420,0.312,29,8
11.90,DRY RUN,SCAN,0,,,,,100,0,0,0,36,87,ESCAPE,,0.22,0.03,0.15,0.00,0.00,0.00,0.00,,yes,20.3,28,5.428,0,2,0.342,0.242,29,7
11.98,DRY RUN,SCAN,0,,,,,100,0,0,0,35,87,ESCAPE,,0.16,0.04,0.09,0.00,0.00,0.00,0.00,,yes,11.8,29,5.005,0,1,0.311,0.213,29,6
12.13,DRY RUN,SCAN,0,,,,,100,0,0,0,35,87,ESCAPE,,0.11,0.03,0.05,0.00,0.00,0.00,0.00,,yes,6.7,32,6.493,0,2,0.298,0.201,29,6
12.18,DRY RUN,SCAN,0,,,,,100,0,0,0,36,87,ESCAPE,,0.09,0.02,0.04,0.00,0.00,0.00,0.00,,yes,20.3,28,5.752,0,2,0.336,0.237,29,7
12.34,DRY RUN,SCAN,0,,,,,100,0,0,0,8,87,ESCAPE,,0.09,0.05,0.03,0.00,0.00,0.00,0.00,,yes,6.3,34,9.029,0,5,0.388,0.286,0,8
12.79,DRY RUN,SCAN,0,,,,,100,0,0,0,3,87,OPTOMOTOR,,0.09,0.06,0.03,0.00,0.00,0.00,0.00,,yes,2.2,28,-0.006,6,7,0.127,0.581,0,3
13.24,DRY RUN,SCAN,0,,,,,100,0,0,0,3,87,CRUISE,,0.05,0.03,0.02,0.00,0.00,0.00,0.00,,,2.2,28,0.005,6,8,0.164,0.794,0,3
13.71,DRY RUN,SCAN,0,,,,,100,0,0,0,14,87,CRUISE,,0.03,0.02,0.02,0.00,0.00,0.00,0.00,,,2.2,29,-0.089,6,8,0.195,0.886,10,4
13.80,DRY RUN,SCAN,0,,,,,100,0,0,0,21,87,OPTOMOTOR,,0.03,0.01,0.01,0.00,0.00,0.00,0.00,,yes,11.0,29,9.505,0,4,0.181,0.718,17,4
13.85,DRY RUN,SCAN,0,,,,,100,0,0,0,29,87,OPTOMOTOR,,0.27,0.01,0.01,0.00,0.00,0.00,0.00,,yes,20.0,29,3.182,0,6,0.386,0.633,21,8
13.90,DRY RUN,SCAN,0,,,,,100,0,0,0,30,87,OPTOMOTOR,,0.40,0.02,0.01,0.00,0.00,0.00,0.00,,yes,20.1,28,2.213,0,2,0.292,0.451,24,6
13.99,DRY RUN,SCAN,0,,,,,100,0,0,0,31,87,OPTOMOTOR,,0.46,0.03,0.04,0.00,0.00,0.00,0.00,,yes,11.2,28,2.505,0,1,0.256,0.287,26,5
14.04,DRY RUN,SCAN,0,,,,,100,0,0,0,34,87,OPTOMOTOR,,0.49,0.03,0.05,0.00,0.00,0.00,0.00,,yes,20.0,28,4.845,0,2,0.326,0.257,27,7
14.08,DRY RUN,SCAN,0,,,,,100,0,0,0,36,87,OPTOMOTOR,,0.50,0.03,0.03,0.00,0.00,0.00,0.00,,yes,20.2,28,2.818,0,5,0.421,0.326,28,8
14.17,DRY RUN,SCAN,0,,,,,100,0,0,0,38,87,OPTOMOTOR,,0.35,0.03,0.02,0.00,0.00,0.00,0.00,,yes,11.1,28,2.972,0,4,0.438,0.331,29,9
14.22,DRY RUN,SCAN,0,,,,,100,0,0,0,37,87,OPTOMOTOR,,0.29,0.02,0.01,0.00,0.00,0.00,0.00,,yes,20.3,28,5.725,0,2,0.412,0.310,29,8
14.27,DRY RUN,SCAN,0,,,,,100,0,0,0,36,87,OPTOMOTOR,,0.27,0.02,0.01,0.00,0.00,0.00,0.00,,yes,20.0,29,3.106,0,3,0.358,0.260,29,7
14.36,DRY RUN,SCAN,0,,,,,100,0,0,0,37,87,OPTOMOTOR,,0.48,0.02,0.02,0.00,0.00,0.00,0.00,,yes,11.0,29,3.205,0,5,0.421,0.313,29,8
14.41,DRY RUN,SCAN,0,,,,,100,0,0,0,38,87,OPTOMOTOR,,0.61,0.03,0.02,0.00,0.00,0.00,0.00,,yes,20.1,28,5.697,0,4,0.437,0.324,29,9
14.46,DRY RUN,SCAN,0,,,,,100,0,0,0,38,87,OPTOMOTOR,,0.87,0.04,0.02,0.00,0.00,0.04,0.00,,yes,20.2,28,3.310,0,4,0.447,0.330,29,9
14.55,DRY RUN,SCAN,0,,,,,100,0,0,0,38,87,OPTOMOTOR,,1.22,0.05,0.04,0.00,0.00,0.21,0.00,,yes,11.2,28,3.318,0,4,0.452,0.334,29,9
14.60,DRY RUN,SCAN,0,,,,,100,0,0,0,37,87,OPTOMOTOR,,1.39,0.03,0.05,0.00,0.00,0.29,0.00,,yes,19.9,29,5.643,0,1,0.395,0.293,29,8
14.65,DRY RUN,SCAN,0,,,,,100,0,0,0,36,87,AVOID_RIGHT,,1.47,0.02,0.03,0.15,0.00,0.34,0.00,,yes,19.8,29,3.712,0,5,0.428,0.317,29,7
14.74,DRY RUN,SCAN,0,,,,,100,0,0,0,36,87,AVOID_RIGHT,,1.50,0.02,0.03,0.23,0.00,0.35,0.00,,yes,11.2,29,4.114,0,5,0.469,0.345,29,7
14.79,DRY RUN,SCAN,0,,,,,100,0,0,0,38,86,AVOID_RIGHT,,1.51,0.02,0.02,0.13,0.00,0.35,0.00,,yes,20.2,28,6.517,0,5,0.513,0.376,29,9
14.84,DRY RUN,SCAN,0,,,,,100,0,0,0,37,86,AVOID_RIGHT,,1.51,0.07,0.03,0.22,0.00,0.36,0.00,,yes,19.9,29,3.840,0,3,0.503,0.369,29,8
14.93,DRY RUN,SCAN,0,,,,,100,0,0,0,37,86,AVOID_RIGHT,,1.18,0.10,0.04,0.13,0.00,0.19,0.00,,yes,10.9,28,3.825,0,4,0.442,0.327,29,8
14.99,DRY RUN,SCAN,0,,,,,100,0,0,0,34,86,AVOID_RIGHT,,1.40,0.21,0.04,0.31,0.00,0.30,0.00,,yes,19.5,29,5.932,0,5,0.396,0.293,29,5
15.04,DRY RUN,SCAN,0,,,,,100,0,0,0,35,86,AVOID_RIGHT,,1.27,0.26,0.04,0.23,0.00,0.24,0.00,,yes,20.1,28,2.570,0,1,0.371,0.270,29,6
15.13,DRY RUN,SCAN,0,,,,,100,0,0,0,36,86,AVOID_RIGHT,,1.54,0.51,0.04,0.36,0.00,0.37,0.00,,yes,11.0,29,3.615,0,8,0.514,0.376,29,7
15.18,DRY RUN,SCAN,0,,,,,100,0,0,0,35,86,AVOID_RIGHT,,1.71,1.00,0.03,0.35,0.00,0.46,0.10,,yes,19.9,29,4.658,0,5,0.497,0.364,29,6
15.23,DRY RUN,SCAN,0,,,,,100,0,0,0,33,86,AVOID_RIGHT,,1.80,1.36,0.80,0.61,0.00,0.50,0.28,,yes,20.0,28,3.423,0,6,0.494,0.362,29,4
15.32,DRY RUN,SCAN,0,,,,,100,0,0,0,31,86,AVOID_RIGHT,,1.85,1.42,1.49,0.75,0.00,0.52,0.35,,yes,11.2,28,5.953,0,2,0.402,0.299,29,2
15.37,DRY RUN,SCAN,0,,,,,100,0,0,0,29,86,AVOID_RIGHT,,1.79,1.16,1.84,1.00,0.00,0.50,0.52,,yes,19.8,29,8.075,0,4,0.389,0.288,29,0
15.42,DRY RUN,SCAN,0,,,,,100,0,0,0,29,86,OPTOMOTOR,,2.05,1.03,2.01,1.00,0.00,0.63,0.61,,yes,19.8,29,4.333,0,4,0.459,0.338,29,0
15.51,DRY RUN,SCAN,0,,,,,100,0,0,0,29,86,OPTOMOTOR,,1.90,0.96,2.02,1.00,0.00,0.55,0.61,,yes,11.1,29,3.461,0,2,0.424,0.314,29,0
15.56,DRY RUN,SCAN,0,,,,,100,0,0,0,29,86,ESCAPE,,1.54,0.83,1.17,1.00,0.00,0.37,0.19,,yes,20.0,29,3.146,0,5,0.388,0.287,29,0
15.64,DRY RUN,SCAN,0,,,,,100,0,0,0,30,86,ESCAPE,,1.35,0.66,0.75,0.81,0.00,0.27,0.00,,yes,11.8,29,2.380,0,4,0.352,0.252,29,1
15.73,DRY RUN,SCAN,0,,,,,100,0,0,0,32,86,ESCAPE,,1.27,0.58,0.71,0.60,0.00,0.23,0.00,,yes,11.3,28,3.578,0,4,0.376,0.275,29,3
15.78,DRY RUN,SCAN,0,,,,,100,0,0,0,31,86,ESCAPE,,1.21,1.78,0.76,0.81,0.00,0.49,0.49,,yes,19.6,29,5.271,0,5,0.456,0.336,29,2
15.83,DRY RUN,SCAN,0,,,,,100,0,0,0,29,86,ESCAPE,,1.18,2.38,0.71,1.00,0.00,0.79,0.79,,yes,19.9,29,1.431,0,8,0.527,0.385,29,0
15.95,DRY RUN,SCAN,1,freshripe,0.33,0.99,17.3,100,0,0,0,0,86,ESCAPE,,0.79,2.67,1.34,1.00,0.00,0.93,0.93,,yes,8.1,29,0.249,4,7,0.254,0.627,0,0
16.41,DRY RUN,SCAN,0,,,,,100,0,0,0,0,86,ESCAPE,,0.60,2.44,0.84,1.00,0.00,0.82,0.82,,yes,2.2,29,-0.916,5,5,0.042,0.686,0,0
16.86,DRY RUN,SCAN,0,,,,,100,0,0,0,0,86,ESCAPE,,0.50,1.67,0.54,1.00,0.00,0.43,0.43,,yes,2.2,29,-1.455,2,1,-0.112,0.486,0,0
17.31,DRY RUN,SCAN,0,,,,,100,0,0,0,0,86,ESCAPE,,0.68,0.96,0.39,1.00,0.00,0.08,0.08,,,2.2,29,0.730,4,7,-0.058,0.526,0,0
17.76,DRY RUN,SCAN,0,,,,,100,0,0,0,1,86,ESCAPE,,0.76,0.59,0.26,0.57,0.00,0.00,0.00,,,2.2,28,0.879,3,7,0.128,0.616,0,1
18.23,DRY RUN,SCAN,0,,,,,100,0,0,0,12,86,ESCAPE,,0.91,0.41,0.28,0.32,2.18,0.00,0.00,,,2.2,28,1.048,1,5,0.151,0.661,10,2
18.32,DRY RUN,SCAN,0,,,,,100,0,0,0,19,86,ESCAPE,,1.53,0.34,0.42,0.18,3.05,0.00,0.00,,yes,11.1,29,6.762,0,1,0.118,0.491,17,2
18.37,DRY RUN,SCAN,0,,,,,100,0,0,0,24,86,ESCAPE,,1.84,0.30,0.56,0.10,2.14,0.00,0.00,,yes,19.9,29,3.095,0,3,0.157,0.348,21,3
18.42,DRY RUN,SCAN,0,,,,,100,0,0,0,32,86,ESCAPE,,1.42,0.27,0.55,0.06,1.50,0.00,0.00,,yes,20.1,28,2.167,0,6,0.439,0.425,24,8
18.50,DRY RUN,SCAN,0,,,,,100,0,0,0,35,86,ESCAPE,,0.88,0.17,0.48,0.03,1.05,0.00,0.00,,yes,11.3,28,2.372,0,6,0.485,0.382,26,9
18.55,DRY RUN,SCAN,0,,,,,100,0,0,0,37,86,ESCAPE,,0.59,0.12,0.34,0.02,0.73,0.00,0.00,,yes,20.0,28,4.818,0,5,0.503,0.382,27,10
18.60,DRY RUN,SCAN,0,,,,,100,0,0,0,39,86,ESCAPE,,0.45,0.10,0.38,0.01,0.51,0.00,0.00,,yes,20.2,28,2.483,0,7,0.567,0.420,28,11
18.69,DRY RUN,SCAN,0,,,,,100,0,0,0,40,86,ESCAPE,,0.50,0.62,0.41,0.01,0.36,0.00,0.00,,yes,11.2,29,2.781,0,7,0.540,0.398,29,11
18.74,DRY RUN,SCAN,0,,,,,100,0,0,0,38,86,ESCAPE,,0.53,0.89,0.42,0.00,0.25,0.00,0.00,,yes,20.0,28,5.387,0,4,0.463,0.343,29,9
18.79,DRY RUN,SCAN,0,,,,,100,0,0,0,37,86,ESCAPE,,0.48,0.63,0.36,0.00,0.18,0.00,0.00,,yes,20.2,28,3.036,0,4,0.419,0.312,29,8
18.88,DRY RUN,SCAN,0,,,,,100,0,0,0,36,86,ESCAPE,,0.36,0.38,0.32,0.00,0.12,0.00,0.00,,yes,11.3,28,2.970,0,3,0.346,0.247,29,7
18.93,DRY RUN,SCAN,0,,,,,100,0,0,0,38,86,ESCAPE,,0.27,0.22,0.24,0.00,0.09,0.00,0.00,,yes,19.7,28,5.480,0,6,0.460,0.339,29,9
18.98,DRY RUN,SCAN,0,,,,,100,0,0,0,39,86,ESCAPE,,0.19,0.13,0.16,0.00,0.06,0.00,0.00,,yes,20.2,28,3.023,0,7,0.501,0.367,29,10
19.07,DRY RUN,SCAN,0,,,,,100,0,0,0,40,86,ESCAPE,,0.14,0.09,0.13,0.00,0.04,0.00,0.00,,yes,10.9,29,2.980,0,6,0.538,0.393,29,11
19.12,DRY RUN,SCAN,0,,,,,100,0,0,0,39,86,ESCAPE,,0.12,0.11,0.10,0.00,0.03,0.00,0.00,,yes,20.1,29,5.703,0,4,0.524,0.383,29,10
19.17,DRY RUN,SCAN,0,,,,,100,0,0,0,39,86,ESCAPE,,0.13,0.13,0.10,0.00,0.02,0.00,0.00,,yes,20.0,28,3.052,0,3,0.489,0.359,29,10
19.26,DRY RUN,SCAN,0,,,,,100,0,0,0,38,86,ESCAPE,,0.15,0.14,0.10,0.00,0.01,0.00,0.00,,yes,11.3,28,3.023,0,4,0.434,0.321,29,9
19.31,DRY RUN,SCAN,0,,,,,100,0,0,0,38,86,ESCAPE,,0.24,0.13,0.10,0.00,0.01,0.00,0.00,,yes,20.1,28,5.580,0,3,0.438,0.324,29,9
19.36,DRY RUN,SCAN,0,,,,,100,0,0,0,39,86,ESCAPE,,0.28,0.13,0.15,0.00,0.01,0.00,0.00,,yes,20.2,28,3.082,0,6,0.503,0.368,29,10
19.45,DRY RUN,SCAN,0,,,,,100,0,0,0,39,86,ESCAPE,,0.65,0.12,0.17,0.00,0.00,0.00,0.00,,yes,11.2,28,3.039,0,6,0.497,0.365,29,10
19.50,DRY RUN,SCAN,0,,,,,100,0,0,0,40,86,OPTOMOTOR,,0.97,0.18,0.16,0.00,0.00,0.08,0.00,,yes,20.1,28,5.460,0,5,0.529,0.386,29,11
19.55,DRY RUN,SCAN,0,,,,,100,0,0,0,37,86,OPTOMOTOR,,1.83,0.21,0.13,0.15,0.00,0.51,0.00,,yes,19.8,29,3.092,0,3,0.491,0.360,29,8
19.65,DRY RUN,SCAN,0,,,,,100,0,0,0,34,86,AVOID_RIGHT,,2.31,0.70,0.11,0.34,0.00,0.75,0.00,,yes,9.6,43,2.944,0,3,0.390,0.289,29,5
19.71,DRY RUN,SCAN,0,,,,,100,0,0,0,32,86,AVOID_RIGHT,,3.86,0.96,0.14,0.57,0.00,1.00,0.08,,yes,19.5,30,6.073,0,4,0.383,0.282,29,3
19.76,DRY RUN,SCAN,0,,,,,100,0,0,0,31,86,AVOID_RIGHT,,4.63,1.07,0.16,0.72,0.00,1.00,0.14,,yes,19.6,30,2.816,0,6,0.406,0.302,29,2
19.85,DRY RUN,SCAN,0,,,,,100,0,0,0,31,86,AVOID_RIGHT,,3.97,0.89,0.17,0.82,0.00,1.00,0.05,,yes,11.0,30,2.728,0,4,0.408,0.303,29,2
19.90,DRY RUN,SCAN,0,,,,,100,0,0,0,32,86,AVOID_RIGHT,,2.83,0.80,0.18,0.72,2.18,0.00,0.00,,yes,20.1,29,2.886,0,7,0.472,0.347,29,3
19.95,DRY RUN,SCAN,0,,,,,100,0,0,0,35,86,AVOID_RIGHT,,3.07,0.79,0.43,0.40,6.11,0.00,0.00,,yes,20.3,28,0.881,2,8,0.505,0.501,29,6
20.04,DRY RUN,SCAN,0,,,,,100,0,0,0,36,86,AVOID_RIGHT,,3.04,1.17,0.71,0.23,4.28,0.00,0.00,,yes,11.1,29,2.139,0,5,0.423,0.477,29,7
20.09,DRY RUN,SCAN,0,,,,,100,0,0,0,36,86,AVOID_RIGHT,,3.97,1.35,1.82,0.13,10.04,0.00,0.00,,yes,20.0,28,4.872,0,1,0.399,0.359,29,7
20.14,DRY RUN,SCAN,0,,,,,100,0,0,0,37,86,AVOID_RIGHT,,4.44,1.14,2.38,0.07,11.78,0.00,0.00,,yes,20.1,28,2.039,0,5,0.414,0.326,29,8
20.23,DRY RUN,SCAN,0,,,,,100,0,0,0,39,86,OPTOMOTOR,,4.91,1.04,3.27,0.04,8.25,0.00,0.00,,yes,11.2,29,2.508,0,6,0.531,0.398,29,10
20.28,DRY RUN,SCAN,0,,,,,100,0,0,0,38,86,OPTOMOTOR,,5.15,1.18,3.72,0.02,11.78,0.00,0.00,,yes,20.1,28,3.779,0,3,0.472,0.353,29,9
20.33,DRY RUN,SCAN,0,,,,,100,0,0,0,4,86,OPTOMOTOR,,5.27,1.91,3.60,0.01,13.96,0.00,0.00,,yes,20.0,28,0.197,6,7,0.204,0.547,0,4
20.77,DRY RUN,SCAN,0,,,,,100,0,0,0,0,86,CRUISE,,3.68,3.20,3.54,0.01,9.77,0.00,0.00,,yes,2.2,28,-1.436,1,0,0.015,0.427,0,0
21.22,DRY RUN,SCAN,0,,,,,100,0,0,0,0,86,CRUISE,,2.88,3.84,3.51,0.00,30.11,0.00,0.00,,yes,2.2,26,0.052,0,0,0.001,0.254,0,0
21.68,DRY RUN,SCAN,0,,,,,100,0,0,0,13,86,CRUISE,,2.00,2.20,2.21,0.00,21.07,0.00,0.00,,,2.2,29,0.964,0,3,0.136,0.215,10,3
21.77,DRY RUN,SCAN,0,,,,,100,0,0,0,22,86,CRUISE,,1.45,1.23,1.41,0.00,14.75,0.00,0.00,,yes,11.1,29,12.553,0,4,0.254,0.211,17,5
21.82,DRY RUN,SCAN,0,,,,,100,0,0,0,24,86,OPTOMOTOR,,1.18,0.90,1.00,0.00,10.33,0.00,0.00,,yes,20.0,29,-18.594,1,0,0.157,0.152,21,3
21.86,DRY RUN,SCAN,0,,,,,100,0,0,0,29,86,CRUISE,,1.43,0.58,1.19,0.00,7.23,0.00,0.00,,yes,20.3,28,1.428,0,3,0.232,0.157,24,5
21.95,DRY RUN,SCAN,0,,,,,100,0,0,0,32,86,OPTOMOTOR,,1.59,0.33,1.29,0.00,5.06,0.00,0.00,,yes,11.2,28,2.414,0,4,0.324,0.236,26,6
22.00,DRY RUN,SCAN,0,,,,,100,0,0,0,33,86,OPTOMOTOR,,1.64,0.17,0.68,0.00,3.54,0.00,0.00,,yes,20.0,29,4.773,0,2,0.276,0.185,27,6
22.05,DRY RUN,SCAN,0,,,,,100,0,0,0,34,86,OPTOMOTOR,,1.07,0.09,0.37,0.00,2.48,0.00,0.00,,yes,20.2,28,2.689,0,4,0.304,0.209,28,6
22.14,DRY RUN,SCAN,0,,,,,100,0,0,0,35,86,OPTOMOTOR,,0.79,0.06,0.22,0.00,1.74,0.00,0.00,,yes,11.1,28,2.562,0,3,0.314,0.218,29,6
22.19,DRY RUN,SCAN,0,,,,,100,0,0,0,34,86,OPTOMOTOR,,0.64,0.05,0.14,0.00,1.21,0.00,0.00,,yes,20.2,28,5.182,0,1,0.265,0.170,29,5
22.25,DRY RUN,SCAN,0,,,,,100,0,0,0,34,86,OPTOMOTOR,,0.60,0.04,0.09,0.00,0.85,0.00,0.00,,yes,16.5,28,3.851,0,1,0.268,0.172,29,5
22.34,DRY RUN,SCAN,0,,,,,100,0,0,0,35,86,OPTOMOTOR,,0.53,0.04,0.07,0.00,0.60,0.00,0.00,,yes,11.2,28,3.037,0,5,0.304,0.207,29,6
22.39,DRY RUN,SCAN,0,,,,,100,0,0,0,35,86,OPTOMOTOR,,0.33,0.04,0.06,0.00,0.42,0.00,0.00,,yes,20.1,28,5.743,0,1,0.290,0.193,29,6
22.44,DRY RUN,SCAN,0,,,,,100,0,0,0,36,86,OPTOMOTOR,,0.23,0.04,0.06,0.00,0.29,0.00,0.00,,yes,20.3,28,3.023,0,5,0.331,0.232,29,7
22.53,DRY RUN,SCAN,0,,,,,100,0,0,0,39,86,OPTOMOTOR,,0.29,0.04,0.04,0.00,0.20,0.00,0.00,,yes,11.1,28,3.102,0,8,0.504,0.369,29,10
22.58,DRY RUN,SCAN,0,,,,,100,0,0,0,39,86,OPTOMOTOR,,0.36,0.03,0.02,0.00,0.14,0.00,0.00,,yes,20.0,28,5.300,0,4,0.505,0.370,29,10
22.63,DRY RUN,SCAN,0,,,,,100,0,0,0,40,86,OPTOMOTOR,,0.46,0.02,0.01,0.00,0.10,0.00,0.00,,yes,20.0,28,3.117,0,4,0.526,0.385,29,11
22.72,DRY RUN,SCAN,0,,,,,100,0,0,0,41,86,OPTOMOTOR,,0.64,0.02,0.01,0.00,0.07,0.00,0.00,,yes,11.2,29,3.076,0,7,0.580,0.421,29,12
22.77,DRY RUN,SCAN,0,,,,,100,0,0,0,38,86,OPTOMOTOR,,0.91,0.02,0.00,0.00,0.05,0.03,0.00,,yes,20.0,28,5.644,0,1,0.444,0.328,29,9
22.82,DRY RUN,SCAN,0,,,,,100,0,0,0,39,86,OPTOMOTOR,,1.11,0.03,0.00,0.00,0.03,0.14,0.00,,yes,20.2,28,3.159,0,6,0.485,0.356,29,10
22.91,DRY RUN,SCAN,0,,,,,100,0,0,0,36,86,OPTOMOTOR,,1.70,0.02,0.00,0.26,0.02,0.44,0.00,,yes,10.9,29,3.132,0,5,0.501,0.367,29,7
22.96,DRY RUN,SCAN,0,,,,,100,0,0,0,36,86,AVOID_RIGHT,,2.00,0.03,0.01,0.41,0.02,0.59,0.00,,yes,19.6,29,5.735,0,7,0.566,0.412,29,7
23.02,DRY RUN,SCAN,0,,,,,100,0,0,0,35,86,AVOID_RIGHT,,2.14,0.02,0.02,0.49,0.01,0.67,0.00,,yes,19.7,29,3.163,0,6,0.595,0.432,29,6
23.11,DRY RUN,SCAN,0,,,,,100,0,0,0,33,86,AVOID_RIGHT,,1.77,0.03,0.05,0.54,0.01,0.48,0.00,,yes,11.1,29,2.928,0,1,0.378,0.276,29,4
23.16,DRY RUN,SCAN,0,,,,,100,0,0,0,34,86,AVOID_RIGHT,,1.27,0.03,0.08,0.40,0.01,0.23,0.00,,yes,19.9,29,5.062,0,3,0.401,0.299,29,5
23.20,DRY RUN,SCAN,0,,,,,100,0,0,0,35,86,AVOID_RIGHT,,1.03,0.03,0.13,0.23,0.00,0.11,0.00,,yes,20.2,28,2.664,0,3,0.419,0.311,29,6
23.29,DRY RUN,SCAN,0,,,,,100,0,0,0,36,86,AVOID_RIGHT,,1.57,0.02,0.14,0.13,0.00,0.38,0.00,,yes,11.2,28,2.770,0,4,0.381,0.280,29,7
23.35,DRY RUN,SCAN,0,,,,,100,0,0,0,34,86,AVOID_RIGHT,,2.30,0.01,0.14,0.43,0.00,0.75,0.00,,yes,19.5,29,4.744,0,5,0.439,0.324,29,5
23.40,DRY RUN,SCAN,0,,,,,100,0,0,0,33,86,AVOID_RIGHT,,2.75,0.01,0.08,0.65,0.00,0.98,0.00,,yes,19.6,29,2.803,0,6,0.503,0.369,29,4
23.49,DRY RUN,SCAN,0,,,,,100,0,0,0,31,86,ESCAPE,,2.89,0.01,0.05,0.78,0.00,1.00,0.00,,yes,11.1,29,3.077,0,6,0.539,0.393,29,2
23.54,DRY RUN,SCAN,0,,,,,100,0,0,0,31,86,ESCAPE,,2.33,0.02,0.03,0.82,0.00,0.76,0.00,,yes,20.0,29,5.241,0,2,0.448,0.331,29,2
23.59,DRY RUN,SCAN,0,,,,,100,0,0,0,31,86,ESCAPE,,2.05,0.04,0.02,0.77,0.00,0.62,0.00,,yes,19.7,29,3.007,0,5,0.460,0.339,29,2
23.68,DRY RUN,SCAN,0,,,,,100,0,0,0,31,86,ESCAPE,,2.18,0.04,0.02,0.82,0.00,0.69,0.00,,yes,10.9,30,3.057,0,4,0.439,0.324,29,2
23.73,DRY RUN,SCAN,0,,,,,100,0,0,0,32,86,ESCAPE,,2.24,0.03,0.02,0.76,0.00,0.72,0.00,,yes,19.6,29,5.595,0,8,0.600,0.435,29,3
23.78,DRY RUN,SCAN,0,,,,,100,0,0,0,34,86,ESCAPE,,1.87,0.03,0.03,0.55,0.00,0.54,0.00,,yes,19.9,29,3.041,0,5,0.524,0.383,29,5
23.88,DRY RUN,SCAN,0,,,,,100,0,0,0,32,86,ESCAPE,,1.41,0.02,0.06,0.57,0.00,0.31,0.00,,yes,9.7,35,3.065,0,2,0.399,0.297,29,3
23.93,DRY RUN,SCAN,0,,,,,100,0,0,0,34,86,ESCAPE,,1.01,0.02,0.08,0.43,0.00,0.10,0.00,,yes,20.0,28,6.194,0,4,0.446,0.329,29,5
23.98,DRY RUN,SCAN,0,,,,,100,0,0,0,37,86,ESCAPE,,0.50,0.02,0.07,0.24,0.00,0.00,0.00,,yes,20.1,28,3.047,0,7,0.514,0.376,29,8
24.07,DRY RUN,SCAN,0,,,,,100,0,0,0,38,86,ESCAPE,,0.25,0.02,0.06,0.14,0.00,0.00,0.00,,yes,11.3,28,2.913,0,3,0.504,0.369,29,9
24.12,DRY RUN,SCAN,0,,,,,100,0,0,0,39,86,ESCAPE,,0.59,0.02,0.15,0.08,2.62,0.00,0.00,,yes,20.1,28,4.944,0,7,0.567,0.413,29,10
24.17,DRY RUN,SCAN,0,,,,,100,0,0,0,37,86,ESCAPE,,0.75,0.06,0.22,0.04,3.05,0.00,0.00,,yes,20.0,28,2.904,0,3,0.409,0.304,29,8
24.26,DRY RUN,SCAN,0,,,,,100,0,0,0,7,86,ESCAPE,,0.97,0.41,0.47,0.02,2.14,0.00,0.00,,yes,11.3,28,2.275,0,4,0.362,0.261,0,7
24.71,DRY RUN,SCAN,0,,,,,100,0,0,0,5,86,ESCAPE,,0.59,0.59,0.59,0.01,3.05,0.00,0.00,,yes,2.2,29,-6.049,0,0,0.257,0.161,0,5
25.16,DRY RUN,SCAN,0,,,,,100,0,0,0,2,86,ESCAPE,,0.83,0.68,0.38,0.01,2.14,0.00,0.00,,yes,2.2,29,-2.089,1,0,0.101,0.124,0,2
25.61,DRY RUN,SCAN,0,,,,,100,0,0,0,15,86,ESCAPE,,0.52,0.36,0.19,0.00,6.11,0.00,0.00,,,2.2,29,10.996,0,4,0.237,0.161,10,5
25.66,DRY RUN,SCAN,0,,,,,100,0,0,0,24,86,ESCAPE,,0.26,0.19,0.18,0.00,4.28,0.00,0.00,,yes,19.8,29,15.816,0,5,0.362,0.272,17,7
25.71,DRY RUN,SCAN,0,,,,,100,0,0,0,27,86,ESCAPE,,0.14,0.10,0.09,0.00,2.99,0.00,0.00,,yes,20.0,29,3.320,0,1,0.322,0.229,21,6
25.80,DRY RUN,SCAN,0,,,,,100,0,0,0,34,86,ESCAPE,,0.30,0.10,0.05,0.00,2.10,0.00,0.00,,yes,11.2,29,2.194,0,6,0.483,0.358,24,10
25.85,DRY RUN,SCAN,0,,,,,100,0,0,0,36,86,ESCAPE,,0.38,0.11,0.02,0.00,1.47,0.00,0.00,,yes,20.0,29,7.031,0,5,0.479,0.354,26,10
25.90,DRY RUN,SCAN,0,,,,,100,0,0,0,35,86,ESCAPE,,0.43,0.12,0.01,0.00,1.03,0.00,0.00,,yes,20.0,29,2.662,0,5,0.415,0.309,27,8
25.99,DRY RUN,SCAN,0,,,,,100,0,0,0,35,86,ESCAPE,,0.30,0.12,0.01,0.00,0.72,0.00,0.00,,yes,11.3,28,2.824,0,3,0.374,0.274,28,7
26.04,DRY RUN,SCAN,0,,,,,100,0,0,0,36,86,ESCAPE,,0.19,0.58,0.01,0.00,0.50,0.00,0.00,,yes,19.8,29,5.383,0,2,0.364,0.264,29,7
26.09,DRY RUN,SCAN,0,,,,,100,0,0,0,35,86,ESCAPE,,0.13,0.81,0.01,0.00,0.35,0.00,0.00,,yes,20.1,28,3.369,0,1,0.323,0.225,29,6
26.18,DRY RUN,SCAN,0,,,,,100,0,0,0,36,86,ESCAPE,,0.12,0.95,0.01,0.00,0.25,0.00,0.00,,yes,11.3,28,3.307,0,3,0.355,0.255,29,7
26.23,DRY RUN,SCAN,0,,,,,100,0,0,0,37,86,ESCAPE,,0.32,0.89,0.02,0.00,0.17,0.00,0.00,,yes,19.9,29,5.435,0,5,0.419,0.311,29,8
26.28,DRY RUN,SCAN,0,,,,,100,0,0,0,36,86,ESCAPE,,0.47,0.60,0.20,0.00,0.12,0.00,0.00,,yes,20.1,28,2.878,0,2,0.356,0.256,29,7
26.37,DRY RUN,SCAN,0,,,,,100,0,0,0,37,86,ESCAPE,,0.55,0.46,0.53,0.00,0.08,0.00,0.00,,yes,11.3,28,3.934,0,5,0.419,0.311,29,8
26.42,DRY RUN,SCAN,0,,,,,100,0,0,0,39,86,ESCAPE,,0.54,0.23,0.70,0.00,0.06,0.00,0.00,,yes,19.9,28,5.570,0,6,0.513,0.375,29,10
26.47,DRY RUN,SCAN,0,,,,,100,0,0,0,39,86,ESCAPE,,0.33,0.12,0.64,0.00,0.04,0.00,0.00,,yes,20.1,28,2.547,0,5,0.496,0.364,29,10
26.56,DRY RUN,SCAN,0,,,,,100,0,0,0,38,86,OPTOMOTOR,,0.43,0.06,0.50,0.00,0.03,0.00,0.00,,yes,11.2,28,3.023,0,6,0.473,0.348,29,9
26.61,DRY RUN,SCAN,0,,,,,100,0,0,0,39,86,OPTOMOTOR,,0.51,0.03,0.36,0.00,0.02,0.00,0.00,,yes,19.9,29,4.725,0,5,0.515,0.377,29,10
26.66,DRY RUN,SCAN,0,,,,,100,0,0,0,40,86,OPTOMOTOR,,0.87,0.02,0.29,0.00,0.01,0.03,0.00,,yes,20.3,28,2.524,0,6,0.546,0.398,29,11
26.75,DRY RUN,SCAN,0,,,,,100,0,0,0,36,86,OPTOMOTOR,,1.61,0.01,0.26,0.15,0.01,0.40,0.00,,yes,10.7,29,2.573,0,4,0.425,0.315,29,7
26.80,DRY RUN,SCAN,0,,,,,100,0,0,0,34,86,AVOID_RIGHT,,1.98,0.00,0.13,0.34,0.01,0.59,0.00,,yes,19.6,30,4.571,0,4,0.419,0.311,29,5
26.85,DRY RUN,SCAN,0,,,,,100,0,0,0,36,86,AVOID_RIGHT,,1.29,0.00,0.07,0.26,0.00,0.24,0.00,,yes,19.6,29,3.005,0,5,0.443,0.327,29,7
26.94,DRY RUN,SCAN,0,,,,,100,0,0,0,36,86,AVOID_RIGHT,,0.94,0.00,0.03,0.15,0.00,0.07,0.00,,yes,11.2,28,2.337,1,1,0.408,0.322,29,7
26.99,DRY RUN,SCAN,0,,,,,100,0,0,0,34,86,AVOID_RIGHT,,11.23,0.00,0.02,0.47,0.00,1.00,0.00,,yes,19.7,29,4.976,0,5,0.479,0.363,29,5
27.04,DRY RUN,SCAN,0,,,,,100,0,0,0,32,86,AVOID_RIGHT,,20.11,0.04,0.01,0.67,0.00,1.00,0.00,,yes,19.7,29,2.595,0,5,0.519,0.385,29,3
27.13,DRY RUN,SCAN,0,,,,,100,0,0,0,31,86,AVOID_RIGHT,,20.81,0.07,0.00,0.79,0.00,1.00,0.00,,yes,11.2,29,3.113,0,4,0.409,0.307,29,2
27.18,DRY RUN,SCAN,0,,,,,100,0,0,0,30,86,AVOID_RIGHT,,10.43,0.06,0.00,0.85,0.00,1.00,0.00,,yes,19.7,29,5.445,0,3,0.387,0.287,29,1
27.23,DRY RUN,SCAN,0,,,,,100,0,0,0,30,86,AVOID_RIGHT,,5.22,0.03,0.00,0.94,0.00,1.00,0.00,,yes,19.8,29,3.063,0,5,0.464,0.343,29,1
27.32,DRY RUN,SCAN,0,,,,,100,0,0,0,30,86,AVOID_RIGHT,,2.63,0.02,0.00,0.89,0.00,0.91,0.00,,yes,11.2,29,3.126,0,3,0.455,0.336,29,1
27.37,DRY RUN,SCAN,0,,,,,100,0,0,0,32,86,AVOID_RIGHT,,1.38,0.01,0.00,0.67,0.00,0.29,0.00,,yes,19.9,29,5.486,0,7,0.498,0.366,29,3
27.42,DRY RUN,SCAN,0,,,,,100,0,0,0,35,86,AVOID_RIGHT,,0.75,0.01,0.00,0.37,0.00,0.00,0.00,,yes,20.1,29,2.927,0,3,0.453,0.334,29,6
27.51,DRY RUN,SCAN,0,,,,,100,0,0,0,36,86,AVOID_RIGHT,,0.44,0.01,0.00,0.21,0.00,0.00,0.00,,yes,11.3,28,3.087,0,6,0.428,0.317,29,7
27.56,DRY RUN,SCAN,0,,,,,100,0,0,0,36,86,AVOID_RIGHT,,0.26,0.02,0.00,0.12,0.00,0.00,0.00,,yes,20.1,28,5.410,0,4,0.421,0.312,29,7
27.61,DRY RUN,SCAN,0,,,,,100,0,0,0,37,86,AVOID_RIGHT,,0.20,0.02,0.00,0.07,0.00,0.00,0.00,,yes,20.1,28,2.966,0,5,0.423,0.314,29,8
27.70,DRY RUN,SCAN,0,,,,,100,0,0,0,36,86,OPTOMOTOR,,0.12,0.03,0.00,0.04,0.00,0.00,0.00,,yes,11.3,28,3.028,0,1,0.383,0.281,29,7
27.75,DRY RUN,SCAN,0,,,,,100,0,0,0,37,86,OPTOMOTOR,,0.13,0.04,0.01,0.02,0.00,0.00,0.00,,yes,20.0,28,5.349,0,3,0.405,0.301,29,8
27.80,DRY RUN,SCAN,0,,,,,100,0,0,0,36,86,OPTOMOTOR,,0.07,0.04,0.00,0.01,0.00,0.00,0.00,,yes,19.8,29,2.977,0,4,0.376,0.275,29,7
27.89,DRY RUN,SCAN,0,,,,,100,0,0,0,35,86,OPTOMOTOR,,0.10,0.07,0.01,0.01,0.00,0.00,0.00,,yes,11.3,28,3.354,0,3,0.325,0.226,29,6
27.94,DRY RUN,SCAN,0,,,,,100,0,0,0,36,86,OPTOMOTOR,,0.08,0.05,0.02,0.00,0.00,0.00,0.00,,yes,19.8,29,5.281,0,5,0.366,0.265,29,7
27.99,DRY RUN,SCAN,0,,,,,100,0,0,0,38,86,OPTOMOTOR,,0.08,0.10,0.02,0.00,0.00,0.00,0.00,,yes,19.8,29,3.315,0,6,0.476,0.350,29,9
28.08,DRY RUN,SCAN,0,,,,,100,0,0,0,38,86,OPTOMOTOR,,0.08,0.08,0.02,0.00,0.00,0.00,0.00,,yes,11.1,28,3.032,0,6,0.440,0.326,29,9
28.13,DRY RUN,SCAN,0,,,,,100,0,0,0,8,86,OPTOMOTOR,,0.10,0.14,0.07,0.00,0.00,0.00,0.00,,yes,19.9,29,5.815,0,3,0.421,0.312,0,8
28.58,DRY RUN,SCAN,0,,,,,100,0,0,0,3,86,OPTOMOTOR,,0.17,0.18,0.25,0.00,0.00,0.00,0.00,,yes,2.2,29,-0.024,6,6,0.140,0.533,0,3
29.03,DRY RUN,SCAN,0,,,,,100,0,0,0,5,86,OPTOMOTOR,,0.22,0.21,0.18,0.00,0.00,0.00,0.00,,yes,2.2,31,2.680,0,4,0.258,0.519,0,5
29.48,DRY RUN,SCAN,0,,,,,100,0,0,0,15,86,OPTOMOTOR,,0.24,0.19,0.13,0.00,0.00,0.00,0.00,,,2.2,29,-0.456,3,7,0.274,0.612,10,5
29.54,DRY RUN,SCAN,0,,,,,100,0,0,0,22,86,CRUISE,,0.24,0.15,0.10,0.00,0.00,0.00,0.00,,yes,19.6,29,9.110,0,4,0.229,0.506,17,5
29.63,DRY RUN,SCAN,0,,,,,100,0,0,0,26,86,OPTOMOTOR,,0.17,0.08,0.09,0.00,0.00,0.00,0.00,,yes,11.2,29,1.818,0,2,0.255,0.380,21,5
29.68,DRY RUN,SCAN,0,,,,,100,0,0,0,30,86,OPTOMOTOR,,0.10,0.04,0.08,0.00,0.00,0.00,0.00,,yes,19.8,29,3.946,0,1,0.286,0.276,24,6
29.73,DRY RUN,SCAN,0,,,,,100,0,0,0,33,86,OPTOMOTOR,,0.10,0.02,0.07,0.00,0.00,0.00,0.00,,yes,19.9,29,2.546,0,5,0.360,0.279,26,7
29.82,DRY RUN,SCAN,0,,,,,100,0,0,0,35,86,OPTOMOTOR,,0.11,0.02,0.06,0.00,0.00,0.00,0.00,,yes,11.2,29,2.737,0,4,0.381,0.291,27,8
29.87,DRY RUN,SCAN,0,,,,,100,0,0,0,34,86,OPTOMOTOR,,0.12,0.01,0.05,0.00,0.00,0.00,0.00,,yes,19.8,29,5.063,0,1,0.303,0.211,28,6
29.92,DRY RUN,SCAN,0,,,,,100,0,0,0,36,86,OPTOMOTOR,,0.07,0.01,0.03,0.00,0.00,0.00,0.00,,yes,20.0,29,2.955,0,4,0.364,0.267,29,7
30.01,DRY RUN,SCAN,0,,,,,100,0,0,0,36,86,OPTOMOTOR,,0.05,0.02,0.02,0.00,0.00,0.00,0.00,,yes,11.2,29,3.063,0,5,0.373,0.274,29,7
30.06,DRY RUN,SCAN,0,,,,,100,0,0,0,36,86,OPTOMOTOR,,0.04,0.03,0.02,0.00,0.00,0.00,0.00,,yes,19.9,29,5.446,0,4,0.358,0.259,29,7
30.10,DRY RUN,SCAN,0,,,,,100,0,0,0,37,86,OPTOMOTOR,,0.04,0.03,0.02,0.00,0.00,0.00,0.00,,yes,20.1,28,3.057,0,6,0.390,0.289,29,8
30.19,DRY RUN,SCAN,0,,,,,100,0,0,0,38,86,OPTOMOTOR,,0.05,0.04,0.02,0.00,0.00,0.00,0.00,,yes,11.3,29,3.023,0,6,0.432,0.320,29,9
30.24,DRY RUN,SCAN,0,,,,,100,0,0,0,36,86,OPTOMOTOR,,0.05,0.04,0.02,0.00,0.00,0.00,0.00,,yes,19.9,29,5.397,0,2,0.346,0.247,29,7
30.29,DRY RUN,SCAN,0,,,,,100,0,0,0,37,86,OPTOMOTOR,,0.05,0.05,0.04,0.00,0.00,0.00,0.00,,yes,20.1,28,3.083,0,3,0.383,0.282,29,8
30.38,DRY RUN,SCAN,0,,,,,100,0,0,0,37,86,OPTOMOTOR,,0.06,0.04,0.06,0.00,0.00,0.00,0.00,,yes,11.3,29,3.001,0,5,0.420,0.311,29,8
30.43,DRY RUN,SCAN,0,,,,,100,0,0,0,36,86,OPTOMOTOR,,0.06,0.03,0.08,0.00,0.00,0.00,0.00,,yes,19.9,29,5.398,0,1,0.351,0.251,29,7
30.48,DRY RUN,SCAN,0,,,,,100,0,0,0,37,86,OPTOMOTOR,,0.06,0.02,0.08,0.00,0.00,0.00,0.00,,yes,20.1,28,3.053,0,6,0.402,0.299,29,8
30.57,DRY RUN,SCAN,0,,,,,100,0,0,0,37,86,OPTOMOTOR,,0.05,0.05,0.04,0.00,0.00,0.00,0.00,,yes,11.4,28,2.990,0,5,0.394,0.292,29,8
30.62,DRY RUN,SCAN,0,,,,,100,0,0,0,36,86,OPTOMOTOR,,0.04,0.06,0.03,0.00,0.00,0.00,0.00,,yes,20.1,28,5.390,0,4,0.355,0.255,29,7
30.67,DRY RUN,SCAN,0,,,,,100,0,0,0,37,86,OPTOMOTOR,,0.04,0.05,0.04,0.00,0.00,0.00,0.00,,yes,20.0,28,3.038,0,6,0.388,0.287,29,8
30.76,DRY RUN,SCAN,0,,,,,100,0,0,0,39,86,OPTOMOTOR,,0.06,0.03,0.06,0.00,0.00,0.00,0.00,,yes,11.3,28,3.012,0,5,0.486,0.357,29,10
30.81,DRY RUN,SCAN,0,,,,,100,0,0,0,37,86,OPTOMOTOR,,0.06,0.04,0.07,0.00,0.00,0.00,0.00,,yes,20.0,28,5.406,0,4,0.393,0.291,29,8
30.86,DRY RUN,SCAN,0,,,,,100,0,0,0,40,86,OPTOMOTOR,,0.06,0.02,0.04,0.00,0.00,0.00,0.00,,yes,19.8,29,3.066,0,7,0.545,0.398,29,11
30.95,DRY RUN,SCAN,0,,,,,100,0,0,0,40,86,OPTOMOTOR,,0.05,0.01,0.02,0.00,0.00,0.00,0.00,,yes,11.2,28,3.041,0,4,0.549,0.400,29,11
31.00,DRY RUN,SCAN,0,,,,,100,0,0,0,41,86,OPTOMOTOR,,0.05,0.00,0.03,0.00,0.00,0.00,0.00,,yes,19.9,29,5.458,0,5,0.600,0.435,29,12
31.05,DRY RUN,SCAN,0,,,,,100,0,0,0,37,86,OPTOMOTOR,,0.07,0.02,0.04,0.00,0.00,0.00,0.00,,yes,20.2,28,3.044,0,1,0.379,0.278,29,8
31.14,DRY RUN,SCAN,0,,,,,100,0,0,0,38,86,OPTOMOTOR,,0.08,0.05,0.07,0.00,0.00,0.00,0.00,,yes,11.3,28,3.006,0,6,0.444,0.328,29,9
31.19,DRY RUN,SCAN,0,,,,,100,0,0,0,37,86,OPTOMOTOR,,0.07,0.06,0.08,0.00,0.00,0.00,0.00,,yes,19.9,29,5.397,0,4,0.409,0.304,29,8
31.23,DRY RUN,SCAN,0,,,,,100,0,0,0,37,86,OPTOMOTOR,,0.06,0.03,0.07,0.00,0.00,0.00,0.00,,yes,20.3,28,3.050,0,5,0.417,0.309,29,8
31.32,DRY RUN,SCAN,0,,,,,100,0,0,0,37,86,OPTOMOTOR,,0.06,0.02,0.06,0.00,0.00,0.00,0.00,,yes,11.3,28,2.990,0,4,0.395,0.293,29,8
31.37,DRY RUN,SCAN,0,,,,,100,0,0,0,36,86,OPTOMOTOR,,0.05,0.01,0.05,0.00,0.00,0.00,0.00,,yes,19.9,28,5.371,0,3,0.366,0.265,29,7
31.42,DRY RUN,SCAN,0,,,,,100,0,0,0,36,86,OPTOMOTOR,,0.04,0.02,0.03,0.00,0.00,0.00,0.00,,yes,20.0,28,3.066,0,3,0.364,0.264,29,7
31.51,DRY RUN,SCAN,0,,,,,100,0,0,0,37,86,OPTOMOTOR,,0.04,0.04,0.04,0.00,0.00,0.00,0.00,,yes,11.3,28,3.018,0,4,0.419,0.311,29,8
31.56,DRY RUN,SCAN,0,,,,,100,0,0,0,36,86,OPTOMOTOR,,0.03,0.04,0.04,0.00,0.00,0.00,0.00,,yes,19.9,29,5.384,0,1,0.351,0.251,29,7
31.61,DRY RUN,SCAN,0,,,,,100,0,0,0,36,86,OPTOMOTOR,,0.03,0.06,0.05,0.00,0.00,0.00,0.00,,yes,20.1,28,3.041,0,2,0.336,0.237,29,7
31.70,DRY RUN,SCAN,0,,,,,100,0,0,0,36,86,OPTOMOTOR,,0.04,0.05,0.04,0.00,0.00,0.00,0.00,,yes,11.3,28,3.055,0,4,0.352,0.252,29,7
31.75,DRY RUN,SCAN,0,,,,,100,0,0,0,37,86,OPTOMOTOR,,0.04,0.06,0.03,0.00,0.00,0.00,0.00,,yes,19.9,29,5.380,0,4,0.392,0.290,29,8
31.80,DRY RUN,SCAN,0,,,,,100,0,0,0,38,86,OPTOMOTOR,,0.05,0.05,0.02,0.00,0.00,0.00,0.00,,yes,20.1,28,3.062,0,3,0.433,0.320,29,9
31.89,DRY RUN,SCAN,0,,,,,100,0,0,0,40,86,OPTOMOTOR,,0.04,0.03,0.02,0.00,0.00,0.00,0.00,,yes,10.7,28,3.016,0,6,0.542,0.395,29,11
31.94,DRY RUN,SCAN,0,,,,,100,0,0,0,41,86,OPTOMOTOR,,0.05,0.03,0.03,0.00,0.00,0.00,0.00,,yes,19.7,29,5.706,0,8,0.596,0.432,29,12
31.99,DRY RUN,SCAN,0,,,,,100,0,0,0,11,86,OPTOMOTOR,,0.05,0.04,0.03,0.00,0.00,0.00,0.00,,yes,19.9,29,3.098,0,6,0.550,0.400,0,11
32.44,DRY RUN,SCAN,0,,,,,100,0,0,0,6,86,OPTOMOTOR,,0.05,0.07,0.02,0.00,0.00,0.00,0.00,,yes,2.3,29,-0.012,5,7,0.280,0.597,0,6
32.90,DRY RUN,SCAN,0,,,,,100,0,0,0,2,86,CRUISE,,0.05,0.10,0.02,0.00,0.00,0.00,0.00,,yes,2.2,29,3.474,0,2,0.124,0.460,0,2
33.34,DRY RUN,SCAN,0,,,,,100,0,0,0,12,86,OPTOMOTOR,,0.16,0.12,0.08,0.00,0.00,0.00,0.00,,,2.3,29,-0.581,6,7,0.094,0.578,10,2
33.43,DRY RUN,SCAN,0,,,,,100,0,0,0,19,86,CRUISE,,0.22,0.20,0.11,0.00,0.00,0.00,0.00,,yes,10.6,30,9.014,0,4,0.106,0.516,17,2
33.48,DRY RUN,SCAN,0,,,,,100,0,0,0,26,86,CRUISE,,0.16,0.11,0.19,0.00,0.00,0.00,0.00,,yes,19.6,29,3.330,0,7,0.251,0.438,21,5
33.53,DRY RUN,SCAN,0,,,,,100,0,0,0,33,86,OPTOMOTOR,,0.13,0.14,0.12,0.00,0.00,0.00,0.00,,yes,19.7,29,2.222,0,7,0.435,0.437,24,9
33.62,DRY RUN,SCAN,0,,,,,100,0,0,0,35,86,OPTOMOTOR,,0.14,0.15,0.08,0.00,0.00,0.00,0.00,,yes,11.1,28,2.517,0,1,0.448,0.365,26,9
33.68,DRY RUN,SCAN,0,,,,,100,0,0,0,37,86,OPTOMOTOR,,0.14,0.17,0.05,0.00,0.00,0.00,0.00,,yes,19.8,29,4.965,0,7,0.522,0.396,27,10
33.73,DRY RUN,SCAN,0,,,,,100,0,0,0,38,86,OPTOMOTOR,,0.11,0.18,0.04,0.00,0.00,0.00,0.00,,yes,19.9,29,2.873,0,5,0.522,0.390,28,10
33.82,DRY RUN,SCAN,0,,,,,100,0,0,0,38,86,OPTOMOTOR,,0.09,0.18,0.03,0.00,0.00,0.00,0.00,,yes,11.2,28,2.876,0,4,0.453,0.339,29,9
33.87,DRY RUN,SCAN,0,,,,,100,0,0,0,38,86,OPTOMOTOR,,0.08,0.17,0.02,0.00,0.00,0.00,0.00,,yes,19.8,29,5.343,0,5,0.442,0.329,29,9
33.92,DRY RUN,SCAN,0,,,,,100,0,0,0,38,86,OPTOMOTOR,,0.06,0.10,0.01,0.00,0.00,0.00,0.00,,yes,19.6,29,3.059,0,7,0.470,0.347,29,9
34.01,DRY RUN,SCAN,0,,,,,100,0,0,0,36,86,OPTOMOTOR,,0.05,0.06,0.01,0.00,0.00,0.00,0.00,,yes,11.1,29,3.029,0,3,0.367,0.267,29,7
34.06,DRY RUN,SCAN,0,,,,,100,0,0,0,36,86,OPTOMOTOR,,0.03,0.07,0.01,0.00,0.00,0.00,0.00,,yes,19.7,29,5.483,0,4,0.370,0.269,29,7
34.11,DRY RUN,SCAN,0,,,,,100,0,0,0,36,86,OPTOMOTOR,,0.03,0.09,0.01,0.00,0.00,0.00,0.00,,yes,19.9,29,3.063,0,1,0.342,0.242,29,7
34.20,DRY RUN,SCAN,0,,,,,100,0,0,0,37,86,OPTOMOTOR,,0.03,0.11,0.02,0.00,0.00,0.00,0.00,,yes,11.2,29,3.110,0,5,0.408,0.303,29,8
34.25,DRY RUN,SCAN,0,,,,,100,0,0,0,38,86,OPTOMOTOR,,0.05,0.12,0.10,0.00,0.00,0.00,0.00,,yes,19.9,29,5.514,0,4,0.451,0.333,29,9
34.30,DRY RUN,SCAN,0,,,,,100,0,0,0,38,86,OPTOMOTOR,,0.06,0.13,0.14,0.00,0.00,0.00,0.00,,yes,19.8,29,3.041,0,4,0.433,0.321,29,9
34.39,DRY RUN,SCAN,0,,,,,100,0,0,0,37,86,OPTOMOTOR,,0.04,0.13,0.12,0.00,0.00,0.00,0.00,,yes,11.1,29,3.041,0,4,0.403,0.300,29,8
34.44,DRY RUN,SCAN,0,,,,,100,0,0,0,39,86,OPTOMOTOR,,0.03,0.11,0.08,0.00,0.00,0.00,0.00,,yes,19.7,29,5.501,0,8,0.476,0.350,29,10
34.49,DRY RUN,SCAN,0,,,,,100,0,0,0,39,86,OPTOMOTOR,,0.02,0.10,0.05,0.00,0.00,0.00,0.00,,yes,20.0,29,3.128,0,5,0.496,0.364,29,10
34.58,DRY RUN,SCAN,0,,,,,100,0,0,0,38,86,OPTOMOTOR,,0.05,0.09,0.04,0.00,0.00,0.00,0.00,,yes,10.9,30,3.051,0,4,0.438,0.324,29,9
34.63,DRY RUN,SCAN,0,,,,,100,0,0,0,39,86,OPTOMOTOR,,0.06,0.08,0.03,0.00,0.00,0.00,0.00,,yes,19.7,29,5.525,0,6,0.503,0.368,29,10
34.68,DRY RUN,SCAN,0,,,,,100,0,0,0,39,86,OPTOMOTOR,,0.06,0.08,0.02,0.00,0.00,0.00,0.00,,yes,20.2,29,3.007,0,4,0.504,0.369,29,10
34.77,DRY RUN,SCAN,0,,,,,100,0,0,0,37,86,OPTOMOTOR,,0.06,0.09,0.01,0.00,0.00,0.00,0.00,,yes,11.2,28,3.056,0,2,0.391,0.289,29,8
34.82,DRY RUN,SCAN,0,,,,,100,0,0,0,36,86,OPTOMOTOR,,0.05,0.11,0.01,0.00,0.00,0.00,0.00,,yes,20.0,28,5.377,0,2,0.373,0.272,29,7
34.87,DRY RUN,SCAN,0,,,,,100,0,0,0,37,86,OPTOMOTOR,,0.05,0.11,0.00,0.00,0.00,0.00,0.00,,yes,19.9,28,3.001,0,3,0.419,0.311,29,8
34.96,DRY RUN,SCAN,0,,,,,100,0,0,0,37,86,OPTOMOTOR,,0.05,0.09,0.00,0.00,0.00,0.00,0.00,,yes,11.3,29,3.012,0,4,0.415,0.308,29,8
35.01,DRY RUN,SCAN,0,,,,,100,0,0,0,37,86,OPTOMOTOR,,0.03,0.07,0.00,0.00,0.00,0.00,0.00,,yes,19.9,29,5.452,0,2,0.420,0.312,29,8
35.06,DRY RUN,SCAN,0,,,,,100,0,0,0,36,86,OPTOMOTOR,,0.02,0.12,0.01,0.00,0.00,0.00,0.00,,yes,19.8,29,3.118,0,1,0.367,0.266,29,7
35.15,DRY RUN,SCAN,0,,,,,100,0,0,0,38,86,OPTOMOTOR,,0.07,0.15,0.02,0.00,0.00,0.00,0.00,,yes,11.1,29,3.071,0,7,0.441,0.326,29,9
35.20,DRY RUN,SCAN,0,,,,,100,0,0,0,40,86,OPTOMOTOR,,0.09,0.17,0.03,0.00,0.00,0.00,0.00,,yes,20.1,29,5.386,0,7,0.532,0.389,29,11
35.25,DRY RUN,SCAN,0,,,,,100,0,0,0,38,86,OPTOMOTOR,,0.08,0.18,0.03,0.00,0.00,0.00,0.00,,yes,19.8,29,3.134,0,1,0.458,0.338,29,9
35.34,DRY RUN,SCAN,0,,,,,100,0,0,0,39,86,OPTOMOTOR,,0.07,0.17,0.07,0.00,0.00,0.00,0.00,,yes,11.2,29,3.074,0,7,0.521,0.381,29,10
35.39,DRY RUN,SCAN,0,,,,,100,0,0,0,39,86,OPTOMOTOR,,0.07,0.17,0.09,0.00,0.00,0.00,0.00,,yes,19.8,29,5.424,0,3,0.487,0.357,29,10
35.44,DRY RUN,SCAN,0,,,,,100,0,0,0,39,86,OPTOMOTOR,,0.05,0.17,0.05,0.00,0.00,0.00,0.00,,yes,20.1,29,3.029,0,5,0.502,0.368,29,10
35.53,DRY RUN,SCAN,0,,,,,100,0,0,0,40,86,OPTOMOTOR,,0.04,0.17,0.02,0.00,0.00,0.00,0.00,,yes,11.1,29,3.081,0,5,0.532,0.388,29,11
35.58,DRY RUN,SCAN,0,,,,,100,0,0,0,38,86,OPTOMOTOR,,0.04,0.17,0.09,0.00,0.00,0.00,0.00,,yes,19.8,29,5.657,0,3,0.430,0.319,29,9
35.63,DRY RUN,SCAN,0,,,,,100,0,0,0,40,86,OPTOMOTOR,,0.11,0.14,0.30,0.00,0.00,0.00,0.00,,yes,20.1,29,3.061,0,8,0.533,0.389,29,11
35.72,DRY RUN,SCAN,0,,,,,100,0,0,0,40,86,OPTOMOTOR,,0.14,0.12,0.40,0.00,0.00,0.00,0.00,,yes,11.2,29,3.023,0,5,0.528,0.386,29,11
35.77,DRY RUN,SCAN,0,,,,,100,0,0,0,39,86,OPTOMOTOR,,0.08,0.11,0.25,0.00,0.00,0.00,0.00,,yes,19.8,29,5.448,0,4,0.498,0.365,29,10
35.82,DRY RUN,SCAN,0,,,,,100,0,0,0,41,86,OPTOMOTOR,,0.05,0.06,0.16,0.00,0.00,0.00,0.00,,yes,19.7,29,3.033,0,6,0.599,0.434,29,12
35.91,DRY RUN,SCAN,0,,,,,100,0,0,0,13,86,OPTOMOTOR,,0.07,0.03,0.11,0.00,0.00,0.00,0.00,,yes,11.2,28,3.073,0,7,0.638,0.449,0,13
36.35,DRY RUN,SCAN,0,,,,,100,0,0,0,7,86,OPTOMOTOR,,0.10,0.03,0.08,0.00,0.00,0.00,0.00,,yes,2.3,29,0.016,6,8,0.369,0.663,0,7
36.80,DRY RUN,SCAN,0,,,,,100,0,0,0,4,86,OPTOMOTOR,,0.11,0.04,0.06,0.00,0.00,0.00,0.00,,yes,2.2,29,-0.147,5,5,0.192,0.764,0,4
37.24,DRY RUN,SCAN,0,,,,,100,0,0,0,15,86,OPTOMOTOR,,0.08,0.04,0.05,0.00,0.00,0.00,0.00,,,2.3,29,0.059,6,8,0.252,0.897,10,5
37.29,DRY RUN,SCAN,0,,,,,100,0,0,0,20,86,OPTOMOTOR,,0.06,0.04,0.03,0.00,0.00,0.00,0.00,,yes,19.7,29,9.298,0,4,0.163,0.667,17,3
37.34,DRY RUN,SCAN,0,,,,,100,0,0,0,27,86,CRUISE,,0.04,0.05,0.03,0.00,0.00,0.00,0.00,,yes,20.1,29,1.796,0,8,0.309,0.571,21,6
37.43,DRY RUN,SCAN,0,,,,,100,0,0,0,30,86,OPTOMOTOR,,0.04,0.03,0.02,0.00,0.00,0.00,0.00,,yes,11.3,29,2.208,0,2,0.282,0.417,24,6
37.48,DRY RUN,SCAN,0,,,,,100,0,0,0,35,86,OPTOMOTOR,,0.04,0.08,0.03,0.00,0.00,0.00,0.00,,yes,19.9,29,4.486,0,5,0.451,0.416,26,9
37.53,DRY RUN,SCAN,0,,,,,100,0,0,0,37,86,OPTOMOTOR,,0.02,0.09,0.04,0.00,0.00,0.00,0.00,,yes,20.0,28,2.724,0,5,0.498,0.386,27,10
37.62,DRY RUN,SCAN,0,,,,,100,0,0,0,39,86,OPTOMOTOR,,0.02,0.09,0.06,0.00,0.00,0.00,0.00,,yes,11.3,28,2.836,0,7,0.564,0.423,28,11
37.67,DRY RUN,SCAN,0,,,,,100,0,0,0,40,86,OPTOMOTOR,,0.03,0.10,0.06,0.00,0.00,0.00,0.00,,yes,19.8,29,5.187,0,5,0.525,0.390,29,11
37.72,DRY RUN,SCAN,0,,,,,100,0,0,0,40,86,OPTOMOTOR,,0.04,0.09,0.06,0.00,0.00,0.00,0.00,,yes,20.1,28,3.061,0,7,0.538,0.396,29,11
37.81,DRY RUN,SCAN,0,,,,,100,0,0,0,39,86,OPTOMOTOR,,0.04,0.09,0.06,0.00,0.00,0.00,0.00,,yes,11.2,29,3.056,0,4,0.482,0.356,29,10
37.86,DRY RUN,SCAN,0,,,,,100,0,0,0,38,86,OPTOMOTOR,,0.04,0.08,0.07,0.00,0.00,0.00,0.00,,yes,19.9,29,5.427,0,5,0.437,0.325,29,9
37.91,DRY RUN,SCAN,0,,,,,100,0,0,0,39,86,OPTOMOTOR,,0.04,0.07,0.08,0.00,0.00,0.00,0.00,,yes,19.8,29,3.039,0,5,0.516,0.378,29,10
38.00,DRY RUN,SCAN,0,,,,,100,0,0,0,40,86,OPTOMOTOR,,0.04,0.07,0.08,0.00,0.00,0.00,0.00,,yes,11.3,29,3.076,0,7,0.574,0.418,29,11
38.05,DRY RUN,SCAN,0,,,,,100,0,0,0,40,86,OPTOMOTOR,,0.03,0.05,0.05,0.00,0.00,0.00,0.00,,yes,19.9,29,5.431,0,5,0.552,0.402,29,11
38.10,DRY RUN,SCAN,0,,,,,100,0,0,0,38,86,OPTOMOTOR,,0.02,0.04,0.04,0.00,0.00,0.00,0.00,,yes,20.1,28,3.046,0,3,0.462,0.341,29,9
38.19,DRY RUN,SCAN,0,,,,,100,0,0,0,37,86,OPTOMOTOR,,0.02,0.03,0.03,0.00,0.00,0.00,0.00,,yes,11.3,29,3.014,0,4,0.384,0.282,29,8
38.24,DRY RUN,SCAN,0,,,,,100,0,0,0,40,86,OPTOMOTOR,,0.02,0.03,0.03,0.00,0.00,0.00,0.00,,yes,19.8,29,5.401,0,7,0.538,0.393,29,11
38.29,DRY RUN,SCAN,0,,,,,100,0,0,0,39,86,OPTOMOTOR,,0.02,0.02,0.04,0.00,0.00,0.00,0.00,,yes,19.9,29,3.093,0,5,0.489,0.359,29,10
38.38,DRY RUN,SCAN,0,,,,,100,0,0,0,38,86,OPTOMOTOR,,0.02,0.02,0.05,0.00,0.00,0.00,0.00,,yes,11.2,28,3.056,0,2,0.462,0.340,29,9
38.43,DRY RUN,SCAN,0,,,,,100,0,0,0,38,86,OPTOMOTOR,,0.03,0.02,0.05,0.00,0.00,0.00,0.00,,yes,19.9,29,5.426,0,6,0.433,0.320,29,9
38.48,DRY RUN,SCAN,0,,,,,100,0,0,0,37,86,OPTOMOTOR,,0.02,0.02,0.04,0.00,0.00,0.00,0.00,,yes,20.0,28,3.064,0,3,0.397,0.295,29,8
38.57,DRY RUN,SCAN,0,,,,,100,0,0,0,37,86,OPTOMOTOR,,0.01,0.02,0.03,0.00,0.00,0.00,0.00,,yes,11.3,28,3.017,0,2,0.392,0.290,29,8
38.62,DRY RUN,SCAN,0,,,,,100,0,0,0,37,86,OPTOMOTOR,,0.01,0.04,0.03,0.00,0.00,0.00,0.00,,yes,19.7,29,5.370,0,5,0.405,0.301,29,8
38.67,DRY RUN,SCAN,0,,,,,100,0,0,0,39,86,OPTOMOTOR,,0.02,0.06,0.03,0.00,0.00,0.00,0.00,,yes,19.9,29,3.079,0,7,0.512,0.375,29,10
38.76,DRY RUN,SCAN,0,,,,,100,0,0,0,41,86,OPTOMOTOR,,0.02,0.11,0.01,0.00,0.00,0.00,0.00,,yes,11.2,29,3.070,0,6,0.586,0.425,29,12
38.81,DRY RUN,SCAN,0,,,,,100,0,0,0,40,86,OPTOMOTOR,,0.02,0.13,0.01,0.00,0.00,0.00,0.00,,yes,19.8,29,5.448,0,4,0.572,0.416,29,11
38.86,DRY RUN,SCAN,0,,,,,100,0,0,0,38,86,OPTOMOTOR,,0.03,0.11,0.00,0.00,0.00,0.00,0.00,,yes,19.9,28,3.098,0,3,0.432,0.320,29,9
38.95,DRY RUN,SCAN,0,,,,,100,0,0,0,39,86,OPTOMOTOR,,0.04,0.08,0.00,0.00,0.00,0.00,0.00,,yes,11.3,29,3.033,0,4,0.506,0.371,29,10
39.00,DRY RUN,SCAN,0,,,,,100,0,0,0,38,86,OPTOMOTOR,,0.05,0.05,0.01,0.00,0.00,0.00,0.00,,yes,19.9,29,5.392,0,3,0.437,0.323,29,9
39.05,DRY RUN,SCAN,0,,,,,100,0,0,0,37,86,OPTOMOTOR,,0.03,0.03,0.04,0.00,0.00,0.00,0.00,,yes,19.9,29,3.049,0,3,0.383,0.282,29,8
39.14,DRY RUN,SCAN,0,,,,,100,0,0,0,39,86,OPTOMOTOR,,0.03,0.01,0.04,0.00,0.00,0.00,0.00,,yes,11.3,28,3.046,0,6,0.489,0.359,29,10
39.19,DRY RUN,SCAN,0,,,,,100,0,0,0,38,86,OPTOMOTOR,,0.02,0.01,0.05,0.00,0.00,0.00,0.00,,yes,20.0,29,5.395,0,5,0.462,0.340,29,9
39.24,DRY RUN,SCAN,0,,,,,100,0,0,0,40,86,OPTOMOTOR,,0.04,0.01,0.03,0.00,0.00,0.00,0.00,,yes,19.7,29,3.058,0,8,0.572,0.416,29,11
39.33,DRY RUN,SCAN,0,,,,,100,0,0,0,36,86,OPTOMOTOR,,0.05,0.01,0.02,0.00,0.00,0.00,0.00,,yes,11.1,29,3.128,0,1,0.368,0.267,29,7
39.38,DRY RUN,SCAN,0,,,,,100,0,0,0,38,86,OPTOMOTOR,,0.05,0.04,0.02,0.00,0.00,0.00,0.00,,yes,19.7,29,5.484,0,6,0.435,0.322,29,9
39.43,DRY RUN,SCAN,0,,,,,100,0,0,0,37,86,OPTOMOTOR,,0.05,0.06,0.03,0.00,0.00,0.00,0.00,,yes,19.9,29,3.105,0,3,0.418,0.310,29,8
39.52,DRY RUN,SCAN,0,,,,,100,0,0,0,38,86,OPTOMOTOR,,0.05,0.11,0.01,0.00,0.00,0.00,0.00,,yes,11.2,29,3.061,0,5,0.443,0.327,29,9
39.57,DRY RUN,SCAN,0,,,,,100,0,0,0,37,86,OPTOMOTOR,,0.04,0.14,0.01,0.00,0.00,0.00,0.00,,yes,19.9,29,5.453,0,3,0.422,0.313,29,8
39.62,DRY RUN,SCAN,0,,,,,100,0,0,0,38,86,OPTOMOTOR,,0.03,0.15,0.03,0.00,0.00,0.00,0.00,,yes,20.0,28,3.070,0,6,0.473,0.348,29,9
39.71,DRY RUN,SCAN,0,,,,,100,0,0,0,37,86,OPTOMOTOR,,0.03,0.28,0.07,0.00,0.00,0.00,0.00,,yes,11.3,28,3.055,0,1,0.425,0.315,29,8
39.76,DRY RUN,SCAN,0,,,,,100,0,0,0,7,86,OPTOMOTOR,,0.02,0.35,0.09,0.00,0.00,0.00,0.00,,yes,19.4,30,5.384,0,2,0.344,0.244,0,7
40.21,DRY RUN,SCAN,0,,,,,100,0,0,0,2,86,OPTOMOTOR,,0.02,0.26,0.10,0.00,0.00,0.00,0.00,,yes,2.2,28,-0.014,5,8,0.124,0.543,0,2
40.66,DRY RUN,SCAN,0,,,,,100,0,0,0,3,86,CRUISE,,0.02,0.21,0.10,0.00,0.00,0.00,0.00,,yes,2.2,30,0.072,6,8,0.150,0.773,0,3
41.11,DRY RUN,SCAN,0,,,,,100,0,0,0,13,86,CRUISE,,0.01,0.12,0.05,0.00,0.00,0.00,0.00,,,2.2,29,-0.059,6,7,0.134,0.883,10,3
41.16,DRY RUN,SCAN,0,,,,,100,0,0,0,22,86,CRUISE,,0.01,0.07,0.03,0.00,0.00,0.00,0.00,,yes,19.5,30,9.396,0,7,0.234,0.702,17,5
41.25,DRY RUN,SCAN,0,,,,,100,0,0,0,27,86,CRUISE,,0.01,0.05,0.02,0.00,0.00,0.00,0.00,,yes,11.1,29,1.837,0,7,0.296,0.571,21,6
41.30,DRY RUN,SCAN,0,,,,,100,0,0,0,30,86,OPTOMOTOR,,0.01,0.03,0.02,0.00,0.00,0.00,0.00,,yes,19.7,29,4.005,0,3,0.321,0.450,24,6
41.35,DRY RUN,SCAN,0,,,,,100,0,0,0,35,86,OPTOMOTOR,,0.03,0.02,0.03,0.00,0.00,0.00,0.00,,yes,20.1,29,2.521,0,7,0.467,0.430,26,9
41.44,DRY RUN,SCAN,0,,,,,100,0,0,0,37,86,OPTOMOTOR,,0.04,0.01,0.04,0.00,0.00,0.00,0.00,,yes,11.2,29,2.724,0,3,0.516,0.399,27,10
41.49,DRY RUN,SCAN,0,,,,,100,0,0,0,39,86,OPTOMOTOR,,0.02,0.01,0.05,0.00,0.00,0.00,0.00,,yes,19.6,30,5.101,0,7,0.574,0.430,28,11
41.54,DRY RUN,SCAN,0,,,,,100,0,0,0,38,86,OPTOMOTOR,,0.01,0.01,0.04,0.00,0.00,0.00,0.00,,yes,19.7,29,3.016,0,2,0.427,0.323,29,9
41.63,DRY RUN,SCAN,0,,,,,100,0,0,0,39,86,OPTOMOTOR,,0.01,0.01,0.04,0.00,0.00,0.00,0.00,,yes,11.2,29,3.091,0,6,0.496,0.368,29,10
41.68,DRY RUN,SCAN,0,,,,,100,0,0,0,36,86,OPTOMOTOR,,0.02,0.01,0.04,0.00,0.00,0.00,0.00,,yes,19.7,29,5.452,0,1,0.352,0.255,29,7
41.73,DRY RUN,SCAN,0,,,,,100,0,0,0,35,86,OPTOMOTOR,,0.02,0.02,0.04,0.00,0.00,0.00,0.00,,yes,19.9,29,3.079,0,1,0.287,0.191,29,6
41.82,DRY RUN,SCAN,0,,,,,100,0,0,0,36,86,OPTOMOTOR,,0.04,0.04,0.02,0.00,0.00,0.00,0.00,,yes,11.3,29,3.081,0,5,0.360,0.260,29,7
41.87,DRY RUN,SCAN,0,,,,,100,0,0,0,36,86,OPTOMOTOR,,0.05,0.08,0.01,0.00,0.00,0.00,0.00,,yes,19.9,29,5.390,0,2,0.356,0.256,29,7
41.92,DRY RUN,SCAN,0,,,,,100,0,0,0,36,86,OPTOMOTOR,,0.05,0.11,0.02,0.00,0.00,0.00,0.00,,yes,19.8,29,3.032,0,6,0.374,0.273,29,7
42.01,DRY RUN,SCAN,0,,,,,100,0,0,0,39,86,OPTOMOTOR,,0.05,0.12,0.03,0.00,0.00,0.00,0.00,,yes,11.2,28,3.060,0,7,0.488,0.359,29,10
42.06,DRY RUN,SCAN,0,,,,,100,0,0,0,38,86,OPTOMOTOR,,0.05,0.10,0.03,0.00,0.00,0.00,0.00,,yes,19.7,29,5.451,0,3,0.469,0.345,29,9
42.11,DRY RUN,SCAN,0,,,,,100,0,0,0,37,86,OPTOMOTOR,,0.05,0.09,0.02,0.00,0.00,0.00,0.00,,yes,20.0,28,3.090,0,1,0.402,0.299,29,8
42.20,DRY RUN,SCAN,0,,,,,100,0,0,0,37,86,OPTOMOTOR,,0.05,0.08,0.01,0.00,0.00,0.00,0.00,,yes,11.3,29,3.033,0,5,0.379,0.278,29,8
42.25,DRY RUN,SCAN,0,,,,,100,0,0,0,36,86,OPTOMOTOR,,0.04,0.08,0.01,0.00,0.00,0.00,0.00,,yes,19.9,29,5.407,0,3,0.357,0.257,29,7
42.30,DRY RUN,SCAN,0,,,,,100,0,0,0,38,86,OPTOMOTOR,,0.03,0.07,0.01,0.00,0.00,0.00,0.00,,yes,20.1,28,3.055,0,5,0.461,0.340,29,9
42.39,DRY RUN,SCAN,0,,,,,100,0,0,0,37,86,OPTOMOTOR,,0.02,0.05,0.01,0.00,0.00,0.00,0.00,,yes,11.3,29,2.996,0,4,0.419,0.310,29,8
42.44,DRY RUN,SCAN,0,,,,,100,0,0,0,38,86,OPTOMOTOR,,0.03,0.04,0.03,0.00,0.00,0.00,0.00,,yes,19.8,29,5.408,0,7,0.436,0.323,29,9
42.49,DRY RUN,SCAN,0,,,,,100,0,0,0,37,86,OPTOMOTOR,,0.03,0.03,0.06,0.00,0.00,0.00,0.00,,yes,20.0,28,3.084,0,3,0.418,0.310,29,8
42.58,DRY RUN,SCAN,0,,,,,100,0,0,0,37,86,OPTOMOTOR,,0.03,0.06,0.06,0.00,0.00,0.00,0.00,,yes,11.2,28,3.040,0,2,0.386,0.284,29,8
42.63,DRY RUN,SCAN,0,,,,,100,0,0,0,35,86,OPTOMOTOR,,0.02,0.07,0.06,0.00,0.00,0.00,0.00,,yes,19.9,29,5.409,0,2,0.311,0.212,29,6
42.68,DRY RUN,SCAN,0,,,,,100,0,0,0,38,86,OPTOMOTOR,,0.01,0.07,0.05,0.00,0.00,0.00,0.00,,yes,20.0,28,3.059,0,7,0.460,0.339,29,9
42.76,DRY RUN,SCAN,0,,,,,100,0,0,0,37,86,OPTOMOTOR,,0.02,0.08,0.03,0.00,0.00,0.00,0.00,,yes,11.3,28,3.079,0,5,0.425,0.315,29,8
42.82,DRY RUN,SCAN,0,,,,,100,0,0,0,37,86,OPTOMOTOR,,0.03,0.08,0.02,0.00,0.00,0.00,0.00,,yes,19.9,29,5.401,0,1,0.399,0.296,29,8
42.87,DRY RUN,SCAN,0,,,,,100,0,0,0,39,86,OPTOMOTOR,,0.04,0.08,0.02,0.00,0.00,0.00,0.00,,yes,19.9,29,3.043,0,6,0.501,0.367,29,10
42.95,DRY RUN,SCAN,0,,,,,100,0,0,0,39,86,OPTOMOTOR,,0.05,0.07,0.05,0.00,0.00,0.00,0.00,,yes,11.3,28,3.051,0,5,0.489,0.359,29,10
43.00,DRY RUN,SCAN,0,,,,,100,0,0,0,37,86,OPTOMOTOR,,0.05,0.04,0.06,0.00,0.00,0.00,0.00,,yes,19.8,28,5.429,0,4,0.395,0.293,29,8
43.05,DRY RUN,SCAN,0,,,,,100,0,0,0,37,86,OPTOMOTOR,,0.05,0.02,0.05,0.00,0.00,0.00,0.00,,yes,20.0,29,3.097,0,4,0.422,0.313,29,8
43.14,DRY RUN,SCAN,0,,,,,100,0,0,0,36,86,OPTOMOTOR,,0.05,0.05,0.04,0.00,0.00,0.00,0.00,,yes,11.2,28,3.033,0,2,0.342,0.243,29,7
43.19,DRY RUN,SCAN,0,,,,,100,0,0,0,36,86,OPTOMOTOR,,0.05,0.07,0.04,0.00,0.00,0.00,0.00,,yes,19.9,29,5.387,0,5,0.361,0.261,29,7
43.25,DRY RUN,SCAN,0,,,,,100,0,0,0,36,86,OPTOMOTOR,,0.04,0.08,0.03,0.00,0.00,0.00,0.00,,yes,16.3,28,3.797,0,4,0.352,0.251,29,7
43.34,DRY RUN,SCAN,0,,,,,100,0,0,0,37,86,OPTOMOTOR,,0.03,0.11,0.03,0.00,0.00,0.00,0.00,,yes,11.3,28,3.054,0,7,0.391,0.289,29,8
43.39,DRY RUN,SCAN,0,,,,,100,0,0,0,37,86,OPTOMOTOR,,0.03,0.09,0.02,0.00,0.00,0.00,0.00,,yes,19.8,29,5.383,0,6,0.412,0.306,29,8
43.44,DRY RUN,SCAN,0,,,,,100,0,0,0,36,86,OPTOMOTOR,,0.03,0.08,0.02,0.00,0.00,0.00,0.00,,yes,20.1,28,3.040,0,3,0.358,0.258,29,7
43.53,DRY RUN,SCAN,0,,,,,100,0,0,0,36,86,OPTOMOTOR,,0.03,0.06,0.03,0.00,0.00,0.00,0.00,,yes,11.3,28,3.045,0,5,0.355,0.255,29,7
43.58,DRY RUN,SCAN,0,,,,,100,0,0,0,36,86,OPTOMOTOR,,0.05,0.04,0.04,0.00,0.00,0.00,0.00,,yes,19.9,29,5.452,0,5,0.368,0.267,29,7
43.63,DRY RUN,SCAN,0,,,,,100,0,0,0,9,86,OPTOMOTOR,,0.06,0.04,0.03,0.00,0.00,0.00,0.00,,yes,19.2,29,3.045,0,5,0.449,0.332,0,9
44.08,DRY RUN,SCAN,0,,,,,100,0,0,0,4,86,OPTOMOTOR,,0.07,0.06,0.03,0.00,0.00,0.00,0.00,,yes,2.2,29,-0.061,6,8,0.176,0.611,0,4
44.53,DRY RUN,SCAN,0,,,,,100,0,0,0,3,86,CRUISE,,0.04,0.07,0.02,0.00,0.00,0.00,0.00,,yes,2.2,30,0.072,6,7,0.140,0.764,0,3
44.98,DRY RUN,SCAN,0,,,,,100,0,0,0,12,86,CRUISE,,0.02,0.06,0.01,0.00,0.00,0.00,0.00,,,2.2,29,-0.011,5,8,0.119,0.849,10,2
45.07,DRY RUN,SCAN,0,,,,,100,0,0,0,17,86,CRUISE,,0.01,0.05,0.00,0.00,0.00,0.00,0.00,,yes,11.1,29,9.298,0,1,0.019,0.626,17,0
45.12,DRY RUN,SCAN,0,,,,,100,0,0,0,26,86,CRUISE,,0.01,0.05,0.00,0.00,0.00,0.00,0.00,,yes,19.5,30,3.285,0,6,0.234,0.567,21,5
45.17,DRY RUN,SCAN,0,,,,,100,0,0,0,30,86,OPTOMOTOR,,0.02,0.07,0.02,0.00,0.00,0.00,0.00,,yes,19.8,29,2.252,0,5,0.289,0.443,24,6
45.26,DRY RUN,SCAN,0,,,,,100,0,0,0,35,86,OPTOMOTOR,,0.03,0.10,0.07,0.00,0.00,0.00,0.00,,yes,11.2,29,2.503,0,5,0.429,0.416,26,9
45.31,DRY RUN,SCAN,0,,,,,100,0,0,0,35,86,OPTOMOTOR,,0.03,0.11,0.09,0.00,0.00,0.00,0.00,,yes,19.6,29,4.942,0,4,0.423,0.339,27,8
45.36,DRY RUN,SCAN,0,,,,,100,0,0,0,38,86,OPTOMOTOR,,0.02,0.11,0.09,0.00,0.00,0.00,0.00,,yes,19.8,29,2.876,0,7,0.482,0.367,28,10
45.45,DRY RUN,SCAN,0,,,,,100,0,0,0,40,86,OPTOMOTOR,,0.02,0.11,0.07,0.00,0.00,0.00,0.00,,yes,11.1,29,2.950,0,5,0.541,0.402,29,11
45.50,DRY RUN,SCAN,0,,,,,100,0,0,0,38,86,OPTOMOTOR,,0.02,0.07,0.06,0.00,0.00,0.00,0.00,,yes,19.6,29,5.452,0,3,0.457,0.341,29,9
45.55,DRY RUN,SCAN,0,,,,,100,0,0,0,38,86,OPTOMOTOR,,0.02,0.05,0.05,0.00,0.00,0.00,0.00,,yes,19.9,29,3.074,0,2,0.444,0.330,29,9
45.64,DRY RUN,SCAN,0,,,,,100,0,0,0,37,86,OPTOMOTOR,,0.02,0.11,0.07,0.00,0.00,0.00,0.00,,yes,11.1,29,3.046,0,1,0.409,0.305,29,8
45.70,DRY RUN,SCAN,0,,,,,100,0,0,0,38,86,OPTOMOTOR,,0.02,0.14,0.08,0.00,0.00,0.00,0.00,,yes,19.9,29,5.530,0,6,0.444,0.329,29,9
45.75,DRY RUN,SCAN,0,,,,,100,0,0,0,40,86,OPTOMOTOR,,0.02,0.17,0.07,0.00,0.00,0.00,0.00,,yes,19.8,29,3.063,0,7,0.555,0.405,29,11
45.83,DRY RUN,SCAN,0,,,,,100,0,0,0,38,86,OPTOMOTOR,,0.05,0.19,0.06,0.00,0.00,0.00,0.00,,yes,11.2,29,3.101,0,2,0.436,0.323,29,9
45.88,DRY RUN,SCAN,0,,,,,100,0,0,0,39,86,OPTOMOTOR,,0.07,0.20,0.06,0.00,0.00,0.00,0.00,,yes,19.8,29,5.437,0,7,0.509,0.373,29,10
45.94,DRY RUN,SCAN,0,,,,,100,0,0,0,39,86,OPTOMOTOR,,0.07,0.21,0.05,0.00,0.00,0.00,0.00,,yes,20.0,29,3.057,0,7,0.487,0.357,29,10
46.02,DRY RUN,SCAN,0,,,,,100,0,0,0,37,86,OPTOMOTOR,,0.06,0.18,0.04,0.00,0.00,0.00,0.00,,yes,11.3,28,3.032,0,3,0.389,0.287,29,8
46.07,DRY RUN,SCAN,0,,,,,100,0,0,0,37,86,OPTOMOTOR,,0.05,0.16,0.04,0.00,0.00,0.00,0.00,,yes,19.8,29,5.393,0,6,0.392,0.290,29,8
46.12,DRY RUN,SCAN,0,,,,,100,0,0,0,36,86,OPTOMOTOR,,0.04,0.15,0.04,0.00,0.00,0.00,0.00,,yes,19.8,29,3.126,0,4,0.369,0.268,29,7
46.21,DRY RUN,SCAN,0,,,,,100,0,0,0,36,86,OPTOMOTOR,,0.04,0.12,0.04,0.00,0.00,0.00,0.00,,yes,11.3,29,3.039,0,1,0.326,0.227,29,7
46.26,DRY RUN,SCAN,0,,,,,100,0,0,0,37,86,OPTOMOTOR,,0.04,0.10,0.04,0.00,0.00,0.00,0.00,,yes,19.8,29,5.427,0,7,0.392,0.290,29,8
46.31,DRY RUN,SCAN,0,,,,,100,0,0,0,38,86,OPTOMOTOR,,0.07,0.06,0.04,0.00,0.00,0.00,0.00,,yes,19.9,29,3.038,0,5,0.447,0.330,29,9
46.40,DRY RUN,SCAN,0,,,,,100,0,0,0,37,86,OPTOMOTOR,,0.09,0.03,0.04,0.00,0.00,0.00,0.00,,yes,11.3,28,3.065,0,2,0.398,0.295,29,8
46.45,DRY RUN,SCAN,0,,,,,100,0,0,0,39,86,OPTOMOTOR,,0.08,0.02,0.02,0.00,0.00,0.00,0.00,,yes,19.8,29,5.418,0,7,0.507,0.371,29,10
46.50,DRY RUN,SCAN,0,,,,,100,0,0,0,37,86,OPTOMOTOR,,0.05,0.03,0.01,0.00,0.00,0.00,0.00,,yes,20.0,28,3.069,0,3,0.397,0.295,29,8
46.59,DRY RUN,SCAN,0,,,,,100,0,0,0,38,86,OPTOMOTOR,,0.04,0.04,0.02,0.00,0.00,0.00,0.00,,yes,11.2,28,3.043,0,6,0.437,0.323,29,9
46.64,DRY RUN,SCAN,0,,,,,100,0,0,0,37,86,OPTOMOTOR,,0.03,0.03,0.02,0.00,0.00,0.00,0.00,,yes,19.7,29,5.433,0,3,0.384,0.282,29,8
46.69,DRY RUN,SCAN,0,,,,,100,0,0,0,36,86,OPTOMOTOR,,0.03,0.03,0.02,0.00,0.00,0.00,0.00,,yes,20.0,28,3.048,0,2,0.339,0.240,29,7
46.78,DRY RUN,SCAN,0,,,,,100,0,0,0,35,86,OPTOMOTOR,,0.02,0.03,0.01,0.00,0.00,0.00,0.00,,yes,11.3,28,3.010,0,1,0.294,0.197,29,6
46.83,DRY RUN,SCAN,0,,,,,100,0,0,0,36,86,OPTOMOTOR,,0.01,0.05,0.01,0.00,0.00,0.00,0.00,,yes,19.9,29,5.399,0,4,0.344,0.244,29,7
46.88,DRY RUN,SCAN,0,,,,,100,0,0,0,36,86,OPTOMOTOR,,0.01,0.06,0.01,0.00,0.00,0.00,0.00,,yes,20.0,29,3.068,0,4,0.357,0.257,29,7
46.97,DRY RUN,SCAN,0,,,,,100,0,0,0,38,86,OPTOMOTOR,,0.03,0.13,0.02,0.00,0.00,0.00,0.00,,yes,11.3,28,3.063,0,6,0.469,0.345,29,9
47.02,DRY RUN,SCAN,0,,,,,100,0,0,0,36,86,OPTOMOTOR,,0.04,0.16,0.03,0.00,0.00,0.00,0.00,,yes,19.8,29,5.363,0,2,0.361,0.261,29,7
47.07,DRY RUN,SCAN,0,,,,,100,0,0,0,37,86,OPTOMOTOR,,0.04,0.26,0.02,0.00,0.00,0.00,0.00,,yes,19.9,28,3.058,0,5,0.387,0.285,29,8
47.16,DRY RUN,SCAN,0,,,,,100,0,0,0,39,86,OPTOMOTOR,,0.04,0.31,0.01,0.00,0.00,0.00,0.00,,yes,11.1,28,3.033,0,7,0.499,0.365,29,10
47.21,DRY RUN,SCAN,0,,,,,100,0,0,0,41,86,OPTOMOTOR,,0.05,0.32,0.01,0.00,0.00,0.00,0.00,,yes,19.9,29,5.473,0,8,0.592,0.444,29,12
47.26,DRY RUN,SCAN,0,,,,,100,0,0,0,39,86,OPTOMOTOR,,0.06,0.27,0.01,0.00,0.00,0.00,0.00,,yes,19.9,29,3.072,0,4,0.513,0.398,29,10
47.35,DRY RUN,SCAN,0,,,,,100,0,0,0,39,86,OPTOMOTOR,,0.08,0.22,0.03,0.00,0.00,0.00,0.00,,yes,11.3,28,3.047,0,5,0.496,0.376,29,10
47.40,DRY RUN,SCAN,0,,,,,100,0,0,0,40,86,OPTOMOTOR,,0.09,0.13,0.03,0.00,0.00,0.00,0.00,,yes,19.8,29,5.429,0,5,0.528,0.393,29,11
47.45,DRY RUN,SCAN,0,,,,,100,0,0,0,39,86,OPTOMOTOR,,0.07,0.08,0.04,0.00,0.00,0.00,0.00,,yes,20.1,28,3.058,0,6,0.512,0.379,29,10
47.54,DRY RUN,SCAN,0,,,,,100,0,0,0,9,86,OPTOMOTOR,,0.06,0.06,0.06,0.00,0.00,0.00,0.00,,yes,11.3,29,2.993,0,3,0.440,0.327,0,9
47.98,DRY RUN,SCAN,0,,,,,100,0,0,0,5,86,OPTOMOTOR,,0.07,0.10,0.07,0.00,0.00,0.00,0.00,,yes,2.3,29,0.116,6,7,0.250,0.532,0,5
48.43,DRY RUN,SCAN,0,,,,,100,0,0,0,4,86,OPTOMOTOR,,0.07,0.12,0.07,0.00,0.00,0.00,0.00,,yes,2.2,30,-0.039,5,7,0.210,0.715,0,4
48.88,DRY RUN,SCAN,0,,,,,100,0,0,0,13,86,CRUISE,,0.05,0.15,0.07,0.00,0.00,0.00,0.00,,,2.2,30,0.128,5,8,0.171,0.822,10,3
48.93,DRY RUN,SCAN,0,,,,,100,0,0,0,25,86,OPTOMOTOR,,0.03,0.17,0.07,0.00,0.00,0.00,0.00,,yes,19.4,30,9.769,0,7,0.382,0.710,17,8
48.98,DRY RUN,SCAN,0,,,,,100,0,0,0,31,86,OPTOMOTOR,,0.03,0.18,0.18,0.00,0.00,0.00,0.00,,yes,19.6,29,1.794,0,7,0.504,0.619,21,10
49.07,DRY RUN,SCAN,0,,,,,100,0,0,0,33,86,OPTOMOTOR,,0.04,0.18,0.23,0.00,0.00,0.00,0.00,,yes,11.0,29,2.242,0,5,0.425,0.487,24,9
49.12,DRY RUN,SCAN,0,,,,,100,0,0,0,37,86,OPTOMOTOR,,0.04,0.13,0.21,0.00,0.00,0.00,0.00,,yes,19.6,29,4.611,0,6,0.566,0.474,26,11
49.17,DRY RUN,SCAN,0,,,,,100,0,0,0,37,86,OPTOMOTOR,,0.04,0.10,0.11,0.00,0.00,0.00,0.00,,yes,19.6,29,2.764,0,5,0.487,0.376,27,10
49.26,DRY RUN,SCAN,0,,,,,100,0,0,0,36,86,OPTOMOTOR,,0.05,0.09,0.06,0.00,0.00,0.00,0.00,,yes,11.1,29,2.800,0,3,0.389,0.298,28,8
49.31,DRY RUN,SCAN,0,,,,,100,0,0,0,36,86,OPTOMOTOR,,0.05,0.07,0.06,0.00,0.00,0.00,0.00,,yes,19.7,29,5.270,0,2,0.357,0.263,29,7
49.36,DRY RUN,SCAN,0,,,,,100,0,0,0,35,86,OPTOMOTOR,,0.05,0.06,0.08,0.00,0.00,0.00,0.00,,yes,19.9,29,3.111,0,2,0.309,0.215,29,6
49.45,DRY RUN,SCAN,0,,,,,100,0,0,0,36,86,OPTOMOTOR,,0.05,0.06,0.07,0.00,0.00,0.00,0.00,,yes,11.1,29,3.061,0,4,0.368,0.269,29,7
49.51,DRY RUN,SCAN,0,,,,,100,0,0,0,36,86,OPTOMOTOR,,0.05,0.08,0.06,0.00,0.00,0.00,0.00,,yes,19.4,29,5.443,0,1,0.355,0.256,29,7
49.56,DRY RUN,SCAN,0,,,,,100,0,0,0,36,86,OPTOMOTOR,,0.05,0.11,0.03,0.00,0.00,0.00,0.00,,yes,19.9,29,3.091,0,4,0.348,0.249,29,7
49.65,DRY RUN,SCAN,0,,,,,100,0,0,0,37,86,OPTOMOTOR,,0.05,0.13,0.02,0.00,0.00,0.00,0.00,,yes,11.0,29,3.057,0,5,0.379,0.278,29,8
49.70,DRY RUN,SCAN,0,,,,,100,0,0,0,38,86,OPTOMOTOR,,0.06,0.11,0.02,0.00,0.00,0.00,0.00,,yes,19.6,29,5.517,0,6,0.444,0.328,29,9
49.75,DRY RUN,SCAN,0,,,,,100,0,0,0,38,86,OPTOMOTOR,,0.05,0.10,0.03,0.00,0.00,0.00,0.00,,yes,19.7,29,3.031,0,5,0.437,0.323,29,9
49.84,DRY RUN,SCAN,0,,,,,100,0,0,0,36,86,OPTOMOTOR,,0.04,0.20,0.03,0.00,0.00,0.00,0.00,,yes,11.2,29,3.053,0,1,0.373,0.272,29,7
49.89,DRY RUN,SCAN,0,,,,,100,0,0,0,37,86,OPTOMOTOR,,0.03,0.24,0.01,0.00,0.00,0.00,0.00,,yes,19.7,29,5.467,0,4,0.405,0.301,29,8
49.94,DRY RUN,SCAN,0,,,,,100,0,0,0,40,86,OPTOMOTOR,,0.06,0.27,0.01,0.00,0.00,0.00,0.00,,yes,19.9,29,3.073,0,8,0.540,0.394,29,11
50.03,DRY RUN,SCAN,0,,,,,100,0,0,0,37,86,OPTOMOTOR,,0.07,0.26,0.00,0.00,0.00,0.00,0.00,,yes,11.3,29,2.989,0,3,0.414,0.307,29,8
50.08,DRY RUN,SCAN,0,,,,,100,0,0,0,37,86,OPTOMOTOR,,0.07,0.20,0.00,0.00,0.00,0.00,0.00,,yes,19.8,29,5.380,0,2,0.399,0.297,29,8
50.13,DRY RUN,SCAN,0,,,,,100,0,0,0,38,86,OPTOMOTOR,,0.07,0.17,0.00,0.00,0.00,0.00,0.00,,yes,19.9,29,3.122,0,4,0.425,0.315,29,9
50.22,DRY RUN,SCAN,0,,,,,100,0,0,0,39,86,OPTOMOTOR,,0.06,0.20,0.00,0.00,0.00,0.00,0.00,,yes,11.2,29,3.072,0,4,0.481,0.354,29,10
50.27,DRY RUN,SCAN,0,,,,,100,0,0,0,37,86,OPTOMOTOR,,0.05,0.22,0.00,0.00,0.00,0.00,0.00,,yes,19.7,29,5.428,0,3,0.423,0.313,29,8
50.32,DRY RUN,SCAN,0,,,,,100,0,0,0,38,86,OPTOMOTOR,,0.03,0.23,0.00,0.00,0.00,0.00,0.00,,yes,19.9,29,3.024,0,7,0.459,0.339,29,9
50.41,DRY RUN,SCAN,0,,,,,100,0,0,0,40,86,OPTOMOTOR,,0.02,0.22,0.00,0.00,0.00,0.00,0.00,,yes,11.2,28,3.069,0,6,0.535,0.391,29,11
50.46,DRY RUN,SCAN,0,,,,,100,0,0,0,39,86,OPTOMOTOR,,0.04,0.22,0.02,0.00,0.00,0.00,0.00,,yes,19.7,29,5.440,0,2,0.488,0.358,29,10
50.51,DRY RUN,SCAN,0,,,,,100,0,0,0,39,86,OPTOMOTOR,,0.04,0.12,0.05,0.00,0.00,0.00,0.00,,yes,19.9,29,3.043,0,4,0.496,0.364,29,10
50.60,DRY RUN,SCAN,0,,,,,100,0,0,0,37,86,OPTOMOTOR,,0.04,0.07,0.06,0.00,0.00,0.00,0.00,,yes,11.3,29,3.037,0,3,0.377,0.276,29,8
50.65,DRY RUN,SCAN,0,,,,,100,0,0,0,38,86,OPTOMOTOR,,0.04,0.05,0.07,0.00,0.00,0.00,0.00,,yes,19.7,29,5.429,0,5,0.457,0.337,29,9
50.70,DRY RUN,SCAN,0,,,,,100,0,0,0,38,86,OPTOMOTOR,,0.04,0.10,0.08,0.00,0.00,0.00,0.00,,yes,19.9,29,3.091,0,4,0.437,0.323,29,9
50.79,DRY RUN,SCAN,0,,,,,100,0,0,0,39,86,OPTOMOTOR,,0.05,0.14,0.08,0.00,0.00,0.00,0.00,,yes,11.3,28,3.038,0,5,0.516,0.377,29,10
50.84,DRY RUN,SCAN,0,,,,,100,0,0,0,38,86,OPTOMOTOR,,0.04,0.15,0.07,0.00,0.00,0.00,0.00,,yes,19.8,29,5.418,0,3,0.463,0.341,29,9
50.89,DRY RUN,SCAN,0,,,,,100,0,0,0,39,86,OPTOMOTOR,,0.04,0.15,0.07,0.00,0.00,0.00,0.00,,yes,20.0,29,3.088,0,8,0.489,0.359,29,10
50.98,DRY RUN,SCAN,0,,,,,100,0,0,0,37,86,OPTOMOTOR,,0.04,0.15,0.07,0.00,0.00,0.00,0.00,,yes,11.2,29,3.072,0,2,0.420,0.312,29,8
51.03,DRY RUN,SCAN,0,,,,,100,0,0,0,36,86,OPTOMOTOR,,0.03,0.18,0.05,0.00,0.00,0.00,0.00,,yes,19.9,29,5.469,0,2,0.342,0.242,29,7
51.08,DRY RUN,SCAN,0,,,,,100,0,0,0,38,86,OPTOMOTOR,,0.03,0.19,0.05,0.00,0.00,0.00,0.00,,yes,20.0,29,3.057,0,7,0.443,0.327,29,9
51.17,DRY RUN,SCAN,0,,,,,100,0,0,0,37,86,OPTOMOTOR,,0.04,0.18,0.06,0.00,0.00,0.00,0.00,,yes,11.3,28,3.045,0,4,0.408,0.303,29,8
51.22,DRY RUN,SCAN,0,,,,,100,0,0,0,37,86,OPTOMOTOR,,0.05,0.17,0.07,0.00,0.00,0.00,0.00,,yes,19.8,29,5.414,0,4,0.377,0.276,29,8
51.27,DRY RUN,SCAN,0,,,,,100,0,0,0,38,86,OPTOMOTOR,,0.06,0.18,0.07,0.00,0.00,0.00,0.00,,yes,20.0,29,3.083,0,6,0.442,0.327,29,9
51.36,DRY RUN,SCAN,0,,,,,100,0,0,0,39,86,OPTOMOTOR,,0.06,0.19,0.06,0.00,0.00,0.00,0.00,,yes,11.2,29,3.067,0,7,0.512,0.375,29,10
51.41,DRY RUN,SCAN,0,,,,,100,0,0,0,7,86,OPTOMOTOR,,0.08,0.18,0.05,0.00,0.00,0.00,0.00,,yes,19.8,29,5.442,0,2,0.364,0.263,0,7
51.85,DRY RUN,SCAN,0,,,,,100,0,0,0,4,86,OPTOMOTOR,,0.08,0.14,0.06,0.00,0.00,0.00,0.00,,yes,2.3,29,-0.024,5,8,0.205,0.525,0,4
52.30,DRY RUN,SCAN,0,,,,,100,0,0,0,2,86,CRUISE,,0.09,0.11,0.04,0.00,0.00,0.00,0.00,,yes,2.2,29,-0.055,6,8,0.112,0.734,0,2
52.75,DRY RUN,SCAN,0,,,,,100,0,0,0,12,86,CRUISE,,0.05,0.07,0.02,0.00,0.00,0.00,0.00,,,2.2,29,0.024,6,8,0.115,0.866,10,2
52.80,DRY RUN,SCAN,0,,,,,100,0,0,0,19,86,CRUISE,,0.03,0.06,0.01,0.00,0.00,0.00,0.00,,yes,19.5,30,9.492,0,4,0.098,0.664,17,2
52.89,DRY RUN,SCAN,0,,,,,100,0,0,0,25,86,CRUISE,,0.03,0.07,0.01,0.00,0.00,0.00,0.00,,yes,11.2,29,1.805,0,6,0.199,0.531,21,4
52.94,DRY RUN,SCAN,0,,,,,100,0,0,0,29,86,OPTOMOTOR,,0.06,0.09,0.01,0.00,0.00,0.00,0.00,,yes,19.4,30,3.942,0,2,0.269,0.423,24,5
52.99,DRY RUN,SCAN,0,,,,,100,0,0,0,33,86,OPTOMOTOR,,0.07,0.11,0.01,0.00,0.00,0.00,0.00,,yes,19.8,29,2.585,0,2,0.337,0.347,26,7
53.08,DRY RUN,SCAN,0,,,,,100,0,0,0,36,86,OPTOMOTOR,,0.08,0.11,0.02,0.00,0.00,0.00,0.00,,yes,11.1,29,2.781,0,6,0.468,0.367,27,9
53.13,DRY RUN,SCAN,0,,,,,100,0,0,0,36,86,OPTOMOTOR,,0.07,0.12,0.01,0.00,0.00,0.00,0.00,,yes,19.6,29,5.015,0,4,0.422,0.326,28,8
53.18,DRY RUN,SCAN,0,,,,,100,0,0,0,39,86,OPTOMOTOR,,0.08,0.42,0.02,0.00,0.00,0.00,0.00,,yes,19.8,29,3.038,0,6,0.494,0.369,29,10
53.27,DRY RUN,SCAN,0,,,,,100,0,0,0,38,86,OPTOMOTOR,,0.06,0.56,0.03,0.00,0.00,0.00,0.00,,yes,11.3,29,3.018,0,6,0.472,0.351,29,9
53.32,DRY RUN,SCAN,0,,,,,100,0,0,0,38,86,OPTOMOTOR,,0.04,0.44,0.04,0.00,0.00,0.00,0.00,,yes,19.8,29,5.410,0,3,0.438,0.326,29,9
53.37,DRY RUN,SCAN,0,,,,,100,0,0,0,36,86,OPTOMOTOR,,0.03,0.27,0.09,0.00,0.00,0.00,0.00,,yes,20.0,28,3.059,0,3,0.354,0.255,29,7
53.46,DRY RUN,SCAN,0,,,,,100,0,0,0,36,86,OPTOMOTOR,,0.02,0.18,0.07,0.00,0.00,0.00,0.00,,yes,11.2,29,3.028,0,2,0.338,0.239,29,7
53.51,DRY RUN,SCAN,0,,,,,100,0,0,0,37,86,OPTOMOTOR,,0.02,0.12,0.06,0.00,0.00,0.00,0.00,,yes,19.7,29,5.405,0,6,0.393,0.292,29,8
53.56,DRY RUN,SCAN,0,,,,,100,0,0,0,39,86,OPTOMOTOR,,0.02,0.08,0.05,0.00,0.00,0.00,0.00,,yes,19.9,29,3.102,0,8,0.511,0.374,29,10
53.65,DRY RUN,SCAN,0,,,,,100,0,0,0,40,86,OPTOMOTOR,,0.02,0.06,0.05,0.00,0.00,0.00,0.00,,yes,10.7,29,3.083,0,6,0.564,0.411,29,11
53.71,DRY RUN,SCAN,0,,,,,100,0,0,0,38,86,OPTOMOTOR,,0.02,0.04,0.03,0.00,0.00,0.00,0.00,,yes,19.7,29,5.724,0,2,0.463,0.341,29,9
53.76,DRY RUN,SCAN,0,,,,,100,0,0,0,38,86,OPTOMOTOR,,0.02,0.03,0.02,0.00,0.00,0.00,0.00,,yes,19.6,29,3.139,0,4,0.461,0.340,29,9
53.85,DRY RUN,SCAN,0,,,,,100,0,0,0,39,86,OPTOMOTOR,,0.02,0.05,0.03,0.00,0.00,0.00,0.00,,yes,11.2,29,3.041,0,5,0.488,0.358,29,10
53.90,DRY RUN,SCAN,0,,,,,100,0,0,0,38,86,OPTOMOTOR,,0.01,0.11,0.04,0.00,0.00,0.00,0.00,,yes,19.7,29,5.462,0,5,0.461,0.340,29,9
53.95,DRY RUN,SCAN,0,,,,,100,0,0,0,39,86,OPTOMOTOR,,0.01,0.16,0.02,0.00,0.00,0.00,0.00,,yes,19.9,29,3.029,0,6,0.495,0.363,29,10
54.03,DRY RUN,SCAN,0,,,,,100,0,0,0,39,86,OPTOMOTOR,,0.03,0.44,0.02,0.00,0.00,0.00,0.00,,yes,11.3,29,3.055,0,5,0.507,0.371,29,10
54.09,DRY RUN,SCAN,0,,,,,100,0,0,0,37,86,OPTOMOTOR,,0.04,0.58,0.02,0.00,0.00,0.00,0.00,,yes,19.9,29,5.453,0,1,0.402,0.299,29,8
54.14,DRY RUN,SCAN,0,,,,,100,0,0,0,38,86,OPTOMOTOR,,0.04,0.38,0.02,0.00,0.00,0.00,0.00,,yes,19.8,29,3.082,0,4,0.427,0.316,29,9
54.22,DRY RUN,SCAN,0,,,,,100,0,0,0,38,86,OPTOMOTOR,,0.03,0.26,0.02,0.00,0.00,0.00,0.00,,yes,11.3,28,3.043,0,5,0.469,0.345,29,9
54.28,DRY RUN,SCAN,0,,,,,100,0,0,0,37,86,OPTOMOTOR,,0.03,0.20,0.04,0.00,0.00,0.00,0.00,,yes,19.5,29,5.424,0,4,0.386,0.285,29,8
54.33,DRY RUN,SCAN,0,,,,,100,0,0,0,37,86,OPTOMOTOR,,0.02,0.12,0.09,0.00,0.00,0.00,0.00,,yes,19.9,29,3.109,0,2,0.386,0.284,29,8
54.42,DRY RUN,SCAN,0,,,,,100,0,0,0,37,86,OPTOMOTOR,,0.04,0.08,0.11,0.00,0.00,0.00,0.00,,yes,11.2,29,3.073,0,2,0.401,0.298,29,8
54.47,DRY RUN,SCAN,0,,,,,100,0,0,0,37,86,OPTOMOTOR,,0.05,0.13,0.07,0.00,0.00,0.00,0.00,,yes,19.7,29,5.479,0,4,0.389,0.287,29,8
54.52,DRY RUN,SCAN,0,,,,,100,0,0,0,39,86,OPTOMOTOR,,0.04,0.19,0.06,0.00,0.00,0.00,0.00,,yes,19.9,29,3.099,0,6,0.514,0.376,29,10
54.61,DRY RUN,SCAN,0,,,,,100,0,0,0,39,86,OPTOMOTOR,,0.04,0.22,0.07,0.00,0.00,0.00,0.00,,yes,11.2,29,3.077,0,5,0.497,0.364,29,10
54.66,DRY RUN,SCAN,0,,,,,100,0,0,0,38,86,OPTOMOTOR,,0.07,0.19,0.08,0.00,0.00,0.00,0.00,,yes,19.7,29,5.530,0,4,0.459,0.338,29,9
54.71,DRY RUN,SCAN,0,,,,,100,0,0,0,37,86,OPTOMOTOR,,0.11,0.17,0.06,0.00,0.00,0.00,0.00,,yes,19.8,29,3.109,0,4,0.417,0.310,29,8
54.80,DRY RUN,SCAN,0,,,,,100,0,0,0,36,86,OPTOMOTOR,,0.14,0.16,0.04,0.00,0.00,0.00,0.00,,yes,11.3,29,3.068,0,3,0.361,0.260,29,7
54.85,DRY RUN,SCAN,0,,,,,100,0,0,0,37,86,OPTOMOTOR,,0.11,0.17,0.04,0.00,0.00,0.00,0.00,,yes,19.8,29,5.336,0,4,0.416,0.309,29,8
54.90,DRY RUN,SCAN,0,,,,,100,0,0,0,37,86,OPTOMOTOR,,0.08,0.17,0.03,0.00,0.00,0.00,0.00,,yes,19.8,29,3.003,0,5,0.421,0.312,29,8
54.99,DRY RUN,SCAN,0,,,,,100,0,0,0,38,86,OPTOMOTOR,,0.07,0.24,0.03,0.00,0.00,0.00,0.00,,yes,11.2,29,3.025,0,6,0.451,0.333,29,9
55.04,DRY RUN,SCAN,0,,,,,100,0,0,0,37,86,OPTOMOTOR,,0.49,0.28,0.03,0.00,0.00,0.00,0.00,,yes,19.7,29,5.431,0,3,0.389,0.287,29,8
55.09,DRY RUN,SCAN,0,,,,,100,0,0,0,35,86,OPTOMOTOR,,0.79,0.21,0.12,0.00,0.00,0.00,0.00,,yes,20.0,29,3.131,0,1,0.307,0.209,29,6
55.18,DRY RUN,SCAN,0,,,,,100,0,0,0,36,86,OPTOMOTOR,,1.09,0.18,0.20,0.00,0.00,0.15,0.00,,yes,11.2,29,3.101,0,4,0.351,0.251,29,7
55.23,DRY RUN,SCAN,0,,,,,100,0,0,0,39,86,OPTOMOTOR,,1.30,0.14,0.24,0.00,0.00,0.25,0.00,,yes,19.5,30,5.381,0,7,0.513,0.375,29,10
55.28,DRY RUN,SCAN,0,,,,,100,0,0,0,8,86,OPTOMOTOR,,1.40,0.10,0.25,0.15,0.00,0.30,0.00,,yes,19.4,30,3.090,0,4,0.468,0.345,0,8
55.73,DRY RUN,SCAN,0,,,,,100,0,0,0,3,86,AVOID_RIGHT,,2.45,0.07,0.23,0.34,0.00,0.82,0.00,,yes,2.2,29,-0.036,6,6,0.225,0.552,0,3
56.17,DRY RUN,SCAN,0,,,,,100,0,0,0,1,86,AVOID_RIGHT,,2.98,0.06,0.22,0.57,0.00,1.00,0.00,,yes,2.2,30,0.385,6,6,0.135,0.682,0,1
56.62,DRY RUN,SCAN,0,,,,,100,0,0,0,10,86,ESCAPE,,1.91,0.05,0.18,0.72,0.00,0.56,0.00,,,2.2,30,-0.155,6,7,0.034,0.775,10,0
56.71,DRY RUN,SCAN,0,,,,,100,0,0,0,19,86,ESCAPE,,1.38,0.05,0.15,0.52,0.00,0.29,0.00,,yes,10.9,30,9.330,0,4,0.158,0.613,17,2
56.76,DRY RUN,SCAN,0,,,,,100,0,0,0,25,86,ESCAPE,,1.04,0.04,0.13,0.29,0.00,0.12,0.00,,yes,19.3,29,3.378,0,7,0.298,0.521,21,4
56.81,DRY RUN,SCAN,0,,,,,100,0,0,0,31,86,ESCAPE,,0.64,0.07,0.07,0.16,0.00,0.00,0.00,,yes,19.9,29,2.238,0,5,0.430,0.474,24,7
56.90,DRY RUN,SCAN,0,,,,,100,0,0,0,35,86,ESCAPE,,0.43,0.08,0.04,0.09,0.00,0.00,0.00,,yes,11.2,29,2.485,0,6,0.500,0.424,26,9
56.95,DRY RUN,SCAN,0,,,,,100,0,0,0,37,86,ESCAPE,,0.33,0.07,0.11,0.05,0.00,0.00,0.00,,yes,19.7,29,4.815,0,4,0.503,0.387,27,10
57.00,DRY RUN,SCAN,0,,,,,100,0,0,0,38,86,ESCAPE,,0.29,0.07,0.15,0.03,0.00,0.00,0.00,,yes,20.0,28,2.872,0,5,0.491,0.370,28,10
57.09,DRY RUN,SCAN,0,,,,,100,0,0,0,39,86,ESCAPE,,0.27,0.10,0.17,0.02,0.00,0.00,0.00,,yes,11.2,29,2.892,0,3,0.491,0.366,29,10
57.14,DRY RUN,SCAN,0,,,,,100,0,0,0,37,86,ESCAPE,,0.20,0.19,0.25,0.01,0.00,0.00,0.00,,yes,19.5,29,5.381,0,3,0.407,0.306,29,8
57.19,DRY RUN,SCAN,0,,,,,100,0,0,0,38,86,ESCAPE,,0.17,0.25,0.29,0.01,0.00,0.00,0.00,,yes,19.6,29,3.335,0,4,0.451,0.334,29,9
57.29,DRY RUN,SCAN,0,,,,,100,0,0,0,37,86,ESCAPE,,0.09,0.28,0.31,0.00,0.00,0.00,0.00,,yes,9.8,29,4.034,0,1,0.394,0.293,29,8
57.35,DRY RUN,SCAN,0,,,,,100,0,0,0,38,86,ESCAPE,,0.41,0.23,0.47,0.00,0.00,0.00,0.00,,yes,19.5,29,5.712,0,3,0.435,0.322,29,9
57.40,DRY RUN,SCAN,0,,,,,100,0,0,0,38,86,ESCAPE,,0.21,0.21,0.55,0.00,0.00,0.00,0.00,,yes,19.7,29,3.106,0,4,0.445,0.329,29,9
57.49,DRY RUN,SCAN,0,,,,,100,0,0,0,40,86,ESCAPE,,0.35,0.17,0.55,0.00,0.00,0.00,0.00,,yes,11.1,29,3.102,0,7,0.535,0.390,29,11
57.54,DRY RUN,SCAN,0,,,,,100,0,0,0,38,86,ESCAPE,,0.19,0.45,0.43,0.00,0.00,0.00,0.00,,yes,19.6,29,5.754,0,5,0.446,0.329,29,9
57.59,DRY RUN,SCAN,0,,,,,100,0,0,0,38,86,ESCAPE,,0.34,0.86,0.38,0.00,0.00,0.03,0.03,,yes,19.7,29,3.115,0,3,0.445,0.328,29,9
57.68,DRY RUN,SCAN,0,,,,,100,0,0,0,38,86,ESCAPE,,0.67,1.06,0.35,0.00,0.00,0.13,0.13,,yes,11.1,29,3.109,0,5,0.437,0.323,29,9
57.73,DRY RUN,SCAN,0,,,,,100,0,0,0,39,86,ESCAPE,,0.83,0.63,0.37,0.00,0.00,0.01,0.00,,yes,19.4,29,4.859,0,5,0.516,0.377,29,10
57.78,DRY RUN,SCAN,0,,,,,100,0,0,0,38,86,ESCAPE,,0.70,0.34,0.25,0.00,0.00,0.00,0.00,,yes,19.6,29,3.392,0,1,0.428,0.317,29,9
57.87,DRY RUN,SCAN,0,,,,,100,0,0,0,37,86,ESCAPE,,0.63,0.20,0.32,0.00,0.00,0.00,0.00,,yes,11.1,29,3.486,0,4,0.400,0.298,29,8
57.92,DRY RUN,SCAN,0,,,,,100,0,0,0,39,86,ESCAPE,,1.23,0.13,1.70,0.00,13.53,0.00,0.00,,yes,19.4,30,7.609,0,7,0.509,0.373,29,10
57.97,DRY RUN,SCAN,0,,,,,100,0,0,0,37,86,ESCAPE,,5.88,0.12,2.39,0.00,9.47,0.00,0.00,,yes,19.6,29,3.484,0,1,0.404,0.300,29,8
58.06,DRY RUN,SCAN,0,,,,,100,0,0,0,8,86,ESCAPE,,8.21,0.11,3.26,0.00,19.63,0.00,0.00,,yes,11.2,29,2.466,0,5,0.395,0.293,0,8
58.51,DRY RUN,SCAN,0,,,,,100,0,0,0,4,86,ESCAPE,,6.84,2.03,3.17,0.00,13.74,0.00,0.00,,yes,2.3,29,-0.743,3,4,0.198,0.413,0,4
58.95,DRY RUN,SCAN,0,,,,,100,0,0,0,1,86,ESCAPE,,4.72,2.98,3.13,0.00,58.90,0.00,0.00,,yes,2.2,29,-0.899,0,0,0.074,0.275,0,1
59.40,DRY RUN,SCAN,0,,,,,100,0,0,0,9,86,ESCAPE,,3.67,1.70,2.11,0.00,41.23,0.00,0.00,,,2.2,29,-3.311,2,0,-0.066,0.207,10,-1
59.45,DRY RUN,SCAN,0,,,,,100,0,0,0,17,86,ESCAPE,,3.14,1.06,1.39,0.00,28.86,0.00,0.00,,yes,19.4,29,9.240,0,1,-0.017,0.136,17,0
59.50,DRY RUN,SCAN,0,,,,,100,0,0,0,26,86,ESCAPE,,2.49,1.04,1.04,0.00,20.20,0.00,0.00,,yes,19.8,29,1.726,0,4,0.229,0.196,21,5
59.59,DRY RUN,SCAN,0,,,,,100,0,0,0,30,86,ESCAPE,,1.75,1.03,0.86,0.00,14.14,0.00,0.00,,yes,11.2,29,2.284,0,1,0.310,0.229,24,6
59.64,DRY RUN,SCAN,0,,,,,100,0,0,0,33,86,ESCAPE,,1.10,0.62,0.49,0.00,9.90,0.00,0.00,,yes,19.8,29,4.488,0,4,0.353,0.263,26,7
59.69,DRY RUN,SCAN,0,,,,,100,0,0,0,34,86,OPTOMOTOR,,0.77,0.42,0.31,0.00,6.93,0.00,0.00,,yes,19.8,29,2.814,0,4,0.347,0.253,27,7
59.78,DRY RUN,SCAN,0,,,,,100,0,0,0,35,86,OPTOMOTOR,,0.75,0.37,0.23,0.00,4.85,0.00,0.00,,yes,11.1,29,2.863,0,1,0.329,0.233,28,7
59.83,DRY RUN,SCAN,0,,,,,100,0,0,0,36,86,OPTOMOTOR,,0.76,0.44,0.20,0.00,3.40,0.00,0.00,,yes,19.7,29,5.481,0,6,0.358,0.260,29,7
59.88,DRY RUN,SCAN,0,,,,,100,0,0,0,37,86,OPTOMOTOR,,0.81,0.51,0.17,0.00,2.38,0.00,0.00,,yes,19.9,29,3.330,0,6,0.375,0.275,29,8
59.97,DRY RUN,SCAN,0,,,,,100,0,0,0,36,86,OPTOMOTOR,,0.83,0.62,0.14,0.00,1.66,0.00,0.00,,yes,11.2,29,3.098,0,1,0.345,0.245,29,7
60.02,DRY RUN,SCAN,0,,,,,100,0,0,0,38,86,OPTOMOTOR,,0.72,0.67,0.08,0.00,1.16,0.00,0.00,,yes,19.8,29,5.477,0,7,0.466,0.343,29,9
60.07,DRY RUN,SCAN,0,,,,,100,0,0,0,38,86,OPTOMOTOR,,0.45,0.70,0.06,0.00,0.82,0.00,0.00,,yes,19.9,29,3.092,0,5,0.449,0.331,29,9
60.16,DRY RUN,SCAN,0,,,,,100,0,0,0,39,86,OPTOMOTOR,,0.31,0.63,0.04,0.00,0.57,0.00,0.00,,yes,11.2,29,3.083,0,5,0.502,0.368,29,10
60.21,DRY RUN,SCAN,0,,,,,100,0,0,0,37,86,OPTOMOTOR,,0.44,0.39,0.04,0.00,0.40,0.00,0.00,,yes,19.7,29,5.488,0,4,0.400,0.297,29,8
60.26,DRY RUN,SCAN,0,,,,,100,0,0,0,36,86,OPTOMOTOR,,0.66,0.22,0.03,0.00,0.28,0.00,0.00,,yes,19.8,29,3.174,0,2,0.333,0.234,29,7
60.35,DRY RUN,SCAN,0,,,,,100,0,0,0,36,86,OPTOMOTOR,,0.62,0.13,0.05,0.00,0.20,0.00,0.00,,yes,11.2,29,3.078,0,2,0.341,0.241,29,7
60.40,DRY RUN,SCAN,0,,,,,100,0,0,0,36,86,OPTOMOTOR,,0.52,0.08,0.05,0.00,0.14,0.00,0.00,,yes,19.7,29,5.422,0,1,0.340,0.241,29,7
60.45,DRY RUN,SCAN,0,,,,,100,0,0,0,37,86,OPTOMOTOR,,0.38,0.06,0.04,0.00,0.10,0.00,0.00,,yes,19.8,29,3.055,0,6,0.380,0.279,29,8
60.54,DRY RUN,SCAN,0,,,,,100,0,0,0,36,86,OPTOMOTOR,,0.29,0.04,0.03,0.00,0.07,0.00,0.00,,yes,11.3,29,3.033,0,2,0.337,0.238,29,7
60.59,DRY RUN,SCAN,0,,,,,100,0,0,0,36,86,OPTOMOTOR,,0.20,0.08,0.02,0.00,0.05,0.00,0.00,,yes,19.5,29,5.397,0,4,0.368,0.267,29,7
60.64,DRY RUN,SCAN,0,,,,,100,0,0,0,39,86,OPTOMOTOR,,0.15,0.16,0.01,0.00,0.03,0.00,0.00,,yes,19.8,29,3.112,0,6,0.498,0.365,29,10
60.73,DRY RUN,SCAN,0,,,,,100,0,0,0,38,86,OPTOMOTOR,,0.13,0.31,0.01,0.00,0.02,0.00,0.00,,yes,11.2,29,3.043,0,5,0.467,0.344,29,9
60.78,DRY RUN,SCAN,0,,,,,100,0,0,0,39,86,OPTOMOTOR,,0.13,0.38,0.02,0.00,0.02,0.00,0.00,,yes,19.7,29,5.415,0,6,0.477,0.351,29,10
60.83,DRY RUN,SCAN,0,,,,,100,0,0,0,38,86,OPTOMOTOR,,0.11,0.40,0.03,0.00,0.01,0.00,0.00,,yes,19.8,29,3.048,0,1,0.448,0.331,29,9
60.92,DRY RUN,SCAN,0,,,,,100,0,0,0,37,86,OPTOMOTOR,,0.10,0.41,0.03,0.00,0.01,0.00,0.00,,yes,11.3,29,3.030,0,4,0.393,0.291,29,8
60.97,DRY RUN,SCAN,0,,,,,100,0,0,0,39,86,OPTOMOTOR,,0.08,0.28,0.03,0.00,0.01,0.00,0.00,,yes,19.7,29,5.403,0,7,0.483,0.355,29,10
61.02,DRY RUN,SCAN,0,,,,,100,0,0,0,38,86,OPTOMOTOR,,0.05,0.17,0.03,0.00,0.00,0.00,0.00,,yes,19.8,29,3.090,0,3,0.444,0.328,29,9
61.11,DRY RUN,SCAN,0,,,,,100,0,0,0,36,86,OPTOMOTOR,,0.04,0.11,0.02,0.00,0.00,0.00,0.00,,yes,11.2,29,3.038,0,1,0.362,0.261,29,7
61.16,DRY RUN,SCAN,0,,,,,100,0,0,0,38,86,OPTOMOTOR,,0.05,0.08,0.02,0.00,0.00,0.00,0.00,,yes,19.5,30,5.474,0,6,0.472,0.347,29,9
61.21,DRY RUN,SCAN,0,,,,,100,0,0,0,37,86,OPTOMOTOR,,0.07,0.06,0.02,0.00,0.00,0.00,0.00,,yes,19.9,29,3.095,0,3,0.418,0.310,29,8
61.30,DRY RUN,SCAN,0,,,,,100,0,0,0,38,86,OPTOMOTOR,,0.07,0.06,0.03,0.00,0.00,0.00,0.00,,yes,11.2,29,3.111,0,3,0.470,0.346,29,9
61.35,DRY RUN,SCAN,0,,,,,100,0,0,0,38,86,OPTOMOTOR,,0.08,0.09,0.04,0.00,0.00,0.00,0.00,,yes,19.7,29,5.366,0,5,0.472,0.347,29,9
61.40,DRY RUN,SCAN,0,,,,,100,0,0,0,40,86,OPTOMOTOR,,0.10,0.11,0.04,0.00,0.00,0.00,0.00,,yes,20.1,29,3.046,0,5,0.536,0.391,29,11
61.49,DRY RUN,SCAN,0,,,,,100,0,0,0,39,86,OPTOMOTOR,,0.11,0.14,0.04,0.00,0.00,0.00,0.00,,yes,11.2,29,2.956,0,5,0.488,0.358,29,10
61.54,DRY RUN,SCAN,0,,,,,100,0,0,0,37,86,OPTOMOTOR,,0.11,0.15,0.04,0.00,0.00,0.00,0.00,,yes,19.7,29,5.485,0,2,0.399,0.297,29,8
61.59,DRY RUN,SCAN,0,,,,,100,0,0,0,38,86,OPTOMOTOR,,0.11,0.16,0.03,0.00,0.00,0.00,0.00,,yes,19.8,29,3.058,0,5,0.432,0.320,29,9
61.68,DRY RUN,SCAN,0,,,,,100,0,0,0,38,86,OPTOMOTOR,,0.10,0.15,0.02,0.00,0.00,0.00,0.00,,yes,11.2,29,3.069,0,4,0.444,0.328,29,9
61.73,DRY RUN,SCAN,0,,,,,100,0,0,0,37,86,OPTOMOTOR,,0.10,0.15,0.02,0.00,0.00,0.00,0.00,,yes,19.6,29,5.451,0,3,0.402,0.299,29,8
61.78,DRY RUN,SCAN,0,,,,,100,0,0,0,36,86,OPTOMOTOR,,0.09,0.15,0.03,0.00,0.00,0.00,0.00,,yes,19.8,29,3.091,0,2,0.364,0.264,29,7
61.87,DRY RUN,SCAN,0,,,,,100,0,0,0,37,86,OPTOMOTOR,,0.10,0.13,0.04,0.00,0.00,0.00,0.00,,yes,11.1,29,3.061,0,6,0.393,0.291,29,8
61.92,DRY RUN,SCAN,0,,,,,100,0,0,0,7,86,OPTOMOTOR,,0.10,0.13,0.03,0.00,0.00,0.00,0.00,,yes,19.6,29,5.430,0,2,0.360,0.259,0,7
62.37,DRY RUN,SCAN,0,,,,,100,0,0,0,3,86,OPTOMOTOR,,0.10,0.10,0.02,0.00,0.00,0.00,0.00,,yes,2.3,28,-0.004,6,8,0.131,0.556,0,3
62.82,DRY RUN,SCAN,0,,,,,100,0,0,0,3,86,CRUISE,,0.07,0.08,0.02,0.00,0.00,0.00,0.00,,yes,2.2,30,-0.009,6,7,0.128,0.747,0,3
63.27,DRY RUN,SCAN,0,,,,,100,0,0,0,11,86,CRUISE,,0.08,0.05,0.02,0.00,0.00,0.00,0.00,,,2.2,30,-0.070,6,6,0.056,0.850,10,1
63.32,DRY RUN,SCAN,0,,,,,100,0,0,0,19,86,CRUISE,,0.06,0.04,0.02,0.00,0.00,0.00,0.00,,yes,19.4,30,9.394,0,3,0.111,0.650,17,2
63.41,DRY RUN,SCAN,0,,,,,100,0,0,0,25,86,CRUISE,,0.07,0.03,0.02,0.00,0.00,0.00,0.00,,yes,11.0,29,1.801,0,5,0.210,0.518,21,4
63.46,DRY RUN,SCAN,0,,,,,100,0,0,0,30,86,OPTOMOTOR,,0.06,0.03,0.04,0.00,0.00,0.00,0.00,,yes,19.5,30,4.010,0,4,0.312,0.439,24,6
63.51,DRY RUN,SCAN,0,,,,,100,0,0,0,33,86,OPTOMOTOR,,0.05,0.04,0.05,0.00,0.00,0.00,0.00,,yes,19.7,29,2.562,0,2,0.364,0.357,26,7
63.60,DRY RUN,SCAN,0,,,,,100,0,0,0,36,86,OPTOMOTOR,,0.04,0.05,0.04,0.00,0.00,0.00,0.00,,yes,11.1,29,2.782,0,6,0.436,0.344,27,9
63.65,DRY RUN,SCAN,0,,,,,100,0,0,0,36,86,OPTOMOTOR,,0.03,0.05,0.03,0.00,0.00,0.00,0.00,,yes,19.4,30,5.089,0,6,0.418,0.322,28,8
63.71,DRY RUN,SCAN,0,,,,,100,0,0,0,36,86,OPTOMOTOR,,0.03,0.05,0.03,0.00,0.00,0.00,0.00,,yes,19.7,29,3.039,0,3,0.361,0.267,29,7
63.79,DRY RUN,SCAN,0,,,,,100,0,0,0,36,86,OPTOMOTOR,,0.03,0.05,0.03,0.00,0.00,0.00,0.00,,yes,11.2,29,3.087,0,4,0.351,0.255,29,7
63.85,DRY RUN,SCAN,0,,,,,100,0,0,0,35,86,OPTOMOTOR,,0.03,0.06,0.02,0.00,0.00,0.00,0.00,,yes,19.7,29,5.435,0,1,0.301,0.206,29,6
63.90,DRY RUN,SCAN,0,,,,,100,0,0,0,36,86,OPTOMOTOR,,0.04,0.06,0.02,0.00,0.00,0.00,0.00,,yes,19.8,29,3.095,0,3,0.343,0.244,29,7
63.98,DRY RUN,SCAN,0,,,,,100,0,0,0,37,86,OPTOMOTOR,,0.06,0.18,0.05,0.00,0.00,0.00,0.00,,yes,11.3,29,3.039,0,6,0.381,0.281,29,8
64.04,DRY RUN,SCAN,0,,,,,100,0,0,0,36,86,OPTOMOTOR,,0.08,0.26,0.07,0.00,0.00,0.00,0.00,,yes,19.8,29,5.456,0,2,0.368,0.268,29,7
64.09,DRY RUN,SCAN,0,,,,,100,0,0,0,36,86,OPTOMOTOR,,0.08,0.34,0.04,0.00,0.00,0.00,0.00,,yes,19.9,29,3.079,0,1,0.326,0.227,29,7
64.18,DRY RUN,SCAN,0,,,,,100,0,0,0,36,86,OPTOMOTOR,,0.07,0.33,0.03,0.00,0.00,0.00,0.00,,yes,11.1,28,3.049,0,2,0.352,0.252,29,7
64.23,DRY RUN,SCAN,0,,,,,100,0,0,0,35,86,OPTOMOTOR,,0.06,0.29,0.03,0.00,0.00,0.00,0.00,,yes,19.8,29,5.497,0,1,0.301,0.204,29,6
64.28,DRY RUN,SCAN,0,,,,,100,0,0,0,36,86,OPTOMOTOR,,0.05,0.26,0.04,0.00,0.00,0.00,0.00,,yes,19.9,29,3.108,0,2,0.338,0.239,29,7
64.37,DRY RUN,SCAN,0,,,,,100,0,0,0,36,86,OPTOMOTOR,,0.08,0.21,0.05,0.00,0.00,0.00,0.00,,yes,11.2,29,3.068,0,4,0.354,0.253,29,7
64.42,DRY RUN,SCAN,0,,,,,100,0,0,0,36,86,OPTOMOTOR,,0.09,0.14,0.06,0.00,0.00,0.00,0.00,,yes,19.8,29,5.421,0,2,0.367,0.267,29,7
64.47,DRY RUN,SCAN,0,,,,,100,0,0,0,36,86,OPTOMOTOR,,0.10,0.08,0.05,0.00,0.00,0.00,0.00,,yes,19.8,29,3.089,0,1,0.370,0.269,29,7
64.57,DRY RUN,SCAN,0,,,,,100,0,0,0,38,86,OPTOMOTOR,,0.08,0.05,0.05,0.00,0.00,0.00,0.00,,yes,9.9,38,3.157,0,6,0.437,0.323,29,9
64.62,DRY RUN,SCAN,0,,,,,100,0,0,0,40,86,OPTOMOTOR,,0.07,0.04,0.05,0.00,0.00,0.00,0.00,,yes,19.4,30,6.224,0,7,0.572,0.416,29,11
64.67,DRY RUN,SCAN,0,,,,,100,0,0,0,39,86,OPTOMOTOR,,0.07,0.05,0.05,0.00,0.00,0.00,0.00,,yes,19.9,29,3.141,0,4,0.481,0.353,29,10
64.76,DRY RUN,SCAN,0,,,,,100,0,0,0,40,86,OPTOMOTOR,,0.06,0.05,0.05,0.00,0.00,0.00,0.00,,yes,11.2,29,3.736,0,6,0.547,0.399,29,11
64.81,DRY RUN,SCAN,0,,,,,100,0,0,0,38,86,OPTOMOTOR,,0.10,0.09,0.11,0.00,0.44,0.00,0.00,,yes,19.7,29,6.421,0,3,0.439,0.325,29,9
64.86,DRY RUN,SCAN,0,,,,,100,0,0,0,36,86,OPTOMOTOR,,0.13,0.11,0.24,0.00,0.31,0.00,0.00,,yes,20.0,28,4.103,0,3,0.369,0.268,29,7
64.95,DRY RUN,SCAN,0,,,,,100,0,0,0,38,86,OPTOMOTOR,,0.17,0.12,0.31,0.00,0.21,0.00,0.00,,yes,11.2,29,3.792,0,6,0.436,0.323,29,9
65.00,DRY RUN,SCAN,0,,,,,100,0,0,0,37,86,OPTOMOTOR,,0.18,0.18,0.58,0.00,0.44,0.00,0.00,,yes,19.6,29,8.422,0,3,0.383,0.282,29,8
65.05,DRY RUN,SCAN,0,,,,,100,0,0,0,36,86,OPTOMOTOR,,0.19,0.27,0.84,0.00,0.31,0.00,0.00,,yes,19.8,29,5.311,0,3,0.374,0.273,29,7
65.14,DRY RUN,SCAN,0,,,,,100,0,0,0,36,86,OPTOMOTOR,,0.21,0.38,1.03,0.00,0.44,0.00,0.00,,yes,11.1,29,3.967,0,4,0.374,0.273,29,7
65.19,DRY RUN,SCAN,0,,,,,100,0,0,0,37,86,OPTOMOTOR,,0.24,0.44,1.12,0.00,0.44,0.00,0.00,,yes,19.6,29,8.701,0,6,0.384,0.282,29,8
65.25,DRY RUN,SCAN,0,,,,,100,0,0,0,37,86,OPTOMOTOR,,0.24,0.46,0.89,0.00,0.31,0.00,0.00,,yes,16.2,29,4.828,0,5,0.420,0.311,29,8
65.34,DRY RUN,SCAN,0,,,,,100,0,0,0,37,86,OPTOMOTOR,,0.25,0.35,0.56,0.00,0.44,0.00,0.00,,yes,11.1,29,3.861,0,5,0.387,0.285,29,8
65.40,DRY RUN,SCAN,0,,,,,100,0,0,0,38,86,OPTOMOTOR,,0.28,0.29,0.37,0.00,0.44,0.00,0.00,,yes,19.5,29,8.702,0,6,0.429,0.318,29,9
65.45,DRY RUN,SCAN,0,,,,,100,0,0,0,36,86,OPTOMOTOR,,0.33,0.26,0.27,0.00,0.44,0.00,0.00,,yes,19.8,29,4.333,0,2,0.345,0.246,29,7
65.54,DRY RUN,SCAN,0,,,,,100,0,0,0,37,86,OPTOMOTOR,,0.36,0.24,0.25,0.00,0.31,0.00,0.00,,yes,11.1,29,5.483,0,5,0.393,0.291,29,8
65.59,DRY RUN,SCAN,0,,,,,100,0,0,0,37,86,OPTOMOTOR,,0.34,0.24,0.50,0.00,0.44,0.00,0.00,,yes,19.7,29,8.967,0,3,0.413,0.307,29,8
65.64,DRY RUN,SCAN,0,,,,,100,0,0,0,37,86,OPTOMOTOR,,0.33,0.23,0.63,0.00,0.87,0.00,0.00,,yes,19.7,29,4.346,0,1,0.379,0.277,29,8
65.73,DRY RUN,SCAN,0,,,,,100,0,0,0,39,86,OPTOMOTOR,,0.43,0.12,0.33,0.00,0.61,0.00,0.00,,yes,11.0,29,5.769,0,5,0.479,0.352,29,10
65.78,DRY RUN,SCAN,0,,,,,100,0,0,0,8,86,OPTOMOTOR,,0.48,0.06,0.18,0.00,0.44,0.00,0.00,,yes,19.5,29,8.142,0,3,0.385,0.284,0,8
66.22,DRY RUN,SCAN,0,,,,,100,0,0,0,7,86,OPTOMOTOR,,0.51,0.08,0.10,0.00,0.87,0.00,0.00,,yes,2.3,29,3.543,0,3,0.345,0.245,0,7
66.67,DRY RUN,SCAN,0,,,,,100,0,0,0,9,86,OPTOMOTOR,,0.39,0.09,0.27,0.00,2.18,0.00,0.00,,yes,2.3,29,4.800,0,7,0.445,0.329,0,9
67.11,DRY RUN,SCAN,0,,,,,100,0,0,0,20,86,OPTOMOTOR,,0.34,0.11,0.36,0.00,2.18,0.00,0.00,,yes,2.3,29,3.864,0,5,0.500,0.366,10,10
67.16,DRY RUN,SCAN,0,,,,,100,0,0,0,24,86,OPTOMOTOR,,0.31,0.22,0.40,0.00,2.18,0.00,0.00,,yes,19.5,29,13.435,0,2,0.359,0.259,17,7
67.25,DRY RUN,SCAN,0,,,,,100,0,0,0,30,86,OPTOMOTOR,,0.45,0.37,0.26,0.00,1.53,0.00,0.00,,yes,11.2,29,3.446,0,6,0.449,0.331,21,9
67.30,DRY RUN,SCAN,0,,,,,100,0,0,0,32,86,OPTOMOTOR,,0.52,0.44,0.14,0.00,1.07,0.00,0.00,,yes,19.6,29,5.931,0,1,0.393,0.291,24,8
67.35,DRY RUN,SCAN,0,,,,,100,0,0,0,36,86,OPTOMOTOR,,0.41,0.32,0.13,0.00,0.75,0.00,0.00,,yes,19.9,29,4.264,0,7,0.504,0.369,26,10
67.44,DRY RUN,SCAN,0,,,,,100,0,0,0,35,86,OPTOMOTOR,,0.30,0.23,0.12,0.00,0.52,0.00,0.00,,yes,11.2,29,3.881,0,3,0.415,0.308,27,8
67.49,DRY RUN,SCAN,0,,,,,100,0,0,0,37,86,OPTOMOTOR,,0.30,0.18,0.12,0.00,0.44,0.00,0.00,,yes,19.8,29,8.305,0,3,0.448,0.331,28,9
67.54,DRY RUN,SCAN,0,,,,,100,0,0,0,38,86,OPTOMOTOR,,0.43,0.15,0.08,0.00,0.31,0.00,0.00,,yes,19.8,29,3.694,0,7,0.473,0.348,29,9
67.63,DRY RUN,SCAN,0,,,,,100,0,0,0,39,86,OPTOMOTOR,,0.49,0.13,0.07,0.00,0.21,0.00,0.00,,yes,11.2,29,4.320,0,5,0.495,0.363,29,10
67.68,DRY RUN,SCAN,0,,,,,100,0,0,0,39,86,OPTOMOTOR,,0.44,0.13,0.06,0.00,0.44,0.00,0.00,,yes,19.8,29,6.678,0,5,0.507,0.371,29,10
67.73,DRY RUN,SCAN,0,,,,,100,0,0,0,40,86,OPTOMOTOR,,0.41,0.21,0.05,0.00,0.31,0.00,0.00,,yes,19.8,29,4.544,0,5,0.555,0.404,29,11
67.82,DRY RUN,SCAN,0,,,,,100,0,0,0,42,86,OPTOMOTOR,,0.43,0.47,0.04,0.00,0.44,0.00,0.00,,yes,11.0,29,3.726,0,6,0.656,0.471,29,13
67.87,DRY RUN,SCAN,0,,,,,100,0,0,0,39,86,OPTOMOTOR,,0.52,0.60,0.04,0.00,0.44,0.00,0.00,,yes,19.4,29,9.269,0,4,0.514,0.384,29,10
67.92,DRY RUN,SCAN,0,,,,,100,0,0,0,38,86,OPTOMOTOR,,0.56,1.03,0.03,0.00,0.31,0.00,0.00,,yes,20.0,28,5.504,0,1,0.469,0.350,29,9
68.01,DRY RUN,SCAN,0,,,,,100,0,0,0,38,86,OPTOMOTOR,,0.93,0.76,0.24,0.00,0.87,0.00,0.00,,yes,11.2,29,4.195,0,6,0.458,0.340,29,9
68.06,DRY RUN,SCAN,0,,,,,100,0,0,0,38,86,OPTOMOTOR,,1.11,0.71,0.34,0.00,0.61,0.00,0.00,,yes,19.7,29,8.114,0,4,0.437,0.325,29,9
68.11,DRY RUN,SCAN,0,,,,,100,0,0,0,37,86,OPTOMOTOR,,1.20,0.68,0.39,0.00,0.43,0.00,0.00,,yes,19.9,29,3.467,0,3,0.399,0.297,29,8
68.20,DRY RUN,SCAN,0,,,,,100,0,0,0,38,86,OPTOMOTOR,,1.56,0.97,0.36,0.00,0.30,0.23,0.00,,yes,11.3,29,5.116,0,6,0.459,0.339,29,9
68.25,DRY RUN,SCAN,0,,,,,100,0,0,0,36,86,OPTOMOTOR,,1.74,1.12,0.35,0.00,0.87,0.03,0.00,,yes,19.8,29,8.227,0,2,0.358,0.257,29,7
68.30,DRY RUN,SCAN,0,,,,,100,0,0,0,37,86,OPTOMOTOR,,2.09,1.19,0.34,0.00,0.61,0.34,0.00,,yes,19.8,29,3.650,0,5,0.400,0.297,29,8
68.39,DRY RUN,SCAN,0,,,,,100,0,0,0,38,86,AVOID_RIGHT,,1.51,1.59,0.21,0.00,0.43,0.18,0.18,,yes,11.2,29,4.278,0,3,0.439,0.325,29,9
68.44,DRY RUN,SCAN,0,,,,,100,0,0,0,37,86,AVOID_RIGHT,,0.90,1.79,0.13,0.15,0.44,0.28,0.28,,yes,19.4,30,7.619,0,6,0.483,0.354,29,8
68.50,DRY RUN,SCAN,0,,,,,100,0,0,0,34,86,OPTOMOTOR,,0.59,1.89,0.08,0.49,0.44,0.32,0.32,,yes,19.1,31,5.665,0,3,0.465,0.343,29,5
68.59,DRY RUN,SCAN,0,,,,,100,0,0,0,32,86,OPTOMOTOR,,0.64,1.90,0.06,0.69,0.31,0.40,0.40,,yes,10.9,30,4.243,0,4,0.462,0.341,29,3
68.64,DRY RUN,SCAN,0,,,,,100,0,0,0,33,86,OPTOMOTOR,,1.14,1.99,0.04,0.51,0.87,0.16,0.16,,yes,19.0,30,9.160,0,1,0.369,0.268,29,4
68.69,DRY RUN,SCAN,0,,,,,100,0,0,0,32,86,AVOID_RIGHT,,2.45,1.95,0.04,0.59,0.61,0.52,0.27,,yes,19.2,30,5.567,0,3,0.396,0.294,29,3
68.78,DRY RUN,SCAN,0,,,,,100,0,0,0,32,86,ESCAPE,,3.10,1.30,0.11,0.63,0.43,0.94,0.03,,yes,11.0,30,4.241,0,1,0.371,0.270,29,3
68.84,DRY RUN,SCAN,0,,,,,100,0,0,0,31,86,ESCAPE,,3.43,0.90,0.15,0.76,0.87,0.88,0.00,,yes,19.3,30,8.580,0,4,0.387,0.286,29,2
68.89,DRY RUN,SCAN,0,,,,,100,0,0,0,31,86,ESCAPE,,3.59,0.63,0.13,0.81,0.61,1.00,0.00,,yes,19.3,30,5.055,0,4,0.437,0.323,29,2
68.98,DRY RUN,SCAN,0,,,,,100,0,0,0,32,86,ESCAPE,,3.67,0.44,0.13,0.76,0.44,1.00,0.00,,yes,11.0,30,3.872,0,7,0.550,0.401,29,3
69.03,DRY RUN,SCAN,0,,,,,100,0,0,0,31,86,ESCAPE,,3.68,0.35,0.16,0.84,0.31,1.00,0.00,,yes,19.2,30,8.178,0,6,0.483,0.354,29,2
69.08,DRY RUN,SCAN,0,,,,,100,0,0,0,29,86,ESCAPE,,3.55,0.30,0.24,0.96,0.44,1.00,0.00,,yes,19.5,30,3.603,0,8,0.583,0.424,29,0
69.17,DRY RUN,SCAN,0,,,,,100,0,0,0,29,86,ESCAPE,,2.51,0.27,0.22,0.95,0.31,0.70,0.00,,yes,11.0,30,4.626,0,1,0.420,0.358,29,0
69.22,DRY RUN,SCAN,0,,,,,100,0,0,0,30,86,ESCAPE,,2.21,0.24,0.20,0.86,0.44,0.49,0.00,,yes,19.4,30,8.578,0,3,0.423,0.330,29,1
69.28,DRY RUN,SCAN,0,,,,,100,0,0,0,31,86,ESCAPE,,2.06,0.20,0.13,0.78,0.44,0.41,0.00,,yes,19.5,29,4.177,0,7,0.522,0.391,29,2
69.37,DRY RUN,SCAN,0,,,,,100,0,0,0,32,86,ESCAPE,,2.22,0.20,0.15,0.70,0.31,0.56,0.00,,yes,11.0,30,4.670,0,6,0.529,0.392,29,3
69.42,DRY RUN,SCAN,0,,,,,100,0,0,0,33,86,ESCAPE,,2.58,0.18,0.21,0.65,0.44,0.67,0.00,,yes,18.7,32,8.434,0,6,0.533,0.392,29,4
69.47,DRY RUN,SCAN,0,,,,,100,0,0,0,31,86,ESCAPE,,3.20,0.17,0.24,0.78,0.44,0.98,0.00,,yes,19.4,30,4.033,0,1,0.382,0.283,29,2
69.56,DRY RUN,SCAN,0,,,,,100,0,0,0,30,86,ESCAPE,,3.07,0.17,0.24,0.85,0.31,0.98,0.00,,yes,11.0,30,5.172,0,3,0.426,0.316,29,1
69.61,DRY RUN,SCAN,0,,,,,100,0,0,0,2,86,ESCAPE,,1.98,0.18,0.18,0.74,0.44,0.37,0.00,,yes,19.4,30,7.203,0,4,0.384,0.283,0,2
70.06,DRY RUN,SCAN,0,,,,,100,0,0,0,5,86,ESCAPE,,1.32,0.18,0.21,0.41,0.44,0.04,0.00,,yes,2.3,29,1.435,0,5,0.462,0.340,0,5
70.51,DRY RUN,SCAN,0,,,,,100,0,0,0,10,86,ESCAPE,,0.95,0.12,0.13,0.23,1.31,0.00,0.00,,yes,2.2,29,1.099,0,8,0.624,0.444,0,10
70.96,DRY RUN,SCAN,0,,,,,100,0,0,0,17,86,ESCAPE,,0.62,0.09,0.29,0.13,1.75,0.00,0.00,,yes,2.2,29,0.704,4,6,0.382,0.512,10,7
71.01,DRY RUN,SCAN,0,,,,,100,0,0,0,23,86,ESCAPE,,0.46,0.16,0.17,0.07,1.75,0.00,0.00,,yes,19.5,29,9.074,0,1,0.326,0.407,17,6
71.10,DRY RUN,SCAN,0,,,,,100,0,0,0,28,86,ESCAPE,,0.39,0.21,0.11,0.04,1.22,0.00,0.00,,yes,11.2,29,1.776,0,3,0.379,0.344,21,7
71.15,DRY RUN,SCAN,0,,,,,100,0,0,0,31,86,ESCAPE,,0.36,0.23,0.08,0.02,0.86,0.00,0.00,,yes,19.7,29,5.590,0,4,0.382,0.298,24,7
71.20,DRY RUN,SCAN,0,,,,,100,0,0,0,35,86,ESCAPE,,0.88,0.24,0.06,0.01,0.60,0.00,0.00,,yes,19.8,29,3.920,0,5,0.481,0.363,26,9
71.29,DRY RUN,SCAN,0,,,,,100,0,0,0,36,86,ESCAPE,,1.13,0.19,0.03,0.01,0.42,0.00,0.00,,yes,11.2,29,3.527,0,2,0.436,0.328,27,9
71.34,DRY RUN,SCAN,0,,,,,100,0,0,0,39,86,ESCAPE,,1.26,0.16,0.02,0.00,0.29,0.09,0.00,,yes,19.5,29,6.492,0,6,0.543,0.399,28,11
71.40,DRY RUN,SCAN,0,,,,,100,0,0,0,38,86,ESCAPE,,1.65,0.10,0.03,0.00,0.44,0.20,0.00,,yes,19.5,30,4.899,0,1,0.465,0.344,29,9
71.49,DRY RUN,SCAN,0,,,,,100,0,0,0,38,86,ESCAPE,,0.95,0.07,0.04,0.00,0.31,0.00,0.00,,yes,11.0,29,3.862,0,3,0.434,0.322,29,9
71.54,DRY RUN,SCAN,0,,,,,100,0,0,0,37,86,ESCAPE,,0.60,0.05,0.02,0.00,0.44,0.00,0.00,,yes,19.7,29,7.910,0,3,0.397,0.296,29,8
71.59,DRY RUN,SCAN,0,,,,,100,0,0,0,38,86,ESCAPE,,0.43,0.07,0.01,0.00,0.44,0.00,0.00,,yes,19.8,29,4.765,0,6,0.458,0.338,29,9
71.68,DRY RUN,SCAN,0,,,,,100,0,0,0,37,86,ESCAPE,,0.30,0.13,0.01,0.00,0.31,0.00,0.00,,yes,11.2,28,4.132,0,4,0.397,0.295,29,8
71.73,DRY RUN,SCAN,0,,,,,100,0,0,0,37,86,ESCAPE,,0.23,0.19,0.00,0.00,0.44,0.00,0.00,,yes,19.5,29,9.004,0,4,0.423,0.314,29,8
71.78,DRY RUN,SCAN,0,,,,,100,0,0,0,39,86,ESCAPE,,0.18,0.26,0.03,0.00,0.31,0.00,0.00,,yes,19.8,29,4.945,0,8,0.508,0.372,29,10
71.87,DRY RUN,SCAN,0,,,,,100,0,0,0,40,86,OPTOMOTOR,,0.16,0.30,0.04,0.00,0.44,0.00,0.00,,yes,11.2,28,3.898,0,6,0.542,0.395,29,11
71.92,DRY RUN,SCAN,0,,,,,100,0,0,0,39,86,OPTOMOTOR,,0.50,0.22,0.02,0.00,0.44,0.00,0.00,,yes,19.5,30,8.379,0,6,0.520,0.380,29,10
71.97,DRY RUN,SCAN,0,,,,,100,0,0,0,40,86,OPTOMOTOR,,1.22,0.16,0.01,0.00,0.44,0.00,0.00,,yes,19.5,29,4.242,0,7,0.535,0.390,29,11
72.06,DRY RUN,SCAN,0,,,,,100,0,0,0,39,86,OPTOMOTOR,,1.58,0.11,0.01,0.00,0.31,0.24,0.00,,yes,11.1,29,5.069,0,3,0.494,0.363,29,10
72.11,DRY RUN,SCAN,0,,,,,100,0,0,0,36,86,OPTOMOTOR,,0.91,0.07,0.00,0.00,0.44,0.00,0.00,,yes,19.4,29,7.243,0,1,0.367,0.266,29,7
72.16,DRY RUN,SCAN,0,,,,,100,0,0,0,36,86,OPTOMOTOR,,0.54,0.05,0.00,0.00,0.31,0.00,0.00,,yes,19.7,29,4.879,0,2,0.330,0.231,29,7
72.25,DRY RUN,SCAN,0,,,,,100,0,0,0,35,86,OPTOMOTOR,,0.33,0.07,0.00,0.00,0.21,0.00,0.00,,yes,11.2,29,4.487,0,4,0.319,0.220,29,6
72.30,DRY RUN,SCAN,0,,,,,100,0,0,0,38,86,OPTOMOTOR,,0.22,0.10,0.05,0.00,0.44,0.00,0.00,,yes,19.5,29,7.482,0,5,0.432,0.320,29,9
72.36,DRY RUN,SCAN,0,,,,,100,0,0,0,41,86,OPTOMOTOR,,0.17,0.11,0.08,0.00,0.87,0.00,0.00,,yes,19.8,29,5.199,0,8,0.576,0.418,29,12
72.45,DRY RUN,SCAN,0,,,,,100,0,0,0,41,86,OPTOMOTOR,,0.25,0.11,0.04,0.00,0.61,0.00,0.00,,yes,11.1,29,4.851,0,6,0.580,0.421,29,12
72.50,DRY RUN,SCAN,0,,,,,100,0,0,0,38,86,OPTOMOTOR,,0.29,0.10,0.02,0.00,0.44,0.00,0.00,,yes,19.6,29,9.290,0,4,0.464,0.342,29,9
72.55,DRY RUN,SCAN,0,,,,,100,0,0,0,37,86,OPTOMOTOR,,0.25,0.21,0.09,0.00,0.31,0.00,0.00,,yes,19.7,29,4.566,0,4,0.420,0.312,29,8
72.64,DRY RUN,SCAN,0,,,,,100,0,0,0,39,86,OPTOMOTOR,,0.13,0.27,0.15,0.00,0.21,0.00,0.00,,yes,11.1,29,3.599,0,4,0.479,0.352,29,10
72.69,DRY RUN,SCAN,0,,,,,100,0,0,0,37,86,OPTOMOTOR,,0.12,0.20,0.18,0.00,0.44,0.00,0.00,,yes,19.4,30,6.960,0,1,0.408,0.303,29,8
72.74,DRY RUN,SCAN,0,,,,,100,0,0,0,39,86,OPTOMOTOR,,0.11,0.11,0.09,0.00,0.31,0.00,0.00,,yes,19.9,29,3.555,0,4,0.492,0.361,29,10
72.83,DRY RUN,SCAN,0,,,,,100,0,0,0,40,86,OPTOMOTOR,,0.11,0.07,0.05,0.00,0.21,0.00,0.00,,yes,11.3,29,3.632,0,7,0.540,0.394,29,11
72.88,DRY RUN,SCAN,0,,,,,100,0,0,0,39,86,OPTOMOTOR,,0.10,0.04,0.03,0.00,0.44,0.00,0.00,,yes,19.8,29,6.706,0,6,0.477,0.350,29,10
72.93,DRY RUN,SCAN,0,,,,,100,0,0,0,38,86,OPTOMOTOR,,0.10,0.03,0.04,0.00,0.31,0.00,0.00,,yes,19.7,29,4.966,0,5,0.434,0.321,29,9
73.02,DRY RUN,SCAN,0,,,,,100,0,0,0,37,86,OPTOMOTOR,,0.12,0.02,0.06,0.00,0.44,0.00,0.00,,yes,11.3,29,4.283,0,2,0.392,0.290,29,8
73.07,DRY RUN,SCAN,0,,,,,100,0,0,0,36,86,OPTOMOTOR,,0.14,0.01,0.07,0.00,0.44,0.00,0.00,,yes,19.7,29,9.183,0,2,0.374,0.273,29,7
73.12,DRY RUN,SCAN,0,,,,,100,0,0,0,36,86,OPTOMOTOR,,0.14,0.01,0.08,0.00,0.31,0.00,0.00,,yes,20.0,29,4.415,0,4,0.344,0.244,29,7
73.21,DRY RUN,SCAN,0,,,,,100,0,0,0,37,86,OPTOMOTOR,,0.15,0.04,0.05,0.00,0.44,0.00,0.00,,yes,11.2,29,3.442,0,4,0.424,0.314,29,8
73.26,DRY RUN,SCAN,0,,,,,100,0,0,0,39,86,OPTOMOTOR,,0.14,0.06,0.03,0.00,0.31,0.00,0.00,,yes,19.6,29,6.642,0,6,0.515,0.377,29,10
73.31,DRY RUN,SCAN,0,,,,,100,0,0,0,40,86,OPTOMOTOR,,0.14,0.08,0.01,0.00,0.21,0.00,0.00,,yes,19.8,29,3.443,0,7,0.532,0.389,29,11
73.40,DRY RUN,SCAN,0,,,,,100,0,0,0,38,86,OPTOMOTOR,,0.23,0.10,0.11,0.00,0.15,0.00,0.00,,yes,11.3,28,3.807,0,2,0.445,0.328,29,9
73.45,DRY RUN,SCAN,0,,,,,100,0,0,0,40,86,OPTOMOTOR,,0.29,0.11,0.16,0.00,0.10,0.00,0.00,,yes,19.8,29,6.335,0,6,0.548,0.399,29,11
73.50,DRY RUN,SCAN,0,,,,,100,0,0,0,10,86,OPTOMOTOR,,0.32,0.08,0.16,0.00,0.44,0.00,0.00,,yes,19.9,29,3.328,0,7,0.509,0.373,0,10
73.95,DRY RUN,SCAN,0,,,,,100,0,0,0,5,86,OPTOMOTOR,,0.33,0.06,0.10,0.00,0.31,0.00,0.00,,yes,2.2,29,0.553,6,7,0.264,0.601,0,5
74.39,DRY RUN,SCAN,0,,,,,100,0,0,0,0,86,CRUISE,,0.32,0.06,0.05,0.00,1.31,0.00,0.00,,yes,2.3,30,-2.066,2,0,0.001,0.448,0,0
74.83,DRY RUN,SCAN,0,,,,,100,0,0,0,12,86,CRUISE,,0.25,0.05,0.04,0.00,0.92,0.00,0.00,,,2.3,29,3.101,0,2,0.083,0.304,10,2
74.92,DRY RUN,SCAN,0,,,,,100,0,0,0,23,86,CRUISE,,0.20,0.05,0.05,0.00,1.31,0.00,0.00,,yes,11.2,29,11.017,0,7,0.285,0.333,17,6
74.97,DRY RUN,SCAN,0,,,,,100,0,0,0,29,86,OPTOMOTOR,,0.19,0.07,0.16,0.00,2.18,0.00,0.00,,yes,19.7,29,5.234,0,5,0.388,0.326,21,8
75.02,DRY RUN,SCAN,0,,,,,100,0,0,0,34,86,OPTOMOTOR,,0.70,0.27,0.24,0.00,1.53,0.00,0.00,,yes,19.7,29,2.377,0,4,0.490,0.374,24,10
75.11,DRY RUN,SCAN,0,,,,,100,0,0,0,34,86,OPTOMOTOR,,0.96,0.23,0.28,0.00,1.07,0.00,0.00,,yes,11.2,28,2.621,0,4,0.395,0.301,26,8
75.16,DRY RUN,SCAN,0,,,,,100,0,0,0,35,86,OPTOMOTOR,,0.87,0.23,0.16,0.00,0.75,0.00,0.00,,yes,19.6,29,5.185,0,4,0.422,0.317,27,8
75.21,DRY RUN,SCAN,0,,,,,100,0,0,0,35,86,OPTOMOTOR,,0.83,0.21,0.09,0.00,0.52,0.00,0.00,,yes,19.8,29,3.318,0,1,0.367,0.269,28,7
75.30,DRY RUN,SCAN,0,,,,,100,0,0,0,38,86,OPTOMOTOR,,1.31,0.19,0.07,0.00,0.37,0.07,0.00,,yes,11.2,29,3.122,0,6,0.435,0.323,29,9
75.35,DRY RUN,SCAN,0,,,,,100,0,0,0,38,86,OPTOMOTOR,,1.55,0.17,0.13,0.00,0.26,0.25,0.00,,yes,19.8,29,6.037,0,5,0.473,0.349,29,9
75.40,DRY RUN,SCAN,0,,,,,100,0,0,0,37,86,AVOID_RIGHT,,1.75,0.16,0.26,0.15,0.18,0.39,0.00,,yes,19.3,30,3.214,0,4,0.488,0.358,29,8
75.51,DRY RUN,SCAN,0,,,,,100,0,0,0,37,86,AVOID_RIGHT,,1.72,0.15,0.42,0.21,0.13,0.40,0.00,,yes,9.8,40,3.318,0,5,0.524,0.383,29,8
75.56,DRY RUN,SCAN,0,,,,,100,0,0,0,35,86,AVOID_RIGHT,,1.88,0.08,0.50,0.38,0.09,0.50,0.00,,yes,19.2,30,6.738,0,5,0.523,0.382,29,6
75.61,DRY RUN,SCAN,0,,,,,100,0,0,0,35,86,AVOID_RIGHT,,1.96,0.06,0.33,0.43,0.06,0.55,0.00,,yes,19.5,29,3.266,0,4,0.495,0.363,29,6
75.70,DRY RUN,SCAN,0,,,,,100,0,0,0,34,86,AVOID_RIGHT,,2.00,0.05,0.24,0.39,0.04,0.58,0.00,,yes,11.0,30,3.387,0,3,0.410,0.304,29,5
75.75,DRY RUN,SCAN,0,,,,,100,0,0,0,36,86,AVOID_RIGHT,,1.12,0.63,0.20,0.22,0.03,0.15,0.00,,yes,19.6,29,5.888,0,7,0.452,0.333,29,7
75.80,DRY RUN,SCAN,0,,,,,100,0,0,0,38,86,AVOID_RIGHT,,0.68,0.92,0.18,0.12,0.02,0.05,0.05,,yes,19.8,29,3.173,0,6,0.510,0.374,29,9
75.89,DRY RUN,SCAN,0,,,,,100,0,0,0,37,86,AVOID_RIGHT,,0.46,0.89,0.16,0.07,0.01,0.04,0.04,,yes,11.2,29,3.196,0,4,0.404,0.301,29,8
75.94,DRY RUN,SCAN,0,,,,,100,0,0,0,35,86,AVOID_RIGHT,,0.34,0.48,0.15,0.04,0.01,0.00,0.00,,yes,19.7,29,5.609,0,2,0.320,0.222,29,6
75.99,DRY RUN,SCAN,0,,,,,100,0,0,0,36,86,OPTOMOTOR,,0.29,0.28,0.14,0.02,0.01,0.00,0.00,,yes,19.9,29,3.156,0,2,0.334,0.234,29,7
76.08,DRY RUN,SCAN,0,,,,,100,0,0,0,35,86,OPTOMOTOR,,0.32,0.18,0.17,0.01,0.01,0.00,0.00,,yes,11.2,29,3.099,0,2,0.326,0.227,29,6
76.13,DRY RUN,SCAN,0,,,,,100,0,0,0,36,86,OPTOMOTOR,,0.33,0.13,0.18,0.01,0.00,0.00,0.00,,yes,19.7,29,5.558,0,6,0.357,0.257,29,7
76.18,DRY RUN,SCAN,0,,,,,100,0,0,0,38,86,OPTOMOTOR,,0.32,0.10,0.10,0.00,0.00,0.00,0.00,,yes,19.5,30,3.126,0,3,0.427,0.316,29,9
76.27,DRY RUN,SCAN,0,,,,,100,0,0,0,40,86,OPTOMOTOR,,0.25,0.08,0.06,0.00,0.00,0.00,0.00,,yes,11.1,29,3.142,0,8,0.552,0.402,29,11
76.32,DRY RUN,SCAN,0,,,,,100,0,0,0,38,86,OPTOMOTOR,,0.20,0.08,0.05,0.00,0.00,0.00,0.00,,yes,19.5,29,5.452,0,3,0.463,0.341,29,9
76.38,DRY RUN,SCAN,0,,,,,100,0,0,0,37,86,OPTOMOTOR,,0.18,0.11,0.31,0.00,0.00,0.00,0.00,,yes,19.5,30,3.109,0,4,0.419,0.311,29,8
76.49,DRY RUN,SCAN,0,,,,,100,0,0,0,38,86,OPTOMOTOR,,0.14,0.25,0.99,0.00,0.00,0.00,0.10,,yes,9.1,33,3.138,0,6,0.430,0.318,29,9
76.55,DRY RUN,SCAN,0,,,,,100,0,0,0,36,86,OPTOMOTOR,,0.14,0.46,1.77,0.26,0.00,0.00,0.48,,yes,15.6,41,5.846,0,4,0.442,0.327,29,7
76.61,DRY RUN,SCAN,0,,,,,100,0,0,0,33,86,AVOID_LEFT,,0.16,1.08,2.15,0.52,0.44,0.00,0.46,,yes,17.0,32,3.123,0,6,0.463,0.341,29,4
76.71,DRY RUN,SCAN,0,,,,,100,0,0,0,34,86,AVOID_LEFT,,0.39,1.39,2.17,0.55,0.31,0.14,0.53,,yes,9.8,33,2.463,0,7,0.545,0.397,29,5
76.77,DRY RUN,SCAN,0,,,,,100,0,0,0,34,86,AVOID_LEFT,,0.79,0.97,2.17,0.57,0.44,0.00,0.47,,yes,17.7,34,4.915,0,7,0.620,0.443,29,5
76.82,DRY RUN,SCAN,0,,,,,100,0,0,0,34,86,AVOID_LEFT,,1.43,0.76,1.61,0.58,0.44,0.10,0.19,,yes,19.2,30,1.972,0,4,0.545,0.397,29,5
76.91,DRY RUN,SCAN,0,,,,,100,0,0,0,36,86,AVOID_LEFT,,1.31,0.68,1.33,0.32,0.31,0.10,0.11,,yes,10.5,30,2.442,0,3,0.500,0.366,29,7
76.97,DRY RUN,SCAN,0,,,,,100,0,0,0,35,86,AVOID_LEFT,,0.99,0.64,0.81,0.18,0.44,0.00,0.00,,yes,18.2,32,3.479,0,3,0.394,0.292,29,6
77.02,DRY RUN,SCAN,0,,,,,100,0,0,0,36,86,AVOID_LEFT,,0.77,0.47,0.55,0.10,0.31,0.00,0.00,,yes,18.4,32,2.981,0,4,0.400,0.298,29,7
77.12,DRY RUN,SCAN,0,,,,,100,0,0,0,37,86,OPTOMOTOR,,0.65,0.29,0.42,0.06,0.21,0.00,0.00,,yes,10.2,32,3.311,0,4,0.426,0.315,29,8
77.18,DRY RUN,SCAN,0,,,,,100,0,0,0,38,86,OPTOMOTOR,,0.38,0.15,0.33,0.03,0.15,0.00,0.00,,yes,18.3,32,5.965,0,5,0.468,0.344,29,9
77.23,DRY RUN,SCAN,0,,,,,100,0,0,0,39,86,OPTOMOTOR,,0.22,0.08,0.28,0.02,0.10,0.00,0.00,,yes,18.6,31,3.299,0,5,0.513,0.375,29,10
77.33,DRY RUN,SCAN,0,,,,,100,0,0,0,38,86,OPTOMOTOR,,0.13,0.05,0.27,0.01,0.07,0.00,0.00,,yes,10.2,31,3.224,0,2,0.454,0.335,29,9
77.38,DRY RUN,SCAN,0,,,,,100,0,0,0,8,86,OPTOMOTOR,,0.09,0.04,0.26,0.01,0.05,0.00,0.00,,yes,18.3,32,5.920,0,3,0.390,0.289,0,8
77.89,DRY RUN,SCAN,0,,,,,100,0,0,0,4,86,OPTOMOTOR,,0.07,0.03,0.26,0.00,0.04,0.00,0.00,,yes,2.0,31,-0.021,6,8,0.214,0.544,0,4
78.39,DRY RUN,SCAN,0,,,,,100,0,0,0,1,86,CRUISE,,0.06,0.04,0.19,0.00,0.03,0.00,0.00,,yes,2.0,34,-0.566,6,5,0.043,0.688,0,1
78.86,DRY RUN,SCAN,0,,,,,100,0,0,0,9,86,CRUISE,,0.07,0.04,0.16,0.00,0.02,0.00,0.00,,,2.1,30,-0.022,6,5,-0.054,0.769,10,-1
78.91,DRY RUN,SCAN,0,,,,,100,0,0,0,18,86,CRUISE,,0.08,0.06,0.09,0.00,0.01,0.00,0.00,,yes,19.4,30,10.463,0,6,0.064,0.647,17,1
79.01,DRY RUN,SCAN,0,,,,,100,0,0,0,23,86,CRUISE,,0.11,0.07,0.11,0.00,0.01,0.00,0.00,,yes,10.7,30,1.940,0,3,0.075,0.450,21,2
79.06,DRY RUN,SCAN,0,,,,,100,0,0,0,29,86,CRUISE,,0.31,0.42,0.10,0.00,0.01,0.00,0.00,,yes,19.2,30,5.049,0,5,0.241,0.406,24,5
79.11,DRY RUN,SCAN,0,,,,,100,0,0,0,31,86,OPTOMOTOR,,1.32,0.90,0.09,0.00,0.00,0.26,0.05,,yes,19.5,29,3.886,0,2,0.261,0.281,26,5
79.20,DRY RUN,SCAN,0,,,,,100,0,0,0,32,86,AVOID_RIGHT,,1.82,1.09,0.06,0.26,0.00,0.51,0.15,,yes,10.8,30,3.315,0,4,0.354,0.277,27,5
79.26,DRY RUN,SCAN,0,,,,,100,0,0,0,31,86,AVOID_RIGHT,,2.07,1.19,0.04,0.56,0.00,0.64,0.20,,yes,19.1,30,6.914,0,4,0.363,0.275,28,3
79.31,DRY RUN,SCAN,0,,,,,100,0,0,0,30,86,ESCAPE,,2.02,1.24,0.02,0.83,0.00,0.61,0.22,,yes,19.2,30,3.471,0,4,0.398,0.303,29,1
79.40,DRY RUN,SCAN,0,,,,,100,0,0,0,29,86,ESCAPE,,1.87,2.40,0.02,1.00,0.00,0.80,0.80,,yes,10.7,30,4.259,0,2,0.392,0.294,29,0
79.46,DRY RUN,SCAN,0,,,,,100,0,0,0,29,86,ESCAPE,,1.79,2.98,0.03,1.00,0.00,1.00,1.00,,yes,19.1,30,6.413,0,6,0.475,0.352,29,0
79.51,DRY RUN,SCAN,0,,,,,100,0,0,0,29,86,ESCAPE,,1.12,1.86,0.03,1.00,0.00,0.53,0.53,,yes,19.3,30,3.889,0,3,0.399,0.298,29,0
79.60,DRY RUN,SCAN,0,,,,,100,0,0,0,29,86,ESCAPE,,0.63,1.09,0.08,1.00,0.00,0.15,0.15,,yes,10.6,30,4.126,0,3,0.383,0.282,29,0
79.65,DRY RUN,SCAN,0,,,,,100,0,0,0,32,86,ESCAPE,,0.37,0.91,0.14,0.68,0.00,0.06,0.06,,yes,19.4,30,5.990,0,5,0.461,0.340,29,3
79.70,DRY RUN,SCAN,0,,,,,100,0,0,0,36,86,ESCAPE,,0.23,0.79,0.20,0.38,0.00,0.00,0.00,,yes,19.6,29,4.387,0,7,0.564,0.411,29,7
79.80,DRY RUN,SCAN,0,,,,,100,0,0,0,35,86,ESCAPE,,0.15,0.81,0.23,0.21,0.00,0.00,0.00,,yes,10.5,30,4.020,0,2,0.385,0.284,29,6
79.85,DRY RUN,SCAN,0,,,,,100,0,0,0,35,86,ESCAPE,,0.08,0.97,0.24,0.12,0.00,0.08,0.08,,yes,18.7,31,6.388,0,1,0.350,0.250,29,6
79.91,DRY RUN,SCAN,0,,,,,100,0,0,0,32,86,ESCAPE,,0.04,2.14,0.25,0.57,0.00,0.67,0.67,,yes,18.7,32,3.606,0,5,0.395,0.293,29,3
80.00,DRY RUN,SCAN,0,,,,,100,0,0,0,29,86,ESCAPE,,0.03,2.73,0.75,1.00,0.00,0.97,0.97,,yes,10.2,32,3.871,0,5,0.408,0.303,29,0
80.06,DRY RUN,SCAN,0,,,,,100,0,0,0,29,86,ESCAPE,,0.03,3.03,1.00,1.00,0.00,1.00,1.00,,yes,18.2,33,5.962,0,5,0.437,0.323,29,0
80.11,DRY RUN,SCAN,0,,,,,100,0,0,0,29,86,ESCAPE,,0.03,1.54,0.99,1.00,0.00,0.37,0.37,,yes,18.5,32,3.478,0,6,0.481,0.354,29,0
80.21,DRY RUN,SCAN,0,,,,,100,0,0,0,29,86,ESCAPE,,0.03,0.79,0.72,1.00,0.00,0.00,0.00,,yes,10.3,31,3.325,0,7,0.576,0.418,29,0
80.26,DRY RUN,SCAN,0,,,,,100,0,0,0,34,86,ESCAPE,,0.04,0.40,0.41,0.60,0.00,0.00,0.00,,yes,18.5,32,5.956,0,5,0.573,0.417,29,5
80.32,DRY RUN,SCAN,0,,,,,100,0,0,0,36,86,ESCAPE,,0.04,0.21,0.25,0.34,0.00,0.00,0.00,,yes,18.7,31,3.269,0,4,0.565,0.411,29,7
80.41,DRY RUN,SCAN,0,,,,,100,0,0,0,38,86,ESCAPE,,0.04,0.13,0.14,0.19,0.00,0.00,0.00,,yes,10.3,31,3.261,0,4,0.539,0.393,29,9
80.47,DRY RUN,SCAN,0,,,,,100,0,0,0,41,86,ESCAPE,,0.04,0.09,0.08,0.11,0.00,0.00,0.00,,yes,18.7,31,5.912,0,7,0.652,0.455,29,12
80.52,DRY RUN,SCAN,0,,,,,100,0,0,0,40,86,ESCAPE,,0.06,0.06,0.05,0.06,0.00,0.00,0.00,,yes,18.9,31,3.249,0,5,0.606,0.437,29,11
80.62,DRY RUN,SCAN,0,,,,,100,0,0,0,41,86,ESCAPE,,0.07,0.04,0.04,0.03,0.00,0.00,0.00,,yes,10.3,31,3.233,0,7,0.642,0.451,29,12
80.67,DRY RUN,SCAN,0,,,,,100,0,0,0,41,86,ESCAPE,,0.04,0.03,0.04,0.02,0.00,0.00,0.00,,yes,18.6,31,5.889,0,6,0.612,0.440,29,12
80.72,DRY RUN,SCAN,0,,,,,100,0,0,0,37,86,ESCAPE,,0.03,0.02,0.02,0.01,0.00,0.00,0.00,,yes,18.7,31,3.264,0,2,0.403,0.300,29,8
80.82,DRY RUN,SCAN,0,,,,,100,0,0,0,38,86,ESCAPE,,0.07,0.02,0.01,0.01,0.00,0.00,0.00,,yes,10.3,31,3.252,0,4,0.448,0.331,29,9
80.88,DRY RUN,SCAN,0,,,,,100,0,0,0,38,86,ESCAPE,,0.09,0.01,0.01,0.00,0.00,0.00,0.00,,yes,18.5,31,5.914,0,5,0.439,0.324,29,9
80.93,DRY RUN,SCAN,0,,,,,100,0,0,0,37,86,ESCAPE,,0.08,0.02,0.01,0.00,0.00,0.00,0.00,,yes,18.8,31,3.275,0,1,0.389,0.287,29,8
81.03,DRY RUN,SCAN,0,,,,,100,0,0,0,37,86,ESCAPE,,0.07,0.02,0.02,0.00,0.00,0.00,0.00,,yes,10.4,31,3.232,0,6,0.392,0.291,29,8
81.08,DRY RUN,SCAN,0,,,,,100,0,0,0,37,86,ESCAPE,,0.04,0.01,0.02,0.00,0.00,0.00,0.00,,yes,18.6,32,5.881,0,4,0.420,0.311,29,8
81.13,DRY RUN,SCAN,0,,,,,100,0,0,0,36,86,ESCAPE,,0.03,0.01,0.02,0.00,0.00,0.00,0.00,,yes,18.9,31,3.282,0,3,0.347,0.247,29,7
81.23,DRY RUN,SCAN,0,,,,,100,0,0,0,36,86,ESCAPE,,0.02,0.01,0.02,0.00,0.00,0.00,0.00,,yes,10.3,31,3.211,0,2,0.363,0.263,29,7
81.28,DRY RUN,SCAN,0,,,,,100,0,0,0,36,86,ESCAPE,,0.02,0.01,0.02,0.00,0.00,0.00,0.00,,yes,18.6,31,5.921,0,5,0.373,0.272,29,7
81.34,DRY RUN,SCAN,0,,,,,100,0,0,0,38,86,OPTOMOTOR,,0.01,0.02,0.01,0.00,0.00,0.00,0.00,,yes,19.0,31,3.257,0,6,0.460,0.339,29,9
81.43,DRY RUN,SCAN,0,,,,,100,0,0,0,10,86,OPTOMOTOR,,0.01,0.02,0.01,0.00,0.00,0.00,0.00,,yes,10.4,31,3.197,0,5,0.508,0.372,0,10
81.92,DRY RUN,SCAN,0,,,,,100,0,0,0,4,86,OPTOMOTOR,,0.01,0.02,0.01,0.00,0.00,0.00,0.00,,yes,2.0,31,0.000,6,7,0.204,0.600,0,4
82.41,DRY RUN,SCAN,0,,,,,100,0,0,0,5,86,OPTOMOTOR,,0.01,0.02,0.02,0.00,0.00,0.00,0.00,,yes,2.0,32,-0.002,5,8,0.258,0.786,0,5
82.90,DRY RUN,SCAN,0,,,,,100,0,0,0,14,86,OPTOMOTOR,,0.00,0.01,0.01,0.00,0.00,0.00,0.00,,,2.0,31,0.006,6,7,0.223,0.891,10,4
82.95,DRY RUN,SCAN,0,,,,,100,0,0,0,19,86,CRUISE,,0.00,0.01,0.01,0.00,0.00,0.00,0.00,,yes,18.5,32,10.294,0,3,0.107,0.644,17,2
83.01,DRY RUN,SCAN,0,,,,,100,0,0,0,24,86,CRUISE,,0.01,0.00,0.01,0.00,0.00,0.00,0.00,,yes,18.7,31,1.919,0,2,0.168,0.486,21,3
83.10,DRY RUN,SCAN,0,,,,,100,0,0,0,29,86,OPTOMOTOR,,0.01,0.01,0.01,0.00,0.00,0.00,0.00,,yes,10.3,31,2.345,0,2,0.254,0.398,24,5
83.16,DRY RUN,SCAN,0,,,,,100,0,0,0,31,86,OPTOMOTOR,,0.02,0.01,0.02,0.00,0.00,0.00,0.00,,yes,18.6,31,4.891,0,1,0.268,0.271,26,5
83.21,DRY RUN,SCAN,0,,,,,100,0,0,0,34,86,OPTOMOTOR,,0.02,0.02,0.01,0.00,0.00,0.00,0.00,,yes,18.8,31,2.927,0,5,0.356,0.277,27,7
83.31,DRY RUN,SCAN,0,,,,,100,0,0,0,37,86,OPTOMOTOR,,0.04,0.02,0.00,0.00,0.00,0.00,0.00,,yes,10.3,31,3.006,0,6,0.426,0.327,28,9
83.36,DRY RUN,SCAN,0,,,,,100,0,0,0,37,86,OPTOMOTOR,,0.05,0.02,0.02,0.00,0.00,0.00,0.00,,yes,18.5,31,5.716,0,4,0.399,0.303,29,8
83.41,DRY RUN,SCAN,0,,,,,100,0,0,0,36,86,OPTOMOTOR,,0.03,0.03,0.03,0.00,0.00,0.00,0.00,,yes,18.7,31,3.280,0,3,0.338,0.242,29,7
83.51,DRY RUN,SCAN,0,,,,,100,0,0,0,38,86,OPTOMOTOR,,0.02,0.02,0.03,0.00,0.00,0.00,0.00,,yes,10.3,31,3.256,0,6,0.433,0.322,29,9
83.56,DRY RUN,SCAN,0,,,,,100,0,0,0,38,86,OPTOMOTOR,,0.03,0.02,0.03,0.00,0.00,0.00,0.00,,yes,18.6,31,5.908,0,5,0.430,0.320,29,9
83.62,DRY RUN,SCAN,0,,,,,100,0,0,0,37,86,OPTOMOTOR,,0.04,0.01,0.02,0.00,0.00,0.00,0.00,,yes,18.6,31,3.265,0,3,0.396,0.294,29,8
83.71,DRY RUN,SCAN,0,,,,,100,0,0,0,37,86,OPTOMOTOR,,0.04,0.02,0.02,0.00,0.00,0.00,0.00,,yes,10.3,31,3.274,0,3,0.381,0.280,29,8
83.77,DRY RUN,SCAN,0,,,,,100,0,0,0,37,86,OPTOMOTOR,,0.03,0.02,0.02,0.00,0.00,0.00,0.00,,yes,18.7,31,5.905,0,4,0.411,0.305,29,8
83.82,DRY RUN,SCAN,0,,,,,100,0,0,0,39,86,OPTOMOTOR,,0.02,0.02,0.02,0.00,0.00,0.00,0.00,,yes,18.8,31,3.246,0,6,0.487,0.358,29,10
83.92,DRY RUN,SCAN,0,,,,,100,0,0,0,37,86,OPTOMOTOR,,0.02,0.02,0.02,0.00,0.00,0.00,0.00,,yes,10.3,31,3.248,0,3,0.405,0.301,29,8
83.97,DRY RUN,SCAN,0,,,,,100,0,0,0,39,86,OPTOMOTOR,,0.02,0.02,0.01,0.00,0.00,0.00,0.00,,yes,18.6,31,5.923,0,8,0.498,0.365,29,10
84.03,DRY RUN,SCAN,0,,,,,100,0,0,0,40,86,OPTOMOTOR,,0.02,0.02,0.01,0.00,0.00,0.00,0.00,,yes,18.9,31,3.257,0,5,0.530,0.387,29,11
84.12,DRY RUN,SCAN,0,,,,,100,0,0,0,40,86,OPTOMOTOR,,0.02,0.02,0.01,0.00,0.00,0.00,0.00,,yes,10.3,31,3.226,0,5,0.568,0.413,29,11
84.18,DRY RUN,SCAN,0,,,,,100,0,0,0,39,86,OPTOMOTOR,,0.02,0.02,0.01,0.00,0.00,0.00,0.00,,yes,18.6,31,5.910,0,2,0.485,0.356,29,10
84.23,DRY RUN,SCAN,0,,,,,100,0,0,0,36,86,OPTOMOTOR,,0.02,0.02,0.02,0.00,0.00,0.00,0.00,,yes,18.8,31,3.266,0,1,0.348,0.248,29,7
84.33,DRY RUN,SCAN,0,,,,,100,0,0,0,35,86,OPTOMOTOR,,0.02,0.02,0.02,0.00,0.00,0.00,0.00,,yes,10.3,31,3.263,0,3,0.324,0.225,29,6
84.38,DRY RUN,SCAN,0,,,,,100,0,0,0,38,86,OPTOMOTOR,,0.02,0.02,0.01,0.00,0.00,0.00,0.00,,yes,18.7,31,5.894,0,7,0.429,0.318,29,9
84.43,DRY RUN,SCAN,0,,,,,100,0,0,0,37,86,OPTOMOTOR,,0.03,0.02,0.01,0.00,0.00,0.00,0.00,,yes,18.7,31,3.240,0,3,0.414,0.308,29,8
84.53,DRY RUN,SCAN,0,,,,,100,0,0,0,36,86,OPTOMOTOR,,0.03,0.02,0.01,0.00,0.00,0.00,0.00,,yes,10.3,31,3.256,0,2,0.354,0.254,29,7
84.58,DRY RUN,SCAN,0,,,,,100,0,0,0,36,86,OPTOMOTOR,,0.03,0.01,0.01,0.00,0.00,0.00,0.00,,yes,18.5,32,5.894,0,3,0.373,0.272,29,7
84.64,DRY RUN,SCAN,0,,,,,100,0,0,0,39,86,OPTOMOTOR,,0.05,0.01,0.01,0.00,0.00,0.00,0.00,,yes,18.8,31,3.283,0,6,0.481,0.353,29,10
84.73,DRY RUN,SCAN,0,,,,,100,0,0,0,39,86,OPTOMOTOR,,0.04,0.01,0.01,0.00,0.00,0.00,0.00,,yes,10.3,31,3.229,0,5,0.499,0.366,29,10
84.79,DRY RUN,SCAN,0,,,,,100,0,0,0,37,86,OPTOMOTOR,,0.03,0.01,0.01,0.00,0.00,0.00,0.00,,yes,18.7,31,5.908,0,3,0.412,0.306,29,8
84.84,DRY RUN,SCAN,0,,,,,100,0,0,0,37,86,OPTOMOTOR,,0.03,0.02,0.01,0.00,0.00,0.00,0.00,,yes,18.8,31,3.254,0,4,0.393,0.291,29,8
84.94,DRY RUN,SCAN,0,,,,,100,0,0,0,36,86,OPTOMOTOR,,0.02,0.01,0.02,0.00,0.00,0.00,0.00,,yes,10.4,31,3.241,0,1,0.340,0.240,29,7
84.99,DRY RUN,SCAN,0,,,,,100,0,0,0,35,86,OPTOMOTOR,,0.01,0.01,0.02,0.00,0.00,0.00,0.00,,yes,18.7,31,5.862,0,1,0.310,0.211,29,6
85.04,DRY RUN,SCAN,0,,,,,100,0,0,0,38,86,OPTOMOTOR,,0.01,0.01,0.02,0.00,0.00,0.00,0.00,,yes,18.9,31,3.241,0,7,0.438,0.324,29,9
85.14,DRY RUN,SCAN,0,,,,,100,0,0,0,36,86,OPTOMOTOR,,0.01,0.01,0.02,0.00,0.00,0.00,0.00,,yes,10.4,31,3.221,0,2,0.364,0.263,29,7
85.19,DRY RUN,SCAN,0,,,,,100,0,0,0,37,86,OPTOMOTOR,,0.01,0.01,0.02,0.00,0.00,0.00,0.00,,yes,18.7,31,5.877,0,3,0.378,0.277,29,8
85.26,DRY RUN,SCAN,0,,,,,100,0,0,0,37,86,OPTOMOTOR,,0.02,0.01,0.01,0.00,0.00,0.00,0.00,,yes,15.6,31,3.942,0,5,0.416,0.308,29,8
85.35,DRY RUN,SCAN,0,,,,,100,0,0,0,40,86,OPTOMOTOR,,0.03,0.01,0.01,0.00,0.00,0.00,0.00,,yes,10.3,31,3.247,0,6,0.532,0.388,29,11
85.41,DRY RUN,SCAN,0,,,,,100,0,0,0,11,86,OPTOMOTOR,,0.04,0.02,0.01,0.00,0.00,0.00,0.00,,yes,18.7,31,5.875,0,7,0.562,0.409,0,11
85.89,DRY RUN,SCAN,0,,,,,100,0,0,0,5,86,OPTOMOTOR,,0.03,0.02,0.02,0.00,0.00,0.00,0.00,,yes,2.1,31,-0.006,6,6,0.268,0.602,0,5
86.39,DRY RUN,SCAN,0,,,,,100,0,0,0,4,86,OPTOMOTOR,,0.02,0.02,0.02,0.00,0.00,0.00,0.00,,yes,2.0,32,-0.006,5,7,0.215,0.740,0,4
86.89,DRY RUN,SCAN,0,,,,,100,0,0,0,14,85,OPTOMOTOR,,0.01,0.02,0.01,0.00,0.00,0.00,0.00,,,2.0,33,0.018,5,7,0.219,0.845,10,4
86.94,DRY RUN,SCAN,0,,,,,100,0,0,0,19,85,CRUISE,,0.01,0.01,0.01,0.00,0.00,0.00,0.00,,yes,18.5,32,10.557,0,3,0.100,0.633,17,2
87.04,DRY RUN,SCAN,0,,,,,100,0,0,0,24,85,CRUISE,,0.01,0.01,0.01,0.00,0.00,0.00,0.00,,yes,10.4,31,1.924,0,5,0.167,0.480,21,3
87.09,DRY RUN,SCAN,0,,,,,100,0,0,0,29,85,OPTOMOTOR,,0.07,0.01,0.03,0.00,0.00,0.00,0.00,,yes,18.7,31,4.250,0,3,0.262,0.399,24,5
87.15,DRY RUN,SCAN,0,,,,,100,0,0,0,33,85,OPTOMOTOR,,0.25,0.03,0.15,0.00,0.00,0.00,0.00,,yes,19.0,31,2.725,0,5,0.337,0.334,26,7
87.24,DRY RUN,SCAN,0,,,,,100,0,0,0,37,85,OPTOMOTOR,,0.33,0.06,0.22,0.00,0.00,0.00,0.00,,yes,10.3,31,2.891,0,7,0.488,0.379,27,10
87.30,DRY RUN,SCAN,0,,,,,100,0,0,0,37,85,OPTOMOTOR,,0.32,0.10,0.30,0.00,0.00,0.00,0.00,,yes,18.6,31,5.446,0,4,0.454,0.347,28,9
87.35,DRY RUN,SCAN,0,,,,,100,0,0,0,36,85,OPTOMOTOR,,0.31,0.40,0.34,0.00,0.00,0.00,0.00,,yes,18.9,31,3.143,0,1,0.365,0.271,29,7
87.45,DRY RUN,SCAN,0,,,,,100,0,0,0,37,85,OPTOMOTOR,,0.30,0.55,0.36,0.00,0.00,0.00,0.00,,yes,10.3,31,3.211,0,3,0.379,0.281,29,8
87.50,DRY RUN,SCAN,0,,,,,100,0,0,0,36,85,OPTOMOTOR,,0.19,0.28,0.20,0.00,0.00,0.00,0.00,,yes,18.6,31,5.898,0,2,0.367,0.268,29,7
87.55,DRY RUN,SCAN,0,,,,,100,0,0,0,37,85,OPTOMOTOR,,0.13,0.15,0.11,0.00,0.00,0.00,0.00,,yes,18.7,31,3.263,0,4,0.385,0.284,29,8
87.65,DRY RUN,SCAN,0,,,,,100,0,0,0,38,85,OPTOMOTOR,,0.10,0.08,0.06,0.00,0.00,0.00,0.00,,yes,10.4,31,3.241,0,4,0.435,0.322,29,9
87.70,DRY RUN,SCAN,0,,,,,100,0,0,0,39,85,OPTOMOTOR,,0.08,0.04,0.04,0.00,0.00,0.00,0.00,,yes,18.7,31,5.879,0,6,0.480,0.353,29,10
87.76,DRY RUN,SCAN,0,,,,,100,0,0,0,37,85,OPTOMOTOR,,0.05,0.02,0.03,0.00,0.00,0.00,0.00,,yes,18.9,31,3.250,0,3,0.401,0.299,29,8
87.85,DRY RUN,SCAN,0,,,,,100,0,0,0,36,85,OPTOMOTOR,,0.03,0.02,0.02,0.00,0.00,0.00,0.00,,yes,10.3,31,3.224,0,2,0.349,0.249,29,7
87.91,DRY RUN,SCAN,0,,,,,100,0,0,0,36,85,OPTOMOTOR,,0.02,0.03,0.02,0.00,0.00,0.00,0.00,,yes,18.6,32,5.906,0,4,0.375,0.274,29,7
87.96,DRY RUN,SCAN,0,,,,,100,0,0,0,38,85,OPTOMOTOR,,0.02,0.02,0.01,0.00,0.00,0.00,0.00,,yes,18.9,31,3.271,0,4,0.448,0.331,29,9
88.06,DRY RUN,SCAN,0,,,,,100,0,0,0,37,85,OPTOMOTOR,,0.03,0.02,0.01,0.00,0.00,0.00,0.00,,yes,10.4,31,3.227,0,1,0.393,0.291,29,8
88.11,DRY RUN,SCAN,0,,,,,100,0,0,0,35,85,OPTOMOTOR,,0.03,0.01,0.01,0.00,0.00,0.00,0.00,,yes,18.8,31,5.854,0,1,0.309,0.211,29,6
88.16,DRY RUN,SCAN,0,,,,,100,0,0,0,36,85,OPTOMOTOR,,0.03,0.01,0.01,0.00,0.00,0.00,0.00,,yes,18.9,31,3.229,0,6,0.363,0.262,29,7
88.26,DRY RUN,SCAN,0,,,,,100,0,0,0,36,85,OPTOMOTOR,,0.08,0.02,0.02,0.00,0.00,0.00,0.00,,yes,10.2,31,3.225,0,4,0.367,0.267,29,7
88.31,DRY RUN,SCAN,0,,,,,100,0,0,0,38,85,OPTOMOTOR,,0.10,0.02,0.02,0.00,0.00,0.00,0.00,,yes,18.7,31,5.977,0,4,0.442,0.327,29,9
88.37,DRY RUN,SCAN,0,,,,,100,0,0,0,37,85,OPTOMOTOR,,0.07,0.03,0.02,0.00,0.00,0.00,0.00,,yes,18.8,31,3.255,0,2,0.395,0.293,29,8
88.46,DRY RUN,SCAN,0,,,,,100,0,0,0,38,85,OPTOMOTOR,,0.05,0.03,0.02,0.00,0.00,0.00,0.00,,yes,10.3,31,3.238,0,7,0.464,0.342,29,9
88.52,DRY RUN,SCAN,0,,,,,100,0,0,0,38,85,OPTOMOTOR,,0.03,0.03,0.02,0.00,0.00,0.00,0.00,,yes,18.7,31,5.906,0,4,0.462,0.340,29,9
88.57,DRY RUN,SCAN,0,,,,,100,0,0,0,37,85,OPTOMOTOR,,0.02,0.04,0.02,0.00,0.00,0.00,0.00,,yes,18.9,31,3.246,0,1,0.383,0.282,29,8
88.67,DRY RUN,SCAN,0,,,,,100,0,0,0,37,85,OPTOMOTOR,,0.02,0.04,0.02,0.00,0.00,0.00,0.00,,yes,10.0,32,3.221,0,5,0.420,0.311,29,8
88.72,DRY RUN,SCAN,0,,,,,100,0,0,0,38,85,OPTOMOTOR,,0.02,0.03,0.02,0.00,0.00,0.00,0.00,,yes,18.9,32,6.018,0,4,0.458,0.337,29,9
88.78,DRY RUN,SCAN,0,,,,,100,0,0,0,39,85,OPTOMOTOR,,0.04,0.03,0.02,0.00,0.00,0.00,0.00,,yes,18.8,31,3.278,0,7,0.521,0.381,29,10
88.87,DRY RUN,SCAN,0,,,,,100,0,0,0,40,85,OPTOMOTOR,,0.09,0.03,0.03,0.00,0.00,0.00,0.00,,yes,10.3,31,3.223,0,7,0.535,0.391,29,11
88.93,DRY RUN,SCAN,0,,,,,100,0,0,0,39,85,OPTOMOTOR,,0.11,0.03,0.03,0.00,0.00,0.00,0.00,,yes,18.6,31,5.914,0,6,0.516,0.377,29,10
88.98,DRY RUN,SCAN,0,,,,,100,0,0,0,37,85,OPTOMOTOR,,0.10,0.02,0.02,0.00,0.00,0.00,0.00,,yes,18.9,31,3.268,0,2,0.395,0.293,29,8
89.08,DRY RUN,SCAN,0,,,,,100,0,0,0,37,85,OPTOMOTOR,,0.07,0.02,0.02,0.00,0.00,0.00,0.00,,yes,10.3,31,3.231,0,4,0.386,0.284,29,8
89.13,DRY RUN,SCAN,0,,,,,100,0,0,0,39,85,OPTOMOTOR,,0.06,0.02,0.02,0.00,0.00,0.00,0.00,,yes,18.6,31,5.919,0,8,0.505,0.370,29,10
89.18,DRY RUN,SCAN,0,,,,,100,0,0,0,37,85,OPTOMOTOR,,0.04,0.01,0.02,0.00,0.00,0.00,0.00,,yes,18.9,31,3.262,0,2,0.391,0.289,29,8
89.28,DRY RUN,SCAN,0,,,,,100,0,0,0,40,85,OPTOMOTOR,,0.03,0.02,0.02,0.00,0.00,0.00,0.00,,yes,10.3,31,3.228,0,8,0.551,0.401,29,11
89.33,DRY RUN,SCAN,0,,,,,100,0,0,0,37,85,OPTOMOTOR,,0.03,0.02,0.02,0.00,0.00,0.00,0.00,,yes,18.7,31,5.906,0,3,0.399,0.297,29,8
89.39,DRY RUN,SCAN,0,,,,,100,0,0,0,37,85,OPTOMOTOR,,0.03,0.02,0.02,0.00,0.00,0.00,0.00,,yes,18.9,31,3.237,0,2,0.378,0.277,29,8
89.48,DRY RUN,SCAN,0,,,,,100,0,0,0,8,85,OPTOMOTOR,,0.02,0.01,0.02,0.00,0.00,0.00,0.00,,yes,10.3,31,3.225,0,4,0.409,0.304,0,8
89.97,DRY RUN,SCAN,0,,,,,100,0,0,0,4,85,OPTOMOTOR,,0.02,0.01,0.02,0.00,0.00,0.00,0.00,,yes,2.1,31,-0.003,6,7,0.219,0.548,0,4
90.46,DRY RUN,SCAN,0,,,,,100,0,0,0,5,85,OPTOMOTOR,,0.01,0.01,0.01,0.00,0.00,0.00,0.00,,yes,2.1,32,-0.002,6,8,0.229,0.761,0,5
90.94,DRY RUN,SCAN,0,,,,,100,0,0,0,14,85,CRUISE,,0.01,0.00,0.01,0.00,0.00,0.00,0.00,,,2.1,31,-0.015,6,8,0.184,0.853,10,4
91.00,DRY RUN,SCAN,0,,,,,100,0,0,0,18,85,CRUISE,,0.00,0.00,0.01,0.00,0.00,0.00,0.00,,yes,18.7,31,10.230,0,2,0.041,0.604,17,1
91.05,DRY RUN,SCAN,0,,,,,100,0,0,0,24,85,CRUISE,,0.01,0.00,0.01,0.00,0.00,0.00,0.00,,yes,18.8,31,1.923,0,2,0.128,0.464,21,3
91.15,DRY RUN,SCAN,0,,,,,100,0,0,0,29,85,CRUISE,,0.02,0.01,0.01,0.00,0.00,0.00,0.00,,yes,10.3,31,2.334,0,5,0.231,0.385,24,5
91.20,DRY RUN,SCAN,0,,,,,100,0,0,0,34,85,OPTOMOTOR,,0.02,0.02,0.01,0.00,0.00,0.00,0.00,,yes,18.6,31,4.888,0,6,0.409,0.388,26,8
91.25,DRY RUN,SCAN,0,,,,,100,0,0,0,36,85,OPTOMOTOR,,0.02,0.02,0.01,0.00,0.00,0.00,0.00,,yes,18.9,31,2.964,0,5,0.455,0.357,27,9
91.35,DRY RUN,SCAN,0,,,,,100,0,0,0,37,85,OPTOMOTOR,,0.05,0.02,0.01,0.00,0.00,0.00,0.00,,yes,10.3,31,3.005,0,3,0.449,0.344,28,9
91.40,DRY RUN,SCAN,0,,,,,100,0,0,0,38,85,OPTOMOTOR,,0.06,0.02,0.01,0.00,0.00,0.00,0.00,,yes,18.7,31,5.670,0,6,0.426,0.322,29,9
91.46,DRY RUN,SCAN,0,,,,,100,0,0,0,38,85,OPTOMOTOR,,0.04,0.03,0.02,0.00,0.00,0.00,0.00,,yes,18.7,31,3.260,0,6,0.454,0.339,29,9
91.55,DRY RUN,SCAN,0,,,,,100,0,0,0,39,85,OPTOMOTOR,,0.02,0.03,0.01,0.00,0.00,0.00,0.00,,yes,10.4,31,3.246,0,5,0.484,0.357,29,10
91.61,DRY RUN,SCAN,0,,,,,100,0,0,0,37,85,OPTOMOTOR,,0.02,0.02,0.01,0.00,0.00,0.00,0.00,,yes,18.6,31,5.880,0,3,0.424,0.316,29,8
91.66,DRY RUN,SCAN,0,,,,,100,0,0,0,37,85,OPTOMOTOR,,0.02,0.02,0.01,0.00,0.00,0.00,0.00,,yes,18.8,31,3.247,0,2,0.388,0.287,29,8
91.76,DRY RUN,SCAN,0,,,,,100,0,0,0,36,85,OPTOMOTOR,,0.01,0.02,0.02,0.00,0.00,0.00,0.00,,yes,9.9,31,3.244,0,4,0.352,0.252,29,7
91.81,DRY RUN,SCAN,0,,,,,100,0,0,0,37,85,OPTOMOTOR,,0.02,0.02,0.02,0.00,0.00,0.00,0.00,,yes,18.6,32,6.106,0,5,0.396,0.295,29,8
91.87,DRY RUN,SCAN,0,,,,,100,0,0,0,37,85,OPTOMOTOR,,0.01,0.02,0.02,0.00,0.00,0.00,0.00,,yes,18.7,31,3.283,0,2,0.392,0.290,29,8
91.97,DRY RUN,SCAN,0,,,,,100,0,0,0,36,85,OPTOMOTOR,,0.01,0.01,0.01,0.00,0.00,0.00,0.00,,yes,10.3,32,3.274,0,3,0.364,0.263,29,7
92.02,DRY RUN,SCAN,0,,,,,100,0,0,0,38,85,OPTOMOTOR,,0.01,0.01,0.01,0.00,0.00,0.00,0.00,,yes,19.0,30,5.904,0,8,0.425,0.315,29,9
92.07,DRY RUN,SCAN,0,,,,,100,0,0,0,37,85,OPTOMOTOR,,0.01,0.01,0.01,0.00,0.00,0.00,0.00,,yes,19.4,29,3.198,0,3,0.379,0.277,29,8
92.16,DRY RUN,SCAN,0,,,,,100,0,0,0,35,85,OPTOMOTOR,,0.01,0.01,0.01,0.00,0.00,0.00,0.00,,yes,10.8,29,3.153,0,2,0.322,0.223,29,6
92.21,DRY RUN,SCAN,0,,,,,100,0,0,0,34,85,OPTOMOTOR,,0.01,0.01,0.02,0.00,0.00,0.00,0.00,,yes,19.4,29,5.670,0,2,0.274,0.178,29,5
92.26,DRY RUN,SCAN,0,,,,,100,0,0,0,36,85,OPTOMOTOR,,0.03,0.01,0.01,0.00,0.00,0.00,0.00,,yes,19.7,29,3.136,0,6,0.373,0.272,29,7
92.36,DRY RUN,SCAN,0,,,,,100,0,0,0,38,85,OPTOMOTOR,,0.04,0.01,0.01,0.00,0.00,0.00,0.00,,yes,10.8,29,3.077,0,6,0.439,0.325,29,9
92.41,DRY RUN,SCAN,0,,,,,100,0,0,0,38,85,OPTOMOTOR,,0.02,0.02,0.01,0.00,0.00,0.00,0.00,,yes,19.5,29,5.640,0,3,0.462,0.340,29,9
92.46,DRY RUN,SCAN,0,,,,,100,0,0,0,37,85,OPTOMOTOR,,0.01,0.02,0.01,0.00,0.00,0.00,0.00,,yes,19.7,29,3.134,0,3,0.393,0.291,29,8
92.55,DRY RUN,SCAN,0,,,,,100,0,0,0,36,85,OPTOMOTOR,,0.02,0.02,0.01,0.00,0.00,0.00,0.00,,yes,10.9,29,3.077,0,4,0.355,0.255,29,7
92.60,DRY RUN,SCAN,0,,,,,100,0,0,0,37,85,OPTOMOTOR,,0.02,0.02,0.01,0.00,0.00,0.00,0.00,,yes,19.7,29,5.600,0,4,0.393,0.291,29,8
92.65,DRY RUN,SCAN,0,,,,,100,0,0,0,37,85,OPTOMOTOR,,0.01,0.01,0.01,0.00,0.00,0.00,0.00,,yes,19.5,29,3.090,0,4,0.420,0.312,29,8
92.75,DRY RUN,SCAN,0,,,,,100,0,0,0,39,85,OPTOMOTOR,,0.01,0.01,0.01,0.00,0.00,0.00,0.00,,yes,10.8,29,3.115,0,5,0.507,0.371,29,10
92.80,DRY RUN,SCAN,0,,,,,100,0,0,0,39,85,OPTOMOTOR,,0.01,0.01,0.01,0.00,0.00,0.00,0.00,,yes,19.6,29,5.632,0,5,0.493,0.361,29,10
92.85,DRY RUN,SCAN,0,,,,,100,0,0,0,39,85,OPTOMOTOR,,0.02,0.01,0.01,0.00,0.00,0.00,0.00,,yes,19.7,29,3.104,0,6,0.492,0.361,29,10
92.94,DRY RUN,SCAN,0,,,,,100,0,0,0,37,85,OPTOMOTOR,,0.02,0.01,0.01,0.00,0.00,0.00,0.00,,yes,10.8,29,3.104,0,2,0.422,0.313,29,8
92.99,DRY RUN,SCAN,0,,,,,100,0,0,0,38,85,OPTOMOTOR,,0.02,0.01,0.01,0.00,0.00,0.00,0.00,,yes,19.4,29,5.632,0,4,0.438,0.324,29,9
93.04,DRY RUN,SCAN,0,,,,,100,0,0,0,38,85,OPTOMOTOR,,0.02,0.02,0.01,0.00,0.00,0.00,0.00,,yes,19.7,29,3.117,0,3,0.461,0.340,29,9
93.13,DRY RUN,SCAN,0,,,,,100,0,0,0,40,85,OPTOMOTOR,,0.01,0.03,0.01,0.00,0.00,0.00,0.00,,yes,11.0,29,3.104,0,8,0.571,0.415,29,11
93.18,DRY RUN,SCAN,0,,,,,100,0,0,0,39,85,OPTOMOTOR,,0.01,0.03,0.00,0.00,0.00,0.00,0.00,,yes,19.7,29,5.536,0,4,0.501,0.367,29,10
93.24,DRY RUN,SCAN,0,,,,,100,0,0,0,39,85,OPTOMOTOR,,0.01,0.03,0.00,0.00,0.00,0.00,0.00,,yes,19.6,29,3.097,0,4,0.483,0.354,29,10
93.33,DRY RUN,SCAN,0,,,,,100,0,0,0,38,85,OPTOMOTOR,,0.01,0.03,0.02,0.00,0.00,0.00,0.00,,yes,11.0,29,3.101,0,4,0.472,0.347,29,9
93.38,DRY RUN,SCAN,0,,,,,100,0,0,0,39,85,OPTOMOTOR,,0.02,0.02,0.03,0.00,0.00,0.00,0.00,,yes,19.7,29,5.537,0,6,0.480,0.353,29,10
93.43,DRY RUN,SCAN,0,,,,,100,0,0,0,37,85,OPTOMOTOR,,0.02,0.01,0.03,0.00,0.00,0.00,0.00,,yes,19.7,29,3.096,0,4,0.391,0.289,29,8
93.52,DRY RUN,SCAN,0,,,,,100,0,0,0,8,85,OPTOMOTOR,,0.03,0.01,0.03,0.00,0.00,0.00,0.00,,yes,10.9,29,3.080,0,5,0.405,0.301,0,8
94.00,DRY RUN,SCAN,0,,,,,100,0,0,0,2,85,OPTOMOTOR,,0.02,0.02,0.02,0.00,0.00,0.00,0.00,,yes,2.1,29,0.008,6,7,0.116,0.546,0,2
94.49,DRY RUN,SCAN,0,,,,,100,0,0,0,1,85,CRUISE,,0.02,0.02,0.01,0.00,0.00,0.00,0.00,,yes,2.0,32,0.009,5,8,0.057,0.713,0,1
94.98,DRY RUN,SCAN,0,,,,,100,0,0,0,11,85,CRUISE,,0.01,0.01,0.01,0.00,0.00,0.00,0.00,,,2.1,31,-0.009,6,7,0.068,0.849,10,1
95.03,DRY RUN,SCAN,0,,,,,100,0,0,0,18,85,CRUISE,,0.01,0.01,0.00,0.00,0.00,0.00,0.00,,yes,18.4,32,10.257,0,2,0.049,0.659,17,1
95.08,DRY RUN,SCAN,0,,,,,100,0,0,0,23,85,CRUISE,,0.01,0.01,0.00,0.00,0.00,0.00,0.00,,yes,18.8,31,1.935,0,3,0.100,0.485,21,2
95.18,DRY RUN,SCAN,0,,,,,100,0,0,0,28,85,CRUISE,,0.01,0.01,0.01,0.00,0.00,0.00,0.00,,yes,10.3,31,2.341,0,5,0.214,0.397,24,4
95.23,DRY RUN,SCAN,0,,,,,100,0,0,0,31,85,OPTOMOTOR,,0.02,0.01,0.02,0.00,0.00,0.00,0.00,,yes,18.6,31,4.900,0,2,0.245,0.276,26,5
95.29,DRY RUN,SCAN,0,,,,,100,0,0,0,33,85,OPTOMOTOR,,0.02,0.02,0.02,0.00,0.00,0.00,0.00,,yes,18.7,31,2.929,0,2,0.305,0.236,27,6
95.39,DRY RUN,SCAN,0,,,,,100,0,0,0,35,85,OPTOMOTOR,,0.02,0.02,0.04,0.00,0.00,0.00,0.00,,yes,10.3,31,3.016,0,5,0.358,0.271,28,7
95.44,DRY RUN,SCAN,0,,,,,100,0,0,0,39,85,OPTOMOTOR,,0.03,0.02,0.05,0.00,0.00,0.00,0.00,,yes,18.5,32,5.673,0,7,0.518,0.386,29,10
95.49,DRY RUN,SCAN,0,,,,,100,0,0,0,39,85,OPTOMOTOR,,0.04,0.01,0.06,0.00,0.00,0.00,0.00,,yes,18.8,31,3.264,0,7,0.513,0.380,29,10
95.59,DRY RUN,SCAN,0,,,,,100,0,0,0,38,85,OPTOMOTOR,,0.12,0.01,0.04,0.00,0.00,0.00,0.00,,yes,10.3,31,3.222,0,3,0.441,0.328,29,9
95.64,DRY RUN,SCAN,0,,,,,100,0,0,0,38,85,OPTOMOTOR,,0.16,0.02,0.03,0.00,0.00,0.00,0.00,,yes,18.4,31,5.870,0,6,0.462,0.342,29,9
95.70,DRY RUN,SCAN,0,,,,,100,0,0,0,39,85,OPTOMOTOR,,0.18,0.03,0.03,0.00,0.00,0.00,0.00,,yes,18.8,31,3.014,0,4,0.502,0.369,29,10
95.79,DRY RUN,SCAN,0,,,,,100,0,0,0,36,85,OPTOMOTOR,,0.18,0.03,0.03,0.00,0.00,0.00,0.00,,yes,10.3,31,3.141,0,2,0.375,0.274,29,7
95.85,DRY RUN,SCAN,0,,,,,100,0,0,0,38,85,OPTOMOTOR,,0.18,0.06,0.04,0.00,0.00,0.00,0.00,,yes,18.6,31,5.878,0,5,0.434,0.321,29,9
95.90,DRY RUN,SCAN,0,,,,,100,0,0,0,36,85,OPTOMOTOR,,0.18,0.08,0.02,0.00,0.00,0.00,0.00,,yes,18.8,31,3.266,0,3,0.367,0.267,29,7
96.00,DRY RUN,SCAN,0,,,,,100,0,0,0,36,85,OPTOMOTOR,,0.18,0.08,0.02,0.00,0.00,0.00,0.00,,yes,10.4,31,3.222,0,3,0.365,0.264,29,7
96.05,DRY RUN,SCAN,0,,,,,100,0,0,0,37,85,OPTOMOTOR,,0.11,0.05,0.02,0.00,0.00,0.00,0.00,,yes,18.6,31,5.873,0,3,0.379,0.278,29,8
96.10,DRY RUN,SCAN,0,,,,,100,0,0,0,36,85,OPTOMOTOR,,0.08,0.03,0.02,0.00,0.00,0.00,0.00,,yes,18.7,31,3.265,0,2,0.367,0.266,29,7
96.20,DRY RUN,SCAN,0,,,,,100,0,0,0,37,85,OPTOMOTOR,,0.09,0.02,0.03,0.00,0.00,0.00,0.00,,yes,10.3,31,3.239,0,6,0.413,0.307,29,8
96.26,DRY RUN,SCAN,0,,,,,100,0,0,0,36,85,OPTOMOTOR,,0.10,0.02,0.03,0.00,0.00,0.00,0.00,,yes,18.3,32,5.907,0,2,0.354,0.254,29,7
96.31,DRY RUN,SCAN,0,,,,,100,0,0,0,35,85,OPTOMOTOR,,0.08,0.02,0.04,0.00,0.00,0.00,0.00,,yes,19.1,30,3.334,0,2,0.293,0.195,29,6
96.40,DRY RUN,SCAN,0,,,,,100,0,0,0,35,85,OPTOMOTOR,,0.06,0.02,0.02,0.00,0.00,0.00,0.00,,yes,10.6,30,3.179,0,3,0.323,0.224,29,6
96.45,DRY RUN,SCAN,0,,,,,100,0,0,0,38,85,OPTOMOTOR,,0.04,0.02,0.02,0.00,0.00,0.00,0.00,,yes,18.9,31,5.740,0,6,0.442,0.327,29,9
96.51,DRY RUN,SCAN,0,,,,,100,0,0,0,36,85,OPTOMOTOR,,0.02,0.03,0.02,0.00,0.00,0.00,0.00,,yes,19.7,29,3.207,0,2,0.366,0.265,29,7
96.60,DRY RUN,SCAN,0,,,,,100,0,0,0,36,85,OPTOMOTOR,,0.02,0.03,0.02,0.00,0.00,0.00,0.00,,yes,10.8,29,3.089,0,2,0.359,0.259,29,7
96.65,DRY RUN,SCAN,0,,,,,100,0,0,0,36,85,OPTOMOTOR,,0.02,0.03,0.03,0.00,0.00,0.00,0.00,,yes,19.7,29,5.626,0,4,0.335,0.236,29,7
96.70,DRY RUN,SCAN,0,,,,,100,0,0,0,38,85,OPTOMOTOR,,0.03,0.02,0.03,0.00,0.00,0.00,0.00,,yes,19.6,29,3.100,0,6,0.431,0.319,29,9
96.79,DRY RUN,SCAN,0,,,,,100,0,0,0,39,85,OPTOMOTOR,,0.07,0.02,0.03,0.00,0.00,0.00,0.00,,yes,10.9,29,3.116,0,5,0.492,0.361,29,10
96.84,DRY RUN,SCAN,0,,,,,100,0,0,0,36,85,OPTOMOTOR,,0.10,0.02,0.03,0.00,0.00,0.00,0.00,,yes,19.5,29,5.799,0,1,0.366,0.265,29,7
96.89,DRY RUN,SCAN,0,,,,,100,0,0,0,37,85,OPTOMOTOR,,0.08,0.03,0.03,0.00,0.00,0.00,0.00,,yes,19.7,29,3.199,0,3,0.413,0.306,29,8
96.98,DRY RUN,SCAN,0,,,,,100,0,0,0,38,85,OPTOMOTOR,,0.07,0.03,0.03,0.00,0.00,0.00,0.00,,yes,10.9,29,3.041,0,6,0.447,0.330,29,9
97.04,DRY RUN,SCAN,0,,,,,100,0,0,0,38,85,OPTOMOTOR,,0.05,0.03,0.04,0.00,0.00,0.00,0.00,,yes,19.5,29,5.577,0,3,0.466,0.343,29,9
97.09,DRY RUN,SCAN,0,,,,,100,0,0,0,38,85,OPTOMOTOR,,0.04,0.03,0.03,0.00,0.00,0.00,0.00,,yes,19.8,29,3.108,0,3,0.435,0.322,29,9
97.18,DRY RUN,SCAN,0,,,,,100,0,0,0,37,85,OPTOMOTOR,,0.04,0.03,0.02,0.00,0.00,0.00,0.00,,yes,10.8,29,3.104,0,3,0.398,0.295,29,8
97.23,DRY RUN,SCAN,0,,,,,100,0,0,0,37,85,OPTOMOTOR,,0.04,0.02,0.02,0.00,0.00,0.00,0.00,,yes,19.6,29,5.654,0,2,0.377,0.276,29,8
97.28,DRY RUN,SCAN,0,,,,,100,0,0,0,38,85,OPTOMOTOR,,0.03,0.02,0.02,0.00,0.00,0.00,0.00,,yes,20.1,29,3.058,0,6,0.463,0.341,29,9
97.37,DRY RUN,SCAN,0,,,,,100,0,0,0,39,85,OPTOMOTOR,,0.02,0.03,0.02,0.00,0.00,0.00,0.00,,yes,10.9,29,3.077,0,6,0.517,0.378,29,10
97.42,DRY RUN,SCAN,0,,,,,100,0,0,0,37,85,OPTOMOTOR,,0.02,0.04,0.02,0.00,0.00,0.00,0.00,,yes,19.5,29,5.608,0,2,0.415,0.308,29,8
97.47,DRY RUN,SCAN,0,,,,,100,0,0,0,37,85,OPTOMOTOR,,0.02,0.03,0.01,0.00,0.00,0.00,0.00,,yes,19.6,29,3.102,0,4,0.413,0.307,29,8
97.57,DRY RUN,SCAN,0,,,,,100,0,0,0,7,85,OPTOMOTOR,,0.02,0.02,0.01,0.00,0.00,0.00,0.00,,yes,11.0,29,3.037,0,1,0.349,0.249,0,7
98.03,DRY RUN,SCAN,0,,,,,100,0,0,0,2,85,OPTOMOTOR,,0.01,0.02,0.01,0.00,0.00,0.00,0.00,,yes,2.1,29,0.014,6,8,0.101,0.536,0,2
98.50,DRY RUN,SCAN,0,,,,,100,0,0,0,2,85,CRUISE,,0.01,0.01,0.02,0.00,0.00,0.00,0.00,,yes,2.1,30,-0.035,6,7,0.098,0.736,0,2
98.97,DRY RUN,SCAN,0,,,,,100,0,0,0,12,85,CRUISE,,0.01,0.01,0.01,0.00,0.00,0.00,0.00,,,2.1,30,0.002,5,7,0.123,0.843,10,2
99.02,DRY RUN,SCAN,0,,,,,100,0,0,0,21,85,OPTOMOTOR,,0.01,0.01,0.01,0.00,0.00,0.00,0.00,,yes,19.6,29,9.801,0,4,0.175,0.637,17,4
99.07,DRY RUN,SCAN,0,,,,,100,0,0,0,26,85,CRUISE,,0.01,0.00,0.01,0.00,0.00,0.00,0.00,,yes,19.5,29,1.822,0,5,0.236,0.496,21,5
99.16,DRY RUN,SCAN,0,,,,,100,0,0,0,32,85,OPTOMOTOR,,0.01,0.00,0.01,0.00,0.00,0.00,0.00,,yes,10.8,29,2.258,0,6,0.417,0.480,24,8
99.21,DRY RUN,SCAN,0,,,,,100,0,0,0,35,85,OPTOMOTOR,,0.02,0.00,0.02,0.00,0.00,0.00,0.00,,yes,19.5,29,4.661,0,3,0.472,0.413,26,9
99.26,DRY RUN,SCAN,0,,,,,100,0,0,0,38,85,OPTOMOTOR,,0.02,0.01,0.02,0.00,0.00,0.00,0.00,,yes,19.6,29,2.829,0,6,0.569,0.433,27,11
99.36,DRY RUN,SCAN,0,,,,,100,0,0,0,38,85,OPTOMOTOR,,0.04,0.01,0.02,0.00,0.00,0.00,0.00,,yes,10.9,29,2.873,0,3,0.514,0.386,28,10
99.41,DRY RUN,SCAN,0,,,,,100,0,0,0,41,85,OPTOMOTOR,,0.06,0.01,0.03,0.00,0.00,0.00,0.00,,yes,19.4,29,5.390,0,6,0.587,0.432,29,12
99.46,DRY RUN,SCAN,0,,,,,100,0,0,0,37,85,OPTOMOTOR,,0.03,0.01,0.02,0.00,0.00,0.00,0.00,,yes,19.6,29,3.142,0,3,0.420,0.315,29,8
99.55,DRY RUN,SCAN,0,,,,,100,0,0,0,40,85,OPTOMOTOR,,0.02,0.01,0.01,0.00,0.00,0.00,0.00,,yes,10.9,29,3.096,0,7,0.562,0.411,29,11
99.60,DRY RUN,SCAN,0,,,,,100,0,0,0,40,85,OPTOMOTOR,,0.03,0.02,0.01,0.00,0.00,0.00,0.00,,yes,19.4,29,5.600,0,7,0.558,0.408,29,11
99.65,DRY RUN,SCAN,0,,,,,100,0,0,0,37,85,OPTOMOTOR,,0.03,0.02,0.01,0.00,0.00,0.00,0.00,,yes,19.6,29,3.142,0,1,0.378,0.277,29,8
99.74,DRY RUN,SCAN,0,,,,,100,0,0,0,37,85,OPTOMOTOR,,0.02,0.02,0.01,0.00,0.00,0.00,0.00,,yes,10.9,29,3.105,0,4,0.391,0.289,29,8
99.80,DRY RUN,SCAN,0,,,,,100,0,0,0,36,85,OPTOMOTOR,,0.02,0.02,0.01,0.00,0.00,0.00,0.00,,yes,19.6,29,5.620,0,1,0.338,0.239,29,7
99.85,DRY RUN,SCAN,0,,,,,100,0,0,0,37,85,OPTOMOTOR,,0.02,0.02,0.01,0.00,0.00,0.00,0.00,,yes,19.8,29,3.084,0,6,0.412,0.306,29,8
99.94,DRY RUN,SCAN,0,,,,,100,0,0,0,38,85,OPTOMOTOR,,0.02,0.02,0.02,0.00,0.00,0.00,0.00,,yes,10.8,29,3.092,0,7,0.474,0.349,29,9
99.99,DRY RUN,SCAN,0,,,,,100,0,0,0,37,85,OPTOMOTOR,,0.06,0.02,0.02,0.00,0.00,0.00,0.00,,yes,19.4,29,5.638,0,2,0.394,0.292,29,8
100.04,DRY RUN,SCAN,0,,,,,100,0,0,0,37,85,OPTOMOTOR,,0.08,0.01,0.02,0.00,0.00,0.00,0.00,,yes,19.8,29,3.123,0,4,0.385,0.283,29,8
100.13,DRY RUN,SCAN,0,,,,,100,0,0,0,38,85,OPTOMOTOR,,0.07,0.01,0.02,0.00,0.00,0.00,0.00,,yes,10.9,29,3.071,0,5,0.462,0.341,29,9
100.19,DRY RUN,SCAN,0,,,,,100,0,0,0,40,85,OPTOMOTOR,,0.05,0.01,0.02,0.00,0.00,0.00,0.00,,yes,19.1,30,5.629,0,6,0.537,0.392,29,11
100.30,DRY RUN,SCAN,0,,,,,100,0,0,0,39,85,OPTOMOTOR,,0.04,0.02,0.02,0.00,0.00,0.00,0.00,,yes,8.8,48,5.807,0,7,0.524,0.383,29,10
100.41,DRY RUN,SCAN,0,,,,,100,0,0,0,38,85,OPTOMOTOR,,0.03,0.02,0.02,0.00,0.00,0.00,0.00,,yes,9.1,32,4.452,0,4,0.474,0.349,29,9
100.46,DRY RUN,SCAN,0,,,,,100,0,0,0,38,85,OPTOMOTOR,,0.04,0.02,0.02,0.00,0.00,0.00,0.00,,yes,18.2,32,6.487,0,3,0.440,0.325,29,9
100.52,DRY RUN,SCAN,0,,,,,100,0,0,0,37,85,OPTOMOTOR,,0.09,0.03,0.02,0.00,0.00,0.00,0.00,,yes,19.0,31,3.287,0,3,0.420,0.312,29,8
100.61,DRY RUN,SCAN,0,,,,,100,0,0,0,39,85,OPTOMOTOR,,0.12,0.03,0.03,0.00,0.00,0.00,0.00,,yes,10.4,31,3.199,0,5,0.486,0.357,29,10
100.66,DRY RUN,SCAN,0,,,,,100,0,0,0,38,85,OPTOMOTOR,,0.14,0.02,0.03,0.00,0.00,0.00,0.00,,yes,19.1,30,6.032,0,5,0.460,0.339,29,9
100.72,DRY RUN,SCAN,0,,,,,100,0,0,0,39,85,OPTOMOTOR,,0.15,0.02,0.02,0.00,0.00,0.00,0.00,,yes,19.3,30,3.180,0,4,0.522,0.381,29,10
100.81,DRY RUN,SCAN,0,,,,,100,0,0,0,38,85,OPTOMOTOR,,0.11,0.01,0.02,0.00,0.00,0.00,0.00,,yes,10.9,30,3.164,0,4,0.473,0.348,29,9
100.86,DRY RUN,SCAN,0,,,,,100,0,0,0,39,85,OPTOMOTOR,,0.08,0.01,0.02,0.00,0.00,0.00,0.00,,yes,19.3,30,5.594,0,6,0.481,0.353,29,10
100.91,DRY RUN,SCAN,0,,,,,100,0,0,0,38,85,OPTOMOTOR,,0.07,0.03,0.03,0.00,0.00,0.00,0.00,,yes,19.6,29,3.141,0,3,0.464,0.342,29,9
101.00,DRY RUN,SCAN,0,,,,,100,0,0,0,40,85,OPTOMOTOR,,0.06,0.02,0.02,0.00,0.00,0.00,0.00,,yes,11.0,29,3.133,0,7,0.545,0.397,29,11
101.05,DRY RUN,SCAN,0,,,,,100,0,0,0,38,85,OPTOMOTOR,,0.06,0.02,0.02,0.00,0.00,0.00,0.00,,yes,19.5,29,5.499,0,4,0.445,0.329,29,9
101.10,DRY RUN,SCAN,0,,,,,100,0,0,0,37,85,OPTOMOTOR,,0.04,0.01,0.01,0.00,0.00,0.00,0.00,,yes,19.7,29,3.097,0,5,0.397,0.295,29,8
101.19,DRY RUN,SCAN,0,,,,,100,0,0,0,38,85,OPTOMOTOR,,0.03,0.01,0.01,0.00,0.00,0.00,0.00,,yes,11.2,29,3.095,0,5,0.472,0.347,29,9
101.24,DRY RUN,SCAN,0,,,,,100,0,0,0,38,85,OPTOMOTOR,,0.03,0.01,0.01,0.00,0.00,0.00,0.00,,yes,19.4,29,5.451,0,3,0.459,0.338,29,9
101.30,DRY RUN,SCAN,0,,,,,100,0,0,0,36,85,OPTOMOTOR,,0.04,0.01,0.02,0.00,0.00,0.00,0.00,,yes,19.5,29,3.149,0,2,0.342,0.243,29,7
101.39,DRY RUN,SCAN,0,,,,,100,0,0,0,37,85,OPTOMOTOR,,0.04,0.03,0.02,0.00,0.00,0.00,0.00,,yes,11.1,29,3.103,0,4,0.386,0.284,29,8
101.44,DRY RUN,SCAN,0,,,,,100,0,0,0,36,85,OPTOMOTOR,,0.04,0.04,0.02,0.00,0.00,0.00,0.00,,yes,19.6,29,5.471,0,2,0.371,0.270,29,7
101.49,DRY RUN,SCAN,0,,,,,100,0,0,0,9,85,OPTOMOTOR,,0.04,0.03,0.02,0.00,0.00,0.00,0.00,,yes,19.6,29,3.106,0,6,0.458,0.338,0,9
101.94,DRY RUN,SCAN,0,,,,,100,0,0,0,3,85,OPTOMOTOR,,0.06,0.02,0.02,0.00,0.00,0.00,0.00,,yes,2.2,29,0.002,6,7,0.168,0.553,0,3
102.39,DRY RUN,SCAN,0,,,,,100,0,0,0,3,85,CRUISE,,0.07,0.01,0.01,0.00,0.00,0.00,0.00,,yes,2.2,30,0.401,5,8,0.173,0.745,0,3
102.84,DRY RUN,SCAN,0,,,,,100,0,0,0,12,85,CRUISE,,0.07,0.01,0.01,0.00,0.00,0.00,0.00,,,2.2,30,-0.022,5,8,0.106,0.825,10,2
102.93,DRY RUN,SCAN,0,,,,,100,0,0,0,22,85,CRUISE,,0.07,0.01,0.01,0.00,0.00,0.00,0.00,,yes,11.1,30,8.678,0,6,0.226,0.650,17,5
102.98,DRY RUN,SCAN,0,,,,,100,0,0,0,25,85,OPTOMOTOR,,0.05,0.01,0.01,0.00,0.00,0.00,0.00,,yes,19.7,30,3.188,0,1,0.187,0.456,21,4
103.03,DRY RUN,SCAN,0,,,,,100,0,0,0,29,85,OPTOMOTOR,,0.04,0.03,0.03,0.00,0.00,0.00,0.00,,yes,19.6,29,2.265,0,3,0.246,0.357,24,5
103.12,DRY RUN,SCAN,0,,,,,100,0,0,0,34,85,OPTOMOTOR,,0.03,0.04,0.04,0.00,0.00,0.00,0.00,,yes,11.1,29,2.564,0,3,0.376,0.344,26,8
103.18,DRY RUN,SCAN,0,,,,,100,0,0,0,35,85,OPTOMOTOR,,0.03,0.04,0.04,0.00,0.00,0.00,0.00,,yes,19.4,30,4.903,0,4,0.381,0.298,27,8
103.23,DRY RUN,SCAN,0,,,,,100,0,0,0,38,85,OPTOMOTOR,,0.02,0.03,0.03,0.00,0.00,0.00,0.00,,yes,19.8,29,2.863,0,6,0.487,0.368,28,10
103.32,DRY RUN,SCAN,0,,,,,100,0,0,0,38,85,OPTOMOTOR,,0.05,0.02,0.02,0.00,0.00,0.00,0.00,,yes,11.0,29,3.059,0,2,0.440,0.331,29,9
103.37,DRY RUN,SCAN,0,,,,,100,0,0,0,39,85,OPTOMOTOR,,0.06,0.03,0.02,0.00,0.00,0.00,0.00,,yes,19.6,29,5.560,0,6,0.483,0.358,29,10
103.42,DRY RUN,SCAN,0,,,,,100,0,0,0,40,85,OPTOMOTOR,,0.05,0.03,0.02,0.00,0.00,0.00,0.00,,yes,19.7,29,3.185,0,6,0.549,0.402,29,11
103.52,DRY RUN,SCAN,0,,,,,100,0,0,0,38,85,OPTOMOTOR,,0.04,0.03,0.04,0.00,0.00,0.00,0.00,,yes,9.5,44,3.133,0,3,0.461,0.341,29,9
103.58,DRY RUN,SCAN,0,,,,,100,0,0,0,39,85,OPTOMOTOR,,0.06,0.02,0.04,0.00,0.00,0.00,0.00,,yes,19.5,29,6.457,0,4,0.481,0.354,29,10
103.63,DRY RUN,SCAN,0,,,,,100,0,0,0,39,85,OPTOMOTOR,,0.58,0.01,0.03,0.00,0.00,0.00,0.00,,yes,19.8,29,3.052,0,5,0.478,0.352,29,10
103.72,DRY RUN,SCAN,0,,,,,100,0,0,0,41,85,OPTOMOTOR,,1.15,0.01,0.02,0.00,0.00,0.18,0.00,,yes,11.0,30,3.088,0,7,0.595,0.432,29,12
103.77,DRY RUN,SCAN,0,,,,,100,0,0,0,38,85,OPTOMOTOR,,1.50,0.01,0.02,0.15,0.00,0.35,0.00,,yes,19.3,30,5.491,0,4,0.514,0.376,29,9
103.82,DRY RUN,SCAN,0,,,,,100,0,0,0,35,85,AVOID_RIGHT,,1.67,0.01,0.02,0.38,0.00,0.43,0.00,,yes,19.6,29,3.123,0,4,0.469,0.345,29,6
103.91,DRY RUN,SCAN,0,,,,,100,0,0,0,35,85,AVOID_RIGHT,,1.72,0.01,0.02,0.36,0.00,0.46,0.00,,yes,11.1,29,3.100,0,4,0.465,0.342,29,6
103.96,DRY RUN,SCAN,0,,,,,100,0,0,0,38,85,AVOID_RIGHT,,0.91,0.02,0.02,0.27,0.00,0.05,0.00,,yes,19.6,29,5.443,0,7,0.587,0.426,29,9
104.01,DRY RUN,SCAN,0,,,,,100,0,0,0,37,85,AVOID_RIGHT,,0.50,0.02,0.02,0.15,0.00,0.00,0.00,,yes,19.8,29,3.092,0,1,0.448,0.330,29,8
104.10,DRY RUN,SCAN,0,,,,,100,0,0,0,36,85,AVOID_RIGHT,,0.33,0.03,0.01,0.09,0.00,0.00,0.00,,yes,11.2,29,3.077,0,2,0.368,0.267,29,7
104.15,DRY RUN,SCAN,0,,,,,100,0,0,0,36,85,AVOID_RIGHT,,0.26,0.03,0.01,0.05,0.00,0.00,0.00,,yes,19.7,29,5.367,0,4,0.385,0.284,29,7
104.20,DRY RUN,SCAN,0,,,,,100,0,0,0,39,85,OPTOMOTOR,,0.23,0.03,0.02,0.03,0.00,0.00,0.00,,yes,19.8,29,3.079,0,6,0.491,0.360,29,10
104.29,DRY RUN,SCAN,0,,,,,100,0,0,0,36,85,OPTOMOTOR,,0.21,0.02,0.02,0.02,0.00,0.00,0.00,,yes,11.2,29,3.046,0,2,0.355,0.255,29,7
104.34,DRY RUN,SCAN,0,,,,,100,0,0,0,38,85,OPTOMOTOR,,0.13,0.02,0.02,0.01,0.00,0.00,0.00,,yes,19.7,29,5.396,0,5,0.460,0.339,29,9
104.39,DRY RUN,SCAN,0,,,,,100,0,0,0,37,85,OPTOMOTOR,,0.07,0.02,0.02,0.00,0.00,0.00,0.00,,yes,20.0,28,3.077,0,4,0.398,0.296,29,8
104.48,DRY RUN,SCAN,0,,,,,100,0,0,0,36,85,OPTOMOTOR,,0.04,0.02,0.02,0.00,0.00,0.00,0.00,,yes,11.2,29,3.041,0,3,0.367,0.267,29,7
104.53,DRY RUN,SCAN,0,,,,,100,0,0,0,36,85,OPTOMOTOR,,0.03,0.02,0.02,0.00,0.00,0.00,0.00,,yes,19.6,29,5.474,0,1,0.340,0.241,29,7
104.58,DRY RUN,SCAN,0,,,,,100,0,0,0,36,85,OPTOMOTOR,,0.02,0.02,0.02,0.00,0.00,0.00,0.00,,yes,19.9,29,3.101,0,2,0.360,0.259,29,7
104.67,DRY RUN,SCAN,0,,,,,100,0,0,0,36,85,OPTOMOTOR,,0.04,0.01,0.02,0.00,0.00,0.00,0.00,,yes,11.2,29,3.062,0,3,0.331,0.232,29,7
104.72,DRY RUN,SCAN,0,,,,,100,0,0,0,37,85,OPTOMOTOR,,0.04,0.01,0.01,0.00,0.00,0.00,0.00,,yes,19.9,29,5.469,0,6,0.406,0.302,29,8
104.77,DRY RUN,SCAN,0,,,,,100,0,0,0,36,85,OPTOMOTOR,,0.04,0.01,0.01,0.00,0.00,0.00,0.00,,yes,19.7,29,3.085,0,2,0.366,0.265,29,7
104.86,DRY RUN,SCAN,0,,,,,100,0,0,0,36,85,OPTOMOTOR,,0.03,0.02,0.02,0.00,0.00,0.00,0.00,,yes,11.2,29,3.154,0,2,0.344,0.245,29,7
104.91,DRY RUN,SCAN,0,,,,,100,0,0,0,37,85,OPTOMOTOR,,0.03,0.02,0.02,0.00,0.00,0.00,0.00,,yes,19.7,29,5.424,0,5,0.410,0.305,29,8
104.96,DRY RUN,SCAN,0,,,,,100,0,0,0,38,85,OPTOMOTOR,,0.03,0.02,0.02,0.00,0.00,0.00,0.00,,yes,19.8,29,3.074,0,5,0.459,0.338,29,9
105.05,DRY RUN,SCAN,0,,,,,100,0,0,0,40,85,OPTOMOTOR,,0.02,0.02,0.02,0.00,0.00,0.00,0.00,,yes,11.3,29,3.056,0,8,0.570,0.415,29,11
105.10,DRY RUN,SCAN,0,,,,,100,0,0,0,39,85,OPTOMOTOR,,0.02,0.02,0.02,0.00,0.00,0.00,0.00,,yes,19.7,29,5.414,0,4,0.521,0.381,29,10
105.15,DRY RUN,SCAN,0,,,,,100,0,0,0,40,85,OPTOMOTOR,,0.02,0.01,0.02,0.00,0.00,0.00,0.00,,yes,19.8,29,3.079,0,5,0.543,0.396,29,11
105.24,DRY RUN,SCAN,0,,,,,100,0,0,0,39,85,OPTOMOTOR,,0.02,0.01,0.01,0.00,0.00,0.00,0.00,,yes,11.2,29,3.068,0,4,0.506,0.370,29,10
105.29,DRY RUN,SCAN,0,,,,,100,0,0,0,41,85,OPTOMOTOR,,0.02,0.01,0.01,0.00,0.00,0.00,0.00,,yes,19.6,29,5.460,0,8,0.576,0.418,29,12
105.34,DRY RUN,SCAN,0,,,,,100,0,0,0,11,85,OPTOMOTOR,,0.03,0.01,0.01,0.00,0.00,0.00,0.00,,yes,19.9,28,3.102,0,6,0.538,0.393,0,11
105.79,DRY RUN,SCAN,0,,,,,100,0,0,0,6,85,OPTOMOTOR,,0.03,0.01,0.01,0.00,0.00,0.00,0.00,,yes,2.2,29,0.010,6,8,0.306,0.617,0,6
106.24,DRY RUN,SCAN,0,,,,,100,0,0,0,5,85,OPTOMOTOR,,0.03,0.01,0.01,0.00,0.00,0.00,0.00,,yes,2.2,29,-0.364,6,7,0.236,0.795,0,5
106.69,DRY RUN,SCAN,0,,,,,100,0,0,0,13,85,CRUISE,,0.03,0.02,0.01,0.00,2.62,0.00,0.00,,,2.2,30,-0.495,6,7,0.145,0.882,10,3
106.78,DRY RUN,SCAN,0,,,,,100,0,0,0,20,85,CRUISE,,0.05,0.05,0.12,0.00,3.93,0.00,0.00,,yes,11.0,29,7.383,0,7,0.163,0.672,17,3
106.83,DRY RUN,SCAN,0,,,,,100,0,0,0,21,85,CRUISE,,0.26,0.13,0.22,0.00,2.75,0.00,0.00,,yes,19.2,30,-1.320,1,1,-0.011,0.416,21,0
106.88,DRY RUN,SCAN,0,,,,,100,0,0,0,23,85,CRUISE,,0.22,0.18,0.88,0.00,1.92,0.00,0.00,,yes,19.7,29,-0.368,5,6,-0.069,0.587,24,-1
106.97,DRY RUN,SCAN,0,,,,,100,0,0,0,24,85,CRUISE,,0.20,0.58,1.21,0.00,1.35,0.00,0.00,,yes,11.1,29,0.762,6,7,-0.085,0.765,26,-2
107.02,DRY RUN,SCAN,0,,,,,100,0,0,0,31,85,CRUISE,,0.18,0.78,1.36,0.00,0.94,0.00,0.00,,yes,19.6,29,1.206,1,7,0.178,0.669,27,4
107.07,DRY RUN,SCAN,0,,,,,100,0,0,0,35,85,CRUISE,,0.14,0.60,0.80,0.00,0.66,0.00,0.00,,yes,19.8,29,1.753,0,7,0.345,0.581,28,7
107.16,DRY RUN,SCAN,0,,,,,100,0,0,0,36,85,OPTOMOTOR,,0.12,0.49,0.52,0.00,0.46,0.00,0.00,,yes,11.2,28,1.040,2,5,0.362,0.561,29,7
107.21,DRY RUN,SCAN,0,,,,,100,0,0,0,38,85,OPTOMOTOR,,0.11,0.43,0.38,0.00,0.87,0.00,0.00,,yes,19.6,29,1.382,0,7,0.458,0.592,29,9
107.26,DRY RUN,SCAN,0,,,,,100,0,0,0,37,85,OPTOMOTOR,,0.09,0.40,0.34,0.00,0.61,0.00,0.00,,yes,19.7,29,1.067,3,7,0.400,0.653,29,8
107.35,DRY RUN,SCAN,0,,,,,100,0,0,0,36,85,OPTOMOTOR,,0.09,0.75,0.66,0.00,0.43,0.00,0.00,,yes,11.0,29,1.639,0,5,0.354,0.506,29,7
107.40,DRY RUN,SCAN,0,,,,,100,0,0,0,35,85,OPTOMOTOR,,0.08,0.92,0.82,0.00,0.44,0.00,0.00,,yes,19.7,29,0.378,6,8,0.292,0.680,29,6
107.46,DRY RUN,SCAN,0,,,,,100,0,0,0,33,85,OPTOMOTOR,,0.08,0.76,0.90,0.00,0.87,0.00,0.00,,yes,19.5,30,-0.320,6,8,0.224,0.807,29,4
107.55,DRY RUN,SCAN,0,,,,,100,0,0,0,37,85,OPTOMOTOR,,0.04,0.61,1.21,0.00,0.87,0.00,0.00,,yes,11.1,30,0.899,1,8,0.393,0.798,29,8
107.60,DRY RUN,SCAN,0,,,,,100,0,0,0,33,85,OPTOMOTOR,,0.03,0.51,1.36,0.00,0.61,0.00,0.00,,yes,19.5,29,0.688,5,7,0.199,0.806,29,4
107.65,DRY RUN,SCAN,0,,,,,100,0,0,0,29,85,CRUISE,,0.03,0.46,0.80,0.00,0.87,0.00,0.00,,yes,19.9,29,-1.192,2,1,0.003,0.640,29,0
107.74,DRY RUN,SCAN,0,,,,,100,0,0,0,30,85,CRUISE,,0.28,0.38,0.51,0.00,0.61,0.00,0.00,,yes,11.2,29,0.778,2,7,0.031,0.689,29,1
107.79,DRY RUN,SCAN,0,,,,,100,0,0,0,31,85,CRUISE,,0.40,0.34,0.49,0.00,0.44,0.00,0.00,,yes,19.7,29,0.579,4,7,0.115,0.798,29,2
107.84,DRY RUN,SCAN,0,,,,,100,0,0,0,31,85,CRUISE,,0.43,0.29,0.59,0.00,0.31,0.00,0.00,,yes,19.8,29,1.425,0,3,0.096,0.592,29,2
107.93,DRY RUN,SCAN,0,,,,,100,0,0,0,30,85,CRUISE,,0.42,0.23,1.01,0.00,0.44,0.00,0.00,,yes,11.1,29,0.180,6,8,0.063,0.772,29,1
107.98,DRY RUN,SCAN,0,,,,,100,0,0,0,30,85,CRUISE,,0.33,0.23,1.47,0.00,0.87,0.00,0.00,,yes,19.7,29,0.031,5,6,0.048,0.844,29,1
108.03,DRY RUN,SCAN,0,,,,,100,0,0,0,32,85,CRUISE,,0.29,0.22,1.94,0.15,0.61,0.00,0.27,,yes,19.5,29,1.428,0,7,0.175,0.737,29,3
108.12,DRY RUN,SCAN,0,,,,,100,0,0,0,31,85,AVOID_LEFT,,0.27,0.32,1.93,0.26,0.43,0.00,0.35,,yes,11.2,29,-0.013,5,7,0.133,0.830,29,2
108.17,DRY RUN,SCAN,0,,,,,100,0,0,0,31,85,AVOID_LEFT,,0.31,0.37,1.44,0.30,0.44,0.00,0.10,,yes,19.3,30,3.124,0,3,0.119,0.624,29,2
108.22,DRY RUN,SCAN,0,,,,,100,0,0,0,32,85,AVOID_LEFT,,0.34,0.30,1.20,0.17,0.87,0.00,0.00,,yes,19.7,29,-0.041,5,8,0.159,0.742,29,3
108.31,DRY RUN,SCAN,0,,,,,100,0,0,0,34,85,CRUISE,,0.19,0.22,1.02,0.09,0.61,0.00,0.00,,yes,11.2,29,1.477,1,7,0.255,0.656,29,5
108.36,DRY RUN,SCAN,0,,,,,100,0,0,0,35,85,OPTOMOTOR,,0.12,0.16,0.95,0.05,0.44,0.00,0.00,,yes,19.5,29,0.468,5,8,0.292,0.775,29,6
108.41,DRY RUN,SCAN,0,,,,,100,0,0,0,34,85,CRUISE,,0.20,0.13,0.92,0.03,0.31,0.00,0.00,,yes,19.7,29,1.538,0,6,0.241,0.636,29,5
108.50,DRY RUN,SCAN,0,,,,,100,0,0,0,33,85,OPTOMOTOR,,0.34,0.30,0.92,0.02,0.44,0.00,0.00,,yes,11.2,29,0.090,6,7,0.213,0.749,29,4
108.55,DRY RUN,SCAN,0,,,,,100,0,0,0,34,85,CRUISE,,0.41,0.42,1.05,0.01,0.44,0.00,0.00,,yes,19.6,29,1.025,2,7,0.242,0.736,29,5
108.61,DRY RUN,SCAN,0,,,,,100,0,0,0,37,85,OPTOMOTOR,,0.45,0.52,1.17,0.01,0.31,0.00,0.03,,yes,19.8,29,1.274,1,7,0.425,0.710,29,8
108.70,DRY RUN,SCAN,0,,,,,100,0,0,0,33,85,OPTOMOTOR,,0.32,0.75,1.23,0.00,0.87,0.00,0.00,,yes,11.0,30,-0.984,4,5,0.176,0.686,29,4
108.75,DRY RUN,SCAN,0,,,,,100,0,0,0,31,85,CRUISE,,0.24,0.89,0.82,0.00,0.61,0.00,0.00,,yes,19.5,29,0.454,6,7,0.121,0.734,29,2
108.80,DRY RUN,SCAN,0,,,,,100,0,0,0,32,85,CRUISE,,0.20,0.96,0.61,0.00,0.43,0.00,0.00,,yes,19.8,29,1.934,0,3,0.131,0.570,29,3
108.89,DRY RUN,SCAN,0,,,,,100,0,0,0,31,85,OPTOMOTOR,,0.18,1.00,0.61,0.00,0.87,0.00,0.00,,yes,11.3,29,0.298,5,5,0.113,0.655,29,2
108.94,DRY RUN,SCAN,0,,,,,100,0,0,0,36,85,OPTOMOTOR,,0.09,0.97,0.61,0.00,0.61,0.00,0.00,,yes,19.6,29,2.874,0,6,0.328,0.583,29,7
108.99,DRY RUN,SCAN,0,,,,,100,0,0,0,35,85,OPTOMOTOR,,0.05,0.87,0.51,0.00,0.43,0.00,0.00,,yes,19.7,29,0.560,5,7,0.308,0.714,29,6
109.08,DRY RUN,SCAN,0,,,,,100,0,0,0,35,85,OPTOMOTOR,,0.06,0.82,0.44,0.00,0.44,0.00,0.00,,yes,11.2,28,2.169,0,6,0.295,0.588,29,6
109.13,DRY RUN,SCAN,0,,,,,100,0,0,0,39,85,OPTOMOTOR,,0.10,0.79,0.32,0.00,0.31,0.00,0.00,,yes,19.6,29,1.944,0,8,0.509,0.555,29,10
109.18,DRY RUN,SCAN,0,,,,,100,0,0,0,11,85,OPTOMOTOR,,0.13,1.00,0.35,0.00,0.44,0.00,0.00,,yes,19.2,30,1.674,0,4,0.551,0.489,0,11
109.63,DRY RUN,SCAN,0,,,,,100,0,0,0,6,85,OPTOMOTOR,,0.21,1.01,0.36,0.00,0.31,0.00,0.00,,yes,2.2,29,-2.720,1,0,0.282,0.308,0,6
110.08,DRY RUN,SCAN,0,,,,,100,0,0,0,0,85,CRUISE,,0.27,1.01,0.37,0.00,3.93,0.00,0.00,,yes,2.2,29,-3.247,2,0,-0.013,0.240,0,0
110.52,DRY RUN,SCAN,0,,,,,100,0,0,0,8,85,CRUISE,,0.33,0.68,0.36,0.00,2.75,0.00,0.00,,,2.3,30,-3.538,0,0,-0.103,0.164,10,-2
110.61,DRY RUN,SCAN,0,,,,,100,0,0,0,3,85,CRUISE,,0.71,0.51,0.27,0.00,27.93,0.00,0.00,,,11.2,29,8.688,0,5,0.157,0.202,0,3
111.05,DRY RUN,SCAN,0,,,,,100,0,0,0,5,85,OPTOMOTOR,,1.07,0.50,0.31,0.00,19.55,0.00,0.00,,,2.3,29,0.926,2,8,0.245,0.376,0,5
111.52,DRY RUN,SCAN,0,,,,,100,0,0,0,1,85,CRUISE,,1.08,0.49,0.59,0.00,13.96,0.00,0.00,,,2.2,30,0.130,4,5,0.074,0.512,0,1
111.97,DRY RUN,SCAN,0,,,,,100,0,0,0,9,85,CRUISE,,0.73,0.55,0.73,0.00,9.77,0.00,0.00,,,2.2,29,-0.880,5,4,-0.069,0.603,10,-1
112.02,DRY RUN,SCAN,0,,,,,100,0,0,0,18,85,CRUISE,,0.55,0.57,0.74,0.00,6.84,0.00,0.00,,yes,19.4,30,9.222,0,6,0.065,0.511,17,1
112.07,DRY RUN,SCAN,0,,,,,100,0,0,0,26,85,OPTOMOTOR,,0.46,0.59,0.51,0.00,4.79,0.00,0.00,,yes,19.7,29,1.880,0,3,0.254,0.459,21,5
112.16,DRY RUN,SCAN,0,,,,,100,0,0,0,32,85,OPTOMOTOR,,0.33,0.45,0.32,0.00,3.35,0.00,0.00,,yes,11.1,29,2.289,0,6,0.382,0.416,24,8
112.21,DRY RUN,SCAN,0,,,,,100,0,0,0,36,85,OPTOMOTOR,,0.18,0.37,0.18,0.00,2.35,0.00,0.00,,yes,19.4,30,4.707,0,3,0.494,0.406,26,10
112.26,DRY RUN,SCAN,0,,,,,100,0,0,0,36,85,OPTOMOTOR,,0.11,0.34,0.10,0.00,1.64,0.00,0.00,,yes,19.7,29,2.866,0,3,0.463,0.357,27,9
112.35,DRY RUN,SCAN,0,,,,,100,0,0,0,36,85,OPTOMOTOR,,0.07,0.43,0.05,0.00,1.15,0.00,0.00,,yes,11.2,29,3.057,0,2,0.389,0.296,28,8
112.40,DRY RUN,SCAN,0,,,,,100,0,0,0,37,85,OPTOMOTOR,,0.05,0.63,0.06,0.00,0.80,0.00,0.00,,yes,19.3,30,5.448,0,5,0.424,0.319,29,8
112.45,DRY RUN,SCAN,0,,,,,100,0,0,0,39,85,OPTOMOTOR,,0.05,0.75,0.06,0.00,0.56,0.00,0.00,,yes,19.7,29,3.218,0,7,0.523,0.385,29,10
112.54,DRY RUN,SCAN,0,,,,,100,0,0,0,36,85,OPTOMOTOR,,0.07,0.79,0.04,0.00,0.39,0.00,0.00,,yes,11.3,28,3.074,0,1,0.363,0.264,29,7
112.59,DRY RUN,SCAN,0,,,,,100,0,0,0,36,85,OPTOMOTOR,,0.08,0.52,0.03,0.00,0.28,0.00,0.00,,yes,19.5,29,5.344,0,3,0.348,0.249,29,7
112.65,DRY RUN,SCAN,0,,,,,100,0,0,0,37,85,OPTOMOTOR,,0.10,0.30,0.05,0.00,0.19,0.00,0.00,,yes,19.8,29,3.025,0,5,0.413,0.307,29,8
112.73,DRY RUN,SCAN,0,,,,,100,0,0,0,38,85,OPTOMOTOR,,0.09,0.20,0.09,0.00,0.14,0.00,0.00,,yes,11.2,29,3.024,0,5,0.461,0.340,29,9
112.79,DRY RUN,SCAN,0,,,,,100,0,0,0,38,85,OPTOMOTOR,,0.09,0.17,0.12,0.00,0.09,0.00,0.00,,yes,19.7,29,5.006,0,3,0.432,0.320,29,9
112.84,DRY RUN,SCAN,0,,,,,100,0,0,0,38,85,OPTOMOTOR,,0.09,0.17,0.17,0.00,0.07,0.00,0.00,,yes,19.7,29,2.896,0,4,0.465,0.342,29,9
112.92,DRY RUN,SCAN,0,,,,,100,0,0,0,39,85,OPTOMOTOR,,0.09,0.22,0.21,0.00,0.44,0.00,0.00,,yes,11.2,29,2.667,0,4,0.483,0.355,29,10
112.98,DRY RUN,SCAN,0,,,,,100,0,0,0,39,85,OPTOMOTOR,,0.10,0.31,0.22,0.00,0.31,0.00,0.00,,yes,19.6,29,4.841,0,6,0.507,0.371,29,10
113.03,DRY RUN,SCAN,0,,,,,100,0,0,0,41,85,OPTOMOTOR,,0.10,0.35,0.23,0.00,0.21,0.00,0.00,,yes,19.5,29,2.387,0,6,0.583,0.424,29,12
113.12,DRY RUN,SCAN,0,,,,,100,0,0,0,39,85,OPTOMOTOR,,0.17,0.37,0.49,0.00,1.75,0.00,0.00,,yes,11.2,29,2.262,0,3,0.522,0.381,29,10
113.17,DRY RUN,SCAN,0,,,,,100,0,0,0,37,85,OPTOMOTOR,,0.20,0.34,0.66,0.00,1.22,0.00,0.00,,yes,19.8,30,4.301,0,3,0.425,0.315,29,8
113.22,DRY RUN,SCAN,0,,,,,100,0,0,0,35,85,OPTOMOTOR,,0.22,1.77,0.74,0.00,0.86,0.06,0.06,,yes,19.5,30,0.016,0,1,0.324,0.225,29,6
113.31,DRY RUN,SCAN,0,,,,,100,0,0,0,36,85,OPTOMOTOR,,0.13,1.08,0.85,0.00,1.31,0.00,0.00,,yes,11.0,29,0.691,2,6,0.334,0.336,29,7
113.36,DRY RUN,SCAN,0,,,,,100,0,0,0,34,85,OPTOMOTOR,,0.08,0.73,0.90,0.00,0.92,0.00,0.00,,yes,19.4,29,2.022,1,3,0.259,0.351,29,5
113.41,DRY RUN,SCAN,0,,,,,100,0,0,0,36,85,OPTOMOTOR,,0.05,0.56,0.70,0.00,0.64,0.00,0.00,,yes,19.6,29,1.746,0,3,0.348,0.312,29,7
113.50,DRY RUN,SCAN,0,,,,,100,0,0,0,33,85,OPTOMOTOR,,0.04,0.74,0.45,0.00,0.45,0.00,0.00,,yes,11.3,29,-1.403,1,0,0.195,0.195,29,4
113.55,DRY RUN,SCAN,0,,,,,100,0,0,0,34,85,OPTOMOTOR,,0.06,1.57,0.48,0.00,1.75,0.00,0.00,,yes,19.8,29,3.770,0,2,0.236,0.162,29,5
113.60,DRY RUN,SCAN,0,,,,,100,0,0,0,32,85,OPTOMOTOR,,0.13,1.99,0.56,0.00,1.31,0.00,0.00,,yes,19.8,29,0.476,4,8,0.146,0.463,29,3
113.69,DRY RUN,SCAN,0,,,,,100,0,0,0,31,85,CRUISE,,0.17,1.82,0.61,0.00,0.92,0.05,0.05,,yes,10.9,30,-0.266,6,8,0.075,0.714,29,2
113.74,DRY RUN,SCAN,0,,,,,100,0,0,0,30,85,CRUISE,,0.19,1.08,0.54,0.00,1.31,0.00,0.00,,yes,19.3,30,-0.012,5,7,0.037,0.802,29,1
113.80,DRY RUN,SCAN,0,,,,,100,0,0,0,31,85,CRUISE,,0.24,0.71,0.50,0.00,1.75,0.00,0.00,,yes,19.6,29,1.184,0,5,0.082,0.704,29,2
113.88,DRY RUN,SCAN,0,,,,,100,0,0,0,33,85,CRUISE,,0.68,0.54,0.77,0.00,1.22,0.00,0.00,,yes,11.2,29,3.252,0,6,0.187,0.596,29,4
113.94,DRY RUN,SCAN,0,,,,,100,0,0,0,35,85,OPTOMOTOR,,0.91,0.52,0.90,0.00,4.80,0.00,0.00,,yes,19.6,29,4.754,0,3,0.278,0.479,29,6
113.99,DRY RUN,SCAN,0,,,,,100,0,0,0,35,85,OPTOMOTOR,,0.57,1.03,2.40,0.00,3.36,0.00,0.00,,yes,19.8,29,3.761,0,2,0.325,0.379,29,6
114.08,DRY RUN,SCAN,0,,,,,100,0,0,0,33,85,OPTOMOTOR,,0.40,0.77,1.55,0.00,2.35,0.00,0.00,,yes,11.2,29,-2.463,1,0,0.190,0.247,29,4
114.13,DRY RUN,SCAN,0,,,,,100,0,0,0,33,85,OPTOMOTOR,,0.27,1.15,1.54,0.00,1.65,0.00,0.00,,yes,19.6,29,5.124,0,1,0.224,0.172,29,4
114.18,DRY RUN,SCAN,0,,,,,100,0,0,0,29,85,CRUISE,,0.29,0.74,1.47,0.00,1.75,0.00,0.00,,yes,19.6,29,-0.599,6,7,0.009,0.474,29,0
114.27,DRY RUN,SCAN,0,,,,,100,0,0,0,34,85,CRUISE,,0.22,0.47,1.50,0.00,1.22,0.00,0.00,,yes,11.0,29,3.552,0,5,0.257,0.462,29,5
114.32,DRY RUN,SCAN,0,,,,,100,0,0,0,8,85,OPTOMOTOR,,0.26,0.33,1.55,0.00,1.31,0.00,0.00,,yes,19.5,29,4.635,0,5,0.397,0.427,0,8
114.77,DRY RUN,SCAN,0,,,,,100,0,0,0,4,85,OPTOMOTOR,,0.15,0.55,1.64,0.00,0.92,0.00,0.00,,yes,2.2,29,-2.077,1,0,0.219,0.274,0,4
115.22,DRY RUN,SCAN,0,,,,,100,0,0,0,-2,85,CRUISE,,0.16,0.66,1.69,0.00,4.36,0.00,0.00,,yes,2.2,30,0.024,5,5,-0.093,0.431,0,-2
115.69,DRY RUN,SCAN,0,,,,,100,0,0,0,10,85,CRUISE,,0.08,0.49,1.25,0.00,6.98,0.00,0.00,,,2.1,30,0.785,2,6,0.018,0.552,10,0
115.75,DRY RUN,SCAN,0,,,,,100,0,0,0,20,85,CRUISE,,0.13,0.41,0.75,0.00,4.89,0.00,0.00,,yes,18.0,33,8.726,0,6,0.161,0.497,17,3
115.85,DRY RUN,SCAN,0,,,,,100,0,0,0,23,85,CRUISE,,0.27,0.48,0.78,0.00,3.42,0.00,0.00,,yes,10.0,33,-2.300,0,0,0.081,0.308,21,2
115.90,DRY RUN,SCAN,0,,,,,100,0,0,0,26,85,CRUISE,,0.76,0.51,0.77,0.00,2.39,0.00,0.00,,yes,18.3,32,2.268,0,2,0.090,0.226,24,2
115.96,DRY RUN,SCAN,0,,,,,100,0,0,0,26,85,CRUISE,,1.68,0.68,1.43,0.00,1.68,0.00,0.00,,yes,18.5,32,-1.539,1,0,-0.021,0.203,26,0
116.05,DRY RUN,SCAN,0,,,,,100,0,0,0,28,85,CRUISE,,1.47,0.46,1.10,0.00,1.17,0.00,0.00,,yes,10.3,30,1.391,1,6,0.043,0.305,27,1
116.11,DRY RUN,SCAN,0,,,,,100,0,0,0,34,85,CRUISE,,1.11,0.35,0.75,0.00,0.82,0.00,0.00,,yes,18.3,32,1.444,0,7,0.286,0.363,28,6
116.16,DRY RUN,SCAN,0,,,,,100,0,0,0,33,85,OPTOMOTOR,,0.93,0.30,0.57,0.00,0.57,0.00,0.00,,yes,18.2,33,0.985,3,7,0.221,0.552,29,4
116.26,DRY RUN,SCAN,0,,,,,100,0,0,0,36,85,OPTOMOTOR,,0.76,0.37,0.58,0.00,0.44,0.00,0.00,,yes,10.0,32,1.226,0,5,0.348,0.521,29,7
116.32,DRY RUN,SCAN,0,,,,,100,0,0,0,35,85,OPTOMOTOR,,0.67,0.41,0.59,0.00,0.87,0.00,0.00,,yes,19.1,31,3.242,0,1,0.318,0.369,29,6
116.37,DRY RUN,SCAN,0,,,,,100,0,0,0,34,85,OPTOMOTOR,,0.49,0.29,0.51,0.00,0.61,0.00,0.00,,yes,18.1,33,0.575,2,6,0.274,0.489,29,5
116.47,DRY RUN,SCAN,0,,,,,100,0,0,0,33,85,CRUISE,,0.40,0.23,0.43,0.00,0.44,0.00,0.00,,yes,9.8,33,0.691,6,8,0.200,0.700,29,4
116.53,DRY RUN,SCAN,0,,,,,100,0,0,0,36,85,OPTOMOTOR,,0.45,0.27,0.36,0.00,0.87,0.00,0.00,,yes,18.2,33,1.439,0,6,0.371,0.608,29,7
116.58,DRY RUN,SCAN,0,,,,,100,0,0,0,39,85,OPTOMOTOR,,0.62,0.34,0.32,0.00,0.61,0.00,0.00,,yes,18.8,31,1.408,1,6,0.476,0.576,29,10
116.68,DRY RUN,SCAN,0,,,,,100,0,0,0,37,85,OPTOMOTOR,,0.55,0.33,0.31,0.00,0.87,0.00,0.00,,yes,10.0,32,-0.131,6,7,0.379,0.715,29,8
116.74,DRY RUN,SCAN,0,,,,,100,0,0,0,34,85,OPTOMOTOR,,0.41,0.25,0.33,0.00,0.87,0.00,0.00,,yes,17.9,34,0.922,1,5,0.250,0.660,29,5
116.79,DRY RUN,SCAN,0,,,,,100,0,0,0,28,85,CRUISE,,0.32,0.21,0.37,0.00,1.31,0.00,0.00,,yes,18.7,32,-1.868,2,0,-0.066,0.438,29,-1
116.89,DRY RUN,SCAN,0,,,,,100,0,0,0,27,85,CRUISE,,0.22,0.29,0.36,0.00,0.92,0.00,0.00,,yes,10.0,33,0.548,6,6,-0.091,0.504,29,-2
116.95,DRY RUN,SCAN,0,,,,,100,0,0,0,29,85,CRUISE,,0.17,0.33,0.34,0.00,1.31,0.00,0.00,,yes,18.5,32,2.014,0,4,-0.017,0.431,29,0
117.00,DRY RUN,SCAN,0,,,,,100,0,0,0,29,85,CRUISE,,0.18,0.35,0.33,0.00,0.92,0.00,0.00,,yes,18.6,32,-2.066,0,0,-0.019,0.257,29,0
117.10,DRY RUN,SCAN,0,,,,,100,0,0,0,26,85,CRUISE,,0.21,0.27,0.40,0.00,0.64,0.00,0.00,,yes,10.3,29,-3.002,2,0,-0.156,0.197,29,-3
117.15,DRY RUN,SCAN,0,,,,,100,0,0,0,25,85,CRUISE,,0.27,0.25,1.60,0.00,1.75,0.00,0.00,,yes,18.8,31,-0.234,5,5,-0.203,0.402,29,-4
117.20,DRY RUN,SCAN,0,,,,,100,0,0,0,25,85,CRUISE,,0.36,0.24,2.50,0.00,1.31,0.00,0.19,,yes,18.9,31,-1.345,2,0,-0.195,0.350,29,-4
117.31,DRY RUN,SCAN,0,,,,,100,0,0,0,28,85,CRUISE,,0.35,0.35,2.65,0.26,0.92,0.00,0.47,,yes,9.7,34,0.965,2,5,-0.096,0.345,29,-1
117.36,DRY RUN,SCAN,0,,,,,100,0,0,0,30,85,AVOID_LEFT,,0.32,0.53,1.90,0.41,0.64,0.00,0.23,,yes,18.6,31,1.252,0,6,0.080,0.437,29,1
117.42,DRY RUN,SCAN,0,,,,,100,0,0,0,33,85,AVOID_LEFT,,0.31,0.62,1.13,0.31,0.45,0.00,0.00,,yes,18.2,33,2.595,0,5,0.265,0.413,29,4
117.51,DRY RUN,SCAN,0,,,,,100,0,0,0,6,85,AVOID_LEFT,,0.17,0.67,0.73,0.17,0.44,0.00,0.00,,yes,10.8,31,1.744,0,6,0.365,0.361,0,6
117.95,DRY RUN,SCAN,0,,,,,100,0,0,0,4,85,AVOID_LEFT,,0.11,0.56,0.45,0.10,0.44,0.00,0.00,,yes,2.2,29,-2.710,1,0,0.199,0.222,0,4
118.40,DRY RUN,SCAN,0,,,,,100,0,0,0,0,85,AVOID_LEFT,,0.09,0.43,0.31,0.05,3.93,0.00,0.00,,yes,2.2,30,-6.927,2,0,0.016,0.163,0,0
118.86,DRY RUN,SCAN,0,,,,,100,0,0,0,7,85,CRUISE,,0.35,0.33,0.48,0.03,2.75,0.00,0.00,,,2.2,30,-5.086,1,0,-0.159,0.125,10,-3
118.91,DRY RUN,SCAN,0,,,,,100,0,0,0,17,85,CRUISE,,0.48,0.27,0.56,0.02,1.92,0.00,0.00,,,19.4,30,8.946,0,2,0.014,0.109,17,0
118.96,DRY RUN,SCAN,0,,,,,100,0,0,0,27,85,OPTOMOTOR,,0.43,0.26,0.31,0.01,1.35,0.00,0.00,,yes,19.6,29,1.786,0,3,0.280,0.204,21,6
119.05,DRY RUN,SCAN,0,,,,,100,0,0,0,31,85,OPTOMOTOR,,0.35,0.25,0.19,0.01,0.94,0.00,0.00,,yes,11.1,30,2.255,0,6,0.361,0.272,24,7
119.10,DRY RUN,SCAN,0,,,,,100,0,0,0,33,85,OPTOMOTOR,,0.28,0.13,0.10,0.00,0.66,0.00,0.00,,yes,19.4,30,4.646,0,2,0.371,0.277,26,7
119.15,DRY RUN,SCAN,0,,,,,100,0,0,0,34,85,OPTOMOTOR,,0.24,0.07,0.05,0.00,0.46,0.00,0.00,,yes,19.9,29,2.803,0,4,0.342,0.247,27,7
119.24,DRY RUN,SCAN,0,,,,,100,0,0,0,35,85,OPTOMOTOR,,0.25,0.06,0.03,0.00,0.32,0.00,0.00,,yes,11.0,29,2.872,0,3,0.336,0.239,28,7
119.31,DRY RUN,SCAN,0,,,,,100,0,0,0,37,85,OPTOMOTOR,,0.26,0.07,0.03,0.00,0.23,0.00,0.00,,yes,15.6,42,5.535,0,5,0.388,0.287,29,8
119.36,DRY RUN,SCAN,0,,,,,100,0,0,0,38,85,OPTOMOTOR,,0.26,0.07,0.03,0.00,0.16,0.00,0.00,,yes,19.5,30,4.165,0,8,0.465,0.343,29,9
119.45,DRY RUN,SCAN,0,,,,,100,0,0,0,39,85,OPTOMOTOR,,0.40,0.05,0.02,0.00,0.11,0.00,0.00,,yes,11.0,29,3.347,0,5,0.490,0.360,29,10
119.50,DRY RUN,SCAN,0,,,,,100,0,0,0,38,85,OPTOMOTOR,,0.49,0.04,0.02,0.00,0.08,0.00,0.00,,yes,19.5,29,5.937,0,5,0.462,0.341,29,9
119.55,DRY RUN,SCAN,0,,,,,100,0,0,0,38,85,OPTOMOTOR,,0.54,0.05,0.02,0.00,0.05,0.00,0.00,,yes,19.7,29,3.142,0,4,0.461,0.340,29,9
119.64,DRY RUN,SCAN,0,,,,,100,0,0,0,39,85,OPTOMOTOR,,0.51,0.16,0.02,0.00,0.04,0.00,0.00,,yes,11.2,29,3.080,0,6,0.515,0.377,29,10
119.69,DRY RUN,SCAN,0,,,,,100,0,0,0,38,85,OPTOMOTOR,,0.49,0.21,0.03,0.00,0.03,0.00,0.00,,yes,19.6,29,5.551,0,5,0.456,0.336,29,9
119.74,DRY RUN,SCAN,0,,,,,100,0,0,0,39,85,OPTOMOTOR,,0.61,0.25,0.04,0.00,0.02,0.00,0.00,,yes,19.6,29,3.074,0,7,0.478,0.351,29,10
119.83,DRY RUN,SCAN,0,,,,,100,0,0,0,38,85,OPTOMOTOR,,1.06,0.30,0.07,0.00,0.01,0.13,0.00,,yes,11.2,29,2.847,0,3,0.442,0.326,29,9
119.88,DRY RUN,SCAN,0,,,,,100,0,0,0,38,85,OPTOMOTOR,,1.42,0.33,0.10,0.00,0.44,0.09,0.00,,yes,19.6,29,4.969,0,6,0.442,0.327,29,9
119.93,DRY RUN,SCAN,0,,,,,100,0,0,0,37,85,OPTOMOTOR,,1.60,0.39,0.13,0.00,0.31,0.25,0.00,,yes,18.7,32,2.099,0,2,0.396,0.294,29,8
120.02,DRY RUN,SCAN,0,,,,,100,0,0,0,36,85,OPTOMOTOR,,1.62,0.59,0.16,0.15,0.21,0.30,0.00,,yes,11.2,29,0.784,3,8,0.383,0.447,29,7
120.08,DRY RUN,SCAN,0,,,,,100,0,0,0,36,85,AVOID_RIGHT,,1.15,0.69,0.43,0.11,0.87,0.00,0.00,,yes,19.4,30,2.111,0,3,0.370,0.394,29,7
120.13,DRY RUN,SCAN,0,,,,,100,0,0,0,38,85,AVOID_RIGHT,,0.92,0.72,0.62,0.06,0.87,0.00,0.00,,yes,19.7,29,0.710,2,8,0.454,0.513,29,9
120.22,DRY RUN,SCAN,0,,,,,100,0,0,0,36,85,AVOID_RIGHT,,0.58,0.73,0.74,0.04,0.61,0.00,0.00,,yes,11.0,30,1.984,0,2,0.352,0.398,29,7
120.27,DRY RUN,SCAN,0,,,,,100,0,0,0,36,85,OPTOMOTOR,,0.40,0.67,1.05,0.02,0.87,0.00,0.00,,yes,19.5,29,1.899,0,3,0.359,0.310,29,7
120.32,DRY RUN,SCAN,0,,,,,100,0,0,0,38,85,OPTOMOTOR,,0.34,0.73,1.23,0.01,0.61,0.00,0.00,,yes,19.7,29,1.576,0,6,0.447,0.346,29,9
120.41,DRY RUN,SCAN,0,,,,,100,0,0,0,38,85,OPTOMOTOR,,0.31,0.76,1.29,0.01,0.44,0.00,0.03,,yes,11.1,29,2.731,0,2,0.438,0.333,29,9
120.46,DRY RUN,SCAN,0,,,,,100,0,0,0,37,85,OPTOMOTOR,,0.21,0.77,1.09,0.00,0.31,0.00,0.00,,yes,19.7,29,4.372,0,4,0.389,0.292,29,8
120.51,DRY RUN,SCAN,0,,,,,100,0,0,0,37,85,OPTOMOTOR,,0.16,0.53,0.76,0.00,0.21,0.00,0.00,,yes,19.8,29,2.903,0,5,0.424,0.317,29,8
120.60,DRY RUN,SCAN,0,,,,,100,0,0,0,38,85,OPTOMOTOR,,0.33,0.32,0.51,0.00,0.15,0.00,0.00,,yes,11.2,29,2.609,0,5,0.446,0.331,29,9
120.65,DRY RUN,SCAN,0,,,,,100,0,0,0,38,85,OPTOMOTOR,,0.46,0.21,0.47,0.00,0.10,0.00,0.00,,yes,19.6,29,3.115,0,4,0.431,0.320,29,9
120.70,DRY RUN,SCAN,0,,,,,100,0,0,0,36,85,OPTOMOTOR,,0.63,0.17,0.42,0.00,0.87,0.00,0.00,,yes,19.5,30,2.032,0,2,0.361,0.261,29,7
120.79,DRY RUN,SCAN,0,,,,,100,0,0,0,35,85,OPTOMOTOR,,0.71,0.22,0.40,0.00,0.61,0.00,0.00,,yes,11.1,29,0.745,4,8,0.286,0.447,29,6
120.84,DRY RUN,SCAN,0,,,,,100,0,0,0,36,85,OPTOMOTOR,,0.75,0.25,0.38,0.00,0.44,0.00,0.00,,yes,19.5,29,3.198,0,6,0.375,0.495,29,7
120.89,DRY RUN,SCAN,0,,,,,100,0,0,0,36,85,OPTOMOTOR,,0.75,0.26,0.37,0.00,0.87,0.00,0.00,,yes,19.6,29,0.823,4,7,0.333,0.574,29,7
120.98,DRY RUN,SCAN,0,,,,,100,0,0,0,36,85,OPTOMOTOR,,1.15,0.33,0.45,0.00,0.61,0.00,0.00,,yes,11.2,29,1.093,2,6,0.367,0.590,29,7
121.03,DRY RUN,SCAN,0,,,,,100,0,0,0,36,85,OPTOMOTOR,,1.14,0.37,0.48,0.00,0.44,0.00,0.00,,yes,19.6,29,4.728,0,4,0.358,0.509,29,7
121.09,DRY RUN,SCAN,0,,,,,100,0,0,0,42,85,OPTOMOTOR,,1.13,0.37,0.44,0.00,0.31,0.01,0.00,,yes,19.5,29,2.737,0,8,0.655,0.539,29,13
121.18,DRY RUN,SCAN,0,,,,,100,0,0,0,41,85,OPTOMOTOR,,0.71,0.21,0.29,0.00,0.21,0.00,0.00,,yes,11.0,29,3.131,0,5,0.613,0.470,29,12
121.23,DRY RUN,SCAN,0,,,,,100,0,0,0,41,85,OPTOMOTOR,,0.50,0.14,0.22,0.00,0.15,0.00,0.00,,yes,19.4,30,4.765,0,6,0.603,0.451,29,12
121.28,DRY RUN,SCAN,0,,,,,100,0,0,0,38,85,OPTOMOTOR,,0.60,0.12,0.20,0.00,0.10,0.00,0.00,,yes,19.8,29,3.015,0,1,0.456,0.344,29,9
121.37,DRY RUN,SCAN,0,,,,,100,0,0,0,8,85,OPTOMOTOR,,0.65,0.12,0.18,0.00,0.07,0.00,0.00,,yes,11.2,29,3.023,0,4,0.415,0.313,0,8
121.82,DRY RUN,SCAN,0,,,,,100,0,0,0,3,85,OPTOMOTOR,,0.39,0.09,0.13,0.00,0.05,0.00,0.00,,yes,2.2,30,-0.089,6,8,0.145,0.543,0,3
122.26,DRY RUN,SCAN,0,,,,,100,0,0,0,3,85,CRUISE,,0.23,0.05,0.09,0.00,0.04,0.00,0.00,,yes,2.3,29,0.097,6,8,0.129,0.759,0,3
122.70,DRY RUN,SCAN,0,,,,,100,0,0,0,14,85,CRUISE,,0.13,0.03,0.05,0.00,0.03,0.00,0.00,,,2.3,29,-0.104,6,8,0.196,0.894,10,4
122.75,DRY RUN,SCAN,0,,,,,100,0,0,0,21,85,OPTOMOTOR,,0.07,0.03,0.03,0.00,0.44,0.00,0.00,,yes,19.7,29,11.502,0,4,0.218,0.694,17,4
122.80,DRY RUN,SCAN,0,,,,,100,0,0,0,29,85,OPTOMOTOR,,0.05,0.07,0.02,0.00,0.31,0.00,0.00,,yes,19.6,29,2.071,0,6,0.387,0.605,21,8
122.89,DRY RUN,SCAN,0,,,,,100,0,0,0,33,85,OPTOMOTOR,,0.12,0.09,0.08,0.00,0.44,0.00,0.00,,yes,11.3,29,3.318,0,6,0.461,0.526,24,9
122.94,DRY RUN,SCAN,0,,,,,100,0,0,0,34,85,OPTOMOTOR,,0.16,0.15,0.13,0.00,0.44,0.00,0.00,,yes,19.8,29,6.221,0,1,0.405,0.387,26,8
122.99,DRY RUN,SCAN,0,,,,,100,0,0,0,35,85,OPTOMOTOR,,0.18,0.19,0.16,0.00,0.31,0.00,0.00,,yes,19.7,29,5.834,0,4,0.388,0.308,27,8
123.08,DRY RUN,SCAN,0,,,,,100,0,0,0,36,85,OPTOMOTOR,,0.19,0.28,0.34,0.00,0.87,0.00,0.00,,yes,11.3,28,4.604,0,6,0.392,0.302,28,8
123.13,DRY RUN,SCAN,0,,,,,100,0,0,0,39,85,OPTOMOTOR,,0.29,0.45,0.43,0.00,1.31,0.00,0.00,,yes,19.7,29,8.401,0,6,0.496,0.370,29,10
123.18,DRY RUN,SCAN,0,,,,,100,0,0,0,38,85,OPTOMOTOR,,0.40,0.53,0.28,0.00,0.92,0.00,0.00,,yes,19.8,29,7.379,0,3,0.473,0.351,29,9
123.27,DRY RUN,SCAN,0,,,,,100,0,0,0,41,85,OPTOMOTOR,,0.40,0.58,0.20,0.00,1.31,0.00,0.00,,yes,11.3,29,5.063,0,6,0.585,0.427,29,12
123.32,DRY RUN,SCAN,0,,,,,100,0,0,0,39,85,OPTOMOTOR,,0.45,0.59,0.52,0.00,0.92,0.00,0.00,,yes,19.8,29,9.193,0,6,0.502,0.369,29,10
123.37,DRY RUN,SCAN,0,,,,,100,0,0,0,38,85,OPTOMOTOR,,0.54,0.60,0.68,0.00,0.64,0.00,0.00,,yes,19.9,29,5.832,0,4,0.462,0.341,29,9
123.46,DRY RUN,SCAN,0,,,,,100,0,0,0,38,85,OPTOMOTOR,,1.22,0.63,0.66,0.00,0.87,0.00,0.00,,yes,11.4,28,5.188,0,2,0.447,0.330,29,9
123.51,DRY RUN,SCAN,0,,,,,100,0,0,0,38,85,OPTOMOTOR,,1.57,0.65,0.34,0.00,0.61,0.08,0.00,,yes,19.6,29,6.848,0,4,0.431,0.319,29,9
123.56,DRY RUN,SCAN,0,,,,,100,0,0,0,37,85,OPTOMOTOR,,1.74,0.56,0.18,0.00,0.43,0.25,0.00,,yes,19.8,29,6.033,0,4,0.386,0.285,29,8
123.65,DRY RUN,SCAN,0,,,,,100,0,0,0,36,85,OPTOMOTOR,,1.65,0.42,0.10,0.00,0.44,0.20,0.00,,yes,10.8,29,4.568,0,1,0.351,0.251,29,7
123.70,DRY RUN,SCAN,0,,,,,100,0,0,0,36,85,OPTOMOTOR,,1.60,0.36,0.06,0.00,0.44,0.18,0.00,,yes,19.5,30,9.638,0,2,0.366,0.265,29,7
123.76,DRY RUN,SCAN,0,,,,,100,0,0,0,36,85,OPTOMOTOR,,1.58,0.40,0.35,0.00,0.31,0.24,0.00,,yes,19.7,29,3.866,0,2,0.374,0.273,29,7
123.84,DRY RUN,SCAN,0,,,,,100,0,0,0,37,85,OPTOMOTOR,,1.36,0.42,0.49,0.00,0.44,0.06,0.00,,yes,11.3,28,4.590,0,2,0.394,0.292,29,8
123.90,DRY RUN,SCAN,0,,,,,100,0,0,0,36,85,OPTOMOTOR,,1.35,0.32,0.40,0.00,0.87,0.00,0.00,,yes,19.6,29,11.821,0,3,0.350,0.250,29,7
123.95,DRY RUN,SCAN,0,,,,,100,0,0,0,38,85,OPTOMOTOR,,1.34,0.19,0.36,0.00,0.61,0.00,0.00,,yes,19.8,29,7.254,0,6,0.442,0.327,29,9
124.03,DRY RUN,SCAN,0,,,,,100,0,0,0,38,85,OPTOMOTOR,,2.42,0.12,0.35,0.00,1.75,0.00,0.00,,yes,11.3,29,8.968,0,5,0.456,0.336,29,9
124.09,DRY RUN,SCAN,0,,,,,100,0,0,0,38,85,OPTOMOTOR,,2.97,0.29,0.59,0.15,1.22,0.47,0.00,,yes,19.7,29,10.945,0,7,0.520,0.380,29,9
124.14,DRY RUN,SCAN,0,,,,,100,0,0,0,36,85,AVOID_RIGHT,,3.24,1.98,1.52,0.11,2.62,0.00,0.00,,yes,19.8,29,9.542,0,2,0.397,0.295,29,7
124.22,DRY RUN,SCAN,0,,,,,100,0,0,0,37,85,AVOID_RIGHT,,3.08,2.82,2.77,0.06,2.62,0.00,0.00,,yes,11.3,29,8.170,0,5,0.430,0.319,29,8
124.28,DRY RUN,SCAN,0,,,,,100,0,0,0,35,85,OPTOMOTOR,,2.77,2.16,3.51,0.32,1.83,0.07,0.44,,yes,19.6,29,9.620,0,4,0.464,0.341,29,6
124.33,DRY RUN,SCAN,0,,,,,100,0,0,0,37,85,AVOID_LEFT,,2.51,1.73,3.76,0.24,2.62,0.00,0.17,,yes,19.7,29,7.202,0,6,0.559,0.407,29,8
124.42,DRY RUN,SCAN,0,,,,,100,0,0,0,36,85,AVOID_LEFT,,1.95,1.51,3.64,0.36,1.83,0.00,0.50,,yes,10.7,29,7.238,0,5,0.543,0.396,29,7
124.47,DRY RUN,SCAN,0,,,,,100,0,0,0,6,85,AVOID_LEFT,,1.81,1.41,3.57,0.46,1.75,0.00,0.51,,yes,19.2,30,9.620,0,6,0.541,0.394,0,6
124.92,DRY RUN,SCAN,0,,,,,100,0,0,0,8,85,AVOID_LEFT,,1.74,1.52,2.67,0.35,2.18,0.00,0.00,,yes,2.2,29,4.239,0,7,0.616,0.441,0,8
125.37,DRY RUN,SCAN,0,,,,,100,0,0,0,6,85,AVOID_LEFT,,1.70,1.58,2.21,0.20,9.60,0.00,0.00,,yes,2.2,29,-3.292,1,0,0.348,0.267,0,6
125.81,DRY RUN,SCAN,0,,,,,100,0,0,0,10,85,AVOID_LEFT,,1.05,1.21,1.35,0.11,17.89,0.00,0.00,,,2.2,29,-1.566,2,0,0.011,0.217,10,0
125.87,DRY RUN,SCAN,0,,,,,100,0,0,0,21,85,AVOID_LEFT,,0.71,0.72,0.84,0.06,12.52,0.00,0.00,,yes,19.4,30,10.090,0,5,0.195,0.232,17,4
125.96,DRY RUN,SCAN,0,,,,,100,0,0,0,28,85,OPTOMOTOR,,0.55,0.47,0.45,0.03,8.77,0.00,0.00,,yes,11.1,30,1.823,0,5,0.352,0.283,21,7
126.01,DRY RUN,SCAN,0,,,,,100,0,0,0,32,85,OPTOMOTOR,,0.52,0.30,0.24,0.02,6.14,0.00,0.00,,yes,19.5,29,3.992,0,5,0.421,0.326,24,8
126.06,DRY RUN,SCAN,0,,,,,100,0,0,0,35,85,OPTOMOTOR,,0.73,0.17,0.13,0.01,4.30,0.00,0.00,,yes,19.8,29,2.639,0,4,0.459,0.346,26,9
126.15,DRY RUN,SCAN,0,,,,,100,0,0,0,34,85,OPTOMOTOR,,0.62,0.10,0.08,0.01,3.01,0.00,0.00,,yes,11.2,29,2.796,0,2,0.372,0.276,27,7
126.20,DRY RUN,SCAN,0,,,,,100,0,0,0,36,85,OPTOMOTOR,,0.56,0.07,0.05,0.00,2.10,0.00,0.00,,yes,19.5,29,5.314,0,6,0.398,0.298,28,8
126.25,DRY RUN,SCAN,0,,,,,100,0,0,0,36,85,OPTOMOTOR,,0.32,0.05,0.04,0.00,1.47,0.00,0.00,,yes,19.3,30,2.985,0,4,0.372,0.273,29,7
126.34,DRY RUN,SCAN,0,,,,,100,0,0,0,37,85,OPTOMOTOR,,0.20,0.06,0.04,0.00,1.03,0.00,0.00,,yes,10.9,29,3.009,0,4,0.425,0.316,29,8
126.39,DRY RUN,SCAN,0,,,,,100,0,0,0,38,85,OPTOMOTOR,,0.14,0.06,0.29,0.00,0.72,0.00,0.00,,yes,19.8,29,5.800,0,3,0.454,0.335,29,9
126.44,DRY RUN,SCAN,0,,,,,100,0,0,0,38,85,OPTOMOTOR,,0.11,0.06,0.42,0.00,0.51,0.00,0.00,,yes,19.8,29,3.328,0,4,0.435,0.322,29,9
126.53,DRY RUN,SCAN,0,,,,,100,0,0,0,37,85,OPTOMOTOR,,0.39,0.07,0.48,0.00,0.35,0.00,0.00,,yes,11.3,28,3.509,0,4,0.425,0.315,29,8
126.58,DRY RUN,SCAN,0,,,,,100,0,0,0,37,85,OPTOMOTOR,,0.94,0.08,0.60,0.00,0.25,0.00,0.00,,yes,19.6,29,5.532,0,2,0.405,0.301,29,8
126.63,DRY RUN,SCAN,0,,,,,100,0,0,0,39,85,OPTOMOTOR,,1.21,0.07,0.33,0.00,0.17,0.12,0.00,,yes,19.8,29,3.218,0,6,0.484,0.355,29,10
126.72,DRY RUN,SCAN,0,,,,,100,0,0,0,39,85,OPTOMOTOR,,1.31,0.05,0.25,0.00,0.12,0.20,0.00,,yes,11.1,29,3.133,0,5,0.480,0.353,29,10
126.77,DRY RUN,SCAN,0,,,,,100,0,0,0,36,85,OPTOMOTOR,,1.13,0.04,0.16,0.00,0.08,0.12,0.00,,yes,19.4,30,5.575,0,1,0.346,0.246,29,7
126.83,DRY RUN,SCAN,0,,,,,100,0,0,0,38,85,OPTOMOTOR,,0.81,0.03,0.16,0.00,0.06,0.00,0.00,,yes,19.7,29,3.144,0,5,0.453,0.334,29,9
126.92,DRY RUN,SCAN,0,,,,,100,0,0,0,39,85,OPTOMOTOR,,0.64,0.05,0.44,0.00,0.04,0.00,0.00,,yes,11.1,29,3.102,0,5,0.525,0.383,29,10
126.97,DRY RUN,SCAN,0,,,,,100,0,0,0,38,85,OPTOMOTOR,,0.47,0.06,0.58,0.00,0.03,0.00,0.00,,yes,19.5,30,5.413,0,5,0.440,0.325,29,9
127.02,DRY RUN,SCAN,0,,,,,100,0,0,0,39,85,OPTOMOTOR,,0.38,0.06,0.76,0.00,0.02,0.00,0.00,,yes,19.8,29,3.124,0,6,0.483,0.355,29,10
127.11,DRY RUN,SCAN,0,,,,,100,0,0,0,39,85,OPTOMOTOR,,0.29,0.04,0.67,0.00,0.01,0.00,0.00,,yes,11.2,29,3.089,0,3,0.486,0.357,29,10
127.16,DRY RUN,SCAN,0,,,,,100,0,0,0,40,85,OPTOMOTOR,,0.27,0.03,0.64,0.00,0.01,0.00,0.00,,yes,19.5,29,5.261,0,6,0.571,0.416,29,11
127.21,DRY RUN,SCAN,0,,,,,100,0,0,0,38,85,OPTOMOTOR,,0.27,0.02,0.62,0.00,0.01,0.00,0.00,,yes,19.7,29,3.085,0,5,0.467,0.343,29,9
127.30,DRY RUN,SCAN,0,,,,,100,0,0,0,37,85,OPTOMOTOR,,0.42,0.02,0.83,0.00,0.00,0.00,0.01,,yes,11.2,29,2.887,0,3,0.380,0.279,29,8
127.35,DRY RUN,SCAN,0,,,,,100,0,0,0,37,85,OPTOMOTOR,,0.49,0.02,0.96,0.00,0.00,0.00,0.08,,yes,19.5,29,5.417,0,5,0.417,0.310,29,8
127.40,DRY RUN,SCAN,0,,,,,100,0,0,0,38,85,OPTOMOTOR,,0.38,0.02,1.02,0.00,0.00,0.00,0.11,,yes,19.7,29,3.106,0,6,0.449,0.332,29,9
127.49,DRY RUN,SCAN,0,,,,,100,0,0,0,40,85,OPTOMOTOR,,0.31,0.01,0.52,0.00,0.00,0.00,0.00,,yes,11.1,29,3.075,0,5,0.544,0.396,29,11
127.54,DRY RUN,SCAN,0,,,,,100,0,0,0,39,85,OPTOMOTOR,,0.26,0.02,0.26,0.00,0.00,0.00,0.00,,yes,19.5,29,5.483,0,6,0.520,0.380,29,10
127.59,DRY RUN,SCAN,0,,,,,100,0,0,0,38,85,OPTOMOTOR,,0.20,0.02,0.14,0.00,0.00,0.00,0.00,,yes,19.8,29,3.101,0,2,0.459,0.338,29,9
127.68,DRY RUN,SCAN,0,,,,,100,0,0,0,39,85,OPTOMOTOR,,0.17,0.02,0.07,0.00,0.00,0.00,0.00,,yes,11.3,28,3.082,0,6,0.514,0.376,29,10
127.73,DRY RUN,SCAN,0,,,,,100,0,0,0,38,85,OPTOMOTOR,,0.12,0.01,0.04,0.00,0.00,0.00,0.00,,yes,19.6,29,5.377,0,3,0.441,0.326,29,9
127.78,DRY RUN,SCAN,0,,,,,100,0,0,0,38,85,OPTOMOTOR,,0.10,0.01,0.03,0.00,0.00,0.00,0.00,,yes,19.9,29,3.095,0,6,0.463,0.341,29,9
127.87,DRY RUN,SCAN,0,,,,,100,0,0,0,36,85,OPTOMOTOR,,0.08,0.01,0.02,0.00,0.00,0.00,0.00,,yes,11.2,29,3.060,0,2,0.374,0.273,29,7
127.92,DRY RUN,SCAN,0,,,,,100,0,0,0,38,85,OPTOMOTOR,,0.08,0.00,0.02,0.00,0.00,0.00,0.00,,yes,19.7,29,5.463,0,5,0.454,0.335,29,9
127.97,DRY RUN,SCAN,0,,,,,100,0,0,0,39,85,OPTOMOTOR,,0.07,0.00,0.01,0.00,0.00,0.00,0.00,,yes,19.7,29,3.099,0,6,0.512,0.374,29,10
128.06,DRY RUN,SCAN,0,,,,,100,0,0,0,39,85,OPTOMOTOR,,0.07,0.01,0.01,0.00,0.00,0.00,0.00,,yes,11.3,29,3.098,0,4,0.488,0.358,29,10
128.11,DRY RUN,SCAN,0,,,,,100,0,0,0,40,85,OPTOMOTOR,,0.08,0.01,0.01,0.00,0.00,0.00,0.00,,yes,19.7,29,5.403,0,8,0.566,0.412,29,11
128.16,DRY RUN,SCAN,0,,,,,100,0,0,0,38,85,OPTOMOTOR,,0.07,0.01,0.01,0.00,0.00,0.00,0.00,,yes,19.7,29,3.092,0,3,0.429,0.317,29,9
128.25,DRY RUN,SCAN,0,,,,,100,0,0,0,37,85,OPTOMOTOR,,0.06,0.01,0.01,0.00,0.00,0.00,0.00,,yes,11.1,28,3.102,0,3,0.395,0.293,29,8
128.30,DRY RUN,SCAN,0,,,,,100,0,0,0,36,85,OPTOMOTOR,,0.06,0.01,0.01,0.00,0.00,0.00,0.00,,yes,19.7,29,5.509,0,3,0.351,0.251,29,7
128.35,DRY RUN,SCAN,0,,,,,100,0,0,0,7,85,OPTOMOTOR,,0.07,0.01,0.01,0.00,0.00,0.00,0.00,,yes,19.7,29,3.117,0,4,0.361,0.260,0,7
128.80,DRY RUN,SCAN,0,,,,,100,0,0,0,4,85,OPTOMOTOR,,0.13,0.01,0.02,0.00,0.00,0.00,0.00,,yes,2.2,29,0.021,6,8,0.190,0.528,0,4
129.24,DRY RUN,SCAN,0,,,,,100,0,0,0,3,85,CRUISE,,0.16,0.01,0.02,0.00,0.00,0.00,0.00,,yes,2.3,30,-0.064,6,7,0.131,0.746,0,3
129.69,DRY RUN,SCAN,0,,,,,100,0,0,0,11,85,CRUISE,,0.08,0.01,0.01,0.00,0.00,0.00,0.00,,,2.3,29,0.117,6,6,0.046,0.820,10,1
129.78,DRY RUN,SCAN,0,,,,,100,0,0,0,19,85,CRUISE,,0.05,0.00,0.01,0.00,0.00,0.00,0.00,,yes,11.1,29,9.218,0,3,0.092,0.647,17,2
129.83,DRY RUN,SCAN,0,,,,,100,0,0,0,26,85,CRUISE,,0.04,0.00,0.01,0.00,0.00,0.00,0.00,,yes,19.7,29,3.123,0,6,0.244,0.550,21,5
129.88,DRY RUN,SCAN,0,,,,,100,0,0,0,31,85,OPTOMOTOR,,0.23,0.00,0.01,0.00,0.00,0.00,0.00,,yes,19.7,29,2.182,0,4,0.350,0.472,24,7
129.97,DRY RUN,SCAN,0,,,,,100,0,0,0,35,85,OPTOMOTOR,,0.33,0.01,0.01,0.00,0.00,0.00,0.00,,yes,11.3,29,2.541,0,3,0.434,0.408,26,9
130.02,DRY RUN,SCAN,0,,,,,100,0,0,0,34,85,OPTOMOTOR,,0.36,0.01,0.01,0.00,0.00,0.00,0.00,,yes,19.8,29,4.743,0,1,0.371,0.292,27,7
130.07,DRY RUN,SCAN,0,,,,,100,0,0,0,35,85,OPTOMOTOR,,0.38,0.01,0.02,0.00,0.00,0.00,0.00,,yes,19.9,29,2.829,0,3,0.367,0.279,28,7
130.16,DRY RUN,SCAN,0,,,,,100,0,0,0,36,85,OPTOMOTOR,,0.41,0.01,0.02,0.00,0.00,0.00,0.00,,yes,11.2,29,2.884,0,2,0.375,0.281,29,7
130.21,DRY RUN,SCAN,0,,,,,100,0,0,0,35,85,OPTOMOTOR,,0.43,0.01,0.03,0.00,0.00,0.00,0.00,,yes,19.7,29,5.436,0,2,0.304,0.210,29,6
130.26,DRY RUN,SCAN,0,,,,,100,0,0,0,37,85,OPTOMOTOR,,0.30,0.01,0.03,0.00,0.00,0.00,0.00,,yes,19.7,29,3.126,0,6,0.390,0.290,29,8
130.35,DRY RUN,SCAN,0,,,,,100,0,0,0,38,85,OPTOMOTOR,,0.20,0.02,0.03,0.00,0.00,0.00,0.00,,yes,11.3,29,3.061,0,5,0.466,0.344,29,9
130.40,DRY RUN,SCAN,0,,,,,100,0,0,0,38,85,OPTOMOTOR,,0.15,0.02,0.04,0.00,0.00,0.00,0.00,,yes,19.7,29,5.472,0,6,0.435,0.323,29,9
130.45,DRY RUN,SCAN,0,,,,,100,0,0,0,38,85,OPTOMOTOR,,0.24,0.02,0.04,0.00,0.00,0.00,0.00,,yes,19.7,29,3.266,0,3,0.459,0.339,29,9
130.54,DRY RUN,SCAN,0,,,,,100,0,0,0,38,85,OPTOMOTOR,,0.81,0.01,0.03,0.00,0.00,0.00,0.00,,yes,11.2,29,3.165,0,4,0.459,0.339,29,9
130.59,DRY RUN,SCAN,0,,,,,100,0,0,0,38,85,OPTOMOTOR,,1.09,0.01,0.03,0.00,0.00,0.15,0.00,,yes,19.5,29,5.562,0,5,0.466,0.343,29,9
130.64,DRY RUN,SCAN,0,,,,,100,0,0,0,36,85,OPTOMOTOR,,0.75,0.01,0.02,0.00,0.00,0.00,0.00,,yes,19.8,29,3.115,0,1,0.370,0.269,29,7
130.73,DRY RUN,SCAN,0,,,,,100,0,0,0,37,85,OPTOMOTOR,,0.54,0.01,0.02,0.00,0.00,0.00,0.00,,yes,11.0,29,3.086,0,4,0.402,0.299,29,8
130.78,DRY RUN,SCAN,0,,,,,100,0,0,0,38,85,OPTOMOTOR,,0.32,0.01,0.01,0.00,0.00,0.00,0.00,,yes,19.6,29,5.589,0,6,0.462,0.340,29,9
130.83,DRY RUN,SCAN,0,,,,,100,0,0,0,40,85,OPTOMOTOR,,0.21,0.01,0.01,0.00,0.00,0.00,0.00,,yes,19.7,29,3.143,0,5,0.530,0.387,29,11
130.92,DRY RUN,SCAN,0,,,,,100,0,0,0,39,85,OPTOMOTOR,,0.25,0.01,0.01,0.00,0.00,0.00,0.00,,yes,11.2,29,3.130,0,6,0.513,0.375,29,10
130.97,DRY RUN,SCAN,0,,,,,100,0,0,0,36,85,OPTOMOTOR,,0.27,0.01,0.01,0.00,0.00,0.00,0.00,,yes,19.7,29,5.429,0,2,0.364,0.263,29,7
131.02,DRY RUN,SCAN,0,,,,,100,0,0,0,38,85,OPTOMOTOR,,0.18,0.01,0.01,0.00,0.00,0.00,0.00,,yes,19.7,29,3.077,0,6,0.432,0.320,29,9
131.11,DRY RUN,SCAN,0,,,,,100,0,0,0,36,85,OPTOMOTOR,,0.13,0.01,0.01,0.00,0.00,0.00,0.00,,yes,11.3,29,3.074,0,1,0.327,0.228,29,7
131.16,DRY RUN,SCAN,0,,,,,100,0,0,0,37,85,OPTOMOTOR,,0.10,0.02,0.01,0.00,0.00,0.00,0.00,,yes,19.7,29,5.381,0,5,0.417,0.309,29,8
131.21,DRY RUN,SCAN,0,,,,,100,0,0,0,39,85,OPTOMOTOR,,0.09,0.02,0.01,0.00,0.00,0.00,0.00,,yes,19.8,29,3.064,0,7,0.498,0.365,29,10
131.30,DRY RUN,SCAN,0,,,,,100,0,0,0,39,85,OPTOMOTOR,,0.11,0.03,0.01,0.00,0.00,0.00,0.00,,yes,11.3,29,3.081,0,5,0.488,0.358,29,10
131.35,DRY RUN,SCAN,0,,,,,100,0,0,0,37,85,OPTOMOTOR,,0.12,0.03,0.01,0.00,0.00,0.00,0.00,,yes,19.6,29,5.354,0,2,0.384,0.282,29,8
131.40,DRY RUN,SCAN,0,,,,,100,0,0,0,37,85,OPTOMOTOR,,0.13,0.03,0.01,0.00,0.00,0.00,0.00,,yes,19.9,29,3.035,0,1,0.379,0.278,29,8
131.49,DRY RUN,SCAN,0,,,,,100,0,0,0,38,85,OPTOMOTOR,,0.12,0.02,0.01,0.00,0.00,0.00,0.00,,yes,11.4,29,3.012,0,5,0.437,0.323,29,9
131.54,DRY RUN,SCAN,0,,,,,100,0,0,0,36,85,OPTOMOTOR,,0.14,0.01,0.01,0.00,0.00,0.00,0.00,,yes,19.6,29,5.375,0,2,0.364,0.263,29,7
131.59,DRY RUN,SCAN,0,,,,,100,0,0,0,38,85,OPTOMOTOR,,0.15,0.01,0.02,0.00,0.00,0.00,0.00,,yes,19.8,29,3.103,0,7,0.439,0.324,29,9
131.68,DRY RUN,SCAN,0,,,,,100,0,0,0,37,85,OPTOMOTOR,,0.22,0.02,0.02,0.00,0.00,0.00,0.00,,yes,11.3,29,3.189,0,4,0.406,0.302,29,8
131.73,DRY RUN,SCAN,0,,,,,100,0,0,0,37,85,OPTOMOTOR,,0.38,0.02,0.02,0.00,0.00,0.00,0.00,,yes,19.7,29,5.544,0,4,0.408,0.303,29,8
131.78,DRY RUN,SCAN,0,,,,,100,0,0,0,36,85,OPTOMOTOR,,0.46,0.02,0.02,0.00,0.00,0.00,0.00,,yes,19.7,29,3.049,0,2,0.352,0.252,29,7
131.87,DRY RUN,SCAN,0,,,,,100,0,0,0,36,85,OPTOMOTOR,,0.41,0.02,0.03,0.00,0.00,0.00,0.00,,yes,11.3,29,2.979,0,4,0.346,0.247,29,7
131.92,DRY RUN,SCAN,0,,,,,100,0,0,0,37,85,OPTOMOTOR,,0.39,0.02,0.03,0.00,0.00,0.00,0.00,,yes,19.6,29,4.912,0,6,0.398,0.296,29,8
131.97,DRY RUN,SCAN,0,,,,,100,0,0,0,36,85,OPTOMOTOR,,0.74,0.02,0.04,0.00,0.00,0.00,0.00,,yes,20.1,29,2.951,0,1,0.328,0.229,29,7
132.06,DRY RUN,SCAN,0,,,,,100,0,0,0,35,85,OPTOMOTOR,,0.93,0.01,0.03,0.00,0.00,0.06,0.00,,yes,11.2,29,2.912,0,2,0.323,0.224,29,6
132.11,DRY RUN,SCAN,0,,,,,100,0,0,0,35,85,OPTOMOTOR,,1.03,0.01,0.03,0.00,0.00,0.11,0.00,,yes,19.7,29,5.305,0,2,0.320,0.221,29,6
132.16,DRY RUN,SCAN,0,,,,,100,0,0,0,36,85,OPTOMOTOR,,1.07,0.01,0.03,0.00,0.00,0.14,0.00,,yes,19.9,29,3.026,0,4,0.374,0.272,29,7
132.25,DRY RUN,SCAN,0,,,,,100,0,0,0,8,85,OPTOMOTOR,,1.00,0.03,0.04,0.00,0.00,0.10,0.00,,yes,11.3,29,3.002,0,3,0.419,0.311,0,8
132.70,DRY RUN,SCAN,0,,,,,100,0,0,0,5,85,OPTOMOTOR,,0.96,0.04,0.04,0.00,0.00,0.08,0.00,,yes,2.2,29,-0.151,6,8,0.232,0.556,0,5
133.15,DRY RUN,SCAN,0,,,,,100,0,0,0,5,85,OPTOMOTOR,,0.85,0.02,0.04,0.00,0.00,0.03,0.00,,yes,2.2,30,0.112,5,8,0.248,0.761,0,5
133.59,DRY RUN,SCAN,0,,,,,100,0,0,0,11,85,OPTOMOTOR,,0.60,0.02,0.03,0.00,0.00,0.00,0.00,,,2.3,30,0.034,6,5,0.041,0.824,10,1
133.64,DRY RUN,SCAN,0,,,,,100,0,0,0,21,85,OPTOMOTOR,,0.35,0.01,0.02,0.00,0.00,0.00,0.00,,yes,19.5,29,9.371,0,4,0.188,0.669,17,4
133.69,DRY RUN,SCAN,0,,,,,100,0,0,0,24,85,CRUISE,,0.23,0.01,0.02,0.00,0.00,0.00,0.00,,yes,19.6,29,1.781,0,3,0.165,0.476,21,3
133.79,DRY RUN,SCAN,0,,,,,100,0,0,0,29,85,OPTOMOTOR,,0.24,0.01,0.02,0.00,0.00,0.00,0.00,,yes,10.5,30,2.225,0,3,0.241,0.382,24,5
133.84,DRY RUN,SCAN,0,,,,,100,0,0,0,34,85,OPTOMOTOR,,0.24,0.02,0.02,0.00,0.00,0.00,0.00,,yes,19.3,30,4.790,0,4,0.380,0.363,26,8
133.89,DRY RUN,SCAN,0,,,,,100,0,0,0,37,85,OPTOMOTOR,,0.14,0.02,0.02,0.00,0.00,0.00,0.00,,yes,19.5,29,2.826,0,5,0.498,0.386,27,10
133.98,DRY RUN,SCAN,0,,,,,100,0,0,0,39,85,OPTOMOTOR,,0.09,0.02,0.01,0.00,0.00,0.00,0.00,,yes,11.2,29,2.900,0,7,0.543,0.408,28,11
134.03,DRY RUN,SCAN,0,,,,,100,0,0,0,36,85,OPTOMOTOR,,0.06,0.02,0.01,0.00,0.00,0.00,0.00,,yes,19.6,30,5.260,0,1,0.371,0.277,29,7
134.08,DRY RUN,SCAN,0,,,,,100,0,0,0,38,85,OPTOMOTOR,,0.05,0.01,0.01,0.00,0.00,0.00,0.00,,yes,19.8,29,3.134,0,7,0.445,0.332,29,9
134.17,DRY RUN,SCAN,0,,,,,100,0,0,0,36,85,OPTOMOTOR,,0.04,0.01,0.02,0.00,0.00,0.00,0.00,,yes,11.2,29,3.092,0,1,0.332,0.235,29,7
134.22,DRY RUN,SCAN,0,,,,,100,0,0,0,36,85,OPTOMOTOR,,0.05,0.01,0.02,0.00,0.00,0.00,0.00,,yes,19.6,29,5.497,0,1,0.335,0.237,29,7
134.27,DRY RUN,SCAN,0,,,,,100,0,0,0,38,85,OPTOMOTOR,,0.15,0.02,0.03,0.00,0.00,0.00,0.00,,yes,19.7,29,3.151,0,6,0.431,0.319,29,9
134.36,DRY RUN,SCAN,0,,,,,100,0,0,0,36,85,OPTOMOTOR,,0.21,0.02,0.02,0.00,0.00,0.00,0.00,,yes,11.0,29,3.093,0,3,0.366,0.266,29,7
134.41,DRY RUN,SCAN,0,,,,,100,0,0,0,37,85,OPTOMOTOR,,0.21,0.01,0.02,0.00,0.00,0.00,0.00,,yes,19.5,29,5.541,0,4,0.399,0.297,29,8
134.47,DRY RUN,SCAN,0,,,,,100,0,0,0,38,85,OPTOMOTOR,,0.20,0.01,0.01,0.00,0.00,0.00,0.00,,yes,19.6,29,3.132,0,3,0.439,0.325,29,9
134.55,DRY RUN,SCAN,0,,,,,100,0,0,0,38,85,OPTOMOTOR,,0.32,0.01,0.01,0.00,0.00,0.00,0.00,,yes,11.1,29,3.133,0,6,0.441,0.326,29,9
134.61,DRY RUN,SCAN,0,,,,,100,0,0,0,39,85,OPTOMOTOR,,0.38,0.01,0.01,0.00,0.00,0.00,0.00,,yes,19.9,29,5.404,0,6,0.483,0.355,29,10
134.66,DRY RUN,SCAN,0,,,,,100,0,0,0,41,85,OPTOMOTOR,,0.23,0.01,0.01,0.00,0.00,0.00,0.00,,yes,19.7,29,3.115,0,7,0.598,0.448,29,12
134.75,DRY RUN,SCAN,0,,,,,100,0,0,0,37,85,OPTOMOTOR,,0.15,0.00,0.01,0.00,0.00,0.00,0.00,,yes,11.1,29,3.092,0,2,0.399,0.304,29,8
134.80,DRY RUN,SCAN,0,,,,,100,0,0,0,36,85,OPTOMOTOR,,0.10,0.01,0.01,0.00,0.00,0.00,0.00,,yes,19.4,30,5.449,0,4,0.358,0.262,29,7
134.85,DRY RUN,SCAN,0,,,,,100,0,0,0,37,85,OPTOMOTOR,,0.07,0.01,0.02,0.00,0.00,0.00,0.00,,yes,19.6,29,3.131,0,5,0.385,0.286,29,8
134.94,DRY RUN,SCAN,0,,,,,100,0,0,0,36,85,OPTOMOTOR,,0.06,0.01,0.02,0.00,0.00,0.00,0.00,,yes,11.0,29,3.106,0,1,0.335,0.237,29,7
134.99,DRY RUN,SCAN,0,,,,,100,0,0,0,37,85,OPTOMOTOR,,0.05,0.01,0.01,0.00,0.00,0.00,0.00,,yes,19.4,30,5.515,0,6,0.410,0.305,29,8
135.04,DRY RUN,SCAN,0,,,,,100,0,0,0,38,85,OPTOMOTOR,,0.04,0.01,0.01,0.00,0.00,0.00,0.00,,yes,19.6,29,3.126,0,7,0.452,0.334,29,9
135.13,DRY RUN,SCAN,0,,,,,100,0,0,0,37,85,OPTOMOTOR,,0.03,0.01,0.01,0.00,0.00,0.00,0.00,,yes,11.0,29,3.127,0,4,0.395,0.293,29,8
135.18,DRY RUN,SCAN,0,,,,,100,0,0,0,37,85,OPTOMOTOR,,0.06,0.01,0.02,0.00,0.00,0.00,0.00,,yes,19.6,29,5.549,0,4,0.421,0.313,29,8
135.25,DRY RUN,SCAN,0,,,,,100,0,0,0,39,85,OPTOMOTOR,,0.15,0.01,0.01,0.00,0.00,0.00,0.00,,yes,16.1,29,3.805,0,6,0.514,0.376,29,10
135.33,DRY RUN,SCAN,0,,,,,100,0,0,0,37,85,OPTOMOTOR,,0.19,0.01,0.01,0.00,0.00,0.00,0.00,,yes,11.2,29,3.098,0,4,0.407,0.302,29,8
135.39,DRY RUN,SCAN,0,,,,,100,0,0,0,40,85,OPTOMOTOR,,0.11,0.01,0.01,0.00,0.00,0.00,0.00,,yes,19.6,29,5.428,0,8,0.540,0.394,29,11
135.44,DRY RUN,SCAN,0,,,,,100,0,0,0,39,85,OPTOMOTOR,,0.07,0.01,0.02,0.00,0.00,0.00,0.00,,yes,19.7,29,3.099,0,2,0.491,0.360,29,10
135.53,DRY RUN,SCAN,0,,,,,100,0,0,0,39,85,OPTOMOTOR,,0.05,0.02,0.02,0.00,0.00,0.00,0.00,,yes,11.2,29,3.078,0,5,0.505,0.370,29,10
135.58,DRY RUN,SCAN,0,,,,,100,0,0,0,37,85,OPTOMOTOR,,0.04,0.01,0.02,0.00,0.00,0.00,0.00,,yes,19.7,29,5.413,0,3,0.415,0.308,29,8
135.63,DRY RUN,SCAN,0,,,,,100,0,0,0,37,85,OPTOMOTOR,,0.04,0.01,0.01,0.00,0.00,0.00,0.00,,yes,19.8,29,3.089,0,5,0.400,0.297,29,8
135.72,DRY RUN,SCAN,0,,,,,100,0,0,0,37,85,OPTOMOTOR,,0.04,0.02,0.01,0.00,0.00,0.00,0.00,,yes,11.3,29,3.064,0,3,0.398,0.296,29,8
135.77,DRY RUN,SCAN,0,,,,,100,0,0,0,36,85,OPTOMOTOR,,0.03,0.02,0.01,0.00,0.00,0.00,0.00,,yes,19.6,29,5.410,0,1,0.343,0.243,29,7
135.82,DRY RUN,SCAN,0,,,,,100,0,0,0,37,85,OPTOMOTOR,,0.03,0.02,0.02,0.00,0.00,0.00,0.00,,yes,19.8,29,3.109,0,5,0.391,0.289,29,8
135.91,DRY RUN,SCAN,0,,,,,100,0,0,0,37,85,OPTOMOTOR,,0.05,0.01,0.02,0.00,0.00,0.00,0.00,,yes,11.2,29,3.078,0,4,0.419,0.311,29,8
135.96,DRY RUN,SCAN,0,,,,,100,0,0,0,37,85,OPTOMOTOR,,0.06,0.01,0.02,0.00,0.00,0.00,0.00,,yes,19.6,29,5.449,0,3,0.408,0.304,29,8
136.01,DRY RUN,SCAN,0,,,,,100,0,0,0,37,85,OPTOMOTOR,,0.07,0.01,0.01,0.00,0.00,0.00,0.00,,yes,19.8,29,3.099,0,6,0.424,0.314,29,8
136.10,DRY RUN,SCAN,0,,,,,100,0,0,0,8,85,OPTOMOTOR,,0.06,0.01,0.01,0.00,0.00,0.00,0.00,,yes,11.2,29,3.069,0,1,0.398,0.296,0,8
136.54,DRY RUN,SCAN,0,,,,,100,0,0,0,3,85,OPTOMOTOR,,0.05,0.02,0.01,0.00,0.00,0.00,0.00,,yes,2.2,29,-0.007,6,7,0.154,0.572,0,3
136.99,DRY RUN,SCAN,0,,,,,100,0,0,0,3,85,CRUISE,,0.03,0.02,0.01,0.00,0.00,0.00,0.00,,yes,2.2,29,-0.217,6,7,0.132,0.770,0,3
137.44,DRY RUN,SCAN,0,,,,,100,0,0,0,11,85,CRUISE,,0.03,0.02,0.01,0.00,0.00,0.00,0.00,,,2.2,30,-0.468,6,7,0.030,0.853,10,1
137.49,DRY RUN,SCAN,0,,,,,100,0,0,0,22,85,CRUISE,,0.28,0.02,0.01,0.00,0.00,0.00,0.00,,yes,19.3,30,9.517,0,7,0.242,0.728,17,5
137.54,DRY RUN,SCAN,0,,,,,100,0,0,0,26,85,OPTOMOTOR,,0.40,0.02,0.02,0.00,0.00,0.00,0.00,,yes,19.6,30,1.845,0,4,0.252,0.600,21,5
137.63,DRY RUN,SCAN,0,,,,,100,0,0,0,33,85,OPTOMOTOR,,0.35,0.03,0.04,0.00,0.00,0.00,0.00,,yes,11.0,30,2.254,0,7,0.472,0.557,24,9
137.69,DRY RUN,SCAN,0,,,,,100,0,0,0,35,85,OPTOMOTOR,,0.20,0.04,0.05,0.00,0.00,0.00,0.00,,yes,19.5,30,4.608,0,5,0.457,0.452,26,9
137.74,DRY RUN,SCAN,0,,,,,100,0,0,0,36,85,OPTOMOTOR,,0.13,0.05,0.05,0.00,0.00,0.00,0.00,,yes,19.2,30,2.788,0,4,0.439,0.359,27,9
137.83,DRY RUN,SCAN,0,,,,,100,0,0,0,38,85,OPTOMOTOR,,0.09,0.04,0.06,0.00,0.00,0.00,0.00,,yes,11.0,30,2.960,0,7,0.517,0.393,28,10
137.88,DRY RUN,SCAN,0,,,,,100,0,0,0,38,85,OPTOMOTOR,,0.06,0.04,0.05,0.00,0.00,0.00,0.00,,yes,19.4,30,5.357,0,5,0.457,0.345,29,9
137.93,DRY RUN,SCAN,0,,,,,100,0,0,0,38,85,OPTOMOTOR,,0.04,0.02,0.05,0.00,0.00,0.00,0.00,,yes,19.7,29,3.129,0,5,0.465,0.347,29,9
138.02,DRY RUN,SCAN,0,,,,,100,0,0,0,37,85,OPTOMOTOR,,0.03,0.01,0.04,0.00,0.00,0.00,0.00,,yes,11.1,29,3.095,0,2,0.407,0.305,29,8
138.07,DRY RUN,SCAN,0,,,,,100,0,0,0,37,85,OPTOMOTOR,,0.03,0.01,0.03,0.00,0.00,0.00,0.00,,yes,19.2,30,5.509,0,5,0.415,0.310,29,8
138.12,DRY RUN,SCAN,0,,,,,100,0,0,0,38,85,OPTOMOTOR,,0.05,0.01,0.02,0.00,0.00,0.00,0.00,,yes,19.7,29,3.157,0,3,0.448,0.332,29,9
138.21,DRY RUN,SCAN,0,,,,,100,0,0,0,38,85,OPTOMOTOR,,0.05,0.01,0.04,0.00,0.00,0.00,0.00,,yes,11.1,29,3.123,0,3,0.467,0.344,29,9
138.26,DRY RUN,SCAN,0,,,,,100,0,0,0,36,85,OPTOMOTOR,,0.05,0.01,0.05,0.00,0.00,0.00,0.00,,yes,19.4,30,5.559,0,2,0.346,0.246,29,7
138.32,DRY RUN,SCAN,0,,,,,100,0,0,0,36,85,OPTOMOTOR,,0.05,0.01,0.04,0.00,0.00,0.00,0.00,,yes,19.5,30,3.140,0,3,0.368,0.267,29,7
138.41,DRY RUN,SCAN,0,,,,,100,0,0,0,37,85,OPTOMOTOR,,0.05,0.01,0.03,0.00,0.00,0.00,0.00,,yes,11.1,29,3.167,0,3,0.414,0.308,29,8
138.46,DRY RUN,SCAN,0,,,,,100,0,0,0,37,85,OPTOMOTOR,,0.05,0.01,0.03,0.00,0.00,0.00,0.00,,yes,19.7,29,5.686,0,2,0.399,0.297,29,8
138.51,DRY RUN,SCAN,0,,,,,100,0,0,0,38,85,OPTOMOTOR,,0.05,0.01,0.03,0.00,0.00,0.00,0.00,,yes,19.7,29,3.123,0,4,0.425,0.315,29,9
138.60,DRY RUN,SCAN,0,,,,,100,0,0,0,37,85,OPTOMOTOR,,0.07,0.01,0.02,0.00,0.00,0.00,0.00,,yes,11.2,29,3.210,0,3,0.412,0.306,29,8
138.65,DRY RUN,SCAN,0,,,,,100,0,0,0,36,85,OPTOMOTOR,,0.08,0.02,0.02,0.00,0.00,0.00,0.00,,yes,19.6,29,5.544,0,1,0.348,0.248,29,7
138.70,DRY RUN,SCAN,0,,,,,100,0,0,0,36,85,OPTOMOTOR,,0.09,0.02,0.02,0.00,0.00,0.00,0.00,,yes,19.8,29,3.127,0,2,0.349,0.250,29,7
138.79,DRY RUN,SCAN,0,,,,,100,0,0,0,36,85,OPTOMOTOR,,0.09,0.02,0.02,0.00,0.00,0.00,0.00,,yes,10.9,29,3.121,0,4,0.345,0.245,29,7
138.84,DRY RUN,SCAN,0,,,,,100,0,0,0,37,85,OPTOMOTOR,,0.06,0.02,0.02,0.00,0.00,0.00,0.00,,yes,19.5,29,5.648,0,5,0.378,0.276,29,8
138.89,DRY RUN,SCAN,0,,,,,100,0,0,0,37,85,OPTOMOTOR,,0.04,0.02,0.02,0.00,0.00,0.00,0.00,,yes,19.6,29,3.183,0,6,0.401,0.299,29,8
138.98,DRY RUN,SCAN,0,,,,,100,0,0,0,39,85,OPTOMOTOR,,0.03,0.02,0.02,0.00,0.00,0.00,0.00,,yes,11.2,29,3.105,0,5,0.475,0.349,29,10
139.03,DRY RUN,SCAN,0,,,,,100,0,0,0,37,85,OPTOMOTOR,,0.24,0.02,0.02,0.00,0.00,0.00,0.00,,yes,19.7,29,5.615,0,5,0.412,0.306,29,8
139.08,DRY RUN,SCAN,0,,,,,100,0,0,0,36,85,OPTOMOTOR,,0.84,0.02,0.03,0.00,0.00,0.02,0.00,,yes,19.8,29,3.228,0,2,0.368,0.268,29,7
139.17,DRY RUN,SCAN,0,,,,,100,0,0,0,38,85,OPTOMOTOR,,1.49,0.02,0.03,0.00,0.00,0.34,0.00,,yes,11.2,29,3.173,0,6,0.457,0.337,29,9
139.22,DRY RUN,SCAN,0,,,,,100,0,0,0,35,85,OPTOMOTOR,,1.81,0.02,0.03,0.26,0.00,0.50,0.00,,yes,19.3,30,5.655,0,3,0.391,0.290,29,6
139.28,DRY RUN,SCAN,0,,,,,100,0,0,0,34,85,AVOID_RIGHT,,1.97,0.02,0.03,0.41,0.00,0.58,0.00,,yes,19.1,30,3.191,0,3,0.412,0.306,29,5
139.37,DRY RUN,SCAN,0,,,,,100,0,0,0,34,85,AVOID_RIGHT,,1.65,0.03,0.03,0.45,0.00,0.42,0.00,,yes,10.8,30,3.255,0,5,0.481,0.353,29,5
139.42,DRY RUN,SCAN,0,,,,,100,0,0,0,35,85,AVOID_RIGHT,,1.28,0.03,0.04,0.40,0.00,0.24,0.00,,yes,19.1,30,5.289,0,4,0.513,0.375,29,6
139.47,DRY RUN,SCAN,0,,,,,100,0,0,0,36,85,AVOID_RIGHT,,0.93,0.03,0.04,0.23,0.00,0.06,0.00,,yes,19.7,29,3.105,0,3,0.482,0.354,29,7
139.56,DRY RUN,SCAN,0,,,,,100,0,0,0,37,85,AVOID_RIGHT,,0.75,0.03,0.05,0.13,0.00,0.00,0.00,,yes,11.2,29,2.939,0,4,0.451,0.333,29,8
139.61,DRY RUN,SCAN,0,,,,,100,0,0,0,39,85,AVOID_RIGHT,,0.62,0.04,0.04,0.07,0.00,0.00,0.00,,yes,19.7,29,5.082,0,6,0.531,0.388,29,10
139.66,DRY RUN,SCAN,0,,,,,100,0,0,0,37,85,OPTOMOTOR,,0.55,0.03,0.05,0.04,0.00,0.00,0.00,,yes,19.7,29,2.978,0,2,0.423,0.313,29,8
139.75,DRY RUN,SCAN,0,,,,,100,0,0,0,37,85,OPTOMOTOR,,0.92,0.02,0.04,0.02,0.00,0.06,0.00,,yes,11.3,29,2.892,0,3,0.432,0.319,29,8
139.80,DRY RUN,SCAN,0,,,,,100,0,0,0,37,85,OPTOMOTOR,,1.29,0.02,0.03,0.01,0.00,0.24,0.00,,yes,19.7,29,5.154,0,2,0.409,0.304,29,8
139.85,DRY RUN,SCAN,0,,,,,100,0,0,0,37,85,OPTOMOTOR,,1.59,0.01,0.02,0.01,0.00,0.40,0.00,,yes,19.6,29,2.848,0,2,0.397,0.295,29,8
139.94,DRY RUN,SCAN,0,,,,,100,0,0,0,7,85,AVOID_RIGHT,,1.82,0.01,0.02,0.26,0.00,0.51,0.00,,yes,11.0,29,3.109,0,5,0.451,0.333,0,7
140.39,DRY RUN,SCAN,0,,,,,100,0,0,0,2,85,AVOID_RIGHT,,1.94,0.01,0.02,0.41,0.00,0.57,0.00,,yes,2.2,30,-0.290,6,6,0.157,0.545,0,2
140.84,DRY RUN,SCAN,0,,,,,100,0,0,0,1,85,AVOID_RIGHT,,1.34,0.01,0.02,0.31,0.00,0.27,0.00,,yes,2.2,30,0.232,6,7,0.087,0.741,0,1
141.28,DRY RUN,SCAN,0,,,,,100,0,0,0,11,85,AVOID_RIGHT,,0.69,0.01,0.02,0.17,0.00,0.00,0.00,,,2.2,30,0.174,6,7,0.082,0.865,10,1
141.34,DRY RUN,SCAN,0,,,,,100,0,0,0,21,85,AVOID_RIGHT,,0.35,0.01,0.02,0.10,0.00,0.00,0.00,,yes,19.3,29,9.224,0,7,0.214,0.735,17,4
141.39,DRY RUN,SCAN,0,,,,,100,0,0,0,24,85,AVOID_RIGHT,,0.18,0.00,0.02,0.05,0.00,0.00,0.00,,yes,19.6,29,1.883,0,2,0.147,0.523,21,3
141.48,DRY RUN,SCAN,0,,,,,100,0,0,0,30,85,AVOID_RIGHT,,0.13,0.02,0.04,0.03,0.00,0.00,0.00,,yes,11.1,29,2.227,0,6,0.289,0.452,24,6
141.53,DRY RUN,SCAN,0,,,,,100,0,0,0,32,85,AVOID_RIGHT,,0.10,0.03,0.05,0.02,0.00,0.00,0.00,,yes,19.4,30,4.566,0,3,0.309,0.340,26,6
141.58,DRY RUN,SCAN,0,,,,,100,0,0,0,34,85,OPTOMOTOR,,0.06,0.02,0.03,0.01,0.00,0.00,0.00,,yes,19.7,29,2.788,0,2,0.341,0.272,27,7
141.67,DRY RUN,SCAN,0,,,,,100,0,0,0,35,85,OPTOMOTOR,,0.04,0.01,0.02,0.01,0.00,0.00,0.00,,yes,11.1,29,2.890,0,1,0.359,0.272,28,7
141.72,DRY RUN,SCAN,0,,,,,100,0,0,0,37,85,OPTOMOTOR,,0.03,0.01,0.02,0.00,0.00,0.00,0.00,,yes,19.4,29,5.306,0,4,0.395,0.301,29,8
141.77,DRY RUN,SCAN,0,,,,,100,0,0,0,37,85,OPTOMOTOR,,0.03,0.01,0.02,0.00,0.00,0.00,0.00,,yes,19.5,29,3.109,0,5,0.408,0.308,29,8
141.86,DRY RUN,SCAN,0,,,,,100,0,0,0,37,85,OPTOMOTOR,,0.03,0.01,0.02,0.00,0.00,0.00,0.00,,yes,11.1,29,3.112,0,4,0.392,0.292,29,8
141.91,DRY RUN,SCAN,0,,,,,100,0,0,0,36,85,OPTOMOTOR,,0.02,0.01,0.02,0.00,0.00,0.00,0.00,,yes,19.7,29,5.377,0,2,0.344,0.246,29,7
141.96,DRY RUN,SCAN,0,,,,,100,0,0,0,36,85,OPTOMOTOR,,0.02,0.01,0.02,0.00,0.00,0.00,0.00,,yes,19.4,30,2.327,0,4,0.342,0.243,29,7
142.05,DRY RUN,SCAN,0,,,,,100,0,0,0,32,85,OPTOMOTOR,,0.02,0.01,0.02,0.00,0.87,0.00,0.00,,yes,11.2,29,-1.031,2,1,0.135,0.223,29,3
142.11,DRY RUN,SCAN,0,,,,,100,0,0,0,34,85,OPTOMOTOR,,0.13,0.02,0.11,0.00,0.87,0.00,0.00,,yes,19.4,30,5.028,0,2,0.258,0.221,29,5
142.16,DRY RUN,SCAN,0,,,,,100,0,0,0,36,85,OPTOMOTOR,,0.19,0.08,0.18,0.00,0.61,0.00,0.00,,yes,19.4,29,2.188,0,4,0.371,0.286,29,7
142.25,DRY RUN,SCAN,0,,,,,100,0,0,0,31,85,CRUISE,,0.24,0.13,0.26,0.00,0.44,0.00,0.00,,yes,11.2,29,0.343,5,8,0.112,0.552,29,2
142.30,DRY RUN,SCAN,0,,,,,100,0,0,0,32,85,CRUISE,,0.31,0.16,0.32,0.00,1.75,0.00,0.00,,yes,19.3,30,7.018,0,6,0.165,0.525,29,3
142.35,DRY RUN,SCAN,0,,,,,100,0,0,0,31,85,CRUISE,,0.35,0.19,0.35,0.00,1.22,0.00,0.00,,yes,19.8,29,0.471,6,8,0.109,0.677,29,2
142.44,DRY RUN,SCAN,0,,,,,100,0,0,0,31,85,CRUISE,,0.36,0.19,0.36,0.00,0.87,0.00,0.00,,yes,10.8,29,0.599,6,8,0.106,0.806,29,2
142.49,DRY RUN,SCAN,0,,,,,100,0,0,0,32,85,CRUISE,,0.22,0.16,0.31,0.00,0.61,0.00,0.00,,yes,19.2,30,0.004,6,8,0.129,0.906,29,3
142.55,DRY RUN,SCAN,0,,,,,100,0,0,0,28,85,CRUISE,,0.14,0.15,0.29,0.00,0.87,0.00,0.00,,yes,19.5,29,-1.073,2,2,-0.065,0.744,29,-1
142.63,DRY RUN,SCAN,0,,,,,100,0,0,0,32,85,CRUISE,,0.11,0.14,0.62,0.00,0.61,0.00,0.00,,yes,11.3,29,0.812,5,8,0.129,0.795,29,3
142.68,DRY RUN,SCAN,0,,,,,100,0,0,0,31,85,CRUISE,,0.06,0.15,0.80,0.00,3.05,0.00,0.00,,yes,19.7,29,3.914,0,3,0.101,0.590,29,2
142.73,DRY RUN,SCAN,0,,,,,100,0,0,0,29,85,CRUISE,,0.03,0.20,0.89,0.00,2.14,0.00,0.00,,yes,19.7,29,-2.084,1,0,-0.003,0.366,29,0
142.82,DRY RUN,SCAN,0,,,,,100,0,0,0,31,85,CRUISE,,0.06,0.23,1.14,0.00,1.75,0.00,0.00,,yes,11.3,29,2.197,0,4,0.123,0.296,29,2
142.87,DRY RUN,SCAN,0,,,,,100,0,0,0,30,85,CRUISE,,0.07,0.32,1.27,0.00,1.31,0.00,0.00,,yes,19.7,29,0.194,6,8,0.071,0.563,29,1
142.93,DRY RUN,SCAN,0,,,,,100,0,0,0,27,85,CRUISE,,0.04,0.66,1.20,0.00,0.92,0.00,0.00,,yes,19.3,30,-1.856,2,0,-0.090,0.412,29,-2
143.02,DRY RUN,SCAN,0,,,,,100,0,0,0,26,85,CRUISE,,0.03,0.83,0.99,0.00,0.87,0.00,0.00,,yes,11.2,29,-1.991,1,0,-0.164,0.279,29,-3
143.07,DRY RUN,SCAN,0,,,,,100,0,0,0,28,85,CRUISE,,0.13,0.81,0.87,0.00,0.61,0.00,0.00,,yes,19.6,29,1.139,1,5,-0.035,0.300,29,-1
143.12,DRY RUN,SCAN,0,,,,,100,0,0,0,28,85,CRUISE,,0.18,0.80,0.75,0.00,0.43,0.00,0.00,,yes,19.6,29,0.475,6,8,-0.050,0.608,29,-1
143.21,DRY RUN,SCAN,0,,,,,100,0,0,0,30,85,CRUISE,,0.20,0.57,0.63,0.00,0.87,0.00,0.00,,yes,11.3,29,1.047,0,3,0.040,0.571,29,1
143.26,DRY RUN,SCAN,0,,,,,100,0,0,0,33,85,CRUISE,,0.10,0.44,0.56,0.00,0.61,0.00,0.00,,yes,19.7,29,2.662,0,3,0.190,0.479,29,4
143.31,DRY RUN,SCAN,0,,,,,100,0,0,0,39,85,OPTOMOTOR,,0.05,0.34,0.43,0.00,0.44,0.00,0.00,,yes,19.8,29,1.501,0,8,0.490,0.522,29,10
143.40,DRY RUN,SCAN,0,,,,,100,0,0,0,33,85,OPTOMOTOR,,0.03,0.29,0.34,0.00,0.31,0.00,0.00,,yes,11.3,29,0.585,6,6,0.218,0.723,29,4
143.45,DRY RUN,SCAN,0,,,,,100,0,0,0,30,85,CRUISE,,0.03,0.28,0.24,0.00,0.44,0.00,0.00,,yes,19.2,30,-0.819,2,3,0.047,0.660,29,1
143.50,DRY RUN,SCAN,0,,,,,100,0,0,0,32,85,CRUISE,,0.09,0.28,0.24,0.00,0.87,0.00,0.00,,yes,19.6,29,1.095,2,8,0.168,0.676,29,3
143.59,DRY RUN,SCAN,0,,,,,100,0,0,0,28,85,CRUISE,,0.25,0.28,0.88,0.00,0.61,0.00,0.00,,yes,11.3,29,-1.057,2,1,-0.046,0.495,29,-1
143.64,DRY RUN,SCAN,0,,,,,100,0,0,0,31,85,CRUISE,,0.33,0.25,1.20,0.00,0.87,0.00,0.00,,yes,19.6,29,1.505,0,5,0.124,0.460,29,2
143.69,DRY RUN,SCAN,0,,,,,100,0,0,0,31,85,CRUISE,,0.35,0.24,0.99,0.00,0.61,0.00,0.00,,yes,20.0,28,0.331,6,7,0.105,0.664,29,2
143.78,DRY RUN,SCAN,0,,,,,100,0,0,0,31,85,CRUISE,,0.19,0.23,0.83,0.00,0.43,0.00,0.00,,yes,10.9,29,2.020,0,4,0.086,0.521,29,2
143.83,DRY RUN,SCAN,0,,,,,100,0,0,0,2,85,CRUISE,,0.12,0.23,0.75,0.00,0.44,0.00,0.00,,yes,19.9,29,0.898,4,7,0.122,0.589,0,2
144.28,DRY RUN,SCAN,0,,,,,100,0,0,0,-1,85,CRUISE,,0.16,0.23,0.71,0.00,0.87,0.00,0.00,,yes,2.2,29,-4.590,2,0,-0.053,0.441,0,-1
144.73,DRY RUN,SCAN,0,,,,,100,0,0,0,-3,85,CRUISE,,0.19,0.22,0.71,0.00,2.18,0.00,0.00,,yes,2.2,30,-3.463,2,0,-0.171,0.315,0,-3
145.18,DRY RUN,SCAN,0,,,,,100,0,0,0,6,85,OPTOMOTOR,,0.39,0.31,0.71,0.00,1.53,0.00,0.00,,,2.2,30,-1.212,2,1,-0.219,0.263,10,-4
145.23,DRY RUN,SCAN,0,,,,,100,0,0,0,16,85,OPTOMOTOR,,0.27,0.25,0.59,0.00,1.07,0.00,0.00,,,19.5,29,9.552,0,4,-0.044,0.253,17,-1
145.32,DRY RUN,SCAN,0,,,,,100,0,0,0,24,85,CRUISE,,0.18,0.22,0.43,0.00,0.75,0.00,0.00,,yes,11.2,29,1.787,0,4,0.134,0.247,21,3
145.37,DRY RUN,SCAN,0,,,,,100,0,0,0,31,85,OPTOMOTOR,,0.14,0.14,0.32,0.00,0.52,0.00,0.00,,yes,19.7,29,3.958,0,6,0.371,0.339,24,7
145.42,DRY RUN,SCAN,0,,,,,100,0,0,0,34,85,OPTOMOTOR,,0.10,0.08,0.26,0.00,0.37,0.00,0.00,,yes,20.0,29,2.483,0,4,0.379,0.296,26,8
145.51,DRY RUN,SCAN,0,,,,,100,0,0,0,34,85,OPTOMOTOR,,0.08,0.05,0.14,0.00,0.26,0.00,0.00,,yes,11.3,29,2.821,0,2,0.337,0.248,27,7
145.56,DRY RUN,SCAN,0,,,,,100,0,0,0,35,85,OPTOMOTOR,,0.07,0.03,0.14,0.00,0.18,0.00,0.00,,yes,19.8,29,4.968,0,4,0.368,0.273,28,7
145.61,DRY RUN,SCAN,0,,,,,100,0,0,0,37,85,OPTOMOTOR,,0.05,0.02,0.11,0.00,0.13,0.00,0.00,,yes,19.8,29,3.037,0,1,0.385,0.287,29,8
145.70,DRY RUN,SCAN,0,,,,,100,0,0,0,35,85,OPTOMOTOR,,0.04,0.04,0.10,0.00,0.09,0.00,0.00,,yes,11.3,29,3.041,0,2,0.310,0.214,29,6
145.75,DRY RUN,SCAN,0,,,,,100,0,0,0,37,85,OPTOMOTOR,,0.03,0.04,0.09,0.00,0.06,0.00,0.00,,yes,19.7,29,5.413,0,4,0.398,0.297,29,8
145.80,DRY RUN,SCAN,0,,,,,100,0,0,0,37,85,OPTOMOTOR,,0.03,0.05,0.09,0.00,0.04,0.00,0.00,,yes,19.8,29,3.040,0,6,0.397,0.296,29,8
145.88,DRY RUN,SCAN,0,,,,,100,0,0,0,37,85,OPTOMOTOR,,0.02,0.06,0.14,0.00,0.03,0.00,0.00,,yes,11.3,29,3.141,0,5,0.392,0.290,29,8
145.94,DRY RUN,SCAN,0,,,,,100,0,0,0,37,85,OPTOMOTOR,,0.02,0.06,0.18,0.00,0.02,0.00,0.00,,yes,19.9,29,5.458,0,4,0.399,0.297,29,8
145.99,DRY RUN,SCAN,0,,,,,100,0,0,0,39,85,OPTOMOTOR,,0.04,0.08,0.20,0.00,0.01,0.00,0.00,,yes,19.8,29,3.094,0,6,0.501,0.367,29,10
146.07,DRY RUN,SCAN,0,,,,,100,0,0,0,39,85,OPTOMOTOR,,0.05,0.09,0.18,0.00,0.01,0.00,0.00,,yes,11.3,28,3.068,0,7,0.524,0.383,29,10
146.13,DRY RUN,SCAN,0,,,,,100,0,0,0,39,85,OPTOMOTOR,,0.05,0.07,0.11,0.00,0.01,0.00,0.00,,yes,19.6,29,5.416,0,4,0.496,0.363,29,10
146.18,DRY RUN,SCAN,0,,,,,100,0,0,0,37,85,OPTOMOTOR,,0.04,0.05,0.07,0.00,0.01,0.00,0.00,,yes,19.8,28,3.088,0,5,0.424,0.314,29,8
146.26,DRY RUN,SCAN,0,,,,,100,0,0,0,37,85,OPTOMOTOR,,0.03,0.03,0.09,0.00,0.00,0.00,0.00,,yes,11.3,29,3.074,0,3,0.378,0.277,29,8
146.32,DRY RUN,SCAN,0,,,,,100,0,0,0,36,85,OPTOMOTOR,,0.03,0.03,0.10,0.00,0.00,0.00,0.00,,yes,19.7,29,5.386,0,3,0.356,0.256,29,7
146.37,DRY RUN,SCAN,0,,,,,100,0,0,0,36,85,OPTOMOTOR,,0.03,0.04,0.11,0.00,0.00,0.00,0.00,,yes,19.8,29,3.093,0,3,0.374,0.273,29,7
146.45,DRY RUN,SCAN,0,,,,,100,0,0,0,37,85,OPTOMOTOR,,0.02,0.05,0.07,0.00,0.00,0.00,0.00,,yes,11.3,29,3.032,0,6,0.419,0.311,29,8
146.50,DRY RUN,SCAN,0,,,,,100,0,0,0,38,85,OPTOMOTOR,,0.02,0.05,0.05,0.00,0.00,0.00,0.00,,yes,19.8,29,5.402,0,4,0.457,0.337,29,9
146.55,DRY RUN,SCAN,0,,,,,100,0,0,0,38,85,OPTOMOTOR,,0.01,0.06,0.04,0.00,0.00,0.00,0.00,,yes,19.9,29,3.017,0,6,0.472,0.347,29,9
146.64,DRY RUN,SCAN,0,,,,,100,0,0,0,38,85,OPTOMOTOR,,0.01,0.04,0.03,0.00,0.00,0.00,0.00,,yes,11.4,28,3.043,0,4,0.466,0.343,29,9
146.69,DRY RUN,SCAN,0,,,,,100,0,0,0,38,85,OPTOMOTOR,,0.02,0.03,0.03,0.00,0.00,0.00,0.00,,yes,19.8,29,5.367,0,3,0.456,0.336,29,9
146.74,DRY RUN,SCAN,0,,,,,100,0,0,0,38,85,OPTOMOTOR,,0.02,0.03,0.03,0.00,0.00,0.00,0.00,,yes,19.9,29,3.054,0,5,0.443,0.327,29,9
146.83,DRY RUN,SCAN,0,,,,,100,0,0,0,37,85,OPTOMOTOR,,0.02,0.02,0.03,0.00,0.00,0.00,0.00,,yes,11.3,29,3.012,0,5,0.415,0.308,29,8
146.88,DRY RUN,SCAN,0,,,,,100,0,0,0,35,85,OPTOMOTOR,,0.04,0.06,0.03,0.00,0.00,0.00,0.00,,yes,19.7,29,5.340,0,2,0.325,0.226,29,6
146.93,DRY RUN,SCAN,0,,,,,100,0,0,0,37,85,OPTOMOTOR,,0.05,0.09,0.04,0.00,0.00,0.00,0.00,,yes,19.9,29,3.046,0,4,0.391,0.289,29,8
147.02,DRY RUN,SCAN,0,,,,,100,0,0,0,38,85,OPTOMOTOR,,0.06,0.10,0.03,0.00,0.00,0.00,0.00,,yes,11.3,28,3.033,0,6,0.474,0.349,29,9
147.07,DRY RUN,SCAN,0,,,,,100,0,0,0,39,85,OPTOMOTOR,,0.04,0.08,0.02,0.00,0.00,0.00,0.00,,yes,19.7,29,5.347,0,7,0.488,0.358,29,10
147.12,DRY RUN,SCAN,0,,,,,100,0,0,0,38,85,OPTOMOTOR,,0.03,0.07,0.02,0.00,0.00,0.00,0.00,,yes,19.9,29,3.042,0,4,0.455,0.335,29,9
147.21,DRY RUN,SCAN,0,,,,,100,0,0,0,37,85,OPTOMOTOR,,0.03,0.10,0.02,0.00,0.00,0.00,0.00,,yes,11.3,29,3.054,0,3,0.376,0.274,29,8
147.26,DRY RUN,SCAN,0,,,,,100,0,0,0,36,85,OPTOMOTOR,,0.03,0.12,0.02,0.00,0.00,0.00,0.00,,yes,19.7,29,5.405,0,1,0.375,0.274,29,7
147.31,DRY RUN,SCAN,0,,,,,100,0,0,0,38,85,OPTOMOTOR,,0.03,0.10,0.02,0.00,0.00,0.00,0.00,,yes,19.9,29,3.042,0,4,0.448,0.330,29,9
147.40,DRY RUN,SCAN,0,,,,,100,0,0,0,37,85,OPTOMOTOR,,0.03,0.09,0.02,0.00,0.00,0.00,0.00,,yes,11.3,28,3.059,0,4,0.411,0.305,29,8
147.45,DRY RUN,SCAN,0,,,,,100,0,0,0,38,85,OPTOMOTOR,,0.03,0.09,0.03,0.00,0.00,0.00,0.00,,yes,19.6,29,5.388,0,5,0.439,0.324,29,9
147.50,DRY RUN,SCAN,0,,,,,100,0,0,0,36,85,OPTOMOTOR,,0.04,0.06,0.04,0.00,0.00,0.00,0.00,,yes,19.8,29,3.106,0,2,0.364,0.264,29,7
147.59,DRY RUN,SCAN,0,,,,,100,0,0,0,38,85,OPTOMOTOR,,0.04,0.05,0.06,0.00,0.00,0.00,0.00,,yes,11.3,29,3.044,0,5,0.425,0.315,29,9
147.64,DRY RUN,SCAN,0,,,,,100,0,0,0,38,85,OPTOMOTOR,,0.03,0.05,0.08,0.00,0.00,0.00,0.00,,yes,19.7,29,5.396,0,5,0.447,0.330,29,9
147.69,DRY RUN,SCAN,0,,,,,100,0,0,0,9,85,OPTOMOTOR,,0.02,0.05,0.07,0.00,0.00,0.00,0.00,,yes,19.8,29,3.094,0,4,0.452,0.334,0,9
148.13,DRY RUN,SCAN,0,,,,,100,0,0,0,3,85,OPTOMOTOR,,0.03,0.03,0.07,0.00,0.00,0.00,0.00,,yes,2.3,28,0.003,5,7,0.154,0.617,0,3
148.58,DRY RUN,SCAN,0,,,,,100,0,0,0,3,85,CRUISE,,0.04,0.02,0.06,0.00,0.00,0.00,0.00,,yes,2.2,30,-0.002,5,7,0.171,0.776,0,3
149.04,DRY RUN,SCAN,0,,,,,100,0,0,0,15,85,CRUISE,,0.03,0.01,0.04,0.00,0.00,0.00,0.00,,,2.2,29,0.047,6,8,0.236,0.904,10,5
149.13,DRY RUN,SCAN,0,,,,,100,0,0,0,21,85,OPTOMOTOR,,0.03,0.01,0.02,0.00,0.00,0.00,0.00,,yes,11.1,30,9.580,0,3,0.181,0.723,17,4
149.18,DRY RUN,SCAN,0,,,,,100,0,0,0,24,85,OPTOMOTOR,,0.02,0.02,0.02,0.00,0.00,0.00,0.00,,yes,19.1,31,3.213,0,1,0.129,0.512,21,3
149.23,DRY RUN,SCAN,0,,,,,100,0,0,0,29,85,OPTOMOTOR,,0.02,0.03,0.01,0.00,0.00,0.00,0.00,,yes,19.2,30,2.316,0,3,0.258,0.431,24,5
149.32,DRY RUN,SCAN,0,,,,,100,0,0,0,35,85,OPTOMOTOR,,0.04,0.04,0.02,0.00,0.00,0.00,0.00,,yes,11.3,29,2.546,0,7,0.464,0.448,26,9
149.37,DRY RUN,SCAN,0,,,,,100,0,0,0,34,85,OPTOMOTOR,,0.05,0.03,0.03,0.00,0.00,0.00,0.00,,yes,19.5,29,4.828,0,1,0.354,0.285,27,7
149.42,DRY RUN,SCAN,0,,,,,100,0,0,0,35,85,OPTOMOTOR,,0.07,0.03,0.05,0.00,0.00,0.00,0.00,,yes,19.8,29,2.903,0,2,0.372,0.284,28,7
149.51,DRY RUN,SCAN,0,,,,,100,0,0,0,36,85,OPTOMOTOR,,0.06,0.03,0.05,0.00,0.00,0.00,0.00,,yes,11.4,29,2.950,0,4,0.373,0.279,29,7
149.56,DRY RUN,SCAN,0,,,,,100,0,0,0,35,85,OPTOMOTOR,,0.04,0.02,0.04,0.00,0.00,0.00,0.00,,yes,19.7,29,5.366,0,2,0.318,0.224,29,6
149.61,DRY RUN,SCAN,0,,,,,100,0,0,0,36,85,OPTOMOTOR,,0.03,0.03,0.03,0.00,0.00,0.00,0.00,,yes,19.7,29,3.073,0,4,0.372,0.274,29,7
149.70,DRY RUN,SCAN,0,,,,,100,0,0,0,36,85,OPTOMOTOR,,0.03,0.03,0.02,0.00,0.00,0.00,0.00,,yes,10.9,29,3.081,0,3,0.338,0.240,29,7
149.75,DRY RUN,SCAN,0,,,,,100,0,0,0,39,85,OPTOMOTOR,,0.03,0.04,0.02,0.00,0.00,0.00,0.00,,yes,19.4,30,5.559,0,7,0.502,0.369,29,10
149.80,DRY RUN,SCAN,0,,,,,100,0,0,0,38,85,OPTOMOTOR,,0.03,0.02,0.02,0.00,0.00,0.00,0.00,,yes,19.5,29,3.139,0,4,0.442,0.327,29,9
149.89,DRY RUN,SCAN,0,,,,,100,0,0,0,39,85,OPTOMOTOR,,0.02,0.02,0.03,0.00,0.00,0.00,0.00,,yes,11.3,29,3.069,0,6,0.484,0.356,29,10
149.94,DRY RUN,SCAN,0,,,,,100,0,0,0,38,85,OPTOMOTOR,,0.02,0.02,0.02,0.00,0.00,0.00,0.00,,yes,19.6,29,5.432,0,5,0.438,0.324,29,9
150.00,DRY RUN,SCAN,0,,,,,100,0,0,0,38,85,OPTOMOTOR,,0.02,0.02,0.01,0.00,0.00,0.00,0.00,,yes,19.7,29,3.101,0,4,0.468,0.344,29,9
150.08,DRY RUN,SCAN,0,,,,,100,0,0,0,39,85,OPTOMOTOR,,0.02,0.04,0.01,0.00,0.00,0.00,0.00,,yes,11.1,29,3.100,0,3,0.499,0.366,29,10
150.14,DRY RUN,SCAN,0,,,,,100,0,0,0,37,85,OPTOMOTOR,,0.02,0.04,0.02,0.00,0.00,0.00,0.00,,yes,19.5,29,5.468,0,1,0.419,0.311,29,8
150.19,DRY RUN,SCAN,0,,,,,100,0,0,0,37,85,OPTOMOTOR,,0.02,0.05,0.02,0.00,0.00,0.00,0.00,,yes,19.6,29,3.102,0,4,0.381,0.280,29,8
150.29,DRY RUN,SCAN,0,,,,,100,0,0,0,40,85,OPTOMOTOR,,0.02,0.06,0.02,0.00,0.00,0.00,0.00,,yes,9.9,29,3.782,0,7,0.536,0.391,29,11
150.34,DRY RUN,SCAN,0,,,,,100,0,0,0,38,85,OPTOMOTOR,,0.02,0.07,0.02,0.00,0.00,0.00,0.00,,yes,19.8,29,5.395,0,5,0.467,0.344,29,9
150.39,DRY RUN,SCAN,0,,,,,100,0,0,0,36,85,OPTOMOTOR,,0.02,0.04,0.02,0.00,0.00,0.00,0.00,,yes,19.6,29,3.132,0,2,0.346,0.246,29,7
150.48,DRY RUN,SCAN,0,,,,,100,0,0,0,37,85,OPTOMOTOR,,0.02,0.03,0.01,0.00,0.00,0.00,0.00,,yes,11.0,29,3.090,0,6,0.398,0.296,29,8
150.53,DRY RUN,SCAN,0,,,,,100,0,0,0,39,85,OPTOMOTOR,,0.02,0.03,0.01,0.00,0.00,0.00,0.00,,yes,19.6,29,5.544,0,6,0.480,0.352,29,10
150.58,DRY RUN,SCAN,0,,,,,100,0,0,0,39,85,OPTOMOTOR,,0.02,0.03,0.01,0.00,0.00,0.00,0.00,,yes,19.8,29,3.084,0,5,0.519,0.380,29,10
150.67,DRY RUN,SCAN,0,,,,,100,0,0,0,37,85,OPTOMOTOR,,0.03,0.03,0.01,0.00,0.00,0.00,0.00,,yes,11.3,29,3.080,0,3,0.423,0.314,29,8
150.72,DRY RUN,SCAN,0,,,,,100,0,0,0,40,85,OPTOMOTOR,,0.03,0.03,0.01,0.00,0.00,0.00,0.00,,yes,19.4,29,5.397,0,8,0.529,0.386,29,11
150.77,DRY RUN,SCAN,0,,,,,100,0,0,0,40,85,OPTOMOTOR,,0.02,0.02,0.01,0.00,0.00,0.00,0.00,,yes,19.7,29,3.123,0,4,0.561,0.408,29,11
150.86,DRY RUN,SCAN,0,,,,,100,0,0,0,38,85,OPTOMOTOR,,0.01,0.02,0.01,0.00,0.00,0.00,0.00,,yes,11.2,29,3.090,0,4,0.474,0.349,29,9
150.91,DRY RUN,SCAN,0,,,,,100,0,0,0,40,85,OPTOMOTOR,,0.01,0.02,0.01,0.00,0.00,0.00,0.00,,yes,19.6,29,5.429,0,4,0.530,0.387,29,11
150.96,DRY RUN,SCAN,0,,,,,100,0,0,0,40,85,OPTOMOTOR,,0.01,0.02,0.01,0.00,0.00,0.00,0.00,,yes,19.7,29,3.109,0,5,0.527,0.385,29,11
151.05,DRY RUN,SCAN,0,,,,,100,0,0,0,37,85,OPTOMOTOR,,0.02,0.02,0.02,0.00,0.00,0.00,0.00,,yes,11.3,29,3.069,0,1,0.380,0.278,29,8
151.10,DRY RUN,SCAN,0,,,,,100,0,0,0,37,85,OPTOMOTOR,,0.02,0.03,0.03,0.00,0.00,0.00,0.00,,yes,19.7,29,5.375,0,4,0.377,0.276,29,8
151.15,DRY RUN,SCAN,0,,,,,100,0,0,0,35,85,OPTOMOTOR,,0.02,0.03,0.02,0.00,0.00,0.00,0.00,,yes,19.6,29,3.090,0,1,0.286,0.189,29,6
151.25,DRY RUN,SCAN,0,,,,,100,0,0,0,37,85,OPTOMOTOR,,0.03,0.07,0.01,0.00,0.00,0.00,0.00,,yes,10.7,29,3.041,0,5,0.389,0.287,29,8
151.30,DRY RUN,SCAN,0,,,,,100,0,0,0,36,85,OPTOMOTOR,,0.05,0.09,0.01,0.00,0.00,0.00,0.00,,yes,19.4,30,5.788,0,2,0.372,0.271,29,7
151.35,DRY RUN,SCAN,0,,,,,100,0,0,0,38,85,OPTOMOTOR,,0.43,0.11,0.01,0.00,0.00,0.00,0.00,,yes,19.6,29,3.124,0,7,0.446,0.329,29,9
151.44,DRY RUN,SCAN,0,,,,,100,0,0,0,37,85,OPTOMOTOR,,0.62,0.12,0.01,0.00,0.00,0.00,0.00,,yes,11.2,29,3.119,0,4,0.392,0.290,29,8
151.49,DRY RUN,SCAN,0,,,,,100,0,0,0,39,85,OPTOMOTOR,,0.36,0.13,0.02,0.00,0.00,0.00,0.00,,yes,19.6,29,5.432,0,6,0.475,0.349,29,10
151.54,DRY RUN,SCAN,0,,,,,100,0,0,0,8,85,OPTOMOTOR,,0.21,0.14,0.04,0.00,0.00,0.00,0.00,,yes,19.8,29,3.078,0,3,0.399,0.297,0,8
151.99,DRY RUN,SCAN,0,,,,,100,0,0,0,4,85,OPTOMOTOR,,0.14,0.14,0.04,0.00,0.00,0.00,0.00,,yes,2.2,28,0.001,5,5,0.224,0.458,0,4
152.44,DRY RUN,SCAN,0,,,,,100,0,0,0,2,85,CRUISE,,0.07,0.13,0.03,0.00,0.00,0.00,0.00,,yes,2.2,30,0.302,5,6,0.079,0.668,0,2
152.89,DRY RUN,SCAN,0,,,,,100,0,0,0,10,85,CRUISE,,0.04,0.12,0.02,0.00,0.00,0.00,0.00,,,2.2,30,-0.232,6,5,-0.013,0.786,10,0
152.98,DRY RUN,SCAN,0,,,,,100,0,0,0,19,85,CRUISE,,0.04,0.10,0.03,0.00,0.00,0.00,0.00,,yes,11.0,30,9.374,0,5,0.111,0.652,17,2
153.04,DRY RUN,SCAN,0,,,,,100,0,0,0,26,85,CRUISE,,0.05,0.08,0.05,0.00,0.00,0.00,0.00,,yes,19.4,29,3.230,0,5,0.229,0.534,21,5
153.09,DRY RUN,SCAN,0,,,,,100,0,0,0,30,85,OPTOMOTOR,,0.06,0.06,0.05,0.00,0.00,0.00,0.00,,yes,19.5,30,2.277,0,4,0.301,0.434,24,6
153.18,DRY RUN,SCAN,0,,,,,100,0,0,0,35,85,OPTOMOTOR,,0.05,0.05,0.06,0.00,0.00,0.00,0.00,,yes,11.0,29,2.577,0,5,0.441,0.411,26,9
153.23,DRY RUN,SCAN,0,,,,,100,0,0,0,37,85,OPTOMOTOR,,0.04,0.04,0.05,0.00,0.00,0.00,0.00,,yes,19.4,30,4.969,0,3,0.501,0.389,27,10
153.28,DRY RUN,SCAN,0,,,,,100,0,0,0,36,85,OPTOMOTOR,,0.03,0.03,0.05,0.00,0.00,0.00,0.00,,yes,19.6,29,2.948,0,2,0.389,0.300,28,8
153.37,DRY RUN,SCAN,0,,,,,100,0,0,0,37,85,OPTOMOTOR,,0.03,0.05,0.32,0.00,0.00,0.00,0.00,,yes,11.0,29,2.988,0,4,0.417,0.316,29,8
153.42,DRY RUN,SCAN,0,,,,,100,0,0,0,39,85,OPTOMOTOR,,0.03,0.06,0.46,0.00,0.00,0.00,0.00,,yes,19.4,29,5.567,0,6,0.491,0.364,29,10
153.47,DRY RUN,SCAN,0,,,,,100,0,0,0,38,85,OPTOMOTOR,,0.03,0.05,0.27,0.00,0.00,0.00,0.00,,yes,19.7,29,3.060,0,6,0.449,0.334,29,9
153.56,DRY RUN,SCAN,0,,,,,100,0,0,0,39,85,OPTOMOTOR,,0.02,0.04,0.18,0.00,0.00,0.00,0.00,,yes,11.2,29,3.110,0,5,0.502,0.369,29,10
153.61,DRY RUN,SCAN,0,,,,,100,0,0,0,40,85,OPTOMOTOR,,0.02,0.04,0.12,0.00,0.00,0.00,0.00,,yes,19.5,29,5.437,0,6,0.539,0.394,29,11
153.67,DRY RUN,SCAN,0,,,,,100,0,0,0,40,85,OPTOMOTOR,,0.02,0.05,0.10,0.00,0.00,0.00,0.00,,yes,19.7,29,3.133,0,5,0.552,0.403,29,11
153.76,DRY RUN,SCAN,0,,,,,100,0,0,0,39,85,OPTOMOTOR,,0.02,0.05,0.07,0.00,0.00,0.00,0.00,,yes,11.0,29,3.054,0,7,0.511,0.374,29,10
153.81,DRY RUN,SCAN,0,,,,,100,0,0,0,37,85,OPTOMOTOR,,0.02,0.03,0.07,0.00,0.00,0.00,0.00,,yes,19.5,29,5.593,0,1,0.405,0.301,29,8
153.86,DRY RUN,SCAN,0,,,,,100,0,0,0,37,85,OPTOMOTOR,,0.02,0.02,0.05,0.00,0.00,0.00,0.00,,yes,19.5,29,3.094,0,3,0.401,0.298,29,8
153.95,DRY RUN,SCAN,0,,,,,100,0,0,0,37,85,OPTOMOTOR,,0.03,0.02,0.06,0.00,0.00,0.00,0.00,,yes,11.2,29,3.110,0,3,0.419,0.311,29,8
154.00,DRY RUN,SCAN,0,,,,,100,0,0,0,38,85,OPTOMOTOR,,0.03,0.03,0.06,0.00,0.00,0.00,0.00,,yes,19.3,29,5.426,0,5,0.443,0.328,29,9
154.05,DRY RUN,SCAN,0,,,,,100,0,0,0,38,85,OPTOMOTOR,,0.04,0.04,0.06,0.00,0.00,0.00,0.00,,yes,19.5,29,3.147,0,3,0.443,0.327,29,9
154.14,DRY RUN,SCAN,0,,,,,100,0,0,0,38,85,OPTOMOTOR,,0.03,0.04,0.06,0.00,0.00,0.00,0.00,,yes,10.7,29,3.331,0,7,0.471,0.346,29,9
154.20,DRY RUN,SCAN,0,,,,,100,0,0,0,39,85,OPTOMOTOR,,0.02,0.04,0.05,0.00,0.00,0.00,0.00,,yes,19.5,29,5.420,0,4,0.486,0.357,29,10
154.25,DRY RUN,SCAN,0,,,,,100,0,0,0,38,85,OPTOMOTOR,,0.02,0.05,0.05,0.00,0.00,0.00,0.00,,yes,19.7,29,3.150,0,4,0.474,0.349,29,9
154.34,DRY RUN,SCAN,0,,,,,100,0,0,0,38,85,OPTOMOTOR,,0.04,0.06,0.26,0.00,0.00,0.00,0.00,,yes,11.1,29,3.114,0,2,0.433,0.320,29,9
154.39,DRY RUN,SCAN,0,,,,,100,0,0,0,38,85,OPTOMOTOR,,0.05,0.07,0.36,0.00,0.00,0.00,0.00,,yes,19.6,29,5.475,0,2,0.430,0.318,29,9
154.44,DRY RUN,SCAN,0,,,,,100,0,0,0,38,85,OPTOMOTOR,,0.05,0.06,0.26,0.00,0.00,0.00,0.00,,yes,19.7,29,3.093,0,5,0.450,0.332,29,9
154.53,DRY RUN,SCAN,0,,,,,100,0,0,0,38,85,OPTOMOTOR,,0.03,0.04,0.16,0.00,0.00,0.00,0.00,,yes,11.3,29,3.083,0,5,0.461,0.339,29,9
154.58,DRY RUN,SCAN,0,,,,,100,0,0,0,38,85,OPTOMOTOR,,0.04,0.03,0.10,0.00,0.00,0.00,0.00,,yes,19.7,29,5.390,0,6,0.474,0.348,29,9
154.63,DRY RUN,SCAN,0,,,,,100,0,0,0,37,85,OPTOMOTOR,,0.04,0.02,0.08,0.00,0.00,0.00,0.00,,yes,19.6,29,3.113,0,3,0.419,0.310,29,8
154.72,DRY RUN,SCAN,0,,,,,100,0,0,0,37,85,OPTOMOTOR,,0.04,0.01,0.06,0.00,0.00,0.00,0.00,,yes,11.2,29,3.069,0,3,0.408,0.303,29,8
154.77,DRY RUN,SCAN,0,,,,,100,0,0,0,37,85,OPTOMOTOR,,0.04,0.01,0.06,0.00,0.00,0.00,0.00,,yes,19.7,29,5.430,0,2,0.397,0.295,29,8
154.82,DRY RUN,SCAN,0,,,,,100,0,0,0,36,85,OPTOMOTOR,,0.03,0.01,0.05,0.00,0.00,0.00,0.00,,yes,19.8,29,3.073,0,1,0.327,0.228,29,7
154.91,DRY RUN,SCAN,0,,,,,100,0,0,0,37,85,OPTOMOTOR,,0.02,0.01,0.06,0.00,0.00,0.00,0.00,,yes,11.2,29,3.074,0,4,0.392,0.290,29,8
154.96,DRY RUN,SCAN,0,,,,,100,0,0,0,37,85,OPTOMOTOR,,0.01,0.01,0.05,0.00,0.00,0.00,0.00,,yes,19.6,29,5.431,0,1,0.384,0.283,29,8
155.01,DRY RUN,SCAN,0,,,,,100,0,0,0,38,85,OPTOMOTOR,,0.01,0.03,0.06,0.00,0.00,0.00,0.00,,yes,19.8,29,3.088,0,4,0.455,0.335,29,9
155.10,DRY RUN,SCAN,0,,,,,100,0,0,0,38,85,OPTOMOTOR,,0.01,0.04,0.09,0.00,0.00,0.00,0.00,,yes,11.3,29,3.064,0,6,0.429,0.318,29,9
155.15,DRY RUN,SCAN,0,,,,,100,0,0,0,39,85,OPTOMOTOR,,0.01,0.05,0.10,0.00,0.00,0.00,0.00,,yes,19.6,29,5.399,0,6,0.497,0.365,29,10
155.20,DRY RUN,SCAN,0,,,,,100,0,0,0,39,85,OPTOMOTOR,,0.02,0.04,0.11,0.00,0.00,0.00,0.00,,yes,19.7,29,3.081,0,7,0.522,0.382,29,10
155.29,DRY RUN,SCAN,0,,,,,100,0,0,0,38,85,OPTOMOTOR,,0.02,0.04,0.13,0.00,0.00,0.00,0.00,,yes,11.4,29,3.060,0,2,0.439,0.324,29,9
155.34,DRY RUN,SCAN,0,,,,,100,0,0,0,37,85,OPTOMOTOR,,0.02,0.04,0.14,0.00,0.00,0.00,0.00,,yes,19.6,29,5.384,0,4,0.389,0.287,29,8
155.39,DRY RUN,SCAN,0,,,,,100,0,0,0,37,85,OPTOMOTOR,,0.02,0.04,0.10,0.00,0.00,0.00,0.00,,yes,19.7,29,3.121,0,3,0.392,0.291,29,8
155.48,DRY RUN,SCAN,0,,,,,100,0,0,0,7,85,OPTOMOTOR,,0.02,0.04,0.08,0.00,0.00,0.00,0.00,,yes,11.3,29,3.071,0,5,0.374,0.273,0,7
155.92,DRY RUN,SCAN,0,,,,,100,0,0,0,2,85,OPTOMOTOR,,0.02,0.04,0.06,0.00,0.00,0.00,0.00,,yes,2.3,29,0.002,6,8,0.121,0.550,0,2
156.37,DRY RUN,SCAN,0,,,,,100,0,0,0,1,85,CRUISE,,0.02,0.03,0.04,0.00,0.00,0.00,0.00,,yes,2.3,29,-0.086,5,8,0.062,0.715,0,1
156.81,DRY RUN,SCAN,0,,,,,100,0,0,0,12,85,CRUISE,,0.02,0.02,0.03,0.00,0.00,0.00,0.00,,,2.3,29,-0.031,6,8,0.083,0.855,10,2
156.86,DRY RUN,SCAN,0,,,,,100,0,0,0,19,85,OPTOMOTOR,,0.02,0.01,0.02,0.00,0.00,0.00,0.00,,yes,19.5,29,9.301,0,2,0.092,0.634,17,2
156.91,DRY RUN,SCAN,0,,,,,100,0,0,0,26,85,CRUISE,,0.02,0.01,0.02,0.00,0.00,0.00,0.00,,yes,19.8,29,1.835,0,7,0.236,0.533,21,5
157.00,DRY RUN,SCAN,0,,,,,100,0,0,0,29,85,CRUISE,,0.02,0.01,0.02,0.00,0.00,0.00,0.00,,yes,11.3,29,2.231,0,5,0.271,0.410,24,5
157.05,DRY RUN,SCAN,0,,,,,100,0,0,0,34,85,OPTOMOTOR,,0.03,0.01,0.02,0.00,0.00,0.00,0.00,,yes,19.5,29,4.499,0,5,0.404,0.383,26,8
157.10,DRY RUN,SCAN,0,,,,,100,0,0,0,36,85,OPTOMOTOR,,0.03,0.03,0.01,0.00,0.00,0.00,0.00,,yes,19.7,29,2.774,0,4,0.465,0.363,27,9
157.19,DRY RUN,SCAN,0,,,,,100,0,0,0,38,85,OPTOMOTOR,,0.02,0.03,0.03,0.00,0.00,0.00,0.00,,yes,11.3,29,2.828,0,6,0.518,0.390,28,10
157.24,DRY RUN,SCAN,0,,,,,100,0,0,0,38,85,OPTOMOTOR,,0.03,0.06,0.04,0.00,0.00,0.00,0.00,,yes,19.7,29,4.870,0,5,0.436,0.329,29,9
157.29,DRY RUN,SCAN,0,,,,,100,0,0,0,38,85,OPTOMOTOR,,0.04,0.10,0.07,0.00,0.00,0.00,0.00,,yes,19.8,29,2.831,0,4,0.446,0.333,29,9
157.38,DRY RUN,SCAN,0,,,,,100,0,0,0,37,85,OPTOMOTOR,,0.04,0.26,0.08,0.00,0.00,0.00,0.00,,yes,11.3,29,3.033,0,2,0.397,0.297,29,8
157.43,DRY RUN,SCAN,0,,,,,100,0,0,0,38,85,OPTOMOTOR,,0.04,0.34,0.08,0.00,0.00,0.00,0.00,,yes,19.7,29,5.429,0,4,0.465,0.344,29,9
157.48,DRY RUN,SCAN,0,,,,,100,0,0,0,38,85,OPTOMOTOR,,0.03,0.21,0.08,0.00,0.00,0.00,0.00,,yes,19.9,29,3.100,0,3,0.435,0.322,29,9
157.57,DRY RUN,SCAN,0,,,,,100,0,0,0,37,85,OPTOMOTOR,,0.13,0.14,0.11,0.00,0.00,0.00,0.00,,yes,11.3,28,3.066,0,5,0.410,0.305,29,8
157.62,DRY RUN,SCAN,0,,,,,100,0,0,0,39,85,OPTOMOTOR,,0.18,0.10,0.13,0.00,0.00,0.00,0.00,,yes,19.5,29,5.435,0,6,0.487,0.358,29,10
157.67,DRY RUN,SCAN,0,,,,,100,0,0,0,38,85,OPTOMOTOR,,0.12,0.08,0.11,0.00,0.00,0.00,0.00,,yes,19.9,29,3.051,0,3,0.468,0.344,29,9
157.76,DRY RUN,SCAN,0,,,,,100,0,0,0,39,85,OPTOMOTOR,,0.07,0.07,0.10,0.00,0.00,0.00,0.00,,yes,11.3,28,3.054,0,7,0.505,0.370,29,10
157.81,DRY RUN,SCAN,0,,,,,100,0,0,0,38,85,OPTOMOTOR,,0.05,0.06,0.07,0.00,0.00,0.00,0.00,,yes,19.3,30,5.403,0,4,0.464,0.342,29,9
157.87,DRY RUN,SCAN,0,,,,,100,0,0,0,39,85,OPTOMOTOR,,0.04,0.07,0.07,0.00,0.00,0.00,0.00,,yes,18.6,31,3.165,0,7,0.524,0.383,29,10
157.95,DRY RUN,SCAN,0,,,,,100,0,0,0,40,85,OPTOMOTOR,,0.03,0.06,0.08,0.00,0.00,0.00,0.00,,yes,11.2,29,3.265,0,6,0.572,0.416,29,11
158.01,DRY RUN,SCAN,0,,,,,100,0,0,0,40,85,OPTOMOTOR,,0.03,0.05,0.08,0.00,0.00,0.00,0.00,,yes,19.5,29,5.438,0,8,0.571,0.415,29,11
158.06,DRY RUN,SCAN,0,,,,,100,0,0,0,37,85,OPTOMOTOR,,0.02,0.03,0.06,0.00,0.00,0.00,0.00,,yes,19.8,29,3.129,0,2,0.425,0.315,29,8
158.15,DRY RUN,SCAN,0,,,,,100,0,0,0,38,85,OPTOMOTOR,,0.02,0.02,0.05,0.00,0.00,0.00,0.00,,yes,11.3,28,3.059,0,5,0.447,0.330,29,9
158.20,DRY RUN,SCAN,0,,,,,100,0,0,0,38,85,OPTOMOTOR,,0.02,0.02,0.04,0.00,0.00,0.00,0.00,,yes,19.7,29,5.338,0,4,0.452,0.333,29,9
158.25,DRY RUN,SCAN,0,,,,,100,0,0,0,37,85,OPTOMOTOR,,0.02,0.03,0.05,0.00,0.00,0.00,0.00,,yes,19.8,29,3.363,0,3,0.406,0.302,29,8
158.34,DRY RUN,SCAN,0,,,,,100,0,0,0,37,85,OPTOMOTOR,,0.05,0.04,0.05,0.00,0.44,0.00,0.00,,yes,11.3,29,3.739,0,3,0.422,0.313,29,8
158.39,DRY RUN,SCAN,0,,,,,100,0,0,0,37,85,OPTOMOTOR,,0.15,0.06,0.18,0.00,1.75,0.00,0.00,,yes,19.6,29,2.252,0,1,0.383,0.281,29,8
158.44,DRY RUN,SCAN,0,,,,,100,0,0,0,31,85,OPTOMOTOR,,1.06,0.34,1.58,0.00,1.22,0.00,0.00,,yes,19.8,29,-0.490,6,5,0.086,0.497,29,2
158.53,DRY RUN,SCAN,0,,,,,100,0,0,0,30,85,CRUISE,,1.52,1.21,2.29,0.00,3.05,0.00,0.00,,yes,11.3,28,-0.494,3,6,0.064,0.609,29,1
158.58,DRY RUN,SCAN,0,,,,,100,0,0,0,32,85,CRUISE,,1.75,1.65,3.08,0.00,2.14,0.00,0.07,,yes,19.6,29,2.138,0,4,0.143,0.505,29,3
158.63,DRY RUN,SCAN,0,,,,,100,0,0,0,30,85,AVOID_LEFT,,1.77,1.96,4.55,0.41,1.50,0.00,1.00,,yes,19.3,30,-1.656,1,0,0.043,0.303,29,1
158.72,DRY RUN,SCAN,0,,,,,100,0,0,0,30,85,AVOID_LEFT,,2.12,2.62,5.29,0.38,3.93,0.00,0.28,,yes,11.0,30,3.768,0,1,0.102,0.189,29,1
158.77,DRY RUN,SCAN,0,,,,,100,0,0,0,33,85,AVOID_LEFT,,2.29,2.96,4.35,0.36,2.75,0.00,0.40,,yes,19.3,30,4.220,0,6,0.335,0.293,29,4
158.82,DRY RUN,SCAN,0,,,,,100,0,0,0,34,85,AVOID_LEFT,,2.61,3.12,3.30,0.42,5.67,0.00,0.00,,yes,19.6,29,2.167,0,4,0.398,0.313,29,5
158.91,DRY RUN,SCAN,0,,,,,100,0,0,0,35,85,AVOID_LEFT,,4.11,2.99,2.77,0.24,3.97,0.00,0.00,,yes,11.2,29,3.465,0,3,0.367,0.276,29,6
158.96,DRY RUN,SCAN,0,,,,,100,0,0,0,36,85,AVOID_LEFT,,4.86,2.92,2.62,0.13,6.11,0.00,0.00,,yes,19.5,29,5.758,0,5,0.407,0.308,29,7
159.01,DRY RUN,SCAN,0,,,,,100,0,0,0,37,85,AVOID_LEFT,,4.73,2.89,3.24,0.07,4.36,0.00,0.00,,yes,19.7,29,3.173,0,5,0.458,0.340,29,8
159.10,DRY RUN,SCAN,0,,,,,100,0,0,0,37,85,OPTOMOTOR,,3.86,2.31,4.91,0.29,3.05,0.00,0.53,,yes,11.1,30,2.648,0,6,0.534,0.392,29,8
159.15,DRY RUN,SCAN,0,,,,,100,0,0,0,7,85,AVOID_LEFT,,3.27,2.89,5.74,0.22,7.42,0.00,0.00,,yes,19.7,29,6.056,0,1,0.439,0.325,0,7
159.60,DRY RUN,SCAN,0,,,,,100,0,0,0,6,85,AVOID_LEFT,,3.13,3.19,5.28,0.12,5.19,0.00,0.00,,yes,2.2,29,-1.550,0,0,0.339,0.255,0,6
160.05,DRY RUN,SCAN,0,,,,,100,0,0,0,-1,85,AVOID_LEFT,,2.90,3.33,3.07,0.07,4.80,0.00,0.00,,yes,2.2,30,-0.716,5,5,-0.038,0.363,0,-1
160.50,DRY RUN,SCAN,0,,,,,100,0,0,0,7,85,CRUISE,,1.89,1.90,1.87,0.04,3.36,0.00,0.00,,,2.2,30,-1.323,2,0,-0.136,0.299,10,-3
160.55,DRY RUN,SCAN,0,,,,,100,0,0,0,17,85,CRUISE,,1.20,1.18,1.27,0.02,2.62,0.00,0.00,,,19.4,30,6.472,0,4,0.026,0.288,17,0
160.64,DRY RUN,SCAN,0,,,,,100,0,0,0,26,85,CRUISE,,1.04,0.89,1.15,0.01,1.83,0.00,0.00,,yes,11.2,29,0.885,2,8,0.235,0.453,21,5
160.69,DRY RUN,SCAN,0,,,,,100,0,0,0,29,85,OPTOMOTOR,,0.78,1.09,1.08,0.01,1.28,0.00,0.00,,yes,19.4,30,3.208,1,5,0.231,0.512,24,5
160.75,DRY RUN,SCAN,0,,,,,100,0,0,0,32,85,OPTOMOTOR,,1.11,1.18,0.89,0.00,0.90,0.00,0.00,,yes,19.5,30,1.528,0,6,0.324,0.431,26,6
160.84,DRY RUN,SCAN,0,,,,,100,0,0,0,37,85,OPTOMOTOR,,0.91,0.87,0.80,0.00,0.63,0.00,0.00,,yes,11.0,29,2.312,0,7,0.489,0.433,27,10
160.89,DRY RUN,SCAN,0,,,,,100,0,0,0,36,85,OPTOMOTOR,,0.82,0.71,0.75,0.00,0.44,0.00,0.00,,yes,19.6,29,4.476,0,2,0.410,0.325,28,8
160.94,DRY RUN,SCAN,0,,,,,100,0,0,0,37,85,OPTOMOTOR,,0.77,0.77,1.02,0.00,0.31,0.00,0.00,,yes,19.6,29,2.723,0,5,0.398,0.307,29,8
161.03,DRY RUN,SCAN,0,,,,,100,0,0,0,37,85,OPTOMOTOR,,1.48,1.19,1.15,0.00,0.22,0.23,0.09,,yes,11.3,29,2.258,0,2,0.392,0.297,29,8
161.08,DRY RUN,SCAN,0,,,,,100,0,0,0,35,85,AVOID_RIGHT,,1.83,1.40,1.22,0.30,0.15,0.44,0.22,,yes,19.5,29,5.080,0,6,0.433,0.324,29,6
161.13,DRY RUN,SCAN,0,,,,,100,0,0,0,35,85,AVOID_RIGHT,,1.91,1.28,1.18,0.43,0.11,0.50,0.19,,yes,19.5,30,2.946,0,7,0.507,0.373,29,6
161.22,DRY RUN,SCAN,0,,,,,100,0,0,0,33,85,AVOID_RIGHT,,1.38,1.23,0.76,0.47,0.07,0.25,0.18,,yes,11.1,30,2.955,0,4,0.403,0.301,29,4
161.27,DRY RUN,SCAN,0,,,,,100,0,0,0,36,85,AVOID_RIGHT,,1.12,1.20,0.50,0.26,0.05,0.17,0.17,,yes,19.6,29,5.556,0,6,0.462,0.341,29,7
161.32,DRY RUN,SCAN,0,,,,,100,0,0,0,34,85,AVOID_RIGHT,,1.34,1.27,0.38,0.26,0.04,0.25,0.22,,yes,19.6,29,3.490,0,2,0.359,0.259,29,5
161.41,DRY RUN,SCAN,0,,,,,100,0,0,0,34,85,AVOID_RIGHT,,1.44,1.23,1.03,0.41,0.03,0.31,0.20,,yes,11.1,29,2.958,0,5,0.400,0.298,29,5
161.46,DRY RUN,SCAN,0,,,,,100,0,0,0,34,85,AVOID_RIGHT,,1.00,1.21,1.36,0.38,0.02,0.20,0.27,,yes,19.6,29,5.950,0,5,0.379,0.277,29,5
161.51,DRY RUN,SCAN,0,,,,,100,0,0,0,33,85,AVOID_RIGHT,,0.78,1.20,1.13,0.28,0.01,0.20,0.20,,yes,19.8,29,3.175,0,2,0.306,0.209,29,4
161.60,DRY RUN,SCAN,0,,,,,100,0,0,0,33,85,AVOID_RIGHT,,0.56,1.50,0.70,0.38,0.01,0.34,0.34,,yes,11.1,30,2.987,0,6,0.346,0.246,29,4
161.66,DRY RUN,SCAN,0,,,,,100,0,0,0,31,85,ESCAPE,,0.59,1.64,0.49,0.73,0.01,0.42,0.42,,yes,19.3,30,4.718,0,4,0.373,0.272,29,2
161.71,DRY RUN,SCAN,0,,,,,100,0,0,0,32,85,ESCAPE,,0.41,1.14,0.81,0.67,0.00,0.17,0.17,,yes,19.4,30,2.702,0,2,0.393,0.291,29,3
161.80,DRY RUN,SCAN,0,,,,,100,0,0,0,35,85,ESCAPE,,0.33,0.89,0.97,0.38,0.00,0.04,0.08,,yes,11.2,29,2.661,0,5,0.490,0.360,29,6
161.85,DRY RUN,SCAN,0,,,,,100,0,0,0,35,85,ESCAPE,,0.28,0.76,0.68,0.21,0.00,0.00,0.00,,yes,19.6,29,5.562,0,1,0.395,0.293,29,6
161.90,DRY RUN,SCAN,0,,,,,100,0,0,0,37,85,ESCAPE,,0.69,0.82,0.42,0.12,0.00,0.01,0.01,,yes,19.9,29,3.349,0,5,0.429,0.317,29,8
161.99,DRY RUN,SCAN,0,,,,,100,0,0,0,38,85,ESCAPE,,1.33,1.07,0.21,0.07,0.00,0.27,0.13,,yes,11.2,29,3.741,0,4,0.463,0.341,29,9
162.04,DRY RUN,SCAN,0,,,,,100,0,0,0,37,85,ESCAPE,,1.66,1.19,0.11,0.29,0.00,0.43,0.20,,yes,19.3,30,5.891,0,5,0.530,0.387,29,8
162.09,DRY RUN,SCAN,0,,,,,100,0,0,0,37,85,ESCAPE,,1.72,1.22,0.06,0.22,0.00,0.46,0.21,,yes,19.5,30,3.215,0,6,0.513,0.375,29,8
162.19,DRY RUN,SCAN,0,,,,,100,0,0,0,33,85,ESCAPE,,1.76,1.24,0.05,0.50,0.00,0.48,0.22,,yes,9.9,41,3.034,0,1,0.406,0.302,29,4
162.24,DRY RUN,SCAN,0,,,,,100,0,0,0,33,85,ESCAPE,,1.84,1.51,0.06,0.58,0.00,0.52,0.36,,yes,19.4,30,6.208,0,4,0.429,0.318,29,4
162.29,DRY RUN,SCAN,0,,,,,100,0,0,0,29,85,ESCAPE,,2.07,1.69,0.19,0.96,0.00,0.63,0.44,,yes,19.3,30,3.304,0,4,0.385,0.284,29,0
162.39,DRY RUN,SCAN,0,,,,,100,0,0,0,29,85,ESCAPE,,2.38,2.48,0.13,1.00,0.00,0.84,0.84,,yes,11.0,30,3.370,0,5,0.400,0.298,29,0
162.44,DRY RUN,SCAN,0,,,,,100,0,0,0,29,85,ESCAPE,,2.54,2.88,0.06,1.00,0.00,1.00,1.00,,yes,19.1,31,5.659,0,5,0.379,0.277,29,0
162.49,DRY RUN,SCAN,0,,,,,100,0,0,0,29,85,ESCAPE,,2.61,3.07,0.03,1.00,0.00,1.00,1.00,,yes,19.0,31,3.381,0,5,0.396,0.294,29,0
162.58,DRY RUN,SCAN,0,,,,,100,0,0,0,29,85,ESCAPE,,3.18,3.67,0.09,1.00,0.00,1.00,1.00,,yes,11.1,30,3.283,0,7,0.506,0.371,29,0
162.63,DRY RUN,SCAN,0,,,,,100,0,0,0,29,85,ESCAPE,,3.47,3.96,0.19,1.00,0.00,1.00,1.00,,yes,19.1,31,6.099,0,6,0.541,0.395,29,0
162.69,DRY RUN,SCAN,0,,,,,100,0,0,0,29,85,ESCAPE,,4.37,2.82,0.25,1.00,0.00,1.00,1.00,,yes,19.1,30,4.527,0,4,0.463,0.341,29,0
162.78,DRY RUN,SCAN,0,,,,,100,0,0,0,29,85,ESCAPE,,5.09,1.92,0.27,1.00,0.00,1.00,0.56,,yes,10.9,30,3.839,0,5,0.406,0.302,29,0
162.83,DRY RUN,SCAN,0,,,,,100,0,0,0,29,85,ESCAPE,,5.45,1.48,0.25,1.00,0.00,1.00,0.34,,yes,19.2,30,6.725,0,2,0.336,0.236,29,0
162.88,DRY RUN,SCAN,0,,,,,100,0,0,0,29,85,ESCAPE,,5.12,1.22,0.24,1.00,0.00,1.00,0.21,,yes,19.3,30,3.478,0,7,0.459,0.338,29,0
162.97,DRY RUN,SCAN,0,,,,,100,0,0,0,29,85,ESCAPE,,3.28,0.61,0.25,1.00,0.00,1.00,0.00,,yes,11.0,30,3.932,0,3,0.431,0.319,29,0
163.02,DRY RUN,SCAN,0,,,,,100,0,0,0,0,85,ESCAPE,,2.35,0.31,0.25,1.00,0.00,0.78,0.00,,yes,19.1,30,5.929,0,1,0.371,0.270,0,0
163.47,DRY RUN,SCAN,0,,,,,100,0,0,0,0,85,ESCAPE,,1.89,0.30,0.21,0.94,0.00,0.55,0.00,,yes,2.2,30,0.415,6,8,0.140,0.562,0,0
163.92,DRY RUN,SCAN,0,,,,,100,0,0,0,0,85,ESCAPE,,1.65,0.35,0.16,0.79,0.00,0.42,0.00,,yes,2.2,29,-0.486,5,5,0.015,0.636,0,0
164.37,DRY RUN,SCAN,0,,,,,100,0,0,0,10,85,ESCAPE,,1.07,0.42,0.16,0.45,0.00,0.13,0.00,,,2.2,30,0.074,5,7,0.001,0.716,10,0
164.42,DRY RUN,SCAN,0,,,,,100,0,0,0,19,85,ESCAPE,,0.74,0.46,0.15,0.25,0.00,0.00,0.00,,yes,19.4,29,8.259,0,7,0.153,0.608,17,2
164.51,DRY RUN,SCAN,0,,,,,100,0,0,0,26,85,ESCAPE,,0.61,0.47,0.14,0.14,0.00,0.00,0.00,,yes,10.9,29,1.869,0,6,0.310,0.528,21,5
164.56,DRY RUN,SCAN,0,,,,,100,0,0,0,31,85,ESCAPE,,1.56,1.09,0.14,0.08,0.00,0.38,0.15,,yes,19.3,30,4.161,0,3,0.361,0.426,24,7
164.62,DRY RUN,SCAN,0,,,,,100,0,0,0,27,85,ESCAPE,,2.42,2.32,0.15,0.85,0.00,0.81,0.76,,yes,19.2,30,2.675,0,2,0.413,0.364,26,1
164.71,DRY RUN,SCAN,0,,,,,100,0,0,0,27,85,ESCAPE,,3.50,2.53,0.36,1.00,0.00,1.00,0.86,,yes,10.9,31,0.673,2,7,0.373,0.433,27,0
164.76,DRY RUN,SCAN,0,,,,,100,0,0,0,29,85,OPTOMOTOR,,4.04,2.63,0.65,0.95,6.98,0.00,0.00,,yes,19.4,30,5.401,0,6,0.489,0.416,28,1
164.81,DRY RUN,SCAN,0,,,,,100,0,0,0,35,85,OPTOMOTOR,,3.23,2.68,0.80,0.53,10.47,0.00,0.00,,yes,19.5,29,1.773,0,6,0.626,0.463,29,6
164.90,DRY RUN,SCAN,0,,,,,100,0,0,0,39,85,OPTOMOTOR,,2.83,2.72,0.79,0.30,7.33,0.00,0.00,,yes,11.2,29,1.338,0,7,0.728,0.494,29,10
164.95,DRY RUN,SCAN,0,,,,,100,0,0,0,39,85,OPTOMOTOR,,2.63,2.74,0.71,0.17,5.13,0.00,0.00,,yes,19.6,29,6.410,0,3,0.571,0.421,29,10
165.00,DRY RUN,SCAN,0,,,,,100,0,0,0,9,85,OPTOMOTOR,,3.67,1.71,0.75,0.09,16.58,0.00,0.00,,yes,19.8,29,3.704,0,1,0.480,0.356,0,9
165.45,DRY RUN,SCAN,0,,,,,100,0,0,0,2,85,OPTOMOTOR,,4.19,1.20,3.44,0.05,11.61,0.00,0.00,,yes,2.2,29,-0.640,6,5,0.080,0.525,0,2
165.90,DRY RUN,SCAN,0,,,,,100,0,0,0,4,85,CRUISE,,4.45,1.05,4.78,0.03,38.83,0.00,0.00,,yes,2.2,30,0.771,3,8,0.184,0.663,0,4
166.35,DRY RUN,SCAN,0,,,,,100,0,0,0,15,85,CRUISE,,2.70,1.48,3.58,0.02,27.18,0.00,0.00,,,2.2,30,1.242,0,7,0.257,0.621,10,5
166.44,DRY RUN,SCAN,0,,,,,100,0,0,0,23,85,OPTOMOTOR,,1.55,1.19,2.37,0.01,19.03,0.00,0.00,,yes,11.2,29,18.193,0,3,0.323,0.507,17,6
166.49,DRY RUN,SCAN,0,,,,,100,0,0,0,29,85,OPTOMOTOR,,0.98,1.55,1.77,0.01,13.32,0.00,0.00,,yes,19.4,30,2.057,0,6,0.378,0.414,21,8
166.54,DRY RUN,SCAN,0,,,,,100,0,0,0,36,85,OPTOMOTOR,,2.13,1.68,1.47,0.00,9.32,0.00,0.00,,yes,19.8,29,2.033,0,7,0.586,0.467,24,12
166.63,DRY RUN,SCAN,0,,,,,100,0,0,0,38,85,OPTOMOTOR,,2.71,1.75,0.76,0.00,6.53,0.00,0.00,,yes,11.3,29,2.612,0,5,0.590,0.444,26,12
166.68,DRY RUN,SCAN,0,,,,,100,0,0,0,39,85,OPTOMOTOR,,2.16,1.41,0.40,0.00,4.57,0.00,0.00,,yes,19.7,29,4.407,0,5,0.581,0.431,27,12
166.74,DRY RUN,SCAN,0,,,,,100,0,0,0,40,85,OPTOMOTOR,,1.89,1.24,0.21,0.00,3.20,0.00,0.00,,yes,19.7,29,2.743,0,7,0.619,0.448,28,12
166.82,DRY RUN,SCAN,0,,,,,100,0,0,0,42,85,OPTOMOTOR,,2.06,1.53,0.12,0.00,2.24,0.00,0.00,,yes,11.3,29,2.854,0,6,0.637,0.452,29,13
166.87,DRY RUN,SCAN,0,,,,,100,0,0,0,42,85,OPTOMOTOR,,2.14,1.68,0.07,0.00,1.57,0.00,0.00,,yes,19.6,29,5.208,0,6,0.647,0.455,29,13
166.93,DRY RUN,SCAN,0,,,,,100,0,0,0,39,85,OPTOMOTOR,,1.96,1.33,0.05,0.00,1.10,0.03,0.00,,yes,19.8,29,3.183,0,5,0.518,0.380,29,10
167.01,DRY RUN,SCAN,0,,,,,100,0,0,0,39,85,OPTOMOTOR,,1.86,1.04,0.04,0.00,0.77,0.15,0.00,,yes,11.2,29,3.049,0,6,0.506,0.371,29,10
167.07,DRY RUN,SCAN,0,,,,,100,0,0,0,37,85,OPTOMOTOR,,2.04,0.53,0.04,0.15,0.54,0.35,0.00,,yes,19.6,29,5.474,0,4,0.485,0.357,29,8
167.12,DRY RUN,SCAN,0,,,,,100,0,0,0,36,85,AVOID_RIGHT,,2.13,0.27,0.03,0.23,0.38,0.48,0.00,,yes,19.5,30,3.125,0,5,0.481,0.353,29,7
167.21,DRY RUN,SCAN,0,,,,,100,0,0,0,37,85,AVOID_RIGHT,,1.25,0.14,0.02,0.17,0.26,0.09,0.00,,yes,11.0,30,3.118,0,4,0.471,0.347,29,8
167.26,DRY RUN,SCAN,0,,,,,100,0,0,0,38,85,AVOID_RIGHT,,0.67,0.08,0.02,0.10,0.18,0.00,0.00,,yes,19.8,29,5.615,0,6,0.500,0.367,29,9
167.31,DRY RUN,SCAN,0,,,,,100,0,0,0,39,85,AVOID_RIGHT,,0.35,0.06,0.02,0.06,0.13,0.00,0.00,,yes,19.7,29,3.096,0,7,0.524,0.383,29,10
167.40,DRY RUN,SCAN,0,,,,,100,0,0,0,38,85,AVOID_RIGHT,,0.18,0.06,0.02,0.03,0.09,0.00,0.00,,yes,11.2,29,3.132,0,4,0.475,0.349,29,9
167.45,DRY RUN,SCAN,0,,,,,100,0,0,0,39,85,OPTOMOTOR,,0.10,0.05,0.02,0.02,0.06,0.00,0.00,,yes,19.6,29,5.443,0,5,0.516,0.378,29,10
167.50,DRY RUN,SCAN,0,,,,,100,0,0,0,39,85,OPTOMOTOR,,0.07,0.04,0.01,0.01,0.04,0.00,0.00,,yes,19.9,29,3.101,0,4,0.491,0.360,29,10
167.59,DRY RUN,SCAN,0,,,,,100,0,0,0,38,85,OPTOMOTOR,,0.58,0.04,0.01,0.01,0.03,0.00,0.00,,yes,11.2,29,3.037,0,6,0.470,0.346,29,9
167.64,DRY RUN,SCAN,0,,,,,100,0,0,0,32,85,OPTOMOTOR,,2.61,3.01,0.02,0.67,0.02,1.00,1.00,,yes,19.2,30,5.540,0,6,0.479,0.352,29,3
167.70,DRY RUN,SCAN,0,,,,,100,0,0,0,29,85,AVOID_LEFT,,3.62,4.50,0.03,1.00,0.02,1.00,1.00,,yes,16.4,39,3.426,0,4,0.408,0.303,29,0
167.79,DRY RUN,SCAN,0,,,,,100,0,0,0,29,85,OPTOMOTOR,,2.99,2.79,0.10,1.00,0.01,1.00,0.99,,yes,11.0,30,3.465,0,8,0.499,0.366,29,0
167.85,DRY RUN,SCAN,0,,,,,100,0,0,0,29,85,AVOID_LEFT,,1.95,1.67,0.17,1.00,0.01,0.57,0.43,,yes,19.2,30,6.075,0,5,0.530,0.387,29,0
167.90,DRY RUN,SCAN,0,,,,,100,0,0,0,29,85,ESCAPE,,1.13,1.10,0.21,1.00,0.01,0.16,0.15,,yes,19.7,29,3.416,0,3,0.450,0.332,29,0
167.99,DRY RUN,SCAN,0,,,,,100,0,0,0,34,85,ESCAPE,,0.71,0.99,0.13,0.60,0.00,0.09,0.09,,yes,11.2,29,3.539,0,7,0.600,0.435,29,5
168.04,DRY RUN,SCAN,0,,,,,100,0,0,0,36,85,ESCAPE,,0.50,0.93,0.07,0.34,0.00,0.07,0.07,,yes,19.7,29,5.739,0,5,0.503,0.369,29,7
168.09,DRY RUN,SCAN,0,,,,,100,0,0,0,37,85,ESCAPE,,0.31,0.75,0.04,0.19,0.00,0.00,0.00,,yes,19.7,29,3.264,0,6,0.498,0.365,29,8
168.18,DRY RUN,SCAN,0,,,,,100,0,0,0,36,85,ESCAPE,,0.19,0.60,0.04,0.11,0.00,0.00,0.00,,yes,11.3,29,3.155,0,2,0.388,0.286,29,7
168.23,DRY RUN,SCAN,0,,,,,100,0,0,0,36,85,ESCAPE,,0.11,0.48,0.04,0.06,0.00,0.00,0.00,,yes,19.7,29,5.275,0,3,0.377,0.276,29,7
168.28,DRY RUN,SCAN,0,,,,,100,0,0,0,36,85,ESCAPE,,0.07,0.35,0.03,0.03,0.00,0.00,0.00,,yes,19.8,29,3.008,0,3,0.370,0.270,29,7
168.37,DRY RUN,SCAN,0,,,,,100,0,0,0,36,85,ESCAPE,,0.05,0.28,0.03,0.02,0.00,0.00,0.00,,yes,10.9,29,3.048,0,5,0.377,0.276,29,7
168.42,DRY RUN,SCAN,0,,,,,100,0,0,0,36,85,ESCAPE,,0.04,0.75,0.16,0.01,0.00,0.00,0.00,,yes,19.5,29,6.107,0,4,0.360,0.260,29,7
168.47,DRY RUN,SCAN,0,,,,,100,0,0,0,37,85,ESCAPE,,0.03,1.12,0.24,0.01,0.00,0.16,0.16,,yes,19.6,29,3.471,0,3,0.391,0.289,29,8
168.56,DRY RUN,SCAN,0,,,,,100,0,0,0,36,85,ESCAPE,,0.03,1.45,0.27,0.15,0.00,0.32,0.32,,yes,10.8,30,3.529,0,4,0.440,0.325,29,7
168.62,DRY RUN,SCAN,0,,,,,100,0,0,0,33,85,ESCAPE,,0.03,1.61,0.15,0.59,0.00,0.40,0.40,,yes,19.1,31,5.780,0,7,0.531,0.388,29,4
168.67,DRY RUN,SCAN,0,,,,,100,0,0,0,34,85,ESCAPE,,0.03,0.98,0.09,0.44,0.00,0.09,0.09,,yes,19.6,29,3.170,0,2,0.465,0.342,29,5
168.76,DRY RUN,SCAN,0,,,,,100,0,0,0,35,85,ESCAPE,,0.02,0.61,0.36,0.25,0.00,0.00,0.00,,yes,11.2,29,2.963,0,4,0.421,0.312,29,6
168.81,DRY RUN,SCAN,0,,,,,100,0,0,0,35,85,ESCAPE,,0.03,0.43,0.49,0.14,0.00,0.00,0.00,,yes,19.6,29,5.737,0,1,0.337,0.237,29,6
168.86,DRY RUN,SCAN,0,,,,,100,0,0,0,6,85,ESCAPE,,0.04,0.39,0.29,0.08,0.00,0.00,0.00,,yes,19.8,29,3.100,0,3,0.303,0.205,0,6
169.31,DRY RUN,SCAN,0,,,,,100,0,0,0,1,85,ESCAPE,,0.04,0.56,0.20,0.04,0.00,0.00,0.00,,yes,2.2,28,-0.096,6,5,0.045,0.468,0,1
169.76,DRY RUN,SCAN,0,,,,,100,0,0,0,3,85,ESCAPE,,0.04,0.64,0.15,0.02,0.00,0.00,0.00,,yes,2.2,30,0.073,5,9,0.136,0.731,0,3
170.21,DRY RUN,SCAN,0,,,,,100,0,0,0,11,85,ESCAPE,,0.02,0.37,0.12,0.01,0.00,0.00,0.00,,,2.2,29,0.309,5,6,0.060,0.807,10,1
170.30,DRY RUN,SCAN,0,,,,,100,0,0,0,19,85,ESCAPE,,0.01,0.23,0.06,0.01,0.00,0.00,0.00,,yes,11.1,30,9.585,0,3,0.098,0.640,17,2
170.35,DRY RUN,SCAN,0,,,,,100,0,0,0,25,85,ESCAPE,,0.01,0.16,0.04,0.00,0.00,0.00,0.00,,yes,19.4,30,3.221,0,5,0.225,0.527,21,4
170.40,DRY RUN,SCAN,0,,,,,100,0,0,0,31,85,ESCAPE,,0.02,0.11,0.02,0.00,0.00,0.00,0.00,,yes,19.8,30,2.204,0,5,0.348,0.463,24,7
170.49,DRY RUN,SCAN,0,,,,,100,0,0,0,33,85,ESCAPE,,0.02,0.08,0.02,0.00,0.00,0.00,0.00,,yes,11.2,29,2.601,0,1,0.336,0.337,26,7
170.54,DRY RUN,SCAN,0,,,,,100,0,0,0,34,85,ESCAPE,,0.02,0.06,0.02,0.00,0.00,0.00,0.00,,yes,19.6,29,4.879,0,2,0.334,0.256,27,7
170.59,DRY RUN,SCAN,0,,,,,100,0,0,0,37,85,ESCAPE,,0.02,0.05,0.01,0.00,0.00,0.00,0.00,,yes,19.6,29,2.833,0,7,0.437,0.335,28,9
170.68,DRY RUN,SCAN,0,,,,,100,0,0,0,36,85,ESCAPE,,0.02,0.05,0.01,0.00,0.00,0.00,0.00,,yes,11.1,29,3.003,0,3,0.353,0.260,29,7
170.73,DRY RUN,SCAN,0,,,,,100,0,0,0,36,85,ESCAPE,,0.02,0.06,0.04,0.00,0.00,0.00,0.00,,yes,19.3,29,5.536,0,2,0.352,0.256,29,7
170.78,DRY RUN,SCAN,0,,,,,100,0,0,0,35,85,ESCAPE,,0.02,0.06,0.05,0.00,0.00,0.00,0.00,,yes,19.8,29,3.164,0,1,0.317,0.220,29,6
170.87,DRY RUN,SCAN,0,,,,,100,0,0,0,37,85,ESCAPE,,0.02,0.06,0.05,0.00,0.00,0.00,0.00,,yes,11.1,29,3.113,0,7,0.423,0.315,29,8
170.92,DRY RUN,SCAN,0,,,,,100,0,0,0,37,85,ESCAPE,,0.02,0.05,0.04,0.00,0.00,0.00,0.00,,yes,19.9,29,5.478,0,2,0.404,0.301,29,8
170.97,DRY RUN,SCAN,0,,,,,100,0,0,0,37,85,OPTOMOTOR,,0.03,0.07,0.04,0.00,0.00,0.00,0.00,,yes,19.8,29,2.987,0,3,0.421,0.313,29,8
171.06,DRY RUN,SCAN,0,,,,,100,0,0,0,38,85,OPTOMOTOR,,0.04,0.06,0.05,0.00,0.00,0.00,0.00,,yes,11.3,29,3.095,0,6,0.472,0.348,29,9
171.11,DRY RUN,SCAN,0,,,,,100,0,0,0,38,85,OPTOMOTOR,,0.05,0.06,0.06,0.00,0.00,0.00,0.00,,yes,19.7,29,5.410,0,4,0.466,0.343,29,9
171.16,DRY RUN,SCAN,0,,,,,100,0,0,0,39,85,OPTOMOTOR,,0.04,0.06,0.04,0.00,0.00,0.00,0.00,,yes,19.8,29,3.060,0,5,0.491,0.360,29,10
171.25,DRY RUN,SCAN,0,,,,,100,0,0,0,39,85,OPTOMOTOR,,0.03,0.05,0.03,0.00,0.00,0.00,0.00,,yes,11.2,29,3.109,0,4,0.498,0.365,29,10
171.30,DRY RUN,SCAN,0,,,,,100,0,0,0,37,85,OPTOMOTOR,,0.02,0.04,0.03,0.00,0.00,0.00,0.00,,yes,19.8,29,5.334,0,1,0.398,0.296,29,8
171.35,DRY RUN,SCAN,0,,,,,100,0,0,0,37,85,OPTOMOTOR,,0.02,0.04,0.03,0.00,0.00,0.00,0.00,,yes,19.8,29,3.085,0,5,0.392,0.290,29,8
171.44,DRY RUN,SCAN,0,,,,,100,0,0,0,38,85,OPTOMOTOR,,0.02,0.03,0.03,0.00,0.00,0.00,0.00,,yes,11.3,28,3.074,0,5,0.448,0.330,29,9
171.49,DRY RUN,SCAN,0,,,,,100,0,0,0,40,85,OPTOMOTOR,,0.02,0.03,0.02,0.00,0.00,0.00,0.00,,yes,19.7,29,5.446,0,6,0.570,0.415,29,11
171.54,DRY RUN,SCAN,0,,,,,100,0,0,0,37,85,OPTOMOTOR,,0.03,0.03,0.02,0.00,0.00,0.00,0.00,,yes,19.9,29,3.098,0,1,0.398,0.295,29,8
171.63,DRY RUN,SCAN,0,,,,,100,0,0,0,39,85,OPTOMOTOR,,0.02,0.03,0.02,0.00,0.00,0.00,0.00,,yes,11.3,29,3.003,0,7,0.507,0.371,29,10
171.68,DRY RUN,SCAN,0,,,,,100,0,0,0,39,85,OPTOMOTOR,,0.03,0.04,0.02,0.00,0.00,0.00,0.00,,yes,19.7,29,5.428,0,5,0.514,0.376,29,10
171.73,DRY RUN,SCAN,0,,,,,100,0,0,0,36,85,OPTOMOTOR,,0.03,0.04,0.02,0.00,0.00,0.00,0.00,,yes,19.8,29,3.075,0,1,0.360,0.259,29,7
171.82,DRY RUN,SCAN,0,,,,,100,0,0,0,36,85,OPTOMOTOR,,0.04,0.03,0.02,0.00,0.00,0.00,0.00,,yes,11.3,29,3.071,0,4,0.366,0.265,29,7
171.87,DRY RUN,SCAN,0,,,,,100,0,0,0,36,85,OPTOMOTOR,,0.04,0.03,0.02,0.00,0.00,0.00,0.00,,yes,19.7,29,5.442,0,2,0.359,0.259,29,7
171.92,DRY RUN,SCAN,0,,,,,100,0,0,0,36,85,OPTOMOTOR,,0.03,0.02,0.01,0.00,0.00,0.00,0.00,,yes,19.7,29,3.109,0,3,0.346,0.246,29,7
172.01,DRY RUN,SCAN,0,,,,,100,0,0,0,37,85,OPTOMOTOR,,0.02,0.03,0.01,0.00,0.00,0.00,0.00,,yes,11.2,29,3.083,0,6,0.418,0.310,29,8
172.06,DRY RUN,SCAN,0,,,,,100,0,0,0,36,85,OPTOMOTOR,,0.02,0.04,0.03,0.00,0.00,0.00,0.00,,yes,19.6,29,5.374,0,4,0.366,0.265,29,7
172.11,DRY RUN,SCAN,0,,,,,100,0,0,0,37,85,OPTOMOTOR,,0.04,0.05,0.04,0.00,0.00,0.00,0.00,,yes,19.9,29,2.974,0,3,0.379,0.278,29,8
172.20,DRY RUN,SCAN,0,,,,,100,0,0,0,36,85,OPTOMOTOR,,0.11,0.06,0.15,0.00,0.00,0.00,0.00,,yes,11.2,29,3.025,0,3,0.327,0.228,29,7
172.25,DRY RUN,SCAN,0,,,,,100,0,0,0,36,85,OPTOMOTOR,,0.15,0.07,0.20,0.00,0.00,0.00,0.00,,yes,19.6,29,5.550,0,3,0.327,0.228,29,7
172.30,DRY RUN,SCAN,0,,,,,100,0,0,0,36,85,OPTOMOTOR,,0.09,0.08,0.12,0.00,0.00,0.00,0.00,,yes,19.8,29,3.087,0,5,0.338,0.238,29,7
172.39,DRY RUN,SCAN,0,,,,,100,0,0,0,37,85,OPTOMOTOR,,0.07,0.09,0.08,0.00,0.00,0.00,0.00,,yes,11.3,29,3.056,0,4,0.383,0.282,29,8
172.44,DRY RUN,SCAN,0,,,,,100,0,0,0,36,85,OPTOMOTOR,,0.05,0.09,0.05,0.00,0.00,0.00,0.00,,yes,19.7,29,5.476,0,2,0.354,0.254,29,7
172.49,DRY RUN,SCAN,0,,,,,100,0,0,0,36,85,OPTOMOTOR,,0.03,0.06,0.05,0.00,0.00,0.00,0.00,,yes,19.8,29,3.095,0,5,0.368,0.267,29,7
172.58,DRY RUN,SCAN,0,,,,,100,0,0,0,37,85,OPTOMOTOR,,0.02,0.04,0.04,0.00,0.00,0.00,0.00,,yes,11.3,28,3.067,0,3,0.395,0.293,29,8
172.63,DRY RUN,SCAN,0,,,,,100,0,0,0,39,85,OPTOMOTOR,,0.02,0.03,0.05,0.00,0.00,0.00,0.00,,yes,19.7,29,5.348,0,6,0.519,0.380,29,10
172.68,DRY RUN,SCAN,0,,,,,100,0,0,0,37,85,OPTOMOTOR,,0.02,0.03,0.05,0.00,0.00,0.00,0.00,,yes,19.8,29,3.093,0,1,0.377,0.276,29,8
172.77,DRY RUN,SCAN,0,,,,,100,0,0,0,9,85,OPTOMOTOR,,0.03,0.04,0.05,0.00,0.00,0.00,0.00,,yes,11.3,29,3.024,0,5,0.435,0.322,0,9
173.22,DRY RUN,SCAN,0,,,,,100,0,0,0,3,85,OPTOMOTOR,,0.05,0.19,0.05,0.00,0.00,0.00,0.00,,yes,2.2,29,-0.254,6,8,0.161,0.577,0,3
173.66,DRY RUN,SCAN,0,,,,,100,0,0,0,3,85,CRUISE,,0.11,0.37,0.13,0.00,0.00,0.00,0.00,,yes,2.3,29,0.332,6,8,0.152,0.778,0,3
174.11,DRY RUN,SCAN,0,,,,,100,0,0,0,12,85,CRUISE,,0.22,0.46,0.17,0.00,0.00,0.00,0.00,,,2.2,30,-0.501,6,7,0.079,0.872,10,2
174.16,DRY RUN,SCAN,0,,,,,100,0,0,0,17,85,CRUISE,,0.19,0.50,0.10,0.00,0.00,0.00,0.00,,yes,19.5,29,8.401,0,1,-0.021,0.595,17,0
174.21,DRY RUN,SCAN,0,,,,,100,0,0,0,22,85,CRUISE,,0.23,0.37,0.07,0.00,0.00,0.00,0.00,,yes,19.7,29,1.828,0,4,0.074,0.454,21,1
174.30,DRY RUN,SCAN,0,,,,,100,0,0,0,27,85,CRUISE,,0.17,0.21,0.05,0.00,0.00,0.00,0.00,,yes,11.1,29,2.268,0,3,0.171,0.356,24,3
174.35,DRY RUN,SCAN,0,,,,,100,0,0,0,31,85,CRUISE,,0.10,0.13,0.04,0.00,0.00,0.00,0.00,,yes,19.5,29,4.425,0,3,0.248,0.272,26,5
174.40,DRY RUN,SCAN,0,,,,,100,0,0,0,34,85,OPTOMOTOR,,0.06,0.09,0.04,0.00,0.00,0.00,0.00,,yes,19.6,29,2.733,0,3,0.372,0.296,27,7
174.50,DRY RUN,SCAN,0,,,,,100,0,0,0,35,85,OPTOMOTOR,,0.04,0.08,0.03,0.00,0.00,0.00,0.00,,yes,11.0,30,2.899,0,3,0.369,0.281,28,7
174.55,DRY RUN,SCAN,0,,,,,100,0,0,0,40,85,OPTOMOTOR,,0.04,0.09,0.02,0.00,0.00,0.00,0.00,,yes,19.6,29,5.366,0,8,0.533,0.397,29,11
174.60,DRY RUN,SCAN,0,,,,,100,0,0,0,39,85,OPTOMOTOR,,0.03,0.10,0.02,0.00,0.00,0.00,0.00,,yes,19.4,30,3.070,0,3,0.515,0.381,29,10
174.69,DRY RUN,SCAN,0,,,,,100,0,0,0,37,85,OPTOMOTOR,,0.03,0.10,0.02,0.00,0.00,0.00,0.00,,yes,11.0,31,3.106,0,2,0.414,0.309,29,8
174.74,DRY RUN,SCAN,0,,,,,100,0,0,0,37,85,OPTOMOTOR,,0.06,0.08,0.02,0.00,0.00,0.00,0.00,,yes,19.8,29,5.498,0,2,0.384,0.284,29,8
174.79,DRY RUN,SCAN,0,,,,,100,0,0,0,38,85,OPTOMOTOR,,0.07,0.07,0.02,0.00,0.00,0.00,0.00,,yes,19.8,29,3.075,0,7,0.455,0.336,29,9
174.88,DRY RUN,SCAN,0,,,,,100,0,0,0,39,85,OPTOMOTOR,,0.13,0.06,0.02,0.00,0.00,0.00,0.00,,yes,11.3,29,3.064,0,4,0.477,0.351,29,10
174.93,DRY RUN,SCAN,0,,,,,100,0,0,0,37,85,OPTOMOTOR,,0.16,0.08,0.03,0.00,0.00,0.00,0.00,,yes,19.7,29,5.432,0,3,0.385,0.283,29,8
174.98,DRY RUN,SCAN,0,,,,,100,0,0,0,36,85,OPTOMOTOR,,0.12,0.09,0.03,0.00,0.00,0.00,0.00,,yes,19.9,29,3.080,0,2,0.340,0.241,29,7
175.07,DRY RUN,SCAN,0,,,,,100,0,0,0,36,85,OPTOMOTOR,,0.10,0.07,0.03,0.00,0.00,0.00,0.00,,yes,11.2,29,3.072,0,4,0.370,0.269,29,7
175.12,DRY RUN,SCAN,0,,,,,100,0,0,0,38,85,OPTOMOTOR,,0.09,0.05,0.03,0.00,0.00,0.00,0.00,,yes,19.3,30,5.444,0,4,0.444,0.328,29,9
175.17,DRY RUN,SCAN,0,,,,,100,0,0,0,37,85,OPTOMOTOR,,0.16,0.03,0.03,0.00,0.00,0.00,0.00,,yes,19.7,29,3.147,0,3,0.386,0.285,29,8
175.26,DRY RUN,SCAN,0,,,,,100,0,0,0,37,85,OPTOMOTOR,,0.19,0.03,0.02,0.00,0.00,0.00,0.00,,yes,11.1,29,3.100,0,4,0.381,0.279,29,8
175.31,DRY RUN,SCAN,0,,,,,100,0,0,0,37,85,OPTOMOTOR,,0.14,0.02,0.02,0.00,0.00,0.00,0.00,,yes,19.5,30,5.583,0,4,0.378,0.276,29,8
175.36,DRY RUN,SCAN,0,,,,,100,0,0,0,36,85,OPTOMOTOR,,0.10,0.02,0.01,0.00,0.00,0.00,0.00,,yes,19.5,29,3.145,0,2,0.351,0.251,29,7
175.45,DRY RUN,SCAN,0,,,,,100,0,0,0,38,85,OPTOMOTOR,,0.07,0.02,0.02,0.00,0.00,0.00,0.00,,yes,11.2,29,3.107,0,4,0.429,0.318,29,9
175.51,DRY RUN,SCAN,0,,,,,100,0,0,0,37,85,OPTOMOTOR,,0.06,0.01,0.02,0.00,0.00,0.00,0.00,,yes,19.7,29,5.454,0,4,0.400,0.298,29,8
175.56,DRY RUN,SCAN,0,,,,,100,0,0,0,37,85,OPTOMOTOR,,0.06,0.01,0.02,0.00,0.00,0.00,0.00,,yes,19.7,29,3.098,0,1,0.389,0.287,29,8
175.65,DRY RUN,SCAN,0,,,,,100,0,0,0,39,85,OPTOMOTOR,,0.06,0.01,0.01,0.00,0.00,0.00,0.00,,yes,11.1,29,3.093,0,7,0.479,0.352,29,10
175.70,DRY RUN,SCAN,0,,,,,100,0,0,0,37,85,OPTOMOTOR,,0.05,0.01,0.01,0.00,0.00,0.00,0.00,,yes,19.6,29,5.482,0,2,0.381,0.279,29,8
175.75,DRY RUN,SCAN,0,,,,,100,0,0,0,36,85,OPTOMOTOR,,0.05,0.02,0.01,0.00,0.00,0.00,0.00,,yes,19.6,29,3.102,0,2,0.353,0.252,29,7
175.85,DRY RUN,SCAN,0,,,,,100,0,0,0,36,85,OPTOMOTOR,,0.04,0.02,0.01,0.00,0.00,0.00,0.00,,yes,9.8,29,3.111,0,3,0.357,0.257,29,7
175.90,DRY RUN,SCAN,0,,,,,100,0,0,0,38,85,OPTOMOTOR,,0.03,0.02,0.01,0.00,0.00,0.00,0.00,,yes,19.4,30,6.246,0,6,0.427,0.316,29,9
175.95,DRY RUN,SCAN,0,,,,,100,0,0,0,36,85,OPTOMOTOR,,0.03,0.02,0.01,0.00,0.00,0.00,0.00,,yes,19.6,29,3.126,0,3,0.349,0.249,29,7
176.04,DRY RUN,SCAN,0,,,,,100,0,0,0,36,85,OPTOMOTOR,,0.03,0.02,0.02,0.00,0.00,0.00,0.00,,yes,11.3,29,3.096,0,4,0.345,0.245,29,7
176.09,DRY RUN,SCAN,0,,,,,100,0,0,0,39,85,OPTOMOTOR,,0.03,0.02,0.03,0.00,0.00,0.00,0.00,,yes,20.0,29,5.372,0,6,0.480,0.353,29,10
176.14,DRY RUN,SCAN,0,,,,,100,0,0,0,37,85,OPTOMOTOR,,0.03,0.02,0.02,0.00,0.00,0.00,0.00,,yes,19.6,29,3.078,0,4,0.408,0.303,29,8
176.23,DRY RUN,SCAN,0,,,,,100,0,0,0,39,85,OPTOMOTOR,,0.02,0.01,0.02,0.00,0.00,0.00,0.00,,yes,11.2,29,3.101,0,5,0.479,0.352,29,10
176.28,DRY RUN,SCAN,0,,,,,100,0,0,0,38,85,OPTOMOTOR,,0.02,0.01,0.01,0.00,0.00,0.00,0.00,,yes,19.6,29,5.459,0,3,0.442,0.327,29,9
176.33,DRY RUN,SCAN,0,,,,,100,0,0,0,38,85,OPTOMOTOR,,0.03,0.02,0.01,0.00,0.00,0.00,0.00,,yes,19.6,29,3.097,0,3,0.443,0.327,29,9
176.42,DRY RUN,SCAN,0,,,,,100,0,0,0,39,85,OPTOMOTOR,,0.03,0.02,0.02,0.00,0.00,0.00,0.00,,yes,11.3,28,3.112,0,7,0.491,0.360,29,10
176.47,DRY RUN,SCAN,0,,,,,100,0,0,0,39,85,OPTOMOTOR,,0.03,0.03,0.02,0.00,0.00,0.00,0.00,,yes,19.4,30,5.410,0,5,0.505,0.370,29,10
176.52,DRY RUN,SCAN,0,,,,,100,0,0,0,37,85,OPTOMOTOR,,0.02,0.03,0.02,0.00,0.00,0.00,0.00,,yes,19.7,29,3.156,0,3,0.396,0.294,29,8
176.61,DRY RUN,SCAN,0,,,,,100,0,0,0,8,85,OPTOMOTOR,,0.02,0.03,0.02,0.00,0.00,0.00,0.00,,yes,11.3,29,3.085,0,5,0.391,0.289,0,8
177.06,DRY RUN,SCAN,0,,,,,100,0,0,0,3,85,OPTOMOTOR,,0.03,0.02,0.01,0.00,0.00,0.00,0.00,,yes,2.3,29,-0.010,6,8,0.157,0.602,0,3
177.51,DRY RUN,SCAN,0,,,,,100,0,0,0,2,85,CRUISE,,0.03,0.02,0.01,0.00,0.00,0.00,0.00,,yes,2.2,30,-0.024,6,8,0.120,0.777,0,2
177.95,DRY RUN,SCAN,0,,,,,100,0,0,0,11,85,CRUISE,,0.02,0.02,0.01,0.00,0.00,0.00,0.00,,,2.2,29,-0.337,5,6,0.042,0.833,10,1
178.01,DRY RUN,SCAN,0,,,,,100,0,0,0,21,85,CRUISE,,0.01,0.03,0.07,0.00,0.00,0.00,0.00,,yes,19.3,30,10.471,0,5,0.202,0.679,17,4
178.06,DRY RUN,SCAN,0,,,,,100,0,0,0,26,85,OPTOMOTOR,,0.02,0.04,0.27,0.00,0.00,0.00,0.00,,yes,19.6,29,2.346,0,3,0.229,0.525,21,5
178.15,DRY RUN,SCAN,0,,,,,100,0,0,0,31,85,AVOID_RIGHT,,2.13,0.07,0.20,0.26,0.00,0.67,0.00,,yes,10.8,30,2.362,0,7,0.481,0.529,24,7
178.20,DRY RUN,SCAN,0,,,,,100,0,0,0,31,85,AVOID_RIGHT,,3.19,0.09,0.36,0.52,0.00,1.00,0.00,,yes,19.0,31,5.053,0,5,0.525,0.465,26,5
178.25,DRY RUN,SCAN,0,,,,,100,0,0,0,31,85,AVOID_RIGHT,,1.76,0.71,0.43,0.54,0.00,0.48,0.00,,yes,19.3,30,4.292,0,3,0.421,0.333,27,4
178.34,DRY RUN,SCAN,0,,,,,100,0,0,0,28,85,ESCAPE,,1.00,2.90,2.62,1.00,0.00,1.00,1.00,,yes,11.0,30,2.985,0,4,0.458,0.349,28,0
178.40,DRY RUN,SCAN,0,,,,,100,0,0,0,29,85,ESCAPE,,0.62,4.00,3.71,1.00,0.00,1.00,1.00,,yes,19.1,30,5.365,0,1,0.337,0.244,29,0
178.45,DRY RUN,SCAN,0,,,,,100,0,0,0,29,85,ESCAPE,,0.36,2.02,1.87,1.00,0.00,0.61,0.61,,yes,19.2,30,3.192,0,6,0.363,0.266,29,0
178.54,DRY RUN,SCAN,0,,,,,100,0,0,0,29,85,ESCAPE,,0.22,1.02,0.94,1.00,0.00,0.11,0.11,,yes,11.3,30,3.149,0,7,0.439,0.326,29,0
178.59,DRY RUN,SCAN,0,,,,,100,0,0,0,31,85,ESCAPE,,0.14,0.51,0.48,0.70,0.00,0.00,0.00,,yes,19.7,29,5.475,0,2,0.394,0.293,29,2
178.64,DRY RUN,SCAN,0,,,,,100,0,0,0,35,85,ESCAPE,,0.09,0.26,0.25,0.39,0.00,0.00,0.00,,yes,19.8,29,3.086,0,5,0.470,0.346,29,6
178.73,DRY RUN,SCAN,0,,,,,100,0,0,0,36,85,ESCAPE,,0.06,0.14,0.14,0.22,0.00,0.00,0.00,,yes,11.3,29,3.081,0,2,0.472,0.347,29,7
178.78,DRY RUN,SCAN,0,,,,,100,0,0,0,38,85,ESCAPE,,0.04,0.07,0.08,0.12,0.00,0.00,0.00,,yes,19.7,29,5.409,0,7,0.487,0.358,29,9
178.83,DRY RUN,SCAN,0,,,,,100,0,0,0,39,85,ESCAPE,,0.04,0.04,0.05,0.07,0.00,0.00,0.00,,yes,19.6,29,3.121,0,7,0.558,0.406,29,10
178.92,DRY RUN,SCAN,0,,,,,100,0,0,0,38,85,ESCAPE,,0.03,0.02,0.04,0.04,0.00,0.00,0.00,,yes,11.3,28,3.123,0,1,0.452,0.334,29,9
178.97,DRY RUN,SCAN,0,,,,,100,0,0,0,38,85,ESCAPE,,0.04,0.02,0.04,0.02,0.00,0.00,0.00,,yes,19.9,29,5.349,0,5,0.462,0.340,29,9
179.02,DRY RUN,SCAN,0,,,,,100,0,0,0,35,85,ESCAPE,,0.05,0.02,0.03,0.01,0.00,0.00,0.00,,yes,19.4,30,3.046,0,1,0.324,0.225,29,6
179.11,DRY RUN,SCAN,0,,,,,100,0,0,0,36,85,ESCAPE,,0.06,0.02,0.03,0.01,0.00,0.00,0.00,,yes,11.1,29,3.125,0,5,0.351,0.250,29,7
179.16,DRY RUN,SCAN,0,,,,,100,0,0,0,37,85,ESCAPE,,0.05,0.03,0.03,0.00,0.00,0.00,0.00,,yes,19.4,30,5.490,0,3,0.386,0.284,29,8
179.21,DRY RUN,SCAN,0,,,,,100,0,0,0,36,85,ESCAPE,,0.05,0.03,0.02,0.00,0.00,0.00,0.00,,yes,19.6,29,3.124,0,3,0.330,0.231,29,7
179.30,DRY RUN,SCAN,0,,,,,100,0,0,0,37,85,ESCAPE,,0.04,0.03,0.02,0.00,0.00,0.00,0.00,,yes,11.2,29,3.181,0,5,0.399,0.297,29,8
179.35,DRY RUN,SCAN,0,,,,,100,0,0,0,37,85,ESCAPE,,0.03,0.02,0.02,0.00,0.00,0.00,0.00,,yes,19.5,29,5.440,0,6,0.418,0.310,29,8
179.41,DRY RUN,SCAN,0,,,,,100,0,0,0,40,85,ESCAPE,,0.02,0.02,0.02,0.00,0.00,0.00,0.00,,yes,19.5,29,3.101,1,5,0.526,0.404,29,11
179.49,DRY RUN,SCAN,0,,,,,100,0,0,0,39,85,ESCAPE,,0.03,0.02,0.02,0.00,0.00,0.00,0.00,,yes,11.1,29,3.129,0,3,0.511,0.384,29,10
179.55,DRY RUN,SCAN,0,,,,,100,0,0,0,40,85,ESCAPE,,0.03,0.02,0.02,0.00,0.00,0.00,0.00,,yes,19.4,30,5.437,0,6,0.564,0.417,29,11
179.60,DRY RUN,SCAN,0,,,,,100,0,0,0,39,85,ESCAPE,,0.03,0.03,0.01,0.00,0.00,0.00,0.00,,yes,19.8,29,3.166,0,4,0.476,0.354,29,10
179.69,DRY RUN,SCAN,0,,,,,100,0,0,0,38,85,ESCAPE,,0.04,0.03,0.02,0.00,0.00,0.00,0.00,,yes,11.0,30,3.094,0,5,0.455,0.337,29,9
179.74,DRY RUN,SCAN,0,,,,,100,0,0,0,38,85,ESCAPE,,0.05,0.03,0.03,0.00,0.00,0.00,0.00,,yes,19.5,29,5.515,0,5,0.443,0.328,29,9
179.79,DRY RUN,SCAN,0,,,,,100,0,0,0,37,85,ESCAPE,,0.04,0.02,0.03,0.00,0.00,0.00,0.00,,yes,19.6,29,3.126,0,2,0.396,0.294,29,8
179.88,DRY RUN,SCAN,0,,,,,100,0,0,0,36,85,ESCAPE,,0.04,0.02,0.03,0.00,0.00,0.00,0.00,,yes,11.2,29,3.108,0,3,0.351,0.251,29,7
179.93,DRY RUN,SCAN,0,,,,,100,0,0,0,35,85,ESCAPE,,0.04,0.01,0.02,0.00,0.00,0.00,0.00,,yes,19.7,29,5.429,0,1,0.301,0.203,29,6
179.98,DRY RUN,SCAN,0,,,,,100,0,0,0,35,85,ESCAPE,,0.07,0.01,0.01,0.00,0.00,0.00,0.00,,yes,19.8,29,3.081,0,1,0.303,0.205,29,6
180.07,DRY RUN,SCAN,0,,,,,100,0,0,0,36,85,ESCAPE,,0.08,0.01,0.01,0.00,0.00,0.00,0.00,,yes,11.2,29,3.071,0,5,0.369,0.268,29,7
180.12,DRY RUN,SCAN,0,,,,,100,0,0,0,37,85,ESCAPE,,0.07,0.02,0.02,0.00,0.00,0.00,0.00,,yes,19.4,29,5.450,0,5,0.408,0.303,29,8
180.17,DRY RUN,SCAN,0,,,,,100,0,0,0,37,85,ESCAPE,,0.05,0.02,0.02,0.00,0.00,0.00,0.00,,yes,19.8,29,3.113,0,5,0.397,0.295,29,8
180.26,DRY RUN,SCAN,0,,,,,100,0,0,0,38,85,OPTOMOTOR,,0.03,0.02,0.02,0.00,0.00,0.00,0.00,,yes,11.2,29,3.077,0,6,0.437,0.323,29,9
180.31,DRY RUN,SCAN,0,,,,,100,0,0,0,39,85,OPTOMOTOR,,0.04,0.02,0.02,0.00,0.00,0.00,0.00,,yes,19.7,29,5.386,0,5,0.495,0.363,29,10
180.36,DRY RUN,SCAN,0,,,,,100,0,0,0,38,85,OPTOMOTOR,,0.05,0.02,0.02,0.00,0.00,0.00,0.00,,yes,19.9,29,3.089,0,4,0.458,0.338,29,9
180.45,DRY RUN,SCAN,0,,,,,100,0,0,0,38,85,OPTOMOTOR,,0.06,0.02,0.02,0.00,0.00,0.00,0.00,,yes,11.3,29,3.075,0,6,0.452,0.333,29,9
180.50,DRY RUN,SCAN,0,,,,,100,0,0,0,10,85,OPTOMOTOR,,0.04,0.03,0.02,0.00,0.00,0.00,0.00,,yes,19.5,29,5.407,0,5,0.482,0.354,0,10
180.94,DRY RUN,SCAN,0,,,,,100,0,0,0,5,85,OPTOMOTOR,,0.04,0.04,0.02,0.00,0.00,0.00,0.00,,yes,2.3,29,0.007,5,6,0.245,0.552,0,5
181.39,DRY RUN,SCAN,0,,,,,100,0,0,0,5,85,OPTOMOTOR,,0.03,0.03,0.01,0.00,0.00,0.00,0.00,,yes,2.2,30,-0.074,6,8,0.227,0.778,0,5
181.84,DRY RUN,SCAN,0,,,,,100,0,0,0,14,85,CRUISE,,0.02,0.02,0.01,0.00,0.00,0.00,0.00,,,2.2,30,0.078,6,8,0.186,0.862,10,4
181.90,DRY RUN,SCAN,0,,,,,100,0,0,0,20,85,CRUISE,,0.02,0.01,0.00,0.00,0.00,0.00,0.00,,yes,19.3,30,9.466,0,4,0.142,0.690,17,3
181.99,DRY RUN,SCAN,0,,,,,100,0,0,0,26,85,CRUISE,,0.01,0.01,0.00,0.00,0.00,0.00,0.00,,yes,11.1,29,1.839,0,6,0.258,0.574,21,5
182.04,DRY RUN,SCAN,0,,,,,100,0,0,0,30,85,OPTOMOTOR,,0.03,0.02,0.01,0.00,0.00,0.00,0.00,,yes,19.4,30,3.985,0,6,0.304,0.452,24,6
182.09,DRY RUN,SCAN,0,,,,,100,0,0,0,34,85,OPTOMOTOR,,0.04,0.03,0.01,0.00,0.00,0.00,0.00,,yes,19.5,29,2.609,0,4,0.390,0.388,26,8
182.18,DRY RUN,SCAN,0,,,,,100,0,0,0,35,85,OPTOMOTOR,,0.04,0.04,0.01,0.00,0.00,0.00,0.00,,yes,11.2,29,2.788,0,4,0.422,0.337,27,8
182.23,DRY RUN,SCAN,0,,,,,100,0,0,0,36,85,OPTOMOTOR,,0.03,0.02,0.01,0.00,0.00,0.00,0.00,,yes,19.0,30,5.094,0,4,0.383,0.295,28,8
182.28,DRY RUN,SCAN,0,,,,,100,0,0,0,38,85,OPTOMOTOR,,0.03,0.02,0.01,0.00,0.00,0.00,0.00,,yes,19.4,30,3.124,0,5,0.440,0.333,29,9
182.37,DRY RUN,SCAN,0,,,,,100,0,0,0,38,85,OPTOMOTOR,,0.04,0.01,0.02,0.00,0.00,0.00,0.00,,yes,11.2,29,3.122,0,7,0.448,0.335,29,9
182.42,DRY RUN,SCAN,0,,,,,100,0,0,0,38,85,OPTOMOTOR,,0.06,0.02,0.02,0.00,0.00,0.00,0.00,,yes,19.6,29,5.451,0,4,0.432,0.322,29,9
182.47,DRY RUN,SCAN,0,,,,,100,0,0,0,37,85,OPTOMOTOR,,0.07,0.02,0.02,0.00,0.00,0.00,0.00,,yes,19.8,29,3.102,0,5,0.409,0.305,29,8
182.56,DRY RUN,SCAN,0,,,,,100,0,0,0,36,85,OPTOMOTOR,,0.06,0.03,0.01,0.00,0.00,0.00,0.00,,yes,11.3,29,3.069,0,1,0.347,0.248,29,7
182.61,DRY RUN,SCAN,0,,,,,100,0,0,0,35,85,OPTOMOTOR,,0.05,0.03,0.01,0.00,0.00,0.00,0.00,,yes,19.7,29,5.433,0,1,0.284,0.187,29,6
182.66,DRY RUN,SCAN,0,,,,,100,0,0,0,35,85,OPTOMOTOR,,0.04,0.03,0.01,0.00,0.00,0.00,0.00,,yes,19.7,29,3.081,0,5,0.313,0.215,29,6
182.75,DRY RUN,SCAN,0,,,,,100,0,0,0,35,85,OPTOMOTOR,,0.04,0.03,0.02,0.00,0.00,0.00,0.00,,yes,11.0,29,3.097,0,2,0.315,0.216,29,6
182.81,DRY RUN,SCAN,0,,,,,100,0,0,0,37,85,OPTOMOTOR,,0.04,0.03,0.02,0.00,0.00,0.00,0.00,,yes,19.5,29,5.560,0,7,0.421,0.313,29,8
182.86,DRY RUN,SCAN,0,,,,,100,0,0,0,36,85,OPTOMOTOR,,0.04,0.02,0.02,0.00,0.00,0.00,0.00,,yes,19.6,29,3.116,0,1,0.367,0.266,29,7
182.95,DRY RUN,SCAN,0,,,,,100,0,0,0,36,85,OPTOMOTOR,,0.03,0.02,0.02,0.00,0.00,0.00,0.00,,yes,11.2,29,3.080,0,1,0.325,0.226,29,7
183.00,DRY RUN,SCAN,0,,,,,100,0,0,0,37,85,OPTOMOTOR,,0.03,0.02,0.02,0.00,0.00,0.00,0.00,,yes,19.3,30,5.429,0,5,0.416,0.309,29,8
183.05,DRY RUN,SCAN,0,,,,,100,0,0,0,37,85,OPTOMOTOR,,0.03,0.01,0.02,0.00,0.00,0.00,0.00,,yes,19.6,29,3.035,0,3,0.407,0.302,29,8
183.14,DRY RUN,SCAN,0,,,,,100,0,0,0,39,85,OPTOMOTOR,,0.03,0.01,0.02,0.00,0.00,0.00,0.00,,yes,11.2,29,3.092,0,6,0.506,0.370,29,10
183.19,DRY RUN,SCAN,0,,,,,100,0,0,0,39,85,OPTOMOTOR,,0.02,0.01,0.02,0.00,0.00,0.00,0.00,,yes,19.4,30,5.545,0,3,0.499,0.366,29,10
183.24,DRY RUN,SCAN,0,,,,,100,0,0,0,41,85,OPTOMOTOR,,0.02,0.02,0.03,0.00,0.00,0.00,0.00,,yes,19.7,29,3.190,0,7,0.586,0.425,29,12
183.33,DRY RUN,SCAN,0,,,,,100,0,0,0,38,85,OPTOMOTOR,,0.03,0.03,0.03,0.00,0.00,0.00,0.00,,yes,11.3,29,3.045,0,3,0.461,0.339,29,9
183.38,DRY RUN,SCAN,0,,,,,100,0,0,0,37,85,OPTOMOTOR,,0.03,0.04,0.03,0.00,0.00,0.00,0.00,,yes,19.6,29,5.462,0,4,0.383,0.282,29,8
183.43,DRY RUN,SCAN,0,,,,,100,0,0,0,38,85,OPTOMOTOR,,0.04,0.04,0.02,0.00,0.00,0.00,0.00,,yes,19.6,29,3.103,0,7,0.454,0.335,29,9
183.52,DRY RUN,SCAN,0,,,,,100,0,0,0,37,85,OPTOMOTOR,,0.03,0.04,0.01,0.00,0.00,0.00,0.00,,yes,11.2,29,3.106,0,4,0.395,0.293,29,8
183.57,DRY RUN,SCAN,0,,,,,100,0,0,0,36,85,OPTOMOTOR,,0.03,0.03,0.01,0.00,0.00,0.00,0.00,,yes,19.5,29,5.454,0,1,0.371,0.270,29,7
183.62,DRY RUN,SCAN,0,,,,,100,0,0,0,37,85,OPTOMOTOR,,0.02,0.03,0.02,0.00,0.00,0.00,0.00,,yes,19.8,29,3.126,0,5,0.377,0.276,29,8
183.71,DRY RUN,SCAN,0,,,,,100,0,0,0,37,85,OPTOMOTOR,,0.02,0.02,0.02,0.00,0.00,0.00,0.00,,yes,11.3,29,3.079,0,6,0.422,0.313,29,8
183.76,DRY RUN,SCAN,0,,,,,100,0,0,0,38,85,OPTOMOTOR,,0.02,0.02,0.02,0.00,0.00,0.00,0.00,,yes,19.6,29,5.397,0,3,0.452,0.333,29,9
183.81,DRY RUN,SCAN,0,,,,,100,0,0,0,36,85,OPTOMOTOR,,0.02,0.02,0.02,0.00,0.00,0.00,0.00,,yes,19.9,29,3.115,0,2,0.369,0.269,29,7
183.90,DRY RUN,SCAN,0,,,,,100,0,0,0,35,85,OPTOMOTOR,,0.03,0.02,0.02,0.00,0.00,0.00,0.00,,yes,11.3,29,3.004,0,2,0.316,0.218,29,6
183.95,DRY RUN,SCAN,0,,,,,100,0,0,0,36,85,OPTOMOTOR,,0.04,0.03,0.02,0.00,0.00,0.00,0.00,,yes,19.7,29,5.436,0,1,0.341,0.242,29,7
184.00,DRY RUN,SCAN,0,,,,,100,0,0,0,37,85,OPTOMOTOR,,0.07,0.03,0.02,0.00,0.00,0.00,0.00,,yes,19.6,29,3.092,0,5,0.376,0.274,29,8
184.09,DRY RUN,SCAN,0,,,,,100,0,0,0,38,85,OPTOMOTOR,,0.09,0.05,0.02,0.00,0.00,0.00,0.00,,yes,11.3,29,3.121,0,6,0.441,0.326,29,9
184.14,DRY RUN,SCAN,0,,,,,100,0,0,0,39,85,OPTOMOTOR,,0.08,0.07,0.02,0.00,0.00,0.00,0.00,,yes,19.8,29,5.360,0,6,0.484,0.355,29,10
184.19,DRY RUN,SCAN,0,,,,,100,0,0,0,39,85,OPTOMOTOR,,0.06,0.04,0.02,0.00,0.00,0.00,0.00,,yes,19.7,29,3.017,0,4,0.494,0.362,29,10
184.28,DRY RUN,SCAN,0,,,,,100,0,0,0,39,85,OPTOMOTOR,,0.04,0.03,0.02,0.00,0.00,0.00,0.00,,yes,11.3,29,3.083,0,5,0.485,0.356,29,10
184.33,DRY RUN,SCAN,0,,,,,100,0,0,0,37,85,OPTOMOTOR,,0.03,0.03,0.02,0.00,0.00,0.00,0.00,,yes,19.7,29,5.523,0,1,0.378,0.277,29,8
184.38,DRY RUN,SCAN,0,,,,,100,0,0,0,11,85,OPTOMOTOR,,0.04,0.03,0.02,0.00,0.00,0.00,0.00,,yes,19.7,29,3.080,0,8,0.540,0.394,0,11
184.83,DRY RUN,SCAN,0,,,,,100,0,0,0,5,85,OPTOMOTOR,,0.06,0.05,0.02,0.00,0.00,0.00,0.00,,yes,2.2,28,0.001,6,7,0.275,0.627,0,5
185.27,DRY RUN,SCAN,0,,,,,100,0,0,0,5,85,OPTOMOTOR,,0.08,0.06,0.02,0.00,0.00,0.00,0.00,,yes,2.2,29,-0.017,6,8,0.236,0.806,0,5
185.72,DRY RUN,SCAN,0,,,,,100,0,0,0,15,85,CRUISE,,0.11,0.03,0.01,0.00,0.00,0.00,0.00,,,2.3,29,0.005,6,8,0.227,0.907,10,5
185.80,DRY RUN,SCAN,0,,,,,100,0,0,0,20,85,CRUISE,,0.13,0.02,0.01,0.00,0.00,0.00,0.00,,yes,11.2,29,9.308,0,4,0.153,0.715,17,3
185.86,DRY RUN,SCAN,0,,,,,100,0,0,0,24,85,CRUISE,,0.08,0.01,0.01,0.00,0.00,0.00,0.00,,yes,19.6,29,3.183,0,4,0.139,0.522,21,3
185.91,DRY RUN,SCAN,0,,,,,100,0,0,0,27,85,CRUISE,,0.05,0.02,0.01,0.00,0.00,0.00,0.00,,yes,19.7,29,2.237,0,2,0.159,0.360,24,3
185.99,DRY RUN,SCAN,0,,,,,100,0,0,0,32,85,OPTOMOTOR,,0.05,0.02,0.02,0.00,0.00,0.00,0.00,,yes,11.4,29,2.528,0,5,0.307,0.341,26,6
186.05,DRY RUN,SCAN,0,,,,,100,0,0,0,36,85,OPTOMOTOR,,0.05,0.02,0.02,0.00,0.00,0.00,0.00,,yes,19.7,29,4.845,0,6,0.473,0.378,27,9
186.10,DRY RUN,SCAN,0,,,,,100,0,0,0,38,85,OPTOMOTOR,,0.04,0.02,0.02,0.00,0.00,0.00,0.00,,yes,19.8,29,2.863,0,4,0.492,0.375,28,10
186.18,DRY RUN,SCAN,0,,,,,100,0,0,0,36,85,OPTOMOTOR,,0.04,0.01,0.02,0.00,0.00,0.00,0.00,,yes,11.3,29,2.979,0,1,0.351,0.259,29,7
186.24,DRY RUN,SCAN,0,,,,,100,0,0,0,36,85,OPTOMOTOR,,0.04,0.01,0.02,0.00,0.00,0.00,0.00,,yes,19.6,29,5.374,0,5,0.366,0.269,29,7
186.29,DRY RUN,SCAN,0,,,,,100,0,0,0,38,85,OPTOMOTOR,,0.03,0.02,0.02,0.00,0.00,0.00,0.00,,yes,19.9,29,3.084,0,7,0.461,0.342,29,9
186.37,DRY RUN,SCAN,0,,,,,100,0,0,0,38,85,OPTOMOTOR,,0.03,0.02,0.03,0.00,0.00,0.00,0.00,,yes,11.2,29,3.068,0,5,0.467,0.345,29,9
186.42,DRY RUN,SCAN,0,,,,,100,0,0,0,38,85,OPTOMOTOR,,0.04,0.02,0.03,0.00,0.00,0.00,0.00,,yes,19.7,29,5.436,0,6,0.457,0.337,29,9
186.48,DRY RUN,SCAN,0,,,,,100,0,0,0,36,85,OPTOMOTOR,,0.05,0.03,0.03,0.00,0.00,0.00,0.00,,yes,19.8,29,3.057,0,1,0.351,0.252,29,7
186.56,DRY RUN,SCAN,0,,,,,100,0,0,0,36,85,OPTOMOTOR,,0.05,0.03,0.02,0.00,0.00,0.00,0.00,,yes,11.3,29,3.081,0,2,0.351,0.251,29,7
186.61,DRY RUN,SCAN,0,,,,,100,0,0,0,38,85,OPTOMOTOR,,0.05,0.02,0.02,0.00,0.00,0.00,0.00,,yes,19.7,29,5.409,0,4,0.429,0.318,29,9
186.67,DRY RUN,SCAN,0,,,,,100,0,0,0,37,85,OPTOMOTOR,,0.04,0.02,0.02,0.00,0.00,0.00,0.00,,yes,19.7,29,3.079,0,2,0.390,0.289,29,8
186.75,DRY RUN,SCAN,0,,,,,100,0,0,0,38,85,OPTOMOTOR,,0.05,0.02,0.01,0.00,0.00,0.00,0.00,,yes,11.3,29,3.113,0,4,0.439,0.325,29,9
186.81,DRY RUN,SCAN,0,,,,,100,0,0,0,37,85,OPTOMOTOR,,0.05,0.02,0.01,0.00,0.00,0.00,0.00,,yes,19.7,29,5.401,0,4,0.389,0.288,29,8
186.86,DRY RUN,SCAN,0,,,,,100,0,0,0,37,85,OPTOMOTOR,,0.06,0.02,0.01,0.00,0.00,0.00,0.00,,yes,19.8,29,3.088,0,3,0.392,0.291,29,8
186.94,DRY RUN,SCAN,0,,,,,100,0,0,0,38,85,OPTOMOTOR,,0.09,0.02,0.02,0.00,0.00,0.00,0.00,,yes,11.3,29,3.084,0,6,0.455,0.335,29,9
186.99,DRY RUN,SCAN,0,,,,,100,0,0,0,39,85,OPTOMOTOR,,0.10,0.03,0.02,0.00,0.00,0.00,0.00,,yes,19.7,29,5.192,0,6,0.491,0.360,29,10
187.05,DRY RUN,SCAN,0,,,,,100,0,0,0,37,85,OPTOMOTOR,,0.12,0.05,0.02,0.00,0.00,0.00,0.00,,yes,19.8,29,3.107,0,1,0.395,0.293,29,8
187.13,DRY RUN,SCAN,0,,,,,100,0,0,0,36,85,OPTOMOTOR,,0.14,0.06,0.02,0.00,0.00,0.00,0.00,,yes,11.2,29,3.172,0,3,0.351,0.251,29,7
187.19,DRY RUN,SCAN,0,,,,,100,0,0,0,37,85,OPTOMOTOR,,0.16,0.05,0.02,0.00,0.00,0.00,0.00,,yes,19.6,29,5.508,0,7,0.391,0.289,29,8
187.25,DRY RUN,SCAN,0,,,,,100,0,0,0,37,85,OPTOMOTOR,,0.26,0.04,0.02,0.00,0.00,0.00,0.00,,yes,16.3,29,3.785,0,4,0.383,0.282,29,8
187.34,DRY RUN,SCAN,0,,,,,100,0,0,0,37,85,OPTOMOTOR,,0.31,0.03,0.02,0.00,0.00,0.00,0.00,,yes,11.2,29,3.076,0,4,0.394,0.292,29,8
187.39,DRY RUN,SCAN,0,,,,,100,0,0,0,37,85,OPTOMOTOR,,0.31,0.04,0.03,0.00,0.00,0.00,0.00,,yes,19.7,29,5.447,0,5,0.390,0.288,29,8
187.44,DRY RUN,SCAN,0,,,,,100,0,0,0,38,85,OPTOMOTOR,,0.23,0.04,0.02,0.00,0.00,0.00,0.00,,yes,19.8,29,3.073,0,4,0.439,0.324,29,9
187.53,DRY RUN,SCAN,0,,,,,100,0,0,0,38,85,OPTOMOTOR,,0.19,0.04,0.02,0.00,0.00,0.00,0.00,,yes,11.3,29,3.082,0,4,0.468,0.345,29,9
187.58,DRY RUN,SCAN,0,,,,,100,0,0,0,40,85,OPTOMOTOR,,0.17,0.03,0.02,0.00,0.00,0.00,0.00,,yes,19.7,29,5.394,0,5,0.534,0.390,29,11
187.63,DRY RUN,SCAN,0,,,,,100,0,0,0,37,85,OPTOMOTOR,,0.11,0.03,0.01,0.00,0.00,0.00,0.00,,yes,19.8,29,3.102,0,2,0.424,0.315,29,8
187.72,DRY RUN,SCAN,0,,,,,100,0,0,0,38,85,OPTOMOTOR,,0.09,0.03,0.01,0.00,0.00,0.00,0.00,,yes,11.2,29,3.079,0,2,0.426,0.315,29,9
187.77,DRY RUN,SCAN,0,,,,,100,0,0,0,39,85,OPTOMOTOR,,0.08,0.03,0.01,0.00,0.00,0.00,0.00,,yes,19.7,29,5.397,0,4,0.482,0.354,29,10
187.82,DRY RUN,SCAN,0,,,,,100,0,0,0,38,85,OPTOMOTOR,,0.08,0.02,0.02,0.00,0.00,0.00,0.00,,yes,19.7,29,3.096,0,6,0.465,0.342,29,9
187.91,DRY RUN,SCAN,0,,,,,100,0,0,0,37,85,OPTOMOTOR,,0.07,0.02,0.01,0.00,0.00,0.00,0.00,,yes,11.2,29,3.071,0,3,0.413,0.307,29,8
187.96,DRY RUN,SCAN,0,,,,,100,0,0,0,37,85,OPTOMOTOR,,0.05,0.02,0.01,0.00,0.00,0.00,0.00,,yes,19.7,29,5.447,0,4,0.412,0.306,29,8
188.01,DRY RUN,SCAN,0,,,,,100,0,0,0,39,85,OPTOMOTOR,,0.04,0.02,0.01,0.00,0.00,0.00,0.00,,yes,19.5,30,3.088,0,5,0.502,0.368,29,10
188.10,DRY RUN,SCAN,0,,,,,100,0,0,0,39,85,OPTOMOTOR,,0.05,0.03,0.01,0.00,0.00,0.00,0.00,,yes,11.1,29,3.115,0,4,0.483,0.355,29,10
188.15,DRY RUN,SCAN,0,,,,,100,0,0,0,38,85,OPTOMOTOR,,0.05,0.03,0.02,0.00,0.00,0.00,0.00,,yes,19.4,30,5.532,0,4,0.452,0.333,29,9
188.20,DRY RUN,SCAN,0,,,,,100,0,0,0,37,85,OPTOMOTOR,,0.06,0.03,0.01,0.00,0.00,0.00,0.00,,yes,19.6,29,3.130,0,1,0.413,0.307,29,8
188.29,DRY RUN,SCAN,0,,,,,100,0,0,0,9,85,OPTOMOTOR,,0.05,0.03,0.01,0.00,0.00,0.00,0.00,,yes,11.2,29,3.167,0,6,0.468,0.344,0,9
188.74,DRY RUN,SCAN,0,,,,,100,0,0,0,3,85,OPTOMOTOR,,0.04,0.04,0.01,0.00,0.00,0.00,0.00,,yes,2.2,30,-0.028,6,7,0.173,0.585,0,3
189.19,DRY RUN,SCAN,0,,,,,100,0,0,0,3,85,CRUISE,,0.04,0.04,0.02,0.00,0.00,0.00,0.00,,yes,2.2,29,0.130,6,7,0.133,0.749,0,3
189.64,DRY RUN,SCAN,0,,,,,100,0,0,0,14,85,CRUISE,,0.02,0.03,0.01,0.00,0.00,0.00,0.00,,,2.2,30,-0.060,6,8,0.198,0.889,10,4
189.69,DRY RUN,SCAN,0,,,,,100,0,0,0,20,85,CRUISE,,0.01,0.02,0.01,0.00,0.00,0.00,0.00,,yes,19.4,30,9.454,0,6,0.150,0.686,17,3
189.74,DRY RUN,SCAN,0,,,,,100,0,0,0,23,85,CRUISE,,0.01,0.01,0.00,0.00,0.00,0.00,0.00,,yes,19.6,29,1.831,0,1,0.096,0.462,21,2
189.83,DRY RUN,SCAN,0,,,,,100,0,0,0,31,85,OPTOMOTOR,,0.03,0.02,0.01,0.00,0.00,0.00,0.00,,yes,11.1,29,2.266,0,7,0.350,0.479,24,7
189.88,DRY RUN,SCAN,0,,,,,100,0,0,0,33,85,OPTOMOTOR,,0.04,0.03,0.02,0.00,0.00,0.00,0.00,,yes,19.6,30,4.549,0,3,0.369,0.370,26,7
189.93,DRY RUN,SCAN,0,,,,,100,0,0,0,35,85,OPTOMOTOR,,0.04,0.03,0.01,0.00,0.00,0.00,0.00,,yes,19.6,29,2.795,0,3,0.403,0.323,27,8
190.02,DRY RUN,SCAN,0,,,,,100,0,0,0,36,85,OPTOMOTOR,,0.03,0.03,0.01,0.00,0.00,0.00,0.00,,yes,11.1,29,2.900,0,4,0.390,0.301,28,8
190.08,DRY RUN,SCAN,0,,,,,100,0,0,0,35,85,OPTOMOTOR,,0.04,0.03,0.01,0.00,0.00,0.00,0.00,,yes,19.8,30,5.231,0,1,0.323,0.231,29,6
190.13,DRY RUN,SCAN,0,,,,,100,0,0,0,35,85,OPTOMOTOR,,0.08,0.03,0.02,0.00,0.00,0.00,0.00,,yes,19.7,29,3.133,0,2,0.320,0.225,29,6
190.22,DRY RUN,SCAN,0,,,,,100,0,0,0,35,85,OPTOMOTOR,,0.10,0.02,0.02,0.00,0.00,0.00,0.00,,yes,11.2,29,3.046,0,1,0.299,0.203,29,6
190.27,DRY RUN,SCAN,0,,,,,100,0,0,0,36,85,OPTOMOTOR,,0.06,0.02,0.02,0.00,0.00,0.00,0.00,,yes,19.5,29,5.492,0,4,0.331,0.234,29,7
190.32,DRY RUN,SCAN,0,,,,,100,0,0,0,35,85,OPTOMOTOR,,0.04,0.02,0.02,0.00,0.00,0.00,0.00,,yes,19.6,29,3.117,0,4,0.320,0.222,29,6
190.41,DRY RUN,SCAN,0,,,,,100,0,0,0,37,85,OPTOMOTOR,,0.03,0.02,0.02,0.00,0.00,0.00,0.00,,yes,10.7,29,3.118,0,6,0.398,0.297,29,8
190.46,DRY RUN,SCAN,0,,,,,100,0,0,0,37,85,OPTOMOTOR,,0.04,0.02,0.02,0.00,0.00,0.00,0.00,,yes,19.3,30,5.727,0,3,0.398,0.296,29,8
190.51,DRY RUN,SCAN,0,,,,,100,0,0,0,38,85,OPTOMOTOR,,0.05,0.02,0.02,0.00,0.00,0.00,0.00,,yes,19.5,29,3.142,0,5,0.431,0.319,29,9
190.60,DRY RUN,SCAN,0,,,,,100,0,0,0,39,85,OPTOMOTOR,,0.48,0.03,0.02,0.00,0.00,0.00,0.00,,yes,11.1,30,3.110,0,7,0.485,0.356,29,10
190.66,DRY RUN,SCAN,0,,,,,100,0,0,0,39,85,OPTOMOTOR,,0.70,0.03,0.02,0.00,0.00,0.00,0.00,,yes,19.6,29,5.504,0,4,0.515,0.377,29,10
190.71,DRY RUN,SCAN,0,,,,,100,0,0,0,38,85,OPTOMOTOR,,0.80,0.03,0.01,0.00,0.00,0.00,0.00,,yes,19.7,29,3.099,0,3,0.442,0.326,29,9
190.80,DRY RUN,SCAN,0,,,,,100,0,0,0,38,85,OPTOMOTOR,,0.70,0.03,0.01,0.00,0.00,0.00,0.00,,yes,10.9,29,3.066,0,4,0.428,0.317,29,9
190.85,DRY RUN,SCAN,0,,,,,100,0,0,0,37,85,OPTOMOTOR,,0.60,0.03,0.01,0.00,0.00,0.00,0.00,,yes,19.7,29,5.587,0,3,0.380,0.279,29,8
190.90,DRY RUN,SCAN,0,,,,,100,0,0,0,37,85,OPTOMOTOR,,0.35,0.03,0.01,0.00,0.00,0.00,0.00,,yes,19.7,29,3.097,0,4,0.410,0.305,29,8
190.99,DRY RUN,SCAN,0,,,,,100,0,0,0,37,85,OPTOMOTOR,,0.21,0.03,0.01,0.00,0.00,0.00,0.00,,yes,11.2,29,3.073,0,6,0.424,0.314,29,8
191.04,DRY RUN,SCAN,0,,,,,100,0,0,0,36,85,OPTOMOTOR,,0.13,0.02,0.01,0.00,0.00,0.00,0.00,,yes,19.7,29,5.444,0,2,0.343,0.244,29,7
191.09,DRY RUN,SCAN,0,,,,,100,0,0,0,38,85,OPTOMOTOR,,0.09,0.02,0.01,0.00,0.00,0.00,0.00,,yes,19.7,29,3.089,0,5,0.451,0.333,29,9
191.18,DRY RUN,SCAN,0,,,,,100,0,0,0,41,85,OPTOMOTOR,,0.17,0.03,0.01,0.00,0.00,0.00,0.00,,yes,11.3,29,2.583,0,8,0.613,0.440,29,12
191.23,DRY RUN,SCAN,0,,,,,100,0,0,0,37,85,OPTOMOTOR,,0.22,0.04,0.01,0.00,0.00,0.00,0.00,,yes,19.6,29,5.400,0,1,0.417,0.310,29,8
191.28,DRY RUN,SCAN,0,,,,,100,0,0,0,38,85,OPTOMOTOR,,0.19,0.07,0.02,0.00,0.00,0.00,0.00,,yes,19.8,29,2.578,0,3,0.449,0.332,29,9
191.37,DRY RUN,SCAN,0,,,,,100,0,0,0,37,85,OPTOMOTOR,,0.14,0.10,0.03,0.00,0.00,0.00,0.00,,yes,11.2,29,3.064,0,2,0.383,0.282,29,8
191.42,DRY RUN,SCAN,0,,,,,100,0,0,0,39,85,OPTOMOTOR,,0.11,0.12,0.03,0.00,0.00,0.00,0.00,,yes,19.6,29,5.434,0,7,0.517,0.378,29,10
191.47,DRY RUN,SCAN,0,,,,,100,0,0,0,39,85,OPTOMOTOR,,0.10,0.08,0.03,0.00,0.00,0.00,0.00,,yes,19.9,29,3.096,0,4,0.491,0.361,29,10
191.56,DRY RUN,SCAN,0,,,,,100,0,0,0,38,85,OPTOMOTOR,,0.09,0.05,0.02,0.00,0.00,0.00,0.00,,yes,11.3,29,3.073,0,3,0.429,0.317,29,9
191.61,DRY RUN,SCAN,0,,,,,100,0,0,0,37,85,OPTOMOTOR,,0.08,0.04,0.02,0.00,0.00,0.00,0.00,,yes,19.6,29,5.432,0,5,0.407,0.303,29,8
191.66,DRY RUN,SCAN,0,,,,,100,0,0,0,36,85,OPTOMOTOR,,0.07,0.03,0.02,0.00,0.00,0.00,0.00,,yes,19.8,29,3.114,0,1,0.331,0.232,29,7
191.75,DRY RUN,SCAN,0,,,,,100,0,0,0,35,85,OPTOMOTOR,,0.07,0.02,0.02,0.00,0.00,0.00,0.00,,yes,11.3,29,3.070,0,2,0.325,0.226,29,6
191.80,DRY RUN,SCAN,0,,,,,100,0,0,0,37,85,OPTOMOTOR,,0.06,0.02,0.02,0.00,0.00,0.00,0.00,,yes,19.6,29,5.417,0,5,0.416,0.308,29,8
191.85,DRY RUN,SCAN,0,,,,,100,0,0,0,37,85,OPTOMOTOR,,0.04,0.02,0.02,0.00,0.00,0.00,0.00,,yes,19.8,29,3.094,0,4,0.414,0.307,29,8
191.94,DRY RUN,SCAN,0,,,,,100,0,0,0,36,85,OPTOMOTOR,,0.03,0.01,0.02,0.00,0.00,0.00,0.00,,yes,11.3,28,3.062,0,1,0.334,0.235,29,7
191.99,DRY RUN,SCAN,0,,,,,100,0,0,0,38,85,OPTOMOTOR,,0.04,0.01,0.01,0.00,0.00,0.00,0.00,,yes,19.7,29,5.349,0,7,0.457,0.337,29,9
192.04,DRY RUN,SCAN,0,,,,,100,0,0,0,39,85,OPTOMOTOR,,0.05,0.02,0.01,0.00,0.00,0.00,0.00,,yes,19.8,29,3.101,0,7,0.521,0.381,29,10
192.13,DRY RUN,SCAN,0,,,,,100,0,0,0,40,85,OPTOMOTOR,,0.23,0.01,0.02,0.00,0.00,0.00,0.00,,yes,11.3,29,3.068,0,6,0.549,0.400,29,11
192.18,DRY RUN,SCAN,0,,,,,100,0,0,0,8,85,OPTOMOTOR,,0.32,0.02,0.02,0.00,0.00,0.00,0.00,,yes,19.6,29,5.417,0,2,0.379,0.278,0,8
192.64,DRY RUN,SCAN,0,,,,,100,0,0,0,3,85,OPTOMOTOR,,0.25,0.02,0.01,0.00,0.00,0.00,0.00,,yes,2.2,29,0.053,6,8,0.125,0.523,0,3
193.08,DRY RUN,SCAN,0,,,,,100,0,0,0,2,85,CRUISE,,0.16,0.02,0.01,0.00,0.00,0.00,0.00,,yes,2.3,29,0.094,6,8,0.124,0.733,0,2
193.53,DRY RUN,SCAN,0,,,,,100,0,0,0,11,85,CRUISE,,0.11,0.03,0.01,0.00,0.00,0.00,0.00,,,2.3,29,-0.323,6,8,0.069,0.823,10,1
193.58,DRY RUN,SCAN,0,,,,,100,0,0,0,20,85,CRUISE,,0.07,0.04,0.01,0.00,0.00,0.00,0.00,,yes,19.5,30,9.333,0,4,0.126,0.639,17,3
193.67,DRY RUN,SCAN,0,,,,,100,0,0,0,29,85,OPTOMOTOR,,0.05,0.05,0.01,0.00,0.00,0.00,0.00,,yes,11.1,29,1.829,0,7,0.395,0.593,21,8
193.72,DRY RUN,SCAN,0,,,,,100,0,0,0,32,85,OPTOMOTOR,,0.03,0.06,0.01,0.00,0.00,0.00,0.00,,yes,19.8,29,4.040,0,5,0.423,0.501,24,8
193.77,DRY RUN,SCAN,0,,,,,100,0,0,0,37,85,OPTOMOTOR,,0.03,0.04,0.02,0.00,0.00,0.00,0.00,,yes,19.8,29,2.555,0,5,0.530,0.463,26,11
193.86,DRY RUN,SCAN,0,,,,,100,0,0,0,36,84,OPTOMOTOR,,0.02,0.03,0.02,0.00,0.00,0.00,0.00,,yes,11.3,29,2.786,0,4,0.448,0.351,27,9
193.91,DRY RUN,SCAN,0,,,,,100,0,0,0,38,84,OPTOMOTOR,,0.02,0.03,0.02,0.00,0.00,0.00,0.00,,yes,19.7,29,5.007,0,6,0.487,0.369,28,10
193.96,DRY RUN,SCAN,0,,,,,100,0,0,0,39,84,OPTOMOTOR,,0.02,0.02,0.02,0.00,0.00,0.00,0.00,,yes,19.8,29,2.999,0,4,0.517,0.384,29,10
194.05,DRY RUN,SCAN,0,,,,,100,0,0,0,38,84,OPTOMOTOR,,0.03,0.01,0.02,0.00,0.00,0.00,0.00,,yes,11.2,29,3.082,0,2,0.436,0.326,29,9
194.10,DRY RUN,SCAN,0,,,,,100,0,0,0,37,84,OPTOMOTOR,,0.05,0.01,0.02,0.00,0.00,0.00,0.00,,yes,19.6,29,5.425,0,2,0.378,0.279,29,8
194.15,DRY RUN,SCAN,0,,,,,100,0,0,0,37,84,OPTOMOTOR,,0.08,0.02,0.02,0.00,0.00,0.00,0.00,,yes,19.8,29,3.088,0,4,0.408,0.305,29,8
194.24,DRY RUN,SCAN,0,,,,,100,0,0,0,39,84,OPTOMOTOR,,0.14,0.01,0.02,0.00,0.00,0.00,0.00,,yes,11.3,28,3.071,0,6,0.486,0.357,29,10
194.29,DRY RUN,SCAN,0,,,,,100,0,0,0,36,84,OPTOMOTOR,,0.17,0.01,0.02,0.00,0.00,0.00,0.00,,yes,19.9,29,5.403,0,1,0.348,0.249,29,7
194.34,DRY RUN,SCAN,0,,,,,100,0,0,0,35,84,OPTOMOTOR,,0.20,0.02,0.02,0.00,0.00,0.00,0.00,,yes,19.8,29,3.041,0,2,0.319,0.221,29,6
194.43,DRY RUN,SCAN,0,,,,,100,0,0,0,36,84,OPTOMOTOR,,0.32,0.02,0.02,0.00,0.00,0.00,0.00,,yes,11.3,28,3.062,0,2,0.333,0.234,29,7
194.48,DRY RUN,SCAN,0,,,,,100,0,0,0,35,84,OPTOMOTOR,,0.38,0.02,0.02,0.00,0.00,0.00,0.00,,yes,19.7,29,5.396,0,1,0.321,0.222,29,6
194.53,DRY RUN,SCAN,0,,,,,100,0,0,0,37,84,OPTOMOTOR,,0.30,0.02,0.02,0.00,0.00,0.00,0.00,,yes,19.8,29,3.086,0,5,0.379,0.278,29,8
194.62,DRY RUN,SCAN,0,,,,,100,0,0,0,38,84,OPTOMOTOR,,0.24,0.03,0.02,0.00,0.00,0.00,0.00,,yes,11.3,28,3.096,0,5,0.437,0.323,29,9
194.67,DRY RUN,SCAN,0,,,,,100,0,0,0,39,84,OPTOMOTOR,,0.17,0.04,0.02,0.00,0.00,0.00,0.00,,yes,19.6,29,5.374,0,5,0.516,0.377,29,10
194.72,DRY RUN,SCAN,0,,,,,100,0,0,0,38,84,OPTOMOTOR,,0.14,0.03,0.02,0.00,0.00,0.00,0.00,,yes,19.8,29,3.100,0,4,0.449,0.332,29,9
194.81,DRY RUN,SCAN,0,,,,,100,0,0,0,40,84,OPTOMOTOR,,0.10,0.03,0.02,0.00,0.00,0.00,0.00,,yes,11.3,28,3.078,0,8,0.565,0.411,29,11
194.86,DRY RUN,SCAN,0,,,,,100,0,0,0,37,84,OPTOMOTOR,,0.08,0.03,0.02,0.00,0.00,0.00,0.00,,yes,19.7,29,5.557,0,2,0.400,0.298,29,8
194.91,DRY RUN,SCAN,0,,,,,100,0,0,0,39,84,OPTOMOTOR,,0.10,0.02,0.02,0.00,0.00,0.00,0.00,,yes,20.0,29,3.160,0,6,0.523,0.382,29,10
195.00,DRY RUN,SCAN,0,,,,,100,0,0,0,38,84,OPTOMOTOR,,0.73,0.02,0.02,0.00,0.00,0.00,0.00,,yes,11.2,29,3.075,0,1,0.474,0.349,29,9
195.05,DRY RUN,SCAN,0,,,,,100,0,0,0,38,84,OPTOMOTOR,,1.05,0.02,0.01,0.00,0.00,0.13,0.00,,yes,19.6,29,5.820,0,4,0.447,0.330,29,9
195.10,DRY RUN,SCAN,0,,,,,100,0,0,0,37,84,OPTOMOTOR,,0.79,0.03,0.01,0.00,0.00,0.00,0.00,,yes,19.9,29,3.125,0,3,0.387,0.286,29,8
195.19,DRY RUN,SCAN,0,,,,,100,0,0,0,39,84,OPTOMOTOR,,0.45,0.03,0.02,0.00,0.00,0.00,0.00,,yes,10.8,29,3.320,0,7,0.499,0.366,29,10
195.24,DRY RUN,SCAN,0,,,,,100,0,0,0,38,84,OPTOMOTOR,,0.26,0.03,0.02,0.00,0.00,0.00,0.00,,yes,19.8,30,5.843,0,2,0.426,0.316,29,9
195.29,DRY RUN,SCAN,0,,,,,100,0,0,0,36,84,OPTOMOTOR,,0.16,0.04,0.02,0.00,0.00,0.00,0.00,,yes,19.7,29,3.192,0,2,0.329,0.230,29,7
195.38,DRY RUN,SCAN,0,,,,,100,0,0,0,38,84,OPTOMOTOR,,0.14,0.04,0.01,0.00,0.00,0.00,0.00,,yes,11.2,29,3.288,0,7,0.474,0.349,29,9
195.43,DRY RUN,SCAN,0,,,,,100,0,0,0,37,84,OPTOMOTOR,,0.26,0.04,0.02,0.00,0.00,0.00,0.00,,yes,19.6,29,5.535,0,3,0.384,0.282,29,8
195.48,DRY RUN,SCAN,0,,,,,100,0,0,0,35,84,OPTOMOTOR,,0.33,0.05,0.02,0.00,0.00,0.00,0.00,,yes,19.5,29,2.990,0,1,0.304,0.206,29,6
195.57,DRY RUN,SCAN,0,,,,,100,0,0,0,36,84,OPTOMOTOR,,0.36,0.04,0.02,0.00,0.00,0.00,0.00,,yes,11.2,29,3.021,0,6,0.360,0.259,29,7
195.62,DRY RUN,SCAN,0,,,,,100,0,0,0,36,84,OPTOMOTOR,,0.54,0.04,0.02,0.00,0.00,0.00,0.00,,yes,19.7,29,5.353,0,5,0.371,0.270,29,7
195.68,DRY RUN,SCAN,0,,,,,100,0,0,0,36,84,OPTOMOTOR,,0.86,0.04,0.03,0.00,0.00,0.03,0.00,,yes,19.4,30,3.013,0,1,0.342,0.242,29,7
195.77,DRY RUN,SCAN,0,,,,,100,0,0,0,36,84,OPTOMOTOR,,0.97,0.04,0.03,0.00,0.00,0.08,0.00,,yes,11.1,29,3.096,0,4,0.326,0.227,29,7
195.82,DRY RUN,SCAN,0,,,,,100,0,0,0,38,84,OPTOMOTOR,,1.04,0.04,0.03,0.00,0.00,0.12,0.00,,yes,19.4,29,5.472,0,6,0.444,0.328,29,9
195.87,DRY RUN,SCAN,0,,,,,100,0,0,0,36,84,OPTOMOTOR,,1.07,0.04,0.03,0.00,0.00,0.14,0.00,,yes,19.5,29,3.067,0,3,0.371,0.270,29,7
195.96,DRY RUN,SCAN,0,,,,,100,0,0,0,38,84,OPTOMOTOR,,1.09,0.03,0.03,0.00,0.00,0.15,0.00,,yes,11.0,29,3.046,0,6,0.438,0.324,29,9
196.01,DRY RUN,SCAN,0,,,,,100,0,0,0,40,84,OPTOMOTOR,,1.08,0.03,0.02,0.00,0.00,0.14,0.00,,yes,19.3,30,5.510,0,6,0.565,0.411,29,11
196.06,DRY RUN,SCAN,0,,,,,100,0,0,0,11,84,OPTOMOTOR,,0.83,0.02,0.02,0.00,0.00,0.02,0.00,,yes,19.5,30,3.144,0,6,0.532,0.389,0,11
196.51,DRY RUN,SCAN,0,,,,,100,0,0,0,3,84,OPTOMOTOR,,0.71,0.02,0.02,0.00,0.00,0.00,0.00,,yes,2.2,29,-0.503,6,6,0.160,0.576,0,3
196.96,DRY RUN,SCAN,0,,,,,100,0,0,0,2,84,CRUISE,,0.65,0.02,0.01,0.00,0.00,0.00,0.00,,yes,2.2,30,-0.657,5,5,0.083,0.701,0,2
197.41,DRY RUN,SCAN,0,,,,,100,0,0,0,12,84,CRUISE,,0.48,0.02,0.02,0.00,0.00,0.00,0.00,,,2.2,30,-0.072,5,7,0.082,0.809,10,2
197.51,DRY RUN,SCAN,0,,,,,100,0,0,0,17,84,CRUISE,,0.32,0.02,0.01,0.00,0.00,0.00,0.00,,yes,10.7,30,9.875,0,2,0.019,0.637,17,0
197.56,DRY RUN,SCAN,0,,,,,100,0,0,0,24,84,CRUISE,,0.23,0.03,0.02,0.00,0.00,0.00,0.00,,yes,19.5,30,3.331,0,3,0.147,0.516,21,3
197.61,DRY RUN,SCAN,0,,,,,100,0,0,0,30,84,OPTOMOTOR,,0.73,0.03,0.02,0.00,0.00,0.00,0.00,,yes,19.7,29,2.246,0,5,0.281,0.443,24,6
197.70,DRY RUN,SCAN,0,,,,,100,0,0,0,31,84,OPTOMOTOR,,0.98,0.03,0.02,0.00,0.00,0.09,0.00,,yes,11.2,29,2.565,0,2,0.273,0.301,26,5
197.75,DRY RUN,SCAN,0,,,,,100,0,0,0,35,84,OPTOMOTOR,,0.67,0.03,0.02,0.00,0.00,0.00,0.00,,yes,19.6,29,4.970,0,4,0.410,0.332,27,8
197.80,DRY RUN,SCAN,0,,,,,100,0,0,0,38,84,OPTOMOTOR,,0.44,0.03,0.01,0.00,0.00,0.00,0.00,,yes,19.8,29,2.894,0,8,0.503,0.382,28,10
197.89,DRY RUN,SCAN,0,,,,,100,0,0,0,39,84,OPTOMOTOR,,0.32,0.03,0.01,0.00,0.00,0.00,0.00,,yes,11.3,29,2.988,0,4,0.484,0.363,29,10
197.94,DRY RUN,SCAN,0,,,,,100,0,0,0,37,84,OPTOMOTOR,,0.29,0.03,0.01,0.00,0.00,0.00,0.00,,yes,19.7,29,5.374,0,2,0.397,0.300,29,8
197.99,DRY RUN,SCAN,0,,,,,100,0,0,0,40,84,OPTOMOTOR,,0.30,0.03,0.01,0.00,0.00,0.00,0.00,,yes,19.7,30,3.055,0,8,0.535,0.393,29,11
198.08,DRY RUN,SCAN,0,,,,,100,0,0,0,38,84,OPTOMOTOR,,0.42,0.02,0.02,0.00,0.00,0.00,0.00,,yes,11.1,29,3.092,0,1,0.439,0.326,29,9
198.13,DRY RUN,SCAN,0,,,,,100,0,0,0,36,84,OPTOMOTOR,,0.54,0.02,0.02,0.00,0.00,0.00,0.00,,yes,19.5,29,5.416,0,1,0.374,0.274,29,7
198.18,DRY RUN,SCAN,0,,,,,100,0,0,0,38,84,OPTOMOTOR,,0.69,0.02,0.03,0.00,0.00,0.00,0.00,,yes,19.6,29,3.109,0,6,0.461,0.340,29,9
198.28,DRY RUN,SCAN,0,,,,,100,0,0,0,40,84,OPTOMOTOR,,0.77,0.14,0.02,0.00,0.00,0.00,0.00,,yes,9.9,29,4.094,0,6,0.536,0.392,29,11
198.33,DRY RUN,SCAN,0,,,,,100,0,0,0,37,84,OPTOMOTOR,,0.67,0.31,0.02,0.00,0.00,0.00,0.00,,yes,19.5,29,5.602,0,3,0.394,0.292,29,8
198.39,DRY RUN,SCAN,0,,,,,100,0,0,0,38,84,OPTOMOTOR,,0.63,0.40,0.02,0.00,0.00,0.00,0.00,,yes,19.6,29,3.259,0,5,0.428,0.317,29,9
198.48,DRY RUN,SCAN,0,,,,,100,0,0,0,36,84,OPTOMOTOR,,0.87,0.44,0.02,0.00,0.00,0.03,0.00,,yes,11.1,29,3.003,0,1,0.370,0.269,29,7
198.53,DRY RUN,SCAN,0,,,,,100,0,0,0,37,84,OPTOMOTOR,,1.26,0.49,0.05,0.00,0.00,0.23,0.00,,yes,19.5,29,5.725,0,4,0.423,0.313,29,8
198.58,DRY RUN,SCAN,0,,,,,100,0,0,0,35,84,OPTOMOTOR,,1.45,0.80,0.13,0.15,0.00,0.33,0.00,,yes,17.7,35,3.770,0,3,0.363,0.262,29,6
198.68,DRY RUN,SCAN,0,,,,,100,0,0,0,36,84,OPTOMOTOR,,0.77,1.17,0.94,0.08,0.00,0.18,0.18,,yes,10.8,30,3.826,0,1,0.368,0.267,29,7
198.73,DRY RUN,SCAN,0,,,,,100,0,0,0,34,84,OPTOMOTOR,,0.41,1.35,1.35,0.30,0.00,0.28,0.28,,yes,19.1,30,5.860,0,5,0.390,0.288,29,5
198.78,DRY RUN,SCAN,0,,,,,100,0,0,0,35,84,OPTOMOTOR,,0.22,0.86,0.68,0.22,0.00,0.03,0.03,,yes,19.5,30,3.329,0,2,0.388,0.286,29,6
198.87,DRY RUN,SCAN,0,,,,,100,0,0,0,37,84,OPTOMOTOR,,0.12,0.48,0.34,0.12,0.00,0.00,0.00,,yes,11.2,29,3.146,0,3,0.430,0.318,29,8
198.92,DRY RUN,SCAN,0,,,,,100,0,0,0,37,84,OPTOMOTOR,,0.08,0.25,0.21,0.07,0.00,0.00,0.00,,yes,19.4,29,5.426,0,3,0.436,0.322,29,8
198.97,DRY RUN,SCAN,0,,,,,100,0,0,0,37,84,OPTOMOTOR,,0.05,0.13,0.19,0.04,0.00,0.00,0.00,,yes,19.8,29,3.082,0,6,0.439,0.324,29,8
199.06,DRY RUN,SCAN,0,,,,,100,0,0,0,37,84,OPTOMOTOR,,0.04,0.08,0.18,0.02,0.00,0.00,0.00,,yes,11.3,29,3.102,0,5,0.394,0.292,29,8
199.11,DRY RUN,SCAN,0,,,,,100,0,0,0,38,84,OPTOMOTOR,,0.03,0.06,0.13,0.01,0.00,0.00,0.00,,yes,19.6,29,5.354,0,6,0.435,0.322,29,9
199.16,DRY RUN,SCAN,0,,,,,100,0,0,0,37,84,OPTOMOTOR,,0.03,0.06,0.10,0.01,0.00,0.00,0.00,,yes,19.5,29,3.042,0,3,0.418,0.310,29,8
199.25,DRY RUN,SCAN,0,,,,,100,0,0,0,39,84,OPTOMOTOR,,0.03,0.06,0.09,0.00,0.00,0.00,0.00,,yes,11.0,29,2.999,0,5,0.484,0.356,29,10
199.30,DRY RUN,SCAN,0,,,,,100,0,0,0,40,84,OPTOMOTOR,,0.02,0.08,0.14,0.00,0.00,0.00,0.00,,yes,19.4,29,5.670,0,6,0.549,0.400,29,11
199.35,DRY RUN,SCAN,0,,,,,100,0,0,0,39,84,OPTOMOTOR,,0.01,0.14,0.27,0.00,1.31,0.00,0.00,,yes,19.6,29,3.868,0,6,0.524,0.383,29,10
199.44,DRY RUN,SCAN,0,,,,,100,0,0,0,39,84,OPTOMOTOR,,0.06,0.21,0.35,0.00,0.92,0.00,0.00,,yes,11.1,29,4.284,0,7,0.495,0.363,29,10
199.50,DRY RUN,SCAN,0,,,,,100,0,0,0,38,84,OPTOMOTOR,,0.08,0.52,0.58,0.00,1.31,0.00,0.00,,yes,19.4,30,7.441,0,3,0.472,0.347,29,9
199.55,DRY RUN,SCAN,0,,,,,100,0,0,0,37,84,OPTOMOTOR,,0.14,1.44,0.70,0.00,0.92,0.00,0.00,,yes,19.5,29,2.155,0,1,0.425,0.315,29,8
199.64,DRY RUN,SCAN,0,,,,,100,0,0,0,38,84,OPTOMOTOR,,0.59,1.90,0.75,0.00,0.64,0.23,0.23,,yes,10.8,29,3.454,0,3,0.474,0.349,29,9
199.69,DRY RUN,SCAN,0,,,,,100,0,0,0,37,84,OPTOMOTOR,,0.86,1.14,0.74,0.00,0.45,0.00,0.00,,yes,19.4,29,6.763,0,3,0.399,0.296,29,8
199.74,DRY RUN,SCAN,0,,,,,100,0,0,0,36,84,OPTOMOTOR,,1.38,0.76,0.92,0.00,0.31,0.13,0.00,,yes,19.5,30,2.955,0,4,0.373,0.272,29,7
199.83,DRY RUN,SCAN,0,,,,,100,0,0,0,37,84,OPTOMOTOR,,1.25,0.56,1.32,0.00,0.22,0.11,0.15,,yes,11.1,29,3.192,0,5,0.393,0.291,29,8
199.88,DRY RUN,SCAN,0,,,,,100,0,0,0,35,84,OPTOMOTOR,,0.85,0.44,1.52,0.15,0.15,0.00,0.28,,yes,19.3,30,5.629,0,1,0.355,0.254,29,6
199.94,DRY RUN,SCAN,0,,,,,100,0,0,0,6,84,OPTOMOTOR,,0.65,0.37,0.81,0.11,0.11,0.00,0.00,,yes,19.5,29,2.889,0,4,0.363,0.262,0,6
200.38,DRY RUN,SCAN,0,,,,,100,0,0,0,2,84,OPTOMOTOR,,0.69,0.57,0.46,0.06,0.08,0.00,0.00,,yes,2.2,30,-0.027,6,8,0.115,0.572,0,2
200.83,DRY RUN,SCAN,0,,,,,100,0,0,0,3,84,CRUISE,,0.72,0.67,0.28,0.04,0.05,0.00,0.00,,yes,2.2,30,0.929,3,7,0.157,0.684,0,3
201.29,DRY RUN,SCAN,0,,,,,100,0,0,0,12,84,CRUISE,,0.45,0.45,0.23,0.02,0.04,0.00,0.00,,,2.2,30,-0.282,6,7,0.098,0.819,10,2
201.38,DRY RUN,SCAN,0,,,,,100,0,0,0,19,84,CRUISE,,0.29,0.24,0.20,0.01,0.03,0.00,0.00,,yes,11.2,29,9.771,0,5,0.084,0.656,17,2
201.43,DRY RUN,SCAN,0,,,,,100,0,0,0,24,84,CRUISE,,0.20,0.13,0.19,0.01,0.02,0.00,0.00,,yes,19.4,29,3.218,0,5,0.144,0.493,21,3
201.48,DRY RUN,SCAN,0,,,,,100,0,0,0,30,84,OPTOMOTOR,,0.13,0.19,0.20,0.00,0.01,0.00,0.00,,yes,19.7,29,2.336,0,5,0.301,0.444,24,6
201.60,DRY RUN,SCAN,0,,,,,100,0,0,0,34,84,OPTOMOTOR,,0.10,0.22,0.20,0.00,0.01,0.00,0.00,,yes,8.6,41,2.549,0,2,0.376,0.374,26,8
201.67,DRY RUN,SCAN,0,,,,,100,0,0,0,36,84,OPTOMOTOR,,0.08,0.21,0.20,0.00,0.01,0.00,0.00,,yes,14.3,48,6.282,0,2,0.441,0.349,27,9
201.72,DRY RUN,SCAN,0,,,,,100,0,0,0,38,84,OPTOMOTOR,,0.08,0.21,0.51,0.00,0.00,0.00,0.00,,yes,19.1,30,4.200,0,5,0.477,0.363,28,10
201.81,DRY RUN,SCAN,0,,,,,100,0,0,0,35,84,OPTOMOTOR,,0.11,0.16,1.54,0.26,0.00,0.00,0.37,,yes,10.9,30,3.086,0,4,0.406,0.309,29,6
201.87,DRY RUN,SCAN,0,,,,,100,0,0,0,33,84,AVOID_LEFT,,0.16,0.12,2.05,0.56,0.00,0.00,0.63,,yes,17.2,36,5.486,0,4,0.408,0.308,29,4
201.92,DRY RUN,SCAN,0,,,,,100,0,0,0,33,84,AVOID_LEFT,,0.21,0.10,1.54,0.57,0.00,0.00,0.37,,yes,18.5,31,3.556,0,6,0.465,0.345,29,4
202.02,DRY RUN,SCAN,0,,,,,100,0,0,0,33,84,AVOID_LEFT,,0.23,0.19,1.28,0.47,0.00,0.00,0.24,,yes,10.7,31,3.198,0,1,0.385,0.285,29,4
202.07,DRY RUN,SCAN,0,,,,,100,0,0,0,34,84,AVOID_LEFT,,0.24,0.23,1.22,0.41,0.00,0.00,0.21,,yes,18.0,33,6.348,0,6,0.407,0.303,29,5
202.12,DRY RUN,SCAN,0,,,,,100,0,0,0,35,84,AVOID_LEFT,,0.25,0.25,1.19,0.23,0.00,0.00,0.19,,yes,19.4,30,3.438,0,3,0.402,0.299,29,6
202.22,DRY RUN,SCAN,0,,,,,100,0,0,0,36,84,AVOID_LEFT,,0.24,0.21,0.95,0.13,0.00,0.00,0.07,,yes,10.8,31,2.867,0,6,0.420,0.312,29,7
202.27,DRY RUN,SCAN,0,,,,,100,0,0,0,36,84,AVOID_LEFT,,0.21,0.13,0.78,0.07,0.00,0.00,0.00,,yes,19.5,30,5.625,0,3,0.392,0.290,29,7
202.32,DRY RUN,SCAN,0,,,,,100,0,0,0,37,84,OPTOMOTOR,,0.17,0.09,0.58,0.04,0.00,0.00,0.00,,yes,19.6,29,3.149,0,3,0.394,0.292,29,8
202.42,DRY RUN,SCAN,0,,,,,100,0,0,0,37,84,OPTOMOTOR,,0.12,0.07,0.46,0.02,0.00,0.00,0.00,,yes,9.6,41,3.067,0,3,0.414,0.307,29,8
202.48,DRY RUN,SCAN,0,,,,,100,0,0,0,38,84,OPTOMOTOR,,0.09,0.06,0.28,0.01,0.00,0.00,0.00,,yes,19.3,30,6.387,0,4,0.454,0.335,29,9
202.53,DRY RUN,SCAN,0,,,,,100,0,0,0,37,84,OPTOMOTOR,,0.09,0.06,0.19,0.01,0.00,0.00,0.00,,yes,19.5,30,3.043,0,4,0.395,0.293,29,8
202.62,DRY RUN,SCAN,0,,,,,100,0,0,0,39,84,OPTOMOTOR,,0.17,0.08,0.17,0.00,0.00,0.00,0.00,,yes,11.1,30,2.807,0,8,0.512,0.375,29,10
202.67,DRY RUN,SCAN,0,,,,,100,0,0,0,38,84,OPTOMOTOR,,0.20,0.09,0.45,0.00,0.00,0.00,0.00,,yes,19.5,29,5.258,0,5,0.475,0.349,29,9
202.72,DRY RUN,SCAN,0,,,,,100,0,0,0,37,84,OPTOMOTOR,,0.21,0.10,0.59,0.00,0.00,0.00,0.00,,yes,19.8,29,3.013,0,4,0.405,0.301,29,8
202.81,DRY RUN,SCAN,0,,,,,100,0,0,0,36,84,OPTOMOTOR,,0.19,0.14,0.45,0.00,0.00,0.00,0.00,,yes,10.6,29,3.095,0,3,0.356,0.255,29,7
202.87,DRY RUN,SCAN,0,,,,,100,0,0,0,36,84,OPTOMOTOR,,0.17,0.16,0.38,0.00,0.00,0.00,0.00,,yes,18.6,31,5.762,0,3,0.374,0.272,29,7
202.92,DRY RUN,SCAN,0,,,,,100,0,0,0,39,84,OPTOMOTOR,,0.17,0.18,0.36,0.00,0.00,0.00,0.00,,yes,19.2,30,3.520,0,6,0.502,0.368,29,10
203.01,DRY RUN,SCAN,0,,,,,100,0,0,0,41,84,OPTOMOTOR,,0.34,0.24,0.61,0.00,0.00,0.00,0.00,,yes,10.8,30,3.430,0,6,0.580,0.422,29,12
203.06,DRY RUN,SCAN,0,,,,,100,0,0,0,41,84,OPTOMOTOR,,0.43,0.27,0.78,0.00,0.00,0.00,0.00,,yes,19.3,30,6.397,0,5,0.576,0.418,29,12
203.12,DRY RUN,SCAN,0,,,,,100,0,0,0,38,84,OPTOMOTOR,,0.42,0.22,0.87,0.00,0.00,0.00,0.04,,yes,19.3,30,2.953,0,3,0.434,0.321,29,9
203.21,DRY RUN,SCAN,0,,,,,100,0,0,0,36,84,OPTOMOTOR,,0.33,0.17,0.71,0.00,0.00,0.00,0.00,,yes,10.9,30,3.086,0,1,0.357,0.257,29,7
203.26,DRY RUN,SCAN,0,,,,,100,0,0,0,35,84,OPTOMOTOR,,0.28,0.11,0.48,0.00,0.00,0.00,0.00,,yes,19.4,30,5.801,0,2,0.325,0.226,29,6
203.31,DRY RUN,SCAN,0,,,,,100,0,0,0,39,84,OPTOMOTOR,,0.18,0.07,0.26,0.00,0.00,0.00,0.00,,yes,19.5,30,2.985,0,7,0.492,0.361,29,10
203.40,DRY RUN,SCAN,0,,,,,100,0,0,0,38,84,OPTOMOTOR,,0.12,0.05,0.15,0.00,0.00,0.00,0.00,,yes,10.7,29,3.126,0,4,0.456,0.337,29,9
203.47,DRY RUN,SCAN,0,,,,,100,0,0,0,37,84,OPTOMOTOR,,0.13,0.05,0.11,0.00,0.00,0.00,0.00,,yes,15.6,43,5.466,0,2,0.386,0.285,29,8
203.54,DRY RUN,SCAN,0,,,,,100,0,0,0,39,84,OPTOMOTOR,,0.15,0.05,0.11,0.00,0.00,0.00,0.00,,yes,14.6,43,3.922,0,7,0.519,0.380,29,10
203.63,DRY RUN,SCAN,0,,,,,100,0,0,0,39,84,OPTOMOTOR,,0.17,0.06,0.13,0.00,0.00,0.00,0.00,,yes,11.0,30,3.925,0,5,0.500,0.366,29,10
