time_s,mode,state,bananas_seen,label,det_conf,cls_conf,size_pct,hunger,lr,fb,ud,yaw,battery,brain,escape_dir,loom_l,loom_c,loom_r,escape_level,wobble_floor,loom_in_l,loom_in_r,hand,self_moving,fps,brain_ms,dng02_rotation,dng02_l,dng02_r,dng02_steer,dng02_thrust,intended_yaw,dng02_yaw
12.61,FLYING,SCAN,0,,,,,100,0,0,0,10,86,ARMING,,0.00,0.00,0.00,0.00,0.00,0.00,0.00,,,0.0,0,0.000,0,0,0.000,0.000,10,0
12.77,FLYING,SCAN,0,,,,,100,0,0,0,17,86,ARMING,,0.91,0.07,0.14,0.00,0.00,0.00,0.00,,,6.1,0,0.745,0,0,0.000,0.000,17,0
12.80,FLYING,SCAN,0,,,,,100,0,0,0,21,86,ARMING,,2.25,0.16,0.35,0.00,0.00,0.00,0.00,,,40.4,0,0.595,0,0,0.000,0.000,21,0
12.82,FLYING,SCAN,0,,,,,100,0,0,0,24,86,ARMING,,2.41,0.15,0.31,0.00,0.00,0.00,0.00,,,38.6,0,0.160,0,0,0.000,0.000,24,0
12.88,FLYING,SCAN,0,,,,,100,0,0,0,26,86,ARMING,,2.49,0.14,0.22,0.00,0.00,0.00,0.00,,,17.9,0,2.376,0,0,0.000,0.000,26,0
12.91,FLYING,SCAN,0,,,,,100,0,0,0,27,86,ARMING,,2.08,0.14,0.18,0.00,0.00,0.00,0.00,,,29.3,0,1.478,0,0,0.000,0.000,27,0
12.95,FLYING,SCAN,0,,,,,100,0,0,0,28,86,ARMING,,1.86,0.12,0.15,0.00,0.00,0.00,0.00,,,29.4,0,1.555,0,0,0.000,0.000,28,0
12.97,FLYING,SCAN,0,,,,,100,0,0,0,29,86,ARMING,,1.76,0.13,0.17,0.00,0.00,0.00,0.00,,,44.3,0,0.989,0,0,0.000,0.000,29,0
13.00,FLYING,SCAN,0,,,,,100,0,0,0,29,86,ARMING,,1.70,0.16,0.38,0.00,0.00,0.00,0.00,,,29.5,0,1.717,0,0,0.000,0.000,29,0
13.04,FLYING,SCAN,0,,,,,100,0,0,0,29,86,ARMING,,1.87,0.18,0.48,0.00,0.00,0.00,0.00,,,29.4,0,1.778,0,0,0.000,0.000,29,0
13.08,FLYING,SCAN,0,,,,,100,0,0,0,29,86,ARMING,,1.68,0.16,0.33,0.00,0.00,0.00,0.00,,,24.8,0,2.183,0,0,0.000,0.000,29,0
13.11,FLYING,SCAN,0,,,,,100,0,0,0,29,86,ARMING,,1.62,0.11,0.21,0.00,0.00,0.00,0.00,,,29.2,0,1.918,0,0,0.000,0.000,29,0
13.16,FLYING,SCAN,0,,,,,100,0,0,0,29,86,ARMING,,1.55,0.07,0.13,0.00,0.00,0.00,0.00,,,22.4,0,2.510,0,0,0.000,0.000,29,0
13.18,FLYING,SCAN,0,,,,,100,0,0,0,29,86,ARMING,,1.56,0.04,0.10,0.00,0.00,0.00,0.00,,,43.9,0,1.209,0,0,0.000,0.000,29,0
13.21,FLYING,SCAN,0,,,,,100,0,0,0,29,86,ARMING,,1.32,0.06,0.08,0.00,0.00,0.00,0.00,,,31.3,0,1.840,0,0,0.000,0.000,29,0
13.25,FLYING,SCAN,0,,,,,100,0,0,0,29,86,ARMING,,1.03,0.07,0.06,0.00,0.00,0.00,0.00,,,27.5,0,2.016,0,0,0.000,0.000,29,0
13.28,FLYING,SCAN,0,,,,,100,0,0,0,29,86,ARMING,,0.88,0.07,0.05,0.00,0.00,0.00,0.00,,,30.7,0,1.954,0,0,0.000,0.000,29,0
13.30,FLYING,SCAN,0,,,,,100,0,0,0,29,86,ARMING,,1.14,0.07,0.07,0.00,0.00,0.00,0.00,,,43.7,0,1.287,0,0,0.000,0.000,29,0
13.33,FLYING,SCAN,0,,,,,100,0,0,0,29,86,ARMING,,1.26,0.07,0.08,0.00,0.00,0.00,0.00,,,30.6,0,1.984,0,0,0.000,0.000,29,0
13.37,FLYING,SCAN,0,,,,,100,0,0,0,29,86,ARMING,,1.28,0.06,0.08,0.00,0.00,0.00,0.00,,,29.3,0,1.967,0,0,0.000,0.000,29,0
13.40,FLYING,SCAN,0,,,,,100,0,0,0,29,86,ARMING,,1.14,0.06,0.07,0.00,0.00,0.00,0.00,,,30.2,0,2.074,0,0,0.000,0.000,29,0
13.44,FLYING,SCAN,0,,,,,100,0,0,0,29,86,ARMING,,0.89,0.06,0.07,0.00,0.00,0.00,0.00,,,29.4,0,2.019,0,0,0.000,0.000,29,0
13.47,FLYING,SCAN,0,,,,,100,0,0,0,29,86,ARMING,,0.72,0.05,0.07,0.00,0.00,0.00,0.00,,,30.5,0,2.121,0,0,0.000,0.000,29,0
13.50,FLYING,SCAN,0,,,,,100,0,0,0,29,86,ARMING,,0.63,0.05,0.05,0.00,0.00,0.00,0.00,,,29.5,0,2.069,0,0,0.000,0.000,29,0
13.54,FLYING,SCAN,0,,,,,100,0,0,0,29,86,ARMING,,0.56,0.06,0.05,0.00,0.00,0.00,0.00,,,30.4,0,2.187,0,0,0.000,0.000,29,0
13.57,FLYING,SCAN,0,,,,,100,0,0,0,29,86,ARMING,,0.52,0.07,0.05,0.00,0.00,0.00,0.00,,,29.2,0,2.173,0,0,0.000,0.000,29,0
13.60,FLYING,SCAN,0,,,,,100,0,0,0,29,86,ARMING,,0.36,0.26,0.47,0.00,0.00,0.00,0.00,,,30.2,0,2.330,0,0,0.000,0.000,29,0
13.64,FLYING,SCAN,0,,,,,100,0,0,0,29,86,ARMING,,0.28,0.36,0.68,0.00,0.00,0.00,0.00,,,29.5,0,2.317,0,0,0.000,0.000,29,0
13.67,FLYING,SCAN,0,,,,,100,0,0,0,29,86,ARMING,,0.28,0.21,0.37,0.00,0.00,0.00,0.00,,,30.3,0,2.404,0,0,0.000,0.000,29,0
13.70,FLYING,SCAN,0,,,,,100,0,0,0,29,86,ARMING,,0.56,0.13,0.21,0.00,0.00,0.00,0.00,,,29.5,0,2.449,0,0,0.000,0.000,29,0
13.74,FLYING,SCAN,0,,,,,100,0,0,0,29,86,ARMING,,0.96,0.09,0.13,0.00,0.00,0.00,0.00,,,30.3,0,2.682,0,0,0.000,0.000,29,0
13.77,FLYING,SCAN,0,,,,,100,0,0,0,29,86,ARMING,,1.67,0.08,0.10,0.00,0.00,0.00,0.00,,,30.0,0,2.725,0,0,0.000,0.000,29,0
13.81,FLYING,SCAN,0,,,,,100,0,0,0,29,86,ARMING,,2.94,0.12,0.20,0.00,0.00,0.00,0.00,,,22.5,0,3.572,0,0,0.000,0.000,29,0
13.88,FLYING,SCAN,0,,,,,100,0,0,0,29,86,ARMING,,3.57,0.15,0.26,0.00,0.00,0.00,0.00,,,15.3,0,2.773,0,0,0.000,0.000,29,0
13.90,FLYING,SCAN,0,,,,,100,0,0,0,29,86,ARMING,,4.08,0.18,0.28,0.00,0.00,0.00,0.00,,,43.8,0,-0.243,0,0,0.000,0.000,29,0
13.94,FLYING,SCAN,0,,,,,100,0,0,0,29,86,ARMING,,3.65,0.20,0.30,0.00,0.00,0.00,0.00,,,30.7,0,0.664,0,0,0.000,0.000,29,0
13.98,FLYING,SCAN,0,,,,,100,0,0,0,29,86,ARMING,,3.87,0.17,0.29,0.00,0.00,0.00,0.00,,,22.5,0,1.515,0,0,0.000,0.000,29,0
14.01,FLYING,SCAN,0,,,,,100,0,0,0,29,86,ARMING,,3.70,0.14,0.29,0.00,0.00,0.00,0.00,,,29.2,0,1.187,0,0,0.000,0.000,29,0
14.04,FLYING,SCAN,0,,,,,100,0,0,0,29,86,ARMING,,3.90,0.13,0.28,0.00,0.00,0.00,0.00,,,46.0,0,0.383,0,0,0.000,0.000,29,0
14.08,FLYING,SCAN,0,,,,,100,0,0,0,29,86,ARMING,,4.29,0.13,0.31,0.00,0.00,0.00,0.00,,,22.4,0,1.620,0,0,0.000,0.000,29,0
14.11,FLYING,SCAN,0,,,,,100,0,0,0,29,86,ARMING,,4.65,0.16,0.36,0.00,0.00,0.00,0.00,,,29.3,0,0.887,0,0,0.000,0.000,29,0
14.14,FLYING,SCAN,0,,,,,100,0,0,0,29,86,ARMING,,4.67,0.21,0.38,0.00,0.00,0.00,0.00,,,46.3,0,0.483,0,0,0.000,0.000,29,0
14.18,FLYING,SCAN,0,,,,,100,0,0,0,29,86,ARMING,,4.10,0.24,0.38,0.00,0.00,0.00,0.00,,,22.4,0,1.790,0,0,0.000,0.000,29,0
14.20,FLYING,SCAN,0,,,,,100,0,0,0,29,86,ARMING,,3.81,0.20,0.32,0.00,0.00,0.00,0.00,,,43.6,0,0.205,0,0,0.000,0.000,29,0
14.24,FLYING,SCAN,0,,,,,100,0,0,0,29,86,ARMING,,2.55,0.17,0.23,0.00,0.00,0.00,0.00,,,30.6,0,0.659,0,0,0.000,0.000,29,0
14.28,FLYING,SCAN,0,,,,,100,0,0,0,29,86,ARMING,,2.90,0.17,0.24,0.00,0.00,0.00,0.00,,,22.6,0,0.767,0,0,0.000,0.000,29,0
14.31,FLYING,SCAN,0,,,,,100,0,0,0,29,86,ARMING,,3.07,0.33,0.89,0.00,0.00,0.00,0.00,,,30.5,0,-0.574,0,0,0.000,0.000,29,0
14.34,FLYING,SCAN,0,,,,,100,0,0,0,29,86,ARMING,,3.16,0.41,1.22,0.00,0.00,0.00,0.00,,,45.8,0,-1.515,0,0,0.000,0.000,29,0
14.38,FLYING,SCAN,0,,,,,100,0,0,0,29,86,ARMING,,2.62,0.39,0.79,0.00,0.00,0.00,0.00,,,22.5,0,-0.167,0,0,0.000,0.000,29,0
14.41,FLYING,SCAN,0,,,,,100,0,0,0,29,86,ARMING,,2.35,0.26,0.58,0.00,0.00,0.00,0.00,,,29.3,0,-0.885,0,0,0.000,0.000,29,0
14.45,FLYING,SCAN,0,,,,,100,0,0,0,29,86,ARMING,,2.02,0.20,0.48,0.00,0.00,0.00,0.00,,,30.6,0,-1.018,0,0,0.000,0.000,29,0
14.48,FLYING,SCAN,0,,,,,100,0,0,0,29,86,ARMING,,1.85,0.23,0.46,0.00,0.00,0.00,0.00,,,30.0,0,-1.103,0,0,0.000,0.000,29,0
14.51,FLYING,SCAN,0,,,,,100,0,0,0,29,86,ARMING,,1.74,0.28,0.74,0.00,0.00,0.00,0.00,,,30.3,0,-1.187,0,0,0.000,0.000,29,0
14.55,FLYING,SCAN,0,,,,,100,0,0,0,29,86,ARMING,,1.69,0.31,0.89,0.00,0.00,0.00,0.00,,,29.4,0,-1.590,0,0,0.000,0.000,29,0
14.58,FLYING,SCAN,0,,,,,100,0,0,0,29,86,ARMING,,1.71,0.33,0.97,0.00,0.00,0.00,0.00,,,30.3,0,-1.812,0,0,0.000,0.000,29,0
14.61,FLYING,SCAN,0,,,,,100,0,0,0,29,86,CRUISE,,1.72,0.55,1.02,0.00,0.00,0.00,0.00,,,29.4,0,-2.369,0,0,0.000,0.000,29,0
14.78,FLYING,SCAN,0,,,,,100,0,0,0,28,86,CRUISE,,0.00,0.00,0.00,0.00,0.00,0.00,0.00,,yes,5.9,156,0.000,5,7,-0.042,0.229,29,-1
14.84,FLYING,SCAN,0,,,,,100,0,0,0,31,86,CRUISE,,0.42,0.09,0.20,0.00,3.05,0.00,0.00,,yes,18.4,32,6.229,0,3,0.081,0.301,29,2
14.89,FLYING,SCAN,0,,,,,100,0,0,0,30,86,CRUISE,,0.76,0.19,0.34,0.00,2.14,0.00,0.00,,yes,18.4,32,-0.162,6,7,0.048,0.560,29,1
14.95,FLYING,SCAN,0,,,,,100,0,0,0,27,86,CRUISE,,1.03,0.25,0.46,0.00,1.75,0.00,0.00,,yes,18.4,32,-2.805,2,0,-0.100,0.411,29,-2
15.00,FLYING,SCAN,0,,,,,100,0,0,0,27,86,CRUISE,,1.17,0.28,0.53,0.00,1.22,0.00,0.00,,yes,18.4,31,-2.889,1,0,-0.098,0.250,29,-2
15.05,FLYING,SCAN,0,,,,,100,0,0,0,26,86,CRUISE,,1.05,0.23,0.58,0.00,0.87,0.00,0.00,,yes,18.6,32,0.327,5,7,-0.137,0.413,29,-3
15.11,FLYING,SCAN,0,,,,,100,0,0,0,-4,86,CRUISE,,0.82,0.20,0.61,0.00,0.61,0.00,0.00,,yes,18.4,32,-3.016,2,0,-0.203,0.313,0,-4
15.16,FLYING,SCAN,0,,,,,100,0,0,0,-6,86,OPTOMOTOR,,0.71,0.19,0.63,0.00,1.75,0.00,0.00,,yes,18.6,32,-3.217,2,0,-0.299,0.229,0,-6
15.22,FLYING,SCAN,0,,,,,100,0,0,0,-8,86,OPTOMOTOR,,0.65,0.24,0.56,0.00,1.22,0.00,0.00,,yes,17.9,33,-6.020,2,0,-0.408,0.195,0,-8
15.27,FLYING,SCAN,0,,,,,100,0,0,0,-8,86,OPTOMOTOR,,0.54,0.26,0.51,0.00,0.87,0.00,0.00,,yes,17.9,33,-5.466,2,0,-0.409,0.177,0,-8
15.33,FLYING,SCAN,0,,,,,100,0,0,0,-6,86,OPTOMOTOR,,0.39,0.23,0.49,0.00,1.31,0.00,0.00,,yes,18.3,32,-2.667,1,0,-0.294,0.118,0,-6
15.38,FLYING,SCAN,0,,,,,100,0,0,0,-5,86,OPTOMOTOR,,0.31,0.19,0.44,0.00,0.92,0.00,0.00,,yes,18.1,32,-2.857,1,0,-0.262,0.100,0,-5
15.44,FLYING,SCAN,0,,,,,100,0,0,0,-5,86,OPTOMOTOR,,0.27,0.17,0.28,0.00,0.64,0.00,0.00,,yes,18.3,33,-0.435,5,5,-0.233,0.290,0,-5
15.49,FLYING,SCAN,0,,,,,100,0,0,0,-3,85,CRUISE,,0.31,0.16,0.15,0.00,0.45,0.00,0.00,,yes,18.1,33,-0.042,5,7,-0.156,0.593,0,-3
15.55,FLYING,SCAN,0,,,,,100,0,0,0,-2,85,CRUISE,,0.37,0.21,0.07,0.00,0.44,0.00,0.00,,yes,17.6,34,-0.051,6,7,-0.118,0.753,0,-2
15.61,FLYING,SCAN,0,,,,,100,0,0,0,0,85,CRUISE,,0.38,0.20,0.04,0.00,0.31,0.00,0.00,,yes,18.3,32,-0.050,5,7,-0.021,0.853,0,0
15.66,FLYING,SCAN,0,,,,,100,0,0,0,1,85,CRUISE,,0.39,0.20,0.02,0.00,0.44,0.00,0.00,,yes,17.8,33,-0.058,6,8,0.048,0.933,0,1
15.72,FLYING,SCAN,0,,,,,100,0,0,0,3,85,CRUISE,,0.39,0.13,0.02,0.00,0.44,0.00,0.00,,,17.7,33,-0.101,5,7,0.130,0.954,0,3
15.77,FLYING,SCAN,0,,,,,100,0,0,0,1,85,CRUISE,,0.39,0.09,0.15,0.00,0.31,0.00,0.00,,,17.8,33,0.027,6,7,0.048,0.985,0,1
15.83,FLYING,SCAN,0,,,,,100,0,0,0,1,85,CRUISE,,0.37,0.07,0.10,0.00,0.21,0.00,0.00,,,17.7,34,-0.010,5,7,0.065,0.969,0,1
15.89,FLYING,SCAN,0,,,,,100,0,0,0,0,85,CRUISE,,0.37,0.06,0.08,0.00,0.15,0.00,0.00,,,17.8,33,0.024,6,7,-0.020,0.951,0,0
15.94,FLYING,SCAN,0,,,,,100,0,0,0,0,85,CRUISE,,0.35,0.05,0.06,0.00,0.87,0.00,0.00,,,18.1,33,0.083,6,8,0.022,1.000,0,0
16.00,FLYING,SCAN,0,,,,,100,0,0,0,1,85,CRUISE,,0.31,0.04,0.11,0.00,0.87,0.00,0.00,,,17.8,33,-0.003,6,8,0.062,1.000,0,1
16.05,FLYING,SCAN,0,,,,,100,0,0,0,2,85,CRUISE,,0.22,0.08,0.14,0.00,0.61,0.00,0.00,,,18.5,31,0.040,6,8,0.085,1.000,0,2
16.11,FLYING,SCAN,0,,,,,100,0,0,0,0,85,CRUISE,,0.16,0.11,0.15,0.00,0.43,0.00,0.00,,,18.1,33,0.059,6,8,0.004,1.000,0,0
16.16,FLYING,SCAN,0,,,,,100,0,0,0,1,85,CRUISE,,0.13,0.11,0.15,0.00,0.30,0.00,0.00,,,18.1,33,-0.017,6,8,0.052,1.000,0,1
16.22,FLYING,SCAN,0,,,,,100,0,0,0,1,85,CRUISE,,0.13,0.13,0.12,0.00,0.44,0.00,0.00,,,17.7,34,-0.058,5,6,0.074,0.975,0,1
16.28,FLYING,SCAN,0,,,,,100,0,0,0,1,85,CRUISE,,0.21,0.20,0.12,0.00,0.31,0.00,0.00,,,18.0,33,-0.151,6,8,0.068,0.973,0,1
16.34,FLYING,SCAN,0,,,,,100,0,0,0,9,85,CRUISE,,0.28,0.43,0.09,0.00,1.31,0.00,0.00,,,16.7,37,-0.140,6,8,-0.028,0.986,10,-1
16.39,FLYING,SCAN,0,,,,,100,0,0,0,19,85,CRUISE,,0.35,0.55,0.10,0.00,0.92,0.00,0.00,,yes,18.1,33,0.952,2,5,0.099,0.846,17,2
16.45,FLYING,SCAN,0,,,,,100,0,0,0,25,85,CRUISE,,0.43,0.68,0.16,0.00,1.75,0.00,0.00,,yes,17.6,33,1.736,0,6,0.189,0.647,21,4
16.50,FLYING,SCAN,0,,,,,100,0,0,0,29,85,OPTOMOTOR,,1.16,0.83,1.34,0.00,1.31,0.00,0.00,,yes,17.9,33,2.312,0,4,0.250,0.512,24,5
16.55,FLYING,SCAN,0,,,,,100,0,0,0,35,85,OPTOMOTOR,,1.85,2.12,1.93,0.00,0.92,0.20,0.20,,yes,19.7,29,2.551,0,5,0.438,0.498,26,9
16.61,FLYING,SCAN,0,,,,,100,0,0,0,37,85,OPTOMOTOR,,2.73,2.76,1.88,0.00,3.05,0.00,0.00,,yes,18.6,31,2.493,0,6,0.517,0.495,27,10
16.66,FLYING,SCAN,0,,,,,100,0,0,0,40,85,OPTOMOTOR,,3.44,1.96,1.34,0.00,2.14,0.25,0.00,,yes,18.7,32,3.427,0,6,0.586,0.464,28,12
16.72,FLYING,SCAN,0,,,,,100,0,0,0,39,85,OPTOMOTOR,,3.79,1.51,1.06,0.15,2.18,0.40,0.00,,yes,18.3,32,9.865,0,5,0.568,0.428,29,10
16.77,FLYING,SCAN,0,,,,,100,0,0,0,40,85,AVOID_RIGHT,,2.77,1.09,1.34,0.08,1.53,0.22,0.00,,yes,18.4,32,4.664,0,7,0.606,0.446,29,11
16.82,FLYING,SCAN,0,,,,,100,0,0,0,39,85,AVOID_RIGHT,,2.25,0.87,1.48,0.05,3.05,0.00,0.00,,yes,18.5,31,1.025,1,5,0.522,0.466,29,10
16.88,FLYING,SCAN,0,,,,,100,0,0,0,41,85,OPTOMOTOR,,1.46,0.53,1.36,0.03,2.14,0.00,0.00,,yes,18.5,31,3.043,0,7,0.627,0.467,29,12
16.93,FLYING,SCAN,0,,,,,100,0,0,0,40,85,OPTOMOTOR,,0.86,0.29,1.23,0.01,2.62,0.00,0.00,,yes,18.4,31,3.286,0,4,0.568,0.425,29,11
16.99,FLYING,SCAN,0,,,,,100,0,0,0,34,85,OPTOMOTOR,,0.55,0.18,1.05,0.01,1.83,0.00,0.00,,yes,18.5,31,-4.828,2,0,0.250,0.292,29,5
17.04,FLYING,SCAN,0,,,,,100,0,0,0,29,85,CRUISE,,0.34,0.12,0.76,0.00,2.18,0.00,0.00,,yes,18.5,31,-5.147,1,0,0.022,0.212,29,0
17.10,FLYING,SCAN,0,,,,,100,0,0,0,25,85,CRUISE,,0.22,0.20,0.59,0.00,1.53,0.00,0.00,,yes,18.4,32,-0.936,5,4,-0.177,0.319,29,-4
17.15,FLYING,SCAN,0,,,,,100,0,0,0,25,85,CRUISE,,0.16,0.53,0.53,0.00,1.75,0.00,0.00,,yes,18.6,31,-4.637,2,0,-0.210,0.275,29,-4
17.20,FLYING,SCAN,0,,,,,100,0,0,0,23,85,OPTOMOTOR,,0.45,0.75,0.51,0.00,1.22,0.00,0.00,,yes,18.4,32,-4.101,1,0,-0.280,0.188,29,-6
17.26,FLYING,SCAN,0,,,,,100,0,0,0,25,85,OPTOMOTOR,,0.61,0.86,0.53,0.00,2.62,0.00,0.00,,yes,18.4,31,0.163,6,8,-0.195,0.473,29,-4
17.31,FLYING,SCAN,0,,,,,100,0,0,0,27,85,CRUISE,,0.89,0.87,0.56,0.00,1.83,0.00,0.00,,yes,18.4,31,-3.449,0,0,-0.090,0.323,29,-2
17.37,FLYING,SCAN,0,,,,,100,0,0,0,29,85,CRUISE,,1.03,0.85,0.57,0.00,1.75,0.00,0.00,,yes,18.7,31,1.435,1,4,0.024,0.292,29,0
17.42,FLYING,SCAN,0,,,,,100,0,0,0,29,85,CRUISE,,0.60,0.79,0.55,0.00,1.22,0.00,0.00,,yes,18.5,31,-1.585,1,0,0.008,0.197,29,0
17.47,FLYING,SCAN,0,,,,,100,0,0,0,26,85,CRUISE,,0.37,0.44,0.50,0.00,1.31,0.00,0.00,,yes,18.5,31,-1.262,2,1,-0.160,0.197,29,-3
17.53,FLYING,SCAN,0,,,,,100,0,0,0,26,84,CRUISE,,0.26,0.26,0.43,0.00,0.92,0.00,0.00,,yes,18.6,31,0.261,6,7,-0.166,0.545,29,-3
17.58,FLYING,SCAN,0,,,,,100,0,0,0,25,84,CRUISE,,0.17,0.24,0.39,0.00,1.31,0.00,0.00,,yes,18.3,32,-2.622,2,0,-0.204,0.402,29,-4
17.64,FLYING,SCAN,0,,,,,100,0,0,0,25,84,OPTOMOTOR,,0.13,0.24,0.38,0.00,2.62,0.00,0.00,,yes,18.5,31,0.269,6,7,-0.216,0.603,29,-4
17.69,FLYING,SCAN,0,,,,,100,0,0,0,25,84,OPTOMOTOR,,0.30,0.64,1.39,0.00,1.83,0.00,0.00,,yes,18.8,31,-5.366,0,0,-0.210,0.368,29,-4
17.74,FLYING,SCAN,0,,,,,100,0,0,0,24,84,OPTOMOTOR,,0.89,0.87,1.89,0.00,2.62,0.00,0.00,,yes,18.3,31,-5.328,2,0,-0.269,0.259,29,-5
17.81,FLYING,SCAN,0,,,,,100,0,0,0,24,84,OPTOMOTOR,,1.22,0.99,1.52,0.00,1.83,0.00,0.00,,yes,15.7,41,0.067,5,5,-0.259,0.423,29,-5
17.86,FLYING,SCAN,0,,,,,100,0,0,0,24,84,OPTOMOTOR,,1.35,1.14,1.33,0.00,1.31,0.00,0.00,,yes,20.2,28,-4.811,2,0,-0.260,0.362,29,-5
17.91,FLYING,SCAN,0,,,,,100,0,0,0,26,84,OPTOMOTOR,,1.45,1.30,2.33,0.15,0.92,0.00,0.31,,yes,18.4,31,1.379,1,3,-0.168,0.308,29,-3
17.97,FLYING,SCAN,0,,,,,100,0,0,0,29,84,AVOID_LEFT,,1.47,1.39,2.83,0.34,0.87,0.00,0.58,,yes,18.1,32,1.418,0,1,0.036,0.278,29,0
18.02,FLYING,SCAN,0,,,,,100,0,0,0,29,84,AVOID_LEFT,,1.02,0.92,2.19,0.45,0.61,0.00,0.39,,yes,18.6,32,-0.997,3,3,0.035,0.343,29,0
18.07,FLYING,SCAN,0,,,,,100,0,0,0,27,84,AVOID_LEFT,,0.64,0.53,1.46,0.34,0.87,0.00,0.00,,yes,18.5,31,-1.136,2,0,-0.149,0.388,29,-2
18.13,FLYING,SCAN,0,,,,,100,0,0,0,30,84,AVOID_LEFT,,0.45,0.36,1.23,0.19,0.61,0.00,0.00,,yes,18.1,32,1.125,1,5,0.042,0.405,29,1
18.18,FLYING,SCAN,0,,,,,100,0,0,0,29,84,AVOID_LEFT,,0.32,0.25,0.98,0.11,1.31,0.00,0.00,,yes,18.3,32,-0.055,5,6,-0.007,0.638,29,0
18.24,FLYING,SCAN,0,,,,,100,0,0,0,31,84,CRUISE,,0.25,0.20,0.99,0.06,1.75,0.00,0.00,,yes,18.2,32,1.571,0,4,0.090,0.578,29,2
18.29,FLYING,SCAN,0,,,,,100,0,0,0,29,84,CRUISE,,0.49,0.18,1.01,0.03,1.22,0.00,0.00,,yes,18.6,31,-0.941,2,2,0.014,0.473,29,0
18.35,FLYING,SCAN,0,,,,,100,0,0,0,26,84,CRUISE,,0.72,0.73,1.79,0.02,0.86,0.00,0.07,,yes,18.3,32,-1.219,2,1,-0.129,0.438,29,-3
18.40,FLYING,SCAN,0,,,,,100,0,0,0,28,84,CRUISE,,0.73,1.00,2.18,0.16,0.60,0.00,0.39,,yes,18.4,32,0.848,3,6,-0.073,0.490,29,-1
18.46,FLYING,SCAN,0,,,,,100,0,0,0,27,84,AVOID_LEFT,,0.72,0.96,1.73,0.27,0.87,0.00,0.03,,yes,18.3,32,-1.703,2,0,-0.167,0.357,29,-2
18.51,FLYING,SCAN,0,,,,,100,0,0,0,25,84,AVOID_LEFT,,0.71,0.93,1.51,0.15,0.61,0.00,0.05,,yes,18.5,31,-1.725,2,0,-0.249,0.267,29,-4
18.56,FLYING,SCAN,0,,,,,100,0,0,0,25,84,AVOID_LEFT,,0.78,1.50,1.72,0.08,1.31,0.00,0.00,,yes,18.7,31,0.706,6,7,-0.199,0.427,29,-4
18.62,FLYING,SCAN,0,,,,,100,0,0,0,25,84,OPTOMOTOR,,0.81,1.79,1.86,0.05,0.92,0.04,0.07,,yes,18.3,32,-2.084,2,0,-0.234,0.293,29,-4
18.67,FLYING,SCAN,0,,,,,100,0,0,0,22,84,OPTOMOTOR,,0.58,1.42,1.97,0.03,0.87,0.00,0.15,,yes,18.4,32,-2.168,2,0,-0.348,0.217,29,-7
18.73,FLYING,SCAN,0,,,,,100,0,0,0,29,84,OPTOMOTOR,,0.33,1.12,2.02,0.16,0.61,0.00,0.30,,yes,18.3,32,1.151,1,7,-0.013,0.289,29,0
18.78,FLYING,SCAN,0,,,,,100,0,0,0,28,84,CRUISE,,0.17,0.93,1.53,0.09,1.31,0.00,0.00,,yes,18.5,31,-1.612,1,0,-0.035,0.182,29,-1
18.84,FLYING,SCAN,0,,,,,100,0,0,0,-2,84,CRUISE,,0.08,0.84,1.29,0.05,0.92,0.00,0.00,,yes,18.5,31,0.920,4,6,-0.106,0.350,0,-2
18.89,FLYING,SCAN,0,,,,,100,0,0,0,-2,84,CRUISE,,0.26,0.79,1.17,0.03,1.75,0.00,0.00,,yes,18.5,31,-2.996,0,0,-0.078,0.254,0,-2
18.94,FLYING,SCAN,0,,,,,100,0,0,0,-4,84,CRUISE,,0.35,0.41,1.21,0.02,1.22,0.00,0.00,,yes,18.3,32,-2.355,1,0,-0.199,0.191,0,-4
19.00,FLYING,SCAN,0,,,,,100,0,0,0,-6,84,OPTOMOTOR,,0.19,0.22,0.98,0.01,0.86,0.00,0.00,,yes,18.0,32,-1.317,2,1,-0.299,0.193,0,-6
19.05,FLYING,SCAN,0,,,,,100,0,0,0,-7,84,OPTOMOTOR,,0.12,0.41,0.69,0.01,0.60,0.00,0.00,,yes,18.1,33,-2.761,2,0,-0.348,0.161,0,-7
19.11,FLYING,SCAN,0,,,,,100,0,0,0,-5,84,OPTOMOTOR,,0.29,1.21,0.54,0.00,0.42,0.00,0.00,,yes,18.0,33,-0.609,5,5,-0.244,0.353,0,-5
19.17,FLYING,SCAN,0,,,,,100,0,0,0,-5,84,OPTOMOTOR,,0.52,1.61,0.53,0.00,0.44,0.19,0.19,,yes,17.8,34,-0.304,6,6,-0.237,0.614,0,-5
19.22,FLYING,SCAN,0,,,,,100,0,0,0,-4,84,OPTOMOTOR,,0.64,1.59,0.84,0.00,0.44,0.18,0.18,,yes,18.2,32,0.222,6,7,-0.189,0.751,0,-4
19.28,FLYING,SCAN,0,,,,,100,0,0,0,-1,84,AVOID_RIGHT,,0.44,1.51,1.00,0.15,0.31,0.20,0.20,,yes,16.1,40,0.161,5,7,-0.076,0.852,0,-1
19.34,FLYING,SCAN,0,,,,,100,0,0,0,0,84,AVOID_RIGHT,,0.31,1.42,1.04,0.11,0.87,0.00,0.00,,yes,17.6,34,0.364,6,8,-0.023,0.932,0,0
19.39,FLYING,SCAN,0,,,,,100,0,0,0,0,83,AVOID_RIGHT,,0.27,1.13,0.81,0.06,0.61,0.00,0.00,,yes,19.9,28,0.124,5,7,0.024,0.939,0,0
19.45,FLYING,SCAN,0,,,,,100,0,0,0,-3,83,CRUISE,,0.23,0.91,0.69,0.04,0.87,0.00,0.00,,,18.1,32,0.382,6,7,-0.136,0.948,0,-3
19.50,FLYING,SCAN,0,,,,,100,0,0,0,-1,83,CRUISE,,0.18,0.80,1.29,0.02,0.61,0.00,0.00,,,17.8,33,-0.053,6,8,-0.067,0.987,0,-1
19.56,FLYING,SCAN,0,,,,,100,0,0,0,0,83,CRUISE,,0.15,0.76,1.60,0.01,0.44,0.00,0.18,,,17.7,34,0.126,6,7,-0.019,1.000,0,0
19.61,FLYING,SCAN,0,,,,,100,0,0,0,0,83,CRUISE,,0.29,0.75,1.76,0.16,0.31,0.00,0.33,,,17.8,33,0.094,6,7,0.000,1.000,0,0
19.67,FLYING,SCAN,0,,,,,100,0,0,0,0,83,CRUISE,,0.39,0.75,1.74,0.24,0.87,0.00,0.03,,,17.8,33,0.066,5,7,0.001,0.985,0,0
19.73,FLYING,SCAN,0,,,,,100,0,0,0,0,83,CRUISE,,0.41,0.72,1.64,0.13,0.61,0.00,0.12,,,18.0,33,-0.100,6,8,0.000,1.000,0,0
19.78,FLYING,SCAN,0,,,,,100,0,0,0,1,83,CRUISE,,0.41,0.66,1.54,0.07,0.43,0.00,0.16,,,17.7,34,-0.105,6,8,0.038,1.000,0,1
19.84,FLYING,SCAN,0,,,,,100,0,0,0,-1,83,CRUISE,,0.39,0.64,1.55,0.19,0.87,0.00,0.00,,,18.3,32,-0.050,5,7,-0.038,0.952,0,-1
19.89,FLYING,SCAN,0,,,,,100,0,0,0,-3,83,CRUISE,,0.35,0.77,1.93,0.11,0.61,0.00,0.26,,,18.1,32,-0.458,6,6,-0.190,0.951,0,-3
19.95,FLYING,SCAN,0,,,,,100,0,0,0,0,83,CRUISE,,0.34,0.84,2.12,0.21,1.31,0.00,0.01,,,17.1,35,-0.159,5,8,0.013,0.969,0,0
20.01,FLYING,SCAN,0,,,,,100,0,0,0,1,83,CRUISE,,0.48,0.81,1.97,0.12,0.92,0.00,0.12,,,17.8,33,-0.340,5,8,0.065,0.965,0,1
20.06,FLYING,SCAN,0,,,,,100,0,0,0,11,83,CRUISE,,0.55,0.79,1.67,0.07,0.64,0.00,0.11,,,17.8,33,-0.220,5,7,0.074,0.958,10,1
20.12,FLYING,SCAN,0,,,,,100,0,0,0,19,83,CRUISE,,0.56,0.79,1.29,0.04,0.45,0.00,0.02,,yes,17.6,34,0.720,3,6,0.111,0.882,17,2
20.18,FLYING,SCAN,0,,,,,100,0,0,0,26,83,CRUISE,,0.57,0.69,1.10,0.02,0.87,0.00,0.00,,yes,18.1,32,1.505,0,7,0.263,0.759,21,5
20.23,FLYING,SCAN,0,,,,,100,0,0,0,28,83,CRUISE,,0.67,0.65,1.24,0.01,0.61,0.00,0.00,,yes,18.2,33,2.384,0,5,0.201,0.565,24,4
20.28,FLYING,SCAN,0,,,,,100,0,0,0,33,83,OPTOMOTOR,,0.72,0.56,1.97,0.01,1.31,0.00,0.00,,yes,18.6,31,2.554,0,4,0.367,0.509,26,7
20.34,FLYING,SCAN,0,,,,,100,0,0,0,36,83,OPTOMOTOR,,0.70,0.51,1.73,0.00,1.31,0.00,0.00,,yes,18.6,31,2.981,0,5,0.469,0.453,27,9
20.39,FLYING,SCAN,0,,,,,100,0,0,0,39,83,OPTOMOTOR,,0.54,0.49,1.61,0.00,0.92,0.00,0.00,,yes,18.4,31,2.873,0,3,0.543,0.427,28,11
20.45,FLYING,SCAN,0,,,,,100,0,0,0,36,83,OPTOMOTOR,,0.38,0.71,1.43,0.00,1.75,0.00,0.00,,yes,18.4,31,-0.472,0,0,0.340,0.254,29,7
20.50,FLYING,SCAN,0,,,,,100,0,0,0,32,83,OPTOMOTOR,,0.29,0.96,1.34,0.00,1.22,0.00,0.00,,yes,18.5,31,-0.023,2,4,0.161,0.286,29,3
20.56,FLYING,SCAN,0,,,,,100,0,0,0,29,83,CRUISE,,0.24,1.41,1.26,0.00,2.18,0.00,0.00,,yes,18.4,31,-3.241,2,0,0.020,0.256,29,0
20.61,FLYING,SCAN,0,,,,,100,0,0,0,27,83,CRUISE,,0.22,1.98,0.98,0.00,1.53,0.00,0.00,,yes,18.4,32,-2.183,2,0,-0.122,0.197,29,-2
20.66,FLYING,SCAN,0,,,,,100,0,0,0,29,83,CRUISE,,0.22,2.56,0.83,0.00,1.75,0.01,0.01,,yes,18.3,32,0.954,3,7,-0.020,0.316,29,0
20.73,FLYING,SCAN,0,,,,,100,0,0,0,28,83,CRUISE,,0.22,2.85,0.75,0.26,1.22,0.41,0.41,,yes,15.5,42,-1.362,1,0,-0.061,0.268,29,-1
20.78,FLYING,SCAN,0,,,,,100,0,0,0,28,83,AVOID_RIGHT,,0.22,3.04,1.68,0.49,2.18,0.03,0.03,,yes,18.3,32,-1.141,2,1,-0.145,0.251,29,-1
20.84,FLYING,SCAN,0,,,,,100,0,0,0,27,83,AVOID_LEFT,,0.40,3.09,2.42,0.51,1.53,0.38,0.38,,yes,18.1,33,-1.734,0,0,-0.213,0.170,29,-2
20.89,FLYING,SCAN,0,,,,,100,0,0,0,28,83,AVOID_RIGHT,,1.44,3.11,2.79,0.54,1.75,0.28,0.28,,yes,18.6,32,0.362,5,7,-0.134,0.396,29,-1
20.95,FLYING,SCAN,0,,,,,100,0,0,0,27,83,AVOID_RIGHT,,1.96,2.08,2.36,0.46,1.22,0.03,0.17,,yes,18.3,32,-1.131,3,3,-0.163,0.480,29,-2
21.00,FLYING,SCAN,0,,,,,100,0,0,0,29,83,CRUISE,,2.04,1.43,2.11,0.34,1.31,0.00,0.00,,yes,18.4,32,1.648,0,6,0.004,0.471,29,0
21.06,FLYING,SCAN,0,,,,,100,0,0,0,31,83,CRUISE,,1.31,1.10,1.98,0.19,0.92,0.00,0.13,,yes,18.5,31,0.138,2,5,0.116,0.513,29,2
21.11,FLYING,SCAN,0,,,,,100,0,0,0,32,83,CRUISE,,0.95,0.58,1.92,0.26,0.64,0.00,0.24,,yes,18.1,32,0.875,3,8,0.187,0.670,29,3
21.17,FLYING,SCAN,0,,,,,100,0,0,0,30,83,AVOID_LEFT,,1.16,0.29,2.40,0.52,0.45,0.00,0.58,,yes,18.1,32,2.198,0,2,0.068,0.573,29,1
21.22,FLYING,SCAN,0,,,,,100,0,0,0,30,83,AVOID_LEFT,,1.43,0.15,2.65,0.70,0.31,0.16,0.77,,yes,18.3,32,0.766,3,7,0.155,0.584,29,1
21.28,FLYING,SCAN,0,,,,,100,0,0,0,30,83,AVOID_LEFT,,1.57,0.30,2.85,0.53,1.75,0.00,0.15,,yes,18.4,31,0.396,3,6,0.120,0.615,29,1
21.33,FLYING,SCAN,0,,,,,100,0,0,0,30,83,AVOID_LEFT,,1.47,0.66,3.64,0.59,1.22,0.00,0.81,,yes,18.2,32,1.930,0,3,0.160,0.489,29,1
21.39,FLYING,SCAN,0,,,,,100,0,0,0,30,83,ESCAPE,,1.41,0.85,4.03,0.85,0.87,0.00,1.00,,yes,18.2,32,0.674,4,8,0.206,0.604,29,1
21.44,FLYING,SCAN,0,,,,,100,0,0,0,30,82,ESCAPE,,1.32,0.73,3.23,0.89,0.61,0.00,0.91,,yes,18.1,32,1.895,0,6,0.305,0.497,29,1
21.50,FLYING,SCAN,0,,,,,100,0,0,0,30,82,ESCAPE,,1.27,0.57,2.58,0.91,0.87,0.00,0.45,,yes,18.3,32,3.069,0,4,0.395,0.428,29,1
21.55,FLYING,SCAN,0,,,,,100,0,0,0,32,82,ESCAPE,,1.02,0.43,1.89,0.68,0.61,0.00,0.24,,yes,18.1,32,3.387,0,7,0.529,0.431,29,3
21.60,FLYING,SCAN,0,,,,,100,0,0,0,35,82,ESCAPE,,0.89,0.36,1.51,0.50,0.43,0.00,0.14,,yes,18.5,32,3.452,0,4,0.554,0.419,29,6
21.66,FLYING,SCAN,0,,,,,100,0,0,0,36,82,ESCAPE,,1.35,0.34,1.32,0.28,0.30,0.13,0.11,,yes,18.7,31,3.121,0,2,0.477,0.360,29,7
21.71,FLYING,SCAN,0,,,,,100,0,0,0,34,82,ESCAPE,,1.99,0.47,1.82,0.38,0.44,0.38,0.29,,yes,18.2,32,2.785,0,4,0.407,0.307,29,5
21.77,FLYING,SCAN,0,,,,,100,0,0,0,37,82,ESCAPE,,1.90,0.69,2.08,0.28,1.31,0.00,0.00,,yes,18.2,32,2.941,0,7,0.554,0.407,29,8
21.82,FLYING,SCAN,0,,,,,100,0,0,0,40,82,ESCAPE,,1.76,0.98,2.05,0.16,0.92,0.02,0.17,,yes,18.3,32,1.233,1,8,0.643,0.472,29,11
21.88,FLYING,SCAN,0,,,,,100,0,0,0,33,82,ESCAPE,,1.69,1.12,2.04,0.24,0.64,0.12,0.30,,yes,18.3,32,-0.197,5,4,0.272,0.523,29,4
21.93,FLYING,SCAN,0,,,,,100,0,0,0,36,82,ESCAPE,,1.41,1.19,1.76,0.13,1.75,0.00,0.00,,yes,18.6,31,1.351,0,8,0.408,0.604,29,7
21.99,FLYING,SCAN,0,,,,,100,0,0,0,33,82,ESCAPE,,1.85,1.23,2.58,0.08,1.31,0.00,0.23,,yes,18.5,31,-1.071,0,0,0.239,0.383,29,4
22.04,FLYING,SCAN,0,,,,,100,0,0,0,33,82,ESCAPE,,1.58,1.08,2.03,0.18,0.92,0.00,0.16,,yes,18.5,31,2.124,0,2,0.220,0.296,29,4
22.10,FLYING,SCAN,0,,,,,100,0,0,0,36,82,ESCAPE,,1.59,1.07,1.76,0.14,1.31,0.00,0.00,,yes,16.4,38,1.811,1,8,0.426,0.439,29,7
22.15,FLYING,SCAN,0,,,,,100,0,0,0,35,82,ESCAPE,,1.57,1.07,1.41,0.08,0.92,0.00,0.00,,yes,19.9,28,0.630,4,7,0.320,0.571,29,6
22.20,FLYING,SCAN,0,,,,,100,0,0,0,37,82,ESCAPE,,1.56,1.44,1.45,0.04,1.31,0.00,0.00,,yes,18.8,31,1.298,2,8,0.422,0.612,29,8
22.26,FLYING,SCAN,0,,,,,100,0,0,0,33,82,ESCAPE,,1.11,1.63,1.44,0.02,0.92,0.00,0.00,,yes,18.6,31,-0.441,5,7,0.190,0.731,29,4
22.31,FLYING,SCAN,0,,,,,100,0,0,0,34,82,ESCAPE,,0.89,1.72,1.59,0.01,1.75,0.00,0.00,,yes,18.5,31,1.151,0,6,0.266,0.640,29,5
22.37,FLYING,SCAN,0,,,,,100,0,0,0,32,82,ESCAPE,,0.84,1.71,1.98,0.01,1.22,0.00,0.00,,yes,18.3,32,-0.420,5,8,0.172,0.766,29,3
22.42,FLYING,SCAN,0,,,,,100,0,0,0,30,82,ESCAPE,,0.84,1.71,2.17,0.00,1.31,0.00,0.03,,yes,18.7,31,0.003,5,6,0.039,0.812,29,1
22.47,FLYING,SCAN,0,,,,,100,0,0,0,28,82,ESCAPE,,0.81,1.71,2.13,0.00,0.92,0.00,0.21,,yes,18.2,32,-0.357,6,7,-0.037,0.848,29,-1
22.53,FLYING,SCAN,0,,,,,100,0,0,0,32,82,ESCAPE,,1.17,1.22,2.11,0.15,0.87,0.00,0.22,,yes,18.1,32,1.492,0,6,0.158,0.749,29,3
22.58,FLYING,SCAN,0,,,,,100,0,0,0,5,82,ESCAPE,,1.35,0.97,1.73,0.23,0.61,0.00,0.16,,yes,18.2,32,1.017,2,7,0.354,0.722,0,5
22.64,FLYING,SCAN,0,,,,,100,0,0,0,-1,82,ESCAPE,,1.43,0.97,1.29,0.13,0.43,0.10,0.03,,yes,18.2,32,-2.367,2,0,-0.035,0.487,0,-1
22.69,FLYING,SCAN,0,,,,,100,0,0,0,-2,82,ESCAPE,,1.26,1.55,0.85,0.07,0.44,0.16,0.16,,yes,18.2,32,-1.450,1,0,-0.106,0.307,0,-2
22.75,FLYING,SCAN,0,,,,,100,0,0,0,-2,82,ESCAPE,,0.97,1.84,0.74,0.55,0.31,0.37,0.37,,yes,17.6,33,-3.578,2,0,-0.190,0.225,0,-2
22.81,FLYING,SCAN,0,,,,,100,0,0,0,-4,82,ESCAPE,,0.75,2.12,0.54,0.41,1.31,0.01,0.01,,yes,18.0,33,-2.860,2,0,-0.356,0.194,0,-4
22.86,FLYING,SCAN,0,,,,,100,0,0,0,-5,82,ESCAPE,,0.64,2.26,0.58,0.32,0.92,0.27,0.27,,yes,18.2,33,-1.128,2,1,-0.387,0.195,0,-5
22.92,FLYING,SCAN,0,,,,,100,0,0,0,-1,82,ESCAPE,,0.59,2.33,0.61,0.70,0.64,0.44,0.44,,yes,17.4,35,-0.415,6,5,-0.231,0.434,0,-1
22.97,FLYING,SCAN,0,,,,,100,0,0,0,-1,82,ESCAPE,,0.72,2.33,0.63,0.53,1.75,0.00,0.00,,yes,18.1,33,-0.227,5,7,-0.119,0.659,0,-1
23.03,FLYING,SCAN,0,,,,,100,0,0,0,0,82,AVOID_RIGHT,,0.79,2.15,0.45,0.30,1.22,0.06,0.06,,yes,18.0,32,-0.655,2,5,-0.032,0.676,0,0
23.08,FLYING,SCAN,0,,,,,100,0,0,0,-3,82,CRUISE,,0.85,2.21,0.36,0.27,0.87,0.27,0.27,,yes,18.1,33,-2.143,2,0,-0.200,0.461,0,-3
23.14,FLYING,SCAN,0,,,,,100,0,0,0,-3,82,AVOID_RIGHT,,0.88,2.09,0.20,0.35,0.61,0.34,0.34,,yes,17.6,34,-1.050,2,1,-0.233,0.345,0,-3
23.20,FLYING,SCAN,0,,,,,100,0,0,0,-3,82,AVOID_RIGHT,,1.19,2.18,0.38,0.20,1.31,0.04,0.04,,,17.8,33,-0.508,4,5,-0.203,0.509,0,-3
23.25,FLYING,SCAN,0,,,,,100,0,0,0,-2,82,AVOID_RIGHT,,1.35,2.46,0.47,0.34,0.92,0.37,0.37,,,17.8,34,0.135,5,8,-0.136,0.706,0,-2
23.31,FLYING,SCARED,0,,,,,100,0,-60,0,-1,82,AVOID_RIGHT,RIGHT,1.43,2.60,0.55,0.83,0.64,0.58,0.58,,,17.8,34,-0.320,6,7,-0.177,0.803,0,-1
23.37,FLYING,SCARED,0,,,,,100,0,-60,0,0,82,AVOID_RIGHT,,1.63,2.53,1.16,0.99,0.87,0.43,0.43,,yes,17.6,34,-0.113,5,5,-0.181,0.828,0,0
23.43,FLYING,SCARED,0,,,,,100,0,-60,0,0,81,CRUISE,,1.60,2.49,1.46,1.00,0.61,0.54,0.54,,yes,15.1,44,0.489,4,5,-0.109,0.838,0,0
23.49,FLYING,SCARED,0,,,,,100,0,-60,0,0,81,CRUISE,,1.72,2.48,1.77,0.96,1.31,0.18,0.18,,yes,17.9,33,-0.878,4,3,-0.168,0.734,0,0
23.55,FLYING,SCARED,0,,,,,100,0,-60,0,0,81,CRUISE,,1.76,2.41,1.92,0.92,0.92,0.35,0.35,,yes,17.7,34,0.854,5,8,-0.004,0.818,0,0
23.60,FLYING,SCARED,0,,,,,100,0,-60,0,1,81,CRUISE,,1.77,2.12,2.04,0.69,2.18,0.00,0.00,,yes,18.3,32,1.216,1,7,0.139,0.727,0,1
23.65,FLYING,SCARED,0,,,,,100,0,-60,0,2,81,CRUISE,,1.78,2.10,2.11,0.39,2.62,0.00,0.00,,yes,18.4,32,1.759,1,4,0.142,0.605,0,2
23.71,FLYING,SCARED,0,,,,,100,0,-60,0,4,81,CRUISE,,1.52,1.81,2.26,0.22,1.83,0.00,0.00,,yes,18.4,31,2.960,0,6,0.281,0.512,0,4
23.76,FLYING,SCARED,0,,,,,100,0,-60,0,5,81,OPTOMOTOR,,1.38,1.88,1.81,0.12,1.28,0.00,0.00,,yes,18.3,32,1.790,0,4,0.309,0.393,0,5
23.82,FLYING,SCARED,0,,,,,100,0,-60,0,8,81,OPTOMOTOR,,1.31,1.91,1.58,0.07,0.90,0.11,0.11,,yes,18.2,32,2.419,0,4,0.439,0.383,0,8
23.87,FLYING,SCARED,0,,,,,100,0,-60,0,8,81,OPTOMOTOR,,1.42,1.93,1.36,0.04,1.75,0.00,0.00,,yes,18.6,32,4.269,0,3,0.400,0.316,0,8
23.93,FLYING,SCARED,0,,,,,100,0,-60,0,10,81,OPTOMOTOR,,1.53,1.91,0.84,0.02,1.22,0.00,0.00,,yes,18.4,32,1.286,0,7,0.509,0.383,0,10
23.98,FLYING,SCARED,0,,,,,100,0,-60,0,9,81,OPTOMOTOR,,1.70,1.19,0.59,0.01,1.31,0.00,0.00,,yes,18.4,31,1.417,0,6,0.480,0.358,0,9
24.04,FLYING,WAIT,0,,,,,100,0,-39,0,5,81,OPTOMOTOR,,1.78,0.84,0.35,0.01,0.92,0.03,0.00,,yes,18.3,32,0.717,5,6,0.269,0.497,0,5
24.09,FLYING,WAIT,0,,,,,100,0,-25,0,4,81,CRUISE,,1.86,0.87,0.37,0.00,0.87,0.09,0.00,,yes,18.3,32,1.875,0,3,0.220,0.423,0,4
24.15,FLYING,WAIT,0,,,,,100,0,-16,0,6,81,OPTOMOTOR,,2.44,0.98,0.88,0.15,0.61,0.51,0.00,,yes,18.2,32,1.147,1,8,0.381,0.481,0,6
24.20,FLYING,WAIT,0,,,,,100,0,-10,0,2,81,AVOID_RIGHT,,2.73,1.04,1.14,0.49,0.44,0.75,0.00,,yes,18.1,32,0.067,6,8,0.231,0.710,0,2
24.26,FLYING,WAIT,0,,,,,100,0,-6,0,0,81,AVOID_RIGHT,,2.15,1.80,1.27,0.69,0.31,0.52,0.35,,yes,18.1,33,0.209,6,7,0.065,0.805,0,0
24.31,FLYING,WAIT,0,,,,,100,0,-4,0,1,81,AVOID_RIGHT,,1.73,2.51,1.28,0.66,1.31,0.20,0.20,,yes,18.3,32,0.280,6,7,0.100,0.887,0,1
24.37,FLYING,WAIT,0,,,,,100,0,-2,0,0,81,AVOID_RIGHT,,1.53,3.50,1.38,1.00,0.92,0.89,0.89,,yes,17.8,33,0.145,5,7,0.161,0.928,0,0
24.42,FLYING,WAIT,0,,,,,100,0,-1,0,0,81,AVOID_RIGHT,,1.49,3.99,1.72,1.00,0.64,1.00,1.00,,yes,18.2,32,-0.581,6,6,-0.104,0.909,0,0
24.48,FLYING,WAIT,0,,,,,100,0,-1,0,0,81,CRUISE,,1.47,3.05,1.89,1.00,0.45,0.90,0.90,,yes,17.9,33,-0.755,5,5,-0.139,0.888,0,0
24.53,FLYING,WAIT,0,,,,,100,0,0,0,0,81,CRUISE,,1.39,2.30,2.22,1.00,0.31,0.59,0.59,,yes,18.1,32,-0.428,6,7,-0.049,0.934,0,0
24.59,FLYING,WAIT,0,,,,,100,0,0,0,0,81,CRUISE,,1.29,1.92,2.38,1.00,0.87,0.12,0.35,,yes,18.2,32,-1.168,1,1,-0.087,0.621,0,0
24.64,FLYING,WAIT,0,,,,,100,0,0,0,0,81,AVOID_LEFT,,1.24,1.73,2.49,1.00,0.61,0.16,0.54,,yes,17.9,33,-0.335,5,5,-0.165,0.697,0,0
24.70,FLYING,WAIT,0,,,,,100,0,0,0,0,81,AVOID_LEFT,,1.82,2.20,2.55,0.77,1.31,0.05,0.22,,yes,18.2,32,-0.336,5,8,-0.065,0.826,0,0
24.75,FLYING,WAIT,0,,,,,100,0,0,0,-1,81,ESCAPE,,2.11,2.43,2.41,0.82,0.92,0.36,0.36,,yes,18.3,32,-0.582,5,5,-0.149,0.827,0,-1
24.82,FLYING,WAIT,0,,,,,100,0,0,0,0,81,ESCAPE,,2.05,2.45,2.09,1.00,0.64,0.51,0.51,,yes,14.5,46,-1.097,2,1,-0.242,0.666,0,0
24.88,FLYING,WAIT,0,,,,,100,0,0,0,-1,81,ESCAPE,,1.79,1.56,1.69,0.87,0.45,0.27,0.22,,,18.1,32,-0.785,2,3,-0.215,0.627,0,-1
24.93,FLYING,WAIT,0,,,,,100,0,0,0,-1,81,ESCAPE,,1.12,1.12,1.49,0.65,0.44,0.00,0.13,,,18.3,32,-0.439,5,8,-0.119,0.787,0,-1
24.99,FLYING,WAIT,0,,,,,100,0,0,0,-2,81,ESCAPE,,0.79,0.96,1.73,0.52,0.31,0.00,0.31,,,18.4,31,-0.937,5,5,-0.165,0.777,0,-2
25.04,FLYING,WAIT,0,,,,,100,0,0,0,-2,81,ESCAPE,,0.85,1.12,2.26,0.63,0.21,0.05,0.62,,,18.2,32,-0.934,5,5,-0.208,0.728,0,-2
25.10,FLYING,WAIT,0,,,,,100,0,0,0,-2,81,ESCAPE,,1.46,1.82,2.53,0.47,1.75,0.00,0.00,,,18.3,32,-0.379,6,8,-0.190,0.834,0,-2
25.15,FLYING,WAIT,0,,,,,100,0,0,0,-4,81,ESCAPE,,2.08,2.17,1.98,0.26,1.22,0.07,0.07,,,18.4,31,-1.088,5,4,-0.250,0.741,0,-4
25.20,FLYING,WAIT,0,,,,,100,0,0,0,-3,81,ESCAPE,,2.39,2.14,1.70,0.41,0.86,0.37,0.24,,,18.5,31,-0.942,5,3,-0.278,0.627,0,-3
25.26,FLYING,WAIT,0,,,,,100,0,0,0,-3,81,ESCAPE,,1.61,1.88,1.56,0.38,0.60,0.24,0.24,,,18.4,32,-0.309,6,6,-0.220,0.753,0,-3
25.31,FLYING,WAIT,0,,,,,100,0,0,0,-1,81,ESCAPE,,1.21,1.58,1.28,0.47,0.42,0.18,0.18,,,18.2,32,-0.854,4,5,-0.097,0.739,0,-1
25.37,FLYING,WAIT,0,,,,,100,0,0,0,-2,81,ESCAPE,,0.89,1.41,1.02,0.50,0.29,0.16,0.16,,,18.3,32,-0.557,6,5,-0.186,0.769,0,-2
25.42,FLYING,WAIT,0,,,,,100,0,0,0,-1,81,ESCAPE,,0.78,1.21,0.79,0.28,0.21,0.10,0.10,,,18.0,32,-0.784,2,5,-0.061,0.738,0,-1
25.48,FLYING,WAIT,0,,,,,100,0,0,0,-1,80,ESCAPE,,0.72,1.11,0.49,0.16,0.14,0.08,0.08,,,18.4,31,-0.642,5,6,-0.083,0.782,0,-1
25.53,FLYING,WAIT,0,,,,,100,0,0,0,-2,80,ESCAPE,,0.97,0.81,0.31,0.09,0.44,0.00,0.00,,,18.4,31,-0.445,6,7,-0.131,0.846,0,-2
25.59,FLYING,WAIT,0,,,,,100,0,0,0,-4,80,ESCAPE,,1.09,0.60,0.22,0.05,0.31,0.00,0.00,,,18.3,31,-1.452,3,0,-0.229,0.662,0,-4
25.64,FLYING,WAIT,0,,,,,100,0,0,0,-4,80,ESCAPE,,1.06,0.49,0.18,0.03,0.87,0.00,0.00,,,18.2,32,-1.802,1,0,-0.222,0.406,0,-4
25.70,FLYING,WAIT,0,,,,,100,0,0,0,-4,80,ESCAPE,,1.00,0.65,0.27,0.02,0.61,0.00,0.00,,,18.0,32,-0.662,4,5,-0.201,0.443,0,-4
25.75,FLYING,WAIT,0,,,,,100,0,0,0,-4,80,ESCAPE,,0.82,0.79,0.33,0.01,0.43,0.00,0.00,,,17.9,33,-0.692,6,7,-0.192,0.640,0,-4
25.81,FLYING,WAIT,0,,,,,100,0,0,0,-3,80,ESCAPE,,0.74,0.91,0.44,0.01,0.44,0.00,0.00,,,18.0,33,-1.010,2,2,-0.155,0.580,0,-3
25.86,FLYING,WAIT,0,,,,,100,0,0,0,-4,80,ESCAPE,,0.88,0.99,0.49,0.00,0.31,0.00,0.00,,,18.2,32,-1.217,2,0,-0.200,0.421,0,-4
25.92,FLYING,WAIT,0,,,,,100,0,0,0,-4,80,ESCAPE,,1.13,1.12,0.43,0.00,0.87,0.00,0.00,,,18.2,32,-0.251,6,7,-0.192,0.628,0,-4
25.97,FLYING,WAIT,0,,,,,100,0,0,0,-3,80,ESCAPE,,1.26,1.10,0.40,0.00,0.61,0.00,0.00,,,17.9,33,-0.136,5,5,-0.168,0.745,0,-3
26.03,FLYING,WAIT,0,,,,,100,0,0,0,-1,80,ESCAPE,,1.32,0.94,0.38,0.00,0.44,0.04,0.00,,,18.5,32,-0.545,6,7,-0.059,0.882,0,-1
26.08,FLYING,WAIT,0,,,,,100,0,0,0,0,80,ESCAPE,,1.57,0.74,0.20,0.00,0.31,0.23,0.00,,,18.0,33,-0.352,6,8,-0.004,0.921,0,0
26.14,FLYING,WAIT,0,,,,,100,0,0,0,-2,80,ESCAPE,,1.69,0.60,0.11,0.15,0.21,0.34,0.00,,,18.1,33,-0.496,6,8,-0.130,0.942,0,-2
26.19,FLYING,WAIT,0,,,,,100,0,0,0,-1,80,ESCAPE,,1.77,0.57,0.26,0.23,0.44,0.27,0.00,,,18.2,32,-0.108,6,8,-0.075,0.983,0,-1
26.26,FLYING,WAIT,0,,,,,100,0,0,0,1,80,ESCAPE,,1.81,0.99,0.60,0.32,0.31,0.35,0.00,,,14.7,45,-0.236,6,8,0.046,0.992,0,1
26.32,FLYING,WAIT,0,,,,,100,0,0,0,0,80,ESCAPE,,1.83,1.20,2.15,0.29,0.87,0.08,0.24,,,17.6,33,-0.027,6,6,0.011,0.973,0,0
26.38,FLYING,WAIT,0,,,,,100,0,0,0,0,80,ESCAPE,,1.50,1.12,2.92,0.57,0.61,0.04,0.75,,,17.7,34,-0.213,6,7,0.013,0.967,0,0
26.43,FLYING,WAIT,0,,,,,100,0,0,0,0,80,AVOID_LEFT,LEFT,1.24,1.08,2.54,0.73,0.44,0.00,0.65,,,17.9,33,-0.277,6,8,0.003,0.997,0,0
26.49,FLYING,WAIT,0,,,,,100,0,0,0,0,80,AVOID_LEFT,LEFT,1.12,1.04,1.28,0.55,0.31,0.01,0.09,,,18.1,33,-0.087,6,8,0.055,1.000,0,0
26.54,FLYING,WAIT,0,,,,,100,0,0,0,1,80,AVOID_LEFT,LEFT,0.85,1.02,0.64,0.31,0.21,0.00,0.00,,,18.0,33,-0.182,6,7,0.081,0.990,0,1
26.60,FLYING,WAIT,0,,,,,100,0,0,0,-1,80,AVOID_LEFT,,0.77,1.01,0.36,0.17,0.15,0.03,0.03,,,17.9,33,-0.158,6,7,-0.035,0.991,0,-1
26.65,FLYING,WAIT,0,,,,,100,0,0,0,0,80,AVOID_LEFT,,0.73,0.94,0.21,0.10,1.31,0.00,0.00,,,18.1,33,-0.215,6,7,-0.002,1.000,0,0
26.71,FLYING,WAIT,0,,,,,100,0,0,0,0,80,CRUISE,,1.25,0.91,0.14,0.05,0.92,0.00,0.00,,,18.2,32,0.127,6,8,0.002,0.991,0,0
26.76,FLYING,WAIT,0,,,,,100,0,0,0,1,80,CRUISE,,1.51,0.75,0.27,0.03,0.64,0.03,0.00,,,17.9,33,0.128,5,7,0.039,0.972,0,1
26.82,FLYING,WAIT,0,,,,,100,0,0,0,0,80,CRUISE,,1.26,0.66,0.34,0.02,0.45,0.01,0.00,,,18.0,33,-0.018,5,7,-0.003,0.948,0,0
26.88,FLYING,WAIT,0,,,,,100,0,0,0,-3,80,CRUISE,,1.13,0.73,0.28,0.01,0.87,0.00,0.00,,,18.0,33,-0.025,6,6,-0.171,0.948,0,-3
26.93,FLYING,WAIT,0,,,,,100,0,0,0,-2,80,CRUISE,,1.42,0.76,0.17,0.01,0.61,0.00,0.00,,,18.4,32,0.055,6,7,-0.097,0.982,0,-2
26.99,FLYING,WAIT,0,,,,,100,0,0,0,-4,80,CRUISE,,1.56,0.54,0.11,0.00,0.43,0.17,0.00,,,17.8,33,0.058,6,6,-0.191,0.939,0,-4
27.04,FLYING,APPROACH,0,,,,,100,0,4,0,0,80,AVOID_RIGHT,,1.17,0.41,0.12,0.00,0.30,0.04,0.00,,,17.9,33,0.058,5,7,-0.017,0.957,0,0
27.10,FLYING,APPROACH,0,,,,,100,0,6,0,-4,80,AVOID_RIGHT,,0.81,0.33,0.13,0.00,0.21,0.00,0.00,,,18.1,33,-0.006,6,6,-0.180,0.954,0,-4
27.15,FLYING,APPROACH,0,,,,,100,0,8,0,-1,80,AVOID_RIGHT,,0.74,0.28,0.13,0.00,0.15,0.00,0.00,,,18.1,33,-0.059,6,7,-0.033,0.971,0,-1
27.21,FLYING,APPROACH,0,,,,,100,0,9,0,0,80,CRUISE,,0.70,0.35,0.13,0.00,0.87,0.00,0.00,,,18.0,33,-0.086,6,8,0.000,1.000,0,0
27.26,FLYING,APPROACH,0,,,,,100,0,10,0,-2,80,CRUISE,,0.68,0.56,0.29,0.00,0.61,0.00,0.00,,yes,18.4,32,-0.221,5,5,-0.107,0.947,0,-2
27.32,FLYING,APPROACH,0,,,,,100,0,11,0,-2,80,CRUISE,,0.84,0.79,0.38,0.00,1.31,0.00,0.00,,yes,17.9,34,0.105,6,7,-0.083,0.981,0,-2
27.37,FLYING,APPROACH,0,,,,,100,0,11,0,-1,80,CRUISE,,1.23,0.78,0.42,0.00,0.92,0.00,0.00,,yes,18.3,32,0.027,5,6,-0.048,0.919,0,-1
27.43,FLYING,APPROACH,0,,,,,100,0,11,0,-1,80,CRUISE,,1.42,0.58,0.34,0.00,0.64,0.00,0.00,,yes,18.4,31,0.406,5,5,-0.069,0.908,0,-1
27.48,FLYING,APPROACH,0,,,,,100,0,11,0,-2,80,CRUISE,,1.34,0.48,0.27,0.00,0.45,0.00,0.00,,yes,18.5,31,-0.004,6,7,-0.082,0.959,0,-2
27.54,FLYING,APPROACH,0,,,,,100,0,11,0,2,80,CRUISE,,1.30,0.57,0.23,0.00,0.31,0.05,0.00,,yes,18.3,32,-0.064,6,7,0.116,0.960,0,2
27.59,FLYING,APPROACH,0,,,,,100,0,11,0,3,80,OPTOMOTOR,,1.29,0.67,0.26,0.00,0.44,0.00,0.00,,yes,18.4,31,0.039,6,8,0.149,0.993,0,3
27.65,FLYING,APPROACH,0,,,,,100,0,11,0,1,80,CRUISE,,1.29,0.72,0.30,0.00,0.31,0.05,0.00,,yes,16.1,39,-0.195,6,7,0.040,1.000,0,1
27.71,FLYING,APPROACH,0,,,,,100,0,11,0,0,80,CRUISE,,1.28,0.78,0.56,0.00,0.44,0.00,0.00,,yes,17.9,33,-0.126,5,5,-0.012,0.958,0,0
27.76,FLYING,APPROACH,0,,,,,100,0,11,0,0,80,CRUISE,,1.27,0.94,0.69,0.00,0.31,0.04,0.00,,yes,18.4,32,0.071,6,8,0.015,1.000,0,0
27.82,FLYING,APPROACH,0,,,,,100,0,11,0,2,80,CRUISE,,1.27,1.02,0.55,0.00,0.44,0.00,0.00,,yes,18.2,32,0.107,5,8,0.089,1.000,0,2
27.87,FLYING,APPROACH,0,,,,,100,0,11,0,2,80,CRUISE,,0.91,0.87,0.33,0.00,0.31,0.00,0.00,,yes,18.6,31,0.293,6,8,0.100,0.995,0,2
27.93,FLYING,APPROACH,0,,,,,100,0,11,0,-1,80,CRUISE,,0.73,0.65,0.22,0.00,0.21,0.00,0.00,,yes,18.2,32,0.215,6,7,-0.068,0.980,0,-1
27.98,FLYING,APPROACH,0,,,,,100,0,11,0,1,80,CRUISE,,0.61,0.52,0.22,0.00,0.15,0.00,0.00,,yes,18.4,32,-0.160,6,8,0.057,1.000,0,1
28.03,FLYING,APPROACH,0,,,,,100,0,11,0,0,80,CRUISE,,0.55,0.46,0.53,0.00,0.10,0.00,0.00,,yes,18.5,31,0.168,5,5,-0.002,0.956,0,0
28.10,FLYING,APPROACH,0,,,,,100,0,11,0,1,80,CRUISE,,0.53,0.73,0.68,0.00,0.44,0.00,0.00,,yes,15.3,31,0.122,5,7,0.036,0.953,0,1
28.16,FLYING,APPROACH,0,,,,,100,0,11,0,-1,80,CRUISE,,0.52,0.87,0.39,0.00,0.31,0.00,0.00,,yes,18.0,33,-0.039,6,8,-0.046,0.975,0,-1
28.21,FLYING,APPROACH,0,,,,,100,0,11,0,0,80,CRUISE,,0.53,0.94,0.25,0.00,0.44,0.00,0.00,,yes,17.9,33,-0.016,6,8,0.000,1.000,0,0
28.27,FLYING,APPROACH,0,,,,,100,0,11,0,1,80,CRUISE,,0.52,0.88,0.20,0.00,0.31,0.00,0.00,,yes,18.4,32,0.146,6,8,0.037,0.996,0,1
28.32,FLYING,APPROACH,0,,,,,100,0,11,0,3,80,CRUISE,,0.53,0.70,0.29,0.00,0.21,0.00,0.00,,yes,18.4,31,0.079,5,6,0.136,0.956,0,3
28.37,FLYING,APPROACH,0,,,,,100,0,11,0,1,80,CRUISE,,0.95,0.60,0.33,0.00,0.15,0.00,0.00,,yes,18.6,31,0.065,6,7,0.051,0.986,0,1
28.43,FLYING,APPROACH,0,,,,,100,0,11,0,-1,80,CRUISE,,1.15,0.57,0.37,0.00,0.87,0.00,0.00,,yes,18.4,32,0.323,6,7,-0.027,0.960,0,-1
28.48,FLYING,APPROACH,0,,,,,100,0,11,0,0,79,CRUISE,,1.26,0.74,0.43,0.00,0.61,0.00,0.00,,yes,18.5,31,0.355,5,7,0.022,0.955,0,0
28.54,FLYING,APPROACH,0,,,,,100,0,11,0,-2,79,CRUISE,,1.34,0.83,0.42,0.00,0.43,0.01,0.00,,yes,18.4,32,0.241,6,7,-0.075,0.972,0,-2
28.59,FLYING,APPROACH,0,,,,,100,0,11,0,-1,79,CRUISE,,1.60,0.77,0.30,0.00,0.30,0.20,0.00,,yes,18.4,32,0.011,5,6,-0.026,0.957,0,-1
28.65,FLYING,APPROACH,0,,,,,100,0,11,0,-3,79,CRUISE,,1.92,0.74,0.17,0.00,1.31,0.00,0.00,,yes,18.2,32,-0.053,6,5,-0.143,0.920,0,-3
28.70,FLYING,APPROACH,0,,,,,100,0,11,0,-1,79,CRUISE,,2.09,0.89,0.18,0.00,0.92,0.14,0.00,,yes,18.3,32,-0.318,6,7,-0.061,0.980,0,-1
28.76,FLYING,APPROACH,0,,,,,100,0,11,0,-2,79,CRUISE,,2.17,0.99,0.33,0.15,0.64,0.32,0.00,,yes,18.3,32,-0.030,6,7,-0.090,0.957,0,-2
28.81,FLYING,APPROACH,0,,,,,100,0,11,0,1,79,AVOID_RIGHT,,2.20,1.03,0.40,0.26,0.45,0.43,0.00,,yes,18.1,32,-0.058,5,8,0.070,0.972,0,1
28.87,FLYING,APPROACH,0,,,,,100,0,11,0,2,79,AVOID_RIGHT,,1.68,1.01,0.38,0.26,0.31,0.24,0.00,,yes,18.2,32,0.167,5,8,0.146,0.981,0,2
28.92,FLYING,APPROACH,0,,,,,100,0,11,0,-1,79,AVOID_RIGHT,,1.42,1.00,0.27,0.19,0.22,0.16,0.00,,yes,18.4,31,0.200,6,6,-0.081,0.967,0,-1
28.97,FLYING,APPROACH,0,,,,,100,0,11,0,2,79,AVOID_RIGHT,,1.32,1.10,0.21,0.11,0.15,0.14,0.03,,yes,18.3,32,-0.185,5,8,0.103,0.992,0,2
29.03,FLYING,APPROACH,0,,,,,100,0,11,0,3,79,AVOID_RIGHT,,1.72,1.15,0.19,0.06,0.87,0.00,0.00,,yes,18.4,32,0.004,5,7,0.139,0.988,0,3
29.09,FLYING,APPROACH,0,,,,,100,0,11,0,1,79,CRUISE,,1.92,1.14,0.47,0.03,0.61,0.21,0.00,,yes,15.9,40,-0.033,6,7,0.034,1.000,0,1
29.15,FLYING,APPROACH,0,,,,,100,0,11,0,0,79,CRUISE,,1.71,1.14,0.61,0.02,0.44,0.19,0.00,,yes,18.5,32,0.028,6,7,0.000,1.000,0,0
29.20,FLYING,APPROACH,0,,,,,100,0,11,0,-2,79,CRUISE,,1.47,1.10,0.55,0.16,0.31,0.13,0.00,,yes,18.3,32,0.031,6,6,-0.130,0.956,0,-2
29.25,FLYING,APPROACH,0,,,,,100,0,11,0,0,79,CRUISE,,1.34,1.18,0.51,0.09,0.87,0.00,0.00,,yes,18.3,32,0.027,6,8,0.000,1.000,0,0
29.31,FLYING,APPROACH,0,,,,,100,0,11,0,0,79,CRUISE,,0.84,1.11,0.28,0.05,0.61,0.00,0.00,,yes,18.4,32,0.309,6,8,0.000,1.000,0,0
29.36,FLYING,APPROACH,0,,,,,100,0,11,0,-2,79,CRUISE,,0.58,0.98,0.16,0.03,0.87,0.00,0.00,,yes,18.3,32,0.148,5,5,-0.086,0.921,0,-2
29.42,FLYING,APPROACH,0,,,,,100,0,11,0,0,79,CRUISE,,0.85,0.92,0.37,0.02,0.61,0.00,0.00,,yes,18.2,32,-0.087,6,8,-0.001,0.986,0,0
29.47,FLYING,APPROACH,0,,,,,100,0,11,0,5,79,CRUISE,,1.71,0.90,0.49,0.01,0.43,0.19,0.00,,yes,18.5,31,-0.115,4,8,0.232,0.955,0,5
29.53,FLYING,APPROACH,0,,,,,100,0,11,0,2,79,AVOID_RIGHT,,2.13,0.97,0.54,0.15,0.44,0.40,0.00,,yes,18.2,32,-0.141,6,7,0.137,0.986,0,2
29.58,FLYING,APPROACH,0,,,,,100,0,11,0,2,79,AVOID_RIGHT,,2.02,0.93,0.51,0.35,0.31,0.41,0.00,,yes,18.1,32,0.124,6,7,0.127,0.989,0,2
29.64,FLYING,APPROACH,0,,,,,100,0,11,0,1,79,AVOID_RIGHT,,1.68,1.06,0.50,0.26,0.21,0.29,0.00,,yes,18.8,31,0.166,6,7,0.097,0.976,0,1
29.69,FLYING,APPROACH,0,,,,,100,0,11,0,2,79,AVOID_RIGHT,,1.52,0.82,0.47,0.29,0.15,0.24,0.00,,yes,18.4,32,0.444,5,7,0.150,0.978,0,2
29.74,FLYING,APPROACH,0,,,,,100,0,11,0,1,79,AVOID_RIGHT,,1.43,1.00,0.29,0.17,0.10,0.22,0.00,,yes,18.3,32,0.181,6,7,0.040,0.999,0,1
29.80,FLYING,APPROACH,0,,,,,100,0,11,0,4,79,AVOID_RIGHT,,1.30,0.62,0.20,0.09,0.07,0.17,0.00,,yes,18.2,32,0.093,5,8,0.198,0.996,0,4
29.85,FLYING,APPROACH,0,,,,,100,0,11,0,4,79,AVOID_RIGHT,,1.15,0.54,0.16,0.05,0.05,0.10,0.00,,yes,18.3,32,0.028,5,7,0.192,0.975,0,4
29.91,FLYING,APPROACH,0,,,,,100,0,11,0,-1,79,AVOID_RIGHT,,1.08,0.50,0.21,0.03,0.04,0.07,0.00,,yes,18.1,32,0.256,6,6,-0.051,0.964,0,-1
29.96,FLYING,APPROACH,0,,,,,100,0,11,0,-1,79,AVOID_RIGHT,,1.26,0.99,0.24,0.02,0.44,0.00,0.00,,yes,18.3,32,0.057,5,6,-0.075,0.938,0,-1
30.02,FLYING,APPROACH,0,,,,,100,0,11,0,-1,79,AVOID_RIGHT,,1.35,1.30,0.14,0.01,0.31,0.07,0.05,,yes,18.3,32,-0.046,6,8,-0.046,0.981,0,-1
30.07,FLYING,APPROACH,0,,,,,100,0,11,0,0,79,CRUISE,,0.91,1.42,0.08,0.01,0.44,0.05,0.05,,yes,18.4,32,0.232,5,6,-0.009,0.962,0,0
30.13,FLYING,APPROACH,0,,,,,100,0,11,0,-1,79,CRUISE,,0.69,1.48,0.14,0.00,0.31,0.14,0.14,,yes,18.6,31,0.221,6,7,-0.030,0.990,0,-1
30.18,FLYING,APPROACH,0,,,,,100,0,11,0,2,79,CRUISE,,0.63,1.45,0.18,0.00,0.21,0.17,0.17,,yes,18.3,32,-0.294,5,7,0.083,0.986,0,2
30.24,FLYING,APPROACH,0,,,,,100,0,11,0,-2,79,CRUISE,,1.42,1.44,0.19,0.00,1.31,0.00,0.00,,yes,18.5,31,-1.467,2,0,-0.096,0.722,0,-2
30.29,FLYING,APPROACH,0,,,,,100,0,11,0,-3,79,CRUISE,,1.84,1.38,0.47,0.00,0.92,0.02,0.00,,yes,18.5,31,-0.619,5,5,-0.144,0.683,0,-3
30.34,FLYING,APPROACH,0,,,,,100,0,11,0,-3,79,CRUISE,,2.05,1.35,0.61,0.00,0.64,0.26,0.00,,yes,18.5,31,-0.423,6,7,-0.136,0.790,0,-3
30.40,FLYING,APPROACH,0,,,,,100,0,11,0,-1,79,CRUISE,,1.55,0.91,0.52,0.00,0.45,0.10,0.00,,yes,18.4,31,0.151,6,8,-0.055,0.869,0,-1
30.47,FLYING,APPROACH,0,,,,,100,0,11,0,0,79,CRUISE,,1.30,0.51,0.48,0.00,2.18,0.00,0.00,,yes,14.8,45,0.266,5,8,0.006,0.909,0,0
30.52,FLYING,APPROACH,0,,,,,100,0,11,0,2,79,CRUISE,,1.58,0.26,0.31,0.00,1.53,0.00,0.00,,yes,18.2,32,0.350,5,8,0.124,0.945,0,2
30.57,FLYING,APPROACH,0,,,,,100,0,11,0,0,79,CRUISE,,1.93,0.13,0.25,0.00,1.07,0.00,0.00,,yes,18.4,32,-0.102,6,7,-0.004,0.966,0,0
30.63,FLYING,APPROACH,0,,,,,100,0,11,0,2,79,CRUISE,,2.10,1.37,0.22,0.15,0.75,0.23,0.00,,yes,18.4,32,-0.033,6,8,0.099,0.997,0,2
30.68,FLYING,APPROACH,0,,,,,100,0,11,0,0,79,AVOID_RIGHT,,1.56,2.26,0.21,0.49,0.52,0.42,0.42,,yes,18.3,32,0.070,6,8,0.012,1.000,0,0
30.74,FLYING,APPROACH,0,,,,,100,0,11,0,0,79,ESCAPE,,1.29,2.67,0.22,0.95,0.44,0.67,0.67,,yes,18.1,32,-0.303,6,7,-0.130,0.976,0,0
30.79,FLYING,APPROACH,0,,,,,100,0,11,0,0,79,ESCAPE,,1.38,2.91,0.22,1.00,0.87,0.57,0.57,,yes,18.1,32,-0.385,6,8,-0.005,0.988,0,0
30.85,FLYING,APPROACH,0,,,,,100,0,11,0,0,79,ESCAPE,,1.93,3.05,0.44,1.00,0.61,0.77,0.77,,yes,18.0,33,0.294,6,7,0.035,0.947,0,0
30.91,FLYING,APPROACH,0,,,,,100,0,11,0,0,79,ESCAPE,,2.21,3.31,0.55,1.00,0.43,1.00,1.00,,yes,17.8,33,0.058,6,5,-0.071,0.929,0,0
30.96,FLYING,APPROACH,0,,,,,100,0,11,0,0,79,ESCAPE,,1.61,3.44,0.32,1.00,0.30,1.00,1.00,,yes,18.0,33,-0.153,6,5,-0.151,0.904,0,0
31.02,FLYING,APPROACH,0,,,,,100,0,11,0,0,79,ESCAPE,,1.32,2.39,0.20,1.00,0.21,0.64,0.64,,yes,18.1,32,0.095,6,8,-0.025,0.947,0,0
31.07,FLYING,APPROACH,0,,,,,100,0,11,0,0,79,ESCAPE,,1.34,1.77,0.15,1.00,0.15,0.37,0.37,,yes,18.2,33,0.097,6,7,-0.102,0.967,0,0
31.13,FLYING,APPROACH,0,,,,,100,0,11,0,0,79,ESCAPE,,1.39,1.00,0.12,1.00,0.44,0.03,0.00,,yes,18.3,32,-0.090,6,8,-0.030,0.969,0,0
31.18,FLYING,APPROACH,0,,,,,100,0,11,0,0,79,ESCAPE,,1.42,0.61,0.10,0.66,0.31,0.11,0.00,,yes,18.8,31,0.059,6,8,-0.013,0.998,0,0
31.23,FLYING,APPROACH,0,,,,,100,0,11,0,-1,79,ESCAPE,,1.75,0.64,0.09,0.37,0.44,0.21,0.00,,yes,18.5,31,0.223,6,6,-0.089,0.962,0,-1
31.29,FLYING,APPROACH,0,,,,,100,0,11,0,-1,79,ESCAPE,,1.37,0.66,0.13,0.21,0.31,0.09,0.00,,yes,18.7,31,0.111,6,7,-0.057,0.990,0,-1
31.34,FLYING,APPROACH,0,,,,,100,0,11,0,0,79,ESCAPE,,1.19,0.92,0.15,0.12,0.21,0.04,0.00,,yes,18.5,31,0.157,5,8,0.016,0.977,0,0
31.39,FLYING,APPROACH,0,,,,,100,0,11,0,0,79,ESCAPE,,1.09,1.06,0.12,0.07,0.15,0.03,0.01,,yes,18.5,31,0.292,6,8,0.000,1.000,0,0
31.45,FLYING,APPROACH,0,,,,,100,0,11,0,1,79,ESCAPE,,1.31,1.77,0.10,0.18,0.44,0.22,0.22,,yes,18.3,32,-0.360,6,8,0.048,1.000,0,1
31.50,FLYING,APPROACH,0,,,,,100,0,11,0,0,79,ESCAPE,,1.90,2.42,0.09,0.77,0.31,0.61,0.61,,yes,18.2,32,-0.053,6,8,0.077,0.989,0,0
31.56,FLYING,APPROACH,0,,,,,100,0,11,0,0,79,ESCAPE,,1.71,2.45,0.20,0.84,0.87,0.34,0.34,,yes,18.1,32,0.483,4,8,0.129,0.943,0,0
31.61,FLYING,APPROACH,0,,,,,100,0,11,0,-1,79,ESCAPE,,2.10,2.11,0.36,0.63,1.31,0.00,0.00,,yes,18.2,32,0.086,6,5,-0.138,0.926,0,-1
31.67,FLYING,APPROACH,0,,,,,100,0,11,0,0,79,ESCAPE,,2.35,1.94,0.55,0.36,0.92,0.27,0.07,,yes,18.4,32,-0.430,6,8,-0.001,0.960,0,0
31.72,FLYING,APPROACH,0,,,,,100,0,11,0,-1,79,ESCAPE,,2.47,2.62,0.64,0.67,0.87,0.43,0.43,,yes,18.2,32,-0.148,6,7,-0.151,0.960,0,-1
31.78,FLYING,SCAN,0,,,,,100,0,7,0,0,79,ESCAPE,,2.17,2.96,0.62,1.00,0.61,0.73,0.73,,yes,18.0,33,0.042,6,6,-0.154,0.941,0,0
31.84,FLYING,SCAN,0,,,,,100,0,0,0,0,79,ESCAPE,,1.76,2.37,0.47,1.00,0.87,0.32,0.32,,yes,16.1,39,0.411,5,8,-0.033,0.949,0,0
31.90,FLYING,SCAN,0,,,,,100,0,0,0,-1,79,ESCAPE,,1.47,1.53,0.44,0.72,0.61,0.06,0.06,,yes,18.0,33,0.131,6,6,-0.127,0.963,0,-1
31.95,FLYING,SCAN,0,,,,,100,0,0,0,-1,79,ESCAPE,,1.33,1.11,0.25,0.41,1.31,0.00,0.00,,yes,18.4,32,0.636,6,8,-0.043,0.995,0,-1
32.01,FLYING,SCAN,0,,,,,100,0,0,0,2,79,ESCAPE,,1.16,1.01,0.13,0.23,0.92,0.00,0.00,,yes,18.4,32,0.458,5,8,0.157,0.994,0,2
32.06,FLYING,SCAN,0,,,,,100,0,0,0,1,79,ESCAPE,,1.63,1.14,0.08,0.13,0.64,0.09,0.00,,yes,17.8,33,0.118,6,7,0.044,0.993,0,1
32.12,FLYING,SCAN,0,,,,,100,0,0,0,1,79,ESCAPE,,1.48,1.02,0.07,0.07,0.45,0.12,0.00,,yes,18.2,32,-0.040,6,8,0.075,1.000,0,1
32.17,FLYING,SCAN,0,,,,,100,0,0,0,0,79,ESCAPE,,1.41,1.10,0.38,0.04,0.44,0.09,0.00,,yes,18.3,32,-0.480,6,8,0.000,1.000,0,0
32.23,FLYING,SCAN,0,,,,,100,0,0,0,2,79,ESCAPE,,1.34,0.92,0.60,0.02,0.31,0.12,0.00,,yes,18.3,32,-0.147,5,8,0.080,0.995,0,2
32.28,FLYING,SCAN,0,,,,,100,0,0,0,0,79,ESCAPE,,1.08,0.83,0.71,0.01,0.21,0.03,0.00,,yes,18.0,33,0.155,6,7,-0.024,0.994,0,0
32.34,FLYING,SCAN,0,,,,,100,0,0,0,0,79,ESCAPE,,0.84,0.62,0.45,0.01,0.87,0.00,0.00,,yes,18.3,32,0.015,6,8,0.000,1.000,0,0
32.39,FLYING,SCAN,0,,,,,100,0,0,0,0,78,CRUISE,,0.69,0.50,0.32,0.00,0.61,0.00,0.00,,,18.1,32,-0.022,5,8,-0.014,0.975,0,0
32.45,FLYING,SCAN,0,,,,,100,0,0,0,0,78,CRUISE,,0.65,0.44,0.26,0.00,0.44,0.00,0.00,,,18.1,32,0.192,6,8,-0.001,1.000,0,0
32.50,FLYING,SCAN,0,,,,,100,0,0,0,0,78,CRUISE,,0.99,0.70,0.23,0.00,0.31,0.00,0.00,,,18.1,32,0.144,6,7,0.000,1.000,0,0
32.56,FLYING,SCAN,0,,,,,100,0,0,0,-3,78,CRUISE,,1.16,0.94,0.22,0.00,0.21,0.07,0.00,,,18.1,33,0.342,6,7,-0.137,0.960,0,-3
32.61,FLYING,SCAN,0,,,,,100,0,0,0,0,78,CRUISE,,0.77,1.06,0.14,0.00,0.15,0.05,0.05,,,18.2,32,0.240,6,7,-0.008,0.974,0,0
32.67,FLYING,SCAN,0,,,,,100,0,0,0,-3,78,CRUISE,,0.58,1.02,0.09,0.00,0.87,0.00,0.00,,,18.0,33,0.288,6,7,-0.146,0.968,0,-3
32.72,FLYING,SCAN,0,,,,,100,0,0,0,-1,78,CRUISE,,0.77,0.89,0.07,0.00,0.61,0.00,0.00,,,18.5,32,0.124,5,6,-0.070,0.955,0,-1
32.78,FLYING,SCAN,0,,,,,100,0,0,0,0,78,CRUISE,,0.87,0.83,0.06,0.00,0.43,0.00,0.00,,,18.3,32,0.170,6,8,0.000,1.000,0,0
32.83,FLYING,SCAN,0,,,,,100,0,0,0,1,78,CRUISE,,0.63,0.80,0.06,0.00,0.30,0.00,0.00,,,18.3,33,0.146,5,7,0.048,0.980,0,1
32.89,FLYING,SCAN,0,,,,,100,0,0,0,0,78,CRUISE,,0.52,1.10,0.05,0.00,0.87,0.00,0.00,,,18.2,33,0.113,6,7,0.002,1.000,0,0
32.94,FLYING,SCAN,0,,,,,100,0,0,0,-1,78,CRUISE,,1.20,1.25,0.13,0.00,0.61,0.00,0.00,,,18.0,33,0.143,6,7,-0.044,0.997,0,-1
33.00,FLYING,SCAN,0,,,,,100,0,0,0,9,78,CRUISE,,1.55,1.17,0.17,0.00,0.43,0.16,0.00,,,18.2,33,0.069,6,7,-0.042,0.980,10,-1
33.05,FLYING,SCAN,0,,,,,100,0,0,0,23,78,OPTOMOTOR,,1.03,0.90,0.20,0.00,0.30,0.00,0.00,,yes,18.7,32,1.202,1,6,0.301,0.828,17,6
33.10,FLYING,SCAN,0,,,,,100,0,0,0,26,78,OPTOMOTOR,,0.77,0.77,0.20,0.00,0.21,0.00,0.00,,yes,18.5,32,2.103,0,4,0.244,0.628,21,5
33.16,FLYING,SCAN,0,,,,,100,0,0,0,30,78,OPTOMOTOR,,0.69,0.74,0.21,0.00,0.44,0.00,0.00,,yes,18.2,32,2.398,0,5,0.324,0.520,24,6
33.21,FLYING,SCAN,0,,,,,100,0,0,0,35,78,OPTOMOTOR,,1.05,0.77,0.21,0.00,0.31,0.00,0.00,,yes,18.3,32,2.858,0,5,0.451,0.474,26,9
33.27,FLYING,SCAN,0,,,,,100,0,0,0,34,78,OPTOMOTOR,,1.25,1.01,0.22,0.00,0.44,0.01,0.00,,yes,18.4,32,2.886,0,1,0.358,0.314,27,7
33.33,FLYING,SCAN,0,,,,,100,0,0,0,36,78,OPTOMOTOR,,1.34,1.13,0.24,0.00,0.31,0.12,0.01,,yes,15.9,40,3.180,0,4,0.396,0.310,28,8
33.38,FLYING,SCAN,0,,,,,100,0,0,0,40,78,OPTOMOTOR,,1.39,1.13,0.24,0.00,0.44,0.08,0.00,,yes,19.7,29,3.319,0,7,0.527,0.394,29,11
33.44,FLYING,SCAN,0,,,,,100,0,0,0,41,78,OPTOMOTOR,,1.42,1.13,0.20,0.00,0.31,0.16,0.01,,yes,18.5,31,1.268,0,7,0.580,0.427,29,12
33.49,FLYING,SCAN,0,,,,,100,0,0,0,37,78,OPTOMOTOR,,1.53,0.75,0.18,0.00,1.31,0.00,0.00,,yes,18.8,31,1.946,0,1,0.423,0.316,29,8
33.54,FLYING,SCAN,0,,,,,100,0,0,0,32,78,OPTOMOTOR,,1.59,0.69,0.42,0.00,0.92,0.00,0.00,,yes,18.3,32,-0.095,6,8,0.173,0.588,29,3
33.60,FLYING,SCAN,0,,,,,100,0,0,0,35,78,OPTOMOTOR,,1.57,0.65,0.53,0.00,1.31,0.00,0.00,,yes,18.7,31,1.251,1,6,0.276,0.593,29,6
33.65,FLYING,SCAN,0,,,,,100,0,0,0,29,78,CRUISE,,1.56,0.73,0.51,0.00,0.92,0.00,0.00,,yes,18.5,31,-1.331,2,1,-0.005,0.434,29,0
33.70,FLYING,SCAN,0,,,,,100,0,0,0,28,78,CRUISE,,1.58,0.78,0.49,0.00,0.64,0.07,0.00,,yes,18.8,31,-2.283,2,0,-0.073,0.282,29,-1
33.76,FLYING,SCAN,0,,,,,100,0,0,0,28,78,CRUISE,,1.58,0.80,0.49,0.00,1.31,0.00,0.00,,yes,18.6,31,0.508,5,8,-0.073,0.507,29,-1
33.81,FLYING,SCAN,0,,,,,100,0,0,0,26,78,CRUISE,,1.30,0.86,0.41,0.00,0.92,0.00,0.00,,yes,18.7,31,-1.032,5,4,-0.129,0.500,29,-3
33.87,FLYING,SCAN,0,,,,,100,0,0,0,27,78,CRUISE,,1.16,0.84,0.37,0.00,0.64,0.00,0.00,,yes,18.4,32,0.000,5,7,-0.086,0.696,29,-2
33.92,FLYING,SCAN,0,,,,,100,0,0,0,30,78,CRUISE,,1.13,0.63,0.39,0.00,0.45,0.00,0.00,,yes,18.6,31,1.996,0,5,0.053,0.587,29,1
33.97,FLYING,SCAN,0,,,,,100,0,0,0,34,78,CRUISE,,1.23,0.48,0.40,0.00,1.75,0.00,0.00,,yes,18.7,31,1.502,0,5,0.229,0.512,29,5
34.03,FLYING,SCAN,0,,,,,100,0,0,0,34,78,OPTOMOTOR,,1.19,0.40,0.35,0.00,1.22,0.00,0.00,,yes,18.5,31,2.408,0,3,0.239,0.374,29,5
34.08,FLYING,SCAN,0,,,,,100,0,0,0,37,78,OPTOMOTOR,,1.17,0.37,0.33,0.00,0.87,0.00,0.00,,yes,18.3,32,1.265,0,3,0.413,0.382,29,8
34.14,FLYING,SCAN,0,,,,,100,0,0,0,40,78,OPTOMOTOR,,0.94,0.85,0.55,0.00,0.61,0.00,0.00,,yes,18.4,32,2.159,0,7,0.528,0.406,29,11
34.19,FLYING,SCAN,0,,,,,100,0,0,0,34,78,OPTOMOTOR,,0.82,1.09,0.66,0.00,0.87,0.00,0.00,,yes,18.6,31,0.477,6,7,0.231,0.548,29,5
34.24,FLYING,SCAN,0,,,,,100,0,0,0,30,78,CRUISE,,0.91,0.80,0.40,0.00,0.61,0.00,0.00,,yes,18.5,32,-0.469,5,5,0.050,0.599,29,1
34.30,FLYING,SCAN,0,,,,,100,0,0,0,33,78,CRUISE,,1.44,0.54,0.28,0.00,0.87,0.00,0.00,,yes,18.5,31,1.335,1,6,0.179,0.542,29,4
34.35,FLYING,SCAN,0,,,,,100,0,0,0,30,78,CRUISE,,1.85,0.41,0.25,0.00,0.61,0.22,0.00,,yes,18.4,31,-0.738,1,1,0.068,0.386,29,1
34.41,FLYING,SCAN,0,,,,,100,0,0,0,28,78,CRUISE,,1.91,0.37,0.25,0.00,0.87,0.12,0.00,,yes,18.4,32,-1.310,2,0,-0.032,0.255,29,-1
34.46,FLYING,SCAN,0,,,,,100,0,0,0,32,78,CRUISE,,1.77,0.49,0.35,0.00,0.61,0.18,0.00,,yes,18.6,31,1.104,1,8,0.137,0.330,29,3
34.51,FLYING,SCAN,0,,,,,100,0,0,0,30,78,CRUISE,,1.17,0.54,0.41,0.00,0.87,0.00,0.00,,yes,18.7,32,-0.495,2,2,0.069,0.333,29,1
34.57,FLYING,SCAN,0,,,,,100,0,0,0,34,78,CRUISE,,0.63,0.53,0.45,0.00,0.61,0.00,0.00,,yes,18.4,32,1.808,0,5,0.230,0.383,29,5
34.62,FLYING,SCAN,0,,,,,100,0,0,0,36,78,OPTOMOTOR,,0.35,0.44,0.52,0.00,1.75,0.00,0.00,,yes,18.4,32,1.170,1,6,0.367,0.435,29,7
34.68,FLYING,SCAN,0,,,,,100,0,0,0,36,78,OPTOMOTOR,,0.80,0.40,0.50,0.00,1.22,0.00,0.00,,yes,18.4,32,2.484,0,4,0.368,0.335,29,7
34.73,FLYING,SCAN,0,,,,,100,0,0,0,37,78,OPTOMOTOR,,1.02,0.38,0.44,0.00,0.86,0.00,0.00,,yes,18.4,32,2.976,0,2,0.382,0.298,29,8
34.78,FLYING,SCAN,0,,,,,100,0,0,0,39,78,OPTOMOTOR,,0.83,0.31,0.40,0.00,1.31,0.00,0.00,,yes,18.8,31,1.559,0,6,0.488,0.368,29,10
34.85,FLYING,SCAN,0,,,,,100,0,0,0,33,78,OPTOMOTOR,,0.73,0.28,0.47,0.00,2.18,0.00,0.00,,yes,15.9,40,0.177,5,5,0.222,0.512,29,4
34.90,FLYING,SCAN,0,,,,,100,0,0,0,36,78,OPTOMOTOR,,1.44,0.37,0.51,0.00,1.53,0.00,0.00,,yes,19.5,29,1.645,0,5,0.332,0.527,29,7
34.95,FLYING,SCAN,0,,,,,100,0,0,0,31,78,OPTOMOTOR,,1.79,0.42,0.62,0.00,1.31,0.00,0.00,,yes,18.5,31,-2.056,2,0,0.078,0.377,29,2
35.01,FLYING,SCAN,0,,,,,100,0,0,0,29,78,CRUISE,,1.35,0.39,0.77,0.00,0.92,0.00,0.00,,yes,18.5,31,-2.328,1,0,-0.014,0.246,29,0
35.06,FLYING,SCAN,0,,,,,100,0,0,0,26,78,CRUISE,,0.91,0.34,0.85,0.00,1.31,0.00,0.00,,yes,18.6,31,0.445,6,6,-0.152,0.410,29,-3
35.11,FLYING,SCAN,0,,,,,100,0,0,0,25,78,CRUISE,,0.68,0.18,0.51,0.00,0.92,0.00,0.00,,yes,18.4,32,-1.896,2,0,-0.200,0.355,29,-4
35.17,FLYING,SCAN,0,,,,,100,0,0,0,28,78,CRUISE,,0.35,0.10,0.33,0.00,1.31,0.00,0.00,,yes,18.5,31,0.812,2,8,-0.049,0.462,29,-1
35.22,FLYING,SCAN,0,,,,,100,0,0,0,29,78,CRUISE,,0.18,0.05,0.26,0.00,0.92,0.00,0.00,,yes,18.4,32,-1.265,0,1,0.008,0.336,29,0
35.28,FLYING,SCAN,0,,,,,100,0,0,0,28,78,CRUISE,,0.11,0.03,0.23,0.00,0.87,0.00,0.00,,yes,18.2,32,-0.122,6,8,-0.060,0.599,29,-1
35.33,FLYING,SCAN,0,,,,,100,0,0,0,28,78,CRUISE,,0.19,0.11,0.38,0.00,0.87,0.00,0.00,,yes,18.5,31,1.904,0,3,-0.047,0.538,29,-1
35.39,FLYING,SCAN,0,,,,,100,0,0,0,31,78,CRUISE,,0.24,0.16,0.46,0.00,0.61,0.00,0.00,,yes,18.5,31,1.105,1,5,0.094,0.488,29,2
35.44,FLYING,SCAN,0,,,,,100,0,0,0,34,78,CRUISE,,0.32,0.19,0.47,0.00,0.43,0.00,0.00,,yes,18.5,31,1.416,0,5,0.273,0.442,29,5
35.49,FLYING,SCAN,0,,,,,100,0,0,0,37,78,OPTOMOTOR,,0.28,0.14,0.34,0.00,0.30,0.00,0.00,,yes,18.5,31,2.255,0,6,0.403,0.406,29,8
35.55,FLYING,SCAN,0,,,,,100,0,0,0,4,78,OPTOMOTOR,,0.34,0.19,0.41,0.00,0.87,0.00,0.00,,yes,18.5,31,0.585,5,6,0.225,0.567,0,4
35.60,FLYING,SCAN,0,,,,,100,0,0,0,0,78,CRUISE,,0.34,0.33,0.53,0.00,0.61,0.00,0.00,,yes,18.5,31,-1.629,1,0,-0.007,0.410,0,0
35.66,FLYING,SCAN,0,,,,,100,0,0,0,-2,78,CRUISE,,0.44,0.40,0.61,0.00,0.87,0.00,0.00,,yes,18.2,32,-4.424,1,0,-0.099,0.278,0,-2
35.71,FLYING,SCAN,0,,,,,100,0,0,0,-5,78,CRUISE,,0.40,0.32,0.66,0.00,0.61,0.00,0.00,,yes,18.2,32,-5.471,2,0,-0.247,0.223,0,-5
35.77,FLYING,SCAN,0,,,,,100,0,0,0,-7,78,OPTOMOTOR,,0.26,0.24,0.68,0.00,1.31,0.00,0.00,,yes,18.2,32,-2.960,1,0,-0.339,0.173,0,-7
35.82,FLYING,SCAN,0,,,,,100,0,0,0,-6,78,OPTOMOTOR,,0.19,0.22,0.58,0.00,0.92,0.00,0.00,,yes,18.5,32,-3.752,0,0,-0.279,0.126,0,-6
35.88,FLYING,SCAN,0,,,,,100,0,0,0,-4,78,OPTOMOTOR,,0.23,0.21,0.51,0.00,0.87,0.00,0.00,,yes,18.6,32,-0.300,4,5,-0.190,0.329,0,-4
35.93,FLYING,SCAN,0,,,,,100,0,0,0,-2,78,CRUISE,,0.25,0.20,0.44,0.00,0.61,0.00,0.00,,yes,18.0,33,-0.006,5,7,-0.104,0.600,0,-2
35.99,FLYING,SCAN,0,,,,,100,0,0,0,0,78,CRUISE,,0.26,0.18,0.33,0.00,0.43,0.00,0.00,,yes,18.2,33,-0.096,5,8,-0.004,0.786,0,0
36.04,FLYING,SCAN,0,,,,,100,0,0,0,1,78,CRUISE,,0.27,0.17,0.24,0.00,0.30,0.00,0.00,,yes,18.3,32,-0.036,6,8,0.039,0.895,0,1
36.10,FLYING,SCAN,0,,,,,100,0,0,0,1,78,CRUISE,,0.27,0.14,0.19,0.00,0.44,0.00,0.00,,yes,17.9,33,-0.037,6,7,0.064,0.952,0,1
36.15,FLYING,SCAN,0,,,,,100,0,0,0,1,78,CRUISE,,0.32,0.16,0.18,0.00,0.44,0.00,0.00,,,18.1,32,-0.012,6,8,0.049,1.000,0,1
36.21,FLYING,SCAN,0,,,,,100,0,0,0,2,78,CRUISE,,0.28,0.23,0.27,0.00,0.31,0.00,0.00,,,18.3,32,-0.038,6,8,0.077,1.000,0,2
36.26,FLYING,SCAN,0,,,,,100,0,0,0,0,78,CRUISE,,0.39,0.27,0.32,0.00,0.44,0.00,0.00,,,18.4,32,0.003,6,7,0.000,1.000,0,0
36.32,FLYING,SCAN,0,,,,,100,0,0,0,0,78,CRUISE,,0.45,0.13,0.16,0.00,0.31,0.00,0.00,,,18.2,32,-0.008,5,7,0.017,0.973,0,0
36.37,FLYING,SCAN,0,,,,,100,0,0,0,3,78,CRUISE,,0.47,0.07,0.09,0.00,0.21,0.00,0.00,,,17.1,36,-0.040,5,8,0.127,0.996,0,3
36.43,FLYING,SCAN,0,,,,,100,0,0,0,0,77,CRUISE,,0.29,0.05,0.06,0.00,0.15,0.00,0.00,,,17.9,33,0.005,6,6,0.000,0.990,0,0
36.49,FLYING,SCAN,0,,,,,100,0,0,0,1,77,CRUISE,,0.20,0.04,0.05,0.00,0.44,0.00,0.00,,,17.9,33,-0.021,6,8,0.066,0.996,0,1
36.54,FLYING,SCAN,0,,,,,100,0,0,0,2,77,CRUISE,,0.18,0.03,0.03,0.00,0.31,0.00,0.00,,,19.5,29,0.026,5,8,0.118,0.994,0,2
36.59,FLYING,SCAN,0,,,,,100,0,0,0,-1,77,CRUISE,,0.17,0.03,0.02,0.00,0.21,0.00,0.00,,,18.2,32,0.004,6,7,-0.054,0.979,0,-1
36.65,FLYING,SCAN,0,,,,,100,0,0,0,2,77,CRUISE,,0.13,0.02,0.04,0.00,0.15,0.00,0.00,,,18.0,33,0.003,5,8,0.094,0.999,0,2
36.70,FLYING,SCAN,0,,,,,100,0,0,0,0,77,CRUISE,,0.11,0.04,0.11,0.00,0.44,0.00,0.00,,,18.2,32,-0.004,6,6,0.009,0.963,0,0
36.76,FLYING,SCAN,0,,,,,100,0,0,0,12,77,CRUISE,,0.48,0.07,0.18,0.00,0.31,0.00,0.00,,,17.9,33,-0.001,5,7,0.105,0.971,10,2
36.81,FLYING,SCAN,0,,,,,100,0,0,0,20,77,CRUISE,,0.67,0.09,0.21,0.00,0.21,0.00,0.00,,yes,17.9,33,1.160,4,7,0.135,0.856,17,3
36.87,FLYING,SCAN,0,,,,,100,0,0,0,24,77,OPTOMOTOR,,0.72,0.07,0.13,0.00,0.44,0.00,0.00,,yes,18.3,32,2.018,0,3,0.168,0.639,21,3
36.92,FLYING,SCAN,0,,,,,100,0,0,0,32,77,OPTOMOTOR,,0.74,0.05,0.09,0.00,0.31,0.00,0.00,,yes,18.0,33,2.442,0,6,0.377,0.574,24,8
36.98,FLYING,SCAN,0,,,,,100,0,0,0,35,77,OPTOMOTOR,,0.75,0.03,0.06,0.00,0.44,0.00,0.00,,yes,18.3,32,2.816,0,7,0.443,0.500,26,9
37.03,FLYING,SCAN,0,,,,,100,0,0,0,39,77,OPTOMOTOR,,0.61,0.07,0.06,0.00,0.31,0.00,0.00,,yes,18.3,32,3.070,0,6,0.619,0.496,27,12
37.09,FLYING,SCAN,0,,,,,100,0,0,0,40,77,OPTOMOTOR,,0.52,0.10,0.08,0.00,0.44,0.00,0.00,,yes,18.4,32,3.159,0,5,0.615,0.460,28,12
37.14,FLYING,SCAN,0,,,,,100,0,0,0,38,77,OPTOMOTOR,,0.49,0.19,0.18,0.00,0.31,0.00,0.00,,yes,18.5,31,3.285,0,2,0.467,0.354,29,9
37.20,FLYING,SCAN,0,,,,,100,0,0,0,38,77,OPTOMOTOR,,0.47,0.27,0.26,0.00,0.87,0.00,0.00,,yes,18.6,31,2.513,0,3,0.456,0.342,29,9
37.25,FLYING,SCAN,0,,,,,100,0,0,0,33,77,OPTOMOTOR,,0.47,0.31,0.40,0.00,0.61,0.00,0.00,,yes,18.4,32,-1.419,2,1,0.225,0.250,29,4
37.30,FLYING,SCAN,0,,,,,100,0,0,0,29,77,CRUISE,,0.24,0.30,0.52,0.00,0.87,0.00,0.00,,yes,18.4,32,-3.276,1,0,0.004,0.188,29,0
37.36,FLYING,SCAN,0,,,,,100,0,0,0,26,77,CRUISE,,0.12,0.25,0.58,0.00,0.61,0.00,0.00,,yes,18.6,31,-0.283,6,7,-0.130,0.468,29,-3
37.41,FLYING,SCAN,0,,,,,100,0,0,0,25,77,CRUISE,,0.07,0.22,0.61,0.00,1.31,0.00,0.00,,yes,18.4,32,-3.485,1,0,-0.193,0.340,29,-4
37.47,FLYING,SCAN,0,,,,,100,0,0,0,24,77,OPTOMOTOR,,0.14,0.34,0.55,0.00,0.92,0.00,0.00,,yes,18.4,32,-3.813,1,0,-0.264,0.239,29,-5
37.52,FLYING,SCAN,0,,,,,100,0,0,0,25,77,OPTOMOTOR,,0.18,0.40,0.52,0.00,0.87,0.00,0.00,,yes,18.6,31,-0.204,6,7,-0.212,0.425,29,-4
37.57,FLYING,SCAN,0,,,,,100,0,0,0,25,77,CRUISE,,0.10,0.29,0.50,0.00,0.61,0.00,0.00,,yes,18.3,32,-3.458,2,0,-0.215,0.349,29,-4
37.63,FLYING,SCAN,0,,,,,100,0,0,0,25,77,OPTOMOTOR,,0.06,0.23,0.49,0.00,1.75,0.00,0.00,,yes,18.5,31,0.171,6,8,-0.187,0.506,29,-4
37.68,FLYING,SCAN,0,,,,,100,0,0,0,26,77,CRUISE,,0.03,0.20,0.53,0.00,1.22,0.00,0.00,,yes,18.3,32,-2.582,1,0,-0.157,0.361,29,-3
37.74,FLYING,SCAN,0,,,,,100,0,0,0,26,77,CRUISE,,0.02,0.21,0.47,0.00,0.86,0.00,0.00,,yes,18.5,31,0.556,6,7,-0.174,0.494,29,-3
37.79,FLYING,SCAN,0,,,,,100,0,0,0,24,77,OPTOMOTOR,,0.03,0.22,0.44,0.00,1.31,0.00,0.00,,yes,18.2,32,-1.635,2,0,-0.246,0.402,29,-5
37.85,FLYING,SCAN,0,,,,,100,0,0,0,23,77,OPTOMOTOR,,0.25,0.32,0.42,0.00,0.92,0.00,0.00,,yes,16.3,39,-3.295,2,0,-0.285,0.279,29,-6
37.90,FLYING,SCAN,0,,,,,100,0,0,0,28,77,OPTOMOTOR,,0.36,0.37,0.41,0.00,1.31,0.00,0.00,,yes,19.5,29,2.218,0,3,-0.070,0.228,29,-1
37.96,FLYING,SCAN,0,,,,,100,0,0,0,33,77,CRUISE,,0.28,0.39,0.44,0.00,0.92,0.00,0.00,,yes,18.3,32,1.964,0,7,0.195,0.305,29,4
38.01,FLYING,SCAN,0,,,,,100,0,0,0,38,77,OPTOMOTOR,,0.24,0.30,0.37,0.00,0.87,0.00,0.00,,yes,18.4,32,1.366,0,8,0.453,0.396,29,9
38.07,FLYING,SCAN,0,,,,,100,0,0,0,40,77,OPTOMOTOR,,0.16,0.18,0.19,0.00,0.61,0.00,0.00,,yes,18.5,31,1.456,0,5,0.549,0.418,29,11
38.12,FLYING,SCAN,0,,,,,100,0,0,0,39,77,OPTOMOTOR,,0.12,0.12,0.09,0.00,0.44,0.00,0.00,,yes,18.3,32,2.313,0,5,0.516,0.388,29,10
38.18,FLYING,SCAN,0,,,,,100,0,0,0,33,77,OPTOMOTOR,,0.10,0.14,0.15,0.00,0.31,0.00,0.00,,yes,18.6,31,0.259,6,6,0.211,0.590,29,4
38.23,FLYING,SCAN,0,,,,,100,0,0,0,33,77,OPTOMOTOR,,0.05,0.15,0.18,0.00,0.87,0.00,0.00,,yes,18.3,32,1.135,6,7,0.216,0.709,29,4
38.29,FLYING,SCAN,0,,,,,100,0,0,0,27,77,CRUISE,,0.03,0.15,0.19,0.00,0.61,0.00,0.00,,yes,18.4,32,-2.403,2,0,-0.078,0.480,29,-2
38.34,FLYING,SCAN,0,,,,,100,0,0,0,25,77,CRUISE,,0.01,0.12,0.22,0.00,0.43,0.00,0.00,,yes,18.4,32,-4.162,2,0,-0.184,0.337,29,-4
38.39,FLYING,SCAN,0,,,,,100,0,0,0,24,77,CRUISE,,0.31,0.13,0.27,0.00,1.31,0.00,0.00,,yes,18.7,31,-0.426,6,5,-0.230,0.442,29,-5
38.45,FLYING,SCAN,0,,,,,100,0,0,0,24,77,OPTOMOTOR,,0.54,0.18,0.34,0.00,0.92,0.00,0.00,,yes,18.2,32,-3.249,2,0,-0.259,0.359,29,-5
38.50,FLYING,SCAN,0,,,,,100,0,0,0,25,77,OPTOMOTOR,,0.89,0.20,0.37,0.00,0.87,0.00,0.00,,yes,18.4,32,0.286,6,7,-0.205,0.550,29,-4
38.56,FLYING,SCAN,0,,,,,100,0,0,0,25,77,CRUISE,,1.07,0.20,0.38,0.00,0.61,0.00,0.00,,yes,18.5,31,-2.335,1,0,-0.201,0.386,29,-4
38.61,FLYING,SCAN,0,,,,,100,0,0,0,27,77,OPTOMOTOR,,0.59,0.20,0.33,0.00,0.44,0.00,0.00,,yes,18.6,31,1.054,0,5,-0.088,0.355,29,-2
38.67,FLYING,SCAN,0,,,,,100,0,0,0,31,77,CRUISE,,0.33,0.20,0.31,0.00,0.44,0.00,0.00,,yes,16.1,40,1.321,0,1,0.105,0.319,29,2
38.73,FLYING,SCAN,0,,,,,100,0,0,0,29,77,CRUISE,,0.20,0.17,0.27,0.00,0.31,0.00,0.00,,yes,18.3,32,0.384,6,8,-0.002,0.633,29,0
38.78,FLYING,SCAN,0,,,,,100,0,0,0,28,77,CRUISE,,0.13,0.16,0.21,0.00,0.44,0.00,0.00,,yes,18.2,32,-1.021,2,4,-0.038,0.585,29,-1
38.84,FLYING,SCAN,0,,,,,100,0,0,0,26,77,CRUISE,,0.16,0.16,0.17,0.00,0.31,0.00,0.00,,yes,18.5,31,-2.528,2,0,-0.175,0.396,29,-3
38.89,FLYING,SCAN,0,,,,,100,0,0,0,25,77,OPTOMOTOR,,0.17,0.16,0.15,0.00,0.87,0.00,0.00,,yes,18.5,31,-0.105,6,7,-0.198,0.628,29,-4
38.94,FLYING,SCAN,0,,,,,100,0,0,0,25,77,CRUISE,,0.16,0.16,0.26,0.00,0.61,0.00,0.00,,yes,18.4,32,-5.642,1,0,-0.179,0.415,29,-4
39.00,FLYING,SCAN,0,,,,,100,0,0,0,25,77,CRUISE,,0.16,0.17,1.02,0.00,1.31,0.00,0.00,,yes,18.5,31,-4.547,2,0,-0.223,0.286,29,-4
39.05,FLYING,SCAN,0,,,,,100,0,0,0,24,77,OPTOMOTOR,,0.16,0.17,1.40,0.00,0.92,0.00,0.00,,yes,18.5,31,-0.459,6,5,-0.240,0.457,29,-5
39.11,FLYING,SCAN,0,,,,,100,0,0,0,25,77,OPTOMOTOR,,0.13,0.16,1.10,0.00,0.87,0.00,0.00,,yes,18.4,32,-4.014,0,0,-0.200,0.343,29,-4
39.16,FLYING,SCAN,0,,,,,100,0,0,0,25,77,OPTOMOTOR,,0.07,0.16,0.85,0.00,0.87,0.00,0.00,,yes,18.5,31,-0.433,6,7,-0.202,0.512,29,-4
39.21,FLYING,SCAN,0,,,,,100,0,0,0,24,77,OPTOMOTOR,,0.05,0.21,0.71,0.00,0.61,0.00,0.00,,yes,18.7,31,-4.200,1,0,-0.248,0.350,29,-5
39.27,FLYING,SCAN,0,,,,,100,0,0,0,-7,77,OPTOMOTOR,,0.02,0.24,0.64,0.00,1.75,0.00,0.00,,yes,18.4,32,-5.161,2,0,-0.342,0.264,0,-7
39.32,FLYING,SCAN,0,,,,,100,0,0,0,-8,77,OPTOMOTOR,,0.01,0.25,0.60,0.00,1.22,0.00,0.00,,yes,18.4,32,-7.548,2,0,-0.415,0.201,0,-8
39.39,FLYING,SCAN,0,,,,,100,0,0,0,-6,77,OPTOMOTOR,,0.01,0.26,0.59,0.00,0.87,0.00,0.00,,yes,15.8,41,-2.954,0,0,-0.288,0.127,0,-6
39.44,FLYING,SCAN,0,,,,,100,0,0,0,-6,77,OPTOMOTOR,,0.02,0.19,0.51,0.00,0.61,0.00,0.00,,yes,18.1,33,-7.367,2,0,-0.308,0.124,0,-6
39.50,FLYING,SCAN,0,,,,,100,0,0,0,-4,77,OPTOMOTOR,,0.03,0.16,0.47,0.00,1.31,0.00,0.00,,yes,18.2,32,-3.600,0,0,-0.220,0.084,0,-4
39.55,FLYING,SCAN,0,,,,,100,0,0,0,-3,77,OPTOMOTOR,,0.01,0.19,0.46,0.00,0.92,0.00,0.00,,yes,18.0,33,-4.995,0,0,-0.150,0.062,0,-3
39.61,FLYING,SCAN,0,,,,,100,0,0,0,-5,77,CRUISE,,0.01,0.21,0.46,0.00,0.64,0.00,0.00,,yes,18.3,32,-3.605,2,0,-0.242,0.087,0,-5
39.66,FLYING,SCAN,0,,,,,100,0,0,0,-6,77,OPTOMOTOR,,0.03,0.22,0.41,0.00,0.45,0.00,0.00,,yes,18.3,32,-1.917,2,0,-0.320,0.116,0,-6
39.72,FLYING,SCAN,0,,,,,100,0,0,0,-7,77,OPTOMOTOR,,0.04,0.21,0.39,0.00,0.87,0.00,0.00,,yes,18.2,32,-3.967,2,0,-0.326,0.118,0,-7
39.77,FLYING,SCAN,0,,,,,100,0,0,0,-5,77,OPTOMOTOR,,0.02,0.20,0.41,0.00,0.61,0.00,0.00,,yes,18.2,32,-2.151,1,0,-0.242,0.085,0,-5
39.83,FLYING,SCAN,0,,,,,100,0,0,0,-6,77,OPTOMOTOR,,0.02,0.20,0.41,0.00,0.44,0.00,0.00,,yes,18.2,32,-4.724,2,0,-0.320,0.115,0,-6
39.88,FLYING,SCAN,0,,,,,100,0,0,0,-7,77,OPTOMOTOR,,0.05,0.21,0.42,0.00,0.44,0.00,0.00,,,18.1,32,-4.806,2,0,-0.326,0.117,0,-7
39.94,FLYING,SCAN,0,,,,,100,0,0,0,-5,77,OPTOMOTOR,,0.07,0.31,0.42,0.00,0.31,0.00,0.00,,,18.2,32,-4.261,0,0,-0.267,0.094,0,-5
39.99,FLYING,SCAN,0,,,,,100,0,0,0,-6,77,OPTOMOTOR,,0.08,0.36,0.42,0.00,0.87,0.00,0.00,,,18.2,32,-2.122,2,0,-0.297,0.106,0,-6
40.05,FLYING,SCAN,0,,,,,100,0,0,0,-6,77,OPTOMOTOR,,0.06,0.31,0.41,0.00,0.61,0.00,0.00,,,18.5,32,-4.797,1,0,-0.301,0.107,0,-6
40.10,FLYING,SCAN,0,,,,,100,0,0,0,-7,77,OPTOMOTOR,,0.06,0.28,0.38,0.00,0.44,0.00,0.00,,,18.3,32,-2.396,2,0,-0.353,0.141,0,-7
40.16,FLYING,SCAN,0,,,,,100,0,0,0,-7,77,OPTOMOTOR,,0.05,0.23,0.34,0.00,0.31,0.00,0.00,,,18.2,32,-4.647,1,0,-0.332,0.127,0,-7
40.21,FLYING,SCAN,0,,,,,100,0,0,0,-5,77,OPTOMOTOR,,0.10,0.18,0.31,0.00,0.44,0.00,0.00,,,18.7,32,-4.691,0,0,-0.271,0.100,0,-5
40.26,FLYING,SCAN,0,,,,,100,0,0,0,-6,77,OPTOMOTOR,,0.12,0.13,0.29,0.00,0.31,0.00,0.00,,,18.7,32,-2.284,2,0,-0.298,0.109,0,-6
40.32,FLYING,SCAN,0,,,,,100,0,0,0,-7,77,OPTOMOTOR,,0.11,0.10,0.27,0.00,0.44,0.00,0.00,,,18.1,32,-4.034,2,0,-0.352,0.128,0,-7
40.37,FLYING,SCAN,0,,,,,100,0,0,0,-7,77,OPTOMOTOR,,0.10,0.08,0.25,0.00,0.31,0.00,0.00,,,18.4,32,-3.483,2,0,-0.344,0.124,0,-7
40.43,FLYING,SCAN,0,,,,,100,0,0,0,-6,77,OPTOMOTOR,,0.10,0.07,0.24,0.00,0.44,0.00,0.00,,,18.2,32,-1.665,2,0,-0.302,0.108,0,-6
40.48,FLYING,SCAN,0,,,,,100,0,0,0,4,77,OPTOMOTOR,,0.08,0.08,0.22,0.00,0.31,0.00,0.00,,,18.3,32,-2.851,2,0,-0.316,0.113,10,-6
40.54,FLYING,SCAN,0,,,,,100,0,0,0,10,77,OPTOMOTOR,,0.07,0.08,0.19,0.00,0.44,0.00,0.00,,,18.4,32,-1.233,2,1,-0.362,0.150,17,-7
40.59,FLYING,SCAN,0,,,,,100,0,0,0,20,77,CRUISE,,0.06,0.09,0.19,0.00,0.44,0.00,0.00,,yes,18.4,32,1.075,3,7,-0.048,0.347,21,-1
40.65,FLYING,SCAN,0,,,,,100,0,0,0,26,77,CRUISE,,0.06,0.09,0.19,0.00,0.31,0.00,0.00,,yes,18.2,32,1.012,1,6,0.081,0.472,24,2
40.70,FLYING,SCAN,0,,,,,100,0,0,0,31,77,OPTOMOTOR,,0.08,0.09,0.18,0.00,0.21,0.00,0.00,,yes,18.5,31,2.208,0,4,0.258,0.428,26,5
40.75,FLYING,SCAN,0,,,,,100,0,0,0,34,77,OPTOMOTOR,,0.10,0.09,0.13,0.00,0.15,0.00,0.00,,yes,18.4,32,1.857,0,3,0.334,0.355,27,7
40.81,FLYING,SCAN,0,,,,,100,0,0,0,36,77,OPTOMOTOR,,0.10,0.09,0.11,0.00,0.44,0.00,0.00,,yes,18.3,32,2.064,0,5,0.382,0.309,28,8
40.86,FLYING,SCAN,0,,,,,100,0,0,0,35,77,OPTOMOTOR,,0.05,0.10,0.18,0.00,0.31,0.00,0.00,,yes,18.5,31,1.085,3,6,0.307,0.446,29,6
40.92,FLYING,SCAN,0,,,,,100,0,0,0,38,77,OPTOMOTOR,,0.03,0.12,0.21,0.00,0.87,0.00,0.00,,yes,16.2,39,1.466,1,7,0.436,0.489,29,9
40.98,FLYING,SCAN,0,,,,,100,0,0,0,32,77,OPTOMOTOR,,0.06,0.13,0.19,0.00,0.61,0.00,0.00,,yes,18.2,32,-1.329,2,1,0.148,0.418,29,3
41.03,FLYING,SCAN,0,,,,,100,0,0,0,29,77,CRUISE,,0.08,0.14,0.18,0.00,1.31,0.00,0.00,,yes,18.6,31,-2.617,1,0,-0.017,0.283,29,0
41.09,FLYING,SCAN,0,,,,,100,0,0,0,26,77,CRUISE,,0.09,0.24,0.31,0.00,0.92,0.00,0.00,,yes,18.5,31,0.166,6,5,-0.150,0.426,29,-3
41.14,FLYING,SCAN,0,,,,,100,0,0,0,26,77,CRUISE,,0.06,0.34,0.38,0.00,0.87,0.00,0.00,,yes,18.2,32,-3.321,0,0,-0.127,0.311,29,-3
41.20,FLYING,SCAN,0,,,,,100,0,0,0,26,77,CRUISE,,0.03,0.39,0.41,0.00,0.61,0.00,0.00,,yes,18.6,31,-0.131,6,8,-0.129,0.557,29,-3
41.25,FLYING,SCAN,0,,,,,100,0,0,0,26,77,CRUISE,,0.02,0.32,0.40,0.00,0.87,0.00,0.00,,yes,18.6,31,-3.858,1,0,-0.160,0.390,29,-3
41.30,FLYING,SCAN,0,,,,,100,0,0,0,26,77,CRUISE,,0.01,0.29,0.39,0.00,1.31,0.00,0.00,,yes,18.4,31,-2.461,1,0,-0.143,0.238,29,-3
41.36,FLYING,SCAN,0,,,,,100,0,0,0,26,77,CRUISE,,0.02,0.30,0.41,0.00,0.92,0.00,0.00,,yes,18.5,31,0.814,6,8,-0.146,0.458,29,-3
41.41,FLYING,SCAN,0,,,,,100,0,0,0,27,77,CRUISE,,0.03,0.30,0.42,0.00,0.64,0.00,0.00,,yes,18.4,31,-0.962,3,3,-0.113,0.473,29,-2
41.47,FLYING,SCAN,0,,,,,100,0,0,0,27,76,CRUISE,,0.07,0.20,0.30,0.00,0.45,0.00,0.00,,yes,18.3,32,-0.702,6,7,-0.103,0.643,29,-2
41.52,FLYING,SCAN,0,,,,,100,0,0,0,31,76,CRUISE,,0.08,0.15,0.22,0.00,0.87,0.00,0.00,,yes,18.4,32,1.359,0,6,0.092,0.619,29,2
41.58,FLYING,SCAN,0,,,,,100,0,0,0,30,76,CRUISE,,0.08,0.12,0.14,0.00,0.61,0.00,0.00,,yes,18.3,32,-0.667,5,5,0.067,0.668,29,1
41.63,FLYING,SCAN,0,,,,,100,0,0,0,31,76,CRUISE,,0.08,0.10,0.10,0.00,0.44,0.00,0.00,,yes,18.7,32,1.217,2,7,0.099,0.691,29,2
41.68,FLYING,SCAN,0,,,,,100,0,0,0,29,76,CRUISE,,0.08,0.09,0.10,0.00,0.31,0.00,0.00,,yes,18.5,31,-0.919,6,5,-0.024,0.742,29,0
41.74,FLYING,SCAN,0,,,,,100,0,0,0,30,76,CRUISE,,0.08,0.09,0.14,0.00,0.87,0.00,0.00,,yes,18.3,32,1.121,0,5,0.047,0.584,29,1
41.79,FLYING,SCAN,0,,,,,100,0,0,0,28,76,CRUISE,,0.04,0.10,0.21,0.00,0.61,0.00,0.00,,yes,18.5,31,-1.335,2,0,-0.059,0.467,29,-1
41.85,FLYING,SCAN,0,,,,,100,0,0,0,27,76,CRUISE,,0.02,0.11,0.24,0.00,0.87,0.00,0.00,,yes,18.3,32,-4.737,0,0,-0.105,0.291,29,-2
41.91,FLYING,SCAN,0,,,,,100,0,0,0,29,76,CRUISE,,0.12,0.14,0.18,0.00,0.61,0.00,0.00,,yes,15.7,31,1.261,0,5,0.011,0.302,29,0
41.96,FLYING,SCAN,0,,,,,100,0,0,0,30,76,CRUISE,,0.17,0.15,0.14,0.00,0.87,0.00,0.00,,yes,18.3,32,0.795,5,7,0.044,0.542,29,1
42.02,FLYING,SCAN,0,,,,,100,0,0,0,27,76,CRUISE,,0.10,0.18,0.25,0.00,0.87,0.00,0.00,,yes,18.4,32,-1.118,3,2,-0.111,0.529,29,-2
42.07,FLYING,SCAN,0,,,,,100,0,0,0,27,76,CRUISE,,0.06,0.20,0.31,0.00,0.61,0.00,0.00,,yes,18.5,31,-0.761,3,5,-0.080,0.522,29,-2
42.13,FLYING,SCAN,0,,,,,100,0,0,0,33,76,CRUISE,,0.04,0.15,0.28,0.00,0.44,0.00,0.00,,yes,18.4,31,1.221,1,8,0.177,0.551,29,4
42.18,FLYING,SCAN,0,,,,,100,0,0,0,30,76,CRUISE,,0.05,0.11,0.16,0.00,0.31,0.00,0.00,,yes,18.5,31,-1.738,1,0,0.068,0.343,29,1
42.23,FLYING,SCAN,0,,,,,100,0,0,0,27,76,CRUISE,,0.06,0.09,0.11,0.00,1.31,0.00,0.00,,yes,18.5,31,0.257,6,7,-0.082,0.484,29,-2
42.29,FLYING,SCAN,0,,,,,100,0,0,0,25,76,CRUISE,,0.04,0.17,0.24,0.00,0.92,0.00,0.00,,yes,18.5,31,-3.485,2,0,-0.187,0.339,29,-4
42.34,FLYING,SCAN,0,,,,,100,0,0,0,24,76,OPTOMOTOR,,0.02,0.21,0.31,0.00,0.64,0.00,0.00,,yes,18.6,31,-4.879,1,0,-0.258,0.238,29,-5
42.40,FLYING,SCAN,0,,,,,100,0,0,0,22,76,OPTOMOTOR,,0.01,0.17,0.59,0.00,1.75,0.00,0.00,,yes,18.7,32,-1.753,1,0,-0.346,0.182,29,-7
42.45,FLYING,SCAN,0,,,,,100,0,0,0,24,76,OPTOMOTOR,,0.01,0.14,0.73,0.00,1.22,0.00,0.00,,yes,18.6,31,-6.082,1,0,-0.263,0.121,29,-5
42.51,FLYING,SCAN,0,,,,,100,0,0,0,22,76,OPTOMOTOR,,0.01,0.14,0.80,0.00,0.86,0.00,0.00,,yes,17.5,34,-1.077,2,1,-0.332,0.154,29,-7
42.56,FLYING,SCAN,0,,,,,100,0,0,0,23,76,OPTOMOTOR,,0.06,0.14,0.69,0.00,1.31,0.00,0.00,,yes,19.6,29,-4.621,1,0,-0.320,0.134,29,-6
42.61,FLYING,SCAN,0,,,,,100,0,0,0,23,76,OPTOMOTOR,,0.13,0.13,0.64,0.00,0.92,0.00,0.00,,yes,18.8,31,-4.025,1,0,-0.276,0.109,29,-6
42.67,FLYING,SCAN,0,,,,,100,0,0,0,24,76,OPTOMOTOR,,0.12,0.10,0.50,0.00,1.31,0.00,0.00,,yes,18.6,31,-0.052,6,6,-0.225,0.348,29,-5
42.72,FLYING,SCAN,0,,,,,100,0,0,0,25,76,CRUISE,,0.08,0.10,0.38,0.00,0.92,0.00,0.00,,yes,18.6,31,-3.280,2,0,-0.207,0.320,29,-4
42.77,FLYING,SCAN,0,,,,,100,0,0,0,23,76,OPTOMOTOR,,0.06,0.08,0.31,0.00,0.87,0.00,0.00,,yes,18.6,31,-2.907,2,0,-0.300,0.232,29,-6
42.83,FLYING,SCAN,0,,,,,100,0,0,0,25,76,CRUISE,,0.05,0.07,0.33,0.00,0.61,0.00,0.00,,yes,18.7,31,-0.044,6,7,-0.190,0.450,29,-4
42.88,FLYING,SCAN,0,,,,,100,0,0,0,25,76,CRUISE,,0.03,0.07,0.34,0.00,0.87,0.00,0.00,,yes,18.4,32,-3.089,1,0,-0.197,0.358,29,-4
42.93,FLYING,SCAN,0,,,,,100,0,0,0,25,76,CRUISE,,0.01,0.07,0.35,0.00,0.87,0.00,0.00,,yes,18.5,31,0.245,6,7,-0.181,0.507,29,-4
42.99,FLYING,SCAN,0,,,,,100,0,0,0,-3,76,CRUISE,,0.01,0.15,0.50,0.00,1.31,0.00,0.00,,yes,18.6,31,-3.120,1,0,-0.165,0.319,0,-3
43.04,FLYING,SCAN,0,,,,,100,0,0,0,-4,76,CRUISE,,0.00,0.19,0.58,0.00,0.92,0.00,0.00,,yes,18.5,31,-6.525,2,0,-0.214,0.217,0,-4
43.10,FLYING,SCAN,0,,,,,100,0,0,0,-6,76,OPTOMOTOR,,0.01,0.16,0.43,0.00,0.87,0.00,0.00,,yes,18.2,32,-3.226,2,0,-0.295,0.160,0,-6
43.15,FLYING,SCAN,0,,,,,100,0,0,0,-5,76,OPTOMOTOR,,0.02,0.14,0.36,0.00,0.61,0.00,0.00,,yes,17.9,33,-5.982,1,0,-0.232,0.109,0,-5
43.21,FLYING,SCAN,0,,,,,100,0,0,0,-6,76,OPTOMOTOR,,0.03,0.12,0.32,0.00,0.44,0.00,0.00,,yes,18.7,32,-5.061,2,0,-0.277,0.114,0,-6
43.26,FLYING,SCAN,0,,,,,100,0,0,0,-5,76,OPTOMOTOR,,0.16,0.10,0.16,0.00,0.31,0.00,0.00,,yes,18.3,32,-1.163,0,1,-0.240,0.112,0,-5
43.32,FLYING,SCAN,0,,,,,100,0,0,0,-4,76,OPTOMOTOR,,0.25,0.08,0.08,0.00,0.87,0.00,0.00,,yes,18.2,33,-0.893,4,4,-0.211,0.259,0,-4
43.37,FLYING,SCAN,0,,,,,100,0,0,0,-4,76,OPTOMOTOR,,0.28,0.13,0.20,0.00,0.61,0.00,0.00,,yes,18.2,32,-0.344,6,7,-0.200,0.537,0,-4
43.43,FLYING,SCAN,0,,,,,100,0,0,0,-2,76,CRUISE,,0.26,0.16,0.27,0.00,0.44,0.00,0.00,,yes,18.1,33,-0.136,6,8,-0.124,0.769,0,-2
43.48,FLYING,SCAN,0,,,,,100,0,0,0,-1,76,CRUISE,,0.17,0.08,0.14,0.00,0.31,0.00,0.00,,yes,18.3,32,-0.334,6,8,-0.054,0.857,0,-1
43.54,FLYING,SCAN,0,,,,,100,0,0,0,-1,76,CRUISE,,0.12,0.05,0.07,0.00,0.87,0.00,0.00,,yes,18.3,32,-0.195,6,8,-0.048,0.921,0,-1
43.59,FLYING,SCAN,0,,,,,100,0,0,0,0,76,CRUISE,,0.22,0.05,0.07,0.00,0.61,0.00,0.00,,,17.9,33,-0.137,5,7,0.003,0.933,0,0
43.65,FLYING,SCAN,0,,,,,100,0,0,0,0,76,CRUISE,,0.31,0.07,0.07,0.00,1.31,0.00,0.00,,,18.5,32,-0.317,5,7,-0.022,0.926,0,0
43.70,FLYING,SCAN,0,,,,,100,0,0,0,-3,76,CRUISE,,0.39,0.13,0.06,0.00,0.92,0.00,0.00,,,17.7,34,0.071,6,7,-0.155,0.941,0,-3
43.76,FLYING,SCAN,0,,,,,100,0,0,0,2,76,CRUISE,,0.44,0.17,0.06,0.00,0.87,0.00,0.00,,,17.8,33,1.214,2,7,0.096,0.815,0,2
43.81,FLYING,SCAN,0,,,,,100,0,0,0,1,76,CRUISE,,0.33,0.10,0.03,0.00,0.87,0.00,0.00,,,18.3,32,2.941,0,2,0.057,0.554,0,1
43.87,FLYING,SCAN,0,,,,,100,0,0,0,2,76,CRUISE,,0.26,0.06,0.02,0.00,0.61,0.00,0.00,,,18.1,33,2.404,0,1,0.082,0.374,0,2
43.92,FLYING,SCAN,0,,,,,100,0,0,0,8,76,OPTOMOTOR,,0.21,0.05,0.02,0.00,0.44,0.00,0.00,,,18.3,32,1.183,0,8,0.404,0.463,0,8
43.98,FLYING,SCAN,0,,,,,100,0,0,0,6,76,OPTOMOTOR,,0.20,0.03,0.14,0.00,0.31,0.00,0.00,,,18.1,33,1.062,3,8,0.314,0.599,0,6
44.04,FLYING,SCAN,0,,,,,100,0,0,0,8,76,OPTOMOTOR,,0.18,0.02,0.16,0.00,0.21,0.00,0.00,,,16.3,39,1.321,1,7,0.419,0.590,0,8
44.09,FLYING,SCAN,0,,,,,100,0,0,0,8,76,OPTOMOTOR,,0.09,0.02,0.16,0.00,0.15,0.00,0.00,,,18.5,32,1.137,2,7,0.391,0.618,0,8
44.15,FLYING,SCAN,0,,,,,100,0,0,0,5,76,OPTOMOTOR,,0.05,0.02,0.13,0.00,0.10,0.00,0.00,,,17.9,33,0.775,4,6,0.248,0.667,0,5
44.21,FLYING,SCAN,0,,,,,100,0,0,0,14,76,OPTOMOTOR,,0.04,0.03,0.12,0.00,0.07,0.00,0.00,,,18.0,33,0.235,6,7,0.202,0.824,10,4
44.26,FLYING,SCAN,0,,,,,100,0,0,0,25,76,OPTOMOTOR,,0.04,0.03,0.11,0.00,0.87,0.00,0.00,,yes,18.3,32,1.256,0,7,0.381,0.726,17,8
44.32,FLYING,SCAN,0,,,,,100,0,0,0,26,76,CRUISE,,0.15,0.04,0.06,0.00,0.61,0.00,0.00,,yes,18.0,33,1.970,0,4,0.231,0.513,21,5
44.37,FLYING,SCAN,0,,,,,100,0,0,0,30,76,OPTOMOTOR,,0.21,0.05,0.03,0.00,0.43,0.00,0.00,,yes,18.1,33,2.746,0,5,0.296,0.413,24,6
44.42,FLYING,SCAN,0,,,,,100,0,0,0,36,76,OPTOMOTOR,,0.24,0.05,0.05,0.00,0.44,0.00,0.00,,yes,19.4,29,3.345,0,6,0.487,0.433,26,10
44.48,FLYING,SCAN,0,,,,,100,0,0,0,36,76,OPTOMOTOR,,0.19,0.05,0.06,0.00,0.31,0.00,0.00,,yes,18.3,31,4.067,0,2,0.451,0.353,27,9
44.53,FLYING,SCAN,0,,,,,100,0,0,0,36,76,OPTOMOTOR,,0.16,0.06,0.07,0.00,0.44,0.00,0.00,,yes,18.7,32,3.025,0,5,0.420,0.323,28,8
44.59,FLYING,SCAN,0,,,,,100,0,0,0,40,76,OPTOMOTOR,,0.09,0.06,0.12,0.00,0.31,0.00,0.00,,yes,18.3,32,3.210,0,7,0.541,0.401,29,11
44.64,FLYING,SCAN,0,,,,,100,0,0,0,41,76,OPTOMOTOR,,0.05,0.08,0.15,0.00,0.44,0.00,0.00,,yes,18.3,31,3.418,0,7,0.616,0.445,29,12
44.69,FLYING,SCAN,0,,,,,100,0,0,0,38,76,OPTOMOTOR,,0.03,0.08,0.27,0.00,0.31,0.00,0.00,,yes,18.5,31,3.306,0,2,0.467,0.346,29,9
44.75,FLYING,SCAN,0,,,,,100,0,0,0,41,76,OPTOMOTOR,,0.01,0.08,0.34,0.00,1.31,0.00,0.00,,yes,18.5,31,0.942,1,8,0.595,0.452,29,12
44.80,FLYING,SCAN,0,,,,,100,0,0,0,34,76,OPTOMOTOR,,0.01,0.08,0.36,0.00,0.92,0.00,0.00,,yes,18.5,31,-2.916,1,0,0.262,0.302,29,5
44.86,FLYING,SCAN,0,,,,,100,0,0,0,28,76,CRUISE,,0.00,0.12,0.37,0.00,0.87,0.00,0.00,,yes,18.3,32,-0.786,5,5,-0.051,0.404,29,-1
44.91,FLYING,SCAN,0,,,,,100,0,0,0,26,76,CRUISE,,0.00,0.11,0.37,0.00,0.61,0.00,0.00,,yes,18.5,31,-5.196,2,0,-0.139,0.280,29,-3
44.96,FLYING,SCAN,0,,,,,100,0,0,0,26,76,CRUISE,,0.00,0.14,0.42,0.00,1.31,0.00,0.00,,yes,18.5,31,-0.414,5,7,-0.164,0.444,29,-3
45.02,FLYING,SCAN,0,,,,,100,0,0,0,25,76,CRUISE,,0.00,0.14,0.45,0.00,0.92,0.00,0.00,,yes,18.5,31,-4.602,1,0,-0.193,0.311,29,-4
45.07,FLYING,SCAN,0,,,,,100,0,0,0,23,76,OPTOMOTOR,,0.00,0.15,0.44,0.00,1.31,0.00,0.00,,yes,18.5,31,-4.843,2,0,-0.290,0.228,29,-6
45.13,FLYING,SCAN,0,,,,,100,0,0,0,25,76,OPTOMOTOR,,0.03,0.16,0.31,0.00,0.92,0.00,0.00,,yes,18.6,31,-0.377,5,7,-0.191,0.400,29,-4
45.18,FLYING,SCAN,0,,,,,100,0,0,0,24,76,OPTOMOTOR,,0.04,0.17,0.25,0.00,1.31,0.00,0.00,,yes,18.6,31,-4.114,2,0,-0.237,0.335,29,-5
45.23,FLYING,SCAN,0,,,,,100,0,0,0,23,76,OPTOMOTOR,,0.02,0.20,0.31,0.00,0.92,0.00,0.00,,yes,18.5,31,-3.588,1,0,-0.315,0.236,29,-6
45.29,FLYING,SCAN,0,,,,,100,0,0,0,25,76,OPTOMOTOR,,0.01,0.22,0.33,0.00,0.64,0.00,0.00,,yes,18.5,31,0.219,6,7,-0.219,0.495,29,-4
45.34,FLYING,SCAN,0,,,,,100,0,0,0,24,76,OPTOMOTOR,,0.00,0.20,0.34,0.00,1.31,0.00,0.00,,yes,18.5,31,-3.593,2,0,-0.238,0.403,29,-5
45.40,FLYING,SCAN,0,,,,,100,0,0,0,24,76,OPTOMOTOR,,0.01,0.14,0.25,0.00,0.92,0.00,0.00,,yes,18.6,31,-0.784,5,4,-0.254,0.441,29,-5
45.45,FLYING,SCAN,0,,,,,100,0,0,0,25,76,OPTOMOTOR,,0.01,0.11,0.21,0.00,1.75,0.00,0.00,,yes,18.5,31,-5.293,0,0,-0.204,0.305,29,-4
45.50,FLYING,SCAN,0,,,,,100,0,0,0,23,76,OPTOMOTOR,,0.01,0.13,0.58,0.00,1.22,0.00,0.00,,yes,18.8,31,-3.014,2,0,-0.325,0.239,29,-6
45.56,FLYING,SCAN,0,,,,,100,0,0,0,25,76,OPTOMOTOR,,0.00,0.14,0.77,0.00,1.31,0.00,0.00,,yes,17.9,33,0.752,3,5,-0.195,0.330,29,-4
45.61,FLYING,SCAN,0,,,,,100,0,0,0,26,76,CRUISE,,0.06,0.15,0.47,0.00,0.92,0.00,0.00,,yes,18.4,31,-1.931,2,0,-0.159,0.267,29,-3
45.67,FLYING,SCAN,0,,,,,100,0,0,0,26,76,CRUISE,,0.09,0.15,0.32,0.00,1.31,0.00,0.00,,yes,18.7,32,0.470,5,6,-0.153,0.489,29,-3
45.72,FLYING,SCAN,0,,,,,100,0,0,0,25,76,CRUISE,,0.05,0.15,0.28,0.00,0.92,0.00,0.00,,yes,18.4,32,-1.884,2,0,-0.197,0.370,29,-4
45.78,FLYING,SCAN,0,,,,,100,0,0,0,24,76,OPTOMOTOR,,0.02,0.16,0.28,0.00,0.87,0.00,0.00,,yes,18.4,31,-1.359,2,0,-0.272,0.275,29,-5
45.83,FLYING,SCAN,0,,,,,100,0,0,0,29,76,OPTOMOTOR,,0.02,0.18,0.29,0.00,0.61,0.00,0.00,,yes,18.6,31,1.336,0,5,-0.020,0.264,29,0
45.88,FLYING,SCAN,0,,,,,100,0,0,0,28,76,CRUISE,,0.04,0.19,0.29,0.00,1.31,0.00,0.00,,yes,18.3,32,-0.471,5,6,-0.069,0.516,29,-1
45.94,FLYING,SCAN,0,,,,,100,0,0,0,28,76,CRUISE,,0.05,0.18,0.24,0.00,0.92,0.00,0.00,,yes,18.6,31,-0.710,5,6,-0.056,0.615,29,-1
45.99,FLYING,SCAN,0,,,,,100,0,0,0,33,76,CRUISE,,0.07,0.15,0.18,0.00,0.87,0.00,0.00,,yes,18.3,31,1.238,1,8,0.209,0.632,29,4
46.05,FLYING,SCAN,0,,,,,100,0,0,0,30,76,CRUISE,,0.09,0.16,0.16,0.00,0.61,0.00,0.00,,yes,18.3,32,-0.635,4,5,0.029,0.685,29,1
46.10,FLYING,SCAN,0,,,,,100,0,0,0,27,76,CRUISE,,0.09,0.16,0.27,0.00,0.43,0.00,0.00,,yes,18.5,31,-0.822,6,5,-0.077,0.695,29,-2
46.16,FLYING,SCAN,0,,,,,100,0,0,0,32,76,CRUISE,,0.10,0.19,0.33,0.00,0.44,0.00,0.00,,yes,18.2,32,1.348,0,6,0.127,0.634,29,3
46.23,FLYING,SCAN,0,,,,,100,0,0,0,30,76,CRUISE,,0.11,0.20,0.30,0.00,0.31,0.00,0.00,,yes,14.1,48,0.024,6,6,0.061,0.758,29,1
46.28,FLYING,SCAN,0,,,,,100,0,0,0,32,76,CRUISE,,0.09,0.16,0.29,0.00,0.87,0.00,0.00,,yes,18.4,31,0.803,5,7,0.146,0.827,29,3
46.34,FLYING,SCAN,0,,,,,100,0,0,0,34,76,OPTOMOTOR,,0.08,0.14,0.21,0.00,0.61,0.00,0.00,,yes,18.4,32,1.487,0,6,0.266,0.680,29,5
46.39,FLYING,SCAN,0,,,,,100,0,0,0,35,76,OPTOMOTOR,,0.08,0.11,0.18,0.00,0.44,0.00,0.00,,yes,18.5,31,-0.063,5,8,0.290,0.802,29,6
46.44,FLYING,SCAN,0,,,,,100,0,0,0,29,76,CRUISE,,0.08,0.10,0.17,0.00,0.31,0.00,0.00,,yes,18.4,32,-0.547,6,5,0.008,0.833,29,0
46.50,FLYING,SCAN,0,,,,,100,0,0,0,33,76,CRUISE,,0.05,0.10,0.23,0.00,0.87,0.00,0.00,,yes,18.4,31,1.275,1,5,0.178,0.683,29,4
46.55,FLYING,SCAN,0,,,,,100,0,0,0,28,76,CRUISE,,0.08,0.13,0.26,0.00,0.61,0.00,0.00,,yes,18.4,32,-1.438,3,1,-0.066,0.547,29,-1
46.61,FLYING,SCAN,0,,,,,100,0,0,0,26,76,CRUISE,,0.10,0.14,0.26,0.00,0.44,0.00,0.00,,yes,18.5,32,-2.791,1,0,-0.159,0.355,29,-3
46.66,FLYING,SCAN,0,,,,,100,0,0,0,27,76,CRUISE,,0.11,0.17,0.26,0.00,1.31,0.00,0.00,,yes,18.5,31,-0.125,6,8,-0.121,0.596,29,-2
46.72,FLYING,SCAN,0,,,,,100,0,0,0,-3,76,CRUISE,,0.06,0.23,0.53,0.00,0.92,0.00,0.00,,yes,18.4,32,-3.791,1,0,-0.161,0.411,0,-3
46.77,FLYING,SCAN,0,,,,,100,0,0,0,-4,76,OPTOMOTOR,,0.03,0.26,0.66,0.00,0.64,0.00,0.00,,yes,18.6,31,-6.822,1,0,-0.206,0.279,0,-4
46.82,FLYING,SCAN,0,,,,,100,0,0,0,-5,76,CRUISE,,0.06,0.24,0.55,0.00,0.87,0.00,0.00,,yes,18.2,32,-2.813,1,0,-0.236,0.176,0,-5
46.88,FLYING,SCAN,0,,,,,100,0,0,0,-6,76,OPTOMOTOR,,0.08,0.22,0.43,0.00,0.61,0.00,0.00,,yes,18.0,33,-4.868,1,0,-0.306,0.147,0,-6
46.94,FLYING,SCAN,0,,,,,100,0,0,0,-6,76,OPTOMOTOR,,0.09,0.20,0.37,0.00,0.44,0.00,0.00,,yes,18.0,33,-4.221,1,0,-0.306,0.130,0,-6
46.99,FLYING,SCAN,0,,,,,100,0,0,0,-5,76,OPTOMOTOR,,0.11,0.20,0.30,0.00,0.31,0.00,0.00,,yes,18.3,32,-0.842,5,4,-0.267,0.288,0,-5
47.05,FLYING,SCAN,0,,,,,100,0,0,0,-5,76,OPTOMOTOR,,0.13,0.19,0.22,0.00,0.21,0.00,0.00,,yes,17.7,34,-0.916,4,5,-0.236,0.491,0,-5
47.10,FLYING,SCAN,0,,,,,100,0,0,0,-4,76,OPTOMOTOR,,0.15,0.18,0.16,0.00,0.15,0.00,0.00,,yes,18.3,32,-0.550,5,7,-0.209,0.663,0,-4
47.16,FLYING,SCAN,0,,,,,100,0,0,0,-4,76,CRUISE,,0.17,0.21,0.11,0.00,0.10,0.00,0.00,,yes,18.0,34,-0.282,5,5,-0.178,0.764,0,-4
47.21,FLYING,SCAN,0,,,,,100,0,0,0,-3,76,CRUISE,,0.24,0.23,0.09,0.00,0.07,0.00,0.00,,yes,18.2,32,-0.468,6,6,-0.147,0.859,0,-3
47.27,FLYING,SCAN,0,,,,,100,0,0,0,-2,76,CRUISE,,0.31,0.23,0.09,0.00,0.05,0.00,0.00,,yes,18.2,32,-0.474,6,7,-0.118,0.889,0,-2
47.32,FLYING,SCAN,0,,,,,100,0,0,0,-3,76,CRUISE,,0.34,0.21,0.08,0.00,0.04,0.00,0.00,,,18.1,32,-0.225,6,6,-0.127,0.901,0,-3
47.38,FLYING,SCAN,0,,,,,100,0,0,0,-6,76,OPTOMOTOR,,0.30,0.19,0.08,0.00,0.03,0.00,0.00,,,18.1,32,-0.648,6,6,-0.302,0.893,0,-6
47.43,FLYING,SCAN,0,,,,,100,0,0,0,-3,76,CRUISE,,0.27,0.18,0.06,0.00,0.44,0.00,0.00,,,18.1,32,-0.568,6,7,-0.143,0.937,0,-3
47.49,FLYING,SCAN,0,,,,,100,0,0,0,-4,76,CRUISE,,0.27,0.17,0.03,0.00,0.31,0.00,0.00,,,17.9,33,-1.894,2,0,-0.224,0.637,0,-4
47.54,FLYING,SCAN,0,,,,,100,0,0,0,-5,76,OPTOMOTOR,,0.25,0.18,0.02,0.00,0.87,0.00,0.00,,,18.4,32,-2.865,2,0,-0.245,0.411,0,-5
47.60,FLYING,SCAN,0,,,,,100,0,0,0,-6,76,OPTOMOTOR,,0.24,0.18,0.22,0.00,0.61,0.00,0.00,,,18.4,32,-1.578,2,0,-0.296,0.298,0,-6
47.65,FLYING,SCAN,0,,,,,100,0,0,0,-8,76,OPTOMOTOR,,0.17,0.16,0.32,0.00,0.44,0.00,0.00,,,18.5,32,-2.915,1,0,-0.387,0.215,0,-8
47.71,FLYING,SCAN,0,,,,,100,0,0,0,-8,76,OPTOMOTOR,,0.13,0.13,0.25,0.00,0.31,0.00,0.00,,,18.2,32,-0.914,3,1,-0.378,0.240,0,-8
47.76,FLYING,SCAN,0,,,,,100,0,0,0,-5,76,OPTOMOTOR,,0.12,0.11,0.22,0.00,0.44,0.00,0.00,,,17.6,34,-0.534,6,7,-0.242,0.526,0,-5
47.82,FLYING,SCAN,0,,,,,100,0,0,0,-4,76,OPTOMOTOR,,0.11,0.07,0.21,0.00,0.31,0.00,0.00,,,18.2,32,-0.317,6,8,-0.194,0.706,0,-4
47.87,FLYING,SCAN,0,,,,,100,0,0,0,-3,76,CRUISE,,0.11,0.05,0.27,0.00,0.87,0.00,0.00,,,18.1,32,-0.293,5,6,-0.142,0.808,0,-3
47.93,FLYING,SCAN,0,,,,,100,0,0,0,10,76,CRUISE,,0.25,0.04,0.30,0.00,0.61,0.00,0.00,,,18.2,32,-0.297,5,7,-0.020,0.884,10,0
47.98,FLYING,SCAN,0,,,,,100,0,0,0,17,76,CRUISE,,0.34,0.04,0.33,0.00,1.31,0.00,0.00,,yes,18.3,32,0.441,6,8,0.017,0.950,17,0
48.04,FLYING,SCAN,0,,,,,100,0,0,0,27,76,CRUISE,,0.50,0.25,0.33,0.00,0.92,0.00,0.00,,yes,17.7,33,1.897,0,8,0.287,0.787,21,6
48.09,FLYING,SCAN,0,,,,,100,0,0,0,27,76,CRUISE,,0.57,0.35,0.34,0.00,0.64,0.00,0.00,,yes,18.5,32,2.269,0,5,0.148,0.553,24,3
48.15,FLYING,SCAN,0,,,,,100,0,0,0,31,76,OPTOMOTOR,,0.42,0.26,0.33,0.00,0.45,0.00,0.00,,yes,18.3,32,2.451,0,3,0.244,0.440,26,5
48.20,FLYING,SCAN,0,,,,,100,0,0,0,36,76,OPTOMOTOR,,0.34,0.22,0.33,0.00,0.31,0.00,0.00,,yes,18.5,31,2.674,0,5,0.436,0.443,27,9
48.26,FLYING,SCAN,0,,,,,100,0,0,0,38,76,OPTOMOTOR,,0.32,0.21,0.33,0.00,0.22,0.00,0.00,,yes,18.4,32,2.909,0,3,0.483,0.392,28,10
48.32,FLYING,SCAN,0,,,,,100,0,0,0,38,76,OPTOMOTOR,,0.37,0.33,0.42,0.00,0.15,0.00,0.00,,yes,16.5,38,2.902,0,6,0.454,0.349,29,9
48.37,FLYING,SCAN,0,,,,,100,0,0,0,37,76,OPTOMOTOR,,0.43,0.56,0.71,0.00,0.87,0.00,0.00,,yes,19.4,29,3.437,0,5,0.421,0.321,29,8
48.42,FLYING,SCAN,0,,,,,100,0,0,0,38,76,OPTOMOTOR,,0.46,0.68,0.86,0.00,0.61,0.00,0.00,,yes,18.5,31,2.374,0,6,0.472,0.352,29,9
48.48,FLYING,SCAN,0,,,,,100,0,0,0,32,76,OPTOMOTOR,,0.23,0.38,0.56,0.00,1.31,0.00,0.00,,yes,18.5,31,-2.844,2,0,0.167,0.265,29,3
48.53,FLYING,SCAN,0,,,,,100,0,0,0,29,76,CRUISE,,0.12,0.22,0.41,0.00,0.92,0.00,0.00,,yes,18.5,31,0.437,5,8,0.012,0.497,29,0
48.58,FLYING,SCAN,0,,,,,100,0,0,0,28,76,CRUISE,,0.06,0.20,0.44,0.00,1.31,0.00,0.00,,yes,18.6,31,-2.352,1,0,-0.053,0.385,29,-1
48.64,FLYING,SCAN,0,,,,,100,0,0,0,26,76,CRUISE,,0.30,0.45,1.04,0.00,0.92,0.00,0.00,,yes,18.6,31,-2.450,1,0,-0.125,0.264,29,-3
48.69,FLYING,SCAN,0,,,,,100,0,0,0,25,76,CRUISE,,0.56,0.58,1.34,0.00,1.31,0.00,0.00,,yes,18.4,32,-0.288,6,6,-0.181,0.492,29,-4
48.75,FLYING,SCAN,0,,,,,100,0,0,0,25,76,CRUISE,,0.69,0.61,0.99,0.00,0.92,0.00,0.00,,yes,18.6,32,-3.903,1,0,-0.192,0.382,29,-4
48.80,FLYING,SCAN,0,,,,,100,0,0,0,27,76,CRUISE,,0.48,0.38,0.82,0.00,1.31,0.00,0.00,,yes,18.4,32,0.288,6,8,-0.120,0.596,29,-2
48.85,FLYING,SCAN,0,,,,,100,0,0,0,25,76,CRUISE,,0.24,0.26,0.82,0.00,1.31,0.00,0.00,,yes,18.6,31,-1.677,2,0,-0.204,0.445,29,-4
48.91,FLYING,SCAN,0,,,,,100,0,0,0,25,76,OPTOMOTOR,,0.12,0.20,0.82,0.00,0.92,0.00,0.00,,yes,18.4,32,-0.957,2,1,-0.221,0.351,29,-4
48.96,FLYING,SCAN,0,,,,,100,0,0,0,26,76,CRUISE,,0.06,0.19,0.63,0.00,0.87,0.00,0.00,,yes,18.4,32,0.835,6,8,-0.162,0.593,29,-3
49.02,FLYING,SCAN,0,,,,,100,0,0,0,28,76,CRUISE,,0.12,0.31,0.54,0.00,0.61,0.00,0.00,,yes,18.3,32,-0.571,3,7,-0.026,0.696,29,-1
49.07,FLYING,SCAN,0,,,,,100,0,0,0,27,76,CRUISE,,0.14,0.37,0.49,0.00,1.75,0.00,0.00,,yes,18.8,31,-0.535,5,5,-0.094,0.769,29,-2
49.12,FLYING,SCAN,0,,,,,100,0,0,0,31,76,CRUISE,,0.07,0.20,0.38,0.00,1.22,0.00,0.00,,yes,18.4,31,1.354,1,5,0.093,0.661,29,2
49.18,FLYING,SCAN,0,,,,,100,0,0,0,31,76,CRUISE,,0.04,0.11,0.32,0.00,1.31,0.00,0.00,,yes,18.7,31,-0.104,6,7,0.098,0.820,29,2
49.23,FLYING,SCAN,0,,,,,100,0,0,0,33,76,OPTOMOTOR,,0.30,0.50,0.36,0.00,0.92,0.00,0.00,,yes,18.4,32,1.623,0,4,0.197,0.681,29,4
49.29,FLYING,SCAN,0,,,,,100,0,0,0,32,76,OPTOMOTOR,,0.43,0.69,0.38,0.00,0.64,0.00,0.00,,yes,18.4,32,-0.297,6,6,0.158,0.784,29,3
49.34,FLYING,SCAN,0,,,,,100,0,0,0,30,76,CRUISE,,0.24,0.40,0.31,0.00,0.45,0.00,0.00,,yes,18.2,32,-0.661,6,7,0.031,0.832,29,1
49.40,FLYING,SCAN,0,,,,,100,0,0,0,32,76,CRUISE,,0.13,0.24,0.28,0.00,0.44,0.00,0.00,,yes,18.8,31,0.970,3,6,0.152,0.769,29,3
49.45,FLYING,SCAN,0,,,,,100,0,0,0,32,76,CRUISE,,0.07,0.14,0.26,0.00,0.31,0.00,0.00,,yes,18.3,32,0.570,6,7,0.136,0.881,29,3
49.50,FLYING,SCAN,0,,,,,100,0,0,0,27,76,CRUISE,,0.05,0.09,0.25,0.00,0.87,0.00,0.00,,yes,18.5,31,-4.734,1,0,-0.123,0.529,29,-2
49.56,FLYING,SCAN,0,,,,,100,0,0,0,25,76,CRUISE,,0.06,0.28,0.32,0.00,0.61,0.00,0.00,,yes,18.4,31,-0.759,5,5,-0.185,0.517,29,-4
49.61,FLYING,SCAN,0,,,,,100,0,0,0,24,76,CRUISE,,0.07,0.37,0.40,0.00,1.75,0.00,0.00,,yes,18.5,31,-3.842,2,0,-0.226,0.343,29,-5
49.67,FLYING,SCAN,0,,,,,100,0,0,0,25,76,OPTOMOTOR,,0.04,0.35,0.52,0.00,1.22,0.00,0.00,,yes,18.4,32,-0.281,6,7,-0.202,0.527,29,-4
49.72,FLYING,SCAN,0,,,,,100,0,0,0,25,76,OPTOMOTOR,,0.02,0.28,0.58,0.00,1.31,0.00,0.00,,yes,18.6,31,-3.571,0,0,-0.189,0.339,29,-4
49.77,FLYING,SCAN,0,,,,,100,0,0,0,23,76,OPTOMOTOR,,0.01,0.24,0.62,0.00,0.92,0.00,0.00,,yes,18.4,32,-2.446,2,0,-0.285,0.258,29,-6
49.84,FLYING,SCAN,0,,,,,100,0,0,0,27,76,OPTOMOTOR,,0.00,0.23,0.41,0.00,0.64,0.00,0.00,,yes,15.8,41,0.879,1,7,-0.096,0.341,29,-2
49.89,FLYING,SCAN,0,,,,,100,0,0,0,27,76,CRUISE,,0.00,0.17,0.30,0.00,0.45,0.00,0.00,,yes,19.2,30,-0.302,6,7,-0.110,0.597,29,-2
49.94,FLYING,SCAN,0,,,,,100,0,0,0,26,76,CRUISE,,0.03,0.12,0.25,0.00,0.31,0.00,0.00,,yes,18.4,32,-1.020,2,2,-0.159,0.484,29,-3
50.00,FLYING,SCAN,0,,,,,100,0,0,0,31,76,CRUISE,,0.05,0.09,0.19,0.00,0.87,0.00,0.00,,yes,18.2,32,1.240,2,8,0.093,0.577,29,2
50.05,FLYING,SCAN,0,,,,,100,0,0,0,29,76,CRUISE,,0.04,0.07,0.15,0.00,0.61,0.00,0.00,,yes,18.5,31,-0.364,5,7,0.007,0.711,29,0
50.11,FLYING,SCAN,0,,,,,100,0,0,0,27,76,CRUISE,,0.04,0.06,0.12,0.00,0.87,0.00,0.00,,yes,18.5,31,-0.882,4,4,-0.085,0.696,29,-2
50.16,FLYING,SCAN,0,,,,,100,0,0,0,31,76,CRUISE,,0.02,0.07,0.11,0.00,1.31,0.00,0.00,,yes,18.5,31,0.975,2,7,0.121,0.735,29,2
50.22,FLYING,SCAN,0,,,,,100,0,0,0,28,76,CRUISE,,0.01,0.09,0.20,0.00,0.92,0.00,0.00,,yes,18.5,31,-1.678,2,0,-0.065,0.509,29,-1
50.27,FLYING,SCAN,0,,,,,100,0,0,0,26,76,CRUISE,,0.01,0.10,0.25,0.00,0.64,0.00,0.00,,yes,18.5,31,-2.370,2,0,-0.142,0.324,29,-3
50.32,FLYING,SCAN,0,,,,,100,0,0,0,27,76,CRUISE,,0.10,0.10,0.27,0.00,0.45,0.00,0.00,,yes,18.5,31,0.567,5,8,-0.106,0.488,29,-2
50.38,FLYING,SCAN,0,,,,,100,0,0,0,26,76,CRUISE,,0.14,0.12,0.30,0.00,0.87,0.00,0.00,,yes,18.6,32,-1.701,2,0,-0.170,0.370,29,-3
50.43,FLYING,SCAN,0,,,,,100,0,0,0,-4,75,CRUISE,,0.07,0.13,0.32,0.00,0.61,0.00,0.00,,yes,18.4,32,0.499,6,5,-0.210,0.504,0,-4
50.49,FLYING,SCAN,0,,,,,100,0,0,0,-5,75,OPTOMOTOR,,0.04,0.13,0.32,0.00,1.31,0.00,0.00,,yes,18.3,32,-5.964,2,0,-0.233,0.407,0,-5
50.54,FLYING,SCAN,0,,,,,100,0,0,0,-5,75,OPTOMOTOR,,0.25,0.24,0.43,0.00,1.31,0.00,0.00,,yes,18.2,32,-5.975,2,0,-0.267,0.282,0,-5
50.60,FLYING,SCAN,0,,,,,100,0,0,0,-6,75,OPTOMOTOR,,0.36,0.29,0.74,0.00,0.92,0.00,0.00,,yes,17.7,33,-2.903,1,0,-0.301,0.178,0,-6
50.65,FLYING,SCAN,0,,,,,100,0,0,0,-5,75,OPTOMOTOR,,0.33,0.32,0.89,0.00,0.64,0.00,0.00,,yes,18.2,33,-5.538,0,0,-0.273,0.128,0,-5
50.71,FLYING,SCAN,0,,,,,100,0,0,0,-7,75,OPTOMOTOR,,0.28,0.23,0.62,0.00,0.45,0.00,0.00,,yes,18.1,32,-2.657,2,0,-0.337,0.139,0,-7
50.76,FLYING,SCAN,0,,,,,100,0,0,0,-5,75,OPTOMOTOR,,0.29,0.18,0.44,0.00,0.44,0.00,0.00,,yes,18.1,32,-0.745,3,4,-0.232,0.255,0,-5
50.82,FLYING,SCAN,0,,,,,100,0,0,0,-4,75,OPTOMOTOR,,0.26,0.16,0.25,0.00,0.31,0.00,0.00,,yes,18.1,33,-0.761,4,5,-0.214,0.472,0,-4
50.87,FLYING,SCAN,0,,,,,100,0,0,0,-3,75,OPTOMOTOR,,0.28,0.16,0.16,0.00,0.87,0.00,0.00,,yes,17.9,33,-0.230,3,6,-0.139,0.609,0,-3
50.93,FLYING,SCAN,0,,,,,100,0,0,0,-2,75,CRUISE,,0.79,0.41,0.72,0.00,0.61,0.00,0.00,,yes,18.4,32,-0.102,5,7,-0.080,0.772,0,-2
50.98,FLYING,SCAN,0,,,,,100,0,0,0,0,75,CRUISE,,1.05,0.53,1.01,0.00,0.43,0.00,0.00,,yes,18.1,33,0.023,5,7,0.015,0.864,0,0
51.04,FLYING,SCAN,0,,,,,100,0,0,0,4,75,CRUISE,,0.63,0.38,0.58,0.00,0.30,0.00,0.00,,,17.8,33,-0.190,5,8,0.176,0.934,0,4
51.09,FLYING,SCAN,0,,,,,100,0,0,0,3,75,OPTOMOTOR,,0.42,0.30,0.36,0.00,0.44,0.00,0.00,,,17.9,34,-0.083,6,7,0.131,0.974,0,3
51.15,FLYING,SCAN,0,,,,,100,0,0,0,1,75,OPTOMOTOR,,0.31,0.28,0.25,0.00,0.31,0.00,0.00,,,17.8,33,-0.257,6,6,0.059,0.963,0,1
51.21,FLYING,SCAN,0,,,,,100,0,0,0,-2,75,CRUISE,,0.25,0.28,0.20,0.00,0.21,0.00,0.00,,,17.8,33,-0.373,6,6,-0.075,0.971,0,-2
51.26,FLYING,SCAN,0,,,,,100,0,0,0,1,75,CRUISE,,0.23,0.28,0.17,0.00,0.44,0.00,0.00,,,18.4,32,-0.192,5,7,0.058,0.976,0,1
51.32,FLYING,SCAN,0,,,,,100,0,0,0,-2,75,CRUISE,,0.23,0.28,0.16,0.00,0.31,0.00,0.00,,,16.2,40,-0.416,6,7,-0.117,0.969,0,-2
51.38,FLYING,SCAN,0,,,,,100,0,0,0,-1,75,CRUISE,,0.25,0.26,0.18,0.00,0.44,0.00,0.00,,,17.9,33,-0.413,6,7,-0.060,0.965,0,-1
51.43,FLYING,SCAN,0,,,,,100,0,0,0,-1,75,CRUISE,,0.32,0.27,0.20,0.00,0.31,0.00,0.00,,,19.5,29,-0.466,6,8,-0.069,0.953,0,-1
51.49,FLYING,SCAN,0,,,,,100,0,0,0,-3,75,CRUISE,,0.51,0.38,0.27,0.00,0.21,0.00,0.00,,,18.3,32,-0.242,6,5,-0.161,0.918,0,-3
51.54,FLYING,SCAN,0,,,,,100,0,0,0,-5,75,OPTOMOTOR,,0.60,0.43,0.31,0.00,0.15,0.00,0.00,,,18.0,33,-0.425,5,5,-0.246,0.864,0,-5
51.60,FLYING,SCAN,0,,,,,100,0,0,0,-4,75,OPTOMOTOR,,0.44,0.33,0.29,0.00,0.44,0.00,0.00,,,18.2,32,-0.188,6,8,-0.193,0.940,0,-4
51.65,FLYING,SCAN,0,,,,,100,0,0,0,7,75,CRUISE,,0.35,0.27,0.28,0.00,0.31,0.00,0.00,,,17.8,33,-0.470,5,5,-0.151,0.920,10,-3
51.71,FLYING,SCAN,0,,,,,100,0,0,0,18,75,CRUISE,,0.35,0.38,0.37,0.00,0.44,0.00,0.00,,,17.7,34,0.646,4,8,0.059,0.904,17,1
51.76,FLYING,SCAN,0,,,,,100,0,0,0,22,75,CRUISE,,0.53,0.43,0.42,0.00,0.31,0.00,0.00,,yes,18.6,32,1.793,0,4,0.031,0.685,21,1
51.82,FLYING,SCAN,0,,,,,100,0,0,0,29,75,CRUISE,,0.62,0.37,0.36,0.00,0.21,0.00,0.00,,yes,17.9,33,1.887,0,7,0.256,0.605,24,5
51.87,FLYING,SCAN,0,,,,,100,0,0,0,31,75,OPTOMOTOR,,0.66,0.33,0.30,0.00,0.44,0.00,0.00,,yes,18.4,32,2.280,1,5,0.256,0.498,26,5
51.93,FLYING,SCAN,0,,,,,100,0,0,0,34,75,OPTOMOTOR,,0.70,0.38,0.29,0.00,0.31,0.00,0.00,,yes,18.6,32,2.332,0,4,0.335,0.413,27,7
51.98,FLYING,SCAN,0,,,,,100,0,0,0,34,75,OPTOMOTOR,,0.72,0.42,0.29,0.00,0.87,0.00,0.00,,yes,18.4,32,2.565,0,1,0.307,0.280,28,6
52.03,FLYING,SCAN,0,,,,,100,0,0,0,36,75,OPTOMOTOR,,0.50,0.44,0.41,0.00,0.61,0.00,0.00,,yes,18.6,31,2.382,0,1,0.329,0.248,29,7
52.09,FLYING,SCAN,0,,,,,100,0,0,0,35,75,OPTOMOTOR,,0.38,0.41,0.49,0.00,0.87,0.00,0.00,,yes,18.5,31,2.870,0,1,0.319,0.230,29,6
52.14,FLYING,SCAN,0,,,,,100,0,0,0,38,75,OPTOMOTOR,,0.59,0.38,0.51,0.00,0.61,0.00,0.00,,yes,18.4,32,2.037,0,6,0.459,0.344,29,9
52.20,FLYING,SCAN,0,,,,,100,0,0,0,36,75,OPTOMOTOR,,0.81,0.38,0.65,0.00,0.87,0.00,0.00,,yes,18.4,32,2.960,0,2,0.358,0.260,29,7
52.25,FLYING,SCAN,0,,,,,100,0,0,0,37,75,OPTOMOTOR,,0.80,0.43,0.52,0.00,0.61,0.00,0.00,,yes,18.5,31,2.402,0,5,0.400,0.299,29,8
52.31,FLYING,SCAN,0,,,,,100,0,0,0,37,75,OPTOMOTOR,,0.61,0.46,0.57,0.00,0.87,0.00,0.00,,yes,18.5,31,2.244,0,4,0.388,0.288,29,8
52.36,FLYING,SCAN,0,,,,,100,0,0,0,39,75,OPTOMOTOR,,0.52,0.44,0.56,0.00,0.61,0.00,0.00,,yes,18.5,31,2.453,0,6,0.514,0.376,29,10
52.41,FLYING,SCAN,0,,,,,100,0,0,0,32,75,OPTOMOTOR,,0.58,0.43,0.56,0.00,0.44,0.00,0.00,,yes,18.4,32,-0.568,6,5,0.163,0.550,29,3
52.47,FLYING,SCAN,0,,,,,100,0,0,0,32,75,CRUISE,,0.63,0.46,0.47,0.00,0.31,0.00,0.00,,yes,18.4,32,0.498,6,7,0.150,0.744,29,3
52.52,FLYING,SCAN,0,,,,,100,0,0,0,27,75,CRUISE,,0.64,0.47,0.42,0.00,0.87,0.00,0.00,,yes,18.3,32,-2.573,2,0,-0.076,0.500,29,-2
52.58,FLYING,SCAN,0,,,,,100,0,0,0,26,75,CRUISE,,0.65,0.50,0.45,0.00,0.61,0.00,0.00,,yes,18.5,32,-0.255,6,6,-0.167,0.567,29,-3
52.63,FLYING,SCAN,0,,,,,100,0,0,0,28,75,CRUISE,,0.53,0.46,0.47,0.00,0.43,0.00,0.00,,yes,18.5,31,1.777,0,1,-0.038,0.424,29,-1
52.68,FLYING,SCAN,0,,,,,100,0,0,0,30,75,CRUISE,,0.50,0.44,0.42,0.00,0.44,0.00,0.00,,yes,18.8,32,-0.263,5,7,0.042,0.568,29,1
52.74,FLYING,SCAN,0,,,,,100,0,0,0,29,75,CRUISE,,0.48,0.43,0.40,0.00,0.31,0.00,0.00,,yes,18.5,31,-0.911,2,5,0.019,0.625,29,0
52.80,FLYING,SCAN,0,,,,,100,0,0,0,31,75,CRUISE,,0.47,0.46,0.75,0.00,1.31,0.00,0.00,,yes,15.5,42,0.829,3,6,0.104,0.652,29,2
52.86,FLYING,SCAN,0,,,,,100,0,0,0,27,75,CRUISE,,0.39,0.48,0.92,0.00,0.92,0.00,0.00,,yes,18.3,32,-1.670,2,0,-0.080,0.434,29,-2
52.91,FLYING,SCAN,0,,,,,100,0,0,0,26,75,CRUISE,,0.35,0.44,0.69,0.00,0.64,0.00,0.00,,yes,18.4,32,-1.320,2,0,-0.171,0.325,29,-3
52.97,FLYING,SCAN,0,,,,,100,0,0,0,26,75,CRUISE,,0.45,0.41,0.56,0.00,0.45,0.00,0.00,,yes,18.4,32,-2.367,1,0,-0.169,0.202,29,-3
53.02,FLYING,SCAN,0,,,,,100,0,0,0,26,75,OPTOMOTOR,,0.50,0.38,0.51,0.00,0.87,0.00,0.00,,yes,18.6,31,0.710,5,7,-0.159,0.386,29,-3
53.07,FLYING,SCAN,0,,,,,100,0,0,0,26,75,CRUISE,,0.39,0.37,0.53,0.00,0.61,0.00,0.00,,yes,18.4,32,-1.158,1,1,-0.144,0.355,29,-3
53.13,FLYING,SCAN,0,,,,,100,0,0,0,28,75,CRUISE,,0.33,0.38,0.54,0.00,0.44,0.00,0.00,,yes,18.2,32,0.993,3,7,-0.045,0.505,29,-1
53.18,FLYING,SCAN,0,,,,,100,0,0,0,29,75,CRUISE,,0.29,0.39,0.50,0.00,0.31,0.00,0.00,,yes,18.3,32,-0.248,5,7,-0.008,0.714,29,0
53.24,FLYING,SCAN,0,,,,,100,0,0,0,32,75,CRUISE,,0.27,0.34,0.40,0.00,1.31,0.00,0.00,,yes,18.7,31,1.593,0,5,0.134,0.597,29,3
53.29,FLYING,SCAN,0,,,,,100,0,0,0,30,75,CRUISE,,0.26,0.29,0.36,0.00,0.92,0.00,0.00,,yes,18.4,31,-0.761,4,5,0.074,0.608,29,1
53.35,FLYING,SCAN,0,,,,,100,0,0,0,27,75,CRUISE,,0.27,0.27,0.33,0.00,0.87,0.00,0.00,,yes,18.5,31,-1.454,2,1,-0.096,0.499,29,-2
53.40,FLYING,SCAN,0,,,,,100,0,0,0,27,75,CRUISE,,0.47,0.53,0.52,0.00,0.87,0.00,0.00,,yes,18.6,31,0.782,6,7,-0.116,0.558,29,-2
53.45,FLYING,SCAN,0,,,,,100,0,0,0,26,75,CRUISE,,0.73,0.87,0.62,0.00,0.87,0.00,0.00,,yes,18.4,32,-3.132,2,0,-0.156,0.366,29,-3
53.51,FLYING,SCAN,0,,,,,100,0,0,0,25,75,CRUISE,,1.01,1.05,0.66,0.00,0.61,0.00,0.00,,yes,18.7,32,-3.762,2,0,-0.212,0.258,29,-4
53.56,FLYING,SCAN,0,,,,,100,0,0,0,25,75,OPTOMOTOR,,1.18,1.13,0.53,0.00,0.43,0.00,0.00,,yes,18.7,31,-0.304,6,6,-0.224,0.417,29,-4
53.61,FLYING,SCAN,0,,,,,100,0,0,0,26,75,CRUISE,,1.26,0.83,0.47,0.00,1.75,0.00,0.00,,yes,18.3,32,-3.091,0,0,-0.157,0.321,29,-3
53.67,FLYING,SCAN,0,,,,,100,0,0,0,25,75,CRUISE,,0.70,0.68,0.60,0.00,1.22,0.00,0.00,,yes,18.5,31,-2.531,1,0,-0.188,0.214,29,-4
53.72,FLYING,SCAN,0,,,,,100,0,0,0,25,75,OPTOMOTOR,,0.42,0.60,0.67,0.00,0.87,0.00,0.00,,yes,18.3,32,0.618,6,7,-0.190,0.411,29,-4
53.78,FLYING,SCAN,0,,,,,100,0,0,0,25,75,CRUISE,,0.30,0.46,0.54,0.00,0.61,0.00,0.00,,yes,18.4,32,-1.169,2,1,-0.205,0.403,29,-4
53.83,FLYING,SCAN,0,,,,,100,0,0,0,30,75,CRUISE,,0.26,0.37,0.47,0.00,0.87,0.00,0.00,,yes,18.6,31,1.186,0,8,0.038,0.394,29,1
53.89,FLYING,SCAN,0,,,,,100,0,0,0,28,75,CRUISE,,0.25,0.30,0.38,0.00,0.61,0.00,0.00,,yes,18.4,32,-0.875,5,5,-0.028,0.512,29,-1
53.94,FLYING,SCAN,0,,,,,100,0,0,0,26,75,CRUISE,,0.28,0.25,0.31,0.00,0.44,0.00,0.00,,yes,18.3,32,-1.218,2,1,-0.168,0.446,29,-3
54.00,FLYING,SCAN,0,,,,,100,0,0,0,26,75,CRUISE,,0.37,0.23,0.28,0.00,0.31,0.00,0.00,,yes,18.4,32,0.417,6,8,-0.139,0.661,29,-3
54.05,FLYING,SCAN,0,,,,,100,0,0,0,26,75,CRUISE,,0.42,0.47,0.32,0.00,1.31,0.00,0.00,,yes,18.4,32,-2.886,1,0,-0.174,0.448,29,-3
54.10,FLYING,SCAN,0,,,,,100,0,0,0,26,75,CRUISE,,0.44,0.59,0.37,0.00,0.92,0.00,0.00,,yes,18.5,31,0.525,5,7,-0.159,0.524,29,-3
54.16,FLYING,SCAN,0,,,,,100,0,0,0,-4,75,OPTOMOTOR,,0.53,0.54,0.39,0.00,0.64,0.00,0.00,,yes,18.5,31,-1.929,1,0,-0.224,0.357,0,-4
54.21,FLYING,SCAN,0,,,,,100,0,0,0,-6,75,OPTOMOTOR,,0.54,0.42,0.40,0.00,0.87,0.00,0.00,,yes,18.5,31,-3.431,1,0,-0.286,0.248,0,-6
54.27,FLYING,SCAN,0,,,,,100,0,0,0,-8,75,OPTOMOTOR,,0.54,0.36,0.46,0.00,0.61,0.00,0.00,,yes,18.1,32,-1.551,2,0,-0.406,0.207,0,-8
54.33,FLYING,SCAN,0,,,,,100,0,0,0,-8,75,OPTOMOTOR,,0.43,0.32,0.49,0.00,0.43,0.00,0.00,,yes,15.5,42,-3.508,1,0,-0.377,0.164,0,-8
54.39,FLYING,SCAN,0,,,,,100,0,0,0,-7,75,OPTOMOTOR,,0.38,0.32,0.33,0.00,0.44,0.00,0.00,,yes,17.4,35,-2.871,1,0,-0.346,0.140,0,-7
54.46,FLYING,SCAN,0,,,,,100,0,0,0,-6,75,OPTOMOTOR,,0.39,0.30,0.25,0.00,0.31,0.00,0.00,,yes,14.4,47,-0.446,6,6,-0.291,0.351,0,-6
54.53,FLYING,SCAN,0,,,,,100,0,0,0,-4,75,OPTOMOTOR,,0.39,0.29,0.23,0.00,0.44,0.00,0.00,,yes,13.3,50,-0.213,5,7,-0.206,0.584,0,-4
54.61,FLYING,SCAN,0,,,,,100,0,0,0,-3,75,CRUISE,,0.34,0.28,0.23,0.00,0.31,0.00,0.00,,yes,12.9,44,0.130,6,8,-0.128,0.796,0,-3
54.67,FLYING,SCAN,0,,,,,100,0,0,0,-1,75,CRUISE,,0.28,0.28,0.24,0.00,0.21,0.00,0.00,,yes,17.0,35,0.092,6,7,-0.047,0.896,0,-1
54.73,FLYING,SCAN,0,,,,,100,0,0,0,-1,75,CRUISE,,0.26,0.28,0.28,0.00,0.87,0.00,0.00,,yes,17.0,36,-0.016,6,6,-0.034,0.919,0,-1
54.79,FLYING,SCAN,0,,,,,100,0,0,0,-2,75,CRUISE,,0.40,0.32,0.41,0.00,0.61,0.00,0.00,,,17.1,35,0.173,6,8,-0.093,0.956,0,-2
54.84,FLYING,SCAN,0,,,,,100,0,0,0,-3,75,CRUISE,,0.47,0.36,0.48,0.00,0.43,0.00,0.00,,,17.9,33,-0.008,6,7,-0.130,0.972,0,-3
54.90,FLYING,SCAN,0,,,,,100,0,0,0,-2,75,CRUISE,,0.45,0.38,0.48,0.00,0.44,0.00,0.00,,,17.2,35,0.114,6,6,-0.093,0.962,0,-2
54.96,FLYING,SCAN,0,,,,,100,0,0,0,1,75,CRUISE,,0.44,0.39,0.44,0.00,0.31,0.00,0.00,,,18.0,33,-0.170,6,6,0.027,0.942,0,1
55.01,FLYING,SCAN,0,,,,,100,0,0,0,-1,75,CRUISE,,0.44,0.44,0.42,0.00,0.87,0.00,0.00,,,18.2,32,-0.110,6,7,-0.072,0.964,0,-1
55.07,FLYING,SCAN,0,,,,,100,0,0,0,-1,75,CRUISE,,0.45,0.47,0.40,0.00,0.61,0.00,0.00,,,18.2,32,-0.019,6,8,-0.030,0.995,0,-1
55.12,FLYING,SCAN,0,,,,,100,0,0,0,1,75,CRUISE,,0.49,0.38,0.34,0.00,0.44,0.00,0.00,,,18.3,32,0.075,6,8,0.042,0.999,0,1
55.18,FLYING,SCAN,0,,,,,100,0,0,0,1,75,CRUISE,,0.50,0.33,0.31,0.00,0.31,0.00,0.00,,,18.3,32,-0.017,6,7,0.042,0.982,0,1
55.23,FLYING,SCAN,0,,,,,100,0,0,0,0,75,CRUISE,,0.65,0.52,0.40,0.00,0.21,0.00,0.00,,,18.6,31,0.026,5,8,0.020,0.958,0,0
55.28,FLYING,SCAN,0,,,,,100,0,0,0,-2,75,CRUISE,,0.73,0.62,0.45,0.00,0.15,0.00,0.00,,,18.3,32,0.038,5,6,-0.078,0.920,0,-2
55.34,FLYING,SCAN,0,,,,,100,0,0,0,-2,75,CRUISE,,0.76,0.58,0.40,0.00,0.10,0.00,0.00,,,18.5,32,0.022,6,7,-0.093,0.923,0,-2
55.39,FLYING,SCAN,0,,,,,100,0,0,0,8,75,CRUISE,,0.78,0.53,0.37,0.00,0.07,0.00,0.00,,,18.1,32,0.055,6,8,-0.088,0.930,10,-2
55.45,FLYING,SCAN,0,,,,,100,0,0,0,18,75,CRUISE,,0.80,0.53,0.36,0.00,0.05,0.00,0.00,,,18.5,31,1.381,1,4,0.046,0.733,17,1
55.50,FLYING,SCAN,0,,,,,100,0,0,0,23,75,CRUISE,,1.03,0.72,0.53,0.00,0.04,0.10,0.00,,yes,18.2,32,2.080,0,2,0.092,0.536,21,2
55.56,FLYING,SCAN,0,,,,,100,0,0,0,28,75,CRUISE,,1.14,0.81,0.61,0.00,0.03,0.16,0.00,,yes,18.4,32,2.467,0,5,0.177,0.411,24,4
55.61,FLYING,SCAN,0,,,,,100,0,0,0,35,75,OPTOMOTOR,,1.03,0.64,0.42,0.00,0.02,0.11,0.00,,yes,18.2,32,2.928,0,7,0.447,0.465,26,9
55.67,FLYING,SCAN,0,,,,,100,0,0,0,37,75,OPTOMOTOR,,0.98,0.51,0.33,0.00,0.01,0.08,0.00,,yes,18.4,32,3.151,0,5,0.482,0.400,27,10
55.72,FLYING,SCAN,0,,,,,100,0,0,0,37,75,OPTOMOTOR,,0.84,0.44,0.28,0.00,0.87,0.00,0.00,,yes,18.5,31,3.439,0,3,0.458,0.354,28,9
55.77,FLYING,SCAN,0,,,,,100,0,0,0,38,75,OPTOMOTOR,,0.66,0.48,0.37,0.00,0.61,0.00,0.00,,yes,18.4,32,2.963,0,3,0.431,0.328,29,9
55.83,FLYING,SCAN,0,,,,,100,0,0,0,38,75,OPTOMOTOR,,0.60,0.50,0.41,0.00,0.87,0.00,0.00,,yes,18.5,31,1.573,0,3,0.436,0.328,29,9
55.88,FLYING,SCAN,0,,,,,100,0,0,0,35,75,OPTOMOTOR,,0.57,0.50,0.35,0.00,0.61,0.00,0.00,,yes,18.5,31,-1.980,1,0,0.278,0.203,29,6
55.94,FLYING,SCAN,0,,,,,100,0,0,0,29,75,CRUISE,,0.78,0.51,0.32,0.00,1.75,0.00,0.00,,yes,18.6,31,-3.843,2,0,0.001,0.167,29,0
55.99,FLYING,SCAN,0,,,,,100,0,0,0,26,75,CRUISE,,1.06,0.52,0.69,0.00,1.22,0.00,0.00,,yes,18.6,31,0.062,6,7,-0.131,0.428,29,-3
56.04,FLYING,SCAN,0,,,,,100,0,0,0,26,75,CRUISE,,1.20,0.53,0.88,0.00,1.31,0.00,0.00,,yes,18.5,31,-2.897,0,0,-0.157,0.341,29,-3
56.10,FLYING,SCAN,0,,,,,100,0,0,0,26,75,CRUISE,,1.08,0.48,0.59,0.00,0.92,0.00,0.00,,yes,18.5,31,0.278,6,7,-0.159,0.497,29,-3
56.15,FLYING,SCAN,0,,,,,100,0,0,0,25,75,OPTOMOTOR,,0.89,0.45,0.41,0.00,0.87,0.00,0.00,,yes,18.7,31,-3.229,1,0,-0.209,0.356,29,-4
56.21,FLYING,SCAN,0,,,,,100,0,0,0,25,75,OPTOMOTOR,,0.70,0.45,0.32,0.00,1.31,0.00,0.00,,yes,18.7,31,-2.719,0,0,-0.199,0.215,29,-4
56.26,FLYING,SCAN,0,,,,,100,0,0,0,25,75,OPTOMOTOR,,0.50,0.46,0.48,0.00,0.92,0.00,0.00,,yes,18.5,31,0.463,6,7,-0.193,0.412,29,-4
56.31,FLYING,SCAN,0,,,,,100,0,0,0,25,75,OPTOMOTOR,,0.42,0.47,0.55,0.00,0.87,0.00,0.00,,yes,18.6,31,-1.412,2,1,-0.222,0.389,29,-4
56.37,FLYING,SCAN,0,,,,,100,0,0,0,26,75,CRUISE,,0.38,0.47,0.57,0.00,0.61,0.00,0.00,,yes,18.5,32,1.184,4,7,-0.134,0.529,29,-3
56.42,FLYING,SCAN,0,,,,,100,0,0,0,26,75,CRUISE,,0.39,0.50,0.57,0.00,0.87,0.00,0.00,,yes,18.6,31,-0.487,5,6,-0.134,0.651,29,-3
56.48,FLYING,SCAN,0,,,,,100,0,0,0,27,75,CRUISE,,0.40,0.53,0.67,0.00,0.61,0.00,0.00,,yes,18.5,31,-0.647,5,7,-0.076,0.767,29,-2
56.53,FLYING,SCAN,0,,,,,100,0,0,0,32,75,CRUISE,,0.40,0.53,0.85,0.00,0.87,0.00,0.00,,yes,18.6,31,1.155,0,6,0.141,0.689,29,3
56.58,FLYING,SCAN,0,,,,,100,0,0,0,27,75,CRUISE,,0.41,0.55,0.93,0.00,0.61,0.00,0.00,,yes,18.6,31,-1.395,2,0,-0.082,0.483,29,-2
56.64,FLYING,SCAN,0,,,,,100,0,0,0,28,75,CRUISE,,0.49,0.55,0.94,0.00,0.44,0.00,0.00,,yes,18.5,31,0.786,3,7,-0.030,0.548,29,-1
56.69,FLYING,SCAN,0,,,,,100,0,0,0,27,75,CRUISE,,0.53,0.56,0.86,0.00,0.31,0.00,0.00,,yes,18.7,31,-0.964,4,4,-0.104,0.576,29,-2
56.74,FLYING,SCAN,0,,,,,100,0,0,0,30,75,CRUISE,,0.55,0.51,0.82,0.00,0.21,0.00,0.00,,yes,18.6,31,1.388,2,6,0.058,0.577,29,1
56.80,FLYING,SCAN,0,,,,,100,0,0,0,34,75,CRUISE,,0.54,0.48,0.71,0.00,0.87,0.00,0.00,,yes,18.3,32,1.153,2,8,0.264,0.630,29,5
56.85,FLYING,SCAN,0,,,,,100,0,0,0,29,75,CRUISE,,0.47,0.46,0.66,0.00,0.61,0.00,0.00,,yes,18.7,31,-4.776,2,0,-0.017,0.421,29,0
56.91,FLYING,SCAN,0,,,,,100,0,0,0,26,75,CRUISE,,0.44,0.48,0.62,0.00,0.43,0.00,0.00,,yes,18.6,31,-2.199,2,0,-0.152,0.304,29,-3
56.96,FLYING,SCAN,0,,,,,100,0,0,0,24,75,CRUISE,,0.61,0.49,0.59,0.00,0.44,0.00,0.00,,yes,18.7,31,-1.700,2,0,-0.269,0.238,29,-5
57.01,FLYING,SCAN,0,,,,,100,0,0,0,26,75,OPTOMOTOR,,0.69,0.47,0.40,0.00,0.31,0.00,0.00,,yes,18.2,32,0.626,4,7,-0.148,0.401,29,-3
57.07,FLYING,SCAN,0,,,,,100,0,0,0,27,75,CRUISE,,0.72,0.41,0.30,0.00,0.87,0.00,0.00,,yes,17.9,33,0.349,6,8,-0.106,0.650,29,-2
57.13,FLYING,SCAN,0,,,,,100,0,0,0,27,75,CRUISE,,0.53,0.38,0.45,0.00,0.87,0.00,0.00,,yes,17.6,34,-2.432,0,0,-0.100,0.423,29,-2
57.19,FLYING,SCAN,0,,,,,100,0,0,0,25,75,CRUISE,,0.44,0.34,0.79,0.00,0.61,0.00,0.00,,yes,17.3,35,-1.336,2,0,-0.197,0.305,29,-4
57.25,FLYING,SCAN,0,,,,,100,0,0,0,25,75,OPTOMOTOR,,0.47,0.33,0.97,0.00,0.44,0.00,0.00,,yes,16.8,36,0.019,5,7,-0.183,0.529,29,-4
57.30,FLYING,SCAN,0,,,,,100,0,0,0,28,75,CRUISE,,0.49,0.31,0.96,0.00,0.31,0.00,0.00,,yes,16.9,36,1.829,0,1,-0.054,0.460,29,-1
57.36,FLYING,SCAN,0,,,,,100,0,0,0,30,75,CRUISE,,0.43,0.31,0.83,0.00,0.87,0.00,0.00,,yes,17.2,35,-0.456,6,8,0.041,0.655,29,1
57.42,FLYING,SCAN,0,,,,,100,0,0,0,28,75,CRUISE,,0.40,0.35,0.77,0.00,0.61,0.00,0.00,,yes,17.6,34,-0.844,6,5,-0.068,0.678,29,-1
57.48,FLYING,SCAN,0,,,,,100,0,0,0,32,75,CRUISE,,0.43,0.37,0.73,0.00,0.44,0.00,0.00,,yes,17.1,36,1.130,2,7,0.145,0.668,29,3
57.54,FLYING,SCAN,0,,,,,100,0,0,0,31,75,CRUISE,,0.44,0.36,0.67,0.00,0.44,0.00,0.00,,yes,17.1,36,-0.236,6,7,0.117,0.796,29,2
57.59,FLYING,SCAN,0,,,,,100,0,0,0,33,75,CRUISE,,0.45,0.36,0.65,0.00,0.31,0.00,0.00,,yes,17.4,35,0.675,3,7,0.182,0.810,29,4
57.65,FLYING,SCAN,0,,,,,100,0,0,0,33,75,CRUISE,,0.64,0.39,0.69,0.00,2.18,0.00,0.00,,yes,17.8,33,-0.056,5,8,0.224,0.890,29,4
57.71,FLYING,SCAN,0,,,,,100,0,0,0,35,75,CRUISE,,0.99,0.41,0.72,0.00,1.53,0.00,0.00,,yes,17.5,34,1.097,0,7,0.285,0.792,29,6
57.76,FLYING,SCAN,0,,,,,100,0,0,0,29,75,CRUISE,,1.17,0.40,0.76,0.00,1.75,0.00,0.00,,yes,17.4,34,-2.409,2,0,0.001,0.555,29,0
57.82,FLYING,SCAN,0,,,,,100,0,0,0,30,75,CRUISE,,0.85,0.37,0.79,0.00,1.22,0.00,0.00,,yes,17.3,35,3.561,0,3,0.049,0.384,29,1
57.88,FLYING,SCAN,0,,,,,100,0,0,0,27,75,CRUISE,,0.69,0.36,0.90,0.00,1.75,0.00,0.00,,yes,16.6,38,-2.262,2,0,-0.080,0.268,29,-2
57.94,FLYING,SCAN,0,,,,,100,0,0,0,-3,75,CRUISE,,0.63,0.37,0.96,0.00,1.22,0.00,0.00,,yes,16.9,36,0.841,5,5,-0.151,0.399,0,-3
58.00,FLYING,SCAN,0,,,,,100,0,0,0,-2,75,CRUISE,,0.61,0.49,0.95,0.00,2.18,0.00,0.00,,yes,17.1,35,-6.674,1,0,-0.116,0.315,0,-2
58.06,FLYING,SCAN,0,,,,,100,0,0,0,-3,75,CRUISE,,0.79,0.73,0.95,0.00,1.53,0.00,0.00,,yes,16.5,37,-2.979,0,0,-0.129,0.206,0,-3
58.13,FLYING,SCAN,0,,,,,100,0,0,0,-4,75,OPTOMOTOR,,1.15,1.10,2.11,0.00,1.07,0.00,0.12,,yes,15.4,42,-5.630,0,0,-0.222,0.144,0,-4
58.19,FLYING,SCAN,0,,,,,100,0,0,0,-4,75,OPTOMOTOR,,1.33,1.29,2.68,0.26,0.75,0.00,0.57,,yes,16.6,38,-4.326,1,0,-0.239,0.115,0,-4
58.25,FLYING,SCAN,0,,,,,100,0,0,0,-3,75,AVOID_LEFT,,0.95,1.03,1.62,0.34,0.52,0.00,0.15,,yes,16.8,37,-0.637,5,5,-0.213,0.298,0,-3
58.31,FLYING,SCAN,0,,,,,100,0,0,0,-3,75,AVOID_LEFT,,0.67,0.77,0.98,0.19,0.44,0.00,0.00,,yes,15.8,41,-0.010,6,8,-0.163,0.564,0,-3
58.41,FLYING,SCAN,0,,,,,100,0,0,0,-3,75,AVOID_LEFT,,0.52,0.63,0.63,0.11,0.31,0.00,0.00,,yes,10.3,74,-0.065,6,6,-0.172,0.732,0,-3
58.48,FLYING,SCAN,0,,,,,100,0,0,0,-1,75,AVOID_LEFT,,0.41,0.54,0.40,0.06,0.87,0.00,0.00,,yes,13.7,44,0.212,6,8,-0.028,0.865,0,-1
58.55,FLYING,SCAN,0,,,,,100,0,0,0,0,75,CRUISE,,0.34,0.56,0.29,0.03,0.61,0.00,0.00,,,13.6,46,-0.703,4,7,0.004,0.868,0,0
58.62,FLYING,SCAN,0,,,,,100,0,0,0,-4,75,CRUISE,,0.30,0.49,0.32,0.02,0.43,0.00,0.00,,,15.4,42,-1.017,5,3,-0.187,0.784,0,-4
58.68,FLYING,SCAN,0,,,,,100,0,0,0,-1,75,CRUISE,,0.28,0.36,0.34,0.01,0.44,0.00,0.00,,,15.6,41,-0.325,6,8,-0.059,0.880,0,-1
58.74,FLYING,SCAN,0,,,,,100,0,0,0,0,75,CRUISE,,0.25,0.29,0.33,0.01,0.44,0.00,0.00,,,15.8,42,-0.037,5,7,-0.009,0.910,0,0
58.81,FLYING,SCAN,0,,,,,100,0,0,0,-1,75,CRUISE,,0.18,0.23,0.32,0.00,0.31,0.00,0.00,,,15.5,41,-0.319,5,6,-0.068,0.894,0,-1
58.87,FLYING,SCAN,0,,,,,100,0,0,0,1,75,CRUISE,,0.15,0.19,0.31,0.00,0.87,0.00,0.00,,,15.3,42,-0.313,5,8,0.060,0.937,0,1
58.94,FLYING,SCAN,0,,,,,100,0,0,0,-2,75,CRUISE,,0.12,0.17,0.33,0.00,0.87,0.00,0.00,,,16.2,39,-0.366,6,7,-0.115,0.947,0,-2
59.00,FLYING,SCAN,0,,,,,100,0,0,0,0,75,CRUISE,,0.13,0.16,0.36,0.00,0.61,0.00,0.00,,,15.6,41,-0.194,6,7,0.004,0.967,0,0
59.06,FLYING,SCAN,0,,,,,100,0,0,0,-4,75,CRUISE,,0.22,0.26,0.46,0.00,0.44,0.00,0.00,,,16.0,39,-0.386,6,6,-0.216,0.945,0,-4
59.12,FLYING,SCAN,0,,,,,100,0,0,0,-4,75,CRUISE,,0.27,0.35,0.61,0.00,0.87,0.00,0.00,,,17.5,34,-0.494,5,5,-0.183,0.865,0,-4
59.17,FLYING,SCAN,0,,,,,100,0,0,0,10,75,CRUISE,,0.29,0.47,0.70,0.00,0.61,0.00,0.00,,,19.4,30,-0.655,5,8,-0.019,0.849,10,0
59.23,FLYING,SCAN,0,,,,,100,0,0,0,16,75,CRUISE,,0.31,0.54,0.74,0.00,0.43,0.00,0.00,,yes,18.2,32,0.769,5,6,-0.036,0.874,17,-1
59.28,FLYING,SCAN,0,,,,,100,0,0,0,21,75,CRUISE,,0.31,0.41,0.54,0.00,0.30,0.00,0.00,,yes,17.7,34,1.524,0,1,0.017,0.596,21,0
59.34,FLYING,SCAN,0,,,,,100,0,0,0,26,75,CRUISE,,0.31,0.34,0.44,0.00,0.44,0.00,0.00,,yes,18.4,32,2.165,0,1,0.084,0.440,24,2
59.39,FLYING,SCAN,0,,,,,100,0,0,0,30,75,CRUISE,,0.33,1.03,1.15,0.00,0.31,0.00,0.02,,yes,18.3,32,2.538,0,5,0.188,0.357,26,4
59.45,FLYING,SCAN,0,,,,,100,0,0,0,34,75,OPTOMOTOR,,0.43,1.64,1.73,0.00,0.87,0.00,0.03,,yes,18.1,33,2.595,0,4,0.327,0.335,27,7
59.50,FLYING,SCAN,0,,,,,100,0,0,0,35,75,OPTOMOTOR,,0.66,1.95,2.02,0.15,0.61,0.27,0.30,,yes,18.2,32,2.660,0,4,0.387,0.308,28,7
59.56,FLYING,SCAN,0,,,,,100,0,0,0,33,75,AVOID_LEFT,,0.78,1.88,1.88,0.49,0.44,0.32,0.32,,yes,17.4,35,2.912,0,4,0.396,0.307,29,4
59.61,FLYING,SCAN,0,,,,,100,0,0,0,34,75,AVOID_LEFT,,0.47,1.05,0.97,0.37,0.31,0.00,0.00,,yes,18.3,32,2.968,0,2,0.376,0.282,29,5
59.67,FLYING,SCAN,0,,,,,100,0,0,0,35,75,OPTOMOTOR,,0.31,0.63,0.52,0.21,0.87,0.00,0.00,,yes,18.4,31,2.501,0,2,0.380,0.283,29,6
59.73,FLYING,SCAN,0,,,,,100,0,0,0,33,75,OPTOMOTOR,,0.22,0.43,0.43,0.12,0.61,0.00,0.00,,yes,16.8,37,-1.777,1,0,0.252,0.178,29,4
59.78,FLYING,SCAN,0,,,,,100,0,0,0,29,75,OPTOMOTOR,,0.25,0.33,0.62,0.07,1.31,0.00,0.00,,yes,19.4,29,-2.901,2,0,0.020,0.138,29,0
59.83,FLYING,SCAN,0,,,,,100,0,0,0,27,75,CRUISE,,0.30,0.28,0.67,0.04,1.31,0.00,0.00,,yes,18.3,32,-0.207,6,7,-0.124,0.383,29,-2
59.89,FLYING,SCAN,0,,,,,100,0,0,0,26,75,CRUISE,,0.32,0.31,0.70,0.02,0.92,0.00,0.00,,yes,18.4,32,-3.368,1,0,-0.175,0.306,29,-3
59.94,FLYING,SCAN,0,,,,,100,0,0,0,24,75,CRUISE,,0.89,0.34,0.44,0.01,1.31,0.00,0.00,,yes,18.4,32,-2.969,2,0,-0.269,0.225,29,-5
60.00,FLYING,SCAN,0,,,,,100,0,0,0,25,75,OPTOMOTOR,,0.71,0.34,0.31,0.01,0.92,0.00,0.00,,yes,18.6,31,0.472,6,7,-0.210,0.417,29,-4
60.05,FLYING,SCAN,0,,,,,100,0,0,0,24,75,OPTOMOTOR,,0.72,0.35,0.50,0.00,0.87,0.00,0.00,,yes,18.5,31,-1.753,2,0,-0.244,0.316,29,-5
60.11,FLYING,SCAN,0,,,,,100,0,0,0,22,75,OPTOMOTOR,,0.69,0.60,0.59,0.00,0.61,0.00,0.00,,yes,18.5,31,-1.689,1,0,-0.336,0.225,29,-7
60.16,FLYING,SCAN,0,,,,,100,0,0,0,24,75,OPTOMOTOR,,0.71,0.99,0.81,0.00,0.87,0.00,0.00,,yes,18.5,31,0.765,6,5,-0.257,0.423,29,-5
60.21,FLYING,SCAN,0,,,,,100,0,0,0,24,75,OPTOMOTOR,,0.69,1.18,1.18,0.00,0.61,0.00,0.00,,yes,18.4,31,-0.845,4,2,-0.247,0.524,29,-5
60.27,FLYING,SCAN,0,,,,,100,0,0,0,29,75,CRUISE,,0.73,0.73,1.36,0.00,1.31,0.00,0.00,,yes,18.4,32,1.163,2,8,0.003,0.629,29,0
60.32,FLYING,SCAN,0,,,,,100,0,0,0,28,75,CRUISE,,0.90,0.41,1.03,0.00,0.92,0.00,0.00,,yes,18.5,31,-1.136,1,2,-0.045,0.540,29,-1
60.38,FLYING,SCAN,0,,,,,100,0,0,0,26,75,CRUISE,,0.98,0.24,0.69,0.00,0.87,0.00,0.00,,yes,18.4,32,-1.610,2,0,-0.173,0.370,29,-3
60.43,FLYING,SCAN,0,,,,,100,0,0,0,26,74,CRUISE,,1.00,0.17,0.52,0.00,0.61,0.00,0.00,,yes,18.5,31,-0.216,6,7,-0.168,0.514,29,-3
60.48,FLYING,SCAN,0,,,,,100,0,0,0,25,74,CRUISE,,1.01,0.34,1.33,0.00,1.31,0.00,0.00,,yes,18.5,32,-3.071,1,0,-0.195,0.351,29,-4
60.54,FLYING,SCAN,0,,,,,100,0,0,0,25,74,OPTOMOTOR,,1.38,1.20,1.95,0.00,0.92,0.00,0.12,,yes,18.6,31,-1.204,2,1,-0.216,0.298,29,-4
60.59,FLYING,SCAN,0,,,,,100,0,0,0,23,74,CRUISE,,1.94,2.01,3.52,0.00,3.49,0.00,0.00,,yes,18.4,32,-2.990,2,0,-0.277,0.234,29,-6
60.65,FLYING,SCAN,0,,,,,100,0,0,0,22,74,OPTOMOTOR,,2.51,2.50,4.50,0.00,3.93,0.00,0.00,,yes,18.5,31,-2.075,1,0,-0.359,0.179,29,-7
60.70,FLYING,SCAN,0,,,,,100,0,0,0,26,74,OPTOMOTOR,,2.51,4.95,5.25,0.52,2.75,0.70,0.85,,yes,18.0,33,-1.999,2,0,-0.314,0.139,29,-3
60.76,FLYING,SCAN,0,,,,,100,0,0,0,29,74,ESCAPE,,2.52,6.17,5.63,1.00,1.92,1.00,1.00,,yes,17.9,33,-4.963,2,0,-0.360,0.145,29,0
60.81,FLYING,SCAN,0,,,,,100,0,0,0,29,74,ESCAPE,,2.53,5.68,4.58,1.00,1.35,1.00,1.00,,yes,18.0,33,-1.698,0,0,-0.286,0.110,29,0
60.87,FLYING,SCAN,0,,,,,100,0,0,0,29,74,ESCAPE,,3.02,5.11,3.99,1.00,2.18,1.00,1.00,,yes,18.0,32,1.743,0,4,0.013,0.153,29,0
60.93,FLYING,SCAN,0,,,,,100,0,0,0,29,74,ESCAPE,,3.26,4.83,3.69,1.00,1.53,1.00,1.00,,yes,17.7,34,3.410,0,8,0.354,0.324,29,0
60.98,FLYING,SCAN,0,,,,,100,0,0,0,29,74,ESCAPE,,3.38,3.99,3.97,1.00,3.93,0.00,0.00,,yes,18.3,32,2.187,0,5,0.390,0.307,29,0
61.04,FLYING,SCAN,0,,,,,100,0,0,0,29,74,ESCAPE,,2.85,3.58,4.51,1.00,2.75,0.01,0.48,,yes,18.1,32,0.842,0,6,0.515,0.387,29,0
61.09,FLYING,SCAN,0,,,,,100,0,0,0,32,74,ESCAPE,,2.77,3.45,4.78,0.71,4.80,0.00,0.00,,yes,18.3,32,2.066,0,2,0.435,0.327,29,3
61.14,FLYING,SCAN,0,,,,,100,0,0,0,33,74,ESCAPE,,2.73,3.68,4.04,0.40,3.36,0.00,0.00,,yes,18.4,32,1.072,0,1,0.313,0.218,29,4
61.21,FLYING,SCAN,0,,,,,100,0,0,0,31,74,ESCAPE,,2.71,4.43,3.68,0.54,2.62,0.51,0.51,,yes,15.6,41,-1.641,1,0,0.259,0.184,29,2
61.26,FLYING,SCAN,0,,,,,100,0,0,0,29,74,ESCAPE,,2.70,4.18,3.74,1.00,1.83,0.77,0.77,,yes,18.3,33,-1.509,2,0,-0.075,0.171,29,0
61.32,FLYING,SCAN,0,,,,,100,0,0,0,29,74,ESCAPE,,3.00,3.34,3.78,1.00,1.28,0.63,0.85,,yes,18.0,33,0.278,1,1,-0.132,0.177,29,0
61.37,FLYING,SCAN,0,,,,,100,0,0,0,29,74,ESCAPE,,3.15,2.92,4.01,1.00,3.49,0.00,0.00,,yes,18.3,32,-0.503,2,5,-0.077,0.276,29,0
61.43,FLYING,SCAN,0,,,,,100,0,0,0,28,74,ESCAPE,,3.23,3.25,3.99,0.63,2.44,0.00,0.38,,yes,18.3,32,-1.469,1,0,-0.132,0.217,29,-1
61.48,FLYING,SCAN,0,,,,,100,0,0,0,28,74,ESCAPE,,3.33,3.41,3.99,0.87,1.71,0.45,0.74,,yes,18.0,33,-4.047,1,0,-0.274,0.170,29,-1
61.54,FLYING,SCAN,0,,,,,100,0,0,0,29,74,ESCAPE,,2.91,2.16,2.93,1.00,1.20,0.45,0.47,,yes,18.3,33,-0.617,5,5,-0.218,0.329,29,0
61.59,FLYING,SCAN,0,,,,,100,0,0,0,29,74,ESCAPE,,2.86,1.53,2.40,1.00,0.87,0.59,0.36,,yes,18.2,32,-2.900,2,0,-0.276,0.266,29,0
61.65,FLYING,SCAN,0,,,,,100,0,0,0,29,74,ESCAPE,,2.83,2.05,2.90,1.00,0.61,0.71,0.74,,yes,18.4,33,-3.338,2,0,-0.382,0.202,29,0
61.70,FLYING,SCAN,0,,,,,100,0,0,0,0,74,ESCAPE,,2.82,2.31,3.15,1.00,1.31,0.35,0.52,,yes,18.2,32,-1.329,1,0,-0.327,0.147,0,0
61.76,FLYING,SCAN,0,,,,,100,0,0,0,0,74,ESCAPE,,2.57,2.44,3.21,1.00,0.92,0.43,0.75,,yes,18.1,33,-1.097,4,3,-0.313,0.274,0,0
61.81,FLYING,SCAN,0,,,,,100,0,0,0,0,74,ESCAPE,,2.32,2.17,2.65,1.00,0.64,0.44,0.60,,yes,18.0,34,-2.616,2,0,-0.380,0.192,0,0
61.87,FLYING,SCAN,0,,,,,100,0,0,0,0,74,ESCAPE,,1.85,2.04,2.37,1.00,1.31,0.00,0.13,,yes,18.1,33,-2.469,2,0,-0.402,0.175,0,0
61.93,FLYING,SCAN,0,,,,,100,0,0,0,-1,74,ESCAPE,,1.61,2.64,2.23,0.85,0.92,0.46,0.46,,yes,17.9,34,-5.511,1,0,-0.361,0.146,0,-1
61.98,FLYING,SCAN,0,,,,,100,0,0,0,-3,74,ESCAPE,,1.85,4.11,3.59,0.63,4.36,0.00,0.00,,yes,18.3,32,-1.971,2,0,-0.350,0.135,0,-3
62.04,FLYING,SCAN,0,,,,,100,0,0,0,-2,74,ESCAPE,,2.90,4.91,4.58,0.65,3.05,0.53,0.53,,yes,17.6,34,-1.909,2,0,-0.343,0.128,0,-2
62.09,FLYING,SCAN,0,,,,,100,0,0,0,0,74,ESCAPE,,3.42,5.31,5.07,1.00,2.14,1.00,1.00,,yes,17.7,34,-1.788,2,0,-0.339,0.125,0,0
62.15,FLYING,SCAN,0,,,,,100,0,0,0,0,74,ESCAPE,,1.80,3.19,3.77,1.00,1.50,0.45,0.74,,yes,17.5,34,-0.087,4,6,-0.201,0.347,0,0
62.21,FLYING,SCAN,0,,,,,100,0,0,0,0,74,ESCAPE,,0.98,1.81,3.10,1.00,1.05,0.00,0.63,,yes,18.2,32,-0.355,6,7,-0.177,0.629,0,0
62.26,FLYING,SCAN,0,,,,,100,0,0,0,0,74,ESCAPE,,0.58,1.11,2.23,0.98,0.73,0.00,0.35,,yes,17.9,33,-0.253,6,6,-0.162,0.755,0,0
62.32,FLYING,SCAN,0,,,,,100,0,0,0,-1,74,ESCAPE,,0.39,0.94,1.68,0.70,0.51,0.00,0.18,,,17.8,33,-0.085,6,6,-0.150,0.825,0,-1
62.37,FLYING,SCAN,0,,,,,100,0,0,0,-1,74,ESCAPE,,0.29,0.86,1.41,0.40,0.36,0.00,0.12,,,18.3,32,-0.088,6,8,-0.073,0.917,0,-1
62.43,FLYING,SCAN,0,,,,,100,0,0,0,0,74,AVOID_LEFT,,0.21,0.86,1.12,0.22,0.25,0.00,0.03,,,18.3,33,-0.119,5,7,-0.016,0.931,0,0
62.48,FLYING,SCAN,0,,,,,100,0,0,0,-3,74,AVOID_LEFT,,0.16,0.76,0.98,0.13,0.18,0.00,0.00,,,18.0,33,-0.195,6,7,-0.154,0.944,0,-3
62.54,FLYING,SCAN,0,,,,,100,0,0,0,-2,74,CRUISE,,0.14,0.53,0.78,0.07,0.12,0.00,0.00,,,17.2,36,-0.138,6,6,-0.104,0.946,0,-2
62.60,FLYING,SCAN,0,,,,,100,0,0,0,-1,74,CRUISE,,0.24,0.41,0.68,0.04,0.09,0.00,0.00,,,18.2,32,-0.076,5,6,-0.042,0.942,0,-1
62.65,FLYING,SCAN,0,,,,,100,0,0,0,0,74,CRUISE,,0.32,0.45,0.65,0.02,0.44,0.00,0.00,,,18.7,32,-0.053,5,7,0.014,0.945,0,0
62.70,FLYING,SCAN,0,,,,,100,0,0,0,-2,74,CRUISE,,0.33,0.61,0.65,0.01,0.31,0.00,0.00,,,19.5,30,-0.109,6,7,-0.080,0.966,0,-2
62.76,FLYING,SCAN,0,,,,,100,0,0,0,-2,74,CRUISE,,0.30,0.69,0.64,0.01,0.44,0.00,0.00,,,18.2,32,-0.163,6,8,-0.091,0.982,0,-2
62.81,FLYING,SCAN,0,,,,,100,0,0,0,-2,74,CRUISE,,0.23,0.54,0.78,0.00,0.31,0.00,0.00,,,18.0,32,-0.286,6,8,-0.098,0.963,0,-2
62.87,FLYING,SCAN,0,,,,,100,0,0,0,-1,74,CRUISE,,0.20,0.39,0.67,0.00,0.44,0.00,0.00,,,18.4,32,-0.157,6,7,-0.049,0.961,0,-1
62.92,FLYING,SCAN,0,,,,,100,0,0,0,10,74,CRUISE,,0.21,0.36,0.59,0.00,0.31,0.00,0.00,,,18.4,32,-0.170,6,7,-0.021,0.961,10,0
62.97,FLYING,SCAN,0,,,,,100,0,0,0,20,74,CRUISE,,0.22,0.30,0.55,0.00,0.44,0.00,0.00,,yes,18.6,32,1.132,1,7,0.146,0.865,17,3
63.03,FLYING,SCAN,0,,,,,100,0,0,0,27,74,CRUISE,,0.19,0.29,0.53,0.00,0.31,0.00,0.00,,yes,18.2,32,1.834,0,7,0.297,0.735,21,6
63.08,FLYING,SCAN,0,,,,,100,0,0,0,30,74,OPTOMOTOR,,0.17,0.28,0.56,0.00,0.44,0.00,0.00,,yes,18.0,33,2.357,0,6,0.314,0.585,24,6
63.14,FLYING,SCAN,0,,,,,100,0,0,0,33,74,OPTOMOTOR,,0.21,0.37,0.72,0.00,0.31,0.00,0.00,,yes,18.4,33,2.680,0,2,0.360,0.482,26,7
63.19,FLYING,SCAN,0,,,,,100,0,0,0,36,74,OPTOMOTOR,,0.23,0.44,0.80,0.00,0.21,0.00,0.00,,yes,18.6,31,3.014,0,7,0.466,0.433,27,9
63.25,FLYING,SCAN,0,,,,,100,0,0,0,36,74,OPTOMOTOR,,0.18,0.49,0.84,0.00,0.44,0.00,0.00,,yes,18.4,32,3.187,0,3,0.414,0.330,28,8
63.30,FLYING,SCAN,0,,,,,100,0,0,0,37,74,OPTOMOTOR,,0.15,0.55,0.74,0.00,0.31,0.00,0.00,,yes,18.5,31,1.796,0,6,0.406,0.314,29,8
63.35,FLYING,SCAN,0,,,,,100,0,0,0,39,74,OPTOMOTOR,,0.21,0.57,0.70,0.00,0.44,0.00,0.00,,yes,18.6,31,1.517,0,6,0.484,0.363,29,10
63.41,FLYING,SCAN,0,,,,,100,0,0,0,34,74,OPTOMOTOR,,0.24,0.42,0.67,0.00,0.31,0.00,0.00,,yes,18.6,31,-1.081,3,4,0.243,0.366,29,5
63.46,FLYING,SCAN,0,,,,,100,0,0,0,30,74,CRUISE,,0.26,0.34,0.73,0.00,0.87,0.00,0.00,,yes,18.9,31,0.850,4,5,0.031,0.535,29,1
63.52,FLYING,SCAN,0,,,,,100,0,0,0,28,74,CRUISE,,0.22,0.38,0.76,0.00,0.61,0.00,0.00,,yes,18.4,31,-1.802,1,0,-0.055,0.435,29,-1
63.57,FLYING,SCAN,0,,,,,100,0,0,0,26,74,CRUISE,,0.20,0.63,0.79,0.00,0.87,0.00,0.00,,yes,18.4,32,-1.912,2,0,-0.172,0.311,29,-3
63.62,FLYING,SCAN,0,,,,,100,0,0,0,26,74,CRUISE,,0.19,0.76,0.79,0.00,0.61,0.00,0.00,,yes,18.4,32,0.796,4,6,-0.152,0.409,29,-3
63.68,FLYING,SCAN,0,,,,,100,0,0,0,25,74,CRUISE,,0.19,1.40,0.73,0.00,1.31,0.00,0.00,,yes,18.4,32,-1.602,1,0,-0.194,0.349,29,-4
63.73,FLYING,SCAN,0,,,,,100,0,0,0,25,74,CRUISE,,0.32,1.74,0.66,0.00,0.92,0.01,0.01,,yes,18.5,32,0.547,6,7,-0.188,0.559,29,-4
63.79,FLYING,SCAN,0,,,,,100,0,0,0,25,74,CRUISE,,0.38,1.90,0.52,0.00,1.31,0.00,0.00,,yes,18.4,31,-2.091,2,0,-0.179,0.381,29,-4
63.84,FLYING,SCAN,0,,,,,100,0,0,0,25,74,OPTOMOTOR,,0.44,1.07,0.35,0.00,0.92,0.00,0.00,,yes,18.6,31,-1.147,1,1,-0.196,0.281,29,-4
63.90,FLYING,SCAN,0,,,,,100,0,0,0,29,74,CRUISE,,0.55,0.65,0.26,0.00,1.75,0.00,0.00,,yes,18.5,31,1.331,1,7,-0.022,0.340,29,0
63.95,FLYING,SCAN,0,,,,,100,0,0,0,28,74,CRUISE,,0.76,0.76,0.33,0.00,1.22,0.00,0.00,,yes,18.6,31,-3.560,1,0,-0.033,0.210,29,-1
64.00,FLYING,SCAN,0,,,,,100,0,0,0,29,74,CRUISE,,1.20,1.05,0.52,0.00,0.87,0.00,0.00,,yes,18.5,31,0.748,2,5,-0.011,0.280,29,0
64.06,FLYING,SCAN,0,,,,,100,0,0,0,28,74,CRUISE,,1.43,0.96,0.62,0.00,0.61,0.01,0.00,,yes,18.5,31,0.661,5,7,-0.069,0.573,29,-1
64.12,FLYING,SCAN,0,,,,,100,0,0,0,26,74,CRUISE,,1.17,0.83,0.71,0.00,1.31,0.00,0.00,,yes,15.9,41,-1.045,3,1,-0.148,0.470,29,-3
64.17,FLYING,SCAN,0,,,,,100,0,0,0,26,74,CRUISE,,1.04,0.76,0.75,0.00,0.92,0.00,0.00,,yes,18.4,32,0.312,6,7,-0.151,0.656,29,-3
64.23,FLYING,SCAN,0,,,,,100,0,0,0,30,74,CRUISE,,0.98,1.03,1.30,0.00,0.64,0.00,0.00,,yes,18.5,32,1.596,0,4,0.029,0.545,29,1
64.28,FLYING,SCAN,0,,,,,100,0,0,0,30,74,CRUISE,,0.86,1.16,1.57,0.00,1.31,0.00,0.00,,yes,18.4,32,-0.284,6,6,0.037,0.693,29,1
64.34,FLYING,SCAN,0,,,,,100,0,0,0,30,74,CRUISE,,0.75,0.93,1.45,0.00,0.92,0.00,0.00,,yes,18.6,31,-0.201,6,7,0.042,0.810,29,1
64.39,FLYING,SCAN,0,,,,,100,0,0,0,31,74,CRUISE,,0.69,0.82,1.25,0.00,0.64,0.00,0.00,,yes,18.6,31,1.605,0,4,0.096,0.618,29,2
64.44,FLYING,SCAN,0,,,,,100,0,0,0,30,73,CRUISE,,0.75,0.77,1.05,0.00,0.45,0.00,0.00,,yes,18.4,31,-0.038,5,6,0.058,0.686,29,1
64.50,FLYING,SCAN,0,,,,,100,0,0,0,30,73,CRUISE,,0.78,0.93,0.91,0.00,0.87,0.00,0.00,,yes,18.5,31,1.913,0,2,0.050,0.553,29,1
64.55,FLYING,SCAN,0,,,,,100,0,0,0,29,73,CRUISE,,0.54,1.01,0.88,0.00,0.61,0.00,0.00,,yes,18.6,31,-1.627,1,0,-0.022,0.344,29,0
64.61,FLYING,SCAN,0,,,,,100,0,0,0,27,73,CRUISE,,0.42,1.05,0.96,0.00,0.87,0.00,0.00,,yes,18.5,31,-2.905,2,0,-0.120,0.246,29,-2
64.66,FLYING,SCAN,0,,,,,100,0,0,0,25,73,OPTOMOTOR,,1.03,1.09,1.37,0.00,0.61,0.00,0.00,,yes,18.8,31,0.319,5,5,-0.208,0.415,29,-4
64.71,FLYING,SCAN,0,,,,,100,0,0,0,27,73,CRUISE,,1.34,1.11,1.57,0.00,1.31,0.00,0.00,,yes,18.5,31,-1.993,0,0,-0.121,0.305,29,-2
64.77,FLYING,SCAN,0,,,,,100,0,0,0,24,73,CRUISE,,1.49,1.03,1.30,0.00,0.92,0.00,0.00,,yes,18.4,32,-1.513,2,0,-0.243,0.238,29,-5
64.82,FLYING,SCAN,0,,,,,100,0,0,0,25,73,OPTOMOTOR,,1.40,0.91,1.03,0.00,1.31,0.00,0.00,,yes,18.4,32,0.589,6,7,-0.191,0.439,29,-4
64.88,FLYING,SCAN,0,,,,,100,0,0,0,26,73,CRUISE,,0.97,0.67,0.90,0.00,0.92,0.00,0.00,,yes,18.5,31,-1.324,0,0,-0.138,0.333,29,-3
64.93,FLYING,SCAN,0,,,,,100,0,0,0,29,73,CRUISE,,0.70,0.48,0.83,0.00,1.31,0.00,0.00,,yes,18.5,31,1.395,1,7,0.005,0.412,29,0
64.98,FLYING,SCAN,0,,,,,100,0,0,0,28,73,CRUISE,,0.62,0.38,0.82,0.00,0.92,0.00,0.00,,yes,18.7,31,0.295,6,7,-0.043,0.608,29,-1
65.04,FLYING,SCAN,0,,,,,100,0,0,0,28,73,CRUISE,,0.70,0.50,0.82,0.00,0.64,0.00,0.00,,yes,18.5,31,0.101,5,7,-0.036,0.757,29,-1
65.09,FLYING,SCAN,0,,,,,100,0,0,0,30,73,CRUISE,,0.75,0.56,0.89,0.00,0.87,0.00,0.00,,yes,18.5,31,1.594,0,4,0.075,0.588,29,1
65.15,FLYING,SCAN,0,,,,,100,0,0,0,29,73,CRUISE,,0.77,0.53,0.98,0.00,0.61,0.00,0.00,,yes,18.4,31,-0.531,5,5,0.016,0.622,29,0
65.20,FLYING,SCAN,0,,,,,100,0,0,0,29,73,CRUISE,,0.83,0.52,1.08,0.00,0.87,0.00,0.00,,yes,18.6,31,-0.692,5,6,-0.025,0.717,29,0
65.25,FLYING,SCAN,0,,,,,100,0,0,0,32,73,CRUISE,,0.86,0.48,1.26,0.00,0.61,0.00,0.00,,yes,18.5,31,1.539,0,7,0.147,0.637,29,3
65.31,FLYING,SCAN,0,,,,,100,0,0,0,29,73,CRUISE,,0.91,0.62,1.22,0.00,0.87,0.00,0.00,,yes,18.5,31,-1.382,1,1,-0.019,0.454,29,0
65.36,FLYING,SCAN,0,,,,,100,0,0,0,29,73,CRUISE,,1.33,0.69,0.91,0.00,0.61,0.00,0.00,,yes,18.4,31,0.954,4,6,-0.024,0.546,29,0
65.42,FLYING,SCAN,0,,,,,100,0,0,0,28,73,CRUISE,,1.54,0.89,0.71,0.00,1.31,0.00,0.00,,yes,18.4,32,-0.736,4,5,-0.050,0.637,29,-1
65.47,FLYING,SCAN,0,,,,,100,0,0,0,-2,73,CRUISE,,1.37,1.11,0.61,0.00,0.92,0.00,0.00,,yes,18.5,31,-0.507,6,7,-0.121,0.764,0,-2
65.53,FLYING,SCAN,0,,,,,100,0,0,0,-4,73,CRUISE,,1.29,1.22,0.56,0.00,1.31,0.00,0.00,,yes,18.6,31,-2.201,2,0,-0.212,0.539,0,-4
65.58,FLYING,SCAN,0,,,,,100,0,0,0,-4,73,OPTOMOTOR,,1.32,1.12,0.64,0.00,0.92,0.00,0.00,,yes,18.3,32,-3.691,0,0,-0.210,0.332,0,-4
65.64,FLYING,SCAN,0,,,,,100,0,0,0,-4,73,CRUISE,,1.58,0.77,0.82,0.00,0.64,0.07,0.00,,yes,18.1,32,-3.317,1,0,-0.221,0.206,0,-4
65.70,FLYING,SCAN,0,,,,,100,0,0,0,-7,73,OPTOMOTOR,,1.70,0.60,1.23,0.00,0.45,0.23,0.00,,yes,16.6,38,-1.791,2,0,-0.336,0.168,0,-7
65.75,FLYING,SCAN,0,,,,,100,0,0,0,-6,73,OPTOMOTOR,,1.56,0.90,1.44,0.00,1.31,0.00,0.00,,yes,18.3,32,-1.926,1,0,-0.287,0.128,0,-6
65.81,FLYING,SCAN,0,,,,,100,0,0,0,-5,73,OPTOMOTOR,,1.49,1.05,1.32,0.00,0.92,0.00,0.00,,yes,18.2,32,-0.345,6,5,-0.254,0.325,0,-5
65.86,FLYING,SCAN,0,,,,,100,0,0,0,-3,73,OPTOMOTOR,,1.47,0.83,1.00,0.00,0.64,0.01,0.00,,yes,18.1,32,-0.078,5,8,-0.140,0.603,0,-3
65.92,FLYING,SCAN,0,,,,,100,0,0,0,-2,73,CRUISE,,1.57,0.72,0.85,0.00,0.45,0.16,0.00,,yes,18.2,32,0.135,5,7,-0.100,0.754,0,-2
65.97,FLYING,SCAN,0,,,,,100,0,0,0,-1,73,CRUISE,,1.62,0.59,0.66,0.15,0.31,0.25,0.00,,yes,17.8,34,0.396,5,6,-0.070,0.806,0,-1
66.02,FLYING,SCAN,0,,,,,100,0,0,0,0,73,CRUISE,,1.79,0.52,0.68,0.21,0.44,0.28,0.00,,yes,19.3,30,0.165,6,7,-0.023,0.873,0,0
66.08,FLYING,SCAN,0,,,,,100,0,0,0,-1,73,AVOID_RIGHT,,1.90,0.36,0.89,0.31,0.44,0.33,0.00,,,17.8,33,0.101,6,7,-0.050,0.925,0,-1
66.14,FLYING,SCAN,0,,,,,100,0,0,0,3,73,AVOID_RIGHT,,1.96,0.27,1.00,0.32,0.31,0.43,0.00,,,17.6,34,1.174,1,6,0.189,0.783,0,3
66.19,FLYING,SCAN,0,,,,,100,0,0,0,4,73,AVOID_RIGHT,,1.77,0.25,1.09,0.33,0.44,0.27,0.00,,,17.6,34,2.247,0,5,0.328,0.650,0,4
66.25,FLYING,SCAN,0,,,,,100,0,0,0,4,73,AVOID_RIGHT,,1.67,0.49,0.94,0.19,0.31,0.28,0.00,,,18.2,32,2.024,0,1,0.225,0.442,0,4
66.30,FLYING,SCAN,0,,,,,100,0,0,0,7,73,AVOID_RIGHT,,1.87,0.61,1.03,0.10,0.87,0.10,0.00,,,18.2,32,1.564,0,7,0.392,0.425,0,7
66.36,FLYING,SCAN,0,,,,,100,0,0,0,4,73,AVOID_RIGHT,,1.97,0.46,1.01,0.19,0.61,0.28,0.00,,,18.0,32,0.666,6,7,0.228,0.630,0,4
66.41,FLYING,SCAN,0,,,,,100,0,0,0,6,73,AVOID_RIGHT,,2.03,0.38,1.00,0.26,0.44,0.40,0.00,,,17.8,33,1.123,2,8,0.389,0.631,0,6
66.47,FLYING,SCAN,0,,,,,100,0,0,0,3,73,AVOID_RIGHT,,2.05,0.40,0.92,0.41,0.31,0.47,0.00,,,18.4,32,0.651,5,8,0.252,0.746,0,3
66.53,FLYING,SCAN,0,,,,,100,0,0,0,1,73,AVOID_RIGHT,,2.06,0.44,0.70,0.38,0.44,0.41,0.00,,,17.6,34,0.207,6,6,0.096,0.835,0,1
66.58,FLYING,SCAN,0,,,,,100,0,0,0,0,73,AVOID_RIGHT,,1.77,0.46,0.60,0.47,0.31,0.33,0.00,,,17.7,34,-0.060,5,7,0.041,0.870,0,0
66.64,FLYING,SCAN,0,,,,,100,0,0,0,2,73,AVOID_RIGHT,,1.63,0.61,0.46,0.41,0.21,0.31,0.00,,,18.5,32,0.124,5,8,0.137,0.924,0,2
66.69,FLYING,SCAN,0,,,,,100,0,0,0,10,73,AVOID_RIGHT,,1.60,0.73,0.39,0.31,0.15,0.33,0.00,,,17.7,33,-0.126,6,7,-0.013,0.939,10,0
66.75,FLYING,SCAN,0,,,,,100,0,0,0,19,73,AVOID_RIGHT,,1.59,0.79,0.35,0.39,0.10,0.34,0.00,,yes,17.9,34,0.919,4,7,0.139,0.896,17,2
66.80,FLYING,SCAN,0,,,,,100,0,0,0,22,73,AVOID_RIGHT,,1.58,0.82,0.34,0.29,0.44,0.17,0.00,,yes,18.1,33,1.679,0,2,0.098,0.657,21,1
66.86,FLYING,SCAN,0,,,,,100,0,0,0,28,73,AVOID_RIGHT,,1.68,1.04,0.56,0.27,0.31,0.29,0.00,,yes,17.8,33,2.371,1,6,0.265,0.603,24,4
66.92,FLYING,SCAN,0,,,,,100,0,0,0,32,73,AVOID_RIGHT,,1.74,1.38,0.67,0.20,0.87,0.03,0.00,,yes,18.3,32,2.981,0,5,0.353,0.506,26,6
66.97,FLYING,SCAN,0,,,,,100,0,0,0,37,73,AVOID_RIGHT,,1.41,1.75,0.84,0.12,0.61,0.17,0.17,,yes,18.3,31,3.276,0,6,0.550,0.499,27,10
67.02,FLYING,SCAN,0,,,,,100,0,0,0,34,73,AVOID_RIGHT,,1.15,2.22,1.24,0.46,0.44,0.49,0.49,,yes,18.3,32,3.172,0,4,0.542,0.429,28,6
67.08,FLYING,SCAN,0,,,,,100,0,0,0,29,73,ESCAPE,,1.02,2.46,1.44,1.00,0.31,0.68,0.68,,yes,18.1,32,3.496,0,3,0.484,0.370,29,0
67.14,FLYING,SCAN,0,,,,,100,0,0,0,29,73,ESCAPE,,0.92,2.07,1.13,1.00,0.44,0.42,0.42,,yes,16.5,38,3.449,0,3,0.508,0.380,29,0
67.19,FLYING,SCAN,0,,,,,100,0,0,0,30,73,ESCAPE,,0.86,1.87,0.97,0.85,0.87,0.10,0.10,,yes,19.2,30,0.526,5,7,0.301,0.586,29,1
67.25,FLYING,SCAN,0,,,,,100,0,0,0,29,73,ESCAPE,,0.96,1.55,0.93,0.48,0.61,0.07,0.07,,yes,18.7,32,-2.605,1,0,-0.015,0.392,29,0
67.30,FLYING,SCAN,0,,,,,100,0,0,0,27,73,ESCAPE,,1.76,1.39,0.97,0.27,1.31,0.00,0.00,,yes,18.6,31,-1.530,1,0,-0.103,0.268,29,-2
67.35,FLYING,SCAN,0,,,,,100,0,0,0,29,73,ESCAPE,,2.26,1.31,0.99,0.15,0.92,0.27,0.00,,yes,18.2,32,1.330,0,5,0.004,0.332,29,0
67.41,FLYING,SCAN,0,,,,,100,0,0,0,29,73,ESCAPE,,2.51,1.08,1.00,0.32,0.87,0.42,0.00,,yes,18.3,32,-0.489,6,7,-0.035,0.535,29,0
67.46,FLYING,SCAN,0,,,,,100,0,0,0,31,73,ESCAPE,,2.61,1.11,0.89,0.44,0.61,0.60,0.00,,yes,18.4,32,1.120,0,6,0.187,0.530,29,2
67.52,FLYING,SCAN,0,,,,,100,0,0,0,29,73,ESCAPE,,2.63,0.98,0.81,0.51,0.87,0.48,0.00,,yes,18.3,32,-0.515,6,5,0.031,0.708,29,0
67.57,FLYING,SCAN,0,,,,,100,0,0,0,28,73,ESCAPE,,2.38,0.94,0.74,0.55,0.61,0.49,0.00,,yes,18.2,32,0.356,6,5,-0.061,0.780,29,-1
67.63,FLYING,SCAN,0,,,,,100,0,0,0,30,73,ESCAPE,,2.03,0.91,0.68,0.46,0.44,0.39,0.00,,yes,18.3,32,1.507,0,5,0.104,0.677,29,1
67.68,FLYING,SCAN,0,,,,,100,0,0,0,28,73,ESCAPE,,1.50,0.90,0.57,0.34,0.31,0.20,0.00,,yes,18.5,32,-1.173,2,1,-0.067,0.467,29,-1
67.74,FLYING,SCAN,0,,,,,100,0,0,0,28,73,ESCAPE,,1.16,1.00,0.52,0.19,1.31,0.00,0.00,,yes,18.3,32,0.539,6,7,-0.093,0.654,29,-1
67.79,FLYING,SCAN,0,,,,,100,0,0,0,26,73,ESCAPE,,0.78,1.04,0.57,0.11,0.92,0.00,0.00,,yes,18.7,31,-2.470,0,0,-0.143,0.411,29,-3
67.84,FLYING,SCAN,0,,,,,100,0,0,0,25,73,ESCAPE,,0.59,1.10,0.59,0.06,1.31,0.00,0.00,,yes,18.4,32,-1.830,1,0,-0.196,0.279,29,-4
67.90,FLYING,SCAN,0,,,,,100,0,0,0,25,73,ESCAPE,,0.61,1.13,0.72,0.03,0.92,0.00,0.00,,yes,18.5,31,0.490,6,7,-0.181,0.462,29,-4
67.95,FLYING,SCAN,0,,,,,100,0,0,0,25,73,ESCAPE,,0.72,1.11,0.84,0.02,0.87,0.00,0.00,,yes,18.8,31,-6.410,2,0,-0.220,0.413,29,-4
68.00,FLYING,SCAN,0,,,,,100,0,0,0,26,73,ESCAPE,,0.78,1.10,0.94,0.01,1.31,0.00,0.00,,yes,18.8,31,0.286,5,8,-0.169,0.609,29,-3
68.06,FLYING,SCAN,0,,,,,100,0,0,0,28,73,ESCAPE,,0.81,1.10,0.99,0.01,0.92,0.00,0.00,,yes,18.4,32,0.745,6,8,-0.051,0.753,29,-1
68.11,FLYING,SCAN,0,,,,,100,0,0,0,26,73,ESCAPE,,0.65,0.89,0.97,0.00,0.87,0.00,0.00,,yes,18.5,31,-1.051,6,4,-0.134,0.700,29,-3
68.17,FLYING,SCAN,0,,,,,100,0,0,0,26,73,ESCAPE,,0.56,0.78,0.67,0.00,0.61,0.00,0.00,,yes,18.2,32,-0.140,6,7,-0.130,0.799,29,-3
68.22,FLYING,SCAN,0,,,,,100,0,0,0,31,73,ESCAPE,,0.52,1.00,0.52,0.00,0.44,0.00,0.00,,yes,18.4,32,1.223,0,6,0.119,0.707,29,2
68.28,FLYING,SCAN,0,,,,,100,0,0,0,30,73,ESCAPE,,0.61,1.11,0.70,0.00,0.31,0.00,0.00,,yes,18.7,32,-0.795,4,4,0.047,0.694,29,1
68.33,FLYING,SCAN,0,,,,,100,0,0,0,30,73,ESCAPE,,0.84,0.95,0.84,0.00,0.44,0.00,0.00,,yes,18.3,32,0.829,4,6,0.043,0.767,29,1
68.39,FLYING,SCAN,0,,,,,100,0,0,0,28,73,ESCAPE,,0.95,0.87,0.92,0.00,0.31,0.00,0.00,,yes,18.4,32,-1.882,1,0,-0.074,0.536,29,-1
68.44,FLYING,SCAN,0,,,,,100,0,0,0,25,73,ESCAPE,,1.09,0.92,0.95,0.00,1.31,0.00,0.00,,yes,18.6,31,-1.880,2,0,-0.187,0.369,29,-4
68.49,FLYING,SCAN,0,,,,,100,0,0,0,25,73,ESCAPE,,1.02,0.94,0.87,0.00,0.92,0.00,0.00,,yes,18.3,31,0.547,6,7,-0.176,0.513,29,-4
68.55,FLYING,SCAN,0,,,,,100,0,0,0,26,73,ESCAPE,,0.81,0.76,0.82,0.00,0.87,0.00,0.00,,yes,16.4,38,-1.585,2,0,-0.161,0.398,29,-3
68.60,FLYING,SCAN,0,,,,,100,0,0,0,25,73,ESCAPE,,0.70,0.50,0.80,0.00,0.61,0.00,0.00,,yes,19.9,29,-1.028,3,2,-0.216,0.348,29,-4
68.66,FLYING,SCAN,0,,,,,100,0,0,0,27,73,ESCAPE,,1.03,0.36,0.58,0.00,0.43,0.00,0.00,,yes,18.6,31,1.506,0,3,-0.091,0.282,29,-2
68.71,FLYING,SCAN,0,,,,,100,0,0,0,31,73,CRUISE,,1.29,0.30,0.55,0.00,0.30,0.09,0.00,,yes,18.4,32,2.009,0,4,0.103,0.278,29,2
68.77,FLYING,SCAN,0,,,,,100,0,0,0,36,73,OPTOMOTOR,,1.42,0.31,0.54,0.00,0.87,0.00,0.00,,yes,18.5,31,2.307,0,6,0.337,0.342,29,7
68.82,FLYING,SCAN,0,,,,,100,0,0,0,37,73,OPTOMOTOR,,1.04,0.43,0.54,0.00,0.61,0.00,0.00,,yes,18.4,32,2.246,0,4,0.392,0.312,29,8
68.88,FLYING,SCAN,0,,,,,100,0,0,0,33,73,OPTOMOTOR,,0.77,0.49,0.61,0.00,0.44,0.00,0.00,,yes,18.4,32,0.555,6,8,0.219,0.543,29,4
68.93,FLYING,SCAN,0,,,,,100,0,0,0,35,73,OPTOMOTOR,,0.58,0.49,0.65,0.00,0.31,0.00,0.00,,yes,18.5,31,2.192,0,4,0.315,0.453,29,6
68.98,FLYING,SCAN,0,,,,,100,0,0,0,32,73,OPTOMOTOR,,0.48,0.46,0.75,0.00,2.18,0.00,0.00,,yes,18.5,31,-1.113,2,3,0.162,0.408,29,3
69.04,FLYING,SCAN,0,,,,,100,0,0,0,29,73,CRUISE,,0.68,0.37,0.80,0.00,1.53,0.00,0.00,,yes,18.4,32,-3.598,1,0,0.022,0.306,29,0
69.09,FLYING,SCAN,0,,,,,100,0,0,0,27,73,CRUISE,,0.80,0.33,0.86,0.00,1.31,0.00,0.00,,yes,18.5,31,-0.186,6,7,-0.077,0.520,29,-2
69.15,FLYING,SCAN,0,,,,,100,0,0,0,25,73,CRUISE,,1.10,0.79,1.13,0.00,0.92,0.00,0.00,,yes,18.4,32,-2.917,1,0,-0.199,0.369,29,-4
69.20,FLYING,SCAN,0,,,,,100,0,0,0,-4,73,OPTOMOTOR,,1.73,1.04,1.43,0.00,1.31,0.00,0.00,,yes,18.3,32,-1.117,1,1,-0.208,0.274,0,-4
69.25,FLYING,SCAN,0,,,,,100,0,0,0,-7,73,OPTOMOTOR,,2.05,1.17,1.58,0.00,0.92,0.17,0.00,,yes,18.8,31,-2.067,2,0,-0.350,0.221,0,-7
69.31,FLYING,SCAN,0,,,,,100,0,0,0,-8,73,OPTOMOTOR,,1.60,0.73,1.01,0.00,0.87,0.00,0.00,,yes,18.3,32,-3.765,2,0,-0.412,0.191,0,-8
69.36,FLYING,SCAN,0,,,,,100,0,0,0,-7,73,OPTOMOTOR,,1.38,0.38,0.66,0.00,0.61,0.00,0.00,,yes,18.1,32,-1.379,1,0,-0.373,0.155,0,-7
69.42,FLYING,SCAN,0,,,,,100,0,0,0,-7,73,OPTOMOTOR,,1.28,0.19,0.49,0.00,0.43,0.03,0.00,,yes,18.4,32,-2.948,2,0,-0.356,0.140,0,-7
69.47,FLYING,SCAN,0,,,,,100,0,0,0,-6,73,OPTOMOTOR,,1.23,0.10,0.46,0.00,0.30,0.06,0.00,,yes,18.3,32,-1.290,1,0,-0.296,0.112,0,-6
69.53,FLYING,SCAN,0,,,,,100,0,0,0,-4,73,OPTOMOTOR,,1.20,0.41,0.45,0.00,0.21,0.10,0.00,,yes,18.3,32,-0.064,5,7,-0.196,0.407,0,-4
69.58,FLYING,SCAN,0,,,,,100,0,0,0,-4,73,OPTOMOTOR,,1.10,0.57,0.44,0.00,0.15,0.08,0.00,,yes,18.0,32,-0.023,6,7,-0.193,0.649,0,-4
69.64,FLYING,SCAN,0,,,,,100,0,0,0,-3,73,CRUISE,,1.15,0.64,0.44,0.00,0.44,0.00,0.00,,yes,17.5,34,-0.110,6,7,-0.143,0.785,0,-3
69.70,FLYING,SCAN,0,,,,,100,0,0,0,-1,73,CRUISE,,1.34,0.67,0.44,0.00,0.31,0.12,0.00,,yes,18.6,32,0.053,5,8,-0.029,0.847,0,-1
69.75,FLYING,SCAN,0,,,,,100,0,0,0,-1,73,CRUISE,,1.44,0.69,0.37,0.00,0.21,0.21,0.00,,yes,18.2,32,0.160,6,7,-0.025,0.911,0,-1
69.80,FLYING,SCAN,0,,,,,100,0,0,0,0,73,CRUISE,,1.48,0.69,0.33,0.00,0.44,0.12,0.00,,,18.2,33,0.109,5,6,0.023,0.908,0,0
69.86,FLYING,SCAN,0,,,,,100,0,0,0,0,73,AVOID_RIGHT,,1.75,0.77,0.45,0.15,0.31,0.32,0.00,,,17.9,33,0.138,6,8,-0.015,0.950,0,0
69.92,FLYING,SCAN,0,,,,,100,0,0,0,0,73,AVOID_RIGHT,,1.92,1.03,0.66,0.23,0.44,0.34,0.00,,,18.1,33,0.458,5,6,0.009,0.916,0,0
69.97,FLYING,SCAN,0,,,,,100,0,0,0,1,73,AVOID_RIGHT,,2.32,1.17,1.08,0.39,0.31,0.60,0.03,,,17.6,34,0.434,5,7,0.109,0.945,0,1
70.03,FLYING,SCARED,0,,,,,100,0,-60,0,0,73,AVOID_RIGHT,RIGHT,2.51,1.23,1.29,0.63,0.21,0.75,0.14,,,17.9,33,0.307,6,7,0.044,0.980,0,0
70.09,FLYING,SCARED,0,,,,,100,0,-60,0,1,73,AVOID_RIGHT,,2.08,0.88,1.04,0.62,0.15,0.57,0.05,,yes,16.1,39,0.807,5,7,0.129,0.909,0,1
70.15,FLYING,SCARED,0,,,,,100,0,-60,0,1,73,AVOID_RIGHT,,1.87,0.66,0.70,0.61,0.44,0.32,0.00,,yes,17.9,34,0.836,5,7,0.115,0.926,0,1
70.20,FLYING,SCARED,0,,,,,100,0,-60,0,1,73,AVOID_RIGHT,,2.20,0.35,0.50,0.52,0.31,0.55,0.00,,yes,19.1,30,0.818,1,6,0.128,0.783,0,1
70.25,FLYING,SCARED,0,,,,,100,0,-60,0,2,73,AVOID_RIGHT,,2.37,0.18,0.40,0.55,0.44,0.57,0.00,,yes,18.2,32,0.332,6,9,0.221,0.913,0,2
70.31,FLYING,SCARED,0,,,,,100,0,-60,0,2,73,AVOID_RIGHT,,1.91,0.09,0.35,0.56,0.87,0.12,0.00,,yes,18.2,32,0.562,6,8,0.233,0.953,0,2
70.36,FLYING,SCARED,0,,,,,100,0,-60,0,3,73,AVOID_RIGHT,,1.68,0.05,0.32,0.32,0.61,0.13,0.00,,yes,18.3,32,0.269,6,8,0.190,0.960,0,3
70.42,FLYING,SCARED,0,,,,,100,0,-60,0,3,73,AVOID_RIGHT,,1.76,0.02,0.36,0.18,0.44,0.26,0.00,,yes,18.2,32,0.118,5,7,0.203,0.970,0,3
70.47,FLYING,SCARED,0,,,,,100,0,-60,0,3,73,AVOID_RIGHT,,1.81,0.01,0.96,0.34,0.31,0.35,0.00,,yes,18.2,32,0.192,5,7,0.200,0.975,0,3
70.53,FLYING,SCARED,0,,,,,100,0,-60,0,3,73,AVOID_RIGHT,,1.40,0.02,1.26,0.25,0.44,0.08,0.01,,yes,18.3,32,0.110,5,7,0.194,0.978,0,3
70.58,FLYING,SCARED,0,,,,,100,0,-60,0,3,73,AVOID_RIGHT,,1.20,0.08,0.64,0.14,0.31,0.05,0.00,,yes,18.6,31,0.261,5,7,0.165,0.965,0,3
70.64,FLYING,SCARED,0,,,,,100,0,-60,0,3,73,AVOID_RIGHT,,1.08,0.12,0.34,0.08,0.87,0.00,0.00,,yes,18.3,32,0.182,5,9,0.188,0.982,0,3
70.69,FLYING,SCARED,0,,,,,100,0,-60,0,1,73,AVOID_RIGHT,,1.02,0.14,0.35,0.04,0.61,0.00,0.00,,yes,18.2,32,0.090,6,7,0.062,1.000,0,1
70.75,FLYING,WAIT,0,,,,,100,0,-39,0,1,73,CRUISE,,1.00,0.13,0.36,0.03,0.43,0.00,0.00,,yes,18.1,32,0.066,6,7,0.066,0.983,0,1
70.80,FLYING,WAIT,0,,,,,100,0,-25,0,0,73,CRUISE,,0.85,0.12,0.19,0.01,0.30,0.00,0.00,,yes,18.3,32,0.133,6,8,0.004,1.000,0,0
70.86,FLYING,WAIT,0,,,,,100,0,-16,0,2,73,CRUISE,,0.75,0.09,0.10,0.01,0.87,0.00,0.00,,yes,18.1,32,0.148,5,7,0.084,0.989,0,2
70.91,FLYING,WAIT,0,,,,,100,0,-10,0,2,73,CRUISE,,0.73,0.07,0.12,0.00,0.61,0.00,0.00,,yes,18.6,32,0.058,5,7,0.089,0.971,0,2
70.97,FLYING,WAIT,0,,,,,100,0,-6,0,-2,73,CRUISE,,0.80,0.05,0.18,0.00,1.75,0.00,0.00,,yes,18.4,32,-0.008,6,7,-0.100,0.966,0,-2
71.02,FLYING,WAIT,0,,,,,100,0,-4,0,-1,73,CRUISE,,0.85,0.04,0.84,0.00,1.22,0.00,0.00,,yes,18.3,32,0.013,6,7,-0.050,0.963,0,-1
71.07,FLYING,WAIT,0,,,,,100,0,-2,0,2,73,CRUISE,,0.87,0.02,1.17,0.00,0.86,0.00,0.00,,yes,18.3,32,-0.114,5,8,0.093,0.976,0,2
71.13,FLYING,WAIT,0,,,,,100,0,-1,0,-2,73,CRUISE,,0.84,0.54,1.45,0.00,1.31,0.00,0.00,,yes,18.7,32,-0.007,6,8,-0.077,0.974,0,-2
71.18,FLYING,WAIT,0,,,,,100,0,-1,0,0,73,CRUISE,,0.73,0.80,1.56,0.00,0.92,0.00,0.00,,yes,18.4,32,0.013,6,8,-0.017,1.000,0,0
71.24,FLYING,WAIT,0,,,,,100,0,0,0,0,73,CRUISE,,0.77,0.97,1.61,0.00,1.31,0.00,0.00,,yes,18.2,32,-0.044,6,7,0.000,1.000,0,0
71.29,FLYING,WAIT,0,,,,,100,0,0,0,1,73,CRUISE,,1.14,1.05,1.11,0.00,0.92,0.00,0.00,,yes,18.4,32,-0.070,5,7,0.047,0.998,0,1
71.35,FLYING,WAIT,0,,,,,100,0,0,0,0,73,CRUISE,,1.33,1.03,0.85,0.00,1.31,0.00,0.00,,yes,18.3,31,0.172,6,7,0.000,1.000,0,0
71.40,FLYING,WAIT,0,,,,,100,0,0,0,-2,73,CRUISE,,1.42,1.02,1.14,0.00,0.92,0.00,0.00,,yes,18.3,32,0.288,5,6,-0.100,0.950,0,-2
71.45,FLYING,WAIT,0,,,,,100,0,0,0,-2,73,CRUISE,,1.19,1.43,1.28,0.00,0.64,0.00,0.00,,yes,18.7,32,0.052,6,8,-0.119,0.973,0,-2
71.52,FLYING,WAIT,0,,,,,100,0,0,0,-1,73,CRUISE,,1.01,1.64,1.11,0.00,0.45,0.20,0.20,,yes,16.2,39,0.068,5,6,-0.052,0.958,0,-1
71.57,FLYING,WAIT,0,,,,,100,0,0,0,-1,73,CRUISE,,0.92,0.97,1.03,0.00,0.31,0.00,0.00,,,19.5,29,0.273,6,7,-0.055,0.987,0,-1
71.62,FLYING,WAIT,0,,,,,100,0,0,0,1,73,CRUISE,,0.97,0.64,1.14,0.00,0.22,0.00,0.06,,,18.3,32,0.201,6,8,0.050,1.000,0,1
71.68,FLYING,WAIT,0,,,,,100,0,0,0,0,73,CRUISE,,1.26,0.86,1.21,0.00,0.87,0.00,0.00,,,18.5,31,0.338,6,8,0.000,1.000,0,0
71.73,FLYING,WAIT,0,,,,,100,0,0,0,-2,73,CRUISE,,1.40,0.96,1.25,0.00,0.61,0.00,0.00,,,18.5,31,0.214,6,6,-0.104,0.961,0,-2
71.78,FLYING,WAIT,0,,,,,100,0,0,0,-2,73,CRUISE,,1.47,0.92,1.20,0.00,0.43,0.12,0.00,,,18.5,32,0.436,5,6,-0.101,0.936,0,-2
71.84,FLYING,WAIT,0,,,,,100,0,0,0,-1,73,CRUISE,,1.50,0.89,1.18,0.00,0.44,0.13,0.00,,,18.3,32,0.426,6,6,-0.073,0.942,0,-1
71.89,FLYING,WAIT,0,,,,,100,0,0,0,0,73,CRUISE,,1.55,1.10,1.24,0.00,0.31,0.22,0.07,,,18.4,32,0.234,5,8,0.017,0.950,0,0
71.95,FLYING,WAIT,0,,,,,100,0,0,0,1,73,AVOID_RIGHT,,1.87,1.24,1.27,0.15,0.44,0.32,0.01,,,18.2,32,0.715,3,5,0.033,0.859,0,1
72.00,FLYING,WAIT,0,,,,,100,0,0,0,1,73,AVOID_RIGHT,,2.03,1.27,1.25,0.26,0.31,0.46,0.08,,,18.2,32,0.420,6,8,0.092,0.936,0,1
72.06,FLYING,WAIT,0,,,,,100,0,0,0,-1,73,AVOID_RIGHT,,1.91,1.02,1.05,0.15,0.87,0.12,0.00,,,18.1,32,0.248,6,6,-0.040,0.956,0,-1
72.11,FLYING,WAIT,0,,,,,100,0,0,0,3,73,AVOID_RIGHT,,1.39,0.51,0.70,0.08,0.61,0.00,0.00,,,18.3,32,0.498,5,7,0.152,0.953,0,3
72.17,FLYING,WAIT,0,,,,,100,0,0,0,4,73,AVOID_RIGHT,,1.13,0.25,0.53,0.05,0.44,0.00,0.00,,,18.4,32,0.360,5,8,0.202,0.970,0,4
72.22,FLYING,WAIT,0,,,,,100,0,0,0,3,73,OPTOMOTOR,,1.17,0.35,0.59,0.03,0.31,0.03,0.00,,,18.4,31,0.143,5,6,0.165,0.942,0,3
72.28,FLYING,WAIT,0,,,,,100,0,0,0,1,73,CRUISE,,1.19,0.40,0.62,0.01,0.44,0.00,0.00,,,18.2,32,0.401,6,8,0.064,0.969,0,1
72.33,FLYING,WAIT,0,,,,,100,0,0,0,3,73,CRUISE,,0.86,0.20,0.52,0.01,0.31,0.00,0.00,,,18.5,32,0.113,5,8,0.149,0.979,0,3
72.39,FLYING,WAIT,0,,,,,100,0,0,0,3,73,CRUISE,,0.59,0.10,0.43,0.00,0.21,0.00,0.00,,,18.0,33,0.230,5,8,0.165,0.985,0,3
72.44,FLYING,WAIT,0,,,,,100,0,0,0,3,73,OPTOMOTOR,,0.56,0.05,0.38,0.00,0.15,0.00,0.00,,,18.1,33,0.264,6,7,0.143,0.988,0,3
72.50,FLYING,WAIT,0,,,,,100,0,0,0,0,73,CRUISE,,0.86,0.02,0.54,0.00,0.87,0.00,0.00,,,18.1,32,0.048,6,8,-0.024,0.980,0,0
72.55,FLYING,WAIT,0,,,,,100,0,0,0,0,73,CRUISE,,1.06,0.01,0.62,0.00,0.61,0.00,0.00,,,18.0,33,0.025,5,7,0.024,0.967,0,0
72.61,FLYING,WAIT,0,,,,,100,0,0,0,5,73,CRUISE,,1.56,0.01,0.71,0.00,0.43,0.17,0.00,,,18.0,34,-0.062,3,7,0.225,0.935,0,5
72.66,FLYING,WAIT,0,,,,,100,0,0,0,3,73,AVOID_RIGHT,,2.59,0.67,1.45,0.41,0.44,0.68,0.11,,,17.9,33,-0.021,6,8,0.218,0.965,0,3
72.72,FLYING,WAIT,0,,,,,100,0,0,0,1,73,AVOID_RIGHT,RIGHT,3.10,1.01,1.81,0.79,0.31,1.00,0.35,,,17.9,33,-0.069,5,8,0.209,0.977,0,1
72.78,FLYING,WAIT,0,,,,,100,0,0,0,0,73,ESCAPE,RIGHT,2.75,0.67,1.10,0.74,0.87,0.54,0.00,,,17.8,33,0.266,6,6,-0.010,0.965,0,0
72.83,FLYING,WAIT,0,,,,,100,0,0,0,0,73,ESCAPE,RIGHT,2.58,0.33,0.74,0.68,0.61,0.58,0.00,,,17.9,34,0.075,6,7,0.063,0.977,0,0
72.89,FLYING,WAIT,0,,,,,100,0,0,0,0,73,ESCAPE,RIGHT,2.49,0.17,0.72,0.64,0.87,0.41,0.00,,,17.8,33,0.121,6,8,0.063,0.974,0,0
72.95,FLYING,WAIT,0,,,,,100,0,0,0,1,73,ESCAPE,RIGHT,1.84,0.10,0.79,0.47,0.61,0.21,0.00,,,15.8,41,0.192,5,8,0.141,0.982,0,1
73.03,FLYING,WAIT,0,,,,,100,0,0,0,-1,73,ESCAPE,,1.51,0.09,0.82,0.27,0.44,0.14,0.00,,,13.0,54,0.223,6,7,-0.062,0.972,0,-1
73.08,FLYING,WAIT,0,,,,,100,0,0,0,0,73,ESCAPE,,1.43,0.13,0.48,0.15,0.44,0.10,0.00,,,18.3,33,0.159,6,7,-0.029,0.967,0,0
73.14,FLYING,WAIT,0,,,,,100,0,0,0,0,73,ESCAPE,,1.39,0.16,0.31,0.08,0.31,0.14,0.00,,,17.9,34,0.109,6,8,0.000,1.000,0,0
73.19,FLYING,WAIT,0,,,,,100,0,0,0,3,73,ESCAPE,,1.37,0.16,0.22,0.05,1.31,0.00,0.00,,,18.2,32,0.128,5,8,0.173,1.000,0,3
73.25,FLYING,WAIT,0,,,,,100,0,0,0,0,73,ESCAPE,,1.55,0.18,0.27,0.03,0.92,0.00,0.00,,,18.2,32,0.214,6,7,0.019,0.984,0,0
73.30,FLYING,WAIT,0,,,,,100,0,0,0,2,73,ESCAPE,,1.65,0.45,0.62,0.01,0.87,0.00,0.00,,,18.1,32,0.429,6,8,0.080,0.992,0,2
73.36,FLYING,WAIT,0,,,,,100,0,0,0,4,73,ESCAPE,,2.03,0.73,1.25,0.01,1.31,0.00,0.00,,,17.9,33,-0.051,4,7,0.181,0.954,0,4
73.41,FLYING,WAIT,0,,,,,100,0,0,0,-1,73,ESCAPE,,2.22,0.86,1.57,0.00,1.31,0.06,0.00,,,18.2,32,0.098,5,6,-0.036,0.904,0,-1
73.48,FLYING,WAIT,0,,,,,100,0,0,0,-1,73,ESCAPE,,1.77,0.53,1.29,0.00,0.92,0.02,0.00,,,15.6,41,0.037,6,7,-0.052,0.957,0,-1
73.53,FLYING,WAIT,0,,,,,100,0,0,0,-3,73,ESCAPE,,1.14,0.36,0.81,0.00,0.64,0.00,0.00,,,18.0,33,-0.003,6,5,-0.158,0.963,0,-3
73.59,FLYING,WAIT,0,,,,,100,0,0,0,-1,73,ESCAPE,,0.83,0.28,0.62,0.00,0.45,0.00,0.00,,,17.9,33,-0.080,5,7,-0.052,0.957,0,-1
73.65,FLYING,WAIT,0,,,,,100,0,0,0,-1,73,ESCAPE,,0.79,0.23,0.52,0.00,1.31,0.00,0.00,,,18.0,33,-0.117,6,7,-0.054,0.987,0,-1
73.71,FLYING,WAIT,0,,,,,100,0,0,0,0,73,ESCAPE,,0.90,0.20,0.50,0.00,0.92,0.00,0.00,,,15.4,41,-0.184,5,6,-0.014,0.965,0,0
73.78,FLYING,APPROACH,0,,,,,100,0,4,0,-2,73,ESCAPE,,0.95,0.18,0.49,0.00,0.64,0.00,0.00,,,15.2,43,-0.218,6,7,-0.095,0.977,0,-2
73.84,FLYING,APPROACH,0,,,,,100,0,6,0,-5,73,ESCAPE,,0.98,0.19,0.51,0.00,1.31,0.00,0.00,,,16.2,39,-0.527,6,5,-0.263,0.903,0,-5
73.90,FLYING,APPROACH,0,,,,,100,0,8,0,-6,73,ESCAPE,,1.58,0.45,1.27,0.00,0.92,0.00,0.00,,,15.9,40,-0.653,5,5,-0.297,0.856,0,-6
73.96,FLYING,APPROACH,0,,,,,100,0,9,0,-5,73,ESCAPE,,1.88,0.58,1.64,0.00,0.87,0.07,0.00,,,15.7,41,-0.954,3,2,-0.241,0.691,0,-5
74.03,FLYING,APPROACH,0,,,,,100,0,10,0,-3,73,ESCAPE,,1.57,0.46,1.10,0.00,0.61,0.04,0.00,,yes,16.5,38,-0.350,6,8,-0.158,0.842,0,-3
74.09,FLYING,APPROACH,0,,,,,100,0,11,0,-3,73,ESCAPE,,1.35,0.40,0.83,0.00,0.44,0.02,0.00,,yes,15.9,40,-0.784,4,5,-0.130,0.746,0,-3
74.15,FLYING,APPROACH,0,,,,,100,0,11,0,-1,73,ESCAPE,,1.13,0.40,0.74,0.00,0.44,0.00,0.00,,yes,16.1,39,-0.732,5,8,-0.045,0.796,0,-1
74.21,FLYING,APPROACH,0,,,,,100,0,11,0,-3,73,ESCAPE,,0.79,0.40,0.70,0.00,0.31,0.00,0.00,,yes,17.2,35,-0.808,4,4,-0.132,0.772,0,-3
74.27,FLYING,APPROACH,0,,,,,100,0,11,0,-3,73,ESCAPE,,0.62,0.40,0.67,0.00,0.44,0.00,0.00,,yes,16.3,38,-0.290,5,5,-0.156,0.811,0,-3
74.33,FLYING,APPROACH,0,,,,,100,0,11,0,-3,73,ESCAPE,,0.67,0.52,0.95,0.00,0.31,0.00,0.00,,yes,16.3,39,-0.563,6,6,-0.163,0.843,0,-3
74.39,FLYING,APPROACH,0,,,,,100,0,11,0,-4,73,ESCAPE,,0.70,0.57,1.09,0.00,0.44,0.00,0.00,,yes,16.5,38,-0.596,6,7,-0.204,0.894,0,-4
74.45,FLYING,APPROACH,0,,,,,100,0,11,0,-2,72,ESCAPE,,0.72,0.50,0.94,0.00,0.87,0.00,0.00,,yes,16.5,38,-0.587,5,7,-0.103,0.875,0,-2
74.52,FLYING,APPROACH,0,,,,,100,0,11,0,-3,72,ESCAPE,,1.06,0.40,0.62,0.00,0.61,0.00,0.00,,yes,14.3,47,-0.487,6,7,-0.129,0.883,0,-3
74.58,FLYING,APPROACH,0,,,,,100,0,11,0,-5,72,CRUISE,,1.24,0.24,0.46,0.00,0.87,0.00,0.00,,yes,16.1,39,-0.312,6,6,-0.228,0.912,0,-5
74.64,FLYING,APPROACH,0,,,,,100,0,11,0,-3,72,OPTOMOTOR,,1.12,0.16,0.48,0.00,0.61,0.00,0.00,,yes,17.4,35,0.420,6,8,-0.164,0.923,0,-3
74.71,FLYING,APPROACH,0,,,,,100,0,11,0,-2,72,CRUISE,,0.76,0.12,0.49,0.00,0.43,0.00,0.00,,yes,15.9,40,0.435,6,8,-0.114,0.973,0,-2
74.77,FLYING,APPROACH,0,,,,,100,0,11,0,0,72,CRUISE,,0.52,0.07,0.32,0.00,0.44,0.00,0.00,,yes,16.2,39,0.370,6,7,0.004,0.981,0,0
74.83,FLYING,APPROACH,0,,,,,100,0,11,0,1,72,CRUISE,,0.39,0.05,0.21,0.00,0.31,0.00,0.00,,yes,16.3,38,0.247,5,8,0.061,0.972,0,1
74.89,FLYING,APPROACH,0,,,,,100,0,11,0,0,72,CRUISE,,0.33,0.04,0.14,0.00,0.21,0.00,0.00,,yes,16.0,39,0.123,6,8,0.018,1.000,0,0
74.95,FLYING,APPROACH,0,,,,,100,0,11,0,1,72,CRUISE,,0.33,0.04,0.10,0.00,0.44,0.00,0.00,,yes,16.4,38,0.015,6,7,0.060,0.997,0,1
75.01,FLYING,APPROACH,0,,,,,100,0,11,0,-1,72,CRUISE,,0.34,0.04,0.08,0.00,0.31,0.00,0.00,,yes,16.2,38,0.251,6,7,-0.029,0.995,0,-1
75.08,FLYING,APPROACH,0,,,,,100,0,11,0,3,72,CRUISE,,0.34,0.06,0.16,0.00,0.44,0.00,0.00,,yes,16.3,38,0.315,5,8,0.130,0.965,0,3
75.14,FLYING,APPROACH,0,,,,,100,0,11,0,3,72,OPTOMOTOR,,0.48,0.07,0.24,0.00,0.31,0.00,0.00,,yes,16.1,39,0.281,6,7,0.142,0.977,0,3
75.20,FLYING,APPROACH,0,,,,,100,0,11,0,0,72,CRUISE,,0.57,0.25,0.36,0.00,0.87,0.00,0.00,,yes,16.3,38,0.179,6,8,0.013,0.989,0,0
75.26,FLYING,APPROACH,0,,,,,100,0,11,0,1,72,CRUISE,,0.60,0.35,0.49,0.00,0.61,0.00,0.00,,yes,16.4,39,0.060,6,8,0.071,0.995,0,1
75.32,FLYING,APPROACH,0,,,,,100,0,11,0,0,72,CRUISE,,0.52,0.35,0.55,0.00,0.43,0.00,0.00,,yes,16.3,38,-0.069,6,7,-0.002,0.965,0,0
75.38,FLYING,APPROACH,0,,,,,100,0,11,0,-1,72,CRUISE,,0.48,0.22,0.35,0.00,0.44,0.00,0.00,,yes,16.3,38,0.049,5,5,-0.068,0.934,0,-1
75.44,FLYING,APPROACH,0,,,,,100,0,11,0,-1,72,CRUISE,,0.59,0.15,0.23,0.00,0.31,0.00,0.00,,yes,16.7,37,0.057,6,7,-0.063,0.974,0,-1
75.50,FLYING,APPROACH,0,,,,,100,0,11,0,0,72,CRUISE,,0.64,0.15,0.19,0.00,0.44,0.00,0.00,,yes,16.3,38,0.054,6,8,-0.008,0.972,0,0
75.57,FLYING,APPROACH,0,,,,,100,0,11,0,0,72,CRUISE,,0.57,0.18,0.27,0.00,0.31,0.00,0.00,,yes,16.2,39,-0.007,5,6,0.012,0.957,0,0
75.62,FLYING,APPROACH,0,,,,,100,0,11,0,0,72,CRUISE,,0.48,0.23,0.31,0.00,0.21,0.00,0.00,,yes,18.0,33,0.181,6,8,0.023,1.000,0,0
75.68,FLYING,APPROACH,0,,,,,100,0,11,0,3,72,CRUISE,,0.35,0.21,0.33,0.00,0.44,0.00,0.00,,yes,18.3,32,0.092,5,7,0.168,0.967,0,3
75.73,FLYING,APPROACH,0,,,,,100,0,11,0,0,72,CRUISE,,0.29,0.18,0.26,0.00,0.31,0.00,0.00,,yes,18.2,32,0.062,6,6,-0.014,0.973,0,0
75.78,FLYING,APPROACH,0,,,,,100,0,11,0,0,72,CRUISE,,0.25,0.16,0.21,0.00,0.44,0.00,0.00,,yes,18.5,32,0.099,6,7,-0.024,0.996,0,0
75.84,FLYING,APPROACH,0,,,,,100,0,11,0,-1,72,CRUISE,,0.49,0.18,0.15,0.00,0.31,0.00,0.00,,yes,18.3,32,0.019,6,6,-0.033,0.975,0,-1
75.89,FLYING,APPROACH,0,,,,,100,0,11,0,1,72,CRUISE,,0.60,0.20,0.11,0.00,0.44,0.00,0.00,,yes,18.5,31,0.060,6,7,0.050,0.983,0,1
75.95,FLYING,APPROACH,0,,,,,100,0,11,0,1,72,CRUISE,,0.63,0.22,0.09,0.00,0.31,0.00,0.00,,yes,18.4,31,0.272,6,7,0.034,0.973,0,1
76.00,FLYING,APPROACH,0,,,,,100,0,11,0,-3,72,CRUISE,,0.50,0.22,0.08,0.00,0.44,0.00,0.00,,yes,18.5,31,0.103,6,5,-0.172,0.957,0,-3
76.06,FLYING,APPROACH,0,,,,,100,0,11,0,-1,72,CRUISE,,0.41,0.20,0.19,0.00,0.31,0.00,0.00,,yes,18.6,31,-0.023,6,8,-0.062,0.992,0,-1
76.11,FLYING,APPROACH,0,,,,,100,0,11,0,1,72,CRUISE,,0.36,0.23,0.27,0.00,0.44,0.00,0.00,,yes,17.3,35,0.092,5,8,0.059,0.992,0,1
76.16,FLYING,APPROACH,0,,,,,100,0,11,0,2,72,CRUISE,,0.43,0.21,0.32,0.00,0.87,0.00,0.00,,yes,19.8,29,-0.041,5,7,0.115,0.987,0,2
76.22,FLYING,APPROACH,0,,,,,100,0,11,0,2,72,CRUISE,,1.02,0.10,0.53,0.00,0.61,0.00,0.00,,yes,18.3,32,0.121,5,7,0.114,0.970,0,2
76.27,FLYING,APPROACH,0,,,,,100,0,11,0,1,72,CRUISE,,1.32,0.05,0.46,0.00,0.87,0.00,0.00,,yes,18.3,32,0.172,6,7,0.038,0.994,0,1
76.33,FLYING,APPROACH,0,,,,,100,0,11,0,-1,72,CRUISE,,1.16,0.10,0.43,0.00,0.61,0.00,0.00,,yes,18.3,32,0.038,6,6,-0.055,0.960,0,-1
76.38,FLYING,APPROACH,0,,,,,100,0,11,0,2,72,CRUISE,,0.98,0.19,0.42,0.00,0.44,0.00,0.00,,yes,18.5,31,0.080,5,8,0.090,0.974,0,2
76.44,FLYING,APPROACH,0,,,,,100,0,11,0,0,72,CRUISE,,0.76,0.25,0.46,0.00,0.31,0.00,0.00,,yes,18.4,32,0.117,5,5,-0.016,0.939,0,0
76.49,FLYING,APPROACH,0,,,,,100,0,11,0,-1,72,CRUISE,,0.62,0.28,0.50,0.00,0.87,0.00,0.00,,yes,18.3,32,0.072,5,5,-0.059,0.920,0,-1
76.54,FLYING,APPROACH,0,,,,,100,0,11,0,-1,72,CRUISE,,0.55,0.22,0.58,0.00,0.61,0.00,0.00,,yes,18.5,31,0.373,6,8,-0.047,0.970,0,-1
76.60,FLYING,APPROACH,0,,,,,100,0,11,0,-1,72,CRUISE,,0.51,0.19,0.62,0.00,0.44,0.00,0.00,,yes,18.3,32,0.341,6,7,-0.035,0.994,0,-1
76.65,FLYING,APPROACH,0,,,,,100,0,11,0,0,72,CRUISE,,0.48,0.20,0.47,0.00,0.31,0.00,0.00,,yes,18.3,31,0.180,6,8,-0.002,0.984,0,0
76.71,FLYING,APPROACH,0,,,,,100,0,11,0,2,72,CRUISE,,0.47,0.21,0.39,0.00,0.87,0.00,0.00,,yes,18.3,32,0.314,5,8,0.104,1.000,0,2
76.76,FLYING,APPROACH,0,,,,,100,0,11,0,3,72,CRUISE,,0.64,0.24,0.36,0.00,0.61,0.00,0.00,,yes,18.4,32,0.338,5,8,0.140,0.983,0,3
76.82,FLYING,APPROACH,0,,,,,100,0,11,0,-1,72,CRUISE,,0.77,0.30,0.33,0.00,0.44,0.00,0.00,,yes,18.5,31,0.186,6,7,-0.059,0.973,0,-1
76.87,FLYING,APPROACH,0,,,,,100,0,11,0,1,72,CRUISE,,0.84,0.38,0.24,0.00,0.31,0.00,0.00,,yes,18.4,32,0.499,5,7,0.067,0.977,0,1
76.93,FLYING,APPROACH,0,,,,,100,0,11,0,3,72,CRUISE,,0.61,0.42,0.19,0.00,0.21,0.00,0.00,,yes,18.4,32,0.294,4,7,0.154,0.945,0,3
76.98,FLYING,APPROACH,0,,,,,100,0,11,0,4,72,OPTOMOTOR,,0.47,0.41,0.16,0.00,0.15,0.00,0.00,,yes,18.6,32,0.543,6,7,0.181,0.966,0,4
77.03,FLYING,APPROACH,0,,,,,100,0,11,0,3,72,CRUISE,,0.43,0.33,0.15,0.00,0.10,0.00,0.00,,yes,18.4,32,0.507,6,8,0.161,0.982,0,3
77.09,FLYING,APPROACH,0,,,,,100,0,11,0,1,72,CRUISE,,0.41,0.28,0.14,0.00,0.07,0.00,0.00,,yes,18.6,31,0.262,6,8,0.047,1.000,0,1
77.14,FLYING,APPROACH,0,,,,,100,0,11,0,3,72,CRUISE,,0.41,0.25,0.13,0.00,0.05,0.00,0.00,,yes,18.5,31,0.488,5,6,0.140,0.955,0,3
77.20,FLYING,APPROACH,0,,,,,100,0,11,0,2,72,CRUISE,,0.40,0.23,0.12,0.00,0.04,0.00,0.00,,yes,18.3,32,0.465,5,7,0.117,0.953,0,2
77.25,FLYING,APPROACH,0,,,,,100,0,11,0,1,72,CRUISE,,0.47,0.22,0.17,0.00,0.87,0.00,0.00,,yes,18.6,31,0.322,6,7,0.041,0.984,0,1
77.30,FLYING,APPROACH,0,,,,,100,0,11,0,1,72,CRUISE,,0.76,0.22,0.34,0.00,0.61,0.00,0.00,,yes,18.4,32,0.565,5,6,0.040,0.964,0,1
77.36,FLYING,APPROACH,0,,,,,100,0,11,0,3,72,CRUISE,,0.91,0.21,0.43,0.00,0.43,0.00,0.00,,yes,18.5,31,0.243,5,8,0.148,0.991,0,3
77.41,FLYING,APPROACH,0,,,,,100,0,11,0,1,72,CRUISE,,0.63,0.20,0.39,0.00,0.30,0.00,0.00,,yes,18.6,31,0.628,6,7,0.059,0.963,0,1
77.48,FLYING,APPROACH,0,,,,,100,0,11,0,1,72,CRUISE,,0.48,0.20,0.37,0.00,0.21,0.00,0.00,,yes,15.7,42,0.474,6,7,0.040,0.961,0,1
77.53,FLYING,APPROACH,0,,,,,100,0,11,0,2,72,CRUISE,,0.41,0.21,0.36,0.00,0.15,0.00,0.00,,yes,18.3,32,0.244,5,7,0.120,0.942,0,2
77.58,FLYING,APPROACH,0,,,,,100,0,11,0,0,72,CRUISE,,0.42,0.22,0.37,0.00,0.10,0.00,0.00,,yes,18.5,31,0.483,6,6,0.009,0.930,0,0
77.64,FLYING,APPROACH,0,,,,,100,0,11,0,2,72,CRUISE,,0.61,0.25,0.37,0.00,0.07,0.00,0.00,,yes,18.6,31,0.515,5,7,0.077,0.924,0,2
77.69,FLYING,APPROACH,0,,,,,100,0,11,0,-2,72,CRUISE,,0.71,0.30,0.51,0.00,0.05,0.00,0.00,,yes,18.5,32,0.245,6,6,-0.091,0.935,0,-2
77.75,FLYING,APPROACH,0,,,,,100,0,11,0,-1,72,CRUISE,,0.69,0.32,0.67,0.00,0.04,0.00,0.00,,yes,18.5,31,0.576,6,6,-0.067,0.941,0,-1
77.80,FLYING,APPROACH,0,,,,,100,0,11,0,-2,72,CRUISE,,0.68,0.34,0.75,0.00,0.44,0.00,0.00,,yes,18.5,31,0.679,6,6,-0.103,0.930,0,-2
77.85,FLYING,APPROACH,0,,,,,100,0,11,0,-1,72,CRUISE,,0.70,0.35,0.79,0.00,0.44,0.00,0.00,,yes,18.4,32,0.305,6,8,-0.069,0.976,0,-1
77.91,FLYING,APPROACH,0,,,,,100,0,11,0,5,72,CRUISE,,0.73,0.36,0.59,0.00,0.31,0.00,0.00,,yes,18.4,32,0.597,2,8,0.261,0.926,0,5
77.96,FLYING,APPROACH,0,,,,,100,0,11,0,4,72,CRUISE,,0.74,0.36,0.50,0.00,0.21,0.00,0.00,,yes,18.5,31,0.637,5,8,0.210,0.941,0,4
78.02,FLYING,APPROACH,0,,,,,100,0,11,0,2,72,CRUISE,,0.72,0.36,0.45,0.00,0.15,0.00,0.00,,yes,18.6,31,0.375,6,7,0.090,0.963,0,2
78.07,FLYING,APPROACH,0,,,,,100,0,11,0,0,72,CRUISE,,0.71,0.36,0.44,0.00,0.87,0.00,0.00,,yes,18.3,32,0.706,6,7,-0.006,0.947,0,0
78.13,FLYING,APPROACH,0,,,,,100,0,11,0,2,72,CRUISE,,0.81,0.27,0.44,0.00,0.61,0.00,0.00,,yes,18.1,32,0.375,5,7,0.097,0.962,0,2
78.18,FLYING,APPROACH,0,,,,,100,0,11,0,3,72,CRUISE,,0.90,0.22,0.46,0.00,0.44,0.00,0.00,,yes,18.3,32,0.887,2,6,0.131,0.880,0,3
78.24,FLYING,APPROACH,0,,,,,100,0,11,0,2,72,CRUISE,,1.08,0.43,0.53,0.00,0.31,0.00,0.00,,yes,18.6,31,0.841,5,7,0.089,0.839,0,2
78.29,FLYING,APPROACH,0,,,,,100,0,11,0,1,72,CRUISE,,1.23,0.53,0.57,0.00,0.44,0.00,0.00,,yes,18.5,31,0.453,6,7,0.071,0.892,0,1
78.34,FLYING,APPROACH,0,,,,,100,0,11,0,4,72,CRUISE,,1.31,0.49,0.37,0.00,0.31,0.06,0.00,,yes,18.4,32,0.829,4,8,0.224,0.902,0,4
78.40,FLYING,APPROACH,0,,,,,100,0,11,0,2,72,CRUISE,,1.20,0.47,0.27,0.00,0.87,0.00,0.00,,yes,18.5,31,0.861,3,5,0.087,0.846,0,2
78.45,FLYING,SCAN,0,,,,,100,0,7,0,4,72,CRUISE,,1.13,0.53,0.30,0.00,0.61,0.00,0.00,,yes,18.3,32,0.435,6,8,0.180,0.901,0,4
78.51,FLYING,SCAN,0,,,,,100,0,0,0,4,72,CRUISE,,0.93,0.56,0.35,0.00,0.44,0.00,0.00,,yes,18.3,32,0.472,6,8,0.218,0.946,0,4
78.56,FLYING,SCAN,0,,,,,100,0,0,0,2,72,CRUISE,,0.75,0.48,0.45,0.00,0.31,0.00,0.00,,yes,18.2,32,0.785,4,6,0.102,0.866,0,2
78.62,FLYING,SCAN,0,,,,,100,0,0,0,2,72,CRUISE,,0.66,0.45,0.71,0.00,0.44,0.00,0.00,,yes,18.0,33,0.721,6,7,0.091,0.907,0,2
78.67,FLYING,SCAN,0,,,,,100,0,0,0,3,72,CRUISE,,0.84,0.68,0.99,0.00,0.31,0.00,0.00,,yes,18.2,32,0.692,6,7,0.148,0.944,0,3
78.73,FLYING,SCAN,0,,,,,100,0,0,0,2,72,CRUISE,,0.93,0.80,1.14,0.00,0.21,0.00,0.06,,yes,17.7,33,0.300,6,8,0.103,0.984,0,2
78.79,FLYING,SCAN,0,,,,,100,0,0,0,2,72,CRUISE,,0.75,0.93,0.76,0.00,0.44,0.00,0.00,,yes,17.8,33,0.635,6,8,0.108,0.993,0,2
78.84,FLYING,SCAN,0,,,,,100,0,0,0,4,72,CRUISE,,0.63,1.00,0.54,0.00,0.31,0.00,0.00,,yes,18.1,33,0.697,5,7,0.188,0.959,0,4
78.91,FLYING,SCAN,0,,,,,100,0,0,0,4,72,OPTOMOTOR,,0.55,1.03,0.46,0.00,0.44,0.00,0.00,,yes,14.0,49,0.335,6,8,0.220,0.964,0,4
78.97,FLYING,SCAN,0,,,,,100,0,0,0,4,72,CRUISE,,0.41,0.97,0.40,0.00,0.31,0.00,0.00,,yes,18.2,32,0.847,6,8,0.194,0.967,0,4
79.02,FLYING,SCAN,0,,,,,100,0,0,0,4,72,CRUISE,,0.34,0.90,0.39,0.00,0.21,0.00,0.00,,yes,18.2,32,0.276,5,7,0.197,0.973,0,4
79.08,FLYING,SCAN,0,,,,,100,0,0,0,-1,72,CRUISE,,0.38,0.87,0.43,0.00,0.87,0.00,0.00,,,17.9,34,0.417,6,6,-0.052,0.963,0,-1
79.13,FLYING,SCAN,0,,,,,100,0,0,0,0,72,CRUISE,,0.42,0.89,0.45,0.00,0.61,0.00,0.00,,,18.0,33,0.418,5,5,-0.005,0.918,0,0
79.19,FLYING,SCAN,0,,,,,100,0,0,0,4,72,CRUISE,,0.44,0.89,0.44,0.00,0.87,0.00,0.00,,,17.7,34,0.233,5,8,0.182,0.965,0,4
79.25,FLYING,SCAN,0,,,,,100,0,0,0,2,72,CRUISE,,0.39,0.89,0.44,0.00,0.61,0.00,0.00,,,18.0,33,0.423,5,8,0.098,0.948,0,2
79.30,FLYING,SCAN,0,,,,,100,0,0,0,1,72,CRUISE,,0.36,0.87,0.42,0.00,0.44,0.00,0.00,,,18.0,33,0.309,6,7,0.030,0.982,0,1
79.36,FLYING,SCAN,0,,,,,100,0,0,0,2,72,CRUISE,,0.36,0.85,0.45,0.00,0.31,0.00,0.00,,,18.0,33,0.108,6,8,0.087,0.991,0,2
79.41,FLYING,SCAN,0,,,,,100,0,0,0,-1,72,CRUISE,,0.36,0.83,0.43,0.00,0.21,0.00,0.00,,,18.5,32,0.205,6,5,-0.038,0.954,0,-1
79.47,FLYING,SCAN,0,,,,,100,0,0,0,0,72,CRUISE,,0.33,0.61,0.37,0.00,0.15,0.00,0.00,,,18.3,32,0.288,6,8,0.012,1.000,0,0
79.52,FLYING,SCAN,0,,,,,100,0,0,0,1,72,CRUISE,,0.31,0.42,0.34,0.00,0.44,0.00,0.00,,,18.2,32,0.090,6,8,0.057,1.000,0,1
79.58,FLYING,SCAN,0,,,,,100,0,0,0,-2,72,CRUISE,,0.44,0.30,0.32,0.00,0.31,0.00,0.00,,,17.9,33,0.216,6,6,-0.077,0.951,0,-2
79.63,FLYING,SCAN,0,,,,,100,0,0,0,-1,72,CRUISE,,0.53,0.24,0.31,0.00,0.21,0.00,0.00,,,17.7,33,0.182,6,7,-0.069,0.983,0,-1
79.69,FLYING,SCAN,0,,,,,100,0,0,0,8,72,CRUISE,,0.58,0.20,0.31,0.00,0.15,0.00,0.00,,,17.9,33,0.148,5,5,-0.105,0.944,10,-2
79.74,FLYING,SCAN,0,,,,,100,0,0,0,22,72,CRUISE,,0.49,0.21,0.36,0.00,0.10,0.00,0.00,,,18.1,33,1.437,0,7,0.248,0.822,17,5
79.80,FLYING,SCAN,0,,,,,100,0,0,0,27,72,OPTOMOTOR,,0.43,0.21,0.40,0.00,0.07,0.00,0.00,,yes,17.9,33,2.253,0,5,0.313,0.658,21,6
79.85,FLYING,SCAN,0,,,,,100,0,0,0,29,72,CRUISE,,0.41,0.21,0.40,0.00,0.05,0.00,0.00,,yes,18.5,32,2.509,0,4,0.232,0.461,24,5
79.91,FLYING,SCAN,0,,,,,100,0,0,0,32,72,OPTOMOTOR,,0.40,0.19,0.47,0.00,0.44,0.00,0.00,,yes,18.4,32,2.895,0,4,0.308,0.379,26,6
79.96,FLYING,SCAN,0,,,,,100,0,0,0,34,72,OPTOMOTOR,,0.67,0.18,0.60,0.00,0.31,0.00,0.00,,yes,18.5,31,2.810,0,1,0.344,0.304,27,7
80.02,FLYING,SCAN,0,,,,,100,0,0,0,35,72,OPTOMOTOR,,0.81,0.20,0.67,0.00,0.44,0.00,0.00,,yes,18.7,32,1.929,0,5,0.364,0.280,28,7
80.07,FLYING,SCAN,0,,,,,100,0,0,0,32,72,OPTOMOTOR,,0.82,0.22,0.54,0.00,0.31,0.00,0.00,,yes,18.5,31,-0.601,5,6,0.159,0.439,29,3
80.12,FLYING,SCAN,0,,,,,100,0,0,0,34,72,OPTOMOTOR,,0.66,0.23,0.47,0.00,0.87,0.00,0.00,,yes,18.4,32,1.106,3,6,0.228,0.519,29,5
80.18,FLYING,SCAN,0,,,,,100,0,0,0,29,72,CRUISE,,0.58,0.24,0.42,0.00,0.61,0.00,0.00,,yes,18.4,32,-1.520,1,0,0.024,0.354,29,0
80.23,FLYING,SCAN,0,,,,,100,0,0,0,28,72,CRUISE,,0.53,0.24,0.56,0.00,1.31,0.00,0.00,,yes,18.5,31,0.875,5,5,-0.049,0.490,29,-1
80.29,FLYING,SCAN,0,,,,,100,0,0,0,27,72,CRUISE,,0.62,0.26,0.60,0.00,0.92,0.00,0.00,,yes,18.9,31,-1.343,3,3,-0.104,0.447,29,-2
80.34,FLYING,SCAN,0,,,,,100,0,0,0,27,72,CRUISE,,0.76,0.28,0.62,0.00,0.87,0.00,0.00,,yes,18.5,32,-0.883,3,5,-0.121,0.533,29,-2
80.39,FLYING,SCAN,0,,,,,100,0,0,0,30,72,CRUISE,,1.02,0.34,0.54,0.00,0.61,0.00,0.00,,yes,18.3,32,1.251,1,6,0.057,0.577,29,1
80.45,FLYING,SCAN,0,,,,,100,0,0,0,28,72,CRUISE,,1.15,0.37,0.50,0.00,1.75,0.00,0.00,,yes,18.5,31,-0.669,5,5,-0.048,0.687,29,-1
80.51,FLYING,SCAN,0,,,,,100,0,0,0,33,72,CRUISE,,1.22,0.39,0.55,0.00,1.22,0.00,0.00,,yes,16.9,36,1.388,1,7,0.188,0.654,29,4
80.56,FLYING,SCAN,0,,,,,100,0,0,0,31,72,OPTOMOTOR,,1.22,0.39,0.57,0.00,1.31,0.00,0.00,,yes,19.5,29,-0.531,5,5,0.109,0.659,29,2
80.61,FLYING,SCAN,0,,,,,100,0,0,0,29,72,CRUISE,,1.10,0.46,0.56,0.00,0.92,0.00,0.00,,yes,18.8,31,-1.028,4,3,-0.018,0.590,29,0
80.67,FLYING,SCAN,0,,,,,100,0,0,0,25,72,CRUISE,,1.04,0.49,0.45,0.00,0.64,0.00,0.00,,yes,18.5,31,-1.232,3,0,-0.198,0.475,29,-4
80.72,FLYING,SCAN,0,,,,,100,0,0,0,29,72,CRUISE,,1.57,0.37,0.50,0.00,1.75,0.00,0.00,,yes,18.8,32,1.295,1,7,0.020,0.477,29,0
80.77,FLYING,SCAN,0,,,,,100,0,0,0,29,72,CRUISE,,1.84,0.31,0.65,0.00,1.22,0.00,0.00,,yes,18.6,31,-0.224,6,7,0.003,0.717,29,0
80.83,FLYING,SCAN,0,,,,,100,0,0,0,33,72,CRUISE,,1.55,0.29,0.72,0.00,0.87,0.00,0.00,,yes,18.5,31,1.406,0,7,0.188,0.709,29,4
80.88,FLYING,SCAN,0,,,,,100,0,0,0,32,72,CRUISE,,1.13,0.28,0.56,0.00,0.61,0.00,0.00,,yes,18.3,32,-0.513,5,7,0.146,0.814,29,3
80.94,FLYING,SCAN,0,,,,,100,0,0,0,32,72,CRUISE,,0.92,0.26,0.44,0.00,0.44,0.00,0.00,,yes,18.6,31,-0.146,5,7,0.139,0.858,29,3
80.99,FLYING,SCAN,0,,,,,100,0,0,0,32,72,CRUISE,,0.94,0.24,0.37,0.00,0.31,0.00,0.00,,yes,18.4,32,1.257,1,5,0.151,0.726,29,3
81.04,FLYING,SCAN,0,,,,,100,0,0,0,28,72,CRUISE,,0.99,0.24,0.27,0.00,0.44,0.00,0.00,,yes,18.8,32,-1.532,2,0,-0.071,0.490,29,-1
81.10,FLYING,SCAN,0,,,,,100,0,0,0,27,72,CRUISE,,0.97,0.25,0.21,0.00,0.31,0.00,0.00,,yes,18.3,32,0.652,5,5,-0.087,0.552,29,-2
81.15,FLYING,SCAN,0,,,,,100,0,0,0,27,72,CRUISE,,0.88,0.25,0.18,0.00,1.75,0.00,0.00,,yes,18.5,31,-2.980,1,0,-0.125,0.401,29,-2
81.21,FLYING,SCAN,0,,,,,100,0,0,0,25,72,CRUISE,,0.76,0.28,0.29,0.00,1.22,0.00,0.00,,yes,18.6,31,-3.289,1,0,-0.186,0.273,29,-4
81.26,FLYING,SCAN,0,,,,,100,0,0,0,26,72,OPTOMOTOR,,0.70,0.26,0.35,0.00,0.87,0.00,0.00,,yes,18.5,31,0.113,5,7,-0.166,0.426,29,-3
81.31,FLYING,SCAN,0,,,,,100,0,0,0,24,72,OPTOMOTOR,,0.67,0.24,0.35,0.00,0.61,0.00,0.00,,yes,18.4,32,-2.427,2,0,-0.253,0.321,29,-5
81.37,FLYING,SCAN,0,,,,,100,0,0,0,23,72,OPTOMOTOR,,0.92,0.22,0.33,0.00,0.87,0.00,0.00,,yes,18.5,31,-2.065,1,0,-0.323,0.214,29,-6
81.42,FLYING,SCAN,0,,,,,100,0,0,0,25,72,OPTOMOTOR,,0.84,0.22,0.32,0.00,1.75,0.00,0.00,,yes,18.6,31,0.166,6,8,-0.189,0.473,29,-4
81.48,FLYING,SCAN,0,,,,,100,0,0,0,25,72,OPTOMOTOR,,1.70,0.25,0.55,0.00,1.31,0.00,0.00,,yes,18.3,32,-3.221,1,0,-0.207,0.328,29,-4
81.53,FLYING,SCAN,0,,,,,100,0,0,0,25,72,CRUISE,,1.23,0.27,0.66,0.00,0.92,0.00,0.00,,yes,18.4,31,-0.272,6,7,-0.187,0.490,29,-4
81.58,FLYING,SCAN,0,,,,,100,0,0,0,26,72,CRUISE,,0.72,0.32,0.72,0.00,2.18,0.00,0.00,,yes,18.4,32,-5.160,1,0,-0.128,0.381,29,-3
81.64,FLYING,SCAN,0,,,,,100,0,0,0,25,72,CRUISE,,0.43,0.39,0.75,0.00,1.53,0.00,0.00,,yes,18.4,32,-6.357,1,0,-0.187,0.262,29,-4
81.69,FLYING,SCAN,0,,,,,100,0,0,0,23,72,OPTOMOTOR,,0.32,0.42,0.76,0.00,1.75,0.00,0.00,,yes,18.7,32,-2.110,2,0,-0.303,0.200,29,-6
81.75,FLYING,SCAN,0,,,,,100,0,0,0,23,72,OPTOMOTOR,,0.27,0.26,0.64,0.00,1.22,0.00,0.00,,yes,18.5,31,-6.778,1,0,-0.304,0.146,29,-6
81.80,FLYING,SCAN,0,,,,,100,0,0,0,22,72,OPTOMOTOR,,0.28,0.17,0.58,0.00,0.86,0.00,0.00,,yes,18.3,32,-1.016,2,1,-0.355,0.168,29,-7
81.86,FLYING,SCAN,0,,,,,100,0,0,0,24,72,OPTOMOTOR,,0.29,0.13,0.55,0.00,1.75,0.00,0.00,,yes,18.5,32,-3.570,0,0,-0.246,0.123,29,-5
81.91,FLYING,SCAN,0,,,,,100,0,0,0,23,72,OPTOMOTOR,,0.22,0.18,0.69,0.00,1.22,0.00,0.00,,yes,18.4,31,-2.232,2,0,-0.285,0.122,29,-6
81.96,FLYING,SCAN,0,,,,,100,0,0,0,26,72,OPTOMOTOR,,0.18,0.54,0.61,0.00,0.86,0.00,0.00,,yes,18.5,31,0.521,5,8,-0.172,0.359,29,-3
82.02,FLYING,SCAN,0,,,,,100,0,0,0,28,72,CRUISE,,0.38,0.72,0.57,0.00,0.87,0.00,0.00,,yes,18.3,32,2.434,0,3,-0.026,0.317,29,-1
82.08,FLYING,SCAN,0,,,,,100,0,0,0,32,72,CRUISE,,0.48,0.67,0.42,0.00,0.61,0.00,0.00,,yes,15.9,40,1.597,0,5,0.136,0.288,29,3
82.13,FLYING,SCAN,0,,,,,100,0,0,0,35,72,OPTOMOTOR,,0.61,0.64,0.35,0.00,1.31,0.00,0.00,,yes,19.6,30,2.005,0,5,0.304,0.300,29,6
82.19,FLYING,SCAN,0,,,,,100,0,0,0,36,72,OPTOMOTOR,,0.80,0.78,0.64,0.00,1.75,0.00,0.00,,yes,18.4,31,1.934,0,2,0.343,0.264,29,7
82.24,FLYING,SCAN,0,,,,,100,0,0,0,2,72,OPTOMOTOR,,1.97,2.23,2.71,0.15,1.22,0.10,0.35,,yes,18.5,31,-1.553,2,0,0.114,0.187,0,2
82.30,FLYING,SCAN,0,,,,,100,0,0,0,-1,72,AVOID_LEFT,,2.88,3.23,3.75,0.72,0.86,0.79,1.00,,yes,18.0,33,-3.689,1,0,-0.116,0.153,0,-1
82.35,FLYING,SCAN,0,,,,,100,0,0,0,-1,72,ESCAPE,,3.01,3.45,2.49,0.69,3.05,0.00,0.00,,yes,18.1,32,-8.970,1,0,-0.219,0.119,0,-1
82.41,FLYING,SCAN,0,,,,,100,0,0,0,-4,72,ESCAPE,,3.02,2.77,1.75,0.39,2.62,0.00,0.00,,yes,17.9,33,-8.432,2,0,-0.307,0.134,0,-4
82.46,FLYING,SCAN,0,,,,,100,0,0,0,-5,72,ESCAPE,,3.01,2.42,0.91,0.22,1.83,0.19,0.00,,yes,17.9,33,-5.809,1,0,-0.306,0.123,0,-5
82.52,FLYING,SCAN,0,,,,,100,0,0,0,-5,72,ESCAPE,,3.01,1.34,0.49,0.12,2.18,0.01,0.00,,yes,18.3,32,-0.857,3,3,-0.293,0.227,0,-5
82.57,FLYING,SCAN,0,,,,,100,0,0,0,-6,72,ESCAPE,,1.51,0.75,0.30,0.07,1.53,0.00,0.00,,yes,18.1,32,-2.014,2,0,-0.316,0.223,0,-6
82.63,FLYING,SCAN,0,,,,,100,0,0,0,-8,72,ESCAPE,,0.76,0.46,0.32,0.04,1.07,0.00,0.00,,yes,18.5,31,-1.557,2,0,-0.408,0.192,0,-8
82.68,FLYING,SCAN,0,,,,,100,0,0,0,-7,72,ESCAPE,,0.48,0.39,0.33,0.02,0.75,0.00,0.00,,yes,18.2,32,-2.764,2,0,-0.380,0.161,0,-7
82.74,FLYING,SCAN,0,,,,,100,0,0,0,-8,72,ESCAPE,,0.35,0.35,0.33,0.01,0.52,0.00,0.00,,yes,18.4,31,-1.815,2,0,-0.398,0.157,0,-8
82.79,FLYING,SCAN,0,,,,,100,0,0,0,-5,72,ESCAPE,,0.30,0.26,0.18,0.01,0.37,0.00,0.00,,yes,18.1,32,-0.354,6,6,-0.262,0.403,0,-5
82.85,FLYING,SCAN,0,,,,,100,0,0,0,-5,72,ESCAPE,,0.28,0.19,0.11,0.00,3.05,0.00,0.00,,,17.8,33,-0.522,5,6,-0.236,0.609,0,-5
82.90,FLYING,SCAN,0,,,,,100,0,0,0,-2,72,ESCAPE,,0.40,0.15,0.14,0.00,2.62,0.00,0.00,,,18.0,33,6.202,0,1,-0.090,0.462,0,-2
82.96,FLYING,SCAN,0,,,,,100,0,0,0,0,72,ESCAPE,,0.59,0.21,0.30,0.00,1.83,0.00,0.00,,,18.2,32,-0.526,6,7,0.010,0.651,0,0
83.01,FLYING,SCAN,0,,,,,100,0,0,0,2,72,ESCAPE,,0.68,0.24,0.39,0.00,1.31,0.00,0.00,,,18.3,32,-0.205,5,8,0.094,0.786,0,2
83.07,FLYING,SCAN,0,,,,,100,0,0,0,2,72,ESCAPE,,0.67,0.23,0.27,0.00,0.92,0.00,0.00,,,18.4,32,-0.396,4,8,0.123,0.843,0,2
83.12,FLYING,SCAN,0,,,,,100,0,0,0,3,72,ESCAPE,,0.61,0.22,0.20,0.00,0.64,0.00,0.00,,,17.7,34,-0.201,6,8,0.157,0.927,0,3
83.18,FLYING,SCAN,0,,,,,100,0,0,0,0,72,ESCAPE,,0.43,0.25,0.15,0.00,0.45,0.00,0.00,,,18.5,32,0.041,6,6,-0.020,0.937,0,0
83.23,FLYING,SCAN,0,,,,,100,0,0,0,2,72,ESCAPE,,0.33,0.29,0.09,0.00,1.31,0.00,0.00,,,18.3,32,0.985,2,5,0.076,0.818,0,2
83.29,FLYING,SCAN,0,,,,,100,0,0,0,4,72,ESCAPE,,0.34,0.31,0.04,0.00,0.92,0.00,0.00,,,18.4,32,0.677,5,7,0.198,0.847,0,4
83.34,FLYING,SCAN,0,,,,,100,0,0,0,6,72,ESCAPE,,0.35,0.32,0.02,0.00,0.64,0.00,0.00,,,18.1,33,1.297,1,7,0.292,0.700,0,6
83.40,FLYING,SCAN,0,,,,,100,0,0,0,8,72,ESCAPE,,0.24,0.29,0.09,0.00,0.45,0.00,0.00,,,18.2,32,0.582,6,8,0.393,0.819,0,8
83.45,FLYING,SCAN,0,,,,,100,0,0,0,13,72,ESCAPE,,0.19,0.28,0.13,0.00,1.31,0.00,0.00,,,18.0,33,1.867,0,2,0.128,0.599,10,3
83.51,FLYING,SCAN,0,,,,,100,0,0,0,20,72,ESCAPE,,0.30,0.24,0.14,0.00,0.92,0.00,0.00,,yes,18.4,32,4.798,0,4,0.154,0.427,17,3
83.56,FLYING,SCAN,0,,,,,100,0,0,0,27,72,ESCAPE,,0.40,0.21,0.13,0.00,0.64,0.00,0.00,,yes,18.2,32,3.790,0,3,0.312,0.398,21,6
83.62,FLYING,SCAN,0,,,,,100,0,0,0,30,72,ESCAPE,,0.48,0.19,0.06,0.00,0.45,0.00,0.00,,yes,17.0,37,5.878,0,2,0.318,0.291,24,6
83.67,FLYING,SCAN,0,,,,,100,0,0,0,33,72,ESCAPE,,0.59,0.18,0.03,0.00,1.31,0.00,0.00,,yes,19.5,29,6.095,0,3,0.345,0.264,26,7
83.73,FLYING,SCAN,0,,,,,100,0,0,0,35,72,ESCAPE,,0.65,0.45,0.02,0.00,0.92,0.00,0.00,,yes,18.6,31,3.338,0,7,0.404,0.311,27,8
83.78,FLYING,SCAN,0,,,,,100,0,0,0,36,72,ESCAPE,,0.49,0.63,0.08,0.00,0.64,0.00,0.00,,yes,18.5,31,2.787,0,4,0.375,0.280,28,8
83.83,FLYING,SCAN,0,,,,,100,0,0,0,38,72,ESCAPE,,0.41,0.78,0.38,0.00,1.75,0.00,0.00,,yes,18.4,32,1.690,0,5,0.455,0.339,29,9
83.89,FLYING,SCAN,0,,,,,100,0,0,0,39,72,ESCAPE,,0.60,0.85,0.65,0.00,1.22,0.00,0.00,,yes,18.5,31,4.303,0,4,0.477,0.353,29,10
83.94,FLYING,SCAN,0,,,,,100,0,0,0,35,72,ESCAPE,,0.70,0.89,0.78,0.00,1.31,0.00,0.00,,yes,18.4,32,-5.479,1,0,0.295,0.217,29,6
84.01,FLYING,SCAN,0,,,,,100,0,0,0,32,72,CRUISE,,0.70,0.77,0.56,0.00,0.92,0.00,0.00,,yes,15.7,30,-3.459,0,0,0.130,0.151,29,3
84.06,FLYING,SCAN,0,,,,,100,0,0,0,28,72,CRUISE,,0.71,0.71,0.45,0.00,1.75,0.00,0.00,,yes,18.4,32,-3.288,0,0,-0.069,0.114,29,-1
84.12,FLYING,SCAN,0,,,,,100,0,0,0,25,72,OPTOMOTOR,,0.71,0.68,0.41,0.00,1.22,0.00,0.00,,yes,18.5,31,-6.350,1,0,-0.220,0.112,29,-4
84.17,FLYING,SCAN,0,,,,,100,0,0,0,24,72,OPTOMOTOR,,0.40,0.47,0.38,0.00,2.62,0.00,0.00,,yes,18.6,31,-3.149,1,0,-0.258,0.110,29,-5
84.22,FLYING,SCAN,0,,,,,100,0,0,0,25,72,CRUISE,,0.24,0.32,0.31,0.00,1.83,0.00,0.00,,yes,18.6,31,-3.414,1,0,-0.204,0.081,29,-4
84.28,FLYING,SCAN,0,,,,,100,0,0,0,28,72,CRUISE,,0.20,0.25,0.28,0.00,2.62,0.00,0.00,,yes,18.5,31,2.890,0,1,-0.072,0.079,29,-1
84.33,FLYING,SCAN,0,,,,,100,0,0,0,28,72,CRUISE,,0.72,0.47,0.61,0.00,1.83,0.00,0.00,,yes,18.6,31,-0.524,5,8,-0.025,0.421,29,-1
84.39,FLYING,SCAN,0,,,,,100,0,0,0,28,72,CRUISE,,0.99,0.76,0.77,0.00,1.75,0.00,0.00,,yes,18.4,32,-0.746,5,5,-0.064,0.542,29,-1
84.44,FLYING,SCAN,0,,,,,100,0,0,0,26,71,CRUISE,,1.40,0.90,0.42,0.00,2.62,0.00,0.00,,yes,18.5,32,-0.789,6,5,-0.174,0.672,29,-3
84.49,FLYING,SCAN,0,,,,,100,0,0,0,27,71,CRUISE,,1.24,0.67,0.24,0.00,1.83,0.00,0.00,,yes,18.3,32,0.077,6,8,-0.113,0.831,29,-2
84.55,FLYING,SCAN,0,,,,,100,0,0,0,25,71,CRUISE,,1.17,0.51,0.28,0.00,1.75,0.00,0.00,,yes,18.5,31,-3.486,2,0,-0.208,0.520,29,-4
84.60,FLYING,SCAN,0,,,,,100,0,0,0,25,71,OPTOMOTOR,,1.08,0.43,0.57,0.00,1.22,0.00,0.00,,yes,18.3,32,-2.904,1,0,-0.214,0.326,29,-4
84.66,FLYING,SCAN,0,,,,,100,0,0,0,25,71,OPTOMOTOR,,1.03,0.36,0.71,0.00,1.31,0.00,0.00,,yes,18.6,31,0.021,6,7,-0.214,0.532,29,-4
84.71,FLYING,SCAN,0,,,,,100,0,0,0,24,71,OPTOMOTOR,,1.01,0.36,0.81,0.00,0.92,0.00,0.00,,yes,18.6,31,-3.536,2,0,-0.231,0.394,29,-5
84.77,FLYING,SCAN,0,,,,,100,0,0,0,25,71,OPTOMOTOR,,0.57,0.38,0.81,0.00,1.31,0.00,0.00,,yes,18.3,32,0.349,6,8,-0.203,0.589,29,-4
84.82,FLYING,SCAN,0,,,,,100,0,0,0,25,71,OPTOMOTOR,,0.33,0.39,0.51,0.00,0.92,0.00,0.00,,yes,18.5,31,-1.706,1,0,-0.219,0.422,29,-4
84.87,FLYING,SCAN,0,,,,,100,0,0,0,25,71,OPTOMOTOR,,0.23,0.29,0.32,0.00,0.87,0.00,0.00,,yes,18.6,31,0.059,6,7,-0.206,0.629,29,-4
84.93,FLYING,SCAN,0,,,,,100,0,0,0,30,71,CRUISE,,0.15,0.23,0.20,0.00,0.61,0.00,0.00,,yes,18.5,32,2.256,0,6,0.073,0.554,29,1
84.98,FLYING,SCAN,0,,,,,100,0,0,0,32,71,CRUISE,,0.10,0.20,0.14,0.00,0.87,0.00,0.00,,yes,18.5,31,1.580,0,2,0.133,0.407,29,3
85.04,FLYING,SCAN,0,,,,,100,0,0,0,36,71,OPTOMOTOR,,0.08,0.18,0.29,0.00,0.61,0.00,0.00,,yes,18.5,31,1.260,0,7,0.372,0.434,29,7
85.09,FLYING,SCAN,0,,,,,100,0,0,0,39,71,OPTOMOTOR,,0.29,0.86,1.80,0.15,0.43,0.00,0.29,,yes,18.3,32,2.289,0,7,0.592,0.478,29,10
85.16,FLYING,SCAN,0,,,,,100,0,0,0,32,71,AVOID_LEFT,,0.39,1.19,2.55,0.49,0.30,0.05,0.73,,yes,15.3,43,0.284,5,7,0.297,0.698,29,3
85.21,FLYING,SCAN,0,,,,,100,0,0,0,30,71,AVOID_LEFT,,0.30,0.65,1.42,0.37,1.31,0.00,0.00,,yes,18.2,32,-0.698,4,5,0.083,0.708,29,1
85.26,FLYING,SCAN,0,,,,,100,0,0,0,31,71,AVOID_LEFT,,0.16,0.38,0.85,0.21,0.92,0.00,0.00,,yes,18.3,32,0.265,6,7,0.110,0.832,29,2
85.32,FLYING,SCAN,0,,,,,100,0,0,0,27,71,AVOID_LEFT,,0.09,0.24,0.70,0.12,0.64,0.00,0.00,,yes,18.5,31,-4.334,1,0,-0.100,0.544,29,-2
85.37,FLYING,SCAN,0,,,,,100,0,0,0,27,71,CRUISE,,0.08,0.24,0.70,0.07,1.75,0.00,0.00,,yes,18.6,31,-5.412,0,0,-0.131,0.321,29,-2
85.43,FLYING,SCAN,0,,,,,100,0,0,0,26,71,CRUISE,,0.29,0.32,0.90,0.04,1.22,0.00,0.00,,yes,18.4,32,-0.587,6,6,-0.180,0.452,29,-3
85.48,FLYING,SCAN,0,,,,,100,0,0,0,25,71,CRUISE,,0.39,0.36,0.99,0.02,1.31,0.00,0.00,,yes,18.4,32,-4.002,2,0,-0.227,0.336,29,-4
85.53,FLYING,SCAN,0,,,,,100,0,0,0,24,71,OPTOMOTOR,,0.26,0.44,1.04,0.01,1.31,0.00,0.00,,yes,18.8,31,-0.493,6,5,-0.253,0.442,29,-5
85.59,FLYING,SCAN,0,,,,,100,0,0,0,23,71,OPTOMOTOR,,0.20,0.48,1.17,0.01,0.92,0.00,0.00,,yes,18.5,31,-4.384,2,0,-0.303,0.329,29,-6
85.64,FLYING,SCAN,0,,,,,100,0,0,0,22,71,OPTOMOTOR,,0.17,0.50,1.24,0.00,1.75,0.00,0.00,,yes,18.5,31,-4.248,1,0,-0.372,0.219,29,-7
85.70,FLYING,SCAN,0,,,,,100,0,0,0,24,71,OPTOMOTOR,,0.13,0.42,0.71,0.00,1.22,0.00,0.00,,yes,19.0,31,-0.119,6,6,-0.256,0.395,29,-5
85.75,FLYING,SCAN,0,,,,,100,0,0,0,24,71,CRUISE,,0.10,0.28,0.44,0.00,0.86,0.00,0.00,,yes,18.4,32,0.347,6,5,-0.228,0.618,29,-5
85.80,FLYING,SCAN,0,,,,,100,0,0,0,25,71,OPTOMOTOR,,0.09,0.21,0.33,0.00,0.60,0.00,0.00,,yes,18.5,32,-4.030,0,0,-0.219,0.405,29,-4
85.86,FLYING,SCAN,0,,,,,100,0,0,0,28,71,CRUISE,,0.08,0.23,0.33,0.00,1.31,0.00,0.00,,yes,18.7,31,1.258,0,7,-0.032,0.390,29,-1
85.91,FLYING,SCAN,0,,,,,100,0,0,0,28,71,CRUISE,,0.07,0.24,0.48,0.00,0.92,0.00,0.00,,yes,18.5,31,-0.355,6,6,-0.050,0.634,29,-1
85.97,FLYING,SCAN,0,,,,,100,0,0,0,0,71,CRUISE,,0.07,0.26,0.56,0.00,0.87,0.00,0.00,,yes,18.3,32,0.884,4,7,-0.004,0.753,0,0
86.02,FLYING,SCAN,0,,,,,100,0,0,0,1,71,CRUISE,,0.07,0.26,0.47,0.00,1.75,0.00,0.00,,yes,18.4,32,-0.375,6,7,0.026,0.872,0,1
86.07,FLYING,SCAN,0,,,,,100,0,0,0,-3,71,CRUISE,,0.06,0.27,0.35,0.00,1.22,0.00,0.00,,yes,18.3,32,-2.206,2,0,-0.157,0.615,0,-3
86.13,FLYING,SCAN,0,,,,,100,0,0,0,-4,71,OPTOMOTOR,,0.05,0.20,0.27,0.00,0.87,0.00,0.00,,yes,18.1,32,-2.074,1,0,-0.210,0.393,0,-4
86.19,FLYING,SCAN,0,,,,,100,0,0,0,-5,71,OPTOMOTOR,,0.04,0.14,0.23,0.00,0.61,0.00,0.00,,yes,18.2,32,-4.254,1,0,-0.245,0.269,0,-5
86.24,FLYING,SCAN,0,,,,,100,0,0,0,-7,71,OPTOMOTOR,,0.07,0.13,0.20,0.00,0.87,0.00,0.00,,yes,18.1,32,-1.704,1,0,-0.353,0.199,0,-7
86.30,FLYING,SCAN,0,,,,,100,0,0,0,-5,71,OPTOMOTOR,,0.08,0.11,0.20,0.00,0.61,0.00,0.00,,yes,18.1,33,-0.511,6,5,-0.265,0.365,0,-5
86.35,FLYING,SCAN,0,,,,,100,0,0,0,-3,71,OPTOMOTOR,,0.14,0.11,0.21,0.00,1.31,0.00,0.00,,yes,18.2,32,-0.284,5,8,-0.165,0.639,0,-3
86.41,FLYING,SCAN,0,,,,,100,0,0,0,-4,71,CRUISE,,0.35,0.63,0.91,0.00,0.92,0.00,0.00,,yes,18.0,33,-0.666,5,5,-0.195,0.722,0,-4
86.46,FLYING,SCAN,0,,,,,100,0,0,0,-4,71,CRUISE,,0.45,0.92,1.27,0.00,0.87,0.00,0.00,,yes,18.5,32,-1.135,2,1,-0.210,0.578,0,-4
86.52,FLYING,SCAN,0,,,,,100,0,0,0,-4,71,OPTOMOTOR,,0.48,1.28,1.00,0.00,0.61,0.00,0.00,,yes,18.1,32,-0.910,2,3,-0.184,0.463,0,-4
86.57,FLYING,SCAN,0,,,,,100,0,0,0,-4,71,CRUISE,,0.41,1.46,0.68,0.00,0.87,0.00,0.00,,,18.1,32,-1.531,2,0,-0.192,0.313,0,-4
86.63,FLYING,SCAN,0,,,,,100,0,0,0,-4,71,CRUISE,,0.31,0.80,0.47,0.00,0.87,0.00,0.00,,,18.1,33,-0.355,6,7,-0.190,0.567,0,-4
86.68,FLYING,SCAN,0,,,,,100,0,0,0,-2,71,CRUISE,,0.21,0.43,0.34,0.00,0.61,0.00,0.00,,,18.2,32,0.024,6,8,-0.116,0.787,0,-2
86.74,FLYING,SCAN,0,,,,,100,0,0,0,-2,71,CRUISE,,0.15,0.24,0.26,0.00,0.87,0.00,0.00,,,17.7,34,-0.696,4,4,-0.112,0.738,0,-2
86.79,FLYING,SCAN,0,,,,,100,0,0,0,-1,71,CRUISE,,0.11,0.31,0.18,0.00,0.61,0.00,0.00,,,18.3,32,0.065,6,8,-0.043,0.869,0,-1
86.85,FLYING,SCAN,0,,,,,100,0,0,0,0,71,CRUISE,,0.09,0.35,0.15,0.00,1.75,0.00,0.00,,,18.1,32,-0.364,5,6,-0.012,0.899,0,0
86.90,FLYING,SCAN,0,,,,,100,0,0,0,-2,71,CRUISE,,0.21,0.38,0.07,0.00,1.22,0.00,0.00,,,18.3,32,-0.357,6,6,-0.091,0.935,0,-2
86.95,FLYING,SCAN,0,,,,,100,0,0,0,1,71,CRUISE,,0.26,0.40,0.04,0.00,0.86,0.00,0.00,,,19.5,29,-0.299,5,8,0.068,0.960,0,1
87.01,FLYING,SCAN,0,,,,,100,0,0,0,-2,71,CRUISE,,0.29,0.42,0.02,0.00,0.60,0.00,0.00,,,18.4,32,-0.128,6,7,-0.112,0.960,0,-2
87.06,FLYING,SCAN,0,,,,,100,0,0,0,2,71,CRUISE,,0.28,0.43,0.01,0.00,0.87,0.00,0.00,,,17.8,33,0.129,5,8,0.103,0.988,0,2
87.12,FLYING,SCAN,0,,,,,100,0,0,0,5,71,CRUISE,,0.27,0.29,0.00,0.00,0.61,0.00,0.00,,,18.5,32,2.349,0,7,0.244,0.761,0,5
87.17,FLYING,SCAN,0,,,,,100,0,0,0,15,71,OPTOMOTOR,,0.27,0.21,0.00,0.00,0.87,0.00,0.00,,,18.2,32,2.038,0,4,0.274,0.605,10,5
87.23,FLYING,SCAN,0,,,,,100,0,0,0,25,71,OPTOMOTOR,,0.29,0.18,0.00,0.00,0.61,0.00,0.00,,yes,18.3,32,2.022,0,7,0.409,0.531,17,8
87.28,FLYING,SCAN,0,,,,,100,0,0,0,30,71,OPTOMOTOR,,0.30,0.17,0.06,0.00,0.43,0.00,0.00,,yes,18.6,32,3.079,0,6,0.446,0.442,21,9
87.34,FLYING,SCAN,0,,,,,100,0,0,0,34,71,OPTOMOTOR,,0.19,0.16,0.25,0.00,0.30,0.00,0.00,,yes,18.4,32,2.685,0,4,0.516,0.411,24,10
87.39,FLYING,SCAN,0,,,,,100,0,0,0,34,71,OPTOMOTOR,,0.10,0.16,0.35,0.00,0.44,0.00,0.00,,yes,18.3,32,2.821,0,1,0.395,0.307,26,8
87.44,FLYING,SCAN,0,,,,,100,0,0,0,37,71,OPTOMOTOR,,0.05,0.14,0.35,0.00,0.87,0.00,0.00,,yes,18.4,32,3.044,0,7,0.484,0.364,27,10
87.50,FLYING,SCAN,0,,,,,100,0,0,0,36,71,OPTOMOTOR,,0.02,0.11,0.27,0.00,0.61,0.00,0.00,,yes,18.4,32,3.112,0,3,0.425,0.319,28,8
87.55,FLYING,SCAN,0,,,,,100,0,0,0,38,71,OPTOMOTOR,,0.01,0.09,0.23,0.00,1.75,0.00,0.00,,yes,18.4,32,3.204,0,6,0.453,0.337,29,9
87.61,FLYING,SCAN,0,,,,,100,0,0,0,37,71,OPTOMOTOR,,0.01,0.05,0.23,0.00,1.22,0.00,0.00,,yes,18.4,32,2.187,0,4,0.395,0.294,29,8
87.66,FLYING,SCAN,0,,,,,100,0,0,0,40,71,OPTOMOTOR,,0.00,0.06,0.26,0.00,1.31,0.00,0.00,,yes,18.6,31,1.008,1,8,0.554,0.423,29,11
87.72,FLYING,SCAN,0,,,,,100,0,0,0,34,71,OPTOMOTOR,,0.00,0.29,0.41,0.00,0.92,0.00,0.00,,yes,18.4,32,-2.871,1,0,0.261,0.300,29,5
87.77,FLYING,SCAN,0,,,,,100,0,0,0,29,71,CRUISE,,0.02,0.45,0.55,0.00,2.18,0.00,0.00,,yes,18.4,32,-4.209,2,0,-0.022,0.236,29,0
87.82,FLYING,SCAN,0,,,,,100,0,0,0,26,71,CRUISE,,0.41,1.05,0.94,0.00,1.53,0.00,0.00,,yes,18.6,31,-1.012,2,1,-0.153,0.218,29,-3
87.88,FLYING,SCAN,0,,,,,100,0,0,0,23,71,OPTOMOTOR,,0.60,1.35,1.14,0.00,1.31,0.00,0.00,,yes,18.6,31,-5.073,2,0,-0.298,0.175,29,-6
87.93,FLYING,SCAN,0,,,,,100,0,0,0,22,71,OPTOMOTOR,,0.44,0.76,1.08,0.00,0.92,0.00,0.00,,yes,18.4,32,-1.360,2,0,-0.371,0.165,29,-7
87.99,FLYING,SCAN,0,,,,,100,0,0,0,23,71,OPTOMOTOR,,0.35,0.46,1.02,0.00,1.75,0.00,0.00,,yes,18.6,31,-4.435,2,0,-0.317,0.131,29,-6
88.04,FLYING,SCAN,0,,,,,100,0,0,0,24,71,OPTOMOTOR,,0.24,0.34,0.87,0.00,1.22,0.00,0.00,,yes,18.3,32,-1.853,1,0,-0.275,0.107,29,-5
88.09,FLYING,SCAN,0,,,,,100,0,0,0,30,71,OPTOMOTOR,,0.15,0.28,0.71,0.00,0.87,0.00,0.00,,yes,18.5,32,1.140,1,7,0.036,0.227,29,1
88.15,FLYING,SCAN,0,,,,,100,0,0,0,28,71,CRUISE,,0.11,0.25,0.51,0.00,0.61,0.00,0.00,,yes,18.3,32,-1.678,2,0,-0.049,0.180,29,-1
88.20,FLYING,SCAN,0,,,,,100,0,0,0,23,71,CRUISE,,0.09,0.24,0.41,0.00,0.87,0.00,0.00,,yes,18.5,32,-1.644,2,0,-0.277,0.168,29,-6
88.27,FLYING,SCAN,0,,,,,100,0,0,0,27,71,OPTOMOTOR,,0.08,0.20,0.36,0.00,0.87,0.00,0.00,,yes,15.6,41,1.035,2,6,-0.103,0.290,29,-2
88.32,FLYING,SCAN,0,,,,,100,0,0,0,27,71,CRUISE,,0.26,0.17,0.29,0.00,0.61,0.00,0.00,,yes,19.5,29,0.541,5,8,-0.098,0.583,29,-2
88.37,FLYING,SCAN,0,,,,,100,0,0,0,30,71,CRUISE,,0.35,0.15,0.22,0.00,0.87,0.00,0.00,,yes,18.5,31,1.110,2,5,0.057,0.605,29,1
88.43,FLYING,SCAN,0,,,,,100,0,0,0,32,71,CRUISE,,0.53,0.18,0.19,0.00,0.61,0.00,0.00,,yes,18.7,31,2.038,0,3,0.128,0.455,29,3
88.48,FLYING,SCAN,0,,,,,100,0,0,0,32,71,CRUISE,,0.61,0.20,0.18,0.00,1.75,0.00,0.00,,yes,18.6,31,0.228,5,7,0.128,0.642,29,3
88.54,FLYING,SCAN,0,,,,,100,0,0,0,33,71,CRUISE,,0.33,0.18,0.18,0.00,1.22,0.00,0.00,,yes,18.3,32,1.807,0,6,0.179,0.590,29,4
88.59,FLYING,SCAN,0,,,,,100,0,0,0,30,71,CRUISE,,0.19,0.17,0.18,0.00,0.87,0.00,0.00,,yes,18.4,32,-1.429,1,0,0.070,0.380,29,1
88.64,FLYING,SCAN,0,,,,,100,0,0,0,32,71,CRUISE,,0.14,0.16,0.28,0.00,0.61,0.00,0.00,,yes,18.4,31,1.832,0,4,0.141,0.333,29,3
88.70,FLYING,SCAN,0,,,,,100,0,0,0,37,71,OPTOMOTOR,,0.16,0.28,0.34,0.00,1.31,0.00,0.00,,yes,18.5,32,0.992,0,7,0.392,0.392,29,8
88.75,FLYING,SCAN,0,,,,,100,0,0,0,29,71,CRUISE,,0.31,0.34,0.29,0.00,0.92,0.00,0.00,,yes,18.8,32,-2.710,2,0,0.015,0.316,29,0
88.81,FLYING,SCAN,0,,,,,100,0,0,0,27,71,CRUISE,,0.58,0.37,0.26,0.00,1.75,0.00,0.00,,yes,18.5,31,-6.204,2,0,-0.099,0.230,29,-2
88.86,FLYING,SCAN,0,,,,,100,0,0,0,26,71,CRUISE,,0.66,0.36,0.43,0.00,1.22,0.00,0.00,,yes,18.5,31,-1.299,2,1,-0.153,0.187,29,-3
88.91,FLYING,SCAN,0,,,,,100,0,0,0,22,71,OPTOMOTOR,,0.69,0.35,0.68,0.00,2.62,0.00,0.00,,yes,18.4,32,-4.448,2,0,-0.335,0.172,29,-7
88.97,FLYING,SCAN,0,,,,,100,0,0,0,22,71,OPTOMOTOR,,0.35,0.42,0.96,0.00,1.83,0.00,0.00,,yes,18.6,31,-3.358,1,0,-0.327,0.144,29,-7
89.02,FLYING,SCAN,0,,,,,100,0,0,0,23,71,OPTOMOTOR,,0.17,0.46,1.18,0.00,1.75,0.00,0.00,,yes,18.5,31,-2.434,1,0,-0.318,0.129,29,-6
89.08,FLYING,SCAN,0,,,,,100,0,0,0,22,71,OPTOMOTOR,,0.12,0.40,1.30,0.00,2.62,0.00,0.00,,yes,18.5,31,-1.378,2,0,-0.362,0.139,29,-7
89.13,FLYING,SCAN,0,,,,,100,0,0,0,27,71,OPTOMOTOR,,0.09,0.27,1.27,0.00,1.83,0.00,0.00,,yes,18.8,31,0.916,2,7,-0.125,0.307,29,-2
89.18,FLYING,SCAN,0,,,,,100,0,0,0,26,71,CRUISE,,0.07,0.24,0.78,0.00,1.28,0.00,0.00,,yes,18.5,32,-0.102,6,8,-0.146,0.598,29,-3
89.24,FLYING,SCAN,0,,,,,100,0,0,0,32,71,CRUISE,,0.07,0.22,0.53,0.00,0.90,0.00,0.00,,yes,18.5,31,2.057,0,7,0.131,0.556,29,3
89.29,FLYING,SCAN,0,,,,,100,0,0,0,35,71,CRUISE,,0.13,0.22,0.44,0.00,0.63,0.00,0.00,,yes,18.5,31,1.301,0,6,0.291,0.484,29,6
89.35,FLYING,SCAN,0,,,,,100,0,0,0,38,71,OPTOMOTOR,,0.26,0.23,0.44,0.00,0.44,0.00,0.00,,yes,18.4,32,1.432,0,5,0.438,0.454,29,9
89.40,FLYING,SCAN,0,,,,,100,0,0,0,40,71,OPTOMOTOR,,0.44,0.23,0.51,0.00,1.31,0.00,0.00,,yes,18.3,32,2.043,0,6,0.567,0.456,29,11
89.45,FLYING,SCAN,0,,,,,100,0,0,0,35,71,OPTOMOTOR,,0.62,0.26,0.56,0.00,1.31,0.00,0.00,,yes,18.6,31,-0.931,3,5,0.290,0.481,29,6
89.51,FLYING,SCAN,0,,,,,100,0,0,0,34,71,OPTOMOTOR,,0.72,0.25,0.61,0.00,0.92,0.00,0.00,,yes,18.5,31,-2.505,0,0,0.250,0.313,29,5
89.56,FLYING,SCAN,0,,,,,100,0,0,0,29,71,CRUISE,,0.40,0.23,0.72,0.00,1.31,0.00,0.00,,yes,18.3,32,0.375,6,8,0.013,0.501,29,0
89.62,FLYING,SCAN,0,,,,,100,0,0,0,28,71,CRUISE,,0.24,0.22,0.79,0.00,0.92,0.00,0.00,,yes,18.3,31,-2.895,1,0,-0.062,0.329,29,-1
89.67,FLYING,SCAN,0,,,,,100,0,0,0,26,71,CRUISE,,0.17,0.22,0.81,0.00,1.31,0.00,0.00,,yes,18.4,32,-3.430,1,0,-0.130,0.233,29,-3
89.73,FLYING,SCAN,0,,,,,100,0,0,0,-3,71,CRUISE,,0.14,0.17,0.71,0.00,0.92,0.00,0.00,,yes,18.4,32,0.274,6,8,-0.150,0.513,0,-3
89.78,FLYING,SCAN,0,,,,,100,0,0,0,-4,71,CRUISE,,0.14,0.15,0.59,0.00,0.64,0.00,0.00,,yes,18.4,32,-5.202,2,0,-0.199,0.412,0,-4
89.84,FLYING,SCAN,0,,,,,100,0,0,0,-3,71,OPTOMOTOR,,0.12,0.28,0.52,0.00,0.45,0.00,0.00,,yes,16.6,38,-2.294,0,0,-0.172,0.246,0,-3
89.89,FLYING,SCAN,0,,,,,100,0,0,0,-6,71,OPTOMOTOR,,0.11,0.34,0.48,0.00,0.87,0.00,0.00,,yes,18.2,33,-4.242,1,0,-0.291,0.186,0,-6
89.95,FLYING,SCAN,0,,,,,100,0,0,0,-7,71,OPTOMOTOR,,0.06,0.24,0.47,0.00,0.61,0.00,0.00,,yes,18.4,32,-4.802,2,0,-0.340,0.157,0,-7
90.00,FLYING,SCAN,0,,,,,100,0,0,0,-4,71,OPTOMOTOR,,0.03,0.18,0.46,0.00,0.43,0.00,0.00,,yes,18.2,33,-0.325,6,7,-0.209,0.394,0,-4
90.06,FLYING,SCAN,0,,,,,100,0,0,0,-3,71,CRUISE,,0.03,0.16,0.45,0.00,0.87,0.00,0.00,,yes,18.4,32,-0.170,5,6,-0.156,0.632,0,-3
90.11,FLYING,SCAN,0,,,,,100,0,0,0,-2,71,CRUISE,,0.19,0.22,0.43,0.00,0.61,0.00,0.00,,yes,18.1,32,-0.109,5,7,-0.093,0.785,0,-2
90.17,FLYING,SCAN,0,,,,,100,0,0,0,1,71,CRUISE,,0.27,0.25,0.42,0.00,0.43,0.00,0.00,,yes,17.3,35,-0.043,6,8,0.026,0.909,0,1
90.23,FLYING,SCAN,0,,,,,100,0,0,0,-2,71,CRUISE,,0.16,0.16,0.23,0.00,0.30,0.00,0.00,,yes,18.2,33,-0.008,6,7,-0.088,0.931,0,-2
90.28,FLYING,SCAN,0,,,,,100,0,0,0,1,71,CRUISE,,0.10,0.09,0.14,0.00,0.21,0.00,0.00,,yes,19.6,29,-0.063,6,8,0.036,0.963,0,1
90.33,FLYING,SCAN,0,,,,,100,0,0,0,-1,71,CRUISE,,0.07,0.06,0.09,0.00,0.15,0.00,0.00,,,18.3,32,-0.676,4,5,-0.040,0.842,0,-1
90.39,FLYING,SCAN,0,,,,,100,0,0,0,-1,71,CRUISE,,0.10,0.04,0.07,0.00,0.87,0.00,0.00,,,17.6,34,-0.517,5,7,-0.073,0.860,0,-1
90.44,FLYING,SCAN,0,,,,,100,0,0,0,-4,71,CRUISE,,0.12,0.03,0.08,0.00,0.61,0.00,0.00,,,18.3,32,-1.136,2,1,-0.185,0.613,0,-4
90.50,FLYING,SCAN,0,,,,,100,0,0,0,-4,71,OPTOMOTOR,,0.12,0.02,0.12,0.00,0.87,0.00,0.00,,,18.0,33,-0.970,5,5,-0.223,0.664,0,-4
90.56,FLYING,SCAN,0,,,,,100,0,0,0,-2,71,OPTOMOTOR,,0.06,0.02,0.18,0.00,0.61,0.00,0.00,,,17.8,33,-0.306,5,8,-0.121,0.808,0,-2
90.61,FLYING,SCAN,0,,,,,100,0,0,0,-3,71,CRUISE,,0.03,0.03,0.22,0.00,0.44,0.00,0.00,,,18.3,32,-0.521,6,6,-0.127,0.869,0,-3
90.67,FLYING,SCAN,0,,,,,100,0,0,0,0,71,CRUISE,,0.05,0.04,0.26,0.00,0.44,0.00,0.00,,,18.1,33,-0.146,6,8,-0.022,0.928,0,0
90.72,FLYING,SCAN,0,,,,,100,0,0,0,0,71,CRUISE,,0.14,0.12,0.27,0.00,0.31,0.00,0.00,,,18.5,32,-0.087,6,8,-0.017,0.975,0,0
90.77,FLYING,SCAN,0,,,,,100,0,0,0,1,71,CRUISE,,0.19,0.16,0.28,0.00,0.87,0.00,0.00,,,18.2,32,-0.424,4,7,0.030,0.902,0,1
90.83,FLYING,SCAN,0,,,,,100,0,0,0,-3,71,CRUISE,,0.22,0.20,0.28,0.00,0.61,0.00,0.00,,,18.1,32,-0.540,6,5,-0.172,0.889,0,-3
90.88,FLYING,SCAN,0,,,,,100,0,0,0,-4,71,CRUISE,,0.23,0.25,0.31,0.00,0.87,0.00,0.00,,,18.1,33,-2.043,1,0,-0.204,0.562,0,-4
90.94,FLYING,SCAN,0,,,,,100,0,0,0,6,71,OPTOMOTOR,,0.18,0.40,0.47,0.00,0.61,0.00,0.00,,,18.4,32,-3.668,1,0,-0.212,0.350,10,-4
91.01,FLYING,SCAN,0,,,,,100,0,0,0,13,71,OPTOMOTOR,,0.15,0.48,0.55,0.00,0.44,0.00,0.00,,,15.0,33,0.394,6,7,-0.194,0.531,17,-4
91.06,FLYING,SCAN,0,,,,,100,0,0,0,21,71,CRUISE,,0.08,0.25,0.39,0.00,0.31,0.00,0.00,,yes,18.3,33,1.153,4,8,0.005,0.628,21,0
91.12,FLYING,SCAN,0,,,,,100,0,0,0,27,71,CRUISE,,0.04,0.14,0.30,0.00,0.44,0.00,0.00,,yes,18.2,32,0.999,1,6,0.165,0.601,24,3
91.17,FLYING,SCAN,0,,,,,100,0,0,0,32,71,CRUISE,,0.05,0.08,0.30,0.00,0.31,0.00,0.00,,yes,18.6,31,2.037,0,7,0.309,0.515,26,6
91.22,FLYING,SCAN,0,,,,,100,0,0,0,34,71,OPTOMOTOR,,0.05,0.05,0.29,0.00,0.21,0.00,0.00,,yes,18.7,31,2.676,0,6,0.365,0.418,27,7
91.28,FLYING,SCAN,0,,,,,100,0,0,0,37,71,OPTOMOTOR,,0.05,0.04,0.16,0.00,0.15,0.00,0.00,,yes,18.5,31,2.753,0,5,0.436,0.374,28,9
91.33,FLYING,SCAN,0,,,,,100,0,0,0,39,71,OPTOMOTOR,,0.06,0.03,0.09,0.00,0.10,0.00,0.00,,yes,18.3,32,2.562,0,5,0.491,0.377,29,10
91.39,FLYING,SCAN,0,,,,,100,0,0,0,38,71,OPTOMOTOR,,0.06,0.03,0.06,0.00,0.44,0.00,0.00,,yes,15.8,41,2.444,0,6,0.449,0.341,29,9
91.45,FLYING,SCAN,0,,,,,100,0,0,0,40,71,OPTOMOTOR,,0.03,0.04,0.15,0.00,0.31,0.00,0.00,,yes,18.4,32,1.245,0,7,0.537,0.397,29,11
91.50,FLYING,SCAN,0,,,,,100,0,0,0,34,71,OPTOMOTOR,,0.01,0.06,0.19,0.00,0.87,0.00,0.00,,yes,18.5,31,-0.123,5,8,0.248,0.657,29,5
91.56,FLYING,SCAN,0,,,,,100,0,0,0,34,71,CRUISE,,0.02,0.10,0.14,0.00,0.61,0.00,0.00,,yes,18.7,31,1.221,1,7,0.268,0.637,29,5
91.61,FLYING,SCAN,0,,,,,100,0,0,0,29,71,CRUISE,,0.03,0.12,0.09,0.00,0.87,0.00,0.00,,yes,18.6,31,-1.969,2,0,-0.020,0.425,29,0
91.66,FLYING,SCAN,0,,,,,100,0,0,0,28,71,CRUISE,,0.03,0.06,0.05,0.00,0.61,0.00,0.00,,yes,18.5,31,0.562,5,7,-0.069,0.511,29,-1
91.72,FLYING,SCAN,0,,,,,100,0,0,0,26,71,CRUISE,,0.03,0.03,0.02,0.00,0.87,0.00,0.00,,yes,18.5,31,-2.273,2,0,-0.148,0.354,29,-3
91.77,FLYING,SCAN,0,,,,,100,0,0,0,25,71,CRUISE,,0.01,0.17,0.30,0.00,0.61,0.00,0.00,,yes,18.4,32,-2.073,2,0,-0.210,0.252,29,-4
91.83,FLYING,SCAN,0,,,,,100,0,0,0,28,71,OPTOMOTOR,,0.01,0.27,0.45,0.00,1.31,0.00,0.00,,yes,18.5,31,0.972,1,7,-0.057,0.337,29,-1
91.88,FLYING,SCAN,0,,,,,100,0,0,0,26,71,CRUISE,,0.10,0.43,0.53,0.00,0.92,0.00,0.00,,yes,18.5,31,-0.861,6,5,-0.131,0.543,29,-3
91.93,FLYING,SCAN,0,,,,,100,0,0,0,27,71,CRUISE,,0.15,0.56,0.47,0.00,0.87,0.00,0.00,,yes,18.6,32,0.123,6,7,-0.120,0.739,29,-2
91.99,FLYING,SCAN,0,,,,,100,0,0,0,30,71,CRUISE,,0.17,0.63,0.44,0.00,0.61,0.00,0.00,,yes,18.3,32,1.878,0,3,0.025,0.573,29,1
92.04,FLYING,SCAN,0,,,,,100,0,0,0,31,71,CRUISE,,0.15,0.63,0.41,0.00,0.43,0.00,0.00,,yes,18.5,31,0.736,5,6,0.080,0.676,29,2
92.10,FLYING,SCAN,0,,,,,100,0,0,0,30,71,CRUISE,,0.14,0.55,0.35,0.00,0.44,0.00,0.00,,yes,18.2,32,0.445,6,7,0.038,0.786,29,1
92.15,FLYING,SCAN,0,,,,,100,0,0,0,29,71,CRUISE,,0.18,0.45,0.33,0.00,0.31,0.00,0.00,,yes,18.3,32,1.745,0,2,-0.018,0.552,29,0
92.21,FLYING,SCAN,0,,,,,100,0,0,0,30,71,CRUISE,,0.19,0.40,0.31,0.00,0.44,0.00,0.00,,yes,18.4,32,0.061,6,7,0.045,0.716,29,1
92.26,FLYING,SCAN,0,,,,,100,0,0,0,31,71,CRUISE,,0.18,0.36,0.25,0.00,0.31,0.00,0.00,,yes,18.3,32,1.460,1,5,0.112,0.574,29,2
92.32,FLYING,SCAN,0,,,,,100,0,0,0,29,71,CRUISE,,0.18,0.33,0.21,0.00,0.44,0.00,0.00,,yes,18.5,32,-1.331,1,1,0.009,0.504,29,0
92.37,FLYING,SCAN,0,,,,,100,0,0,0,27,71,CRUISE,,0.19,0.30,0.29,0.00,0.31,0.00,0.00,,yes,18.7,32,-1.720,1,0,-0.118,0.331,29,-2
92.42,FLYING,SCAN,0,,,,,100,0,0,0,27,71,CRUISE,,0.19,0.25,0.37,0.00,0.87,0.00,0.00,,yes,18.5,31,0.775,3,7,-0.077,0.420,29,-2
92.48,FLYING,SCAN,0,,,,,100,0,0,0,27,71,CRUISE,,0.09,0.18,0.42,0.00,0.61,0.00,0.00,,yes,18.3,32,-2.066,1,0,-0.110,0.327,29,-2
92.53,FLYING,SCAN,0,,,,,100,0,0,0,26,71,CRUISE,,0.05,0.14,0.42,0.00,0.87,0.00,0.00,,yes,18.6,31,0.550,6,7,-0.150,0.475,29,-3
92.59,FLYING,SCAN,0,,,,,100,0,0,0,24,71,OPTOMOTOR,,0.06,0.12,0.26,0.00,0.61,0.00,0.00,,yes,18.9,31,-2.076,2,0,-0.267,0.391,29,-5
92.64,FLYING,SCAN,0,,,,,100,0,0,0,24,71,OPTOMOTOR,,0.07,0.11,0.18,0.00,0.87,0.00,0.00,,yes,18.5,31,-1.600,0,0,-0.265,0.234,29,-5
92.69,FLYING,SCAN,0,,,,,100,0,0,0,26,71,OPTOMOTOR,,0.03,0.10,0.25,0.00,0.61,0.00,0.00,,yes,18.4,32,0.891,2,5,-0.151,0.308,29,-3
92.75,FLYING,SCAN,0,,,,,100,0,0,0,25,71,CRUISE,,0.02,0.10,0.28,0.00,0.44,0.00,0.00,,yes,18.5,31,-1.282,3,2,-0.192,0.412,29,-4
92.80,FLYING,SCAN,0,,,,,100,0,0,0,28,71,CRUISE,,0.02,0.10,0.30,0.00,0.87,0.00,0.00,,yes,18.3,32,0.926,4,8,-0.048,0.561,29,-1
92.86,FLYING,SCAN,0,,,,,100,0,0,0,26,71,CRUISE,,0.03,0.10,0.37,0.00,0.61,0.00,0.00,,yes,18.4,32,-1.272,2,1,-0.127,0.430,29,-3
92.91,FLYING,SCAN,0,,,,,100,0,0,0,25,71,CRUISE,,0.03,0.09,0.40,0.00,0.43,0.00,0.00,,yes,18.9,31,-0.817,6,5,-0.182,0.509,29,-4
92.97,FLYING,SCAN,0,,,,,100,0,0,0,24,71,OPTOMOTOR,,0.06,0.09,0.42,0.00,1.75,0.00,0.00,,yes,16.6,38,-1.154,1,0,-0.226,0.391,29,-5
93.02,FLYING,SCAN,0,,,,,100,0,0,0,28,71,CRUISE,,0.07,0.18,0.53,0.00,1.31,0.00,0.00,,yes,19.4,29,1.134,2,7,-0.068,0.478,29,-1
93.08,FLYING,SCAN,0,,,,,100,0,0,0,27,71,CRUISE,,0.03,0.23,0.58,0.00,0.92,0.00,0.00,,yes,18.6,31,-2.550,1,0,-0.124,0.345,29,-2
93.13,FLYING,SCAN,0,,,,,100,0,0,0,27,71,CRUISE,,0.02,0.14,0.41,0.00,0.87,0.00,0.00,,yes,18.4,32,0.450,6,8,-0.121,0.519,29,-2
93.18,FLYING,SCAN,0,,,,,100,0,0,0,27,71,CRUISE,,0.23,0.09,0.24,0.00,0.61,0.00,0.00,,yes,18.4,32,-1.968,0,0,-0.114,0.363,29,-2
93.24,FLYING,SCAN,0,,,,,100,0,0,0,25,71,CRUISE,,0.33,0.07,0.15,0.00,0.87,0.00,0.00,,yes,18.6,31,-1.689,2,0,-0.205,0.271,29,-4
93.29,FLYING,SCAN,0,,,,,100,0,0,0,26,71,OPTOMOTOR,,0.20,0.14,0.25,0.00,0.61,0.00,0.00,,yes,18.5,32,0.413,5,7,-0.172,0.525,29,-3
93.35,FLYING,SCAN,0,,,,,100,0,0,0,25,71,CRUISE,,0.14,0.18,0.31,0.00,1.31,0.00,0.00,,yes,18.4,32,-2.836,2,0,-0.208,0.391,29,-4
93.40,FLYING,SCAN,0,,,,,100,0,0,0,24,71,OPTOMOTOR,,0.14,0.23,0.44,0.00,0.92,0.00,0.00,,yes,18.5,31,-2.502,1,0,-0.226,0.253,29,-5
93.45,FLYING,SCAN,0,,,,,100,0,0,0,-4,71,OPTOMOTOR,,0.15,0.26,0.50,0.00,0.87,0.00,0.00,,yes,18.4,31,0.636,5,5,-0.221,0.376,0,-4
93.51,FLYING,SCAN,0,,,,,100,0,0,0,-3,71,CRUISE,,0.14,0.17,0.25,0.00,0.61,0.00,0.00,,yes,18.5,31,-4.664,0,0,-0.144,0.340,0,-3
93.56,FLYING,SCAN,0,,,,,100,0,0,0,-4,71,CRUISE,,0.15,0.12,0.13,0.00,0.87,0.00,0.00,,yes,18.3,32,-1.860,1,0,-0.201,0.239,0,-4
93.62,FLYING,SCAN,0,,,,,100,0,0,0,-5,71,OPTOMOTOR,,0.17,0.10,0.10,0.00,0.87,0.00,0.00,,yes,18.2,33,-3.142,0,0,-0.262,0.163,0,-5
93.67,FLYING,SCAN,0,,,,,100,0,0,0,-6,71,OPTOMOTOR,,0.18,0.08,0.19,0.00,0.61,0.00,0.00,,yes,18.3,32,-2.300,1,0,-0.302,0.139,0,-6
93.73,FLYING,SCAN,0,,,,,100,0,0,0,-5,71,OPTOMOTOR,,0.16,0.08,0.23,0.00,0.43,0.00,0.00,,yes,18.7,32,-0.446,5,5,-0.230,0.312,0,-5
93.78,FLYING,SCAN,0,,,,,100,0,0,0,-3,71,CRUISE,,0.15,0.07,0.11,0.00,0.87,0.00,0.00,,yes,17.7,34,-0.085,6,8,-0.151,0.643,0,-3
93.84,FLYING,SCAN,0,,,,,100,0,0,0,-2,71,CRUISE,,0.28,0.07,0.06,0.00,0.61,0.00,0.00,,yes,18.5,32,-0.145,6,8,-0.107,0.815,0,-2
93.89,FLYING,SCAN,0,,,,,100,0,0,0,-1,71,CRUISE,,0.34,0.06,0.03,0.00,0.44,0.00,0.00,,yes,17.8,33,-0.100,6,7,-0.069,0.893,0,-1
93.95,FLYING,SCAN,0,,,,,100,0,0,0,2,71,CRUISE,,0.29,0.05,0.02,0.00,0.31,0.00,0.00,,yes,18.2,32,-0.209,5,8,0.084,0.922,0,2
94.00,FLYING,SCAN,0,,,,,100,0,0,0,1,71,CRUISE,,0.26,0.04,0.02,0.00,0.44,0.00,0.00,,yes,18.0,33,-0.193,5,7,0.027,0.919,0,1
94.06,FLYING,SCAN,0,,,,,100,0,0,0,1,71,CRUISE,,0.33,0.05,0.01,0.00,0.31,0.00,0.00,,,17.8,33,-0.063,6,8,0.031,0.970,0,1
94.12,FLYING,SCAN,0,,,,,100,0,0,0,-3,71,CRUISE,,0.37,0.06,0.00,0.00,0.87,0.00,0.00,,,17.9,33,-0.221,6,6,-0.153,0.961,0,-3
94.17,FLYING,SCAN,0,,,,,100,0,0,0,4,71,OPTOMOTOR,,0.29,0.05,0.00,0.00,0.61,0.00,0.00,,,18.3,33,0.833,6,7,0.188,0.917,0,4
94.23,FLYING,SCAN,0,,,,,100,0,0,0,2,71,CRUISE,,0.25,0.05,0.00,0.00,0.87,0.00,0.00,,,17.8,33,0.635,6,7,0.077,0.922,0,2
94.28,FLYING,SCAN,0,,,,,100,0,0,0,3,71,CRUISE,,0.36,0.11,0.00,0.00,0.61,0.00,0.00,,,18.3,32,1.330,0,4,0.134,0.738,0,3
94.34,FLYING,SCAN,0,,,,,100,0,0,0,5,71,OPTOMOTOR,,0.41,0.15,0.02,0.00,0.43,0.00,0.00,,,18.2,32,0.927,1,6,0.247,0.677,0,5
94.39,FLYING,SCAN,0,,,,,100,0,0,0,4,71,CRUISE,,0.44,0.17,0.16,0.00,0.44,0.00,0.00,,,18.5,32,0.350,5,8,0.199,0.801,0,4
94.45,FLYING,SCAN,0,,,,,100,0,0,0,4,71,OPTOMOTOR,,0.50,0.18,0.23,0.00,0.31,0.00,0.00,,,16.7,37,0.452,5,7,0.214,0.880,0,4
94.51,FLYING,SCAN,0,,,,,100,0,0,0,5,71,CRUISE,,0.53,0.18,0.25,0.00,0.21,0.00,0.00,,,18.2,33,0.153,6,9,0.230,0.953,0,5
94.56,FLYING,SCAN,0,,,,,100,0,0,0,3,71,OPTOMOTOR,,0.35,0.19,0.20,0.00,0.15,0.00,0.00,,,18.3,32,-0.075,6,7,0.132,0.985,0,3
94.62,FLYING,SCAN,0,,,,,100,0,0,0,-3,71,CRUISE,,0.24,0.18,0.17,0.00,0.44,0.00,0.00,,,18.2,32,-0.052,6,5,-0.168,0.950,0,-3
94.67,FLYING,SCAN,0,,,,,100,0,0,0,11,71,CRUISE,,0.18,0.17,0.23,0.00,0.31,0.00,0.00,,,18.0,33,-0.110,6,8,0.058,0.987,10,1
94.73,FLYING,SCAN,0,,,,,100,0,0,0,18,71,CRUISE,,0.14,0.17,0.26,0.00,0.21,0.00,0.00,,yes,18.0,32,1.115,5,6,0.058,0.894,17,1
94.78,FLYING,SCAN,0,,,,,100,0,0,0,23,71,CRUISE,,0.14,0.17,0.21,0.00,0.15,0.00,0.00,,yes,17.9,33,1.848,0,4,0.090,0.637,21,2
94.84,FLYING,SCAN,0,,,,,100,0,0,0,28,71,CRUISE,,0.17,0.17,0.17,0.00,0.10,0.00,0.00,,yes,18.0,33,2.391,0,5,0.198,0.511,24,4
94.89,FLYING,SCAN,0,,,,,100,0,0,0,31,71,OPTOMOTOR,,0.17,0.15,0.16,0.00,0.87,0.00,0.00,,yes,19.6,29,2.738,0,2,0.270,0.411,26,5
94.94,FLYING,SCAN,0,,,,,100,0,0,0,36,71,OPTOMOTOR,,0.17,0.14,0.21,0.00,0.61,0.00,0.00,,yes,18.4,32,2.740,0,6,0.431,0.403,27,9
95.00,FLYING,SCAN,0,,,,,100,0,0,0,39,71,OPTOMOTOR,,0.16,0.14,0.23,0.00,0.44,0.00,0.00,,yes,18.4,32,3.068,0,8,0.550,0.422,28,11
95.05,FLYING,SCAN,0,,,,,100,0,0,0,40,71,OPTOMOTOR,,0.14,0.19,0.25,0.00,0.31,0.00,0.00,,yes,18.5,31,2.923,0,6,0.566,0.424,29,11
95.11,FLYING,SCAN,0,,,,,100,0,0,0,36,71,OPTOMOTOR,,0.14,0.22,0.26,0.00,0.44,0.00,0.00,,yes,18.6,32,0.368,5,8,0.366,0.615,29,7
95.16,FLYING,SCAN,0,,,,,100,0,0,0,36,71,OPTOMOTOR,,0.09,0.23,0.28,0.00,0.31,0.00,0.00,,yes,18.6,31,1.056,3,8,0.342,0.699,29,7
95.21,FLYING,SCAN,0,,,,,100,0,0,0,29,71,CRUISE,,0.06,0.23,0.29,0.00,1.31,0.00,0.00,,yes,18.6,31,-2.401,2,0,0.009,0.474,29,0
95.27,FLYING,SCAN,0,,,,,100,0,0,0,27,71,CRUISE,,0.09,0.21,0.23,0.00,0.92,0.00,0.00,,yes,18.6,32,-3.573,1,0,-0.104,0.315,29,-2
95.32,FLYING,SCAN,0,,,,,100,0,0,0,25,71,CRUISE,,0.12,0.20,0.20,0.00,1.31,0.00,0.00,,yes,18.5,32,-0.354,6,7,-0.177,0.540,29,-4
95.38,FLYING,SCAN,0,,,,,100,0,0,0,25,71,OPTOMOTOR,,0.14,0.39,0.42,0.00,0.92,0.00,0.00,,yes,18.5,31,-2.885,0,0,-0.209,0.346,29,-4
95.43,FLYING,SCAN,0,,,,,100,0,0,0,25,71,OPTOMOTOR,,0.15,0.49,0.54,0.00,0.87,0.00,0.00,,yes,18.5,31,-2.079,0,0,-0.202,0.209,29,-4
95.48,FLYING,SCAN,0,,,,,100,0,0,0,30,70,CRUISE,,0.14,0.30,0.27,0.00,0.61,0.00,0.00,,yes,18.6,31,1.158,0,6,0.038,0.261,29,1
95.54,FLYING,SCAN,0,,,,,100,0,0,0,27,70,CRUISE,,0.17,0.20,0.13,0.00,0.87,0.00,0.00,,yes,18.6,31,-0.277,6,7,-0.122,0.552,29,-2
95.59,FLYING,SCAN,0,,,,,100,0,0,0,32,70,CRUISE,,0.20,0.24,0.26,0.00,0.61,0.00,0.00,,yes,18.3,32,1.656,0,7,0.146,0.559,29,3
95.64,FLYING,SCAN,0,,,,,100,0,0,0,32,70,CRUISE,,0.21,0.27,0.37,0.00,0.87,0.00,0.00,,yes,18.9,31,-0.082,5,6,0.135,0.696,29,3
95.70,FLYING,SCAN,0,,,,,100,0,0,0,30,70,CRUISE,,0.12,0.35,0.52,0.00,0.61,0.00,0.00,,yes,18.6,31,-0.552,5,6,0.065,0.787,29,1
95.75,FLYING,SCAN,0,,,,,100,0,0,0,31,70,CRUISE,,0.08,0.39,0.60,0.00,0.87,0.00,0.00,,yes,18.9,31,0.919,6,7,0.103,0.834,29,2
95.81,FLYING,SCAN,0,,,,,100,0,0,0,27,70,CRUISE,,0.07,0.22,0.32,0.00,0.61,0.00,0.00,,yes,18.4,32,-2.405,1,0,-0.118,0.503,29,-2
95.86,FLYING,SCAN,0,,,,,100,0,0,0,27,70,CRUISE,,0.06,0.14,0.17,0.00,1.31,0.00,0.00,,yes,18.5,32,0.048,6,7,-0.105,0.631,29,-2
95.91,FLYING,SCAN,0,,,,,100,0,0,0,24,70,OPTOMOTOR,,0.09,0.09,0.17,0.00,1.31,0.00,0.00,,yes,18.5,31,-3.789,2,0,-0.253,0.479,29,-5
95.97,FLYING,SCAN,0,,,,,100,0,0,0,25,70,OPTOMOTOR,,0.10,0.22,0.50,0.00,0.92,0.00,0.00,,yes,18.5,32,-3.261,1,0,-0.221,0.289,29,-4
96.03,FLYING,SCAN,0,,,,,100,0,0,0,25,70,OPTOMOTOR,,0.11,0.28,0.67,0.00,0.87,0.00,0.00,,yes,16.2,39,0.053,6,7,-0.221,0.539,29,-4
96.08,FLYING,SCAN,0,,,,,100,0,0,0,24,70,OPTOMOTOR,,0.13,0.29,0.75,0.00,0.61,0.00,0.00,,yes,19.4,30,-2.363,2,0,-0.239,0.427,29,-5
96.14,FLYING,SCAN,0,,,,,100,0,0,0,24,70,OPTOMOTOR,,0.15,0.27,0.85,0.00,0.44,0.00,0.00,,yes,18.5,31,-2.466,1,0,-0.253,0.288,29,-5
96.19,FLYING,SCAN,0,,,,,100,0,0,0,25,70,OPTOMOTOR,,0.20,0.22,0.89,0.00,0.31,0.00,0.00,,yes,18.5,31,0.760,5,7,-0.183,0.420,29,-4
96.24,FLYING,SCAN,0,,,,,100,0,0,0,25,70,CRUISE,,0.22,0.20,0.77,0.00,1.31,0.00,0.00,,yes,18.3,32,-1.802,2,0,-0.195,0.317,29,-4
96.30,FLYING,SCAN,0,,,,,100,0,0,0,24,70,OPTOMOTOR,,0.14,0.13,0.50,0.00,0.92,0.00,0.00,,yes,18.5,31,-2.114,1,0,-0.243,0.212,29,-5
96.35,FLYING,SCAN,0,,,,,100,0,0,0,25,70,OPTOMOTOR,,0.10,0.10,0.36,0.00,1.31,0.00,0.00,,yes,18.5,31,0.639,5,5,-0.217,0.353,29,-4
96.41,FLYING,SCAN,0,,,,,100,0,0,0,24,70,OPTOMOTOR,,0.14,0.19,0.70,0.00,0.92,0.00,0.00,,yes,18.3,32,-2.276,1,0,-0.227,0.289,29,-5
96.46,FLYING,SCAN,0,,,,,100,0,0,0,26,70,OPTOMOTOR,,0.16,0.23,0.87,0.00,0.64,0.00,0.00,,yes,18.5,31,0.444,6,8,-0.171,0.559,29,-3
96.51,FLYING,SCAN,0,,,,,100,0,0,0,25,70,CRUISE,,0.18,0.15,0.80,0.00,0.45,0.00,0.00,,yes,18.6,31,-2.415,2,0,-0.192,0.424,29,-4
96.57,FLYING,SCAN,0,,,,,100,0,0,0,25,70,OPTOMOTOR,,0.18,0.11,0.76,0.00,1.31,0.00,0.00,,yes,18.5,32,-1.754,0,0,-0.199,0.267,29,-4
96.62,FLYING,SCAN,0,,,,,100,0,0,0,28,70,OPTOMOTOR,,0.09,0.13,0.66,0.00,0.92,0.00,0.00,,yes,18.4,32,0.927,1,7,-0.057,0.346,29,-1
96.68,FLYING,SCAN,0,,,,,100,0,0,0,26,70,CRUISE,,0.05,0.13,0.61,0.00,1.31,0.00,0.00,,yes,18.6,31,-1.159,2,1,-0.142,0.295,29,-3
96.73,FLYING,SCAN,0,,,,,100,0,0,0,29,70,CRUISE,,0.03,0.15,0.48,0.00,0.92,0.00,0.00,,yes,18.3,32,1.145,1,7,-0.003,0.462,29,0
96.78,FLYING,SCAN,0,,,,,100,0,0,0,26,70,CRUISE,,0.01,0.16,0.42,0.00,0.87,0.00,0.00,,yes,18.8,31,-1.168,3,1,-0.127,0.450,29,-3
96.84,FLYING,SCAN,0,,,,,100,0,0,0,24,70,CRUISE,,0.01,0.16,0.39,0.00,0.61,0.00,0.00,,yes,18.6,31,-1.417,4,1,-0.242,0.377,29,-5
96.89,FLYING,SCAN,0,,,,,100,0,0,0,25,70,OPTOMOTOR,,0.01,0.14,0.35,0.00,0.43,0.00,0.00,,yes,18.6,31,0.392,5,6,-0.202,0.608,29,-4
96.95,FLYING,SCAN,0,,,,,100,0,0,0,24,70,OPTOMOTOR,,0.05,0.13,0.33,0.00,0.87,0.00,0.00,,yes,18.3,32,-2.853,2,0,-0.243,0.452,29,-5
97.00,FLYING,SCAN,0,,,,,100,0,0,0,24,70,OPTOMOTOR,,0.07,0.15,0.41,0.00,0.87,0.00,0.00,,yes,18.5,31,-3.739,1,0,-0.234,0.288,29,-5
97.05,FLYING,SCAN,0,,,,,100,0,0,0,25,70,OPTOMOTOR,,0.05,0.18,0.44,0.00,0.61,0.00,0.00,,yes,18.5,31,-0.062,6,7,-0.214,0.553,29,-4
97.11,FLYING,SCAN,0,,,,,100,0,0,0,25,70,OPTOMOTOR,,0.04,0.21,0.38,0.00,0.87,0.00,0.00,,yes,18.3,32,-3.209,1,0,-0.225,0.402,29,-4
97.16,FLYING,SCAN,0,,,,,100,0,0,0,24,70,OPTOMOTOR,,0.05,0.22,0.34,0.00,0.61,0.00,0.00,,yes,18.4,31,-2.621,2,0,-0.262,0.278,29,-5
97.22,FLYING,SCAN,0,,,,,100,0,0,0,-4,70,OPTOMOTOR,,0.14,0.22,0.29,0.00,0.44,0.00,0.00,,yes,18.4,32,0.295,6,7,-0.222,0.548,0,-4
97.27,FLYING,SCAN,0,,,,,100,0,0,0,-4,70,CRUISE,,0.28,0.22,0.23,0.00,0.31,0.00,0.00,,yes,18.5,31,-5.834,1,0,-0.196,0.399,0,-4
97.33,FLYING,SCAN,0,,,,,100,0,0,0,-3,70,OPTOMOTOR,,0.34,0.22,0.20,0.00,0.87,0.00,0.00,,yes,18.3,32,-2.973,0,0,-0.165,0.239,0,-3
97.38,FLYING,SCAN,0,,,,,100,0,0,0,-7,70,OPTOMOTOR,,0.20,0.22,0.24,0.00,0.61,0.00,0.00,,yes,18.1,33,-5.269,2,0,-0.342,0.201,0,-7
97.44,FLYING,SCAN,0,,,,,100,0,0,0,-7,70,OPTOMOTOR,,0.13,0.22,0.26,0.00,0.87,0.00,0.00,,yes,18.2,32,-4.326,2,0,-0.328,0.151,0,-7
97.49,FLYING,SCAN,0,,,,,100,0,0,0,-7,70,OPTOMOTOR,,0.30,0.21,0.25,0.00,0.61,0.00,0.00,,yes,18.4,32,-1.336,2,1,-0.346,0.185,0,-7
97.55,FLYING,SCAN,0,,,,,100,0,0,0,-7,70,OPTOMOTOR,,0.39,0.19,0.24,0.00,0.44,0.00,0.00,,yes,18.3,32,-1.402,1,1,-0.332,0.171,0,-7
97.60,FLYING,SCAN,0,,,,,100,0,0,0,-4,70,OPTOMOTOR,,0.28,0.17,0.27,0.00,0.31,0.00,0.00,,yes,16.9,37,-0.452,5,7,-0.176,0.382,0,-4
97.66,FLYING,SCAN,0,,,,,100,0,0,0,-4,70,CRUISE,,0.19,0.16,0.28,0.00,0.44,0.00,0.00,,yes,18.1,32,-0.763,6,4,-0.196,0.592,0,-4
97.71,FLYING,SCAN,0,,,,,100,0,0,0,-4,70,CRUISE,,0.15,0.17,0.29,0.00,0.87,0.00,0.00,,yes,18.2,32,-0.909,4,3,-0.219,0.581,0,-4
97.77,FLYING,SCAN,0,,,,,100,0,0,0,-5,70,OPTOMOTOR,,0.11,0.18,0.28,0.00,0.61,0.00,0.00,,yes,19.2,30,-1.478,2,0,-0.249,0.408,0,-5
97.82,FLYING,SCAN,0,,,,,100,0,0,0,-4,70,OPTOMOTOR,,0.09,0.19,0.28,0.00,0.43,0.00,0.00,,,18.3,32,-0.596,5,7,-0.190,0.544,0,-4
97.88,FLYING,SCAN,0,,,,,100,0,0,0,-4,70,CRUISE,,0.10,0.17,0.23,0.00,0.30,0.00,0.00,,,18.1,32,-0.837,5,5,-0.178,0.569,0,-4
97.93,FLYING,SCAN,0,,,,,100,0,0,0,-2,70,CRUISE,,0.11,0.15,0.16,0.00,0.44,0.00,0.00,,,18.2,32,-0.278,6,8,-0.102,0.759,0,-2
97.99,FLYING,SCAN,0,,,,,100,0,0,0,-3,70,CRUISE,,0.17,0.13,0.12,0.00,0.31,0.00,0.00,,,18.4,32,-0.829,4,5,-0.147,0.756,0,-3
98.04,FLYING,SCAN,0,,,,,100,0,0,0,-2,70,CRUISE,,0.20,0.13,0.10,0.00,0.21,0.00,0.00,,,18.0,33,-0.322,6,8,-0.114,0.836,0,-2
98.10,FLYING,SCAN,0,,,,,100,0,0,0,-3,70,CRUISE,,0.15,0.13,0.10,0.00,0.15,0.00,0.00,,,18.1,33,-0.363,6,5,-0.148,0.852,0,-3
98.15,FLYING,SCAN,0,,,,,100,0,0,0,-3,70,CRUISE,,0.13,0.10,0.11,0.00,0.10,0.00,0.00,,,17.8,33,-0.648,6,6,-0.129,0.851,0,-3
98.21,FLYING,SCAN,0,,,,,100,0,0,0,-2,70,CRUISE,,0.13,0.08,0.10,0.00,0.07,0.00,0.00,,,18.0,33,-0.241,6,8,-0.090,0.932,0,-2
98.26,FLYING,SCAN,0,,,,,100,0,0,0,-4,70,OPTOMOTOR,,0.13,0.08,0.07,0.00,0.05,0.00,0.00,,,18.0,33,-0.191,6,8,-0.181,0.949,0,-4
98.32,FLYING,SCAN,0,,,,,100,0,0,0,-1,70,CRUISE,,0.14,0.07,0.05,0.00,0.87,0.00,0.00,,,18.0,32,-0.002,6,7,-0.035,0.968,0,-1
98.37,FLYING,SCAN,0,,,,,100,0,0,0,0,70,CRUISE,,0.15,0.06,0.05,0.00,0.61,0.00,0.00,,,18.1,33,-0.240,5,6,-0.003,0.955,0,0
98.43,FLYING,SCAN,0,,,,,100,0,0,0,13,70,CRUISE,,0.15,0.06,0.06,0.00,0.87,0.00,0.00,,,18.2,33,-0.218,4,7,0.171,0.947,10,3
98.49,FLYING,SCAN,0,,,,,100,0,0,0,23,70,CRUISE,,0.14,0.06,0.07,0.00,0.61,0.00,0.00,,yes,17.8,33,1.138,1,8,0.300,0.819,17,6
98.54,FLYING,SCAN,0,,,,,100,0,0,0,26,70,OPTOMOTOR,,0.14,0.03,0.03,0.00,1.31,0.00,0.00,,yes,18.2,32,1.896,0,3,0.234,0.618,21,5
98.60,FLYING,SCAN,0,,,,,100,0,0,0,33,70,OPTOMOTOR,,0.19,0.02,0.02,0.00,0.92,0.00,0.00,,yes,17.9,33,2.480,0,8,0.462,0.572,24,9
98.65,FLYING,SCAN,0,,,,,100,0,0,0,36,70,OPTOMOTOR,,0.24,0.02,0.01,0.00,1.31,0.00,0.00,,yes,18.6,32,2.951,0,5,0.483,0.489,26,10
98.70,FLYING,SCAN,0,,,,,100,0,0,0,37,70,OPTOMOTOR,,0.27,0.08,0.16,0.00,0.92,0.00,0.00,,yes,18.5,32,4.073,0,4,0.514,0.423,27,10
98.76,FLYING,SCAN,0,,,,,100,0,0,0,36,70,OPTOMOTOR,,1.16,0.28,0.55,0.00,0.87,0.00,0.00,,yes,18.3,32,6.064,0,1,0.400,0.314,28,8
98.81,FLYING,SCAN,0,,,,,100,0,0,0,36,70,OPTOMOTOR,,1.60,0.44,0.74,0.00,0.61,0.09,0.00,,yes,18.4,31,5.666,0,2,0.364,0.272,29,7
98.87,FLYING,SCAN,0,,,,,100,0,0,0,36,70,OPTOMOTOR,,1.68,0.52,0.59,0.00,1.31,0.00,0.00,,yes,18.5,31,3.931,0,2,0.373,0.277,29,7
98.92,FLYING,SCAN,0,,,,,100,0,0,0,37,70,OPTOMOTOR,,1.13,0.47,0.38,0.00,0.92,0.00,0.00,,yes,18.6,32,3.067,0,6,0.419,0.313,29,8
98.98,FLYING,SCAN,0,,,,,100,0,0,0,36,70,OPTOMOTOR,,0.78,0.44,0.28,0.00,1.31,0.00,0.00,,yes,18.4,32,3.448,0,2,0.326,0.229,29,7
99.04,FLYING,SCAN,0,,,,,100,0,0,0,38,70,OPTOMOTOR,,0.68,0.43,0.25,0.00,1.31,0.00,0.00,,yes,15.5,31,4.097,0,5,0.437,0.324,29,9
99.09,FLYING,SCAN,0,,,,,100,0,0,0,38,70,OPTOMOTOR,,0.71,0.43,0.45,0.00,0.92,0.00,0.00,,yes,18.6,32,3.352,0,4,0.426,0.316,29,9
99.15,FLYING,SCAN,0,,,,,100,0,0,0,32,70,OPTOMOTOR,,0.73,0.45,0.92,0.00,2.18,0.00,0.00,,yes,16.8,37,-0.820,4,5,0.172,0.450,29,3
99.20,FLYING,SCAN,0,,,,,100,0,0,0,27,70,CRUISE,,0.40,0.44,1.15,0.00,1.53,0.00,0.00,,yes,19.6,29,-1.763,2,0,-0.082,0.348,29,-2
99.26,FLYING,SCAN,0,,,,,100,0,0,0,30,70,CRUISE,,0.24,0.33,0.63,0.00,1.07,0.00,0.00,,yes,18.5,31,1.210,1,7,0.051,0.377,29,1
99.31,FLYING,SCAN,0,,,,,100,0,0,0,28,70,CRUISE,,0.13,0.21,0.37,0.00,0.75,0.00,0.00,,yes,18.3,32,-0.855,5,4,-0.054,0.513,29,-1
99.37,FLYING,SCAN,0,,,,,100,0,0,0,30,70,CRUISE,,0.11,0.15,0.24,0.00,2.18,0.00,0.00,,yes,18.6,31,0.667,3,7,0.035,0.651,29,1
99.42,FLYING,SCAN,0,,,,,100,0,0,0,27,70,CRUISE,,0.48,0.32,0.35,0.00,1.53,0.00,0.00,,yes,18.4,32,-3.682,1,0,-0.111,0.457,29,-2
99.47,FLYING,SCAN,0,,,,,100,0,0,0,25,70,CRUISE,,0.66,0.40,1.04,0.00,1.75,0.00,0.00,,yes,18.6,31,-4.070,2,0,-0.184,0.309,29,-4
99.53,FLYING,SCAN,0,,,,,100,0,0,0,26,70,CRUISE,,0.46,0.37,1.38,0.00,1.22,0.00,0.00,,yes,18.4,32,-0.067,5,8,-0.145,0.465,29,-3
99.58,FLYING,SCAN,0,,,,,100,0,0,0,25,70,CRUISE,,0.29,0.31,1.10,0.00,1.31,0.00,0.00,,yes,18.3,32,-3.294,2,0,-0.207,0.343,29,-4
99.64,FLYING,SCAN,0,,,,,100,0,0,0,23,70,OPTOMOTOR,,0.20,0.28,0.95,0.00,1.31,0.00,0.00,,yes,18.4,32,-2.303,1,0,-0.277,0.240,29,-6
99.69,FLYING,SCAN,0,,,,,100,0,0,0,26,70,OPTOMOTOR,,0.41,0.54,1.46,0.00,0.92,0.00,0.00,,yes,18.3,32,0.656,4,8,-0.147,0.407,29,-3
99.75,FLYING,SCAN,0,,,,,100,0,0,0,27,70,CRUISE,,0.52,0.67,1.72,0.00,1.31,0.00,0.00,,yes,18.3,32,-3.408,0,0,-0.087,0.329,29,-2
99.80,FLYING,SCAN,0,,,,,100,0,0,0,26,70,CRUISE,,0.31,0.39,0.91,0.00,0.92,0.00,0.00,,yes,18.7,32,0.247,6,7,-0.150,0.591,29,-3
99.85,FLYING,SCAN,0,,,,,100,0,0,0,27,70,CRUISE,,0.21,0.25,0.51,0.00,2.18,0.00,0.00,,yes,18.5,31,-2.424,0,0,-0.115,0.390,29,-2
99.91,FLYING,SCAN,0,,,,,100,0,0,0,25,70,CRUISE,,0.55,0.22,0.34,0.00,1.53,0.00,0.00,,yes,18.5,31,-1.940,2,0,-0.206,0.286,29,-4
99.96,FLYING,SCAN,0,,,,,100,0,0,0,24,70,OPTOMOTOR,,0.73,0.21,0.29,0.00,1.31,0.00,0.00,,yes,18.4,31,0.342,5,5,-0.228,0.480,29,-5
100.02,FLYING,SCAN,0,,,,,100,0,0,0,27,70,CRUISE,,0.58,0.21,0.27,0.00,0.92,0.00,0.00,,yes,18.4,32,-0.905,2,5,-0.094,0.504,29,-2
100.07,FLYING,SCAN,0,,,,,100,0,0,0,31,70,CRUISE,,0.51,0.71,0.51,0.00,1.31,0.00,0.00,,yes,18.4,32,2.442,0,7,0.109,0.446,29,2
100.13,FLYING,SCAN,0,,,,,100,0,0,0,34,70,OPTOMOTOR,,0.78,0.96,0.63,0.00,0.92,0.00,0.00,,yes,18.5,31,3.400,0,4,0.256,0.399,29,5
100.18,FLYING,SCAN,0,,,,,100,0,0,0,37,70,OPTOMOTOR,,0.92,0.87,0.69,0.00,0.64,0.00,0.00,,yes,18.8,31,3.441,0,5,0.416,0.391,29,8
100.23,FLYING,SCAN,0,,,,,100,0,0,0,38,70,OPTOMOTOR,,0.67,0.69,0.62,0.00,0.45,0.00,0.00,,yes,18.3,32,3.395,0,3,0.444,0.349,29,9
100.29,FLYING,SCAN,0,,,,,100,0,0,0,37,70,OPTOMOTOR,,0.53,0.43,0.58,0.00,0.44,0.00,0.00,,yes,18.5,31,3.425,0,4,0.376,0.287,29,8
100.34,FLYING,SCAN,0,,,,,100,0,0,0,37,70,OPTOMOTOR,,0.32,0.24,0.32,0.00,0.31,0.00,0.00,,yes,18.3,32,3.142,0,5,0.395,0.300,29,8
100.40,FLYING,SCAN,0,,,,,100,0,0,0,39,70,OPTOMOTOR,,0.17,0.14,0.19,0.00,1.75,0.00,0.00,,yes,18.5,31,0.897,1,5,0.512,0.398,29,10
100.45,FLYING,SCAN,0,,,,,100,0,0,0,32,70,OPTOMOTOR,,0.08,0.15,0.19,0.00,2.62,0.00,0.00,,yes,18.5,31,-5.345,2,0,0.169,0.319,29,3
100.51,FLYING,SCAN,0,,,,,100,0,0,0,33,70,CRUISE,,0.04,0.19,0.38,0.00,1.83,0.00,0.00,,yes,18.3,32,-4.657,0,0,0.177,0.179,29,4
100.56,FLYING,SCAN,0,,,,,100,0,0,0,27,70,CRUISE,,0.36,1.16,0.54,0.00,2.18,0.00,0.00,,yes,18.7,32,-1.494,1,0,-0.086,0.149,29,-2
100.61,FLYING,SCAN,0,,,,,100,0,0,0,23,70,OPTOMOTOR,,0.57,1.89,1.50,0.00,2.18,0.00,0.00,,yes,18.5,32,-4.966,2,0,-0.296,0.150,29,-6
100.67,FLYING,SCAN,0,,,,,100,0,0,0,26,70,CRUISE,,0.68,2.26,1.99,0.00,1.53,0.00,0.00,,yes,18.3,32,-0.093,6,8,-0.155,0.423,29,-3
100.73,FLYING,SCAN,0,,,,,100,0,0,0,26,70,CRUISE,,0.60,1.21,1.13,0.00,1.07,0.00,0.00,,yes,15.2,43,-2.692,0,0,-0.167,0.310,29,-3
100.79,FLYING,SCAN,0,,,,,100,0,0,0,23,70,OPTOMOTOR,,0.50,0.69,0.71,0.00,0.75,0.00,0.00,,yes,18.3,32,-2.809,2,0,-0.281,0.241,29,-6
100.84,FLYING,SCAN,0,,,,,100,0,0,0,21,70,OPTOMOTOR,,0.35,0.79,0.51,0.00,0.87,0.00,0.00,,yes,18.5,32,-2.957,2,0,-0.403,0.202,29,-8
100.90,FLYING,SCAN,0,,,,,100,0,0,0,25,70,OPTOMOTOR,,0.28,0.84,0.41,0.00,0.61,0.00,0.00,,yes,18.6,32,0.080,5,7,-0.207,0.457,29,-4
100.95,FLYING,SCAN,0,,,,,100,0,0,0,-3,70,CRUISE,,0.20,0.64,0.34,0.00,0.44,0.00,0.00,,yes,18.7,32,-1.994,1,0,-0.165,0.305,0,-3
101.00,FLYING,SCAN,0,,,,,100,0,0,0,-3,70,CRUISE,,0.15,0.51,0.31,0.00,0.31,0.00,0.00,,yes,18.4,32,-5.649,1,0,-0.168,0.191,0,-3
101.06,FLYING,SCAN,0,,,,,100,0,0,0,-7,70,OPTOMOTOR,,0.26,0.45,0.32,0.00,0.87,0.00,0.00,,yes,18.1,32,-2.803,2,0,-0.344,0.174,0,-7
101.12,FLYING,SCAN,0,,,,,100,0,0,0,-6,70,OPTOMOTOR,,0.50,0.42,0.52,0.00,0.61,0.00,0.00,,yes,17.7,33,-5.475,1,0,-0.293,0.131,0,-6
101.17,FLYING,SCAN,0,,,,,100,0,0,0,-5,70,OPTOMOTOR,,0.87,0.46,0.71,0.00,1.31,0.00,0.00,,yes,18.5,32,-5.618,2,0,-0.274,0.112,0,-5
101.22,FLYING,SCAN,0,,,,,100,0,0,0,-7,70,OPTOMOTOR,,1.06,0.47,0.80,0.00,0.92,0.00,0.00,,yes,18.1,33,-1.419,2,0,-0.338,0.130,0,-7
101.28,FLYING,SCAN,0,,,,,100,0,0,0,-5,70,OPTOMOTOR,,0.59,0.27,0.79,0.00,0.64,0.00,0.00,,yes,18.2,33,-1.197,0,0,-0.274,0.102,0,-5
101.33,FLYING,SCAN,0,,,,,100,0,0,0,-4,70,OPTOMOTOR,,0.35,0.16,0.65,0.00,1.75,0.00,0.00,,yes,18.5,32,-0.265,6,7,-0.201,0.434,0,-4
101.39,FLYING,SCAN,0,,,,,100,0,0,0,-2,70,CRUISE,,1.61,0.69,0.71,0.00,1.22,0.00,0.00,,yes,18.2,32,-0.317,5,7,-0.121,0.674,0,-2
101.44,FLYING,SCAN,0,,,,,100,0,0,0,-1,70,CRUISE,,2.24,0.96,0.60,0.00,0.86,0.29,0.00,,yes,18.1,33,-0.196,6,8,-0.035,0.846,0,-1
101.50,FLYING,SCAN,0,,,,,100,0,0,0,1,70,AVOID_RIGHT,,2.10,0.95,0.59,0.15,0.60,0.35,0.00,,yes,17.7,34,-0.081,5,8,0.067,0.910,0,1
101.56,FLYING,SCAN,0,,,,,100,0,0,0,0,70,AVOID_RIGHT,,1.80,0.71,0.52,0.11,0.87,0.07,0.00,,,17.9,32,-0.137,6,6,-0.015,0.941,0,0
101.61,FLYING,SCAN,0,,,,,100,0,0,0,-4,70,AVOID_RIGHT,,0.90,0.35,0.30,0.06,0.61,0.00,0.00,,,18.2,32,0.010,6,6,-0.210,0.930,0,-4
101.67,FLYING,SCAN,0,,,,,100,0,0,0,0,70,CRUISE,,0.45,0.18,0.19,0.04,0.44,0.00,0.00,,,18.1,32,-0.014,6,8,0.016,0.977,0,0
101.72,FLYING,SCAN,0,,,,,100,0,0,0,-1,70,CRUISE,,0.23,0.18,0.32,0.02,0.31,0.00,0.00,,,17.9,33,-0.039,5,5,-0.058,0.941,0,-1
101.78,FLYING,SCAN,0,,,,,100,0,0,0,-1,70,CRUISE,,0.11,0.47,0.51,0.01,0.87,0.00,0.00,,,18.6,31,-0.918,2,4,-0.068,0.815,0,-1
101.83,FLYING,SCAN,0,,,,,100,0,0,0,-4,70,CRUISE,,0.75,0.71,1.01,0.01,0.61,0.00,0.00,,,18.2,32,-0.882,6,5,-0.198,0.769,0,-4
101.89,FLYING,SCAN,0,,,,,100,0,0,0,-5,70,OPTOMOTOR,,1.07,0.82,1.26,0.00,0.44,0.00,0.01,,,18.6,32,-1.929,2,0,-0.240,0.514,0,-5
101.94,FLYING,SCAN,0,,,,,100,0,0,0,-4,70,OPTOMOTOR,,0.56,0.45,0.78,0.00,0.44,0.00,0.00,,,18.2,32,-0.246,6,7,-0.195,0.666,0,-4
102.00,FLYING,SCAN,0,,,,,100,0,0,0,-4,70,OPTOMOTOR,,0.30,0.26,0.54,0.00,0.31,0.00,0.00,,,17.9,33,-1.196,2,1,-0.221,0.503,0,-4
102.05,FLYING,SCAN,0,,,,,100,0,0,0,-5,70,OPTOMOTOR,,0.64,0.46,0.47,0.00,0.21,0.00,0.00,,,18.7,32,-0.946,2,1,-0.230,0.383,0,-5
102.10,FLYING,SCAN,0,,,,,100,0,0,0,-5,70,OPTOMOTOR,,0.90,0.56,0.53,0.00,0.15,0.00,0.00,,,18.3,32,-1.026,4,3,-0.230,0.406,0,-5
102.17,FLYING,SCAN,0,,,,,100,0,0,0,6,70,OPTOMOTOR,,1.03,0.50,0.46,0.00,0.87,0.00,0.00,,,15.2,32,-0.781,5,6,-0.188,0.567,10,-4
102.23,FLYING,SCAN,0,,,,,100,0,0,0,15,70,CRUISE,,0.55,0.35,0.38,0.00,0.61,0.00,0.00,,,17.7,34,-0.212,5,7,-0.109,0.749,17,-2
102.29,FLYING,SCAN,0,,,,,100,0,0,0,26,70,CRUISE,,0.31,0.27,0.33,0.00,0.44,0.00,0.00,,yes,16.3,39,1.605,0,8,0.267,0.717,21,5
102.34,FLYING,SCAN,0,,,,,100,0,0,0,31,70,OPTOMOTOR,,0.23,0.20,0.31,0.00,0.31,0.00,0.00,,yes,18.3,32,1.155,1,5,0.350,0.632,24,7
102.40,FLYING,SCAN,0,,,,,100,0,0,0,36,70,OPTOMOTOR,,0.19,0.13,0.30,0.00,0.21,0.00,0.00,,yes,18.3,32,2.228,0,6,0.515,0.570,26,10
102.45,FLYING,SCAN,0,,,,,100,0,0,0,35,70,OPTOMOTOR,,0.18,0.09,0.36,0.00,0.87,0.00,0.00,,yes,18.5,31,2.112,0,2,0.410,0.416,27,8
102.50,FLYING,SCAN,0,,,,,100,0,0,0,33,70,OPTOMOTOR,,0.13,0.07,0.45,0.00,0.61,0.00,0.00,,yes,18.6,31,-0.181,6,8,0.246,0.587,28,5
102.56,FLYING,SCAN,0,,,,,100,0,0,0,33,70,OPTOMOTOR,,0.10,0.12,0.56,0.00,1.31,0.00,0.00,,yes,18.6,31,-0.217,6,7,0.212,0.764,29,4
102.61,FLYING,SCAN,0,,,,,100,0,0,0,27,70,CRUISE,,0.18,0.29,0.66,0.00,0.92,0.00,0.00,,yes,18.4,32,-4.716,2,0,-0.076,0.497,29,-2
102.67,FLYING,SCAN,0,,,,,100,0,0,0,26,70,CRUISE,,0.77,0.67,0.85,0.00,1.75,0.00,0.00,,yes,18.5,31,-2.741,0,0,-0.130,0.308,29,-3
102.72,FLYING,SCAN,0,,,,,100,0,0,0,27,70,CRUISE,,1.62,1.74,1.84,0.00,1.22,0.00,0.00,,yes,18.5,31,0.845,2,6,-0.081,0.369,29,-2
102.77,FLYING,SCAN,0,,,,,100,0,0,0,26,70,CRUISE,,3.08,2.27,2.34,0.00,2.62,0.00,0.00,,yes,18.5,31,-1.839,2,0,-0.160,0.332,29,-3
102.83,FLYING,SCAN,0,,,,,100,0,0,0,28,70,CRUISE,,4.04,2.53,1.96,0.26,1.83,0.70,0.00,,yes,18.2,32,1.066,1,6,-0.064,0.363,29,-1
102.88,FLYING,SCAN,0,,,,,100,0,0,0,29,70,AVOID_RIGHT,,4.52,2.60,1.76,0.82,1.28,1.00,0.26,,yes,18.3,33,-0.207,4,8,-0.008,0.619,29,0
102.94,FLYING,SCAN,0,,,,,100,0,0,0,28,70,ESCAPE,,2.27,1.31,0.92,0.61,0.90,0.29,0.00,,yes,18.1,33,-0.598,6,6,-0.119,0.735,29,-1
102.99,FLYING,SCAN,0,,,,,100,0,0,0,29,70,ESCAPE,,1.15,0.67,0.50,0.46,0.63,0.00,0.00,,yes,18.3,32,-1.093,2,5,-0.027,0.661,29,0
103.05,FLYING,SCAN,0,,,,,100,0,0,0,31,70,ESCAPE,,0.97,0.49,0.48,0.26,0.44,0.00,0.00,,yes,18.4,32,1.537,0,7,0.116,0.563,29,2
103.10,FLYING,SCAN,0,,,,,100,0,0,0,28,70,ESCAPE,,1.14,0.40,0.47,0.14,2.18,0.00,0.00,,yes,18.6,31,-1.193,3,1,-0.036,0.422,29,-1
103.16,FLYING,SCAN,0,,,,,100,0,0,0,29,70,ESCAPE,,2.04,0.29,0.47,0.08,1.53,0.00,0.00,,yes,18.3,32,0.696,5,7,-0.017,0.552,29,0
103.21,FLYING,SCAN,0,,,,,100,0,0,0,26,70,ESCAPE,,2.49,0.23,0.46,0.05,1.31,0.19,0.00,,yes,18.5,32,-0.938,4,4,-0.154,0.535,29,-3
103.27,FLYING,SCAN,0,,,,,100,0,0,0,31,70,ESCAPE,,2.63,0.38,0.62,0.03,2.18,0.00,0.00,,yes,18.3,32,1.310,0,8,0.093,0.554,29,2
103.32,FLYING,SCAN,0,,,,,100,0,0,0,28,70,ESCAPE,,1.95,1.29,1.50,0.01,1.53,0.00,0.00,,yes,18.6,32,-1.403,2,1,-0.058,0.426,29,-1
103.37,FLYING,SCAN,0,,,,,100,0,0,0,28,70,ESCAPE,,1.74,1.75,1.94,0.01,1.07,0.00,0.04,,yes,18.4,32,0.238,6,8,-0.044,0.664,29,-1
103.43,FLYING,SCAN,0,,,,,100,0,0,0,30,69,ESCAPE,,1.50,1.80,1.65,0.00,0.75,0.13,0.13,,yes,18.5,32,1.974,0,5,0.054,0.555,29,1
103.48,FLYING,SCAN,0,,,,,100,0,0,0,33,69,ESCAPE,,1.16,1.29,1.28,0.00,0.52,0.00,0.00,,yes,18.5,32,1.878,0,5,0.179,0.450,29,4
103.54,FLYING,SCAN,0,,,,,100,0,0,0,35,69,ESCAPE,,0.92,0.96,1.01,0.00,0.37,0.00,0.00,,yes,18.6,32,3.591,0,5,0.318,0.406,29,6
103.59,FLYING,SCAN,0,,,,,100,0,0,0,36,69,ESCAPE,,0.79,0.59,0.64,0.00,2.62,0.00,0.00,,yes,18.5,31,2.081,0,4,0.361,0.333,29,7
103.64,FLYING,SCAN,0,,,,,100,0,0,0,33,69,ESCAPE,,2.92,0.35,0.33,0.00,1.83,0.15,0.00,,yes,18.3,32,-2.121,0,0,0.222,0.202,29,4
103.70,FLYING,SCAN,0,,,,,100,0,0,0,30,69,ESCAPE,,3.99,0.20,0.20,0.26,1.75,0.72,0.00,,yes,18.2,32,-4.139,0,0,0.056,0.142,29,1
103.75,FLYING,SCAN,0,,,,,100,0,0,0,26,69,ESCAPE,,1.99,0.13,0.13,0.20,1.22,0.00,0.00,,yes,18.6,31,-0.439,6,5,-0.173,0.333,29,-3
103.81,FLYING,SCAN,0,,,,,100,0,0,0,27,69,ESCAPE,,1.00,0.09,0.10,0.11,1.75,0.00,0.00,,yes,16.8,37,-3.503,0,0,-0.093,0.230,29,-2
103.86,FLYING,SCAN,0,,,,,100,0,0,0,27,69,ESCAPE,,0.62,0.29,0.44,0.06,1.22,0.00,0.00,,yes,19.5,29,0.855,3,5,-0.129,0.325,29,-2
103.92,FLYING,SCAN,0,,,,,100,0,0,0,25,69,ESCAPE,,0.52,0.41,0.61,0.03,0.86,0.00,0.00,,yes,18.4,32,-2.047,2,0,-0.184,0.278,29,-4
103.97,FLYING,SCAN,0,,,,,100,0,0,0,25,69,ESCAPE,,0.57,0.48,0.67,0.02,0.60,0.00,0.00,,yes,18.4,32,-0.088,6,7,-0.208,0.462,29,-4
104.03,FLYING,SCAN,0,,,,,100,0,0,0,28,69,ESCAPE,,1.03,0.51,0.70,0.01,1.75,0.00,0.00,,yes,18.7,32,2.428,0,3,-0.038,0.374,29,-1
104.08,FLYING,SCAN,0,,,,,100,0,0,0,31,69,ESCAPE,,1.54,0.83,0.65,0.01,1.22,0.00,0.00,,yes,18.4,32,2.410,0,2,0.078,0.277,29,2
104.14,FLYING,SCAN,0,,,,,100,0,0,0,35,69,ESCAPE,,2.37,0.99,0.62,0.00,3.05,0.00,0.00,,yes,18.2,32,2.294,0,5,0.279,0.309,29,6
104.19,FLYING,SCAN,0,,,,,100,0,0,0,35,69,ESCAPE,,3.85,0.66,0.61,0.15,2.14,0.46,0.00,,yes,18.4,32,2.453,0,4,0.379,0.307,29,6
104.25,FLYING,SCAN,0,,,,,100,0,0,0,35,69,ESCAPE,,4.59,0.50,0.52,0.49,1.75,1.00,0.00,,yes,18.0,33,1.858,0,8,0.566,0.426,29,6
104.30,FLYING,SCAN,0,,,,,100,0,0,0,34,69,ESCAPE,,2.36,0.40,0.48,0.37,1.22,0.17,0.00,,yes,18.2,32,2.389,0,1,0.396,0.301,29,5
104.35,FLYING,SCAN,0,,,,,100,0,0,0,33,69,ESCAPE,,1.24,0.33,0.44,0.21,1.75,0.00,0.00,,yes,18.5,31,-1.567,0,0,0.261,0.184,29,4
104.41,FLYING,SCAN,0,,,,,100,0,0,0,30,69,ESCAPE,,0.68,0.29,0.35,0.12,1.22,0.00,0.00,,yes,18.5,32,-6.116,1,0,0.063,0.137,29,1
104.46,FLYING,SCAN,0,,,,,100,0,0,0,27,69,ESCAPE,,0.40,0.26,0.37,0.07,2.18,0.00,0.00,,yes,18.5,31,-2.769,0,0,-0.112,0.106,29,-2
104.52,FLYING,SCAN,0,,,,,100,0,0,0,26,69,ESCAPE,,0.31,0.34,0.39,0.04,1.53,0.00,0.00,,yes,18.4,32,-5.876,0,0,-0.156,0.088,29,-3
104.57,FLYING,SCAN,0,,,,,100,0,0,0,23,69,OPTOMOTOR,,0.27,0.41,0.88,0.02,2.62,0.00,0.00,,yes,18.6,31,-6.370,2,0,-0.281,0.116,29,-6
104.63,FLYING,SCAN,0,,,,,100,0,0,0,23,69,OPTOMOTOR,,0.55,0.82,1.13,0.01,1.83,0.00,0.00,,yes,18.5,32,-1.525,2,0,-0.305,0.118,29,-6
104.68,FLYING,SCAN,0,,,,,100,0,0,0,-6,69,OPTOMOTOR,,0.68,1.03,1.24,0.01,1.75,0.00,0.00,,yes,18.5,31,-3.595,2,0,-0.318,0.119,0,-6
104.73,FLYING,SCAN,0,,,,,100,0,0,0,-7,69,OPTOMOTOR,,0.75,0.92,1.23,0.00,1.22,0.00,0.00,,yes,18.4,32,-2.492,2,0,-0.362,0.134,0,-7
104.79,FLYING,SCAN,0,,,,,100,0,0,0,-5,69,OPTOMOTOR,,0.83,0.85,1.23,0.00,1.75,0.00,0.00,,yes,18.0,32,-6.142,1,0,-0.263,0.094,0,-5
104.85,FLYING,SCAN,0,,,,,100,0,0,0,-6,69,OPTOMOTOR,,0.92,0.83,1.35,0.00,1.22,0.00,0.00,,yes,17.8,33,-8.171,2,0,-0.294,0.105,0,-6
104.90,FLYING,SCAN,0,,,,,100,0,0,0,-4,69,OPTOMOTOR,,1.00,1.20,1.41,0.00,1.75,0.00,0.00,,yes,18.1,33,-3.965,0,0,-0.212,0.074,0,-4
104.96,FLYING,SCAN,0,,,,,100,0,0,0,-3,69,CRUISE,,1.05,1.39,1.41,0.00,1.31,0.00,0.00,,yes,18.0,32,-5.829,1,0,-0.163,0.061,0,-3
105.01,FLYING,SCAN,0,,,,,100,0,0,0,-4,69,CRUISE,,0.59,1.02,1.23,0.00,0.92,0.00,0.00,,yes,18.1,32,-2.808,1,0,-0.194,0.067,0,-4
105.07,FLYING,SCAN,0,,,,,100,0,0,0,-6,69,OPTOMOTOR,,0.36,0.83,1.32,0.00,1.75,0.00,0.00,,yes,18.4,32,-1.025,2,1,-0.294,0.124,0,-6
105.12,FLYING,SCAN,0,,,,,100,0,0,0,-4,69,OPTOMOTOR,,0.73,0.74,1.51,0.00,1.22,0.00,0.00,,yes,18.1,33,-0.155,6,8,-0.185,0.523,0,-4
105.17,FLYING,SCAN,0,,,,,100,0,0,0,-3,69,CRUISE,,1.01,0.81,1.60,0.00,0.86,0.00,0.00,,yes,18.6,32,-0.533,6,8,-0.151,0.704,0,-3
105.23,FLYING,SCAN,0,,,,,100,0,0,0,-3,69,CRUISE,,1.19,1.49,1.69,0.00,0.60,0.05,0.14,,yes,17.7,34,-0.414,5,5,-0.166,0.773,0,-3
105.29,FLYING,SCAN,0,,,,,100,0,0,0,-2,69,CRUISE,,1.28,1.84,1.66,0.26,0.44,0.30,0.30,,,17.8,33,-1.324,2,1,-0.159,0.578,0,-2
105.35,FLYING,SCAN,0,,,,,100,0,0,0,-4,69,OPTOMOTOR,,0.83,1.30,0.86,0.20,0.31,0.10,0.10,,,15.9,40,-0.962,5,3,-0.247,0.506,0,-4
105.40,FLYING,SCAN,0,,,,,100,0,0,0,-3,69,OPTOMOTOR,,0.45,0.94,0.45,0.11,0.44,0.00,0.00,,,18.3,32,-0.703,5,7,-0.168,0.643,0,-3
105.46,FLYING,SCAN,0,,,,,100,0,0,0,-3,69,CRUISE,,0.27,0.85,0.24,0.06,0.87,0.00,0.00,,,18.2,32,-0.490,5,6,-0.165,0.715,0,-3
105.51,FLYING,SCAN,0,,,,,100,0,0,0,-3,69,CRUISE,,0.70,1.11,0.99,0.03,0.61,0.00,0.00,,,18.5,32,-0.888,4,5,-0.157,0.717,0,-3
105.57,FLYING,SCAN,0,,,,,100,0,0,0,-2,69,CRUISE,,0.91,1.24,1.37,0.02,0.44,0.00,0.07,,,17.8,33,-0.402,5,8,-0.089,0.823,0,-2
105.62,FLYING,SCAN,0,,,,,100,0,0,0,-3,69,CRUISE,,0.56,1.11,0.77,0.01,0.31,0.00,0.00,,,18.2,32,-1.824,1,0,-0.167,0.568,0,-3
105.67,FLYING,SCAN,0,,,,,100,0,0,0,-5,69,OPTOMOTOR,,0.32,0.80,0.46,0.01,0.87,0.00,0.00,,,20.0,29,-1.826,2,0,-0.235,0.386,0,-5
105.73,FLYING,SCAN,0,,,,,100,0,0,0,-5,69,OPTOMOTOR,,0.16,0.58,0.30,0.00,0.61,0.00,0.00,,,18.6,31,-0.703,5,5,-0.233,0.451,0,-5
105.78,FLYING,SCAN,0,,,,,100,0,0,0,-5,69,OPTOMOTOR,,0.08,0.47,0.22,0.00,1.31,0.00,0.00,,,18.1,32,-1.424,2,1,-0.226,0.397,0,-5
105.84,FLYING,SCAN,0,,,,,100,0,0,0,-5,69,OPTOMOTOR,,0.33,0.55,0.18,0.00,0.92,0.00,0.00,,,18.2,32,-1.251,2,1,-0.248,0.309,0,-5
105.89,FLYING,SCAN,0,,,,,100,0,0,0,3,69,OPTOMOTOR,,0.45,0.59,0.23,0.00,0.64,0.00,0.00,,,18.1,32,-4.748,2,0,-0.332,0.212,10,-7
105.95,FLYING,SCAN,0,,,,,100,0,0,0,10,69,OPTOMOTOR,,0.54,0.72,0.25,0.00,0.45,0.00,0.00,,,18.1,32,-3.652,1,0,-0.359,0.167,17,-7
106.00,FLYING,SCAN,0,,,,,100,0,0,0,16,69,OPTOMOTOR,,0.58,0.94,0.85,0.00,1.31,0.00,0.00,,yes,18.8,31,-0.548,5,5,-0.243,0.328,21,-5
106.06,FLYING,SCAN,0,,,,,100,0,0,0,23,69,CRUISE,,0.60,1.08,1.14,0.00,0.92,0.00,0.00,,yes,18.1,33,1.112,1,6,-0.029,0.475,24,-1
106.11,FLYING,SCAN,0,,,,,100,0,0,0,27,69,CRUISE,,0.52,1.15,1.09,0.00,1.31,0.00,0.00,,yes,18.3,32,0.695,3,8,0.037,0.649,26,1
106.17,FLYING,SCAN,0,,,,,100,0,0,0,31,69,CRUISE,,0.33,0.83,0.92,0.00,0.92,0.00,0.00,,yes,18.6,31,1.018,1,6,0.175,0.670,27,4
106.22,FLYING,SCAN,0,,,,,100,0,0,0,34,69,OPTOMOTOR,,0.24,0.67,0.66,0.00,0.64,0.00,0.00,,yes,18.5,31,2.411,0,5,0.280,0.587,28,6
106.27,FLYING,SCAN,0,,,,,100,0,0,0,38,69,OPTOMOTOR,,0.49,0.80,0.70,0.00,1.31,0.00,0.00,,yes,18.4,32,1.756,0,6,0.475,0.545,29,9
106.33,FLYING,SCAN,0,,,,,100,0,0,0,39,69,OPTOMOTOR,,0.61,0.87,1.00,0.00,0.92,0.00,0.00,,yes,18.6,31,1.874,0,6,0.496,0.464,29,10
106.38,FLYING,SCAN,0,,,,,100,0,0,0,34,69,OPTOMOTOR,,0.45,0.79,1.14,0.00,0.64,0.00,0.00,,yes,18.6,31,0.291,6,8,0.259,0.657,29,5
106.44,FLYING,SCAN,0,,,,,100,0,0,0,32,69,CRUISE,,0.38,0.75,0.71,0.00,0.45,0.00,0.00,,yes,18.3,32,-0.296,6,7,0.149,0.775,29,3
106.49,FLYING,SCAN,0,,,,,100,0,0,0,32,69,CRUISE,,0.35,0.63,0.49,0.00,1.31,0.00,0.00,,yes,18.6,31,0.824,4,6,0.132,0.827,29,3
106.54,FLYING,SCAN,0,,,,,100,0,0,0,26,69,CRUISE,,0.40,0.88,0.84,0.00,0.92,0.00,0.00,,yes,18.5,32,-2.926,2,0,-0.135,0.575,29,-3
106.60,FLYING,SCAN,0,,,,,100,0,0,0,27,69,CRUISE,,0.36,0.70,1.17,0.00,0.87,0.00,0.00,,yes,18.5,31,0.116,5,7,-0.107,0.638,29,-2
106.65,FLYING,SCAN,0,,,,,100,0,0,0,26,69,CRUISE,,0.41,0.60,1.33,0.00,0.61,0.00,0.00,,yes,18.4,32,-2.626,1,0,-0.132,0.493,29,-3
106.71,FLYING,SCAN,0,,,,,100,0,0,0,25,69,CRUISE,,0.44,0.51,1.20,0.00,0.87,0.00,0.00,,yes,18.5,31,-2.311,1,0,-0.190,0.325,29,-4
106.76,FLYING,SCAN,0,,,,,100,0,0,0,26,69,OPTOMOTOR,,0.46,0.47,1.12,0.00,0.61,0.00,0.00,,yes,18.5,31,0.576,4,7,-0.162,0.450,29,-3
106.81,FLYING,SCAN,0,,,,,100,0,0,0,25,69,CRUISE,,0.56,0.48,1.02,0.00,0.87,0.00,0.00,,yes,18.5,31,-1.630,2,0,-0.183,0.334,29,-4
106.87,FLYING,SCAN,0,,,,,100,0,0,0,25,69,OPTOMOTOR,,0.61,0.48,0.96,0.00,0.61,0.00,0.00,,yes,18.6,31,-0.271,6,7,-0.204,0.594,29,-4
106.93,FLYING,SCAN,0,,,,,100,0,0,0,30,69,CRUISE,,0.87,0.44,0.99,0.00,1.31,0.00,0.00,,yes,16.7,37,1.595,0,6,0.051,0.549,29,1
106.98,FLYING,SCAN,0,,,,,100,0,0,0,28,69,CRUISE,,0.99,0.41,1.00,0.00,0.92,0.00,0.00,,yes,19.7,29,-0.540,6,6,-0.030,0.695,29,-1
107.03,FLYING,SCAN,0,,,,,100,0,0,0,32,69,CRUISE,,0.88,0.40,0.94,0.00,0.87,0.00,0.00,,yes,18.5,32,2.082,0,6,0.148,0.577,29,3
107.09,FLYING,SCAN,0,,,,,100,0,0,0,33,69,CRUISE,,0.60,0.34,0.71,0.00,0.61,0.00,0.00,,yes,18.8,31,1.951,0,4,0.221,0.444,29,4
107.14,FLYING,SCAN,0,,,,,100,0,0,0,33,69,OPTOMOTOR,,0.31,0.29,0.59,0.00,0.87,0.00,0.00,,yes,18.4,32,-0.802,2,5,0.206,0.469,29,4
107.19,FLYING,SCAN,0,,,,,100,0,0,0,32,69,OPTOMOTOR,,0.17,0.29,0.55,0.00,0.87,0.00,0.00,,yes,18.6,31,1.005,4,5,0.126,0.564,29,3
107.25,FLYING,SCAN,0,,,,,100,0,0,0,30,69,CRUISE,,0.54,0.52,0.73,0.00,0.61,0.00,0.00,,yes,18.5,32,-0.858,4,4,0.042,0.570,29,1
107.30,FLYING,SCAN,0,,,,,100,0,0,0,33,69,CRUISE,,0.73,0.69,0.82,0.00,0.87,0.00,0.00,,yes,18.6,31,2.557,0,7,0.198,0.483,29,4
107.36,FLYING,SCAN,0,,,,,100,0,0,0,34,69,OPTOMOTOR,,0.68,0.78,0.75,0.00,0.61,0.00,0.00,,yes,18.7,31,3.487,0,2,0.259,0.381,29,5
107.41,FLYING,SCAN,0,,,,,100,0,0,0,39,69,OPTOMOTOR,,0.65,0.45,0.71,0.00,2.18,0.00,0.00,,yes,18.3,32,2.847,0,7,0.494,0.434,29,10
107.47,FLYING,SCAN,0,,,,,100,0,0,0,31,69,OPTOMOTOR,,0.71,0.29,0.47,0.00,1.53,0.00,0.00,,yes,18.3,32,-0.163,6,6,0.124,0.616,29,2
107.52,FLYING,SCAN,0,,,,,100,0,0,0,32,69,OPTOMOTOR,,0.91,0.32,0.67,0.00,1.31,0.00,0.00,,yes,18.5,31,1.133,3,5,0.154,0.657,29,3
107.57,FLYING,SCAN,0,,,,,100,0,0,0,28,69,CRUISE,,1.23,0.33,0.85,0.00,0.92,0.00,0.00,,yes,18.3,32,-1.546,2,0,-0.068,0.465,29,-1
107.63,FLYING,SCAN,0,,,,,100,0,0,0,29,69,CRUISE,,1.17,0.40,1.02,0.00,1.31,0.00,0.00,,yes,18.7,31,0.995,3,7,0.017,0.538,29,0
107.68,FLYING,SCAN,0,,,,,100,0,0,0,29,69,CRUISE,,1.36,0.55,1.99,0.00,0.92,0.00,0.14,,yes,18.5,31,-2.668,0,0,-0.013,0.346,29,0
107.74,FLYING,SCAN,0,,,,,100,0,0,0,27,69,CRUISE,,1.14,0.63,2.48,0.00,1.31,0.00,0.19,,yes,18.5,31,-1.421,1,0,-0.102,0.242,29,-2
107.79,FLYING,SCAN,0,,,,,100,0,0,0,29,69,CRUISE,,0.95,0.45,2.28,0.00,1.75,0.00,0.00,,yes,18.6,31,0.937,3,7,-0.023,0.341,29,0
107.84,FLYING,SCAN,0,,,,,100,0,0,0,26,69,CRUISE,,0.86,0.31,1.76,0.00,1.22,0.00,0.00,,yes,18.5,31,-2.399,2,0,-0.128,0.287,29,-3
107.90,FLYING,SCAN,0,,,,,100,0,0,0,25,69,CRUISE,,1.60,0.25,1.50,0.00,1.75,0.00,0.00,,yes,18.5,32,-3.335,1,0,-0.178,0.195,29,-4
107.95,FLYING,SCAN,0,,,,,100,0,0,0,25,69,OPTOMOTOR,,1.97,0.68,1.50,0.00,1.22,0.00,0.00,,yes,18.4,32,0.426,6,7,-0.189,0.429,29,-4
108.01,FLYING,SCAN,0,,,,,100,0,0,0,28,69,CRUISE,,1.97,0.92,1.50,0.00,0.86,0.16,0.00,,yes,18.4,32,0.939,3,7,-0.047,0.533,29,-1
108.06,FLYING,SCAN,0,,,,,100,0,0,0,31,69,CRUISE,,1.98,1.03,1.51,0.00,1.31,0.00,0.00,,yes,18.5,31,1.814,0,1,0.077,0.419,29,2
108.11,FLYING,SCAN,0,,,,,100,0,0,0,30,69,CRUISE,,2.17,1.09,1.60,0.00,1.31,0.03,0.00,,yes,18.6,31,-2.418,0,0,0.050,0.264,29,1
108.17,FLYING,SCAN,0,,,,,100,0,0,0,29,69,CRUISE,,2.27,0.87,1.74,0.15,0.92,0.28,0.01,,yes,18.3,32,-1.927,0,0,-0.025,0.177,29,0
108.22,FLYING,SCAN,0,,,,,100,0,0,0,33,69,AVOID_RIGHT,,1.34,0.85,1.82,0.11,0.64,0.00,0.19,,yes,18.3,32,1.107,0,6,0.202,0.229,29,4
108.28,FLYING,SCAN,0,,,,,100,0,0,0,28,69,AVOID_RIGHT,,0.86,0.84,1.56,0.06,1.31,0.00,0.00,,yes,18.4,32,-0.483,6,6,-0.073,0.515,29,-1
108.33,FLYING,SCAN,0,,,,,100,0,0,0,27,69,AVOID_RIGHT,,0.62,0.84,1.37,0.04,0.92,0.00,0.00,,yes,18.5,31,-0.981,4,3,-0.129,0.495,29,-2
108.39,FLYING,SCAN,0,,,,,100,0,0,0,31,69,CRUISE,,0.53,0.83,1.10,0.02,0.64,0.00,0.00,,yes,18.3,32,1.149,0,7,0.097,0.526,29,2
108.45,FLYING,SCAN,0,,,,,100,0,0,0,3,69,CRUISE,,0.48,0.68,0.87,0.01,0.45,0.00,0.00,,yes,16.0,40,-0.493,6,8,0.142,0.706,0,3
108.50,FLYING,SCAN,0,,,,,100,0,0,0,-1,69,CRUISE,,0.41,0.60,0.76,0.01,0.87,0.00,0.00,,yes,19.6,29,-3.768,0,0,-0.048,0.412,0,-1
108.55,FLYING,SCAN,0,,,,,100,0,0,0,-3,69,CRUISE,,0.36,0.60,0.70,0.00,0.61,0.00,0.00,,yes,18.2,32,-1.955,1,0,-0.127,0.279,0,-3
108.61,FLYING,SCAN,0,,,,,100,0,0,0,-3,69,CRUISE,,0.28,0.60,0.68,0.00,0.44,0.00,0.00,,yes,18.1,32,-3.583,0,0,-0.171,0.186,0,-3
108.66,FLYING,SCAN,0,,,,,100,0,0,0,-4,69,CRUISE,,0.25,0.61,0.67,0.00,0.31,0.00,0.00,,yes,18.2,32,-1.645,1,0,-0.221,0.124,0,-4
108.72,FLYING,SCAN,0,,,,,100,0,0,0,-5,69,OPTOMOTOR,,0.30,0.62,0.65,0.00,0.21,0.00,0.00,,yes,18.2,32,-2.387,2,0,-0.271,0.122,0,-5
108.78,FLYING,SCAN,0,,,,,100,0,0,0,-7,69,OPTOMOTOR,,0.35,0.67,0.57,0.00,0.15,0.00,0.00,,yes,18.0,33,-1.099,2,1,-0.336,0.154,0,-7
108.83,FLYING,SCAN,0,,,,,100,0,0,0,-4,69,CRUISE,,0.38,0.70,0.52,0.00,0.44,0.00,0.00,,yes,18.8,31,-0.302,6,7,-0.190,0.507,0,-4
108.88,FLYING,SCAN,0,,,,,100,0,0,0,-3,69,OPTOMOTOR,,0.39,0.72,0.50,0.00,0.31,0.00,0.00,,yes,17.9,33,-0.066,5,7,-0.153,0.686,0,-3
108.94,FLYING,SCAN,0,,,,,100,0,0,0,-3,69,OPTOMOTOR,,0.51,0.74,0.61,0.00,0.21,0.00,0.00,,yes,18.4,32,0.066,6,8,-0.159,0.810,0,-3
108.99,FLYING,SCAN,0,,,,,100,0,0,0,-2,69,CRUISE,,0.58,0.75,0.66,0.00,0.87,0.00,0.00,,yes,18.1,32,0.264,6,7,-0.120,0.890,0,-2
109.05,FLYING,SCAN,0,,,,,100,0,0,0,0,69,CRUISE,,0.51,0.60,0.46,0.00,0.61,0.00,0.00,,,18.0,32,0.100,5,7,-0.004,0.930,0,0
109.10,FLYING,SCAN,0,,,,,100,0,0,0,0,69,CRUISE,,0.47,0.53,0.36,0.00,0.43,0.00,0.00,,,18.3,32,-0.228,5,7,-0.023,0.924,0,0
109.16,FLYING,SCAN,0,,,,,100,0,0,0,1,69,CRUISE,,0.38,0.68,0.46,0.00,0.30,0.00,0.00,,,18.5,32,-0.087,6,8,0.074,0.959,0,1
109.21,FLYING,SCAN,0,,,,,100,0,0,0,-1,69,CRUISE,,0.33,0.75,0.51,0.00,0.44,0.00,0.00,,,18.5,33,-0.008,6,7,-0.046,0.973,0,-1
109.27,FLYING,SCAN,0,,,,,100,0,0,0,-5,69,CRUISE,,0.44,0.84,0.54,0.00,0.31,0.00,0.00,,,17.8,33,-0.135,6,5,-0.236,0.944,0,-5
109.32,FLYING,SCAN,0,,,,,100,0,0,0,-1,69,OPTOMOTOR,,0.50,0.75,0.69,0.00,0.87,0.00,0.00,,,18.2,33,-0.168,5,8,-0.037,0.965,0,-1
109.38,FLYING,SCAN,0,,,,,100,0,0,0,2,69,CRUISE,,0.56,0.64,0.86,0.00,0.61,0.00,0.00,,,18.3,32,0.207,5,7,0.079,0.972,0,2
109.43,FLYING,SCAN,0,,,,,100,0,0,0,0,69,CRUISE,,0.56,0.59,0.94,0.00,0.87,0.00,0.00,,,18.1,32,0.455,6,8,0.024,1.000,0,0
109.49,FLYING,SCAN,0,,,,,100,0,0,0,1,68,CRUISE,,0.56,0.56,0.99,0.00,0.87,0.00,0.00,,,18.1,32,0.227,6,8,0.064,1.000,0,1
109.54,FLYING,SCAN,0,,,,,100,0,0,0,-2,68,CRUISE,,0.55,0.55,0.86,0.00,0.61,0.00,0.00,,,18.3,32,0.255,6,6,-0.100,0.978,0,-2
109.60,FLYING,SCAN,0,,,,,100,0,0,0,0,68,CRUISE,,0.51,0.53,0.79,0.00,0.87,0.00,0.00,,,18.0,32,-0.118,6,8,-0.016,1.000,0,0
109.65,FLYING,SCAN,0,,,,,100,0,0,0,10,68,CRUISE,,0.36,0.39,0.79,0.00,0.61,0.00,0.00,,,18.3,32,-0.357,6,7,0.000,1.000,10,0
109.71,FLYING,SCAN,0,,,,,100,0,0,0,21,68,CRUISE,,0.28,0.33,0.79,0.00,0.87,0.00,0.00,,yes,18.2,32,0.948,5,8,0.178,0.918,17,4
109.76,FLYING,SCAN,0,,,,,100,0,0,0,23,68,OPTOMOTOR,,0.24,0.29,0.64,0.00,0.61,0.00,0.00,,yes,17.9,33,2.092,0,2,0.109,0.669,21,2
109.82,FLYING,SCAN,0,,,,,100,0,0,0,28,68,CRUISE,,0.32,0.27,0.56,0.00,0.44,0.00,0.00,,yes,18.4,32,2.558,0,5,0.195,0.529,24,4
109.87,FLYING,SCAN,0,,,,,100,0,0,0,31,68,OPTOMOTOR,,0.42,0.26,0.52,0.00,0.31,0.00,0.00,,yes,18.3,32,2.144,0,3,0.274,0.426,26,5
109.93,FLYING,SCAN,0,,,,,100,0,0,0,35,68,OPTOMOTOR,,0.46,0.25,0.51,0.00,0.44,0.00,0.00,,yes,18.4,32,2.870,0,4,0.416,0.402,27,8
109.99,FLYING,SCAN,0,,,,,100,0,0,0,38,68,OPTOMOTOR,,0.49,0.30,1.04,0.00,0.31,0.00,0.00,,yes,15.7,41,3.287,0,6,0.513,0.398,28,10
110.05,FLYING,SCAN,0,,,,,100,0,0,0,40,68,OPTOMOTOR,,0.67,0.44,1.31,0.00,1.31,0.00,0.00,,yes,18.1,33,3.422,0,7,0.572,0.429,29,11
110.10,FLYING,SCAN,0,,,,,100,0,0,0,34,68,OPTOMOTOR,,0.77,0.55,1.53,0.00,0.92,0.00,0.00,,yes,18.5,31,-1.358,2,1,0.270,0.313,29,5
110.15,FLYING,SCAN,0,,,,,100,0,0,0,29,68,CRUISE,,0.52,0.63,1.34,0.00,0.64,0.00,0.00,,yes,18.5,31,0.041,6,7,0.016,0.553,29,0
110.21,FLYING,SCAN,0,,,,,100,0,0,0,26,68,CRUISE,,0.38,0.65,1.00,0.00,1.31,0.00,0.00,,yes,18.4,32,-3.958,2,0,-0.130,0.392,29,-3
110.26,FLYING,SCAN,0,,,,,100,0,0,0,25,68,CRUISE,,0.31,0.68,0.83,0.00,0.92,0.00,0.00,,yes,18.5,31,-4.452,1,0,-0.189,0.268,29,-4
110.32,FLYING,SCAN,0,,,,,100,0,0,0,25,68,OPTOMOTOR,,0.41,0.67,1.00,0.00,1.75,0.00,0.00,,yes,18.6,31,-0.698,5,5,-0.222,0.370,29,-4
110.37,FLYING,SCAN,0,,,,,100,0,0,0,25,68,CRUISE,,0.49,0.94,1.09,0.00,1.22,0.00,0.00,,yes,18.4,32,-3.533,1,0,-0.200,0.328,29,-4
110.42,FLYING,SCAN,0,,,,,100,0,0,0,25,68,CRUISE,,0.76,0.91,1.22,0.00,2.18,0.00,0.00,,yes,18.6,32,0.584,6,7,-0.183,0.490,29,-4
110.48,FLYING,SCAN,0,,,,,100,0,0,0,24,68,OPTOMOTOR,,1.21,0.97,1.24,0.00,1.53,0.00,0.00,,yes,18.6,31,-1.182,2,0,-0.244,0.471,29,-5
110.53,FLYING,SCAN,0,,,,,100,0,0,0,24,68,OPTOMOTOR,,1.45,0.99,1.34,0.00,1.07,0.00,0.00,,yes,18.6,31,-1.320,2,1,-0.258,0.351,29,-5
110.59,FLYING,SCAN,0,,,,,100,0,0,0,27,68,CRUISE,,1.56,1.19,1.30,0.00,0.75,0.01,0.00,,yes,18.5,31,1.100,2,5,-0.122,0.388,29,-2
110.64,FLYING,SCAN,0,,,,,100,0,0,0,26,68,CRUISE,,1.22,1.28,1.26,0.00,1.31,0.00,0.00,,yes,18.5,31,-0.554,6,5,-0.134,0.586,29,-3
110.69,FLYING,SCAN,0,,,,,100,0,0,0,29,68,CRUISE,,1.05,1.20,1.24,0.00,0.92,0.00,0.00,,yes,18.4,32,1.763,0,4,0.012,0.463,29,0
110.75,FLYING,SCAN,0,,,,,100,0,0,0,35,68,CRUISE,,0.92,1.15,1.23,0.00,0.64,0.00,0.00,,yes,18.5,32,1.061,0,7,0.282,0.509,29,6
110.80,FLYING,SCAN,0,,,,,100,0,0,0,36,68,OPTOMOTOR,,0.72,1.11,1.24,0.00,0.45,0.00,0.00,,yes,18.4,32,1.270,1,6,0.334,0.548,29,7
110.86,FLYING,SCAN,0,,,,,100,0,0,0,34,68,OPTOMOTOR,,0.62,1.04,1.16,0.00,0.87,0.00,0.00,,yes,18.5,32,2.044,0,1,0.267,0.371,29,5
110.91,FLYING,SCAN,0,,,,,100,0,0,0,32,68,OPTOMOTOR,,0.57,0.75,0.68,0.00,0.61,0.00,0.00,,yes,18.4,32,0.460,5,8,0.156,0.600,29,3
110.97,FLYING,SCAN,0,,,,,100,0,0,0,32,68,CRUISE,,0.48,0.59,0.43,0.00,0.87,0.00,0.00,,yes,18.4,32,-0.131,6,7,0.143,0.786,29,3
111.02,FLYING,SCAN,0,,,,,100,0,0,0,33,68,CRUISE,,0.41,0.51,0.60,0.00,1.31,0.00,0.00,,yes,18.5,31,1.289,0,6,0.202,0.657,29,4
111.07,FLYING,SCAN,0,,,,,100,0,0,0,30,68,CRUISE,,0.38,0.43,0.69,0.00,0.92,0.00,0.00,,yes,18.5,31,-0.999,4,3,0.042,0.632,29,1
111.13,FLYING,SCAN,0,,,,,100,0,0,0,27,68,CRUISE,,0.47,0.40,1.06,0.00,1.31,0.00,0.00,,yes,18.7,32,-1.352,2,1,-0.102,0.427,29,-2
111.18,FLYING,SCAN,0,,,,,100,0,0,0,29,68,CRUISE,,0.77,0.39,1.25,0.00,0.92,0.00,0.00,,yes,18.4,32,0.973,4,7,-0.017,0.522,29,0
111.24,FLYING,SCAN,0,,,,,100,0,0,0,27,68,CRUISE,,0.92,0.43,1.35,0.00,0.87,0.00,0.00,,yes,18.6,31,-0.947,3,4,-0.088,0.470,29,-2
111.29,FLYING,SCAN,0,,,,,100,0,0,0,30,68,CRUISE,,0.83,0.50,0.98,0.00,0.61,0.00,0.00,,yes,18.3,31,1.153,2,6,0.062,0.517,29,1
111.34,FLYING,SCAN,0,,,,,100,0,0,0,28,68,CRUISE,,0.78,0.70,0.79,0.00,0.87,0.00,0.00,,yes,18.4,32,-1.368,2,1,-0.063,0.377,29,-1
111.40,FLYING,SCAN,0,,,,,100,0,0,0,28,68,CRUISE,,0.85,0.90,0.50,0.00,0.61,0.00,0.00,,yes,18.5,32,-0.111,5,7,-0.061,0.541,29,-1
111.45,FLYING,SCAN,0,,,,,100,0,0,0,30,68,CRUISE,,1.07,1.19,0.29,0.00,0.87,0.00,0.00,,yes,18.6,31,1.629,0,2,0.051,0.457,29,1
111.51,FLYING,SCAN,0,,,,,100,0,0,0,30,68,CRUISE,,1.18,1.33,0.19,0.00,0.61,0.00,0.00,,yes,18.5,31,-0.079,6,6,0.042,0.615,29,1
111.56,FLYING,SCAN,0,,,,,100,0,0,0,33,68,CRUISE,,1.24,1.37,0.42,0.00,0.87,0.00,0.00,,yes,17.3,35,1.458,0,6,0.194,0.589,29,4
111.62,FLYING,SCAN,0,,,,,100,0,0,0,33,68,CRUISE,,0.86,0.87,0.53,0.00,0.61,0.00,0.00,,yes,19.6,29,-0.059,5,8,0.187,0.694,29,4
111.67,FLYING,SCAN,0,,,,,100,0,0,0,29,68,CRUISE,,0.68,0.62,0.59,0.00,2.18,0.00,0.00,,yes,18.2,32,-0.668,5,5,0.019,0.710,29,0
111.72,FLYING,SCAN,0,,,,,100,0,0,0,32,68,CRUISE,,0.55,0.66,1.03,0.00,1.53,0.00,0.00,,yes,18.5,31,1.346,0,6,0.156,0.600,29,3
111.78,FLYING,SCAN,0,,,,,100,0,0,0,30,68,CRUISE,,0.82,0.69,1.43,0.00,1.07,0.00,0.00,,yes,18.5,31,-0.993,5,5,0.041,0.614,29,1
111.83,FLYING,SCAN,0,,,,,100,0,0,0,27,68,CRUISE,,0.90,0.68,1.45,0.00,0.87,0.00,0.00,,yes,18.4,32,-1.750,1,0,-0.085,0.422,29,-2
111.89,FLYING,SCAN,0,,,,,100,0,0,0,27,68,CRUISE,,1.06,0.61,1.23,0.00,1.31,0.00,0.00,,yes,18.5,31,0.669,4,7,-0.084,0.490,29,-2
111.94,FLYING,SCAN,0,,,,,100,0,0,0,27,68,CRUISE,,1.15,0.58,0.92,0.00,0.92,0.00,0.00,,yes,18.4,32,-1.374,2,1,-0.119,0.376,29,-2
111.99,FLYING,SCAN,0,,,,,100,0,0,0,26,68,CRUISE,,1.28,0.63,0.76,0.00,1.31,0.00,0.00,,yes,18.5,31,-1.168,2,1,-0.173,0.312,29,-3
112.05,FLYING,SCAN,0,,,,,100,0,0,0,30,68,CRUISE,,1.35,0.66,0.89,0.00,0.92,0.00,0.00,,yes,18.5,31,1.225,2,8,0.041,0.423,29,1
112.10,FLYING,SCAN,0,,,,,100,0,0,0,30,68,CRUISE,,1.34,0.36,0.95,0.00,0.87,0.00,0.00,,yes,18.9,31,-0.484,3,8,0.064,0.620,29,1
112.16,FLYING,SCAN,0,,,,,100,0,0,0,3,68,CRUISE,,1.34,0.21,1.01,0.00,0.61,0.00,0.00,,yes,18.4,31,1.474,0,3,0.148,0.477,0,3
112.21,FLYING,SCAN,0,,,,,100,0,0,0,1,68,CRUISE,,1.34,0.13,0.98,0.00,0.87,0.00,0.00,,yes,18.4,32,-2.327,2,0,0.045,0.350,0,1
112.27,FLYING,SCAN,0,,,,,100,0,0,0,-2,68,CRUISE,,1.08,0.06,0.76,0.00,0.61,0.00,0.00,,yes,18.2,32,-1.322,2,0,-0.083,0.249,0,-2
112.32,FLYING,SCAN,0,,,,,100,0,0,0,-4,68,CRUISE,,0.95,0.03,0.63,0.00,1.31,0.00,0.00,,yes,18.5,32,-3.377,2,0,-0.221,0.193,0,-4
112.38,FLYING,SCAN,0,,,,,100,0,0,0,-7,68,OPTOMOTOR,,0.81,0.02,0.46,0.00,0.92,0.00,0.00,,yes,18.1,32,-4.712,2,0,-0.328,0.161,0,-7
112.43,FLYING,SCAN,0,,,,,100,0,0,0,-6,68,OPTOMOTOR,,0.81,0.09,0.48,0.00,0.64,0.00,0.00,,yes,18.1,33,-1.481,2,0,-0.293,0.129,0,-6
112.49,FLYING,SCAN,0,,,,,100,0,0,0,-5,68,OPTOMOTOR,,0.74,0.08,0.40,0.00,0.45,0.00,0.00,,yes,18.2,32,-1.839,2,0,-0.274,0.111,0,-5
112.54,FLYING,SCAN,0,,,,,100,0,0,0,-7,68,OPTOMOTOR,,0.79,0.08,0.42,0.00,0.31,0.00,0.00,,yes,18.4,32,-1.336,2,0,-0.338,0.129,0,-7
112.60,FLYING,SCAN,0,,,,,100,0,0,0,-5,68,OPTOMOTOR,,0.58,0.08,0.37,0.00,0.22,0.00,0.00,,yes,18.0,32,-0.549,5,5,-0.247,0.378,0,-5
112.65,FLYING,SCAN,0,,,,,100,0,0,0,-5,68,OPTOMOTOR,,0.48,0.08,0.32,0.00,0.15,0.00,0.00,,yes,18.2,32,-1.043,2,1,-0.267,0.356,0,-5
112.71,FLYING,SCAN,0,,,,,100,0,0,0,-6,68,OPTOMOTOR,,0.44,0.09,0.30,0.00,0.11,0.00,0.00,,yes,17.8,33,-0.695,6,5,-0.278,0.553,0,-6
112.76,FLYING,SCAN,0,,,,,100,0,0,0,-4,68,OPTOMOTOR,,0.41,0.09,0.33,0.00,0.87,0.00,0.00,,,18.1,33,-0.292,6,8,-0.200,0.764,0,-4
112.82,FLYING,SCAN,0,,,,,100,0,0,0,-1,68,CRUISE,,0.34,0.42,0.49,0.00,0.61,0.00,0.00,,,17.9,33,-0.575,5,7,-0.055,0.845,0,-1
112.87,FLYING,SCAN,0,,,,,100,0,0,0,-3,68,CRUISE,,0.31,0.59,0.57,0.00,0.43,0.00,0.00,,,18.2,33,-0.738,6,5,-0.159,0.814,0,-3
112.93,FLYING,SCAN,0,,,,,100,0,0,0,-1,68,CRUISE,,0.38,0.44,0.57,0.00,0.87,0.00,0.00,,,18.2,32,-0.454,6,8,-0.064,0.883,0,-1
112.98,FLYING,SCAN,0,,,,,100,0,0,0,-4,68,CRUISE,,0.44,0.36,0.52,0.00,0.61,0.00,0.00,,,18.1,32,-1.483,2,0,-0.215,0.606,0,-4
113.04,FLYING,SCAN,0,,,,,100,0,0,0,-4,68,CRUISE,,0.44,0.40,0.54,0.00,0.87,0.00,0.00,,,18.0,33,-0.585,5,5,-0.205,0.589,0,-4
113.10,FLYING,SCAN,0,,,,,100,0,0,0,-3,68,CRUISE,,0.27,0.44,0.59,0.00,0.61,0.00,0.00,,,17.1,36,-0.739,5,6,-0.141,0.684,0,-3
113.15,FLYING,SCAN,0,,,,,100,0,0,0,-5,68,OPTOMOTOR,,0.18,0.46,0.61,0.00,0.43,0.00,0.00,,,19.0,30,-2.050,2,0,-0.238,0.509,0,-5
113.20,FLYING,SCAN,0,,,,,100,0,0,0,-5,68,OPTOMOTOR,,0.78,0.60,0.40,0.00,0.30,0.00,0.00,,,18.1,32,-2.438,2,0,-0.256,0.339,0,-5
113.26,FLYING,SCAN,0,,,,,100,0,0,0,-5,68,OPTOMOTOR,,1.07,0.49,0.30,0.00,0.44,0.00,0.00,,,18.2,32,-1.259,2,1,-0.250,0.291,0,-5
113.31,FLYING,SCAN,0,,,,,100,0,0,0,-7,68,OPTOMOTOR,,0.79,0.61,0.34,0.00,0.87,0.00,0.00,,,18.3,32,-2.808,1,0,-0.360,0.211,0,-7
113.37,FLYING,SCAN,0,,,,,100,0,0,0,3,68,OPTOMOTOR,,0.60,0.49,0.51,0.00,0.61,0.00,0.00,,,18.4,32,-3.123,1,0,-0.330,0.152,10,-7
113.42,FLYING,SCAN,0,,,,,100,0,0,0,13,68,OPTOMOTOR,,0.55,0.58,0.60,0.00,0.87,0.00,0.00,,,18.3,32,-0.377,4,7,-0.175,0.367,17,-4
113.48,FLYING,SCAN,0,,,,,100,0,0,0,18,68,CRUISE,,0.83,0.53,0.64,0.00,0.61,0.00,0.00,,yes,18.4,32,-0.445,5,7,-0.152,0.579,21,-3
113.53,FLYING,SCAN,0,,,,,100,0,0,0,25,68,CRUISE,,0.97,0.60,0.53,0.00,0.87,0.00,0.00,,yes,18.2,32,0.942,2,7,0.063,0.655,24,1
113.59,FLYING,SCAN,0,,,,,100,0,0,0,28,68,CRUISE,,1.04,0.56,0.27,0.00,0.61,0.00,0.00,,yes,18.4,32,2.276,0,3,0.077,0.497,26,2
113.64,FLYING,SCAN,0,,,,,100,0,0,0,30,68,CRUISE,,0.87,0.54,0.13,0.00,1.31,0.00,0.00,,yes,18.3,32,1.416,1,4,0.164,0.432,27,3
113.70,FLYING,SCAN,0,,,,,100,0,0,0,34,68,OPTOMOTOR,,0.66,0.47,0.21,0.00,0.92,0.00,0.00,,yes,18.6,31,2.378,0,5,0.312,0.396,28,6
113.75,FLYING,SCAN,0,,,,,100,0,0,0,33,68,OPTOMOTOR,,0.55,0.43,0.25,0.00,1.75,0.00,0.00,,yes,18.5,32,0.902,6,7,0.183,0.571,29,4
113.80,FLYING,SCAN,0,,,,,100,0,0,0,33,68,OPTOMOTOR,,0.67,0.41,0.39,0.00,1.22,0.00,0.00,,yes,18.3,32,0.584,6,8,0.224,0.774,29,4
113.86,FLYING,SCAN,0,,,,,100,0,0,0,33,68,CRUISE,,0.73,0.40,0.46,0.00,0.86,0.00,0.00,,yes,18.6,32,2.201,0,5,0.198,0.588,29,4
113.91,FLYING,SCAN,0,,,,,100,0,0,0,37,68,OPTOMOTOR,,0.63,0.39,0.45,0.00,0.60,0.00,0.00,,yes,18.6,31,1.255,0,7,0.399,0.536,29,8
113.97,FLYING,SCAN,0,,,,,100,0,0,0,33,68,OPTOMOTOR,,0.59,0.41,0.42,0.00,0.87,0.00,0.00,,yes,18.3,32,-0.474,5,6,0.177,0.698,29,4
114.02,FLYING,SCAN,0,,,,,100,0,0,0,31,68,CRUISE,,0.84,0.54,0.41,0.00,0.61,0.00,0.00,,yes,18.5,32,0.787,6,8,0.120,0.831,29,2
114.07,FLYING,SCAN,0,,,,,100,0,0,0,28,68,CRUISE,,1.08,0.61,0.40,0.00,0.87,0.00,0.00,,yes,18.5,31,-2.623,1,0,-0.073,0.587,29,-1
114.13,FLYING,SCAN,0,,,,,100,0,0,0,26,68,CRUISE,,1.63,0.66,0.46,0.00,0.61,0.11,0.00,,yes,18.5,31,-0.227,6,6,-0.127,0.616,29,-3
114.18,FLYING,SCAN,0,,,,,100,0,0,0,26,68,CRUISE,,1.91,0.69,0.65,0.00,1.75,0.00,0.00,,yes,18.5,31,-5.164,0,0,-0.129,0.447,29,-3
114.24,FLYING,SCAN,0,,,,,100,0,0,0,25,68,CRUISE,,1.27,0.70,1.07,0.00,1.22,0.00,0.00,,yes,18.5,31,-5.026,2,0,-0.214,0.318,29,-4
114.29,FLYING,SCAN,0,,,,,100,0,0,0,25,68,OPTOMOTOR,,0.70,0.70,1.28,0.00,0.86,0.00,0.00,,yes,18.6,31,-0.275,6,7,-0.213,0.527,29,-4
114.35,FLYING,SCAN,0,,,,,100,0,0,0,23,68,OPTOMOTOR,,0.56,0.53,0.91,0.00,1.31,0.00,0.00,,yes,18.3,31,-2.322,2,0,-0.280,0.378,29,-6
114.40,FLYING,SCAN,0,,,,,100,0,0,0,23,68,OPTOMOTOR,,0.49,0.45,0.72,0.00,0.92,0.00,0.00,,yes,18.6,31,-1.968,2,0,-0.320,0.251,29,-6
114.45,FLYING,SCAN,0,,,,,100,0,0,0,25,68,OPTOMOTOR,,0.46,0.47,0.83,0.00,0.87,0.00,0.00,,yes,18.6,31,0.326,5,7,-0.223,0.527,29,-4
114.51,FLYING,SCAN,0,,,,,100,0,0,0,25,68,CRUISE,,0.34,0.48,0.90,0.00,0.61,0.00,0.00,,yes,18.5,32,-2.406,2,0,-0.221,0.406,29,-4
114.56,FLYING,SCAN,0,,,,,100,0,0,0,27,68,CRUISE,,0.28,0.52,0.94,0.00,0.87,0.00,0.00,,yes,18.5,31,1.258,2,5,-0.098,0.391,29,-2
114.61,FLYING,SCAN,0,,,,,100,0,0,0,30,68,CRUISE,,0.34,0.53,0.86,0.00,0.61,0.00,0.00,,yes,18.5,32,1.348,1,5,0.071,0.392,29,1
114.68,FLYING,SCAN,0,,,,,100,0,0,0,34,68,OPTOMOTOR,,0.42,0.54,0.76,0.00,0.44,0.00,0.00,,yes,15.7,41,4.102,0,3,0.232,0.363,29,5
114.73,FLYING,SCAN,0,,,,,100,0,0,0,38,68,OPTOMOTOR,,0.64,0.49,0.69,0.00,0.31,0.00,0.00,,yes,18.3,32,3.271,0,7,0.458,0.410,29,9
114.79,FLYING,SCAN,0,,,,,100,0,0,0,37,68,OPTOMOTOR,,0.75,0.49,0.60,0.00,0.44,0.00,0.00,,yes,18.3,32,3.057,0,3,0.419,0.331,29,8
114.84,FLYING,SCAN,0,,,,,100,0,0,0,38,68,OPTOMOTOR,,0.65,0.48,0.53,0.00,0.31,0.00,0.00,,yes,18.2,32,2.733,0,4,0.436,0.334,29,9
114.89,FLYING,SCAN,1,,,,,100,0,0,0,36,68,OPTOMOTOR,,0.60,0.48,0.49,0.00,0.44,0.00,0.00,,yes,19.2,30,2.818,0,3,0.353,0.259,29,7
114.95,FLYING,SCAN,0,,,,,100,0,0,0,37,68,OPTOMOTOR,,0.64,0.44,0.46,0.00,0.44,0.00,0.00,,yes,18.2,31,2.957,0,5,0.417,0.313,29,8
115.00,FLYING,SCAN,0,,,,,100,0,0,0,38,68,OPTOMOTOR,,0.66,0.40,0.43,0.00,0.31,0.00,0.00,,yes,18.4,32,3.000,0,5,0.463,0.343,29,9
115.06,FLYING,SCAN,0,,,,,100,0,0,0,39,68,OPTOMOTOR,,0.67,0.36,0.42,0.00,0.87,0.00,0.00,,yes,18.5,31,3.334,0,6,0.496,0.365,29,10
115.11,FLYING,SCAN,0,,,,,100,0,0,0,35,68,OPTOMOTOR,,0.62,0.34,0.41,0.00,0.61,0.00,0.00,,yes,18.6,31,-3.518,0,0,0.302,0.219,29,6
115.17,FLYING,SCAN,0,,,,,100,0,0,0,30,68,OPTOMOTOR,,0.36,0.18,0.36,0.00,1.31,0.00,0.00,,yes,18.4,32,-4.842,2,0,0.043,0.176,29,1
115.22,FLYING,SCAN,0,,,,,100,0,0,0,26,68,CRUISE,,0.22,0.09,0.18,0.00,0.92,0.00,0.00,,yes,18.6,31,-1.324,2,1,-0.160,0.185,29,-3
115.27,FLYING,SCAN,0,,,,,100,0,0,0,23,68,OPTOMOTOR,,0.15,0.04,0.09,0.00,1.75,0.00,0.00,,yes,18.5,31,-6.245,2,0,-0.302,0.156,29,-6
115.33,FLYING,SCAN,0,,,,,100,0,0,0,24,68,OPTOMOTOR,,0.12,0.44,0.42,0.00,1.22,0.00,0.00,,yes,18.7,32,-0.381,6,5,-0.251,0.369,29,-5
115.38,FLYING,SCAN,0,,,,,100,0,0,0,25,68,CRUISE,,0.10,0.64,0.58,0.00,3.05,0.00,0.00,,yes,18.5,31,-2.011,1,0,-0.197,0.313,29,-4
115.44,FLYING,SCAN,0,,,,,100,0,0,0,23,67,OPTOMOTOR,,0.09,0.46,0.55,0.00,2.14,0.00,0.00,,yes,18.5,31,-2.361,1,0,-0.285,0.224,29,-6
115.49,FLYING,SCAN,0,,,,,100,0,0,0,25,67,OPTOMOTOR,,0.12,0.38,0.51,0.00,1.75,0.00,0.00,,yes,18.6,31,0.434,6,7,-0.202,0.460,29,-4
115.54,FLYING,SCAN,0,,,,,100,0,0,0,26,67,CRUISE,,0.22,0.33,0.36,0.00,1.22,0.00,0.00,,yes,18.6,31,-2.074,1,0,-0.170,0.364,29,-3
115.60,FLYING,SCAN,0,,,,,100,0,0,0,25,67,OPTOMOTOR,,0.29,0.31,0.28,0.00,1.31,0.00,0.00,,yes,18.4,32,-1.231,1,0,-0.222,0.252,29,-4
115.65,FLYING,SCAN,0,,,,,100,0,0,0,29,67,OPTOMOTOR,,0.30,0.30,0.36,0.00,1.75,0.00,0.00,,yes,18.5,31,1.237,0,5,-0.015,0.266,29,0
115.71,FLYING,SCAN,0,,,,,100,0,0,0,27,67,CRUISE,,0.33,0.29,0.42,0.00,1.22,0.00,0.00,,yes,18.5,31,-1.271,3,1,-0.116,0.269,29,-2
115.76,FLYING,SCAN,0,,,,,100,0,0,0,27,67,CRUISE,,0.28,0.26,0.44,0.00,1.31,0.00,0.00,,yes,18.4,32,0.740,4,7,-0.092,0.490,29,-2
115.81,FLYING,SCAN,0,,,,,100,0,0,0,26,67,CRUISE,,0.33,0.25,0.46,0.00,1.31,0.00,0.00,,yes,18.5,31,-2.472,2,0,-0.163,0.371,29,-3
115.87,FLYING,SCAN,0,,,,,100,0,0,0,25,67,OPTOMOTOR,,0.30,0.24,0.43,0.00,0.92,0.00,0.00,,yes,18.7,31,-2.629,1,0,-0.209,0.256,29,-4
115.92,FLYING,SCAN,0,,,,,100,0,0,0,-3,67,CRUISE,,0.29,0.22,0.42,0.00,0.87,0.00,0.00,,yes,18.3,32,0.033,6,8,-0.168,0.469,0,-3
115.98,FLYING,SCAN,0,,,,,100,0,0,0,-5,67,OPTOMOTOR,,0.28,0.22,0.37,0.00,0.61,0.00,0.00,,yes,18.6,31,-8.784,2,0,-0.239,0.359,0,-5
116.03,FLYING,SCAN,0,,,,,100,0,0,0,-6,67,OPTOMOTOR,,0.35,0.21,0.34,0.00,2.18,0.00,0.00,,yes,18.2,32,-2.682,2,0,-0.288,0.240,0,-6
116.09,FLYING,SCAN,0,,,,,100,0,0,0,-7,67,OPTOMOTOR,,0.39,0.21,0.32,0.00,1.53,0.00,0.00,,yes,18.0,32,-2.658,2,0,-0.344,0.173,0,-7
116.14,FLYING,SCAN,0,,,,,100,0,0,0,-8,67,OPTOMOTOR,,0.34,0.19,0.31,0.00,1.31,0.00,0.00,,yes,18.1,32,-4.730,2,0,-0.380,0.164,0,-8
116.20,FLYING,SCAN,0,,,,,100,0,0,0,-6,67,OPTOMOTOR,,0.32,0.17,0.22,0.00,0.92,0.00,0.00,,yes,18.2,32,-1.499,1,0,-0.310,0.126,0,-6
116.26,FLYING,SCAN,0,,,,,100,0,0,0,-4,67,OPTOMOTOR,,0.31,0.17,0.16,0.00,0.64,0.00,0.00,,yes,15.9,41,-0.298,6,7,-0.220,0.433,0,-4
116.32,FLYING,SCAN,0,,,,,100,0,0,0,-3,67,CRUISE,,0.26,0.13,0.10,0.00,0.45,0.00,0.00,,yes,17.8,34,-0.292,5,7,-0.136,0.673,0,-3
116.37,FLYING,SCAN,0,,,,,100,0,0,0,-2,67,CRUISE,,0.22,0.11,0.07,0.00,0.31,0.00,0.00,,yes,18.2,32,-0.124,6,7,-0.097,0.827,0,-2
116.43,FLYING,SCAN,0,,,,,100,0,0,0,-1,67,CRUISE,,0.19,0.09,0.05,0.00,0.22,0.00,0.00,,yes,18.0,33,-0.066,6,7,-0.026,0.914,0,-1
116.48,FLYING,SCAN,0,,,,,100,0,0,0,0,67,CRUISE,,0.19,0.08,0.04,0.00,1.31,0.00,0.00,,yes,19.4,29,-0.252,6,7,-0.018,0.934,0,0
116.53,FLYING,SCAN,0,,,,,100,0,0,0,1,67,CRUISE,,0.32,0.15,0.17,0.00,0.92,0.00,0.00,,,17.9,33,-0.337,5,6,0.069,0.950,0,1
116.59,FLYING,SCAN,0,,,,,100,0,0,0,0,67,CRUISE,,0.39,0.18,0.24,0.00,0.64,0.00,0.00,,,17.8,33,-0.180,5,7,0.014,0.935,0,0
116.64,FLYING,SCAN,0,,,,,100,0,0,0,-3,67,CRUISE,,0.38,0.16,0.13,0.00,1.31,0.00,0.00,,,18.1,33,-0.286,6,6,-0.155,0.941,0,-3
116.70,FLYING,SCAN,0,,,,,100,0,0,0,1,67,CRUISE,,0.31,0.10,0.07,0.00,0.92,0.00,0.00,,,18.7,32,0.730,4,6,0.047,0.906,0,1
116.75,FLYING,SCAN,0,,,,,100,0,0,0,0,67,CRUISE,,0.27,0.06,0.03,0.00,0.87,0.00,0.00,,,18.2,32,0.426,6,5,-0.022,0.906,0,0
116.81,FLYING,SCAN,0,,,,,100,0,0,0,-1,67,CRUISE,,0.25,0.13,0.18,0.00,0.61,0.00,0.00,,,18.3,32,0.455,6,7,-0.035,0.958,0,-1
116.86,FLYING,SCAN,0,,,,,100,0,0,0,-2,67,CRUISE,,0.24,0.16,0.26,0.00,0.44,0.00,0.00,,,18.0,34,0.429,6,7,-0.076,0.944,0,-2
116.92,FLYING,SCAN,0,,,,,100,0,0,0,-1,67,CRUISE,,0.26,0.18,0.24,0.00,0.31,0.00,0.00,,,18.4,32,0.322,6,7,-0.068,0.980,0,-1
116.97,FLYING,SCAN,0,,,,,100,0,0,0,2,67,CRUISE,,0.26,0.18,0.22,0.00,0.44,0.00,0.00,,,18.3,32,0.068,5,7,0.093,0.952,0,2
117.04,FLYING,SCAN,0,,,,,100,0,0,0,0,67,CRUISE,,0.29,0.10,0.14,0.00,0.31,0.00,0.00,,,15.3,32,-0.130,6,8,-0.014,0.974,0,0
117.09,FLYING,SCAN,0,,,,,100,0,0,0,0,67,CRUISE,,0.30,0.05,0.08,0.00,0.21,0.00,0.00,,,18.2,33,-0.087,5,6,0.009,0.958,0,0
117.15,FLYING,SCAN,0,,,,,100,0,0,0,6,67,CRUISE,,0.31,0.03,0.05,0.00,0.44,0.00,0.00,,,18.1,32,0.173,6,5,-0.184,0.949,10,-4
117.20,FLYING,SCAN,0,,,,,100,0,0,0,21,67,CRUISE,,0.32,0.03,0.03,0.00,0.31,0.00,0.00,,,18.1,32,1.640,0,6,0.184,0.749,17,4
117.26,FLYING,SCAN,0,,,,,100,0,0,0,25,67,OPTOMOTOR,,0.33,0.03,0.01,0.00,0.44,0.00,0.00,,yes,18.1,33,2.193,0,4,0.178,0.569,21,4
117.31,FLYING,SCAN,0,,,,,100,0,0,0,29,67,OPTOMOTOR,,0.31,0.11,0.07,0.00,0.31,0.00,0.00,,yes,18.4,32,2.499,0,2,0.256,0.444,24,5
117.37,FLYING,SCAN,0,,,,,100,0,0,0,35,67,OPTOMOTOR,,0.30,0.16,0.13,0.00,0.44,0.00,0.00,,yes,18.5,31,2.612,0,7,0.437,0.441,26,9
117.42,FLYING,SCAN,0,,,,,100,0,0,0,37,67,OPTOMOTOR,,0.29,0.13,0.20,0.00,0.31,0.00,0.00,,yes,18.4,32,2.902,0,3,0.483,0.391,27,10
117.48,FLYING,SCAN,0,,,,,100,0,0,0,37,67,OPTOMOTOR,,0.20,0.11,0.24,0.00,0.87,0.00,0.00,,yes,18.4,32,3.122,0,3,0.474,0.363,28,9
117.53,FLYING,SCAN,0,,,,,100,0,0,0,42,67,OPTOMOTOR,,0.10,0.05,0.12,0.00,0.61,0.00,0.00,,yes,18.5,31,3.125,0,8,0.636,0.457,29,13
117.59,FLYING,SCAN,0,,,,,100,0,0,0,41,67,OPTOMOTOR,,0.05,0.03,0.06,0.00,0.44,0.00,0.00,,yes,18.3,32,3.208,0,5,0.598,0.453,29,12
117.64,FLYING,SCAN,0,,,,,100,0,0,0,39,67,OPTOMOTOR,,0.22,0.03,0.03,0.00,0.31,0.00,0.00,,yes,18.3,32,3.349,0,2,0.502,0.379,29,10
117.69,FLYING,SCAN,0,,,,,100,0,0,0,39,67,OPTOMOTOR,,0.36,0.04,0.01,0.00,1.31,0.00,0.00,,yes,18.6,32,3.242,0,6,0.476,0.356,29,10
117.75,FLYING,SCAN,0,,,,,100,0,0,0,40,67,OPTOMOTOR,,0.45,0.12,0.18,0.00,0.92,0.00,0.00,,yes,18.4,32,1.983,0,6,0.545,0.401,29,11
117.81,FLYING,SCAN,0,,,,,100,0,0,0,35,67,OPTOMOTOR,,0.50,0.16,0.27,0.00,1.75,0.00,0.00,,yes,16.7,37,-3.247,1,0,0.322,0.244,29,6
117.86,FLYING,SCAN,0,,,,,100,0,0,0,29,67,CRUISE,,0.29,0.18,0.35,0.00,1.22,0.00,0.00,,yes,19.8,29,0.158,6,8,0.005,0.519,29,0
117.91,FLYING,SCAN,0,,,,,100,0,0,0,26,67,CRUISE,,0.16,0.19,0.38,0.00,0.86,0.00,0.00,,yes,18.4,32,-3.772,2,0,-0.132,0.373,29,-3
117.97,FLYING,SCAN,0,,,,,100,0,0,0,25,67,CRUISE,,0.10,0.19,0.36,0.00,0.87,0.00,0.00,,yes,18.4,32,-3.969,2,0,-0.215,0.277,29,-4
118.02,FLYING,SCAN,0,,,,,100,0,0,0,25,67,OPTOMOTOR,,0.06,0.15,0.35,0.00,0.61,0.00,0.00,,yes,18.6,31,-0.725,5,5,-0.222,0.389,29,-4
118.07,FLYING,SCAN,0,,,,,100,0,0,0,26,67,OPTOMOTOR,,0.04,0.12,0.32,0.00,1.31,0.00,0.00,,yes,18.3,32,-0.352,5,7,-0.159,0.634,29,-3
118.13,FLYING,SCAN,0,,,,,100,0,0,0,25,67,CRUISE,,0.03,0.08,0.30,0.00,0.92,0.00,0.00,,yes,18.5,32,-2.151,1,0,-0.182,0.433,29,-4
118.18,FLYING,SCAN,0,,,,,100,0,0,0,24,67,CRUISE,,0.04,0.06,0.29,0.00,1.31,0.00,0.00,,yes,18.4,32,-0.829,6,5,-0.228,0.496,29,-5
118.24,FLYING,SCAN,0,,,,,100,0,0,0,25,67,OPTOMOTOR,,0.04,0.07,0.64,0.00,0.92,0.00,0.00,,yes,18.4,32,-0.076,6,7,-0.195,0.713,29,-4
118.29,FLYING,SCAN,0,,,,,100,0,0,0,28,67,CRUISE,,0.04,0.08,0.82,0.00,0.64,0.00,0.00,,yes,18.6,31,1.495,0,4,-0.046,0.564,29,-1
118.35,FLYING,SCAN,0,,,,,100,0,0,0,27,67,CRUISE,,0.15,0.08,0.91,0.00,0.45,0.00,0.00,,yes,18.5,31,-3.200,1,0,-0.114,0.336,29,-2
118.40,FLYING,SCAN,0,,,,,100,0,0,0,28,67,CRUISE,,0.20,0.08,0.99,0.00,1.31,0.00,0.00,,yes,17.5,34,1.056,2,7,-0.050,0.404,29,-1
118.48,FLYING,SCAN,0,,,,,100,0,0,0,31,67,CRUISE,,0.19,0.17,1.03,0.00,0.92,0.00,0.00,,yes,13.5,51,3.456,0,3,0.111,0.385,29,2
118.53,FLYING,SCAN,0,,,,,100,0,0,0,37,67,OPTOMOTOR,,0.12,0.21,0.80,0.00,0.87,0.00,0.00,,yes,17.5,34,2.953,0,8,0.387,0.441,29,8
118.59,FLYING,SCAN,0,,,,,100,0,0,0,32,67,OPTOMOTOR,,0.09,0.14,0.46,0.00,0.61,0.00,0.00,,yes,17.1,35,-2.045,1,0,0.164,0.310,29,3
118.65,FLYING,SCAN,0,,,,,100,0,0,0,29,67,CRUISE,,0.06,0.11,0.29,0.00,0.87,0.00,0.00,,yes,17.4,34,-2.478,1,0,-0.007,0.222,29,0
118.71,FLYING,SCAN,0,,,,,100,0,0,0,25,67,CRUISE,,0.07,0.12,0.55,0.00,0.87,0.00,0.00,,yes,17.2,35,-2.450,2,0,-0.177,0.177,29,-4
118.77,FLYING,SCAN,0,,,,,100,0,0,0,26,67,CRUISE,,0.07,0.20,0.73,0.00,0.61,0.00,0.00,,yes,17.4,34,0.255,6,7,-0.156,0.448,29,-3
118.82,FLYING,SCAN,0,,,,,100,0,0,0,25,67,CRUISE,,0.08,0.24,0.82,0.00,1.31,0.00,0.00,,yes,18.1,33,-4.040,1,0,-0.192,0.343,29,-4
118.88,FLYING,SCAN,0,,,,,100,0,0,0,24,67,CRUISE,,0.12,0.17,0.46,0.00,0.92,0.00,0.00,,yes,17.1,36,-4.059,1,0,-0.230,0.226,29,-5
118.94,FLYING,SCAN,0,,,,,100,0,0,0,22,67,OPTOMOTOR,,0.09,0.12,0.28,0.00,2.18,0.00,0.00,,yes,16.8,37,-4.214,1,0,-0.329,0.175,29,-7
119.00,FLYING,SCAN,0,,,,,100,0,0,0,22,67,OPTOMOTOR,,0.08,0.11,0.22,0.00,1.53,0.00,0.00,,yes,16.7,37,-3.777,2,0,-0.340,0.151,29,-7
119.06,FLYING,SCAN,0,,,,,100,0,0,0,25,67,OPTOMOTOR,,0.08,0.11,0.27,0.00,1.07,0.00,0.00,,yes,16.9,36,-0.278,5,7,-0.210,0.414,29,-4
119.12,FLYING,SCAN,0,,,,,100,0,0,0,23,67,OPTOMOTOR,,0.08,0.11,0.30,0.00,1.75,0.00,0.00,,yes,16.7,37,-2.612,2,0,-0.278,0.314,29,-6
119.18,FLYING,SCAN,0,,,,,100,0,0,0,23,67,OPTOMOTOR,,0.11,0.10,0.23,0.00,1.22,0.00,0.00,,yes,17.2,35,-1.427,2,1,-0.318,0.248,29,-6
119.24,FLYING,SCAN,0,,,,,100,0,0,0,28,67,CRUISE,,0.10,0.09,0.20,0.00,1.31,0.00,0.00,,yes,16.7,37,1.453,0,3,-0.043,0.225,29,-1
119.30,FLYING,SCAN,0,,,,,100,0,0,0,26,67,CRUISE,,0.05,0.15,0.28,0.00,0.92,0.00,0.00,,yes,16.8,37,0.273,5,6,-0.127,0.523,29,-3
119.35,FLYING,SCAN,0,,,,,100,0,0,0,30,67,CRUISE,,0.02,0.17,0.32,0.00,0.64,0.00,0.00,,yes,17.0,36,1.625,0,4,0.058,0.485,29,1
119.41,FLYING,SCAN,0,,,,,100,0,0,0,33,67,CRUISE,,0.07,0.23,0.29,0.00,0.87,0.00,0.00,,yes,16.9,36,2.843,0,3,0.196,0.402,29,4
119.47,FLYING,SCAN,0,,,,,100,0,0,0,37,67,OPTOMOTOR,,0.13,0.25,0.28,0.00,0.61,0.00,0.00,,yes,16.7,37,2.746,0,6,0.376,0.398,29,8
119.53,FLYING,SCAN,0,,,,,100,0,0,0,36,67,OPTOMOTOR,,0.14,0.26,0.28,0.00,0.43,0.00,0.00,,yes,16.8,37,2.913,0,1,0.361,0.300,29,7
119.59,FLYING,SCAN,0,,,,,100,0,0,0,37,67,OPTOMOTOR,,0.15,0.26,0.29,0.00,0.87,0.00,0.00,,yes,16.7,37,1.629,0,4,0.390,0.302,29,8
119.65,FLYING,SCAN,0,,,,,100,0,0,0,5,67,OPTOMOTOR,,0.08,0.26,0.37,0.00,0.87,0.00,0.00,,yes,16.8,37,0.564,3,8,0.229,0.537,0,5
119.71,FLYING,SCAN,0,,,,,100,0,0,0,-1,67,CRUISE,,0.05,0.26,0.41,0.00,0.61,0.00,0.00,,yes,16.9,37,-4.392,1,0,-0.057,0.422,0,-1
119.77,FLYING,SCAN,0,,,,,100,0,0,0,-2,67,CRUISE,,0.06,0.35,0.43,0.00,0.87,0.00,0.00,,yes,16.1,39,-5.569,2,0,-0.113,0.275,0,-2
119.84,FLYING,SCAN,0,,,,,100,0,0,0,-5,67,CRUISE,,0.07,0.40,0.45,0.00,0.61,0.00,0.00,,yes,15.6,41,-2.891,2,0,-0.262,0.222,0,-5
119.90,FLYING,SCAN,0,,,,,100,0,0,0,-7,67,OPTOMOTOR,,0.07,0.28,0.47,0.00,0.87,0.00,0.00,,yes,15.9,40,-6.152,1,0,-0.347,0.172,0,-7
119.96,FLYING,SCAN,0,,,,,100,0,0,0,-5,67,OPTOMOTOR,,0.08,0.22,0.50,0.00,0.61,0.00,0.00,,yes,16.2,39,-2.665,1,0,-0.255,0.116,0,-5
120.03,FLYING,SCAN,0,,,,,100,0,0,0,-5,67,OPTOMOTOR,,0.10,0.19,0.52,0.00,0.43,0.00,0.00,,yes,15.6,41,-1.752,0,0,-0.227,0.094,0,-5
120.08,FLYING,SCAN,0,,,,,100,0,0,0,-5,67,OPTOMOTOR,,0.14,0.18,0.38,0.00,1.31,0.00,0.00,,yes,17.0,37,-2.161,1,0,-0.262,0.101,0,-5
120.15,FLYING,SCAN,0,,,,,100,0,0,0,-5,67,OPTOMOTOR,,0.16,0.13,0.32,0.00,0.92,0.00,0.00,,yes,16.0,40,-2.007,2,0,-0.256,0.095,0,-5
120.21,FLYING,SCAN,0,,,,,100,0,0,0,-8,67,OPTOMOTOR,,0.17,0.11,0.29,0.00,0.64,0.00,0.00,,yes,16.9,37,-0.959,3,1,-0.378,0.158,0,-8
120.27,FLYING,SCAN,0,,,,,100,0,0,0,-4,67,OPTOMOTOR,,0.20,0.20,0.29,0.00,0.87,0.00,0.00,,,15.9,40,-0.555,6,7,-0.220,0.466,0,-4
120.34,FLYING,SCAN,0,,,,,100,0,0,0,-3,67,CRUISE,,0.28,0.60,0.27,0.00,0.61,0.00,0.00,,,14.8,44,-0.137,6,8,-0.137,0.701,0,-3
120.42,FLYING,SCAN,0,,,,,100,0,0,0,-1,67,CRUISE,,0.32,0.79,0.26,0.00,0.44,0.00,0.00,,,12.4,57,0.009,6,8,-0.050,0.833,0,-1
120.49,FLYING,SCAN,0,,,,,100,0,0,0,1,67,CRUISE,,0.27,0.46,0.22,0.00,0.31,0.00,0.00,,,14.2,41,0.089,5,8,0.051,0.903,0,1
120.55,FLYING,SCAN,0,,,,,100,0,0,0,2,67,CRUISE,,0.24,0.29,0.19,0.00,0.21,0.00,0.00,,,15.1,41,0.001,6,8,0.087,0.961,0,2
120.63,FLYING,SCAN,0,,,,,100,0,0,0,0,67,CRUISE,,0.23,0.27,0.18,0.00,0.15,0.00,0.00,,,12.3,58,-0.038,5,7,0.024,0.941,0,0
120.70,FLYING,SCAN,0,,,,,100,0,0,0,-3,67,CRUISE,,0.21,0.25,0.18,0.00,0.44,0.00,0.00,,,15.7,39,-0.028,6,7,-0.137,0.949,0,-3
120.76,FLYING,SCAN,0,,,,,100,0,0,0,2,67,CRUISE,,0.20,0.19,0.15,0.00,0.31,0.00,0.00,,,17.1,35,0.009,6,8,0.075,0.987,0,2
120.81,FLYING,SCAN,0,,,,,100,0,0,0,-2,67,CRUISE,,0.21,0.13,0.10,0.00,0.87,0.00,0.00,,,18.6,31,0.027,6,7,-0.108,0.975,0,-2
120.87,FLYING,SCAN,0,,,,,100,0,0,0,9,67,CRUISE,,0.33,0.10,0.06,0.00,0.87,0.00,0.00,,,17.4,34,-0.082,6,7,-0.042,0.997,10,-1
120.93,FLYING,SCAN,0,,,,,100,0,0,0,24,67,OPTOMOTOR,,0.39,0.10,0.04,0.00,0.61,0.00,0.00,,yes,17.2,35,1.141,1,7,0.328,0.842,17,7
120.98,FLYING,SCAN,0,,,,,100,0,0,0,25,67,OPTOMOTOR,,0.40,0.13,0.08,0.00,0.87,0.00,0.00,,yes,18.2,32,2.193,0,4,0.215,0.622,21,4
121.04,FLYING,SCAN,0,,,,,100,0,0,0,32,67,OPTOMOTOR,,0.41,0.14,0.10,0.00,0.61,0.00,0.00,,yes,17.9,33,3.253,0,6,0.421,0.564,24,8
121.09,FLYING,SCAN,0,,,,,100,0,0,0,34,67,OPTOMOTOR,,0.41,0.11,0.11,0.00,0.44,0.00,0.00,,yes,18.1,33,3.842,0,4,0.391,0.437,26,8
121.15,FLYING,SCAN,0,,,,,100,0,0,0,39,67,OPTOMOTOR,,0.27,0.10,0.34,0.00,0.31,0.00,0.00,,yes,18.3,33,5.472,0,8,0.581,0.470,27,12
121.20,FLYING,SCAN,0,,,,,100,0,0,0,38,67,OPTOMOTOR,,0.21,0.14,0.46,0.00,0.44,0.00,0.00,,yes,18.2,32,4.115,0,5,0.507,0.388,28,10
121.26,FLYING,SCAN,0,,,,,100,0,0,0,38,67,OPTOMOTOR,,0.24,0.16,0.30,0.00,0.31,0.00,0.00,,yes,18.5,32,3.153,0,4,0.444,0.338,29,9
121.31,FLYING,SCAN,0,,,,,100,0,0,0,38,67,OPTOMOTOR,,0.26,0.17,0.21,0.00,0.21,0.00,0.00,,yes,18.5,31,3.147,0,5,0.458,0.343,29,9
121.36,FLYING,SCAN,0,,,,,100,0,0,0,38,67,OPTOMOTOR,,0.28,0.22,0.22,0.00,0.15,0.00,0.00,,yes,18.5,31,3.058,0,6,0.430,0.322,29,9
121.42,FLYING,SCAN,0,,,,,100,0,0,0,38,67,OPTOMOTOR,,0.21,0.36,0.25,0.00,1.31,0.00,0.00,,yes,18.6,31,3.173,0,5,0.471,0.348,29,9
121.47,FLYING,SCAN,0,,,,,100,0,0,0,33,67,OPTOMOTOR,,0.11,0.42,0.51,0.00,0.92,0.00,0.00,,yes,18.4,32,0.653,6,7,0.189,0.530,29,4
121.53,FLYING,SCAN,0,,,,,100,0,0,0,31,67,CRUISE,,0.05,0.46,0.64,0.00,0.87,0.00,0.00,,yes,18.6,31,0.664,5,6,0.087,0.680,29,2
121.58,FLYING,SCAN,0,,,,,100,0,0,0,28,67,CRUISE,,0.03,0.47,0.67,0.00,0.87,0.00,0.00,,yes,18.7,32,-2.521,0,0,-0.043,0.411,29,-1
121.63,FLYING,SCAN,0,,,,,100,0,0,0,28,67,CRUISE,,0.01,0.51,0.54,0.00,0.61,0.00,0.00,,yes,18.6,31,-2.583,0,0,-0.073,0.260,29,-1
121.69,FLYING,SCAN,0,,,,,100,0,0,0,26,67,CRUISE,,0.01,0.53,0.46,0.00,0.87,0.00,0.00,,yes,18.6,31,0.222,6,7,-0.151,0.437,29,-3
121.74,FLYING,SCAN,0,,,,,100,0,0,0,26,67,CRUISE,,0.05,0.48,0.42,0.00,0.61,0.00,0.00,,yes,18.0,33,-2.609,1,0,-0.174,0.351,29,-3
121.80,FLYING,SCAN,0,,,,,100,0,0,0,24,67,OPTOMOTOR,,0.07,0.41,0.38,0.00,1.75,0.00,0.00,,yes,18.1,32,-2.276,2,0,-0.261,0.264,29,-5
121.85,FLYING,SCAN,0,,,,,100,0,0,0,26,67,OPTOMOTOR,,0.08,0.31,0.32,0.00,1.22,0.00,0.00,,yes,18.4,32,0.591,4,7,-0.170,0.401,29,-3
121.91,FLYING,SCAN,0,,,,,100,0,0,0,26,67,CRUISE,,0.13,0.26,0.27,0.00,0.87,0.00,0.00,,yes,18.4,32,-2.248,1,0,-0.163,0.288,29,-3
121.96,FLYING,SCAN,0,,,,,100,0,0,0,26,67,CRUISE,,0.15,0.31,0.23,0.00,0.61,0.00,0.00,,yes,18.7,32,0.622,6,7,-0.163,0.467,29,-3
122.02,FLYING,SCAN,0,,,,,100,0,0,0,24,67,OPTOMOTOR,,0.18,0.37,0.22,0.00,1.31,0.00,0.00,,yes,18.3,32,-2.463,1,0,-0.226,0.325,29,-5
122.07,FLYING,SCAN,0,,,,,100,0,0,0,23,67,OPTOMOTOR,,0.32,0.39,0.35,0.00,0.92,0.00,0.00,,yes,18.2,32,-3.190,2,0,-0.316,0.235,29,-6
122.13,FLYING,SCAN,0,,,,,100,0,0,0,25,67,OPTOMOTOR,,0.39,0.35,0.42,0.00,1.31,0.00,0.00,,yes,18.0,33,-0.135,6,8,-0.206,0.442,29,-4
122.19,FLYING,SCAN,0,,,,,100,0,0,0,25,67,OPTOMOTOR,,0.22,0.27,0.30,0.00,0.92,0.00,0.00,,yes,15.1,43,-3.013,1,0,-0.209,0.382,29,-4
122.24,FLYING,SCAN,0,,,,,100,0,0,0,23,67,OPTOMOTOR,,0.13,0.22,0.25,0.00,1.31,0.00,0.00,,yes,19.3,30,-1.326,2,0,-0.277,0.282,29,-6
122.30,FLYING,SCAN,0,,,,,100,0,0,0,27,67,OPTOMOTOR,,0.23,0.26,0.25,0.00,0.92,0.00,0.00,,yes,18.3,32,1.023,2,7,-0.116,0.388,29,-2
122.35,FLYING,SCAN,0,,,,,100,0,0,0,28,67,CRUISE,,0.28,0.27,0.25,0.00,0.87,0.00,0.00,,yes,18.0,33,-0.210,5,7,-0.067,0.647,29,-1
122.41,FLYING,SCAN,0,,,,,100,0,0,0,27,67,CRUISE,,0.18,0.23,0.24,0.00,0.61,0.00,0.00,,yes,18.2,32,-0.352,6,7,-0.083,0.798,29,-2
122.46,FLYING,SCAN,0,,,,,100,0,0,0,34,66,CRUISE,,0.13,0.22,0.23,0.00,0.43,0.00,0.00,,yes,18.3,32,1.277,0,8,0.227,0.759,29,5
122.52,FLYING,SCAN,0,,,,,100,0,0,0,28,66,CRUISE,,0.08,0.25,0.29,0.00,0.87,0.00,0.00,,yes,18.5,31,-1.326,2,0,-0.029,0.522,29,-1
122.57,FLYING,SCAN,0,,,,,100,0,0,0,26,66,CRUISE,,0.14,0.28,0.41,0.00,0.61,0.00,0.00,,yes,18.5,31,-2.716,1,0,-0.138,0.342,29,-3
122.63,FLYING,SCAN,0,,,,,100,0,0,0,26,66,CRUISE,,0.18,0.29,0.49,0.00,0.87,0.00,0.00,,yes,18.2,32,-0.266,6,8,-0.149,0.588,29,-3
122.68,FLYING,SCAN,0,,,,,100,0,0,0,24,66,OPTOMOTOR,,0.26,0.27,0.52,0.00,0.61,0.00,0.00,,yes,18.6,31,-3.951,2,0,-0.266,0.426,29,-5
122.73,FLYING,SCAN,0,,,,,100,0,0,0,23,66,OPTOMOTOR,,0.31,0.26,0.54,0.00,0.87,0.00,0.00,,yes,18.4,32,-0.288,6,6,-0.279,0.598,29,-6
122.79,FLYING,SCAN,0,,,,,100,0,0,0,23,66,OPTOMOTOR,,0.34,0.31,0.55,0.00,0.61,0.00,0.00,,yes,18.7,32,-3.571,2,0,-0.283,0.475,29,-6
122.84,FLYING,SCAN,0,,,,,100,0,0,0,23,66,OPTOMOTOR,,0.26,0.34,0.60,0.00,1.31,0.00,0.00,,yes,18.5,31,-2.396,1,0,-0.275,0.315,29,-6
122.90,FLYING,SCAN,0,,,,,100,0,0,0,26,66,OPTOMOTOR,,0.23,0.36,0.62,0.00,0.92,0.00,0.00,,yes,18.5,31,0.786,3,7,-0.128,0.382,29,-3
122.95,FLYING,SCAN,0,,,,,100,0,0,0,26,66,CRUISE,,0.25,0.31,0.42,0.00,0.87,0.00,0.00,,yes,18.4,32,-1.230,3,1,-0.158,0.377,29,-3
123.00,FLYING,SCAN,0,,,,,100,0,0,0,25,66,CRUISE,,0.28,0.25,0.24,0.00,0.61,0.00,0.00,,yes,18.5,31,-0.701,5,5,-0.186,0.546,29,-4
123.06,FLYING,SCAN,0,,,,,100,0,0,0,29,66,CRUISE,,0.29,0.22,0.15,0.00,0.87,0.00,0.00,,yes,18.4,32,1.118,2,8,-0.010,0.684,29,0
123.11,FLYING,SCAN,0,,,,,100,0,0,0,27,66,CRUISE,,0.25,0.25,0.26,0.00,0.87,0.00,0.00,,yes,18.4,32,-1.261,2,1,-0.122,0.499,29,-2
123.17,FLYING,SCAN,0,,,,,100,0,0,0,25,66,CRUISE,,0.22,0.28,0.61,0.00,0.61,0.00,0.00,,yes,18.2,32,-1.989,2,0,-0.195,0.362,29,-4
123.22,FLYING,SCAN,0,,,,,100,0,0,0,26,66,OPTOMOTOR,,0.21,0.30,0.79,0.00,0.87,0.00,0.00,,yes,18.6,31,0.500,4,8,-0.133,0.561,29,-3
123.28,FLYING,SCAN,0,,,,,100,0,0,0,25,66,CRUISE,,0.11,0.30,0.74,0.00,1.31,0.00,0.00,,yes,18.4,32,-2.750,2,0,-0.206,0.426,29,-4
123.33,FLYING,SCAN,0,,,,,100,0,0,0,26,66,OPTOMOTOR,,0.05,0.25,0.55,0.00,0.92,0.00,0.00,,yes,18.4,32,0.165,5,8,-0.157,0.530,29,-3
123.39,FLYING,SCAN,0,,,,,100,0,0,0,-5,66,CRUISE,,0.03,0.23,0.45,0.00,0.87,0.00,0.00,,yes,18.3,32,-3.035,2,0,-0.225,0.465,0,-5
123.44,FLYING,SCAN,0,,,,,100,0,0,0,-5,66,OPTOMOTOR,,0.14,0.22,0.32,0.00,0.61,0.00,0.00,,yes,18.5,31,-5.685,2,0,-0.268,0.329,0,-5
123.49,FLYING,SCAN,0,,,,,100,0,0,0,-7,66,OPTOMOTOR,,0.22,0.21,0.26,0.00,0.87,0.00,0.00,,yes,18.1,32,-2.915,1,0,-0.353,0.233,0,-7
123.55,FLYING,SCAN,0,,,,,100,0,0,0,-8,66,OPTOMOTOR,,0.27,0.31,0.37,0.00,0.61,0.00,0.00,,yes,18.2,32,-5.587,2,0,-0.419,0.198,0,-8
123.60,FLYING,SCAN,0,,,,,100,0,0,0,-8,66,OPTOMOTOR,,0.37,0.36,0.58,0.00,0.87,0.00,0.00,,yes,18.1,33,-5.426,2,0,-0.415,0.178,0,-8
123.66,FLYING,SCAN,0,,,,,100,0,0,0,-8,66,OPTOMOTOR,,0.43,0.34,0.69,0.00,0.61,0.00,0.00,,yes,18.1,33,-1.790,2,0,-0.413,0.167,0,-8
123.72,FLYING,SCAN,0,,,,,100,0,0,0,-8,66,OPTOMOTOR,,0.37,0.32,0.64,0.00,0.43,0.00,0.00,,yes,17.5,35,-2.073,2,0,-0.386,0.146,0,-8
123.77,FLYING,SCAN,0,,,,,100,0,0,0,-8,66,OPTOMOTOR,,0.31,0.18,0.46,0.00,0.30,0.00,0.00,,yes,18.0,33,-1.763,2,0,-0.400,0.149,0,-8
123.83,FLYING,SCAN,0,,,,,100,0,0,0,-8,66,OPTOMOTOR,,0.24,0.11,0.33,0.00,0.44,0.00,0.00,,yes,18.1,32,-0.984,2,1,-0.405,0.170,0,-8
123.88,FLYING,SCAN,0,,,,,100,0,0,0,-8,66,OPTOMOTOR,,0.14,0.08,0.27,0.00,0.44,0.00,0.00,,yes,18.5,32,-2.410,2,0,-0.407,0.162,0,-8
123.93,FLYING,SCAN,0,,,,,100,0,0,0,-7,66,OPTOMOTOR,,0.09,0.06,0.29,0.00,0.31,0.00,0.00,,yes,19.4,29,-2.358,2,0,-0.342,0.129,0,-7
123.99,FLYING,SCAN,0,,,,,100,0,0,0,-6,66,OPTOMOTOR,,0.06,0.05,0.29,0.00,0.44,0.00,0.00,,,18.3,32,-1.979,1,0,-0.288,0.106,0,-6
124.04,FLYING,SCAN,0,,,,,100,0,0,0,-7,66,OPTOMOTOR,,0.14,0.11,0.38,0.00,0.31,0.00,0.00,,,18.4,32,-1.112,2,1,-0.346,0.146,0,-7
124.10,FLYING,SCAN,0,,,,,100,0,0,0,-6,66,OPTOMOTOR,,0.18,0.39,0.48,0.00,0.87,0.00,0.00,,,18.2,32,-2.647,1,0,-0.291,0.115,0,-6
124.15,FLYING,SCAN,0,,,,,100,0,0,0,-7,66,OPTOMOTOR,,0.20,0.58,0.54,0.00,0.61,0.00,0.00,,,18.2,33,-1.449,2,0,-0.347,0.132,0,-7
124.21,FLYING,SCAN,0,,,,,100,0,0,0,-4,66,OPTOMOTOR,,0.17,0.67,0.51,0.00,0.44,0.00,0.00,,,18.0,33,-2.679,0,0,-0.204,0.074,0,-4
124.26,FLYING,SCAN,0,,,,,100,0,0,0,-6,66,OPTOMOTOR,,0.16,0.43,0.35,0.00,0.31,0.00,0.00,,,18.2,32,-2.084,2,0,-0.299,0.108,0,-6
124.32,FLYING,SCAN,0,,,,,100,0,0,0,-5,66,OPTOMOTOR,,0.16,0.32,0.26,0.00,0.87,0.00,0.00,,,17.8,33,-0.631,5,5,-0.247,0.295,0,-5
124.37,FLYING,SCAN,0,,,,,100,0,0,0,-6,66,OPTOMOTOR,,0.25,0.26,0.30,0.00,0.61,0.00,0.00,,,17.9,33,-1.122,3,2,-0.280,0.404,0,-6
124.43,FLYING,SCAN,0,,,,,100,0,0,0,-6,66,OPTOMOTOR,,0.29,0.23,0.31,0.00,0.87,0.00,0.00,,,18.0,33,-1.594,2,0,-0.287,0.337,0,-6
124.48,FLYING,SCAN,0,,,,,100,0,0,0,-7,66,OPTOMOTOR,,0.14,0.15,0.25,0.00,0.61,0.00,0.00,,,18.3,33,-1.096,4,1,-0.334,0.328,0,-7
124.54,FLYING,SCAN,0,,,,,100,0,0,0,-7,66,OPTOMOTOR,,0.07,0.09,0.22,0.00,0.87,0.00,0.00,,,18.2,32,-1.656,2,0,-0.358,0.294,0,-7
124.59,FLYING,SCAN,0,,,,,100,0,0,0,4,66,OPTOMOTOR,,0.08,0.06,0.24,0.00,0.61,0.00,0.00,,,18.1,32,-0.701,6,5,-0.299,0.418,10,-6
124.65,FLYING,SCAN,0,,,,,100,0,0,0,13,66,OPTOMOTOR,,0.08,0.05,0.25,0.00,0.43,0.00,0.00,,,17.6,34,-0.195,6,8,-0.198,0.674,17,-4
124.71,FLYING,SCAN,0,,,,,100,0,0,0,20,66,CRUISE,,0.09,0.05,0.28,0.00,0.87,0.00,0.00,,yes,18.1,32,0.008,6,8,-0.069,0.833,21,-1
124.76,FLYING,SCAN,0,,,,,100,0,0,0,25,66,CRUISE,,0.05,0.05,0.47,0.00,0.61,0.00,0.00,,yes,17.9,33,1.008,3,5,0.027,0.764,24,1
124.82,FLYING,SCAN,0,,,,,100,0,0,0,29,66,CRUISE,,0.03,0.09,0.56,0.00,1.31,0.00,0.00,,yes,18.4,32,2.549,0,7,0.172,0.635,26,3
124.87,FLYING,SCAN,0,,,,,100,0,0,0,30,66,CRUISE,,0.28,0.17,0.38,0.00,0.92,0.00,0.00,,yes,18.4,32,2.714,0,4,0.166,0.448,27,3
124.93,FLYING,SCAN,0,,,,,100,0,0,0,32,66,CRUISE,,0.41,0.21,0.28,0.00,0.87,0.00,0.00,,yes,18.2,32,2.950,0,3,0.219,0.338,28,4
124.98,FLYING,SCAN,0,,,,,100,0,0,0,36,66,OPTOMOTOR,,0.20,0.17,0.24,0.00,0.61,0.00,0.00,,yes,18.4,32,1.962,0,4,0.363,0.338,29,7
125.04,FLYING,SCAN,0,,,,,100,0,0,0,36,66,OPTOMOTOR,,0.10,0.11,0.25,0.00,0.87,0.00,0.00,,yes,15.6,30,2.280,0,2,0.337,0.257,29,7
125.10,FLYING,SCAN,0,,,,,100,0,0,0,33,66,OPTOMOTOR,,0.05,0.08,0.27,0.00,0.87,0.00,0.00,,yes,18.5,31,-1.696,1,0,0.199,0.164,29,4
125.15,FLYING,SCAN,0,,,,,100,0,0,0,27,66,CRUISE,,0.03,0.09,0.28,0.00,0.61,0.00,0.00,,yes,18.3,31,0.422,5,5,-0.107,0.326,29,-2
125.21,FLYING,SCAN,0,,,,,100,0,0,0,25,66,CRUISE,,0.01,0.13,0.56,0.00,1.75,0.00,0.00,,yes,18.5,31,-2.706,2,0,-0.215,0.336,29,-4
125.26,FLYING,SCAN,0,,,,,100,0,0,0,25,66,OPTOMOTOR,,0.28,0.60,0.93,0.00,1.22,0.00,0.00,,yes,18.7,31,0.271,6,8,-0.187,0.499,29,-4
125.32,FLYING,SCAN,0,,,,,100,0,0,0,24,66,OPTOMOTOR,,0.41,0.83,1.12,0.00,0.86,0.00,0.00,,yes,17.0,37,-1.901,2,0,-0.246,0.348,29,-5
125.37,FLYING,SCAN,0,,,,,100,0,0,0,25,66,OPTOMOTOR,,0.34,0.71,0.88,0.00,0.60,0.00,0.00,,yes,19.4,29,-0.024,5,8,-0.192,0.601,29,-4
125.42,FLYING,SCAN,0,,,,,100,0,0,0,29,66,CRUISE,,0.31,0.65,0.54,0.00,1.31,0.00,0.00,,yes,18.6,31,1.630,0,5,-0.009,0.534,29,0
125.48,FLYING,SCAN,0,,,,,100,0,0,0,33,66,CRUISE,,0.36,0.63,0.36,0.00,0.92,0.00,0.00,,yes,18.7,32,1.135,1,6,0.176,0.520,29,4
125.53,FLYING,SCAN,0,,,,,100,0,0,0,34,66,OPTOMOTOR,,0.39,0.62,0.28,0.00,0.64,0.00,0.00,,yes,18.5,31,2.280,0,3,0.242,0.407,29,5
125.59,FLYING,SCAN,0,,,,,100,0,0,0,32,66,OPTOMOTOR,,0.27,0.56,0.14,0.00,0.45,0.00,0.00,,yes,18.8,32,0.532,5,6,0.129,0.596,29,3
125.64,FLYING,SCAN,0,,,,,100,0,0,0,36,66,OPTOMOTOR,,0.19,0.40,0.07,0.00,1.75,0.00,0.00,,yes,18.3,32,1.224,2,8,0.353,0.626,29,7
125.69,FLYING,SCAN,0,,,,,100,0,0,0,30,66,CRUISE,,0.17,0.45,0.20,0.00,1.22,0.00,0.00,,yes,18.7,32,-3.808,1,0,0.062,0.472,29,1
125.75,FLYING,SCAN,0,,,,,100,0,0,0,28,66,CRUISE,,0.22,0.95,0.56,0.00,1.75,0.00,0.00,,yes,18.6,31,-5.708,1,0,-0.068,0.313,29,-1
125.80,FLYING,SCAN,0,,,,,100,0,0,0,28,66,CRUISE,,0.25,1.21,0.74,0.00,1.22,0.00,0.00,,yes,18.5,31,-4.798,1,0,-0.063,0.195,29,-1
125.86,FLYING,SCAN,0,,,,,100,0,0,0,26,66,CRUISE,,0.27,1.25,0.73,0.00,1.75,0.00,0.00,,yes,18.6,31,-0.064,6,7,-0.159,0.401,29,-3
125.91,FLYING,SCAN,0,,,,,100,0,0,0,25,66,CRUISE,,0.53,1.13,0.71,0.00,1.22,0.00,0.00,,yes,18.4,32,-3.238,1,0,-0.183,0.359,29,-4
125.96,FLYING,SCAN,0,,,,,100,0,0,0,26,66,OPTOMOTOR,,0.66,1.07,0.67,0.00,0.87,0.00,0.00,,yes,18.4,32,0.566,5,7,-0.168,0.503,29,-3
126.02,FLYING,SCAN,0,,,,,100,0,0,0,25,66,CRUISE,,0.33,0.80,0.60,0.00,0.61,0.00,0.00,,yes,18.8,31,-1.513,2,0,-0.224,0.392,29,-4
126.07,FLYING,SCAN,0,,,,,100,0,0,0,24,66,CRUISE,,0.16,0.66,0.47,0.00,0.43,0.00,0.00,,yes,18.4,32,-2.413,2,0,-0.248,0.259,29,-5
126.13,FLYING,SCAN,0,,,,,100,0,0,0,25,66,OPTOMOTOR,,0.11,0.59,0.50,0.00,1.31,0.00,0.00,,yes,18.5,31,0.024,6,8,-0.191,0.556,29,-4
126.18,FLYING,SCAN,0,,,,,100,0,0,0,26,66,CRUISE,,0.15,0.53,0.63,0.00,0.92,0.00,0.00,,yes,18.6,31,-3.887,0,0,-0.165,0.341,29,-3
126.23,FLYING,SCAN,0,,,,,100,0,0,0,24,66,CRUISE,,0.16,0.46,0.69,0.00,1.31,0.00,0.00,,yes,18.5,31,-4.560,2,0,-0.238,0.244,29,-5
126.29,FLYING,SCAN,0,,,,,100,0,0,0,23,66,OPTOMOTOR,,0.16,0.33,0.69,0.00,0.92,0.00,0.00,,yes,18.9,31,-0.734,6,4,-0.282,0.357,29,-6
126.34,FLYING,SCAN,0,,,,,100,0,0,0,23,66,OPTOMOTOR,,0.16,0.25,0.66,0.00,1.31,0.00,0.00,,yes,18.5,31,-2.601,1,0,-0.283,0.249,29,-6
126.39,FLYING,SCAN,0,,,,,100,0,0,0,28,66,OPTOMOTOR,,0.19,0.21,0.40,0.00,0.92,0.00,0.00,,yes,18.5,32,1.046,0,7,-0.037,0.316,29,-1
126.45,FLYING,SCAN,0,,,,,100,0,0,0,26,66,CRUISE,,0.22,0.21,0.27,0.00,2.18,0.00,0.00,,yes,18.2,32,-0.614,5,5,-0.137,0.512,29,-3
126.50,FLYING,SCAN,0,,,,,100,0,0,0,27,66,CRUISE,,0.23,0.21,0.34,0.00,1.53,0.00,0.00,,yes,18.5,31,-0.145,6,8,-0.093,0.713,29,-2
126.56,FLYING,SCAN,0,,,,,100,0,0,0,28,66,CRUISE,,0.17,0.18,0.38,0.00,1.07,0.00,0.00,,yes,18.5,32,1.731,0,2,-0.053,0.525,29,-1
126.61,FLYING,SCAN,0,,,,,100,0,0,0,30,66,CRUISE,,0.15,0.12,0.26,0.00,0.75,0.00,0.00,,yes,18.4,32,0.237,6,7,0.056,0.672,29,1
126.67,FLYING,SCAN,0,,,,,100,0,0,0,31,66,CRUISE,,0.10,0.08,0.20,0.00,0.52,0.00,0.00,,yes,18.5,31,1.749,0,4,0.103,0.555,29,2
126.72,FLYING,SCAN,0,,,,,100,0,0,0,32,66,CRUISE,,0.06,0.06,0.17,0.00,0.37,0.00,0.00,,yes,18.4,32,0.204,6,7,0.143,0.718,29,3
126.77,FLYING,SCAN,0,,,,,100,0,0,0,34,66,CRUISE,,0.05,0.06,0.15,0.00,0.26,0.00,0.00,,yes,18.3,32,0.997,3,8,0.227,0.714,29,5
126.83,FLYING,SCAN,0,,,,,100,0,0,0,33,66,CRUISE,,0.26,0.06,0.14,0.00,0.44,0.00,0.00,,yes,18.5,31,2.289,0,4,0.205,0.535,29,4
126.89,FLYING,SCAN,0,,,,,100,0,0,0,36,66,OPTOMOTOR,,0.37,0.08,0.18,0.00,0.31,0.00,0.00,,yes,16.5,38,1.080,1,6,0.333,0.520,29,7
126.94,FLYING,SCAN,0,,,,,100,0,0,0,34,66,OPTOMOTOR,,0.28,0.09,0.20,0.00,0.87,0.00,0.00,,yes,19.7,30,0.630,6,8,0.235,0.732,29,5
126.99,FLYING,SCAN,0,,,,,100,0,0,0,27,66,CRUISE,,0.14,0.09,0.21,0.00,0.87,0.00,0.00,,yes,18.5,31,-1.653,2,0,-0.078,0.521,29,-2
127.05,FLYING,SCAN,0,,,,,100,0,0,0,28,66,CRUISE,,0.17,0.09,0.33,0.00,0.61,0.00,0.00,,yes,18.5,31,0.833,4,7,-0.052,0.560,29,-1
127.10,FLYING,SCAN,0,,,,,100,0,0,0,-3,66,CRUISE,,0.18,0.18,0.45,0.00,0.44,0.00,0.00,,yes,18.5,31,-1.537,2,1,-0.128,0.430,0,-3
127.16,FLYING,SCAN,0,,,,,100,0,0,0,-4,66,CRUISE,,0.22,0.22,0.50,0.00,0.31,0.00,0.00,,yes,18.5,31,-2.455,2,0,-0.194,0.294,0,-4
127.21,FLYING,SCAN,0,,,,,100,0,0,0,-4,66,CRUISE,,0.27,0.24,0.56,0.00,1.75,0.00,0.00,,yes,18.2,32,-5.082,1,0,-0.213,0.185,0,-4
127.27,FLYING,SCAN,0,,,,,100,0,0,0,-4,66,OPTOMOTOR,,0.52,0.24,0.69,0.00,1.22,0.00,0.00,,yes,18.0,32,-2.266,0,0,-0.219,0.118,0,-4
127.32,FLYING,SCAN,0,,,,,100,0,0,0,-5,66,OPTOMOTOR,,1.09,0.38,1.14,0.00,0.87,0.00,0.00,,yes,18.3,32,-4.059,1,0,-0.257,0.114,0,-5
127.38,FLYING,SCAN,0,,,,,100,0,0,0,-6,66,OPTOMOTOR,,1.95,1.19,1.42,0.00,0.61,0.27,0.00,,yes,18.2,32,-1.798,2,0,-0.291,0.117,0,-6
127.43,FLYING,SCAN,0,,,,,100,0,0,0,-2,66,OPTOMOTOR,,2.40,1.63,1.81,0.41,0.44,0.58,0.28,,yes,17.6,34,-0.526,5,8,-0.178,0.357,0,-2
127.49,FLYING,SCAN,0,,,,,100,0,0,0,-1,66,ESCAPE,,2.63,1.85,2.00,0.75,0.31,0.76,0.45,,yes,18.0,33,-0.255,6,7,-0.201,0.606,0,-1
127.54,FLYING,SCAN,0,,,,,100,0,0,0,-1,66,ESCAPE,,1.61,0.99,1.13,0.71,0.21,0.30,0.06,,yes,17.9,33,-0.447,6,7,-0.151,0.789,0,-1
127.60,FLYING,SCAN,0,,,,,100,0,0,0,-2,66,ESCAPE,,0.93,0.56,0.70,0.40,0.15,0.00,0.00,,yes,18.5,32,-0.427,6,5,-0.142,0.840,0,-2
127.65,FLYING,SCAN,0,,,,,100,0,0,0,-1,66,ESCAPE,,0.58,0.34,0.49,0.23,0.44,0.00,0.00,,yes,18.6,31,-0.265,6,7,-0.064,0.892,0,-1
127.71,FLYING,SCAN,0,,,,,100,0,0,0,1,66,ESCAPE,,0.53,0.23,0.31,0.13,0.31,0.00,0.00,,,18.1,33,-0.431,5,7,0.067,0.917,0,1
127.76,FLYING,SCAN,0,,,,,100,0,0,0,-1,66,ESCAPE,,0.51,0.18,0.22,0.07,0.21,0.00,0.00,,,18.1,33,-0.236,6,7,-0.070,0.936,0,-1
127.82,FLYING,SCAN,0,,,,,100,0,0,0,1,66,ESCAPE,,0.49,0.17,0.17,0.04,0.87,0.00,0.00,,,18.0,33,-0.456,5,7,0.058,0.927,0,1
127.87,FLYING,SCAN,0,,,,,100,0,0,0,0,66,ESCAPE,,0.60,0.17,0.14,0.02,0.61,0.00,0.00,,,18.0,33,-0.146,6,8,0.016,0.932,0,0
127.93,FLYING,SCAN,0,,,,,100,0,0,0,0,66,ESCAPE,,0.66,0.17,0.12,0.01,0.44,0.00,0.00,,,18.0,33,-0.058,6,7,-0.016,0.973,0,0
127.98,FLYING,SCAN,0,,,,,100,0,0,0,0,66,ESCAPE,,0.40,0.08,0.06,0.01,0.31,0.00,0.00,,,18.1,33,-0.298,6,8,0.018,0.972,0,0
128.04,FLYING,SCAN,0,,,,,100,0,0,0,1,66,ESCAPE,,0.27,0.04,0.03,0.00,0.44,0.00,0.00,,,18.5,32,-0.114,5,7,0.048,0.962,0,1
128.09,FLYING,SCAN,0,,,,,100,0,0,0,-1,66,ESCAPE,,0.20,0.15,0.25,0.00,0.31,0.00,0.00,,,18.2,32,-0.309,6,8,-0.040,0.980,0,-1
128.15,FLYING,SCAN,0,,,,,100,0,0,0,1,66,ESCAPE,,0.21,0.21,0.37,0.00,0.44,0.00,0.00,,,17.9,33,-0.147,6,7,0.046,0.985,0,1
128.21,FLYING,SCAN,0,,,,,100,0,0,0,0,66,ESCAPE,,0.33,0.22,0.34,0.00,0.31,0.00,0.00,,,17.9,34,-0.246,6,6,0.011,0.969,0,0
128.26,FLYING,SCAN,0,,,,,100,0,0,0,2,66,ESCAPE,,0.39,0.21,0.30,0.00,0.21,0.00,0.00,,,18.0,33,-0.228,6,8,0.096,0.984,0,2
128.32,FLYING,SCAN,0,,,,,100,0,0,0,10,66,ESCAPE,,0.31,0.19,0.26,0.00,0.15,0.00,0.00,,,18.0,33,-0.079,6,8,0.012,1.000,10,0
128.38,FLYING,SCAN,0,,,,,100,0,0,0,22,66,ESCAPE,,0.27,0.18,0.24,0.00,0.10,0.00,0.00,,yes,16.2,39,1.076,4,8,0.228,0.975,17,5
128.43,FLYING,SCAN,0,,,,,100,0,0,0,29,66,ESCAPE,,0.22,0.14,0.16,0.00,0.07,0.00,0.00,,yes,18.2,32,2.101,0,6,0.406,0.778,21,8
128.49,FLYING,SCAN,0,,,,,100,0,0,0,31,66,ESCAPE,,0.19,0.11,0.10,0.00,0.05,0.00,0.00,,yes,17.9,33,2.398,0,5,0.362,0.619,24,7
128.54,FLYING,SCAN,0,,,,,100,0,0,0,32,66,ESCAPE,,0.17,0.09,0.07,0.00,0.87,0.00,0.00,,yes,19.4,29,2.743,0,4,0.321,0.467,26,6
128.59,FLYING,SCAN,0,,,,,100,0,0,0,36,66,ESCAPE,,0.14,0.09,0.16,0.00,0.61,0.00,0.00,,yes,18.6,32,2.665,0,5,0.447,0.430,27,9
128.65,FLYING,SCAN,0,,,,,100,0,0,0,38,66,ESCAPE,,0.10,0.09,0.21,0.00,0.43,0.00,0.00,,yes,18.6,31,3.015,0,3,0.510,0.399,28,10
128.70,FLYING,SCAN,0,,,,,100,0,0,0,37,66,ESCAPE,,0.07,0.09,0.11,0.00,0.30,0.00,0.00,,yes,18.3,32,3.237,0,3,0.384,0.296,29,8
128.76,FLYING,SCAN,0,,,,,100,0,0,0,36,66,ESCAPE,,0.06,0.10,0.07,0.00,0.87,0.00,0.00,,yes,18.6,31,3.141,0,3,0.330,0.238,29,7
128.81,FLYING,SCAN,0,,,,,100,0,0,0,31,66,ESCAPE,,0.11,0.13,0.23,0.00,0.61,0.00,0.00,,yes,18.5,31,-0.288,5,7,0.123,0.520,29,2
128.87,FLYING,SCAN,0,,,,,100,0,0,0,29,66,ESCAPE,,0.14,0.15,0.32,0.00,0.44,0.00,0.00,,yes,18.4,32,-0.555,6,6,0.009,0.679,29,0
128.92,FLYING,SCAN,0,,,,,100,0,0,0,31,66,ESCAPE,,0.10,0.10,0.21,0.00,0.31,0.00,0.00,,yes,18.4,32,1.316,1,5,0.121,0.625,29,2
128.97,FLYING,SCAN,0,,,,,100,0,0,0,28,66,ESCAPE,,0.08,0.08,0.16,0.00,1.31,0.00,0.00,,yes,18.5,31,-4.169,2,0,-0.035,0.419,29,-1
129.12,FLYING,SCAN,0,,,,,100,0,0,0,30,66,ESCAPE,,0.04,0.08,0.16,0.00,0.92,0.00,0.00,,yes,7.0,31,6.209,0,3,0.029,0.307,29,1
129.17,FLYING,SCAN,0,,,,,100,0,0,0,33,66,ESCAPE,,0.04,0.08,0.19,0.00,0.64,0.00,0.00,,yes,18.2,32,1.154,2,6,0.185,0.426,29,4
129.23,FLYING,SCAN,0,,,,,100,0,0,0,30,66,CRUISE,,0.05,0.10,0.20,0.00,0.45,0.00,0.00,,yes,18.5,31,-4.595,2,0,0.041,0.292,29,1
129.28,FLYING,SCAN,0,,,,,100,0,0,0,28,66,CRUISE,,0.05,0.11,0.27,0.00,0.87,0.00,0.00,,yes,18.5,31,-1.099,2,1,-0.065,0.236,29,-1
129.33,FLYING,SCAN,0,,,,,100,0,0,0,24,66,CRUISE,,0.02,0.11,0.30,0.00,0.61,0.00,0.00,,yes,18.2,32,-1.210,4,0,-0.265,0.238,29,-5
129.39,FLYING,SCAN,1,,,,,100,0,0,0,26,66,CRUISE,,0.01,0.10,0.25,0.00,0.44,0.00,0.00,,yes,19.4,29,0.809,5,7,-0.127,0.463,29,-3
129.44,FLYING,SCAN,1,,,,,100,0,0,0,25,66,CRUISE,,0.04,0.09,0.20,0.00,0.31,0.00,0.00,,yes,18.3,32,-2.921,1,0,-0.191,0.337,29,-4
129.49,FLYING,SCAN,1,,,,,100,0,0,0,25,66,OPTOMOTOR,,0.05,0.11,0.18,0.00,0.87,0.00,0.00,,yes,19.6,29,-0.001,6,7,-0.205,0.566,29,-4
129.55,FLYING,SCAN,1,,,,,100,0,0,0,24,66,OPTOMOTOR,,0.07,0.12,0.27,0.00,0.61,0.00,0.00,,yes,18.2,32,-3.167,2,0,-0.248,0.457,29,-5
129.60,FLYING,SCAN,1,,,,,100,0,0,0,25,66,OPTOMOTOR,,0.08,0.12,0.34,0.00,1.31,0.00,0.00,,yes,19.5,29,-2.106,0,0,-0.212,0.271,29,-4
129.65,FLYING,SCAN,1,,,,,100,0,0,0,25,66,OPTOMOTOR,,0.16,0.18,0.54,0.00,0.92,0.00,0.00,,yes,18.5,32,0.519,6,7,-0.209,0.472,29,-4
129.70,FLYING,SCAN,1,rotten,0.74,0.52,4.9,100,0,0,0,-5,66,OPTOMOTOR,,0.19,0.22,0.64,0.00,0.87,0.00,0.00,,yes,19.5,29,-1.983,2,0,-0.243,0.347,0,-5
129.76,FLYING,SCAN,1,rotten,0.74,0.52,4.9,100,0,0,0,-7,66,OPTOMOTOR,,0.14,0.20,0.60,0.00,1.31,0.00,0.00,,yes,18.1,33,-2.783,2,0,-0.339,0.262,0,-7
129.81,FLYING,SCAN,1,rotten,0.30,0.63,4.9,100,0,0,0,-8,66,OPTOMOTOR,,0.12,0.19,0.58,0.00,1.31,0.00,0.00,,yes,19.9,29,-5.630,1,0,-0.407,0.195,0,-8
129.86,FLYING,SCAN,1,rotten,0.30,0.63,4.9,100,0,0,0,-8,66,OPTOMOTOR,,0.13,0.19,0.87,0.00,0.92,0.00,0.00,,yes,18.5,31,-4.880,2,0,-0.408,0.176,0,-8
129.92,FLYING,SCAN,1,rotten,0.30,0.63,4.9,100,0,0,0,-8,66,OPTOMOTOR,,0.14,0.15,1.02,0.00,1.31,0.00,0.00,,yes,18.0,33,-2.802,2,0,-0.409,0.166,0,-8
129.98,FLYING,SCAN,1,rotten,0.30,0.63,4.9,100,0,0,0,-6,66,OPTOMOTOR,,0.10,0.12,0.90,0.00,0.92,0.00,0.00,,yes,16.0,40,-3.756,0,0,-0.281,0.108,0,-6
130.04,FLYING,SCAN,1,rotten,0.30,0.63,4.9,100,0,0,0,-7,66,OPTOMOTOR,,0.08,0.10,0.84,0.00,0.87,0.00,0.00,,yes,18.5,32,-0.864,2,1,-0.342,0.146,0,-7
130.09,FLYING,SCAN,1,rotten,0.30,0.63,4.9,100,0,0,0,-4,66,OPTOMOTOR,,0.08,0.17,0.71,0.00,0.61,0.00,0.00,,yes,18.2,32,-0.928,1,2,-0.205,0.226,0,-4
130.14,FLYING,SCAN,1,rotten,0.30,0.63,4.9,100,0,0,0,-6,66,CRUISE,,0.11,0.21,0.65,0.00,0.44,0.00,0.00,,yes,18.6,32,-1.347,2,0,-0.280,0.194,0,-6
130.20,FLYING,SCAN,1,rotten,0.30,0.63,4.9,100,0,0,0,-4,66,OPTOMOTOR,,0.13,0.30,0.73,0.00,0.31,0.00,0.00,,yes,18.2,32,-0.343,6,8,-0.184,0.519,0,-4
130.25,FLYING,SCAN,1,rotten,0.30,0.63,4.9,100,0,0,0,-4,66,CRUISE,,0.23,0.35,0.77,0.00,1.31,0.00,0.00,,yes,18.2,32,-0.005,6,7,-0.178,0.683,0,-4
130.31,FLYING,APPROACH,1,freshripe,0.75,0.81,4.1,100,0,0,6,6,66,CRUISE,,0.34,0.20,0.77,0.00,0.92,0.00,0.00,,,18.6,31,-0.238,5,8,-0.042,0.833,7,-1
130.36,FLYING,APPROACH,1,freshripe,0.75,0.81,4.1,100,0,5,10,13,66,CRUISE,,0.39,0.11,0.74,0.00,0.87,0.00,0.00,,,18.1,32,0.961,1,7,0.103,0.750,11,2
130.42,FLYING,APPROACH,1,freshripe,0.75,0.81,4.1,100,0,8,13,16,66,CRUISE,,0.48,0.07,0.73,0.00,2.18,0.00,0.00,,yes,18.3,31,2.090,0,4,0.125,0.555,14,2
130.47,FLYING,APPROACH,1,freshripe,0.75,0.81,4.1,100,0,10,15,23,66,CRUISE,,0.47,0.03,0.72,0.00,1.53,0.00,0.00,,yes,18.5,32,1.726,0,8,0.342,0.522,16,7
130.53,FLYING,APPROACH,1,freshripe,0.75,0.81,4.1,100,0,12,16,26,66,OPTOMOTOR,,0.52,0.02,0.71,0.00,1.75,0.00,0.00,,yes,18.2,32,1.984,0,4,0.458,0.470,17,9
130.58,FLYING,APPROACH,1,freshripe,0.75,0.81,4.1,100,0,13,17,27,66,OPTOMOTOR,,0.97,0.51,1.16,0.00,1.22,0.00,0.00,,yes,18.3,32,2.011,0,1,0.460,0.384,18,9
130.63,FLYING,APPROACH,1,freshripe,0.75,0.81,4.1,100,0,13,17,29,66,OPTOMOTOR,,1.20,0.84,1.50,0.00,0.86,0.00,0.00,,yes,18.6,31,2.027,0,5,0.480,0.369,19,10
130.69,FLYING,APPROACH,1,freshripe,0.75,0.81,4.1,100,0,14,17,30,66,OPTOMOTOR,,1.37,0.92,1.67,0.00,0.60,0.00,0.08,,yes,18.4,32,2.113,0,6,0.547,0.408,19,11
130.74,FLYING,APPROACH,1,freshripe,0.75,0.81,4.1,100,0,14,18,29,66,OPTOMOTOR,,1.40,0.83,1.74,0.00,0.87,0.00,0.00,,yes,18.0,33,1.786,0,4,0.488,0.363,19,10
130.80,FLYING,APPROACH,1,freshripe,0.75,0.81,4.1,100,0,14,18,28,66,OPTOMOTOR,,1.21,0.74,1.07,0.00,0.61,0.00,0.00,,yes,18.0,33,1.871,0,5,0.461,0.343,19,9
130.85,FLYING,APPROACH,1,freshripe,0.85,0.53,4.0,100,0,14,17,30,66,OPTOMOTOR,,0.61,0.44,0.66,0.00,0.87,0.00,0.00,,yes,19.6,29,1.472,0,6,0.536,0.393,19,11
130.91,FLYING,APPROACH,1,freshripe,0.85,0.53,4.0,100,0,14,17,23,66,OPTOMOTOR,,0.31,0.28,0.46,0.00,0.61,0.00,0.00,,yes,18.1,32,-4.282,2,0,0.186,0.274,19,4
130.96,FLYING,APPROACH,1,rotten,0.59,0.80,4.4,100,0,14,18,21,66,CRUISE,,0.20,0.21,0.36,0.00,1.31,0.00,0.00,,yes,19.2,30,-1.416,1,0,0.103,0.173,19,2
131.01,FLYING,APPROACH,1,rotten,0.59,0.80,4.4,100,0,14,18,15,66,CRUISE,,0.16,0.71,0.82,0.00,0.92,0.00,0.00,,yes,18.0,33,-3.941,2,0,-0.189,0.164,19,-4
131.07,FLYING,APPROACH,1,rotten,0.42,0.75,4.6,100,0,14,19,13,66,OPTOMOTOR,,0.47,0.96,1.05,0.00,1.75,0.00,0.00,,yes,19.3,30,-2.723,2,0,-0.297,0.145,19,-6
131.12,FLYING,APPROACH,1,rotten,0.42,0.75,4.6,100,0,14,19,14,66,OPTOMOTOR,,0.63,1.09,0.91,0.00,1.22,0.00,0.00,,yes,18.1,32,-0.180,6,7,-0.235,0.444,19,-5
131.17,FLYING,APPROACH,1,rotten,0.50,0.87,4.4,100,0,14,19,14,66,OPTOMOTOR,,0.61,1.08,0.84,0.00,1.75,0.00,0.00,,yes,19.6,29,-2.490,2,0,-0.240,0.317,19,-5
131.23,FLYING,APPROACH,1,rotten,0.50,0.87,4.4,100,0,14,19,16,66,OPTOMOTOR,,0.42,1.03,0.91,0.00,1.22,0.00,0.00,,yes,18.2,32,0.609,3,8,-0.118,0.502,18,-2
131.28,FLYING,APPROACH,1,rotten,0.40,0.47,4.9,100,0,14,19,16,66,CRUISE,,0.32,1.01,0.94,0.00,0.87,0.00,0.00,,yes,19.4,29,0.150,6,7,-0.090,0.731,18,-2
131.33,FLYING,APPROACH,1,rotten,0.40,0.47,4.9,100,0,13,19,21,66,CRUISE,,0.30,1.18,0.65,0.00,0.61,0.00,0.00,,yes,18.2,32,1.218,0,7,0.221,0.645,17,4
131.39,FLYING,APPROACH,1,rotten,0.35,0.79,4.9,100,0,13,19,22,66,OPTOMOTOR,,0.30,1.27,0.46,0.00,1.31,0.00,0.00,,yes,19.5,29,1.329,1,6,0.240,0.625,17,5
131.44,FLYING,APPROACH,1,rotten,0.35,0.79,4.9,100,0,13,19,18,66,OPTOMOTOR,,0.29,0.93,0.40,0.00,0.92,0.00,0.00,,yes,18.1,33,-1.181,2,1,0.071,0.452,17,1
131.50,FLYING,APPROACH,1,rotten,0.66,0.46,4.9,100,0,12,18,18,66,CRUISE,,0.58,0.76,0.48,0.00,1.31,0.00,0.00,,yes,17.9,34,0.718,4,8,0.056,0.626,17,1
131.55,FLYING,APPROACH,1,rotten,0.66,0.46,4.9,100,0,12,18,19,66,CRUISE,,0.73,0.57,0.57,0.00,0.92,0.00,0.00,,yes,18.0,33,-0.127,5,7,0.092,0.782,17,2
131.60,FLYING,APPROACH,1,rotten,0.55,0.50,4.8,100,0,12,18,18,66,CRUISE,,0.44,0.48,0.68,0.00,0.64,0.00,0.00,,yes,19.5,30,-0.364,6,7,0.043,0.874,17,1
131.66,FLYING,APPROACH,1,rotten,0.55,0.50,4.8,100,0,12,19,17,66,CRUISE,,0.29,0.35,0.74,0.00,0.45,0.00,0.00,,yes,18.5,32,0.765,6,7,0.003,0.897,17,0
131.71,FLYING,APPROACH,1,freshripe,0.53,0.73,5.1,100,0,12,18,17,66,CRUISE,,0.26,0.28,0.69,0.00,0.31,0.00,0.00,,yes,19.7,29,0.592,4,6,0.047,0.896,16,1
131.76,FLYING,APPROACH,1,freshripe,0.53,0.73,5.1,100,0,11,18,23,66,CRUISE,,0.42,0.35,0.67,0.00,0.44,0.00,0.00,,yes,18.3,32,1.267,0,8,0.333,0.771,16,7
131.81,FLYING,APPROACH,1,rotten,0.65,0.59,5.6,100,0,11,18,17,66,OPTOMOTOR,,0.66,0.39,0.84,0.00,0.31,0.00,0.00,,yes,19.6,30,0.418,5,5,0.110,0.811,15,2
131.87,FLYING,APPROACH,1,rotten,0.65,0.59,5.6,100,0,10,18,18,66,CRUISE,,0.85,0.50,0.93,0.00,0.87,0.00,0.00,,yes,18.2,33,0.618,5,8,0.168,0.890,15,3
131.92,FLYING,APPROACH,1,rotten,0.60,0.70,6.1,100,0,10,18,13,66,CRUISE,,0.94,0.63,0.94,0.00,0.61,0.00,0.00,,yes,19.5,29,-0.636,6,5,-0.107,0.868,15,-2
131.97,FLYING,APPROACH,1,rotten,0.60,0.70,6.1,100,0,10,18,9,66,CRUISE,,0.64,0.69,0.95,0.00,0.87,0.00,0.00,,yes,18.1,33,-3.160,2,0,-0.226,0.598,14,-5
132.04,FLYING,APPROACH,1,rotten,0.54,0.56,6.2,100,0,10,18,9,66,OPTOMOTOR,,0.48,0.72,0.99,0.00,0.61,0.00,0.00,,yes,16.1,29,-0.621,6,5,-0.259,0.589,14,-5
132.09,FLYING,APPROACH,1,rotten,0.54,0.56,6.2,100,0,10,18,9,66,OPTOMOTOR,,0.41,0.73,1.01,0.00,0.87,0.00,0.00,,yes,18.4,32,-1.172,2,1,-0.239,0.503,14,-5
132.14,FLYING,APPROACH,1,rotten,0.30,0.85,6.6,100,0,10,17,9,66,OPTOMOTOR,,0.47,0.77,0.94,0.00,0.61,0.00,0.00,,yes,19.6,29,-2.976,0,0,-0.207,0.297,13,-4
132.20,FLYING,APPROACH,1,rotten,0.30,0.85,6.6,100,0,10,17,8,66,OPTOMOTOR,,0.51,0.89,0.91,0.00,0.44,0.00,0.00,,yes,18.1,32,-0.078,5,7,-0.222,0.525,12,-4
132.25,FLYING,APPROACH,1,rotten,0.83,0.50,6.6,100,0,10,17,8,66,CRUISE,,0.53,0.95,0.97,0.00,0.31,0.00,0.00,,yes,19.5,29,0.213,5,6,-0.164,0.706,11,-3
132.30,FLYING,APPROACH,1,rotten,0.83,0.50,6.6,100,0,10,16,8,66,CRUISE,,0.36,0.75,1.06,0.00,0.87,0.00,0.00,,yes,18.2,32,0.544,6,7,-0.081,0.831,10,-2
132.35,FLYING,FEED,1,rotten,0.79,0.53,7.0,100,0,6,16,5,66,CRUISE,,0.23,0.65,1.06,0.00,0.61,0.00,0.00,,yes,19.8,29,0.483,6,7,-0.067,0.873,6,-1
132.41,FLYING,FEED,1,rotten,0.79,0.53,7.0,100,0,4,16,0,66,CRUISE,,0.16,0.65,1.07,0.00,0.44,0.00,0.00,,yes,18.2,32,-1.514,2,0,-0.192,0.586,4,-4
132.46,FLYING,FEED,1,rotten,0.85,0.70,7.5,99,0,2,15,-1,66,CRUISE,,0.40,0.80,1.08,0.00,0.87,0.00,0.00,,yes,19.6,29,0.292,6,7,-0.157,0.707,2,-3
132.52,FLYING,FEED,1,rotten,0.85,0.70,7.5,99,0,1,15,0,66,CRUISE,,0.88,1.17,1.09,0.00,0.61,0.00,0.00,,yes,18.2,32,0.669,6,8,-0.039,0.822,1,-1
132.57,FLYING,FEED,1,rotten,0.45,0.80,7.7,99,0,1,14,2,66,CRUISE,,1.12,1.53,1.26,0.00,0.87,0.00,0.00,,yes,19.4,29,0.215,5,8,0.055,0.897,1,1
132.62,FLYING,FEED,1,rotten,0.45,0.80,7.7,98,0,0,14,-1,66,CRUISE,,1.04,1.72,1.34,0.00,0.61,0.15,0.15,,yes,17.9,33,0.354,6,7,-0.029,0.896,0,-1
132.67,FLYING,FEED,1,rotten,0.73,0.62,7.8,98,0,0,14,6,66,CRUISE,,0.93,1.25,1.37,0.00,0.43,0.01,0.07,,yes,19.4,29,0.103,4,8,0.125,0.919,4,2
132.73,FLYING,FEED,1,rotten,0.73,0.62,7.8,98,0,0,14,6,66,CRUISE,,0.94,0.92,1.26,0.00,3.05,0.00,0.00,,yes,18.3,32,0.724,6,7,-0.007,0.908,6,0
132.78,FLYING,FEED,1,rotten,0.57,0.46,8.4,97,0,0,14,10,66,CRUISE,,1.27,0.76,1.17,0.00,2.14,0.00,0.00,,yes,19.4,29,2.694,0,3,0.088,0.683,8,2
132.84,FLYING,FEED,1,rotten,0.57,0.46,8.4,97,0,0,14,13,66,CRUISE,,1.44,0.70,1.15,0.00,1.50,0.00,0.00,,yes,18.3,33,7.116,0,3,0.139,0.513,10,3
132.89,FLYING,FEED,1,rotten,0.34,0.64,9.1,97,0,0,14,16,66,CRUISE,,0.96,0.69,1.35,0.00,1.05,0.00,0.00,,yes,19.6,29,1.577,0,5,0.235,0.412,11,5
132.94,FLYING,FEED,1,rotten,0.34,0.64,9.1,96,0,0,14,20,66,OPTOMOTOR,,0.70,0.88,1.49,0.00,1.31,0.00,0.00,,yes,18.3,32,1.474,0,5,0.376,0.385,12,8
132.99,FLYING,FEED,1,rotten,0.43,0.51,10.4,96,0,0,13,23,66,OPTOMOTOR,,0.59,1.01,1.94,0.00,0.92,0.00,0.11,,yes,19.6,30,1.748,0,3,0.449,0.360,14,9
133.05,FLYING,FEED,1,rotten,0.43,0.51,10.4,96,0,0,13,22,66,OPTOMOTOR,,0.56,1.80,2.30,0.26,0.64,0.18,0.43,,yes,16.1,39,1.896,0,4,0.456,0.350,15,7
133.11,FLYING,FEED,0,,,,,96,0,0,8,13,66,AVOID_LEFT,,0.55,2.42,2.48,0.67,0.45,0.59,0.62,,yes,19.1,30,2.755,0,4,0.416,0.316,10,3
133.16,FLYING,FEED,0,,,,,96,0,0,5,9,66,ESCAPE,,0.74,2.74,2.43,0.65,1.75,0.10,0.10,,yes,17.9,33,1.484,0,7,0.497,0.369,6,3
133.22,FLYING,FEED,0,,,,,96,0,0,3,5,66,ESCAPE,,0.89,3.34,2.34,0.94,1.22,0.66,0.66,,yes,18.2,32,1.643,0,5,0.508,0.374,4,1
133.27,FLYING,FEED,0,,,,,96,0,0,2,2,66,ESCAPE,,0.97,3.66,1.88,1.00,1.31,0.78,0.78,,yes,18.2,33,1.317,1,7,0.621,0.463,2,0
133.33,FLYING,FEED,0,,,,,96,0,0,1,1,66,ESCAPE,,1.15,3.82,1.26,1.00,0.92,1.00,1.00,,yes,17.6,34,0.623,6,6,0.263,0.619,1,0
133.38,FLYING,FEED,1,rotten,0.21,0.61,11.6,95,0,0,5,8,66,ESCAPE,,1.24,2.99,0.95,1.00,0.64,0.77,0.77,,yes,19.4,30,-0.351,3,6,0.176,0.677,8,0
133.44,FLYING,FEED,0,,,,,95,0,0,3,5,66,ESCAPE,,1.02,2.14,1.44,1.00,0.45,0.45,0.45,,yes,18.2,32,0.247,5,7,0.106,0.782,5,0
133.49,FLYING,FEED,0,,,,,95,0,0,2,3,66,ESCAPE,,0.88,1.28,1.94,1.00,0.44,0.02,0.35,,yes,17.8,33,0.665,6,7,0.099,0.888,3,0
133.54,FLYING,FEED,1,freshripe,0.48,0.56,9.5,95,0,0,5,9,66,ESCAPE,,0.83,0.86,1.94,0.78,0.31,0.00,0.42,,yes,19.5,29,0.424,5,6,0.024,0.896,9,0
133.60,FLYING,FEED,1,freshripe,0.48,0.56,9.5,95,0,0,8,16,66,ESCAPE,,0.81,0.64,1.64,0.55,0.44,0.00,0.20,,yes,18.2,32,1.248,1,8,0.353,0.804,13,3
133.65,FLYING,FEED,1,freshripe,0.65,0.59,6.3,95,0,0,10,21,66,ESCAPE,,0.80,0.51,1.49,0.31,1.31,0.00,0.00,,yes,19.4,29,1.677,0,6,0.417,0.667,15,6
133.70,FLYING,FEED,0,,,,,95,0,0,6,19,66,ESCAPE,,0.97,0.34,1.54,0.17,0.92,0.00,0.00,,yes,18.4,32,1.523,0,6,0.543,0.590,10,9
133.76,FLYING,FEED,0,,,,,95,0,0,4,13,66,ESCAPE,,1.18,0.26,1.57,0.10,1.75,0.00,0.00,,yes,18.3,32,0.741,6,7,0.413,0.737,6,7
133.81,FLYING,FEED,0,,,,,95,0,0,2,7,66,ESCAPE,,1.29,0.30,0.88,0.06,1.22,0.00,0.00,,yes,18.3,32,-0.563,6,7,0.176,0.806,4,3
133.87,FLYING,FEED,0,,,,,95,0,0,1,0,66,ESCAPE,,1.09,0.33,0.53,0.03,1.31,0.00,0.00,,yes,18.4,32,-1.865,1,0,-0.111,0.558,2,-2
133.92,FLYING,FEED,0,,,,,95,0,0,1,-3,66,ESCAPE,,0.90,0.35,0.46,0.02,0.92,0.00,0.00,,yes,18.9,31,-1.330,2,0,-0.206,0.381,1,-4
133.97,FLYING,FEED,0,,,,,95,0,0,0,-4,66,ESCAPE,,0.75,0.36,0.54,0.01,0.87,0.00,0.00,,yes,18.4,32,-2.254,1,0,-0.250,0.262,1,-5
134.03,FLYING,FEED,0,,,,,95,0,0,0,-4,66,ESCAPE,,0.67,0.36,0.59,0.01,0.61,0.00,0.00,,yes,18.4,32,-0.178,6,7,-0.213,0.539,0,-4
134.08,FLYING,FEED,0,,,,,95,0,0,0,-3,66,ESCAPE,,0.63,0.36,0.62,0.00,0.44,0.00,0.00,,yes,18.6,31,0.239,6,8,-0.155,0.756,0,-3
134.14,FLYING,FEED,0,,,,,95,0,0,0,-1,66,ESCAPE,,0.57,0.34,0.47,0.00,0.31,0.00,0.00,,yes,18.4,32,0.518,5,6,-0.073,0.821,0,-1
134.19,FLYING,FEED,0,,,,,95,0,0,0,0,66,ESCAPE,,0.48,0.33,0.36,0.00,0.44,0.00,0.00,,yes,18.5,32,0.283,6,9,0.015,0.920,0,0
134.24,FLYING,FEED,0,,,,,95,0,0,0,1,66,ESCAPE,,0.50,0.38,0.34,0.00,0.31,0.00,0.00,,yes,18.9,31,0.469,5,6,0.055,0.914,0,1
134.30,FLYING,FEED,0,,,,,95,0,0,0,1,66,ESCAPE,,0.55,0.52,0.35,0.00,0.44,0.00,0.00,,yes,18.3,32,0.235,5,7,0.073,0.929,0,1
134.35,FLYING,FEED,0,,,,,95,0,0,0,1,66,ESCAPE,,0.58,0.59,0.35,0.00,0.31,0.00,0.00,,yes,18.4,32,0.723,6,7,0.069,0.942,0,1
134.41,FLYING,FEED,0,,,,,95,0,0,0,2,66,ESCAPE,,0.63,0.45,0.23,0.00,0.87,0.00,0.00,,,18.4,31,3.009,0,2,0.088,0.711,0,2
134.47,FLYING,FEED,0,,,,,95,0,0,0,2,65,ESCAPE,,0.75,0.37,0.18,0.00,0.61,0.00,0.00,,,15.9,40,0.724,3,5,0.121,0.682,0,2
134.52,FLYING,FEED,0,,,,,95,0,0,0,3,65,ESCAPE,,0.81,0.32,0.22,0.00,0.43,0.00,0.00,,,19.4,29,0.344,5,7,0.146,0.813,0,3
134.58,FLYING,FEED,0,,,,,95,0,0,0,5,65,ESCAPE,,0.56,0.30,0.25,0.00,0.44,0.00,0.00,,,18.5,31,0.242,6,8,0.263,0.939,0,5
134.63,FLYING,FEED,0,,,,,95,0,0,0,3,65,ESCAPE,,0.44,0.33,0.30,0.00,0.31,0.00,0.00,,,18.4,32,0.109,6,7,0.134,0.934,0,3
134.68,FLYING,FEED,0,,,,,95,0,0,0,1,65,ESCAPE,,0.38,0.34,0.33,0.00,0.21,0.00,0.00,,,18.6,31,0.088,5,7,0.055,0.926,0,1
134.74,FLYING,FEED,0,,,,,95,0,0,0,0,65,ESCAPE,,0.37,0.33,0.30,0.00,0.15,0.00,0.00,,,18.5,32,0.137,5,5,-0.017,0.912,0,0
134.79,FLYING,FEED,0,,,,,95,0,0,0,2,65,CRUISE,,0.62,0.27,0.28,0.00,0.10,0.00,0.00,,,18.3,32,0.031,5,7,0.087,0.942,0,2
134.85,FLYING,FEED,0,,,,,95,0,0,0,1,65,CRUISE,,0.74,0.24,0.27,0.00,0.07,0.00,0.00,,,18.3,32,0.132,6,6,0.037,0.945,0,1
134.90,FLYING,FEED,0,,,,,95,0,0,0,2,65,CRUISE,,0.82,0.27,0.26,0.00,0.87,0.00,0.00,,,18.5,31,0.111,5,7,0.102,0.932,0,2
134.96,FLYING,FEED,0,,,,,95,0,0,0,4,65,CRUISE,,0.74,0.32,0.35,0.00,0.61,0.00,0.00,,,18.5,31,0.028,5,8,0.183,0.959,0,4
135.01,FLYING,FEED,0,,,,,95,0,0,0,1,65,CRUISE,,0.82,0.35,0.40,0.00,0.44,0.00,0.00,,,18.4,32,0.154,6,8,0.049,0.978,0,1
135.06,FLYING,FEED,0,,,,,95,0,0,0,0,65,CRUISE,,0.74,0.29,0.36,0.00,0.31,0.00,0.00,,,18.7,32,0.017,6,8,0.005,1.000,0,0
135.12,FLYING,FEED,0,,,,,95,0,0,0,1,65,CRUISE,,0.72,0.26,0.34,0.00,0.44,0.00,0.00,,,18.5,31,0.123,6,7,0.053,0.992,0,1
135.17,FLYING,FEED,0,,,,,95,0,0,0,0,65,CRUISE,,0.63,0.27,0.30,0.00,0.31,0.00,0.00,,,18.2,32,0.206,6,7,0.000,1.000,0,0
135.23,FLYING,FEED,0,,,,,95,0,0,0,0,65,CRUISE,,0.56,0.27,0.30,0.00,0.21,0.00,0.00,,,18.6,31,0.156,6,7,0.009,0.986,0,0
135.28,FLYING,FEED,0,,,,,95,0,0,0,2,65,CRUISE,,0.42,0.24,0.28,0.00,0.15,0.00,0.00,,,18.4,32,0.437,5,7,0.105,0.984,0,2
135.33,FLYING,FEED,0,,,,,95,0,0,0,-1,65,CRUISE,,0.44,0.20,0.26,0.00,0.44,0.00,0.00,,,18.4,32,0.434,6,8,-0.070,0.978,0,-1
135.39,FLYING,FEED,0,,,,,95,0,0,0,1,65,CRUISE,,0.36,0.19,0.25,0.00,0.31,0.00,0.00,,,18.5,31,0.276,6,7,0.029,0.984,0,1
135.44,FLYING,FEED,0,,,,,95,0,0,0,2,65,CRUISE,,0.37,0.20,0.24,0.00,0.21,0.00,0.00,,,18.4,32,0.528,5,8,0.114,0.988,0,2
135.50,FLYING,FEED,0,,,,,95,0,0,0,2,65,CRUISE,,0.37,0.27,0.24,0.00,0.87,0.00,0.00,,,17.9,33,0.735,4,6,0.105,0.933,0,2
135.56,FLYING,FEED,0,,,,,95,0,0,0,2,65,CRUISE,,0.37,0.31,0.18,0.00,0.61,0.00,0.00,,,17.6,32,0.370,5,7,0.101,0.940,0,2
135.61,FLYING,FEED,0,,,,,95,0,0,0,2,65,CRUISE,,0.38,0.33,0.16,0.00,0.44,0.00,0.00,,,18.3,32,0.816,5,7,0.086,0.901,0,2
135.66,FLYING,FEED,0,,,,,95,0,0,0,4,65,CRUISE,,0.76,0.78,0.87,0.00,0.31,0.00,0.00,,,18.6,32,0.445,6,9,0.220,0.979,0,4
135.72,FLYING,FEED,0,,,,,95,0,0,0,5,65,CRUISE,,0.95,1.01,1.23,0.00,0.44,0.00,0.00,,,18.6,31,0.856,3,8,0.267,0.904,0,5
135.77,FLYING,FEED,0,,,,,95,0,0,0,2,65,CRUISE,,0.74,0.86,1.20,0.00,0.31,0.00,0.05,,,18.4,32,0.969,4,6,0.121,0.814,0,2
135.83,FLYING,FEED,0,,,,,95,0,0,0,2,65,CRUISE,,0.57,0.71,0.91,0.00,0.44,0.00,0.00,,,18.3,32,0.537,6,7,0.086,0.878,0,2
135.88,FLYING,FEED,0,,,,,95,0,0,0,4,65,CRUISE,,0.50,0.71,0.62,0.00,0.44,0.00,0.00,,,18.5,31,1.200,2,7,0.205,0.794,0,4
135.94,FLYING,FEED,0,,,,,95,0,0,0,3,65,CRUISE,,0.46,0.72,0.44,0.00,0.31,0.00,0.00,,,16.7,37,0.641,6,8,0.169,0.871,0,3
135.99,FLYING,FEED,0,,,,,95,0,0,0,4,65,CRUISE,,0.47,0.76,0.34,0.00,0.44,0.00,0.00,,,19.3,29,2.251,0,5,0.185,0.671,0,4
136.05,FLYING,FEED,0,,,,,95,0,0,0,7,65,OPTOMOTOR,,0.60,0.86,0.30,0.00,0.44,0.00,0.00,,,18.4,32,1.070,3,7,0.332,0.697,0,7
136.10,FLYING,FEED,0,,,,,95,0,0,0,3,65,CRUISE,,1.24,0.90,0.48,0.00,0.31,0.07,0.00,,,18.5,31,1.730,0,2,0.164,0.488,0,3
136.16,FLYING,FEED,0,,,,,95,0,0,0,7,65,OPTOMOTOR,,1.56,0.88,0.57,0.00,0.21,0.27,0.00,,,18.4,32,0.880,1,7,0.338,0.513,0,7
136.21,FLYING,FEED,0,,,,,95,0,0,0,6,65,OPTOMOTOR,,1.20,0.83,0.44,0.00,0.44,0.00,0.00,,,18.5,31,1.854,0,3,0.306,0.417,0,6
136.26,FLYING,FEED,0,,,,,95,0,0,0,7,65,OPTOMOTOR,,1.02,0.84,0.38,0.00,0.31,0.00,0.00,,,18.5,31,1.929,0,2,0.361,0.344,0,7
136.32,FLYING,FEED,0,,,,,95,0,0,0,7,65,OPTOMOTOR,,1.15,0.85,0.45,0.00,0.44,0.00,0.00,,,18.5,31,0.977,2,6,0.357,0.432,0,7
136.37,FLYING,FEED,0,,,,,95,0,0,0,6,65,OPTOMOTOR,,1.25,0.87,0.64,0.00,0.31,0.07,0.00,,,18.6,31,1.996,0,4,0.279,0.391,0,6
136.43,FLYING,FEED,0,,,,,95,0,0,0,10,65,OPTOMOTOR,,1.30,0.87,0.73,0.00,0.87,0.00,0.00,,,18.5,32,0.935,0,8,0.512,0.444,0,10
136.48,FLYING,FEED,0,,,,,95,0,0,0,11,65,OPTOMOTOR,,1.34,0.88,0.77,0.00,0.61,0.00,0.00,,yes,18.5,31,2.092,0,7,0.529,0.498,0,11
136.53,FLYING,FEED,0,,,,,95,0,0,0,10,65,OPTOMOTOR,,1.51,0.91,0.88,0.00,0.87,0.00,0.00,,yes,18.4,32,1.969,0,4,0.511,0.414,0,10
136.59,FLYING,FEED,0,,,,,95,0,0,0,10,65,OPTOMOTOR,,1.59,0.92,0.97,0.00,0.61,0.09,0.00,,yes,18.6,32,1.002,3,8,0.483,0.543,0,10
136.64,FLYING,FEED,0,,,,,95,0,0,0,7,65,OPTOMOTOR,,1.58,1.01,1.03,0.00,0.87,0.00,0.00,,yes,18.5,31,2.103,0,2,0.371,0.372,0,7
136.70,FLYING,SCAN,0,,,,,95,0,0,0,11,65,OPTOMOTOR,,1.20,1.16,1.04,0.00,0.61,0.00,0.00,,yes,18.5,31,0.978,0,7,0.557,0.429,0,11
136.75,FLYING,SCAN,0,,,,,95,0,0,0,12,65,OPTOMOTOR,,1.00,1.24,1.01,0.00,0.43,0.01,0.01,,yes,18.4,32,1.941,0,5,0.584,0.437,0,12
136.81,FLYING,SCAN,0,,,,,95,0,0,0,8,65,OPTOMOTOR,,0.91,1.32,0.86,0.00,0.87,0.00,0.00,,yes,18.1,32,1.843,0,1,0.404,0.308,0,8
136.86,FLYING,SCAN,0,,,,,95,0,0,0,5,65,OPTOMOTOR,,1.37,1.11,0.74,0.00,0.61,0.00,0.00,,yes,18.3,32,0.892,4,6,0.274,0.450,0,5
136.91,FLYING,SCAN,0,,,,,95,0,0,0,7,65,OPTOMOTOR,,1.60,0.94,0.73,0.00,0.87,0.00,0.00,,yes,18.3,32,1.545,0,4,0.345,0.430,0,7
136.97,FLYING,SCAN,0,,,,,95,0,0,0,5,65,OPTOMOTOR,,1.61,0.85,0.74,0.00,0.61,0.10,0.00,,yes,18.3,32,0.486,6,8,0.245,0.623,0,5
137.03,FLYING,SCAN,0,,,,,95,0,0,0,2,65,CRUISE,,1.42,0.96,0.87,0.00,0.43,0.09,0.00,,yes,17.8,34,0.182,6,7,0.104,0.742,0,2
137.08,FLYING,SCAN,0,,,,,95,0,0,0,4,65,CRUISE,,1.34,1.01,0.94,0.00,0.87,0.00,0.00,,yes,18.2,32,1.140,2,6,0.186,0.756,0,4
137.14,FLYING,SCAN,0,,,,,95,0,0,0,4,65,OPTOMOTOR,,1.30,1.04,0.97,0.00,0.61,0.00,0.00,,yes,17.8,33,1.658,0,4,0.202,0.587,0,4
137.19,FLYING,SCAN,0,,,,,95,0,0,0,1,65,OPTOMOTOR,,1.36,1.01,1.04,0.00,0.44,0.06,0.00,,yes,18.5,31,0.385,6,5,0.073,0.698,0,1
137.25,FLYING,SCAN,0,,,,,95,0,0,0,3,65,CRUISE,,1.39,0.73,1.19,0.00,0.31,0.14,0.04,,yes,18.1,33,0.509,5,8,0.126,0.827,0,3
137.30,FLYING,SCAN,0,,,,,95,0,0,0,5,65,CRUISE,,1.31,0.57,1.18,0.00,0.21,0.15,0.08,,yes,18.0,33,0.711,3,7,0.232,0.856,0,5
137.36,FLYING,SCAN,0,,,,,95,0,0,0,3,65,CRUISE,,1.04,0.49,1.26,0.00,0.15,0.05,0.15,,yes,18.2,32,1.677,0,4,0.145,0.615,0,3
137.41,FLYING,SCAN,0,,,,,95,0,0,0,5,65,CRUISE,,0.91,0.39,1.21,0.00,1.31,0.00,0.00,,,18.4,33,1.606,0,4,0.245,0.494,0,5
137.47,FLYING,SCAN,0,,,,,95,0,0,0,6,65,OPTOMOTOR,,1.46,0.42,1.01,0.00,0.92,0.00,0.00,,,15.8,41,1.359,0,4,0.307,0.397,0,6
137.53,FLYING,SCAN,0,,,,,95,0,0,0,3,65,OPTOMOTOR,,1.73,0.55,0.91,0.00,0.64,0.15,0.00,,,18.6,32,0.597,6,8,0.163,0.634,0,3
137.58,FLYING,SCAN,0,,,,,95,0,0,0,3,65,CRUISE,,1.26,1.15,1.35,0.00,0.45,0.01,0.05,,,18.2,32,0.720,4,6,0.151,0.705,0,3
137.64,FLYING,SCAN,0,,,,,95,0,0,0,4,65,OPTOMOTOR,,0.90,1.57,1.58,0.15,0.31,0.23,0.23,,,18.1,33,0.310,6,8,0.232,0.850,0,4
137.69,FLYING,SCAN,0,,,,,95,0,0,0,1,65,CRUISE,,0.71,1.79,1.42,0.26,0.44,0.27,0.27,,,19.3,30,0.428,5,5,0.039,0.855,0,1
137.75,FLYING,SCAN,0,,,,,95,0,0,0,2,65,AVOID_LEFT,,0.67,1.73,1.34,0.52,0.31,0.31,0.31,,,17.7,33,1.299,0,6,0.216,0.738,0,2
