time_s,mode,state,bananas_seen,label,det_conf,cls_conf,size_pct,hunger,lr,fb,ud,yaw,battery,brain,escape_dir,loom_l,loom_c,loom_r,escape_level,wobble_floor,loom_in_l,loom_in_r,hand,self_moving,fps,brain_ms,dng02_rotation,dng02_l,dng02_r,dng02_steer,dng02_thrust,intended_yaw,dng02_yaw
1.55,DRY RUN,SCAN,0,,,,,100,0,0,0,10,92,ARMING,,0.00,0.00,0.00,0.00,0.00,0.00,0.00,,,0.0,0,0.000,0,0,0.000,0.000,0,0
1.72,DRY RUN,SCAN,0,,,,,100,0,0,0,17,92,ARMING,,1.46,0.88,2.24,0.00,0.00,0.00,0.00,,,6.0,0,-1.689,0,0,0.000,0.000,0,0
1.74,DRY RUN,SCAN,0,,,,,100,0,0,0,21,92,ARMING,,3.26,2.37,3.99,0.00,0.00,0.00,0.00,,,41.6,0,2.236,0,0,0.000,0.000,0,0
1.78,DRY RUN,SCAN,0,,,,,100,0,0,0,24,92,ARMING,,3.38,3.01,5.52,0.00,0.00,0.00,0.00,,,28.4,0,4.364,0,0,0.000,0.000,0,0
1.81,DRY RUN,SCAN,0,,,,,100,0,0,0,26,92,ARMING,,3.44,3.33,6.28,0.00,0.00,0.00,0.00,,,29.9,0,5.963,0,0,0.000,0.000,0,0
1.83,DRY RUN,SCAN,0,,,,,100,0,0,0,27,92,ARMING,,3.46,3.34,5.16,0.00,0.00,0.00,0.00,,,43.5,0,3.279,0,0,0.000,0.000,0,0
1.87,DRY RUN,SCAN,0,,,,,100,0,0,0,28,92,ARMING,,5.04,3.34,3.55,0.00,0.00,0.00,0.00,,,29.2,0,-0.652,0,0,0.000,0.000,0,0
1.90,DRY RUN,SCAN,0,,,,,100,0,0,0,29,92,ARMING,,5.82,4.04,2.24,0.00,0.00,0.00,0.00,,,29.6,0,-1.280,0,0,0.000,0.000,0,0
1.94,DRY RUN,SCAN,0,,,,,100,0,0,0,29,92,ARMING,,5.51,4.39,1.58,0.00,0.00,0.00,0.00,,,29.7,0,1.526,0,0,0.000,0.000,0,0
1.97,DRY RUN,SCAN,0,,,,,100,0,0,0,29,92,ARMING,,5.35,3.92,2.27,0.00,0.00,0.00,0.00,,,29.5,0,3.047,0,0,0.000,0.000,0,0
2.00,DRY RUN,SCAN,0,,,,,100,0,0,0,29,92,ARMING,,6.70,3.69,4.51,0.00,0.00,0.00,0.00,,,29.5,0,1.965,0,0,0.000,0.000,0,0
2.05,DRY RUN,SCAN,0,,,,,100,0,0,0,29,92,ARMING,,7.45,5.52,5.64,0.00,0.00,0.00,0.00,,,20.3,0,0.183,0,0,0.000,0.000,0,0
2.07,DRY RUN,SCAN,0,,,,,100,0,0,0,29,92,ARMING,,8.66,6.91,10.17,0.00,0.00,0.00,0.00,,,45.7,0,0.013,0,0,0.000,0.000,0,0
2.11,DRY RUN,SCAN,0,,,,,100,0,0,0,29,92,ARMING,,9.27,7.82,12.44,0.00,0.00,0.00,0.00,,,30.6,0,-2.698,0,0,0.000,0.000,0,0
2.14,DRY RUN,SCAN,0,,,,,100,0,0,0,29,92,ARMING,,8.94,8.28,9.62,0.00,0.00,0.00,0.00,,,29.5,0,-3.582,0,0,0.000,0.000,0,0
2.17,DRY RUN,SCAN,0,,,,,100,0,0,0,29,92,ARMING,,6.21,5.74,6.67,0.00,0.00,0.00,0.00,,,29.6,0,-1.551,0,0,0.000,0.000,0,0
2.20,DRY RUN,SCAN,2,freshripe,0.76,0.97,32.3,100,0,0,0,0,92,ARMING,,4.84,4.47,5.01,0.00,0.00,0.00,0.00,,,45.2,0,-0.114,0,0,0.000,0.000,0,0
2.23,DRY RUN,SCAN,2,freshripe,0.76,0.97,32.3,100,0,0,0,0,92,ARMING,,3.98,3.83,4.17,0.00,0.00,0.00,0.00,,,27.3,0,-2.064,0,0,0.000,0.000,0,0
2.27,DRY RUN,SCAN,2,freshripe,0.76,0.97,32.3,100,0,0,0,0,92,ARMING,,3.17,3.22,4.18,0.00,0.00,0.00,0.00,,,29.7,0,-3.311,0,0,0.000,0.000,0,0
2.30,DRY RUN,SCAN,1,freshripe,0.36,0.99,19.3,100,0,0,0,0,92,ARMING,,2.76,2.76,4.19,0.00,0.00,0.00,0.00,,,30.6,0,-1.205,0,0,0.000,0.000,0,0
2.33,DRY RUN,SCAN,1,freshripe,0.36,0.99,19.3,100,0,0,0,0,92,ARMING,,2.56,2.15,2.53,0.00,0.00,0.00,0.00,,,29.9,0,-0.118,0,0,0.000,0.000,0,0
2.37,DRY RUN,SCAN,1,freshripe,0.36,0.99,19.3,100,0,0,0,0,92,ARMING,,1.51,1.66,1.49,0.00,0.00,0.00,0.00,,,29.7,0,-0.025,0,0,0.000,0.000,0,0
2.40,DRY RUN,SCAN,1,freshripe,0.36,0.99,19.3,100,0,0,0,0,92,ARMING,,0.98,1.41,0.97,0.00,0.00,0.00,0.00,,,30.3,0,-0.022,0,0,0.000,0.000,0,0
2.43,DRY RUN,SCAN,1,freshripe,0.36,0.99,19.3,100,0,0,0,0,92,ARMING,,0.65,2.31,0.97,0.00,0.00,0.00,0.00,,,30.1,0,0.079,0,0,0.000,0.000,0,0
2.47,DRY RUN,SCAN,1,freshripe,0.36,0.99,19.3,100,0,0,0,0,92,ARMING,,0.54,2.76,0.97,0.00,0.00,0.00,0.00,,,29.8,0,0.025,0,0,0.000,0.000,0,0
2.50,DRY RUN,SCAN,1,freshripe,0.36,0.99,19.3,100,0,0,0,0,92,ARMING,,0.49,1.94,0.58,0.00,0.00,0.00,0.00,,,30.2,0,0.110,0,0,0.000,0.000,0,0
2.53,DRY RUN,SCAN,1,freshripe,0.36,0.99,19.3,100,0,0,0,0,92,ARMING,,0.48,1.21,0.38,0.00,0.00,0.00,0.00,,,29.6,0,-0.089,0,0,0.000,0.000,0,0
2.57,DRY RUN,SCAN,1,freshripe,0.36,0.99,19.3,100,0,0,0,0,92,ARMING,,0.93,0.94,0.24,0.00,0.00,0.00,0.00,,,30.3,0,0.037,0,0,0.000,0.000,0,0
2.60,DRY RUN,SCAN,1,freshripe,0.36,0.99,19.3,100,0,0,0,0,92,ARMING,,1.15,0.71,0.17,0.00,0.00,0.00,0.00,,,29.7,0,0.184,0,0,0.000,0.000,0,0
2.63,DRY RUN,SCAN,1,freshripe,0.36,0.99,19.3,100,0,0,0,0,92,ARMING,,1.26,0.53,0.17,0.00,0.00,0.00,0.00,,,29.7,0,0.148,0,0,0.000,0.000,0,0
2.67,DRY RUN,SCAN,1,freshripe,0.36,0.99,19.3,100,0,0,0,0,92,ARMING,,0.92,0.43,0.18,0.00,0.00,0.00,0.00,,,29.9,0,0.093,0,0,0.000,0.000,0,0
2.69,DRY RUN,SCAN,1,freshripe,0.36,0.99,19.3,100,0,0,0,0,92,ARMING,,0.75,0.64,0.14,0.00,0.00,0.00,0.00,,,44.2,0,-0.111,0,0,0.000,0.000,0,0
2.72,DRY RUN,SCAN,1,freshripe,0.36,0.99,19.3,100,0,0,0,0,92,ARMING,,0.76,0.81,0.12,0.00,0.00,0.00,0.00,,,29.6,0,-0.211,0,0,0.000,0.000,0,0
2.76,DRY RUN,SCAN,1,freshripe,0.36,0.99,19.3,100,0,0,0,0,92,ARMING,,0.98,0.83,0.11,0.00,0.00,0.00,0.00,,,29.9,0,-0.183,0,0,0.000,0.000,0,0
2.80,DRY RUN,SCAN,1,freshripe,0.36,0.99,19.3,100,0,0,0,0,92,ARMING,,1.17,0.60,0.10,0.00,0.00,0.00,0.00,,,22.4,0,-0.107,0,0,0.000,0.000,0,0
2.83,DRY RUN,APPROACH,1,freshripe,0.72,0.98,22.3,100,0,0,4,0,92,ARMING,,1.27,0.48,0.06,0.00,0.00,0.00,0.00,,,30.6,0,-0.131,0,0,0.000,0.000,0,0
2.87,DRY RUN,FEED,1,freshripe,0.72,0.98,22.3,100,0,0,7,0,92,ARMING,,0.95,0.51,0.04,0.00,0.00,0.00,0.00,,,29.7,0,-0.422,0,0,0.000,0.000,0,0
2.90,DRY RUN,FEED,1,freshripe,0.72,0.98,22.3,100,0,0,9,0,92,ARMING,,0.79,0.59,0.03,0.00,0.00,0.00,0.00,,,29.9,0,-0.303,0,0,0.000,0.000,0,0
2.94,DRY RUN,FEED,1,freshripe,0.72,0.98,22.3,100,0,0,10,0,92,ARMING,,1.05,0.63,0.03,0.00,0.00,0.00,0.00,,,29.7,0,-0.312,0,0,0.000,0.000,0,0
2.96,DRY RUN,FEED,1,freshripe,0.72,0.98,22.3,99,0,0,11,0,92,ARMING,,1.96,0.37,0.03,0.00,0.00,0.00,0.00,,,44.4,0,-0.335,0,0,0.000,0.000,0,0
3.00,DRY RUN,FEED,1,freshripe,0.72,0.98,22.3,99,0,0,12,0,92,ARMING,,2.41,0.21,0.04,0.00,0.00,0.00,0.00,,,22.4,0,-0.309,0,0,0.000,0.000,0,0
3.04,DRY RUN,FEED,1,freshripe,0.72,0.98,22.3,99,0,0,12,0,92,ARMING,,2.64,0.14,0.05,0.00,0.00,0.00,0.00,,,29.7,0,-0.597,0,0,0.000,0.000,0,0
3.06,DRY RUN,FEED,1,freshripe,0.72,0.98,22.3,99,0,0,12,0,92,ARMING,,4.47,0.10,0.07,0.00,0.00,0.00,0.00,,,44.4,0,-0.680,0,0,0.000,0.000,0,0
3.10,DRY RUN,FEED,1,freshripe,0.72,0.98,22.3,99,0,0,13,0,92,ARMING,,5.39,0.07,0.07,0.00,0.00,0.00,0.00,,,22.5,0,-0.015,0,0,0.000,0.000,0,0
3.13,DRY RUN,FEED,1,freshripe,0.72,0.98,22.3,98,0,0,13,0,92,ARMING,,4.77,0.05,0.09,0.00,0.00,0.00,0.00,,,44.4,0,-0.001,0,0,0.000,0.000,0,0
3.16,DRY RUN,FEED,1,freshripe,0.72,0.98,22.3,98,0,0,13,0,92,ARMING,,3.04,0.03,0.07,0.00,0.00,0.00,0.00,,,29.8,0,0.011,0,0,0.000,0.000,0,0
3.19,DRY RUN,FEED,1,freshripe,0.72,0.98,22.3,98,0,0,13,0,92,ARMING,,1.66,0.04,0.06,0.00,0.00,0.00,0.00,,,29.7,0,0.007,0,0,0.000,0.000,0,0
3.23,DRY RUN,FEED,1,freshripe,0.72,0.98,22.3,98,0,0,13,0,92,ARMING,,0.89,0.07,0.06,0.00,0.00,0.00,0.00,,,29.8,0,-0.009,0,0,0.000,0.000,0,0
3.26,DRY RUN,FEED,1,freshripe,0.72,0.98,22.3,98,0,0,13,0,92,ARMING,,0.48,0.08,0.06,0.00,0.00,0.00,0.00,,,30.0,0,0.001,0,0,0.000,0.000,0,0
3.29,DRY RUN,FEED,1,freshripe,0.72,0.98,22.3,97,0,0,13,0,92,ARMING,,0.28,0.06,0.05,0.00,0.00,0.00,0.00,,,29.7,0,0.003,0,0,0.000,0.000,0,0
3.34,DRY RUN,FEED,1,freshripe,0.72,0.98,22.3,97,0,0,13,0,92,ARMING,,0.15,0.04,0.04,0.00,0.00,0.00,0.00,,,22.5,0,-0.001,0,0,0.000,0.000,0,0
3.37,DRY RUN,FEED,1,freshripe,0.72,0.98,22.3,97,0,0,13,0,92,ARMING,,0.08,0.02,0.04,0.00,0.00,0.00,0.00,,,29.6,0,0.002,0,0,0.000,0.000,0,0
3.39,DRY RUN,FEED,2,freshripe,0.65,1.00,10.6,97,0,0,13,3,92,ARMING,,0.05,0.02,0.03,0.00,0.00,0.00,0.00,,,46.8,0,-0.000,0,0,0.000,0.000,0,0
3.44,DRY RUN,FEED,0,,,,,97,0,0,8,2,92,ARMING,,0.04,0.04,0.04,0.00,0.00,0.00,0.00,,,22.6,0,0.001,0,0,0.000,0.000,0,0
3.46,DRY RUN,FEED,0,,,,,97,0,0,5,1,92,ARMING,,0.05,0.05,0.04,0.00,0.00,0.00,0.00,,,44.3,0,0.001,0,0,0.000,0.000,0,0
3.49,DRY RUN,FEED,0,,,,,97,0,0,3,0,92,ARMING,,0.05,0.05,0.04,0.00,0.00,0.00,0.00,,,30.8,0,0.003,0,0,0.000,0.000,0,0
3.54,DRY RUN,FEED,0,,,,,97,0,0,2,0,92,ARMING,,0.05,0.05,0.04,0.00,0.00,0.00,0.00,,,22.6,0,0.002,0,0,0.000,0.000,0,0
3.56,DRY RUN,FEED,0,,,,,97,0,0,1,0,92,ARMING,,0.04,0.05,0.04,0.00,0.00,0.00,0.00,,,44.0,0,-0.003,0,0,0.000,0.000,0,0
3.60,DRY RUN,FEED,0,,,,,97,0,0,0,0,92,CRUISE,,0.03,0.04,0.04,0.00,0.00,0.00,0.00,,,22.8,0,-0.003,0,0,0.000,0.000,0,0
3.78,DRY RUN,FEED,0,,,,,97,0,0,0,-2,92,CRUISE,,0.00,0.00,0.00,0.00,0.00,0.00,0.00,,,5.6,163,0.000,5,5,-0.107,0.191,0,-2
3.84,DRY RUN,FEED,0,,,,,97,0,0,0,-3,92,CRUISE,,0.01,0.01,0.01,0.00,0.00,0.00,0.00,,,18.2,32,-0.002,6,8,-0.149,0.546,0,-3
3.89,DRY RUN,FEED,0,,,,,97,0,0,0,-3,92,CRUISE,,0.01,0.01,0.01,0.00,0.00,0.00,0.00,,,16.8,37,-0.011,6,7,-0.154,0.727,0,-3
3.95,DRY RUN,FEED,0,,,,,97,0,0,0,1,92,CRUISE,,0.02,0.01,0.02,0.00,0.00,0.00,0.00,,,18.2,32,0.000,5,8,0.029,0.872,0,1
4.00,DRY RUN,FEED,0,,,,,97,0,0,0,4,92,CRUISE,,0.01,0.01,0.02,0.00,0.00,0.00,0.00,,,18.4,31,-0.002,6,9,0.178,0.963,0,4
4.06,DRY RUN,FEED,0,,,,,97,0,0,0,1,92,CRUISE,,0.01,0.01,0.02,0.00,0.00,0.00,0.00,,,18.3,32,0.001,6,8,0.068,0.952,0,1
4.11,DRY RUN,FEED,0,,,,,97,0,0,0,1,92,CRUISE,,0.02,0.01,0.03,0.00,0.00,0.00,0.00,,,18.4,32,0.001,6,8,0.034,0.989,0,1
4.17,DRY RUN,FEED,0,,,,,97,0,0,0,0,92,CRUISE,,0.03,0.01,0.04,0.00,0.00,0.00,0.00,,,18.2,32,0.032,6,8,0.000,1.000,0,0
4.22,DRY RUN,FEED,0,,,,,97,0,0,0,1,92,CRUISE,,0.15,0.01,0.03,0.00,0.00,0.00,0.00,,,18.2,32,-0.007,6,8,0.041,1.000,0,1
4.28,DRY RUN,FEED,0,,,,,97,0,0,0,0,92,CRUISE,,0.21,0.01,0.03,0.00,0.00,0.00,0.00,,,18.3,32,-0.140,6,8,0.000,1.000,0,0
4.33,DRY RUN,FEED,0,,,,,97,0,0,0,0,92,CRUISE,,0.31,0.01,0.02,0.00,0.00,0.00,0.00,,,18.4,32,0.625,5,5,-0.018,0.969,0,0
4.39,DRY RUN,FEED,0,,,,,97,0,0,0,2,92,CRUISE,,0.79,0.01,0.02,0.00,0.00,0.00,0.00,,,18.6,31,0.364,5,8,0.111,0.979,0,2
4.44,DRY RUN,FEED,0,,,,,97,0,0,0,2,92,CRUISE,,1.04,0.01,0.02,0.00,0.00,0.12,0.00,,,17.8,33,0.512,5,8,0.121,0.971,0,2
4.49,DRY RUN,FEED,1,freshripe,0.27,0.95,15.4,97,0,0,4,-5,92,AVOID_RIGHT,,2.05,0.07,0.07,0.26,0.00,0.62,0.00,,,19.7,29,0.817,5,6,-0.076,0.913,0,-1
4.55,DRY RUN,FEED,0,,,,,97,0,0,2,-2,92,AVOID_RIGHT,,2.62,0.85,0.48,0.52,0.00,0.91,0.02,,,18.2,32,0.391,3,7,0.153,0.891,0,1
4.60,DRY RUN,SCARED,0,,,,,97,0,-60,0,0,92,ESCAPE,RIGHT,2.91,1.24,0.75,0.81,0.00,1.00,0.22,,,18.1,33,-0.647,5,6,0.008,0.883,0,0
4.66,DRY RUN,SCARED,0,,,,,97,0,-60,0,0,92,ESCAPE,RIGHT,3.40,1.35,1.54,0.87,0.00,1.00,0.37,,,18.3,32,-1.812,0,0,-0.170,0.539,0,0
4.71,DRY RUN,SCARED,0,,,,,97,0,-60,0,-1,92,ESCAPE,RIGHT,3.88,1.41,1.93,0.80,4.36,0.00,0.00,,,17.9,33,0.357,2,3,-0.161,0.442,0,-1
4.77,DRY RUN,SCARED,2,freshripe,0.21,0.98,32.5,97,0,-60,0,-2,92,ESCAPE,RIGHT,5.08,1.44,2.13,0.60,3.05,0.61,0.00,,,18.4,32,-1.689,2,0,-0.187,0.358,0,-2
4.82,DRY RUN,SCARED,2,freshripe,0.21,0.98,32.5,97,0,-60,0,-2,92,ESCAPE,RIGHT,4.72,2.99,2.51,0.45,6.11,0.00,0.00,,,18.0,33,-1.845,1,0,-0.216,0.235,0,-2
4.87,DRY RUN,SCARED,1,freshripe,0.39,0.98,24.1,97,0,-60,0,-5,92,ESCAPE,,3.34,4.04,3.05,0.25,4.28,0.00,0.00,,,19.9,28,-2.793,2,0,-0.334,0.185,0,-5
4.93,DRY RUN,SCARED,0,,,,,97,0,-60,0,-4,92,ESCAPE,,2.65,5.33,3.57,0.14,9.60,0.00,0.00,,,18.6,31,-2.003,0,0,-0.250,0.118,0,-4
4.98,DRY RUN,SCARED,0,,,,,97,0,-60,0,-3,92,ESCAPE,,4.16,5.21,3.83,0.08,6.72,0.00,0.00,,,18.7,31,-2.829,0,0,-0.178,0.081,0,-3
5.03,DRY RUN,SCARED,0,,,,,97,0,-60,0,-6,92,ESCAPE,,4.92,4.30,3.96,0.04,7.85,0.00,0.00,,,18.4,31,-1.993,2,0,-0.289,0.112,0,-6
5.09,DRY RUN,SCARED,0,,,,,97,0,-60,0,-1,92,ESCAPE,,3.64,3.84,3.35,0.03,5.50,0.00,0.00,,,18.6,31,1.298,1,5,-0.050,0.206,0,-1
5.14,DRY RUN,SCARED,0,,,,,97,0,-60,0,5,92,ESCAPE,,3.00,3.55,2.56,0.01,3.85,0.00,0.00,,,18.6,31,0.824,0,5,0.237,0.312,0,5
5.20,DRY RUN,SCARED,0,,,,,97,0,-60,0,5,92,ESCAPE,,3.16,3.72,2.17,0.01,3.05,0.00,0.00,,,18.6,31,1.371,0,4,0.265,0.366,0,5
5.30,DRY RUN,SCARED,0,,,,,97,0,-60,0,6,92,ESCAPE,,3.25,3.49,1.97,0.15,2.14,0.27,0.27,,,9.4,29,2.528,0,6,0.366,0.335,0,6
5.36,DRY RUN,WAIT,0,,,,,97,0,-39,0,3,92,ESCAPE,,2.34,3.50,1.74,0.11,3.05,0.00,0.00,,,18.4,31,0.428,5,6,0.172,0.513,0,3
5.41,DRY RUN,WAIT,0,,,,,97,0,-25,0,4,92,ESCAPE,,1.79,3.50,1.22,0.20,2.14,0.28,0.28,,,18.3,32,2.588,0,5,0.237,0.441,0,4
5.47,DRY RUN,WAIT,0,,,,,97,0,-16,0,2,92,ESCAPE,RIGHT,1.52,3.54,0.97,0.78,1.50,0.62,0.62,,,18.0,33,1.419,0,8,0.451,0.458,0,2
5.52,DRY RUN,WAIT,0,,,,,97,0,-10,0,0,92,ESCAPE,RIGHT,1.39,3.56,2.03,1.00,1.05,0.85,0.85,,,18.1,33,3.388,0,5,0.526,0.425,0,0
5.58,DRY RUN,WAIT,0,,,,,97,0,-6,0,0,92,ESCAPE,RIGHT,1.60,3.51,2.56,1.00,0.73,0.99,0.99,,,18.2,32,1.783,0,3,0.459,0.353,0,0
5.64,DRY RUN,WAIT,0,,,,,97,0,-4,0,0,92,ESCAPE,RIGHT,1.75,3.02,2.37,1.00,0.51,0.85,0.85,,,15.4,31,0.895,3,6,0.368,0.471,0,0
5.71,DRY RUN,WAIT,0,,,,,97,0,-2,0,0,92,ESCAPE,RIGHT,1.85,1.51,1.50,1.00,0.36,0.34,0.18,,,13.8,50,0.567,5,6,0.179,0.661,0,0
5.77,DRY RUN,WAIT,1,,,,,97,0,-1,0,1,92,ESCAPE,RIGHT,1.89,0.76,1.06,0.86,1.75,0.00,0.00,,,19.6,29,2.500,0,5,0.210,0.625,0,1
5.83,DRY RUN,WAIT,0,,,,,97,0,-1,0,3,92,ESCAPE,RIGHT,1.24,0.79,1.82,0.48,1.22,0.00,0.00,,,15.8,30,0.755,4,7,0.321,0.690,0,3
5.98,DRY RUN,WAIT,0,,,,,97,0,0,0,0,92,ESCAPE,,0.90,0.80,2.20,0.27,0.87,0.00,0.26,,,6.6,30,-1.810,0,0,0.028,0.431,0,0
6.04,DRY RUN,WAIT,0,,,,,97,0,0,0,-2,92,ESCAPE,,0.56,0.61,1.13,0.30,0.61,0.00,0.00,,,18.5,31,-2.199,2,0,-0.129,0.309,0,-2
6.16,DRY RUN,WAIT,0,,,,,97,0,0,0,-3,92,ESCAPE,,0.36,0.38,0.59,0.17,0.43,0.00,0.00,,,7.8,29,-0.481,6,5,-0.201,0.427,0,-3
6.22,DRY RUN,WAIT,0,,,,,97,0,0,0,0,92,ESCAPE,,0.27,0.40,0.32,0.10,0.44,0.00,0.00,,,18.0,33,1.092,1,6,-0.026,0.560,0,0
6.27,DRY RUN,WAIT,1,freshripe,0.22,0.70,28.7,97,0,0,0,-1,92,ESCAPE,,0.81,0.90,0.30,0.05,0.31,0.00,0.00,,,19.9,28,0.133,6,8,-0.047,0.754,0,-1
6.32,DRY RUN,WAIT,0,,,,,97,0,0,0,1,92,ESCAPE,,1.08,1.15,0.29,0.03,0.21,0.07,0.07,,,18.7,31,0.039,4,7,0.029,0.820,0,1
6.38,DRY RUN,WAIT,0,,,,,97,0,0,0,0,92,ESCAPE,,0.75,0.74,0.17,0.02,0.15,0.00,0.00,,,18.3,32,-0.057,6,7,0.008,0.895,0,0
6.43,DRY RUN,WAIT,0,,,,,97,0,0,0,-1,92,ESCAPE,,0.54,0.48,0.12,0.01,0.10,0.00,0.00,,,18.4,32,0.005,6,6,-0.067,0.890,0,-1
6.49,DRY RUN,APPROACH,0,,,,,97,0,12,0,0,92,CRUISE,,0.43,0.34,0.29,0.01,0.07,0.00,0.00,,,18.7,31,0.008,5,8,-0.001,0.921,0,0
6.54,DRY RUN,APPROACH,0,,,,,97,0,20,0,-3,92,CRUISE,,0.51,0.28,0.38,0.00,0.05,0.00,0.00,,,18.3,32,-0.024,6,6,-0.151,0.933,0,-3
6.60,DRY RUN,APPROACH,0,,,,,97,0,25,0,-1,92,CRUISE,,0.55,0.19,0.23,0.00,0.04,0.00,0.00,,,18.2,32,-0.035,6,7,-0.026,0.959,0,-1
6.65,DRY RUN,APPROACH,0,,,,,97,0,28,0,-4,92,CRUISE,,0.35,0.12,0.15,0.00,0.03,0.00,0.00,,,18.3,32,0.039,6,6,-0.185,0.954,0,-4
6.70,DRY RUN,APPROACH,0,,,,,97,0,30,0,0,92,CRUISE,,0.25,0.08,0.13,0.00,0.02,0.00,0.00,,,18.4,31,0.013,6,8,-0.007,1.000,0,0
6.76,DRY RUN,APPROACH,0,,,,,97,0,32,0,-1,92,CRUISE,,0.19,0.06,0.12,0.00,0.01,0.00,0.00,,,18.4,31,0.322,6,8,-0.027,1.000,0,-1
6.81,DRY RUN,WAIT,0,,,,,97,0,0,0,-2,92,CRUISE,,0.20,0.28,0.12,0.00,0.01,0.00,0.00,,,18.4,32,-0.049,6,7,-0.108,0.970,0,-2
6.87,DRY RUN,WAIT,0,,,,,97,0,0,0,1,92,CRUISE,,0.20,0.39,0.07,0.00,0.01,0.00,0.00,,,18.4,31,-0.027,5,8,0.060,0.980,0,1
6.92,DRY RUN,WAIT,0,,,,,97,0,0,0,2,92,CRUISE,,0.20,0.21,0.04,0.00,0.00,0.00,0.00,,,18.4,32,0.047,5,8,0.092,0.971,0,2
6.98,DRY RUN,WAIT,0,,,,,97,0,0,0,-2,92,CRUISE,,0.21,0.12,0.05,0.00,0.00,0.00,0.00,,,18.5,31,0.034,6,6,-0.119,0.961,0,-2
7.03,DRY RUN,WAIT,0,,,,,97,0,0,0,-1,92,CRUISE,,0.21,0.07,0.05,0.00,0.00,0.00,0.00,,,18.6,31,-0.013,5,6,-0.050,0.951,0,-1
7.08,DRY RUN,WAIT,0,,,,,97,0,0,0,-3,92,CRUISE,,0.20,0.06,0.05,0.00,0.00,0.00,0.00,,,18.5,31,-0.084,6,6,-0.137,0.964,0,-3
7.14,DRY RUN,WAIT,0,,,,,97,0,0,0,0,92,CRUISE,,0.20,0.05,0.04,0.00,0.00,0.00,0.00,,,18.4,31,-0.073,5,7,0.023,0.972,0,0
7.19,DRY RUN,WAIT,0,,,,,97,0,0,0,1,92,CRUISE,,0.17,0.06,0.04,0.00,0.00,0.00,0.00,,,18.0,33,-0.072,5,6,0.030,0.957,0,1
7.24,DRY RUN,FEED,1,freshripe,0.24,0.90,29.0,97,0,-3,4,5,92,CRUISE,,0.16,0.08,0.03,0.00,0.00,0.00,0.00,,,19.8,28,-0.140,6,8,0.044,0.963,0,1
7.30,DRY RUN,FEED,0,,,,,97,0,-2,2,-2,92,CRUISE,,0.14,0.17,0.14,0.00,0.00,0.00,0.00,,,18.4,32,-0.172,6,7,-0.182,0.947,0,-4
7.35,DRY RUN,FEED,0,,,,,97,0,-1,1,-2,92,CRUISE,,0.10,0.21,0.19,0.00,0.00,0.00,0.00,,,18.4,31,-0.034,6,8,-0.139,0.943,0,-3
7.41,DRY RUN,FEED,0,,,,,97,0,0,1,1,92,CRUISE,,0.10,0.23,0.11,0.00,0.00,0.00,0.00,,,18.4,32,-0.003,6,8,-0.014,0.998,0,0
7.46,DRY RUN,FEED,0,,,,,97,0,0,0,-1,92,CRUISE,,0.09,0.15,0.06,0.00,0.00,0.00,0.00,,,18.7,31,0.034,6,7,-0.068,0.967,0,-1
7.52,DRY RUN,FEED,0,,,,,97,0,0,0,-2,92,CRUISE,,0.08,0.10,0.03,0.00,0.00,0.00,0.00,,,18.1,33,0.063,6,6,-0.115,0.945,0,-2
7.57,DRY RUN,FEED,1,,,,,97,0,0,0,-1,92,CRUISE,,0.08,0.07,0.02,0.00,0.00,0.00,0.00,,,19.9,28,0.038,6,8,-0.068,0.985,0,-1
7.62,DRY RUN,FEED,0,,,,,97,0,0,0,0,92,CRUISE,,0.06,0.05,0.02,0.00,0.00,0.00,0.00,,,18.4,32,0.008,5,7,-0.001,0.969,0,0
7.68,DRY RUN,FEED,0,,,,,97,0,0,0,-3,92,CRUISE,,0.08,0.05,0.01,0.00,0.00,0.00,0.00,,,18.0,33,0.022,6,6,-0.172,0.960,0,-3
7.73,DRY RUN,FEED,1,,,,,97,0,0,0,-1,92,CRUISE,,0.12,0.04,0.05,0.00,0.00,0.00,0.00,,,19.8,28,0.015,5,7,-0.059,0.955,0,-1
7.78,DRY RUN,FEED,1,,,,,97,0,0,0,1,92,CRUISE,,0.14,0.04,0.07,0.00,0.00,0.00,0.00,,,17.9,33,0.051,4,6,0.070,0.928,0,1
7.83,DRY RUN,FEED,1,freshripe,0.34,0.98,28.3,96,0,-3,4,3,92,CRUISE,,0.11,0.03,0.07,0.00,0.00,0.00,0.00,,,19.9,28,-0.038,6,6,-0.047,0.952,0,-1
7.89,DRY RUN,FEED,0,,,,,96,0,-2,3,0,92,CRUISE,,0.08,0.02,0.04,0.00,0.00,0.00,0.00,,,18.5,31,-0.011,6,7,-0.114,0.969,0,-2
7.94,DRY RUN,FEED,0,,,,,96,0,-1,1,0,92,CRUISE,,0.06,0.04,0.03,0.00,0.00,0.00,0.00,,,18.0,32,-0.110,6,7,-0.058,0.965,0,-1
7.99,DRY RUN,FEED,2,freshripe,0.25,0.97,29.2,96,0,-4,5,4,92,CRUISE,,0.35,0.06,0.06,0.00,0.00,0.00,0.00,,,19.0,31,0.384,6,6,-0.047,0.958,0,-1
8.05,DRY RUN,FEED,2,freshripe,0.25,0.97,29.2,96,0,-6,8,7,92,CRUISE,,0.49,0.09,0.36,0.00,0.00,0.00,0.00,,,18.1,32,0.282,5,6,-0.072,0.935,0,-1
8.10,DRY RUN,FEED,1,,,,,96,0,-4,5,6,92,CRUISE,,0.93,0.14,0.50,0.00,0.00,0.07,0.00,,,19.8,28,0.268,6,8,0.028,1.000,0,1
8.15,DRY RUN,FEED,0,,,,,96,0,-2,3,4,92,CRUISE,,1.12,0.19,0.57,0.00,0.00,0.16,0.00,,,18.3,32,0.163,6,7,0.051,0.987,0,1
8.22,DRY RUN,FEED,0,,,,,96,0,-1,2,2,92,CRUISE,,1.25,0.39,0.43,0.00,0.00,0.22,0.00,,,14.6,46,-0.435,6,8,0.000,1.000,0,0
8.28,DRY RUN,FEED,0,,,,,96,0,-1,1,2,92,AVOID_RIGHT,,2.39,0.48,0.37,0.26,0.00,0.79,0.00,,,18.2,32,-0.030,5,8,0.077,1.000,0,1
8.33,DRY RUN,SCARED,0,,,,,96,0,-60,0,1,92,AVOID_RIGHT,RIGHT,2.98,0.53,0.47,0.67,0.00,1.00,0.00,,,18.1,32,0.466,4,6,0.076,0.869,0,1
8.39,DRY RUN,SCARED,0,,,,,96,0,-60,0,1,92,ESCAPE,RIGHT,3.28,0.66,0.78,0.78,0.00,1.00,0.00,,,18.4,33,0.501,2,7,0.181,0.846,0,1
8.44,DRY RUN,SCARED,0,,,,,96,0,-60,0,0,92,ESCAPE,RIGHT,2.60,1.18,1.88,1.00,0.00,0.90,0.54,,,18.1,33,-1.889,0,0,-0.076,0.519,0,0
8.50,DRY RUN,SCARED,0,,,,,96,0,-60,0,0,92,ESCAPE,RIGHT,2.17,1.44,2.43,1.00,0.00,0.68,0.81,,,18.3,32,0.320,6,8,-0.069,0.674,0,0
8.55,DRY RUN,SCARED,0,,,,,96,0,-60,0,0,92,ESCAPE,RIGHT,1.76,3.20,2.17,1.00,0.00,1.00,1.00,,,17.6,34,-0.726,6,5,-0.144,0.718,0,0
8.61,DRY RUN,SCARED,1,freshripe,0.24,0.84,8.9,96,0,-60,0,0,92,ESCAPE,RIGHT,1.45,4.08,1.94,1.00,0.00,1.00,1.00,,,19.3,30,-1.614,2,0,-0.194,0.442,0,0
8.66,DRY RUN,SCARED,1,freshripe,0.24,0.84,8.9,96,0,-60,0,0,92,ESCAPE,RIGHT,1.40,4.06,1.92,1.00,0.00,1.00,1.00,,,17.5,34,-0.271,6,7,-0.165,0.568,0,0
8.72,DRY RUN,SCARED,1,freshripe,0.24,0.84,8.9,96,0,-60,0,0,92,ESCAPE,RIGHT,1.41,3.11,1.70,1.00,0.00,1.00,1.00,,,18.4,32,-1.473,1,0,-0.164,0.410,0,0
8.78,DRY RUN,SCARED,3,freshripe,0.20,0.99,28.8,96,0,-60,0,0,92,ESCAPE,RIGHT,2.68,1.81,1.49,1.00,0.00,0.94,0.50,,,15.9,30,0.168,6,7,-0.189,0.636,0,0
8.84,DRY RUN,SCARED,3,freshripe,0.20,0.99,28.8,96,0,-60,0,0,92,ESCAPE,RIGHT,3.31,1.12,1.16,1.00,0.00,1.00,0.18,,,17.7,33,-0.166,6,7,-0.141,0.778,0,0
8.89,DRY RUN,SCARED,2,freshripe,0.33,0.92,11.6,96,0,-60,0,0,92,ESCAPE,RIGHT,1.90,0.65,0.97,1.00,0.00,0.55,0.09,,,18.0,33,0.040,6,5,-0.138,0.833,0,0
8.95,DRY RUN,SCARED,2,freshripe,0.33,0.92,11.6,96,0,-60,0,0,92,ESCAPE,RIGHT,1.18,0.39,0.68,1.00,0.00,0.19,0.00,,,17.6,34,-0.026,6,6,-0.134,0.898,0,0
9.00,DRY RUN,SCARED,2,freshripe,0.39,0.78,13.3,96,0,-60,0,-1,92,ESCAPE,RIGHT,0.81,0.23,0.53,0.56,0.00,0.01,0.00,,,18.9,31,0.076,6,8,-0.112,0.958,0,-1
9.06,DRY RUN,WAIT,2,freshripe,0.39,0.78,13.3,96,0,-39,0,-1,92,ESCAPE,RIGHT,0.78,0.13,0.45,0.32,0.00,0.00,0.00,,,18.0,33,0.115,6,8,-0.047,0.992,0,-1
9.11,DRY RUN,WAIT,2,freshripe,0.36,0.61,13.7,96,0,-25,0,-1,92,ESCAPE,,0.77,0.09,0.26,0.18,0.00,0.00,0.00,,,19.0,30,-0.128,6,7,-0.032,0.978,0,-1
9.17,DRY RUN,WAIT,2,freshripe,0.36,0.61,13.7,96,0,-16,0,-1,92,ESCAPE,,0.42,0.06,0.16,0.10,0.00,0.00,0.00,,,17.9,33,-0.041,6,7,-0.083,0.984,0,-1
9.22,DRY RUN,WAIT,1,freshripe,0.35,0.94,13.9,96,0,-10,0,1,92,ESCAPE,,0.25,0.06,0.11,0.06,0.00,0.00,0.00,,,19.8,28,-0.017,6,8,0.030,0.993,0,1
9.27,DRY RUN,WAIT,1,freshripe,0.35,0.94,13.9,96,0,-6,0,-2,92,ESCAPE,,0.21,0.05,0.09,0.03,0.00,0.00,0.00,,,18.3,32,-0.257,5,6,-0.091,0.940,0,-2
9.32,DRY RUN,WAIT,1,freshripe,0.43,0.96,14.6,96,0,-4,0,-1,92,ESCAPE,,0.30,0.05,0.08,0.02,0.00,0.00,0.00,,,20.0,28,0.096,6,7,-0.076,0.977,0,-1
9.38,DRY RUN,WAIT,1,freshripe,0.43,0.96,14.6,96,0,-2,0,2,92,ESCAPE,,0.35,0.05,0.07,0.01,0.00,0.00,0.00,,,18.2,32,0.011,5,8,0.089,0.998,0,2
9.43,DRY RUN,APPROACH,1,freshripe,0.40,0.99,14.3,96,0,10,4,0,92,ESCAPE,,0.26,0.05,0.05,0.01,0.00,0.00,0.00,,,20.0,28,-0.012,6,8,0.006,1.000,0,0
9.48,DRY RUN,APPROACH,1,freshripe,0.40,0.99,14.3,96,0,18,7,4,92,ESCAPE,,0.18,0.05,0.03,0.00,0.00,0.00,0.00,,,18.1,32,-0.003,4,8,0.183,0.963,0,4
9.53,DRY RUN,APPROACH,1,freshripe,0.36,0.97,15.1,96,0,24,9,1,92,ESCAPE,,0.15,0.05,0.03,0.00,0.00,0.00,0.00,,,19.7,29,-0.003,6,8,0.074,0.995,0,1
9.59,DRY RUN,APPROACH,1,freshripe,0.36,0.97,15.1,96,0,28,11,0,92,ESCAPE,,0.10,0.08,0.03,0.00,0.00,0.00,0.00,,,18.0,33,0.043,6,8,0.022,0.970,0,0
9.64,DRY RUN,APPROACH,1,freshripe,0.37,0.94,14.4,96,0,30,11,-1,92,ESCAPE,,0.06,0.08,0.04,0.00,0.00,0.00,0.00,,,19.9,28,0.030,5,6,-0.033,0.942,0,-1
9.69,DRY RUN,APPROACH,1,freshripe,0.37,0.94,14.4,96,0,32,12,2,92,ESCAPE,,0.04,0.10,0.05,0.00,0.00,0.00,0.00,,,18.3,32,0.412,5,8,0.102,0.964,0,2
9.74,DRY RUN,APPROACH,1,freshripe,0.35,0.95,14.8,96,0,33,12,1,92,ESCAPE,,0.04,0.12,0.11,0.00,0.44,0.00,0.00,,,20.1,28,0.371,6,7,0.032,0.991,0,1
9.80,DRY RUN,APPROACH,1,freshripe,0.35,0.95,14.8,96,0,33,13,0,92,ESCAPE,,0.19,0.13,0.26,0.00,0.31,0.00,0.00,,,18.2,32,0.334,6,8,0.000,1.000,0,0
9.85,DRY RUN,APPROACH,1,freshripe,0.38,0.93,14.6,96,0,34,13,1,92,ESCAPE,,0.32,0.12,0.33,0.00,0.21,0.00,0.00,,,20.0,28,-0.088,6,7,0.039,1.000,0,1
9.90,DRY RUN,APPROACH,1,freshripe,0.38,0.93,14.6,96,0,34,13,0,92,ESCAPE,,0.56,0.11,0.21,0.00,0.15,0.00,0.00,,,18.2,32,-0.080,6,7,0.000,1.000,0,0
9.95,DRY RUN,APPROACH,1,freshripe,0.36,0.55,13.2,96,0,34,13,0,92,ESCAPE,,0.68,0.10,0.15,0.00,0.10,0.00,0.00,,,19.9,28,0.048,6,8,0.000,1.000,0,0
10.01,DRY RUN,APPROACH,1,freshripe,0.36,0.55,13.2,96,0,34,13,1,92,CRUISE,,0.40,0.07,0.11,0.00,0.07,0.00,0.00,,,18.1,33,0.044,5,7,0.050,1.000,0,1
10.06,DRY RUN,APPROACH,1,freshripe,0.28,0.97,15.2,96,0,34,13,-1,92,CRUISE,,0.24,0.05,0.11,0.00,0.05,0.00,0.00,,,19.8,28,0.001,6,7,-0.025,0.997,0,-1
10.11,DRY RUN,APPROACH,1,freshripe,0.28,0.97,15.2,96,0,34,13,3,92,CRUISE,,0.17,0.04,0.09,0.00,0.04,0.00,0.00,,,18.6,32,0.019,5,7,0.166,0.976,0,3
10.16,DRY RUN,APPROACH,1,freshripe,0.22,0.73,13.9,96,0,34,13,1,92,CRUISE,,0.14,0.10,0.09,0.00,0.03,0.00,0.00,,,20.0,28,0.393,6,7,0.050,0.997,0,1
10.22,DRY RUN,APPROACH,1,freshripe,0.22,0.73,13.9,96,0,34,13,4,92,CRUISE,,0.14,0.14,0.08,0.00,0.02,0.00,0.00,,,18.1,33,0.661,5,8,0.201,0.981,0,4
10.27,DRY RUN,APPROACH,1,freshripe,0.42,0.94,13.3,96,0,34,13,6,92,OPTOMOTOR,,0.34,0.40,0.10,0.00,0.01,0.00,0.00,,,20.0,28,0.874,4,8,0.307,0.910,0,6
10.32,DRY RUN,APPROACH,0,,,,,96,0,34,8,4,92,OPTOMOTOR,,0.44,0.53,0.17,0.00,0.01,0.00,0.00,,,18.5,31,0.192,6,7,0.185,0.946,0,4
10.38,DRY RUN,APPROACH,0,,,,,96,0,34,5,2,92,CRUISE,,0.40,0.45,0.21,0.00,0.01,0.00,0.00,,,18.5,31,0.027,6,8,0.076,0.971,0,2
10.43,DRY RUN,APPROACH,0,,,,,96,0,34,3,2,92,CRUISE,,0.30,0.26,0.16,0.00,0.00,0.00,0.00,,,18.4,31,-0.022,6,8,0.119,0.999,0,2
10.48,DRY RUN,APPROACH,0,,,,,96,0,34,2,3,92,CRUISE,,0.24,0.17,0.13,0.00,0.00,0.00,0.00,,,18.5,32,0.006,5,7,0.148,0.992,0,3
10.54,DRY RUN,APPROACH,0,,,,,96,0,34,1,0,92,CRUISE,,0.17,0.12,0.11,0.00,0.00,0.00,0.00,,,18.5,31,0.027,6,8,-0.011,0.982,0,0
10.59,DRY RUN,APPROACH,0,,,,,96,0,34,1,1,92,CRUISE,,0.13,0.18,0.10,0.00,0.00,0.00,0.00,,,18.5,32,0.129,6,8,0.072,0.992,0,1
10.65,DRY RUN,APPROACH,0,,,,,96,0,34,0,5,92,CRUISE,,0.39,0.25,0.11,0.00,0.00,0.00,0.00,,,18.3,32,4.780,0,7,0.257,0.749,0,5
10.70,DRY RUN,APPROACH,0,,,,,96,0,34,0,6,92,OPTOMOTOR,,0.60,1.00,0.37,0.00,1.75,0.00,0.00,,,18.5,32,2.068,0,6,0.277,0.593,0,6
10.78,DRY RUN,WAIT,0,,,,,96,0,0,0,5,92,OPTOMOTOR,,1.25,1.37,0.55,0.00,1.22,0.00,0.00,,,13.3,31,0.742,6,7,0.247,0.710,0,5
10.83,DRY RUN,WAIT,2,freshripe,0.33,0.98,13.6,96,0,0,0,5,92,OPTOMOTOR,,1.58,1.20,0.63,0.00,0.86,0.00,0.00,,,19.5,29,1.525,0,4,0.226,0.576,0,5
10.88,DRY RUN,WAIT,2,freshripe,0.33,0.98,13.6,96,0,0,0,2,92,CRUISE,,1.25,0.94,0.68,0.00,0.60,0.00,0.00,,,18.3,32,-2.684,0,0,0.085,0.338,0,2
10.93,DRY RUN,WAIT,1,freshripe,0.46,0.90,14.9,96,0,0,0,-1,92,CRUISE,,0.92,0.61,0.74,0.00,0.87,0.00,0.00,,,19.8,28,-0.859,3,3,-0.072,0.348,0,-1
10.99,DRY RUN,WAIT,1,freshripe,0.46,0.90,14.9,96,0,0,0,-1,92,CRUISE,,0.76,0.43,0.73,0.00,0.61,0.00,0.00,,,18.2,32,-0.067,6,8,-0.067,0.649,0,-1
11.04,DRY RUN,WAIT,1,freshripe,0.46,0.99,13.7,96,0,0,0,0,92,CRUISE,,0.57,0.30,0.73,0.00,0.43,0.00,0.00,,,20.0,28,0.024,5,7,-0.013,0.794,0,0
11.09,DRY RUN,APPROACH,1,freshripe,0.46,0.99,13.7,96,0,12,4,3,92,CRUISE,,0.36,0.21,0.48,0.00,0.30,0.00,0.00,,,18.0,33,0.014,5,6,-0.033,0.843,0,-1
11.15,DRY RUN,APPROACH,1,freshripe,0.36,0.99,14.1,96,0,20,7,6,92,CRUISE,,0.22,0.14,0.31,0.00,0.21,0.00,0.00,,,18.1,33,0.002,6,7,0.014,0.923,0,0
11.20,DRY RUN,APPROACH,1,freshripe,0.36,0.99,14.1,96,0,25,9,8,92,CRUISE,,0.15,0.08,0.18,0.00,0.15,0.00,0.00,,,18.1,33,0.005,5,6,0.029,0.929,0,1
11.26,DRY RUN,APPROACH,1,freshripe,0.42,0.98,13.3,96,0,28,11,10,92,CRUISE,,0.11,0.06,0.11,0.00,0.10,0.00,0.00,,,19.1,30,0.009,6,8,0.072,0.990,0,1
11.31,DRY RUN,APPROACH,1,freshripe,0.42,0.98,13.3,96,0,30,12,10,92,CRUISE,,0.09,0.05,0.07,0.00,0.07,0.00,0.00,,,17.9,33,0.018,6,8,0.000,1.000,0,0
11.36,DRY RUN,APPROACH,1,freshripe,0.41,0.96,13.4,96,0,25,12,11,92,CRUISE,,0.07,0.05,0.05,0.00,0.05,0.00,0.00,,,19.8,28,-0.030,6,7,-0.020,1.000,0,0
11.42,DRY RUN,APPROACH,1,freshripe,0.41,0.96,13.4,96,0,21,12,12,92,CRUISE,,0.06,0.04,0.04,0.00,0.04,0.00,0.00,,,18.0,33,-0.012,5,7,0.056,0.993,0,1
11.47,DRY RUN,APPROACH,1,freshripe,0.27,0.98,13.4,96,0,19,13,11,92,CRUISE,,0.05,0.04,0.05,0.00,0.02,0.00,0.00,,,19.7,28,0.006,6,7,-0.039,0.993,0,-1
11.52,DRY RUN,APPROACH,1,freshripe,0.27,0.98,13.4,96,0,17,13,12,92,CRUISE,,0.05,0.08,0.08,0.00,0.02,0.00,0.00,,,18.2,32,0.060,6,7,-0.023,0.978,0,0
11.57,DRY RUN,APPROACH,1,freshripe,0.39,0.99,14.8,96,0,16,13,11,92,CRUISE,,0.05,0.27,0.10,0.00,0.01,0.00,0.00,,,19.9,28,0.017,6,8,0.000,1.000,0,0
11.63,DRY RUN,APPROACH,1,freshripe,0.39,0.99,14.8,96,0,16,13,11,92,CRUISE,,0.05,0.36,0.09,0.00,0.01,0.00,0.00,,,18.3,32,0.020,6,7,0.039,0.999,0,1
11.68,DRY RUN,APPROACH,1,freshripe,0.44,0.97,13.3,96,0,15,13,10,92,CRUISE,,0.04,0.28,0.06,0.00,0.01,0.00,0.00,,,19.9,28,0.009,5,5,-0.033,0.953,0,-1
11.73,DRY RUN,APPROACH,1,freshripe,0.44,0.97,13.3,96,0,15,13,11,92,CRUISE,,0.04,0.21,0.04,0.00,0.00,0.00,0.00,,,18.0,33,-0.003,6,8,-0.023,0.989,0,0
11.79,DRY RUN,APPROACH,2,freshripe,0.48,0.95,14.6,96,0,15,13,7,92,CRUISE,,0.04,0.17,0.04,0.00,0.00,0.00,0.00,,,18.7,31,-0.259,6,6,-0.206,0.957,0,-4
11.84,DRY RUN,APPROACH,2,freshripe,0.48,0.95,14.6,96,0,15,13,5,92,CRUISE,,0.42,0.15,0.11,0.00,0.00,0.00,0.00,,,18.1,33,-0.005,6,6,-0.227,0.954,0,-5
11.89,DRY RUN,APPROACH,1,freshripe,0.46,0.98,13.4,96,0,15,13,10,92,CRUISE,,0.61,0.14,0.15,0.00,0.00,0.00,0.00,,,19.7,29,-0.004,5,6,-0.063,0.932,0,-1
11.95,DRY RUN,APPROACH,1,freshripe,0.46,0.98,13.4,96,0,15,13,8,92,CRUISE,,0.32,0.08,0.08,0.00,0.00,0.00,0.00,,,17.8,33,-0.001,6,6,-0.144,0.954,0,-3
12.00,DRY RUN,APPROACH,2,freshripe,0.48,0.99,13.4,96,0,15,13,10,92,CRUISE,,0.17,0.05,0.04,0.00,0.00,0.00,0.00,,,18.9,31,0.000,6,7,-0.082,0.985,0,-2
12.06,DRY RUN,APPROACH,2,freshripe,0.48,0.99,13.4,96,0,15,13,13,92,CRUISE,,0.09,0.03,0.03,0.00,0.00,0.00,0.00,,,18.0,33,0.000,6,8,0.036,1.000,0,1
12.11,DRY RUN,APPROACH,2,freshripe,0.46,0.99,13.2,96,0,15,13,12,92,CRUISE,,0.05,0.02,0.02,0.00,0.00,0.00,0.00,,,19.0,31,-0.005,6,7,-0.012,1.000,0,0
12.17,DRY RUN,APPROACH,2,freshripe,0.46,0.99,13.2,96,0,15,13,12,92,CRUISE,,0.03,0.02,0.02,0.00,0.00,0.00,0.00,,,18.3,32,-0.005,6,8,0.007,0.988,0,0
12.22,DRY RUN,APPROACH,2,freshripe,0.51,0.99,13.3,96,0,15,13,12,92,CRUISE,,0.02,0.02,0.02,0.00,0.00,0.00,0.00,,,18.6,31,0.007,6,8,0.000,1.000,0,0
12.27,DRY RUN,APPROACH,2,freshripe,0.51,0.99,13.3,96,0,15,13,10,92,CRUISE,,0.02,0.02,0.02,0.00,0.00,0.00,0.00,,,17.9,33,-0.000,6,6,-0.077,0.968,0,-2
12.33,DRY RUN,APPROACH,2,freshripe,0.49,0.99,13.5,96,0,15,13,11,92,CRUISE,,0.02,0.02,0.01,0.00,0.00,0.00,0.00,,,19.1,31,-0.004,6,7,-0.046,0.993,0,-1
12.38,DRY RUN,APPROACH,2,freshripe,0.49,0.99,13.5,96,0,15,13,11,92,CRUISE,,0.02,0.01,0.01,0.00,0.00,0.00,0.00,,,18.0,33,0.003,6,8,-0.074,0.969,0,-1
12.44,DRY RUN,APPROACH,2,freshripe,0.49,0.99,13.4,96,0,15,13,11,92,CRUISE,,0.02,0.03,0.01,0.00,0.00,0.00,0.00,,,18.6,31,-0.007,6,7,-0.035,0.965,0,-1
12.49,DRY RUN,APPROACH,2,freshripe,0.49,0.99,13.4,96,0,15,13,13,92,CRUISE,,0.02,0.04,0.01,0.00,0.00,0.00,0.00,,,18.1,32,0.005,6,7,0.049,0.977,0,1
12.55,DRY RUN,APPROACH,2,freshripe,0.49,0.99,13.3,96,0,15,13,13,92,CRUISE,,0.02,0.04,0.01,0.00,0.00,0.00,0.00,,,18.8,31,-0.002,5,6,0.044,0.960,0,1
12.60,DRY RUN,APPROACH,2,freshripe,0.49,0.99,13.3,96,0,15,13,13,92,CRUISE,,0.02,0.03,0.01,0.00,0.00,0.00,0.00,,,18.2,32,0.004,6,8,0.030,1.000,0,1
12.65,DRY RUN,APPROACH,2,freshripe,0.53,0.99,13.3,96,0,15,13,12,92,CRUISE,,0.02,0.03,0.01,0.00,0.00,0.00,0.00,,,19.1,31,-0.003,6,9,0.000,1.000,0,0
12.71,DRY RUN,APPROACH,2,freshripe,0.53,0.99,13.3,96,0,15,13,12,92,CRUISE,,0.02,0.03,0.01,0.00,0.00,0.00,0.00,,,18.0,33,0.005,6,7,0.000,1.000,0,0
12.76,DRY RUN,APPROACH,2,freshripe,0.49,0.99,13.2,96,0,15,13,12,92,CRUISE,,0.02,0.02,0.01,0.00,0.00,0.00,0.00,,,18.7,31,0.033,6,8,0.017,1.000,0,0
12.82,DRY RUN,APPROACH,2,freshripe,0.49,0.99,13.2,96,0,15,13,11,92,CRUISE,,0.01,0.02,0.02,0.00,0.00,0.00,0.00,,,18.1,32,-0.027,6,6,-0.072,0.989,0,-1
12.87,DRY RUN,APPROACH,1,freshripe,0.46,0.98,13.4,96,0,15,13,12,92,CRUISE,,0.02,0.02,0.02,0.00,0.00,0.00,0.00,,,19.6,28,0.001,6,7,0.009,0.990,0,0
12.92,DRY RUN,APPROACH,1,freshripe,0.46,0.98,13.4,96,0,15,13,12,92,CRUISE,,0.02,0.02,0.02,0.00,0.00,0.00,0.00,,,18.2,32,-0.007,6,8,0.000,1.000,0,0
12.98,DRY RUN,APPROACH,2,freshripe,0.49,0.98,13.4,96,0,15,13,12,92,CRUISE,,0.02,0.03,0.02,0.00,0.00,0.00,0.00,,,18.8,31,-0.015,5,7,0.011,0.977,0,0
13.03,DRY RUN,APPROACH,2,freshripe,0.49,0.98,13.4,96,0,15,13,16,92,CRUISE,,0.09,0.04,0.08,0.00,0.00,0.00,0.00,,,18.0,33,-0.001,4,8,0.212,0.979,0,4
13.08,DRY RUN,APPROACH,1,freshripe,0.50,0.98,13.3,96,0,15,13,14,92,CRUISE,,0.12,0.05,0.11,0.00,0.00,0.00,0.00,,,19.6,29,-0.002,6,7,0.093,0.999,0,2
13.14,DRY RUN,APPROACH,1,freshripe,0.50,0.98,13.3,96,0,15,13,13,92,CRUISE,,0.08,0.04,0.07,0.00,0.00,0.00,0.00,,,17.8,33,0.003,6,8,0.050,0.972,0,1
13.19,DRY RUN,APPROACH,2,freshripe,0.49,0.99,13.3,96,0,15,13,14,92,CRUISE,,0.06,0.03,0.04,0.00,0.00,0.00,0.00,,,18.8,31,-0.002,5,8,0.086,0.967,0,2
13.25,DRY RUN,APPROACH,2,freshripe,0.49,0.99,13.3,96,0,15,13,12,92,CRUISE,,0.04,0.02,0.03,0.00,0.00,0.00,0.00,,,18.0,33,-0.000,6,7,0.024,0.992,0,0
13.30,DRY RUN,APPROACH,2,freshripe,0.47,0.99,13.3,96,0,15,13,13,92,CRUISE,,0.02,0.02,0.02,0.00,0.00,0.00,0.00,,,18.8,31,-0.004,5,7,0.051,0.973,0,1
13.36,DRY RUN,APPROACH,2,freshripe,0.47,0.99,13.3,96,0,15,13,15,92,CRUISE,,0.02,0.02,0.02,0.00,0.00,0.00,0.00,,,18.0,33,0.003,5,8,0.138,0.982,0,3
13.41,DRY RUN,APPROACH,2,freshripe,0.46,0.99,13.4,96,0,15,13,13,92,CRUISE,,0.02,0.02,0.01,0.00,0.00,0.00,0.00,,,18.7,31,-0.001,6,7,0.034,1.000,0,1
13.46,DRY RUN,APPROACH,2,freshripe,0.46,0.99,13.4,96,0,15,13,12,92,CRUISE,,0.02,0.02,0.01,0.00,0.00,0.00,0.00,,,18.1,33,-0.001,6,8,0.000,1.000,0,0
13.52,DRY RUN,APPROACH,2,freshripe,0.46,0.99,13.4,96,0,15,13,12,92,CRUISE,,0.02,0.02,0.02,0.00,0.00,0.00,0.00,,,18.8,31,-0.003,6,8,0.000,1.000,0,0
13.57,DRY RUN,APPROACH,2,freshripe,0.46,0.99,13.4,96,0,15,13,12,92,CRUISE,,0.02,0.01,0.01,0.00,0.00,0.00,0.00,,,17.8,33,0.001,6,9,0.000,1.000,0,0
13.63,DRY RUN,APPROACH,2,freshripe,0.49,0.98,13.3,96,0,15,13,13,92,CRUISE,,0.02,0.01,0.01,0.00,0.00,0.00,0.00,,,18.6,31,-0.002,5,8,0.038,1.000,0,1
13.68,DRY RUN,APPROACH,2,freshripe,0.49,0.98,13.3,96,0,15,13,12,92,CRUISE,,0.01,0.02,0.01,0.00,0.00,0.00,0.00,,,17.9,33,0.004,6,8,0.000,1.000,0,0
13.74,DRY RUN,APPROACH,2,freshripe,0.48,0.99,13.3,96,0,15,13,12,92,CRUISE,,0.01,0.02,0.01,0.00,0.00,0.00,0.00,,,19.2,30,-0.003,6,8,0.000,1.000,0,0
13.81,DRY RUN,APPROACH,2,freshripe,0.48,0.99,13.3,96,0,15,13,13,92,CRUISE,,0.01,0.02,0.01,0.00,0.00,0.00,0.00,,,14.3,47,0.007,5,8,0.050,1.000,0,1
13.86,DRY RUN,APPROACH,2,freshripe,0.48,0.99,13.4,96,0,15,13,14,92,CRUISE,,0.01,0.02,0.01,0.00,0.00,0.00,0.00,,,18.8,31,0.001,5,8,0.109,1.000,0,2
13.91,DRY RUN,APPROACH,2,freshripe,0.48,0.99,13.4,96,0,15,13,12,92,CRUISE,,0.01,0.02,0.01,0.00,0.00,0.00,0.00,,,18.1,32,-0.003,6,8,0.018,1.000,0,0
13.97,DRY RUN,APPROACH,2,freshripe,0.49,0.99,13.3,96,0,15,13,12,92,CRUISE,,0.02,0.02,0.01,0.00,0.00,0.00,0.00,,,18.8,31,-0.006,5,7,-0.003,0.965,0,0
14.02,DRY RUN,APPROACH,2,freshripe,0.49,0.99,13.3,96,0,15,13,9,92,CRUISE,,0.02,0.02,0.02,0.00,0.00,0.00,0.00,,,18.2,32,0.013,6,7,-0.152,0.962,0,-3
14.08,DRY RUN,APPROACH,2,freshripe,0.54,0.98,13.4,96,0,15,13,12,92,CRUISE,,0.02,0.02,0.04,0.00,0.00,0.00,0.00,,,18.8,31,-0.012,5,7,0.015,0.971,0,0
14.13,DRY RUN,APPROACH,2,freshripe,0.54,0.98,13.4,96,0,15,13,10,92,CRUISE,,0.03,0.02,0.06,0.00,0.00,0.00,0.00,,,18.1,33,-0.035,6,6,-0.100,0.975,0,-2
14.18,DRY RUN,APPROACH,2,freshripe,0.48,0.98,13.4,96,0,15,13,12,92,CRUISE,,0.04,0.03,0.06,0.00,0.00,0.00,0.00,,,19.2,30,-0.013,6,8,0.000,1.000,0,0
14.24,DRY RUN,APPROACH,2,freshripe,0.48,0.98,13.4,96,0,15,13,11,92,CRUISE,,0.04,0.04,0.07,0.00,0.00,0.00,0.00,,,18.2,32,-0.022,6,7,-0.055,0.977,0,-1
14.29,DRY RUN,APPROACH,2,freshripe,0.50,0.97,13.3,96,0,15,13,12,92,CRUISE,,0.04,0.07,0.06,0.00,0.00,0.00,0.00,,,18.7,31,-0.020,6,8,-0.006,1.000,0,0
14.35,DRY RUN,APPROACH,2,freshripe,0.50,0.97,13.3,96,0,15,13,14,92,CRUISE,,0.05,0.09,0.06,0.00,0.00,0.00,0.00,,,18.3,32,0.006,5,7,0.111,0.965,0,2
14.40,DRY RUN,APPROACH,1,freshripe,0.51,0.98,13.5,96,0,15,13,14,92,CRUISE,,0.06,0.09,0.05,0.00,0.00,0.00,0.00,,,19.7,29,-0.004,5,8,0.121,0.963,0,2
14.45,DRY RUN,APPROACH,1,freshripe,0.51,0.98,13.5,96,0,15,13,12,92,CRUISE,,0.06,0.07,0.04,0.00,0.00,0.00,0.00,,,18.1,32,0.002,6,8,0.001,0.980,0,0
14.50,DRY RUN,APPROACH,2,freshripe,0.51,0.96,13.5,96,0,15,13,12,92,CRUISE,,0.04,0.06,0.03,0.00,0.00,0.00,0.00,,,18.8,31,-0.003,6,7,-0.010,1.000,0,0
14.56,DRY RUN,APPROACH,2,freshripe,0.51,0.96,13.5,96,0,15,13,13,92,CRUISE,,0.04,0.06,0.03,0.00,0.00,0.00,0.00,,,17.8,33,-0.008,6,7,0.042,0.997,0,1
14.61,DRY RUN,APPROACH,1,freshripe,0.56,0.98,13.5,96,0,15,13,16,92,CRUISE,,0.04,0.06,0.03,0.00,0.00,0.00,0.00,,,19.7,29,-0.008,5,7,0.199,0.976,0,4
14.67,DRY RUN,APPROACH,1,freshripe,0.56,0.98,13.5,96,0,15,13,13,92,CRUISE,,0.03,0.06,0.03,0.00,0.00,0.00,0.00,,,18.0,33,-0.009,6,7,0.068,0.997,0,1
14.72,DRY RUN,APPROACH,1,freshripe,0.51,0.99,13.4,96,0,15,13,14,92,CRUISE,,0.03,0.06,0.03,0.00,0.00,0.00,0.00,,,19.6,29,0.007,5,8,0.119,1.000,0,2
14.77,DRY RUN,APPROACH,1,freshripe,0.51,0.99,13.4,96,0,15,13,12,92,CRUISE,,0.03,0.04,0.02,0.00,0.00,0.00,0.00,,,17.8,33,0.031,6,8,0.023,1.000,0,0
14.83,DRY RUN,APPROACH,2,freshripe,0.49,0.99,13.5,96,0,15,13,12,92,CRUISE,,0.03,0.03,0.01,0.00,0.00,0.00,0.00,,,18.9,31,-0.018,6,8,0.000,1.000,0,0
14.88,DRY RUN,APPROACH,2,freshripe,0.49,0.99,13.5,96,0,15,13,13,92,CRUISE,,0.03,0.03,0.01,0.00,0.00,0.00,0.00,,,18.1,32,0.001,5,7,0.064,0.999,0,1
14.94,DRY RUN,APPROACH,2,freshripe,0.47,0.97,13.3,96,0,15,13,12,92,CRUISE,,0.03,0.03,0.02,0.00,0.00,0.00,0.00,,,18.9,31,-0.008,6,8,0.000,1.000,0,0
14.99,DRY RUN,APPROACH,2,freshripe,0.47,0.97,13.3,96,0,15,13,14,92,CRUISE,,0.02,0.04,0.03,0.00,0.00,0.00,0.00,,,18.0,33,0.003,5,8,0.077,0.999,0,2
15.04,DRY RUN,APPROACH,2,freshripe,0.48,0.99,13.4,96,0,15,13,11,92,CRUISE,,0.02,0.04,0.03,0.00,0.00,0.00,0.00,,,19.0,30,-0.008,6,8,-0.059,0.987,0,-1
15.10,DRY RUN,APPROACH,2,freshripe,0.48,0.99,13.4,96,0,15,13,13,92,CRUISE,,0.03,0.03,0.03,0.00,0.00,0.00,0.00,,,17.9,33,-0.017,6,9,0.050,0.999,0,1
15.15,DRY RUN,APPROACH,2,freshripe,0.51,0.99,13.4,96,0,15,13,14,92,CRUISE,,0.03,0.03,0.03,0.00,0.00,0.00,0.00,,,19.0,30,0.007,5,7,0.109,0.991,0,2
15.21,DRY RUN,APPROACH,2,freshripe,0.51,0.99,13.4,96,0,15,13,11,92,CRUISE,,0.02,0.03,0.03,0.00,0.00,0.00,0.00,,,17.9,33,0.003,6,6,-0.028,0.987,0,-1
15.26,DRY RUN,APPROACH,2,freshripe,0.52,0.99,13.4,96,0,15,13,13,92,CRUISE,,0.02,0.03,0.03,0.00,0.00,0.00,0.00,,,18.8,31,0.003,6,8,0.060,0.994,0,1
15.32,DRY RUN,APPROACH,2,freshripe,0.52,0.99,13.4,96,0,15,13,13,92,CRUISE,,0.02,0.03,0.02,0.00,0.00,0.00,0.00,,,18.2,32,-0.004,6,8,0.069,0.984,0,1
15.37,DRY RUN,APPROACH,2,freshripe,0.49,0.99,13.4,96,0,15,13,12,92,CRUISE,,0.02,0.02,0.02,0.00,0.00,0.00,0.00,,,19.2,30,0.001,6,8,0.003,1.000,0,0
15.42,DRY RUN,APPROACH,2,freshripe,0.49,0.99,13.4,96,0,15,13,12,92,CRUISE,,0.02,0.02,0.03,0.00,0.00,0.00,0.00,,,18.0,33,0.008,6,8,0.000,1.000,0,0
15.48,DRY RUN,APPROACH,2,freshripe,0.50,0.98,13.3,96,0,15,13,12,92,CRUISE,,0.02,0.02,0.03,0.00,0.00,0.00,0.00,,,19.1,30,0.001,6,7,0.015,0.993,0,0
15.53,DRY RUN,APPROACH,2,freshripe,0.50,0.98,13.3,96,0,15,13,11,92,CRUISE,,0.02,0.02,0.03,0.00,0.00,0.00,0.00,,,18.2,32,-0.005,6,7,-0.048,0.964,0,-1
15.58,DRY RUN,APPROACH,2,freshripe,0.49,0.99,13.4,96,0,15,13,8,92,OPTOMOTOR,,0.02,0.02,0.02,0.00,0.00,0.00,0.00,,,18.7,31,0.005,6,7,-0.219,0.948,0,-4
15.64,DRY RUN,APPROACH,2,freshripe,0.49,0.99,13.4,96,0,15,13,14,92,CRUISE,,0.02,0.02,0.03,0.00,0.00,0.00,0.00,,,17.9,33,-0.014,5,9,0.077,1.000,0,2
15.69,DRY RUN,APPROACH,2,freshripe,0.50,0.98,13.2,96,0,15,13,12,92,CRUISE,,0.02,0.02,0.02,0.00,0.00,0.00,0.00,,,18.5,32,-0.008,6,8,0.000,1.000,0,0
15.76,DRY RUN,APPROACH,2,freshripe,0.50,0.98,13.2,96,0,15,13,12,92,CRUISE,,0.02,0.03,0.02,0.00,0.00,0.00,0.00,,,15.2,32,0.032,5,7,0.014,0.972,0,0
15.81,DRY RUN,APPROACH,1,freshripe,0.50,0.99,13.4,96,0,15,13,12,92,CRUISE,,0.02,0.04,0.02,0.00,0.00,0.00,0.00,,,19.9,29,-0.027,6,8,0.002,1.000,0,0
15.87,DRY RUN,APPROACH,1,freshripe,0.50,0.99,13.4,96,0,15,13,14,92,CRUISE,,0.01,0.04,0.02,0.00,0.00,0.00,0.00,,,18.0,33,-0.007,5,8,0.082,0.997,0,2
15.92,DRY RUN,APPROACH,1,freshripe,0.52,0.98,13.5,96,0,15,13,14,92,CRUISE,,0.02,0.03,0.02,0.00,0.00,0.00,0.00,,,19.5,29,0.000,6,8,0.096,1.000,0,2
15.97,DRY RUN,APPROACH,1,freshripe,0.52,0.98,13.5,96,0,15,13,12,92,CRUISE,,0.02,0.02,0.04,0.00,0.00,0.00,0.00,,,18.2,32,0.009,6,7,0.010,1.000,0,0
16.03,DRY RUN,APPROACH,2,freshripe,0.50,0.99,13.4,96,0,15,13,12,92,CRUISE,,0.02,0.02,0.03,0.00,0.00,0.00,0.00,,,19.0,30,-0.003,6,7,0.000,1.000,0,0
16.08,DRY RUN,APPROACH,2,freshripe,0.50,0.99,13.4,96,0,15,13,12,92,CRUISE,,0.02,0.02,0.04,0.00,0.00,0.00,0.00,,,18.0,33,-0.040,5,6,0.023,0.982,0,0
16.13,DRY RUN,APPROACH,2,freshripe,0.50,0.99,13.4,96,0,15,13,11,92,CRUISE,,0.05,0.04,0.04,0.00,0.00,0.00,0.00,,,18.7,31,-0.026,6,7,-0.065,0.987,0,-1
16.18,DRY RUN,APPROACH,2,freshripe,0.49,0.99,13.4,96,0,15,13,13,92,CRUISE,,0.07,0.05,0.05,0.00,0.00,0.00,0.00,,,19.8,29,0.023,6,9,0.044,1.000,0,1
16.24,DRY RUN,APPROACH,2,freshripe,0.49,0.99,13.4,96,0,15,13,17,92,CRUISE,,0.12,0.03,0.05,0.00,0.00,0.00,0.00,,,18.1,32,1.274,2,7,0.230,0.856,0,5
16.29,DRY RUN,APPROACH,2,freshripe,0.47,1.00,13.3,96,0,15,13,14,92,CRUISE,,0.23,0.02,0.21,0.00,0.00,0.00,0.00,,,18.7,31,1.855,0,4,0.103,0.587,0,2
16.35,DRY RUN,APPROACH,2,freshripe,0.47,1.00,13.3,96,0,15,13,17,92,OPTOMOTOR,,2.12,0.45,1.94,0.00,6.11,0.00,0.00,,,18.2,32,1.111,3,7,0.246,0.621,0,5
16.40,DRY RUN,APPROACH,1,freshripe,0.48,0.99,13.8,96,0,15,14,14,92,CRUISE,,3.07,1.07,2.88,0.00,4.28,0.00,0.00,,,19.7,29,-2.577,0,0,0.103,0.349,0,2
16.45,DRY RUN,APPROACH,1,freshripe,0.48,0.99,13.8,96,0,15,15,10,92,CRUISE,,3.35,1.57,3.27,0.00,4.80,0.00,0.00,,,18.5,32,-0.497,5,5,-0.083,0.430,0,-2
16.51,DRY RUN,APPROACH,2,freshripe,0.65,0.98,17.7,96,0,15,17,9,92,CRUISE,,3.37,1.81,3.50,0.00,3.36,0.00,0.00,,,18.9,31,-0.446,5,7,-0.060,0.657,0,-1
16.56,DRY RUN,APPROACH,2,freshripe,0.65,0.98,17.7,96,0,15,18,9,92,CRUISE,,2.70,1.94,2.75,0.00,2.35,0.00,0.00,,,18.3,32,0.865,3,7,0.027,0.675,0,1
16.61,DRY RUN,APPROACH,2,freshripe,0.67,0.97,20.6,96,0,15,15,8,92,CRUISE,,2.67,2.08,2.88,0.00,1.65,0.11,0.22,,,18.5,32,1.894,0,3,0.057,0.508,0,1
16.67,DRY RUN,APPROACH,2,freshripe,0.67,0.97,20.6,96,0,15,13,7,92,CRUISE,,2.66,2.15,2.37,0.15,1.15,0.35,0.21,,,18.1,32,-2.121,1,0,0.019,0.334,0,0
16.72,DRY RUN,APPROACH,1,freshripe,0.79,0.99,21.4,96,0,13,8,10,92,AVOID_RIGHT,,2.83,2.44,2.11,0.11,1.31,0.36,0.16,,,19.2,30,2.219,0,2,0.109,0.240,0,2
16.78,DRY RUN,SCARED,1,freshripe,0.79,0.99,21.4,96,0,-60,0,1,92,AVOID_RIGHT,RIGHT,2.91,3.24,1.98,0.83,0.92,0.76,0.76,,,17.6,34,1.581,0,5,0.349,0.331,0,1
16.83,DRY RUN,SCARED,1,freshripe,0.68,0.95,21.7,96,0,-60,0,4,92,ESCAPE,RIGHT,2.82,3.64,1.73,0.62,3.49,0.00,0.00,,,19.6,29,3.190,0,4,0.487,0.377,0,4
16.89,DRY RUN,SCARED,1,freshripe,0.68,0.95,21.7,96,0,-60,0,4,92,ESCAPE,RIGHT,2.77,4.43,1.85,0.65,2.44,0.59,0.59,,,17.6,34,2.620,0,5,0.523,0.393,0,4
16.95,DRY RUN,SCARED,1,freshripe,0.94,0.99,21.8,96,0,-60,0,0,92,ESCAPE,RIGHT,2.57,3.56,2.43,1.00,1.71,0.52,0.52,,,14.7,46,1.990,0,7,0.558,0.412,0,0
17.01,DRY RUN,SCARED,1,freshripe,0.94,0.99,21.8,96,0,-60,0,0,92,ESCAPE,RIGHT,2.08,3.18,2.72,1.00,3.05,0.00,0.00,,,17.9,33,3.313,0,4,0.493,0.365,0,0
17.07,DRY RUN,SCARED,1,freshripe,0.89,0.99,19.9,96,0,-60,0,3,92,ESCAPE,RIGHT,1.79,2.99,2.75,0.56,2.14,0.03,0.03,,,16.5,29,-0.535,4,7,0.320,0.516,0,3
17.13,DRY RUN,SCARED,1,freshripe,0.89,0.99,19.9,96,0,-60,0,1,92,ESCAPE,RIGHT,1.69,3.15,2.76,0.32,2.18,0.08,0.08,,,18.3,32,-2.010,2,0,0.058,0.357,0,1
17.18,DRY RUN,SCARED,1,freshripe,0.90,0.95,17.3,96,0,-60,0,0,92,ESCAPE,RIGHT,2.51,3.23,2.76,0.58,1.53,0.45,0.45,,,20.0,29,-1.260,2,1,-0.055,0.272,0,0
17.23,DRY RUN,SCARED,1,freshripe,0.90,0.95,17.3,96,0,-60,0,0,92,ESCAPE,RIGHT,3.06,3.26,2.89,1.00,1.31,0.58,0.58,,,18.0,33,-3.101,2,0,-0.212,0.220,0,0
17.28,DRY RUN,SCARED,1,freshripe,0.85,0.99,17.4,96,0,-60,0,0,92,ESCAPE,RIGHT,3.34,4.25,2.84,1.00,0.92,1.00,1.00,,,19.4,29,-3.592,1,0,-0.319,0.171,0,0
17.34,DRY RUN,SCARED,1,freshripe,0.85,0.99,17.4,96,0,-60,0,0,92,ESCAPE,RIGHT,3.63,4.75,3.89,1.00,1.31,1.00,1.00,,,17.9,34,-0.836,2,2,-0.257,0.216,0,0
17.39,DRY RUN,SCARED,1,freshripe,0.75,1.00,16.6,96,0,-60,0,0,92,ESCAPE,RIGHT,3.78,4.90,4.41,1.00,0.92,1.00,1.00,,,19.4,30,0.878,2,7,-0.083,0.422,0,0
17.45,DRY RUN,SCARED,1,freshripe,0.75,1.00,16.6,96,0,-60,0,0,92,ESCAPE,RIGHT,5.11,3.66,5.79,1.00,1.75,1.00,1.00,,,17.8,34,-1.881,2,0,-0.154,0.304,0,0
17.50,DRY RUN,WAIT,1,freshripe,0.72,0.97,15.2,96,0,-39,0,0,92,ESCAPE,RIGHT,5.78,3.01,6.48,1.00,1.22,1.00,1.00,,,19.2,30,-5.307,2,0,-0.271,0.238,0,0
17.56,DRY RUN,WAIT,1,freshripe,0.72,0.97,15.2,96,0,-25,0,0,92,ESCAPE,RIGHT,4.31,2.59,4.35,1.00,1.31,1.00,1.00,,,17.7,33,-1.229,2,1,-0.335,0.220,0,0
17.61,DRY RUN,WAIT,1,freshripe,0.62,0.96,15.4,96,0,-16,0,0,92,ESCAPE,RIGHT,3.57,2.47,3.29,1.00,0.92,0.93,0.79,,,19.2,30,0.028,5,6,-0.217,0.477,0,0
17.66,DRY RUN,WAIT,1,freshripe,0.62,0.96,15.4,96,0,-10,0,0,92,ESCAPE,RIGHT,3.26,2.32,3.46,1.00,1.31,0.57,0.67,,,17.8,33,-0.460,5,6,-0.181,0.664,0,0
17.72,DRY RUN,WAIT,2,freshripe,0.81,0.96,15.5,96,0,-6,0,0,92,ESCAPE,RIGHT,3.10,2.45,3.54,1.00,0.92,0.69,0.91,,,18.6,32,3.192,0,2,-0.093,0.469,0,0
17.77,DRY RUN,WAIT,2,freshripe,0.81,0.96,15.5,96,0,-4,0,0,92,ESCAPE,RIGHT,2.13,1.71,2.98,1.00,0.64,0.35,0.77,,,17.9,33,0.649,3,7,0.122,0.569,0,0
17.82,DRY RUN,WAIT,1,freshripe,0.81,0.99,15.9,96,0,-2,0,0,92,ESCAPE,RIGHT,1.49,1.01,1.63,1.00,0.45,0.12,0.19,,,19.5,29,-1.765,2,0,-0.085,0.430,0,0
17.88,DRY RUN,WAIT,1,freshripe,0.81,0.99,15.9,96,0,-1,0,-1,92,ESCAPE,RIGHT,1.21,0.53,0.94,0.73,0.31,0.05,0.00,,,18.6,32,-0.300,6,7,-0.095,0.561,0,-1
17.93,DRY RUN,WAIT,1,freshripe,0.68,0.97,16.1,96,0,-1,0,-1,92,ESCAPE,RIGHT,0.97,0.30,0.61,0.41,0.44,0.00,0.00,,,19.8,29,-0.993,4,1,-0.124,0.540,0,-1
17.98,DRY RUN,WAIT,1,freshripe,0.68,0.97,16.1,96,0,0,0,-2,92,ESCAPE,,0.50,0.44,0.44,0.23,0.31,0.00,0.00,,,18.3,32,-0.589,5,5,-0.135,0.595,0,-2
18.03,DRY RUN,WAIT,1,freshripe,0.75,0.97,16.1,96,0,0,0,-1,92,ESCAPE,,0.27,0.60,0.39,0.13,0.44,0.00,0.00,,,19.7,28,0.906,5,7,-0.071,0.735,0,-1
18.09,DRY RUN,WAIT,1,freshripe,0.75,0.97,16.1,96,0,0,0,-2,92,ESCAPE,,1.05,1.42,1.46,0.07,0.31,0.16,0.18,,,18.3,32,-0.238,6,6,-0.087,0.814,0,-2
18.14,DRY RUN,WAIT,1,freshripe,0.83,0.98,15.7,96,0,0,0,-3,92,ESCAPE,,1.45,1.84,1.99,0.34,0.44,0.30,0.38,,,19.4,29,-3.129,2,0,-0.219,0.554,0,-3
18.20,DRY RUN,WAIT,1,freshripe,0.83,0.98,15.7,96,0,0,0,-3,92,ESCAPE,,0.98,1.41,1.56,0.34,0.31,0.15,0.23,,,17.9,33,-2.475,2,0,-0.264,0.378,0,-3
18.25,DRY RUN,WAIT,1,freshripe,0.83,0.97,15.8,96,0,0,0,-4,92,ESCAPE,,0.61,1.10,1.25,0.19,0.44,0.00,0.01,,,19.9,28,0.024,6,7,-0.235,0.504,0,-4
18.30,DRY RUN,WAIT,1,freshripe,0.83,0.97,15.8,96,0,0,0,1,92,ESCAPE,,0.56,0.78,1.10,0.11,0.31,0.00,0.00,,,18.3,32,1.613,0,6,0.059,0.498,0,1
18.35,DRY RUN,WAIT,1,freshripe,0.82,0.97,16.8,96,0,0,0,5,92,ESCAPE,,0.40,0.49,0.76,0.06,0.44,0.00,0.00,,,19.7,29,1.211,0,7,0.265,0.500,0,5
18.41,DRY RUN,WAIT,1,freshripe,0.82,0.97,16.8,96,0,0,0,3,92,ESCAPE,,0.29,0.40,0.57,0.03,0.31,0.00,0.00,,,18.3,32,-0.043,5,8,0.152,0.701,0,3
18.46,DRY RUN,WAIT,1,freshripe,0.85,0.97,15.9,96,0,0,0,-2,92,CRUISE,,0.24,0.36,0.47,0.02,0.21,0.00,0.00,,,19.7,29,-4.463,2,0,-0.083,0.518,0,-2
18.51,DRY RUN,WAIT,1,freshripe,0.85,0.97,15.9,96,0,0,0,-3,92,CRUISE,,0.48,1.02,0.79,0.01,0.15,0.03,0.03,,,18.3,32,-2.690,1,0,-0.164,0.339,0,-3
18.56,DRY RUN,APPROACH,1,freshripe,0.84,0.97,16.0,96,0,12,0,-5,92,OPTOMOTOR,,0.78,1.35,0.95,0.01,0.87,0.00,0.00,,,19.8,28,-0.015,6,5,-0.237,0.458,0,-5
18.62,DRY RUN,APPROACH,1,freshripe,0.84,0.97,16.0,96,0,20,0,-3,92,OPTOMOTOR,,0.94,0.88,1.31,0.00,0.61,0.00,0.00,,,18.1,32,-0.168,5,7,-0.169,0.673,0,-3
18.67,DRY RUN,APPROACH,1,freshripe,0.87,0.97,16.7,96,0,25,0,-3,92,CRUISE,,1.03,0.65,1.19,0.00,0.44,0.00,0.00,,,19.6,29,0.060,5,6,-0.149,0.774,0,-3
18.72,DRY RUN,APPROACH,1,freshripe,0.87,0.97,16.7,96,0,28,0,3,92,CRUISE,,0.99,0.54,0.83,0.00,0.31,0.00,0.00,,,18.4,32,1.465,0,6,0.170,0.679,0,3
18.77,DRY RUN,APPROACH,1,freshripe,0.86,0.96,16.4,96,0,30,0,1,92,CRUISE,,0.88,0.48,0.66,0.00,0.44,0.00,0.00,,,19.8,29,0.637,6,6,0.044,0.768,0,1
18.83,DRY RUN,APPROACH,1,freshripe,0.86,0.96,16.4,96,0,32,0,3,92,CRUISE,,0.83,0.45,0.57,0.00,0.31,0.00,0.00,,,18.2,32,1.785,0,6,0.155,0.604,0,3
18.88,DRY RUN,APPROACH,2,freshripe,0.82,0.99,16.1,96,0,33,0,2,92,CRUISE,,0.73,0.51,0.53,0.00,0.21,0.00,0.00,,,19.1,30,-0.424,6,6,0.083,0.655,0,2
18.94,DRY RUN,APPROACH,2,freshripe,0.82,0.99,16.1,96,0,33,0,-2,92,CRUISE,,0.69,0.54,0.58,0.00,0.15,0.00,0.00,,,18.3,32,-1.583,0,0,-0.082,0.454,0,-2
18.99,DRY RUN,APPROACH,2,freshripe,0.86,0.94,15.8,96,0,34,0,-2,92,CRUISE,,0.55,0.53,0.60,0.00,0.87,0.00,0.00,,,18.8,31,-0.442,6,7,-0.104,0.647,0,-2
19.04,DRY RUN,APPROACH,2,freshripe,0.86,0.94,15.8,96,0,34,0,-2,92,CRUISE,,0.48,0.40,0.61,0.00,0.61,0.00,0.00,,,18.4,32,-0.069,5,6,-0.110,0.760,0,-2
19.09,DRY RUN,APPROACH,1,freshripe,0.87,0.98,16.5,96,0,34,0,0,92,CRUISE,,0.42,0.33,0.61,0.00,0.44,0.00,0.00,,,19.8,29,0.980,2,6,0.025,0.752,0,0
19.15,DRY RUN,APPROACH,1,freshripe,0.87,0.98,16.5,96,0,34,0,1,92,CRUISE,,0.42,0.30,0.70,0.00,0.31,0.00,0.00,,,18.1,32,-0.098,6,8,0.055,0.876,0,1
19.20,DRY RUN,APPROACH,1,freshripe,0.81,0.98,16.7,96,0,34,0,2,92,CRUISE,,0.43,0.27,0.74,0.00,0.44,0.00,0.00,,,19.7,29,-0.129,6,7,0.121,0.927,0,2
19.26,DRY RUN,APPROACH,1,freshripe,0.81,0.98,16.7,96,0,34,0,4,92,CRUISE,,0.64,0.32,0.77,0.00,0.44,0.00,0.00,,,18.0,33,0.149,6,8,0.185,0.960,0,4
19.31,DRY RUN,APPROACH,1,freshripe,0.85,0.97,16.3,96,0,34,0,-1,92,CRUISE,,0.75,0.28,0.62,0.00,0.31,0.00,0.00,,,19.7,29,-0.981,4,4,-0.053,0.822,0,-1
19.36,DRY RUN,APPROACH,1,freshripe,0.85,0.97,16.3,96,0,34,0,-4,92,CRUISE,,0.79,0.39,0.56,0.00,0.21,0.00,0.00,,,18.8,32,-0.924,6,5,-0.210,0.729,0,-4
19.41,DRY RUN,APPROACH,2,freshripe,0.83,0.94,16.8,96,0,34,0,-4,92,OPTOMOTOR,,0.62,0.45,0.53,0.00,0.15,0.00,0.00,,,18.9,31,0.179,6,7,-0.194,0.801,0,-4
19.47,DRY RUN,APPROACH,2,freshripe,0.83,0.94,16.8,96,0,34,0,-5,92,CRUISE,,0.54,0.55,0.52,0.00,0.44,0.00,0.00,,,18.1,32,-0.451,6,5,-0.231,0.861,0,-5
19.52,DRY RUN,APPROACH,1,freshripe,0.85,0.93,16.2,96,0,34,0,-4,92,CRUISE,,1.05,1.00,0.83,0.00,0.31,0.00,0.00,,,19.6,29,0.039,6,7,-0.197,0.933,0,-4
19.57,DRY RUN,APPROACH,1,freshripe,0.85,0.93,16.2,96,0,34,0,-3,92,CRUISE,,1.31,1.23,0.99,0.00,0.21,0.15,0.11,,,18.2,32,0.428,5,5,-0.153,0.916,0,-3
19.63,DRY RUN,APPROACH,2,freshripe,0.87,0.93,16.4,96,0,34,0,-4,92,CRUISE,,0.78,0.71,0.58,0.00,0.15,0.00,0.00,,,19.1,30,-0.456,6,7,-0.191,0.949,0,-4
19.68,DRY RUN,APPROACH,2,freshripe,0.87,0.93,16.4,96,0,34,0,-3,92,OPTOMOTOR,,0.44,0.41,0.37,0.00,0.10,0.00,0.00,,,18.2,32,-0.270,5,7,-0.125,0.935,0,-3
19.73,DRY RUN,APPROACH,1,freshripe,0.86,0.95,16.4,96,0,34,0,-5,92,CRUISE,,0.27,0.30,0.34,0.00,0.07,0.00,0.00,,,19.5,29,-0.300,6,6,-0.225,0.941,0,-5
19.79,DRY RUN,APPROACH,1,freshripe,0.86,0.95,16.4,96,0,34,0,1,92,CRUISE,,0.31,0.29,0.33,0.00,0.87,0.00,0.00,,,18.2,32,-0.884,2,5,0.040,0.849,0,1
19.84,DRY RUN,APPROACH,2,freshripe,0.85,0.91,16.6,96,0,34,0,-4,92,CRUISE,,0.34,0.31,0.33,0.00,0.61,0.00,0.00,,,19.2,30,-1.061,6,4,-0.190,0.769,0,-4
19.89,DRY RUN,APPROACH,2,freshripe,0.85,0.91,16.6,96,0,34,0,-2,92,CRUISE,,0.38,0.29,0.55,0.00,0.44,0.00,0.00,,,18.3,32,0.474,6,7,-0.117,0.852,0,-2
19.94,DRY RUN,FEED,1,freshripe,0.75,0.96,17.3,96,0,22,0,-1,92,CRUISE,,0.47,0.42,0.67,0.00,0.31,0.00,0.00,,,19.7,29,0.716,4,6,-0.070,0.828,0,-1
20.00,DRY RUN,FEED,1,freshripe,0.75,0.96,17.3,95,0,14,0,-1,92,CRUISE,,0.59,0.57,1.06,0.00,0.44,0.00,0.00,,,18.2,32,-0.606,6,7,-0.061,0.871,0,-1
20.05,DRY RUN,FEED,1,freshripe,0.85,0.98,16.8,95,0,9,0,-2,92,CRUISE,,0.79,0.65,1.09,0.00,1.31,0.00,0.00,,,19.7,29,0.214,6,7,-0.091,0.924,0,-2
20.11,DRY RUN,FEED,1,freshripe,0.85,0.98,16.8,95,0,6,0,-5,92,CRUISE,,0.89,0.64,1.10,0.00,0.92,0.00,0.00,,,18.2,32,-1.784,2,0,-0.238,0.615,0,-5
20.16,DRY RUN,FEED,2,freshripe,0.84,0.95,17.1,94,0,4,0,-5,92,OPTOMOTOR,,0.80,0.60,1.11,0.00,0.64,0.00,0.00,,,19.2,30,-2.762,2,0,-0.251,0.399,0,-5
20.21,DRY RUN,FEED,2,freshripe,0.84,0.95,17.1,94,0,2,0,-4,92,OPTOMOTOR,,0.70,0.45,1.26,0.00,0.45,0.00,0.01,,,18.4,32,0.420,6,7,-0.197,0.544,0,-4
20.26,DRY RUN,FEED,2,freshripe,0.81,0.97,16.6,94,0,1,0,0,92,CRUISE,,0.70,0.37,1.34,0.00,0.31,0.00,0.11,,,18.8,31,1.713,0,5,0.022,0.502,0,0
20.32,DRY RUN,FEED,2,freshripe,0.81,0.97,16.6,93,0,1,0,1,92,CRUISE,,0.72,0.87,1.12,0.00,0.22,0.00,0.05,,,18.3,32,0.305,6,8,0.065,0.664,0,1
20.37,DRY RUN,FEED,2,freshripe,0.84,0.97,17.2,93,0,0,0,4,92,OPTOMOTOR,,0.91,1.24,1.01,0.00,0.87,0.00,0.00,,,19.0,30,1.617,0,5,0.215,0.612,0,4
20.43,DRY RUN,FEED,2,freshripe,0.84,0.97,17.2,93,0,0,0,3,92,OPTOMOTOR,,1.32,1.50,1.18,0.00,0.61,0.05,0.05,,,18.4,32,0.025,5,6,0.174,0.740,0,3
20.48,DRY RUN,FEED,2,freshripe,0.87,0.98,17.2,92,0,0,0,1,92,CRUISE,,1.66,1.63,1.44,0.00,0.43,0.21,0.20,,,18.7,31,2.255,0,3,0.071,0.574,0,1
20.54,DRY RUN,FEED,2,freshripe,0.87,0.98,17.2,92,0,0,0,3,92,AVOID_LEFT,,1.83,1.65,1.57,0.37,0.30,0.37,0.28,,,15.7,41,0.678,2,7,0.223,0.609,0,3
20.60,DRY RUN,SCARED,2,freshripe,0.85,0.98,16.0,92,0,-60,0,0,92,AVOID_RIGHT,RIGHT,1.92,1.34,1.61,0.62,0.21,0.46,0.30,,,18.4,32,-1.191,2,1,-0.005,0.514,0,0
20.65,DRY RUN,SCARED,2,freshripe,0.85,0.98,16.0,92,0,-60,0,0,92,ESCAPE,RIGHT,1.17,0.79,1.15,0.61,0.15,0.11,0.10,,,17.9,33,-0.556,6,7,-0.019,0.623,0,0
20.71,DRY RUN,SCARED,2,freshripe,0.80,0.95,16.4,92,0,-60,0,-1,92,ESCAPE,RIGHT,0.80,0.48,0.85,0.34,0.10,0.00,0.00,,,18.9,30,-0.855,3,3,-0.080,0.594,0,-1
20.76,DRY RUN,SCARED,2,freshripe,0.80,0.95,16.4,92,0,-60,0,2,92,ESCAPE,,0.64,0.36,0.77,0.19,1.75,0.00,0.00,,,18.4,32,0.953,0,7,0.133,0.611,0,2
20.81,DRY RUN,SCARED,2,freshripe,0.88,0.93,17.3,92,0,-60,0,6,92,ESCAPE,,0.69,1.56,1.16,0.11,1.22,0.00,0.00,,,19.1,30,1.814,0,7,0.331,0.577,0,6
20.87,DRY RUN,SCARED,2,freshripe,0.88,0.93,17.3,92,0,-60,0,5,92,ESCAPE,,1.34,2.17,1.35,0.06,3.93,0.00,0.00,,,18.3,32,2.406,0,1,0.262,0.401,0,5
20.92,DRY RUN,SCARED,1,,,,,92,0,-60,0,8,92,ESCAPE,,3.74,3.73,1.85,0.03,2.75,0.10,0.09,,,19.6,29,3.781,0,7,0.433,0.402,0,8
20.97,DRY RUN,SCARED,1,,,,,92,0,-60,0,8,92,ESCAPE,,4.95,4.56,2.20,0.02,5.67,0.00,0.00,,,18.4,32,3.631,0,1,0.418,0.331,0,8
21.03,DRY RUN,SCARED,2,freshripe,0.89,0.92,19.1,92,0,-60,0,5,92,ESCAPE,,3.78,4.98,6.75,0.42,3.97,0.10,0.99,,,18.5,32,6.102,0,3,0.408,0.315,0,5
21.08,DRY RUN,SCARED,2,freshripe,0.89,0.92,19.1,92,0,-60,0,1,92,ESCAPE,LEFT,3.20,4.04,9.02,0.90,2.78,0.23,1.00,,,17.8,33,4.527,0,6,0.486,0.363,0,1
21.14,DRY RUN,SCARED,1,freshripe,0.92,0.94,13.3,92,0,-60,0,0,92,ESCAPE,LEFT,2.89,2.61,5.22,1.00,1.95,0.07,1.00,,,18.7,31,-1.522,2,0,0.275,0.300,0,0
21.19,DRY RUN,SCARED,1,freshripe,0.92,0.94,13.3,92,0,-60,0,1,92,ESCAPE,LEFT,2.44,1.90,3.32,0.88,1.36,0.14,0.58,,,18.0,33,1.551,0,1,0.210,0.216,0,1
21.24,DRY RUN,SCARED,1,freshripe,0.95,0.96,13.9,92,0,-60,0,0,92,ESCAPE,LEFT,2.22,1.89,2.59,0.81,0.95,0.23,0.42,,,19.5,29,-0.445,6,5,-0.046,0.475,0,0
21.30,DRY RUN,WAIT,1,freshripe,0.95,0.96,13.9,92,0,-39,0,0,92,ESCAPE,LEFT,2.29,2.01,2.59,0.86,0.67,0.41,0.56,,,17.9,33,-2.081,0,0,-0.013,0.324,0,0
21.35,DRY RUN,WAIT,1,freshripe,0.94,0.97,15.4,92,0,-25,0,-1,92,ESCAPE,LEFT,2.33,2.07,3.02,0.75,1.75,0.00,0.24,,,19.5,29,-0.618,5,5,-0.131,0.416,0,-1
21.41,DRY RUN,WAIT,1,freshripe,0.94,0.97,15.4,92,0,-16,0,-1,92,ESCAPE,LEFT,2.63,2.46,3.48,0.72,1.22,0.31,0.73,,,17.8,33,-3.914,1,0,-0.174,0.296,0,-1
21.46,DRY RUN,WAIT,1,freshripe,0.93,0.96,16.8,92,0,-10,0,-2,92,ESCAPE,LEFT,3.39,2.65,3.71,0.51,3.05,0.00,0.00,,,19.7,28,-6.196,2,0,-0.235,0.205,0,-2
21.51,DRY RUN,WAIT,1,freshripe,0.93,0.96,16.8,92,0,-6,0,-1,92,ESCAPE,LEFT,4.56,3.87,3.82,0.78,2.14,0.81,0.46,,,17.8,33,-4.108,1,0,-0.291,0.149,0,-1
21.57,DRY RUN,WAIT,1,freshripe,0.87,0.89,18.1,92,0,-4,0,0,92,ESCAPE,LEFT,5.15,6.08,4.27,1.00,1.50,1.00,1.00,,,19.1,30,-4.006,1,0,-0.260,0.117,0,0
21.62,DRY RUN,WAIT,1,freshripe,0.87,0.89,18.1,92,0,-2,0,0,92,ESCAPE,LEFT,5.14,6.86,4.50,1.00,1.05,1.00,1.00,,,17.7,33,-0.922,6,3,-0.334,0.280,0,0
21.68,DRY RUN,WAIT,1,freshripe,0.85,0.93,18.3,92,0,-1,0,0,92,ESCAPE,LEFT,4.28,7.24,4.16,1.00,0.87,1.00,1.00,,,19.1,30,-4.361,1,0,-0.339,0.205,0,0
21.73,DRY RUN,WAIT,1,freshripe,0.85,0.93,18.3,92,0,-1,0,0,92,ESCAPE,LEFT,3.56,6.72,3.96,1.00,0.61,1.00,1.00,,,17.7,34,-0.506,6,7,-0.242,0.421,0,0
21.79,DRY RUN,WAIT,2,freshripe,0.87,0.92,18.1,92,0,0,0,0,92,ESCAPE,LEFT,3.20,6.01,3.77,1.00,0.44,1.00,1.00,,,18.5,32,-0.159,6,8,-0.175,0.661,0,0
21.84,DRY RUN,WAIT,2,freshripe,0.87,0.92,18.1,92,0,0,0,0,92,ESCAPE,LEFT,2.03,3.55,2.40,1.00,0.31,1.00,1.00,,,17.6,34,-1.424,0,1,-0.133,0.491,0,0
21.90,DRY RUN,WAIT,1,freshripe,0.89,0.95,18.1,92,0,0,0,0,92,ESCAPE,LEFT,1.44,2.33,1.66,1.00,0.21,0.66,0.66,,,19.2,30,-1.553,2,0,-0.234,0.357,0,0
21.95,DRY RUN,WAIT,1,freshripe,0.89,0.95,18.1,92,0,0,0,0,92,ESCAPE,LEFT,1.28,2.00,1.30,1.00,0.15,0.53,0.53,,,17.8,33,-0.665,6,5,-0.258,0.454,0,0
22.00,DRY RUN,WAIT,1,freshripe,0.84,0.97,18.1,92,0,0,0,0,92,ESCAPE,LEFT,1.20,1.84,1.10,1.00,0.10,0.47,0.47,,,19.2,30,0.140,5,6,-0.213,0.651,0,0
22.06,DRY RUN,WAIT,1,freshripe,0.84,0.97,18.1,92,0,0,0,0,92,ESCAPE,LEFT,1.10,1.37,0.77,1.00,0.07,0.25,0.25,,,17.9,33,-0.312,5,6,-0.153,0.777,0,0
22.11,DRY RUN,WAIT,1,freshripe,0.83,0.92,18.4,92,0,0,0,-1,92,ESCAPE,LEFT,1.05,1.13,0.60,0.77,0.44,0.00,0.00,,,19.7,28,-1.394,2,0,-0.191,0.547,0,-1
22.16,DRY RUN,WAIT,1,freshripe,0.83,0.92,18.4,92,0,0,0,-2,92,ESCAPE,LEFT,1.74,1.54,1.01,0.43,0.44,0.25,0.15,,,18.2,32,-1.149,2,1,-0.213,0.408,0,-2
22.22,DRY RUN,WAIT,1,freshripe,0.79,0.98,17.9,92,0,0,0,-1,92,ESCAPE,LEFT,2.08,1.75,1.22,0.56,0.31,0.49,0.32,,,19.3,30,0.164,5,8,-0.124,0.663,0,-1
22.27,DRY RUN,WAIT,1,freshripe,0.79,0.98,17.9,92,0,0,0,-2,92,AVOID_RIGHT,LEFT,1.35,0.97,0.95,0.42,0.21,0.17,0.00,,,18.0,33,0.332,6,7,-0.129,0.807,0,-2
22.32,DRY RUN,WAIT,1,freshripe,0.82,0.94,17.9,92,0,0,0,-1,92,AVOID_RIGHT,,0.83,0.58,0.61,0.23,0.15,0.00,0.00,,,19.7,29,-0.322,6,7,-0.094,0.860,0,-1
22.38,DRY RUN,WAIT,1,freshripe,0.82,0.94,17.9,92,0,0,0,0,92,AVOID_RIGHT,,0.49,0.38,0.43,0.13,0.10,0.00,0.00,,,18.2,32,-0.306,5,7,0.009,0.913,0,0
22.43,DRY RUN,WAIT,1,freshripe,0.83,0.89,17.8,92,0,0,0,-2,92,AVOID_RIGHT,,0.32,0.28,0.35,0.07,0.07,0.00,0.00,,,19.5,29,-0.111,6,7,-0.114,0.933,0,-2
22.48,DRY RUN,WAIT,1,freshripe,0.83,0.89,17.8,92,0,0,0,0,92,CRUISE,,0.24,0.35,0.32,0.04,0.44,0.00,0.00,,,18.1,33,0.450,6,7,-0.001,0.959,0,0
22.55,DRY RUN,WAIT,1,freshripe,0.81,0.89,18.0,92,0,0,0,8,92,OPTOMOTOR,,0.36,0.42,0.86,0.02,0.31,0.00,0.00,,,15.2,44,1.261,1,7,0.390,0.821,0,8
22.61,DRY RUN,WAIT,1,freshripe,0.81,0.89,18.0,92,0,0,0,6,92,OPTOMOTOR,,0.57,1.11,1.31,0.01,0.87,0.00,0.00,,,18.2,32,3.035,0,6,0.306,0.634,0,6
22.66,DRY RUN,WAIT,1,freshripe,0.86,0.92,18.1,92,0,0,0,6,92,AVOID_RIGHT,,1.53,2.48,3.02,0.41,0.61,0.54,0.80,,,19.2,30,0.784,1,7,0.532,0.624,0,6
22.71,DRY RUN,WAIT,1,freshripe,0.86,0.92,18.1,92,0,0,0,0,92,AVOID_LEFT,RIGHT,2.51,3.88,3.87,1.00,1.75,0.67,0.67,,,17.8,33,2.181,0,2,0.433,0.489,0,0
22.77,DRY RUN,WAIT,1,freshripe,0.82,0.95,15.9,92,0,0,0,0,92,AVOID_LEFT,RIGHT,4.25,4.59,4.80,1.00,1.22,1.00,1.00,,,19.1,30,-0.177,2,5,0.333,0.466,0,0
22.82,DRY RUN,WAIT,1,freshripe,0.82,0.95,15.9,92,0,0,0,0,92,AVOID_LEFT,RIGHT,5.12,3.77,4.21,1.00,0.87,1.00,1.00,,,17.7,34,1.956,0,7,0.515,0.510,0,0
22.87,DRY RUN,WAIT,1,freshripe,0.67,0.98,11.2,92,0,0,0,0,92,AVOID_LEFT,RIGHT,5.56,3.36,3.01,1.00,0.61,1.00,0.98,,,19.2,30,1.748,0,5,0.549,0.454,0,0
22.93,DRY RUN,WAIT,1,freshripe,0.67,0.98,11.2,92,0,0,0,0,92,AVOID_LEFT,RIGHT,5.85,5.19,2.40,1.00,0.43,1.00,1.00,,,17.8,33,0.948,1,7,0.511,0.451,0,0
22.99,DRY RUN,WAIT,1,freshripe,0.67,0.98,11.2,92,0,0,0,0,92,AVOID_RIGHT,RIGHT,7.24,6.10,2.24,1.00,0.44,1.00,1.00,,,17.6,34,-1.293,1,0,0.165,0.330,0,0
23.04,DRY RUN,WAIT,1,freshripe,0.67,0.98,11.2,92,0,0,0,0,92,AVOID_LEFT,RIGHT,7.93,4.58,2.16,1.00,0.31,1.00,1.00,,,17.6,34,-0.297,6,7,-0.008,0.534,0,0
23.10,DRY RUN,WAIT,1,freshripe,0.67,0.98,11.2,92,0,0,0,0,92,AVOID_RIGHT,RIGHT,8.28,3.19,1.59,1.00,1.31,1.00,0.54,,,17.6,34,1.509,0,6,0.206,0.486,0,0
23.16,DRY RUN,WAIT,1,freshripe,0.67,0.98,11.2,92,0,0,0,0,92,AVOID_RIGHT,RIGHT,4.78,2.50,1.26,1.00,0.92,1.00,0.39,,,17.5,34,0.457,6,6,0.052,0.674,0,0
23.21,DRY RUN,WAIT,1,freshripe,0.67,0.98,11.2,92,0,0,0,0,92,AVOID_RIGHT,RIGHT,2.64,2.15,1.01,1.00,0.64,0.60,0.35,,,17.8,34,-0.068,6,8,0.058,0.732,0,0
23.27,DRY RUN,WAIT,1,freshripe,0.67,0.98,11.2,92,0,0,0,0,92,AVOID_RIGHT,RIGHT,1.57,2.09,0.88,1.00,0.45,0.42,0.42,,,17.8,33,0.342,6,8,0.078,0.865,0,0
23.33,DRY RUN,WAIT,0,,,,,92,0,0,0,0,92,CRUISE,RIGHT,2.92,2.98,2.20,1.00,0.44,0.87,0.87,,,18.3,32,1.763,0,7,0.193,0.706,0,0
23.38,DRY RUN,WAIT,0,,,,,92,0,0,0,0,92,AVOID_LEFT,RIGHT,3.59,3.43,2.86,1.00,0.31,1.00,1.00,,,17.5,34,0.932,2,7,0.350,0.712,0,0
23.44,DRY RUN,WAIT,0,,,,,92,0,0,0,0,92,AVOID_RIGHT,RIGHT,3.17,3.65,3.01,1.00,0.87,0.99,0.99,,,18.4,32,-1.035,4,3,0.044,0.634,0,0
23.49,DRY RUN,WAIT,0,,,,,92,0,0,0,0,92,AVOID_LEFT,RIGHT,2.62,2.56,2.63,1.00,0.61,0.61,0.61,,,17.7,34,-1.536,2,0,-0.125,0.438,0,0
23.55,DRY RUN,WAIT,0,,,,,92,0,0,0,0,92,CRUISE,RIGHT,2.49,1.79,2.27,1.00,0.43,0.63,0.52,,,18.0,33,-0.709,5,5,-0.184,0.595,0,0
23.60,DRY RUN,WAIT,0,,,,,92,0,0,0,0,92,AVOID_RIGHT,RIGHT,2.43,1.40,1.60,1.00,0.30,0.66,0.25,,,18.0,33,-1.193,4,1,-0.249,0.516,0,0
23.66,DRY RUN,WAIT,0,,,,,92,0,0,0,0,92,AVOID_RIGHT,RIGHT,2.55,1.31,1.26,1.00,0.44,0.65,0.04,,,17.8,34,-0.401,5,5,-0.250,0.624,0,0
23.71,DRY RUN,WAIT,0,,,,,92,0,0,0,0,92,AVOID_RIGHT,RIGHT,2.61,1.26,1.05,1.00,0.31,0.75,0.08,,,18.6,31,-0.860,3,2,-0.214,0.618,0,0
23.77,DRY RUN,WAIT,0,,,,,92,0,0,0,-1,92,AVOID_RIGHT,RIGHT,1.61,0.78,0.94,0.85,0.44,0.19,0.00,,,18.2,32,0.195,6,7,-0.200,0.768,0,-1
23.82,DRY RUN,WAIT,0,,,,,92,0,0,0,-1,92,AVOID_RIGHT,RIGHT,0.89,0.46,0.78,0.48,0.31,0.00,0.00,,,18.5,31,-0.564,5,7,-0.129,0.818,0,-1
23.88,DRY RUN,WAIT,0,,,,,92,0,0,0,-2,92,AVOID_RIGHT,,0.53,0.31,0.70,0.27,0.44,0.00,0.00,,,18.3,32,0.170,5,7,-0.123,0.847,0,-2
23.93,DRY RUN,WAIT,0,,,,,92,0,0,0,1,92,AVOID_RIGHT,,0.57,0.51,0.76,0.15,0.31,0.00,0.00,,,18.4,32,1.182,0,5,0.083,0.758,0,1
23.99,DRY RUN,WAIT,2,freshripe,0.95,0.95,6.0,92,0,0,0,3,92,AVOID_RIGHT,,0.60,0.62,0.79,0.09,0.44,0.00,0.00,,,18.8,31,0.150,6,8,0.181,0.879,0,3
24.04,DRY RUN,WAIT,2,freshripe,0.95,0.95,6.0,92,0,0,0,-3,92,CRUISE,,0.48,0.36,0.89,0.05,0.31,0.00,0.00,,,18.3,32,-1.956,2,0,-0.134,0.604,0,-3
24.09,DRY RUN,WAIT,2,freshripe,0.95,0.95,6.0,92,0,0,0,-3,92,CRUISE,,0.35,0.21,0.80,0.03,0.44,0.00,0.00,,,18.6,31,-1.722,0,0,-0.154,0.354,0,-3
24.15,DRY RUN,WAIT,2,freshripe,0.95,0.95,6.0,92,0,0,0,-4,92,CRUISE,,0.29,0.12,0.76,0.02,0.31,0.00,0.00,,,19.0,30,-0.662,5,5,-0.187,0.433,0,-4
24.20,DRY RUN,APPROACH,2,freshripe,0.95,0.95,6.0,92,0,12,0,-1,92,CRUISE,,0.33,0.07,0.73,0.01,0.44,0.00,0.00,,,18.4,32,1.910,0,4,-0.030,0.463,0,-1
24.26,DRY RUN,APPROACH,2,freshripe,0.95,0.95,6.0,92,0,20,0,0,92,CRUISE,,0.36,0.05,0.71,0.00,0.87,0.00,0.00,,,18.3,32,0.380,5,6,0.008,0.614,0,0
24.31,DRY RUN,APPROACH,2,freshripe,0.95,0.95,6.0,92,0,25,0,-2,92,CRUISE,,0.38,0.06,0.70,0.00,0.61,0.00,0.00,,,18.8,31,-5.634,2,0,-0.092,0.441,0,-2
24.36,DRY RUN,APPROACH,2,freshripe,0.95,0.95,6.0,92,0,28,0,-3,92,CRUISE,,0.57,0.38,1.09,0.00,0.44,0.00,0.00,,,18.2,32,-4.367,2,0,-0.174,0.300,0,-3
24.42,DRY RUN,APPROACH,2,freshripe,0.95,0.95,6.0,92,0,30,0,-4,92,CRUISE,,0.48,0.30,0.92,0.00,0.31,0.00,0.00,,,19.0,30,-0.473,6,5,-0.224,0.422,0,-4
24.47,DRY RUN,APPROACH,2,freshripe,0.95,0.95,6.0,92,0,32,0,-2,92,CRUISE,,0.41,0.29,1.02,0.00,0.44,0.00,0.00,,,18.4,32,1.985,0,3,-0.082,0.395,0,-2
24.52,DRY RUN,APPROACH,2,freshripe,0.95,0.95,6.0,92,0,33,0,4,92,CRUISE,,0.37,0.29,0.89,0.00,0.31,0.00,0.00,,,18.4,32,1.190,0,6,0.199,0.422,0,4
24.58,DRY RUN,APPROACH,2,freshripe,0.95,0.95,6.0,92,0,33,0,2,92,CRUISE,,0.35,0.29,1.01,0.00,0.87,0.00,0.00,,,18.7,31,0.518,5,7,0.100,0.567,0,2
24.63,DRY RUN,SCARED,2,freshripe,0.95,0.95,6.0,92,0,-60,0,-1,92,CRUISE,RIGHT,1.79,3.24,1.57,0.67,0.61,0.91,0.91,,,17.7,34,-3.464,2,0,-0.076,0.414,0,-1
24.69,DRY RUN,SCARED,3,freshripe,0.62,0.97,8.6,92,0,-60,0,0,92,ESCAPE,RIGHT,3.19,4.71,2.50,1.00,1.31,1.00,1.00,,,18.8,30,-2.479,2,0,-0.165,0.285,0,0
24.74,DRY RUN,SCARED,3,freshripe,0.62,0.97,8.6,92,0,-60,0,0,92,ESCAPE,RIGHT,3.89,4.84,3.12,1.00,0.92,1.00,1.00,,,17.8,33,0.703,2,7,-0.079,0.375,0,0
24.81,DRY RUN,SCARED,1,freshripe,0.87,0.94,16.2,92,0,-60,0,0,92,ESCAPE,RIGHT,4.23,4.38,3.27,1.00,0.87,1.00,1.00,,,14.7,46,-0.459,6,8,-0.103,0.636,0,0
24.87,DRY RUN,SCARED,1,freshripe,0.87,0.94,16.2,92,0,-60,0,0,92,ESCAPE,RIGHT,3.35,3.77,3.21,1.00,0.61,1.00,1.00,,,17.7,34,-2.898,1,0,-0.205,0.420,0,0
24.92,DRY RUN,SCARED,1,freshripe,0.83,0.98,15.3,92,0,-60,0,0,92,ESCAPE,RIGHT,2.90,3.46,2.75,1.00,0.43,1.00,1.00,,,19.1,30,-0.489,5,5,-0.216,0.470,0,0
24.98,DRY RUN,SCARED,1,freshripe,0.83,0.98,15.3,92,0,-60,0,0,92,ESCAPE,RIGHT,2.68,3.30,2.51,1.00,0.44,1.00,1.00,,,17.8,33,-1.627,0,0,-0.212,0.293,0,0
25.03,DRY RUN,SCARED,1,freshripe,0.87,0.96,15.9,92,0,-60,0,0,92,ESCAPE,RIGHT,1.75,1.76,1.55,1.00,0.31,0.33,0.33,,,19.4,29,0.578,6,7,-0.205,0.456,0,0
25.08,DRY RUN,SCARED,1,freshripe,0.87,0.96,15.9,92,0,-60,0,0,92,ESCAPE,RIGHT,1.19,0.98,1.07,1.00,0.44,0.00,0.00,,,17.9,33,0.455,6,7,-0.220,0.662,0,0
25.14,DRY RUN,SCARED,1,freshripe,0.89,0.95,16.4,92,0,-60,0,-1,92,ESCAPE,RIGHT,1.00,0.87,0.98,0.59,0.31,0.00,0.00,,,19.6,29,-0.143,6,7,-0.137,0.806,0,-1
25.19,DRY RUN,SCARED,1,freshripe,0.89,0.95,16.4,92,0,-60,0,0,92,ESCAPE,RIGHT,0.81,0.81,0.94,0.33,0.21,0.00,0.00,,,18.0,33,0.145,5,8,0.033,0.902,0,0
25.24,DRY RUN,SCARED,1,freshripe,0.78,0.91,16.1,92,0,-60,0,0,92,ESCAPE,,0.58,0.57,0.53,0.19,0.15,0.00,0.00,,,19.9,29,0.078,6,8,0.006,0.946,0,0
25.30,DRY RUN,SCARED,1,freshripe,0.78,0.91,16.1,92,0,-60,0,-1,92,ESCAPE,,0.47,0.46,0.32,0.11,0.10,0.00,0.00,,,18.4,32,0.374,6,8,-0.063,0.971,0,-1
25.35,DRY RUN,WAIT,1,freshripe,0.80,0.94,15.6,92,0,-39,0,1,92,ESCAPE,,0.39,0.40,0.22,0.06,0.07,0.00,0.00,,,19.5,29,0.034,5,7,0.064,0.976,0,1
25.40,DRY RUN,WAIT,1,freshripe,0.80,0.94,15.6,92,0,-25,0,2,92,ESCAPE,,0.52,0.54,0.18,0.03,0.44,0.00,0.00,,,18.1,32,0.020,5,8,0.095,0.969,0,2
25.45,DRY RUN,WAIT,1,freshripe,0.81,0.96,15.4,92,0,-16,0,3,92,ESCAPE,,0.82,1.16,0.23,0.02,0.31,0.03,0.03,,,19.5,29,0.022,5,7,0.153,0.974,0,3
25.51,DRY RUN,WAIT,1,freshripe,0.81,0.96,15.4,92,0,-10,0,1,92,ESCAPE,,0.96,1.47,0.26,0.01,0.21,0.23,0.23,,,18.0,33,-0.136,6,9,0.046,1.000,0,1
25.56,DRY RUN,WAIT,1,freshripe,0.82,0.96,15.5,92,0,-6,0,5,92,ESCAPE,,0.63,0.82,0.29,0.01,0.15,0.00,0.00,,,19.5,29,-0.497,4,8,0.234,0.983,0,5
25.62,DRY RUN,WAIT,1,freshripe,0.82,0.96,15.5,92,0,-4,0,-1,92,ESCAPE,,0.46,0.49,0.33,0.00,0.44,0.00,0.00,,,18.3,32,-1.062,2,2,-0.069,0.758,0,-1
25.67,DRY RUN,FEED,1,freshripe,0.81,0.87,16.4,92,0,-2,0,-3,92,ESCAPE,,0.41,0.40,0.35,0.00,0.31,0.00,0.00,,,19.6,29,-2.796,2,0,-0.168,0.493,0,-3
25.72,DRY RUN,FEED,1,freshripe,0.81,0.87,16.4,92,0,-1,0,-3,92,ESCAPE,,0.43,0.43,0.45,0.00,0.87,0.00,0.00,,,18.3,32,-0.262,6,8,-0.134,0.602,0,-3
25.77,DRY RUN,FEED,1,freshripe,0.89,0.92,16.4,91,0,-1,0,-1,92,ESCAPE,,0.88,0.62,0.79,0.00,0.61,0.00,0.00,,,19.6,29,0.617,5,8,-0.068,0.773,0,-1
25.83,DRY RUN,FEED,1,freshripe,0.89,0.92,16.4,91,0,0,0,-1,92,ESCAPE,,1.11,0.87,0.96,0.00,0.87,0.00,0.00,,,18.3,32,0.262,6,7,-0.047,0.869,0,-1
25.88,DRY RUN,FEED,1,freshripe,0.85,0.93,16.4,91,0,0,0,-1,92,ESCAPE,,1.00,1.10,1.04,0.00,0.61,0.00,0.00,,,19.3,29,0.018,6,7,-0.072,0.923,0,-1
25.93,DRY RUN,FEED,1,freshripe,0.85,0.93,16.4,90,0,0,0,1,92,ESCAPE,,0.92,1.21,1.05,0.00,0.43,0.00,0.00,,,18.0,33,0.299,6,8,0.041,1.000,0,1
25.98,DRY RUN,FEED,1,freshripe,0.85,0.97,16.1,90,0,0,0,0,92,ESCAPE,,0.62,0.79,0.59,0.00,0.30,0.00,0.00,,,19.6,29,-0.190,6,8,0.000,1.000,0,0
26.04,DRY RUN,FEED,1,freshripe,0.85,0.97,16.1,90,0,0,0,1,92,ESCAPE,,0.42,0.52,0.36,0.00,0.21,0.00,0.00,,,18.2,32,-0.055,6,8,0.038,1.000,0,1
26.09,DRY RUN,FEED,1,freshripe,0.85,0.90,16.4,89,0,0,0,-1,92,ESCAPE,,0.32,0.33,0.28,0.00,0.15,0.00,0.00,,,19.6,29,-0.444,6,7,-0.066,0.988,0,-1
26.15,DRY RUN,FEED,1,freshripe,0.85,0.90,16.4,89,0,0,0,0,92,ESCAPE,,0.29,0.24,0.28,0.00,0.10,0.00,0.00,,,18.3,32,-0.601,2,3,-0.013,0.809,0,0
26.20,DRY RUN,FEED,1,freshripe,0.86,0.92,17.1,89,0,0,0,2,92,ESCAPE,,0.27,0.19,0.24,0.00,0.07,0.00,0.00,,,19.5,29,0.122,6,8,0.099,0.922,0,2
26.25,DRY RUN,FEED,1,freshripe,0.86,0.92,17.1,88,0,0,0,3,92,ESCAPE,,0.39,0.19,0.23,0.00,0.05,0.00,0.00,,,18.4,32,0.345,6,8,0.131,0.986,0,3
26.30,DRY RUN,FEED,1,freshripe,0.85,0.86,16.8,88,0,0,0,3,92,CRUISE,,0.47,0.18,0.23,0.00,0.44,0.00,0.00,,,19.8,28,-0.264,5,7,0.127,0.970,0,3
26.36,DRY RUN,FEED,1,freshripe,0.85,0.86,16.8,88,0,0,0,1,92,CRUISE,,0.80,0.30,0.27,0.00,0.31,0.00,0.00,,,18.2,32,-0.297,6,8,0.044,0.999,0,1
26.41,DRY RUN,FEED,1,freshripe,0.85,0.82,16.6,88,0,0,0,-1,92,CRUISE,,0.96,0.35,0.30,0.00,0.21,0.00,0.00,,,19.5,29,-0.851,5,5,-0.074,0.896,0,-1
26.46,DRY RUN,FEED,1,freshripe,0.85,0.82,16.6,87,0,0,0,0,92,CRUISE,,0.70,0.29,0.31,0.00,0.15,0.00,0.00,,,18.4,32,0.783,3,6,-0.012,0.833,0,0
26.51,DRY RUN,FEED,1,freshripe,0.87,0.89,17.1,87,0,0,0,1,92,CRUISE,,0.56,0.26,0.32,0.00,0.44,0.00,0.00,,,19.6,29,-0.116,6,7,0.051,0.903,0,1
26.57,DRY RUN,FEED,1,freshripe,0.87,0.89,17.1,87,0,0,0,-3,92,CRUISE,,0.53,0.37,0.46,0.00,0.44,0.00,0.00,,,18.4,32,-1.526,2,0,-0.136,0.589,0,-3
26.62,DRY RUN,FEED,1,freshripe,0.88,0.87,16.9,86,0,0,0,-3,92,CRUISE,,0.63,0.54,0.56,0.00,0.31,0.00,0.00,,,19.5,29,-0.143,6,7,-0.146,0.722,0,-3
26.67,DRY RUN,FEED,1,freshripe,0.88,0.87,16.9,86,0,0,0,-2,92,CRUISE,,0.57,0.51,0.58,0.00,0.21,0.00,0.00,,,18.3,32,0.057,5,6,-0.104,0.817,0,-2
26.72,DRY RUN,FEED,1,freshripe,0.89,0.93,17.3,86,0,0,0,0,92,CRUISE,,0.56,0.38,0.50,0.00,0.15,0.00,0.00,,,19.8,29,-0.117,5,7,0.016,0.846,0,0
26.78,DRY RUN,FEED,1,freshripe,0.89,0.93,17.3,85,0,0,0,1,92,CRUISE,,0.56,0.32,0.46,0.00,0.87,0.00,0.00,,,18.3,32,0.810,5,8,0.071,0.881,0,1
26.83,DRY RUN,FEED,1,freshripe,0.86,0.89,17.1,85,0,0,0,3,92,CRUISE,,1.25,0.73,1.22,0.00,0.61,0.00,0.00,,,19.6,29,1.569,0,4,0.136,0.672,0,3
26.88,DRY RUN,FEED,1,freshripe,0.86,0.89,17.1,85,0,0,0,5,92,AVOID_RIGHT,,3.31,1.13,1.61,0.26,0.87,0.82,0.00,,,18.1,33,0.674,4,8,0.311,0.707,0,5
26.94,DRY RUN,FEED,1,freshripe,0.77,0.98,15.8,84,0,0,0,3,92,AVOID_RIGHT,,8.29,1.51,1.30,0.52,0.61,1.00,0.05,,,19.1,30,0.258,6,8,0.285,0.851,0,3
26.99,DRY RUN,SCARED,0,,,,,84,0,-60,0,1,92,AVOID_RIGHT,RIGHT,10.78,1.70,1.14,0.81,0.44,1.00,0.23,,,18.1,32,1.260,0,5,0.286,0.703,0,1
27.05,DRY RUN,SCARED,0,,,,,84,0,-60,0,0,92,AVOID_RIGHT,RIGHT,7.23,1.80,3.19,1.00,0.31,1.00,1.00,,,18.2,32,4.290,0,1,0.184,0.486,0,0
27.10,DRY RUN,SCARED,0,,,,,84,0,-60,0,0,92,AVOID_RIGHT,RIGHT,5.46,1.55,4.65,1.00,0.21,1.00,1.00,,,18.1,33,1.544,0,6,0.358,0.459,0,0
27.16,DRY RUN,SCARED,0,,,,,84,0,-60,0,0,92,AVOID_RIGHT,RIGHT,4.98,1.42,5.30,1.00,0.15,1.00,1.00,,,18.1,32,0.596,6,7,0.190,0.650,0,0
27.21,DRY RUN,SCARED,0,,,,,84,0,-60,0,0,92,AVOID_LEFT,RIGHT,4.75,1.49,5.70,1.00,0.10,1.00,1.00,,,18.1,32,0.603,4,6,0.129,0.699,0,0
27.27,DRY RUN,SCARED,0,,,,,84,0,-60,0,0,92,AVOID_RIGHT,RIGHT,3.37,1.99,5.83,1.00,0.44,1.00,1.00,,,18.1,33,0.201,6,8,0.115,0.818,0,0
27.32,DRY RUN,SCARED,0,,,,,84,0,-60,0,0,92,AVOID_RIGHT,RIGHT,2.68,2.24,6.88,1.00,0.31,0.79,1.00,,,18.1,33,-0.181,6,6,0.031,0.789,0,0
27.38,DRY RUN,SCARED,0,,,,,84,0,-60,0,0,92,AVOID_LEFT,RIGHT,2.65,1.61,11.55,1.00,0.21,0.82,1.00,,,18.1,32,1.046,0,7,0.252,0.721,0,0
27.45,DRY RUN,SCARED,0,,,,,84,0,-60,0,0,92,AVOID_LEFT,RIGHT,2.64,1.29,13.89,1.00,0.15,0.84,1.00,,,14.9,45,-1.330,2,0,-0.008,0.529,0,0
27.50,DRY RUN,SCARED,0,,,,,84,0,-60,0,0,92,AVOID_LEFT,RIGHT,2.21,1.99,9.33,1.00,0.44,0.49,1.00,,,18.0,33,-1.372,1,0,-0.107,0.331,0,0
27.56,DRY RUN,SCARED,0,,,,,84,0,-60,0,0,92,AVOID_LEFT,RIGHT,1.93,3.05,7.06,1.00,0.31,0.97,1.00,,,18.1,33,-1.397,2,1,-0.183,0.272,0,0
27.61,DRY RUN,SCARED,0,,,,,84,0,-60,0,0,92,AVOID_LEFT,RIGHT,1.79,2.87,5.61,1.00,0.21,0.93,1.00,,,18.1,33,-1.395,2,0,-0.278,0.234,0,0
27.67,DRY RUN,SCARED,0,,,,,84,0,-60,0,0,92,AVOID_LEFT,RIGHT,1.72,2.68,4.88,1.00,0.15,0.86,1.00,,,17.8,33,-0.473,5,7,-0.163,0.461,0,0
27.72,DRY RUN,WAIT,1,rotten,0.36,0.58,13.8,84,0,-39,0,0,92,AVOID_LEFT,RIGHT,1.97,1.95,3.74,1.00,0.44,0.37,1.00,,,19.2,30,-0.817,3,4,-0.178,0.550,0,0
27.78,DRY RUN,WAIT,1,rotten,0.36,0.58,13.8,84,0,-25,0,0,92,AVOID_LEFT,RIGHT,2.47,1.59,2.27,1.00,0.87,0.40,0.30,,,17.7,34,1.215,0,5,0.037,0.534,0,0
27.83,DRY RUN,WAIT,2,freshripe,0.49,0.63,9.7,84,0,-16,0,0,92,AVOID_RIGHT,RIGHT,2.72,1.90,1.42,1.00,0.61,0.65,0.25,,,18.6,31,0.086,5,7,0.052,0.730,0,0
27.89,DRY RUN,WAIT,0,,,,,84,0,-10,0,0,92,AVOID_LEFT,RIGHT,2.83,2.86,1.11,1.00,0.87,0.59,0.59,,,18.2,32,1.156,2,6,0.120,0.649,0,0
27.94,DRY RUN,WAIT,0,,,,,84,0,-6,0,0,92,AVOID_LEFT,RIGHT,2.71,2.53,1.14,1.00,0.61,0.65,0.56,,,18.1,33,-1.431,4,0,-0.074,0.542,0,0
28.00,DRY RUN,WAIT,0,,,,,84,0,-4,0,0,92,ESCAPE,RIGHT,2.65,2.03,1.28,1.00,0.43,0.71,0.40,,,18.0,33,-0.386,5,5,-0.124,0.639,0,0
28.05,DRY RUN,WAIT,2,freshripe,0.81,0.94,15.3,84,0,-2,0,0,92,ESCAPE,RIGHT,2.07,1.75,1.53,1.00,0.30,0.49,0.33,,,18.1,33,0.379,5,8,-0.015,0.808,0,0
28.11,DRY RUN,WAIT,2,freshripe,0.81,0.94,15.3,84,0,-1,0,0,92,ESCAPE,RIGHT,1.79,1.64,1.87,1.00,0.21,0.39,0.43,,,17.8,33,1.224,2,5,0.100,0.674,0,0
28.16,DRY RUN,WAIT,1,freshripe,0.82,0.90,16.5,84,0,-1,0,0,92,ESCAPE,RIGHT,4.00,2.18,1.83,1.00,0.15,1.00,0.62,,,19.2,30,0.129,6,7,0.089,0.799,0,0
28.22,DRY RUN,WAIT,0,,,,,84,0,0,0,0,92,ESCAPE,RIGHT,5.11,2.75,2.02,1.00,0.44,1.00,0.76,,,17.9,33,-1.236,2,1,-0.117,0.607,0,0
28.27,DRY RUN,WAIT,0,,,,,84,0,0,0,0,92,ESCAPE,RIGHT,4.48,3.13,1.88,1.00,0.31,1.00,1.00,,,17.8,33,-1.445,1,0,-0.175,0.403,0,0
28.32,DRY RUN,WAIT,1,freshripe,0.63,0.89,10.5,84,0,0,0,0,92,ESCAPE,RIGHT,4.03,3.23,1.82,1.00,0.44,1.00,1.00,,,19.1,30,1.337,0,7,0.022,0.403,0,0
28.38,DRY RUN,WAIT,1,freshripe,0.63,0.89,10.5,84,0,0,0,0,92,ESCAPE,RIGHT,3.94,2.64,1.33,1.00,0.31,1.00,0.77,,,17.8,33,0.821,5,7,0.026,0.585,0,0
28.43,DRY RUN,WAIT,1,freshripe,0.70,0.95,10.4,84,0,0,0,0,92,ESCAPE,RIGHT,8.69,2.34,1.08,1.00,0.21,1.00,0.66,,,19.1,30,1.096,4,5,0.058,0.658,0,0
28.49,DRY RUN,WAIT,0,,,,,84,0,0,0,0,92,ESCAPE,RIGHT,11.06,1.78,1.45,1.00,0.44,1.00,0.27,,,18.2,32,1.292,0,6,0.272,0.585,0,0
28.54,DRY RUN,WAIT,0,,,,,84,0,0,0,0,92,ESCAPE,RIGHT,8.47,2.11,1.64,1.00,0.31,1.00,0.50,,,18.2,32,1.136,0,7,0.408,0.520,0,0
28.60,DRY RUN,WAIT,0,,,,,84,0,0,0,0,92,ESCAPE,RIGHT,5.91,1.73,1.73,1.00,0.44,1.00,0.25,,,18.0,33,-1.649,1,0,0.177,0.369,0,0
28.65,DRY RUN,WAIT,0,,,,,84,0,0,0,0,92,ESCAPE,RIGHT,3.92,1.78,2.29,1.00,0.31,1.00,0.59,,,17.8,34,0.869,3,7,0.086,0.456,0,0
28.71,DRY RUN,WAIT,1,,,,,84,0,0,0,0,92,ESCAPE,RIGHT,2.93,1.80,2.57,1.00,0.87,0.63,0.45,,,19.0,30,-0.176,6,7,0.008,0.690,0,0
28.76,DRY RUN,WAIT,0,,,,,84,0,0,0,0,92,ESCAPE,RIGHT,2.71,2.01,2.71,1.00,0.61,0.65,0.65,,,18.4,32,-0.827,3,6,0.077,0.718,0,0
28.82,DRY RUN,WAIT,0,,,,,84,0,0,0,0,92,ESCAPE,RIGHT,2.60,2.11,2.63,1.00,0.43,0.68,0.70,,,17.7,34,-0.757,6,5,-0.033,0.785,0,0
28.87,DRY RUN,WAIT,1,freshunripe,0.31,0.54,12.4,84,0,0,0,0,92,ESCAPE,RIGHT,2.14,2.21,2.58,1.00,0.30,0.55,0.74,,,19.0,31,1.395,0,8,0.213,0.695,0,0
28.94,DRY RUN,WAIT,0,,,,,84,0,0,0,0,92,ESCAPE,RIGHT,1.83,2.33,2.56,1.00,0.21,0.66,0.78,,,14.8,45,0.289,0,4,0.168,0.496,0,0
28.99,DRY RUN,WAIT,0,,,,,84,0,0,0,0,92,ESCAPE,RIGHT,1.75,2.40,3.34,1.00,0.15,0.72,1.00,,,17.7,33,-0.251,1,1,0.070,0.360,0,0
29.05,DRY RUN,WAIT,0,,,,,84,0,0,0,0,92,ESCAPE,RIGHT,1.87,1.57,3.92,1.00,0.10,0.48,1.00,,,18.0,33,0.150,2,4,0.026,0.346,0,0
29.11,DRY RUN,WAIT,0,,,,,84,0,0,0,0,92,ESCAPE,RIGHT,2.14,1.13,4.26,1.00,0.44,0.45,1.00,,,18.0,33,-0.536,6,7,-0.077,0.586,0,0
29.16,DRY RUN,WAIT,0,,,,,84,0,0,0,0,92,ESCAPE,RIGHT,2.42,0.92,5.37,1.00,0.31,0.66,1.00,,,18.2,32,-0.530,6,5,-0.142,0.697,0,0
29.22,DRY RUN,WAIT,0,,,,,84,0,0,0,0,92,ESCAPE,RIGHT,4.10,1.74,4.99,1.00,0.21,1.00,1.00,,,18.1,33,0.044,3,7,0.007,0.683,0,0
29.27,DRY RUN,WAIT,0,,,,,84,0,0,0,0,92,ESCAPE,RIGHT,4.94,2.35,4.78,1.00,0.15,1.00,1.00,,,18.1,33,0.308,6,8,0.076,0.852,0,0
29.33,DRY RUN,WAIT,0,,,,,84,0,0,0,0,92,ESCAPE,RIGHT,4.12,2.46,3.62,1.00,0.10,1.00,1.00,,,17.7,34,-1.502,2,0,-0.118,0.589,0,0
29.38,DRY RUN,WAIT,0,,,,,84,0,0,0,0,92,ESCAPE,RIGHT,2.61,1.89,3.04,1.00,0.07,0.87,1.00,,,17.5,35,-0.324,3,6,-0.071,0.646,0,0
29.44,DRY RUN,WAIT,0,,,,,84,0,0,0,0,92,ESCAPE,RIGHT,1.85,1.60,3.44,1.00,0.05,0.50,1.00,,,17.7,34,0.699,5,6,-0.084,0.731,0,0
29.50,DRY RUN,WAIT,0,,,,,84,0,0,0,0,92,ESCAPE,RIGHT,1.48,2.09,3.77,1.00,0.04,0.63,1.00,,,17.8,33,-1.825,0,0,-0.176,0.454,0,0
29.55,DRY RUN,WAIT,0,,,,,84,0,0,0,0,92,ESCAPE,RIGHT,1.68,2.67,5.35,1.00,0.03,0.92,1.00,,,17.7,34,1.242,2,7,-0.066,0.456,0,0
29.61,DRY RUN,WAIT,0,,,,,84,0,0,0,0,92,ESCAPE,RIGHT,2.28,3.42,6.14,1.00,0.02,1.00,1.00,,,17.7,34,1.059,0,6,0.147,0.500,0,0
29.67,DRY RUN,WAIT,0,,,,,84,0,0,0,0,92,AVOID_LEFT,RIGHT,2.59,3.39,6.60,1.00,0.01,1.00,1.00,,,17.7,34,1.245,0,6,0.334,0.510,0,0
29.72,DRY RUN,WAIT,0,,,,,84,0,0,0,0,92,AVOID_LEFT,RIGHT,3.11,3.40,7.09,1.00,0.01,1.00,1.00,,,18.2,32,1.263,3,6,0.273,0.559,0,0
29.78,DRY RUN,WAIT,0,,,,,84,0,0,0,0,92,AVOID_LEFT,RIGHT,3.37,3.38,8.25,1.00,0.01,1.00,1.00,,,17.5,34,1.221,0,6,0.396,0.529,0,0
29.84,DRY RUN,WAIT,0,,,,,84,0,0,0,0,92,AVOID_LEFT,RIGHT,2.99,2.62,7.91,1.00,0.87,0.66,1.00,,,17.5,34,0.839,2,8,0.390,0.617,0,0
29.89,DRY RUN,WAIT,0,,,,,84,0,0,0,0,92,AVOID_LEFT,RIGHT,2.81,2.24,6.14,1.00,0.61,0.70,1.00,,,17.5,35,1.799,0,6,0.462,0.591,0,0
29.95,DRY RUN,WAIT,0,,,,,84,0,0,0,0,92,AVOID_LEFT,RIGHT,3.15,2.49,4.88,1.00,0.44,0.95,1.00,,,17.6,34,-0.251,6,7,0.364,0.738,0,0
30.01,DRY RUN,WAIT,0,,,,,84,0,0,0,0,92,AVOID_LEFT,RIGHT,3.31,2.62,4.62,1.00,0.31,1.00,1.00,,,17.4,35,-0.240,6,7,0.172,0.835,0,0
30.06,DRY RUN,WAIT,0,,,,,84,0,0,0,0,92,AVOID_LEFT,RIGHT,2.70,1.85,3.39,1.00,0.21,0.84,1.00,,,17.7,34,0.455,6,7,0.168,0.918,0,0
30.12,DRY RUN,WAIT,0,,,,,84,0,0,0,0,92,OPTOMOTOR,RIGHT,2.21,1.36,2.30,1.00,0.15,0.63,0.67,,,17.7,34,0.292,6,8,0.221,0.970,0,0
30.17,DRY RUN,WAIT,0,,,,,84,0,0,0,0,92,AVOID_LEFT,RIGHT,1.37,1.02,1.74,1.00,0.44,0.07,0.25,,,18.6,31,0.779,5,7,0.096,0.918,0,0
30.23,DRY RUN,WAIT,0,,,,,84,0,0,0,0,92,AVOID_LEFT,RIGHT,0.77,0.61,1.17,0.95,0.31,0.00,0.03,,,18.3,32,0.386,6,8,0.042,0.955,0,0
30.28,DRY RUN,WAIT,0,,,,,84,0,0,0,-2,92,AVOID_LEFT,RIGHT,0.46,0.41,0.89,0.53,0.44,0.00,0.00,,,18.1,33,-1.015,3,1,-0.183,0.757,0,-2
30.34,DRY RUN,WAIT,0,,,,,84,0,0,0,-3,92,CRUISE,RIGHT,0.33,0.38,1.21,0.30,0.31,0.00,0.05,,,18.3,32,-0.405,6,5,-0.218,0.822,0,-3
30.39,DRY RUN,WAIT,0,,,,,84,0,0,0,0,92,CRUISE,RIGHT,0.30,0.41,1.42,0.32,0.21,0.00,0.21,,,18.2,32,0.559,5,7,-0.023,0.863,0,0
30.45,DRY RUN,WAIT,0,,,,,84,0,0,0,0,92,CRUISE,RIGHT,0.38,0.39,1.53,0.39,0.15,0.00,0.29,,,18.1,33,0.107,6,8,0.038,0.939,0,0
30.50,DRY RUN,WAIT,0,,,,,84,0,0,0,-1,92,CRUISE,,0.42,0.42,1.15,0.30,0.44,0.00,0.00,,,18.1,32,0.323,5,6,-0.058,0.910,0,-1
30.57,DRY RUN,WAIT,0,,,,,84,0,0,0,-1,92,CRUISE,,0.31,0.44,0.96,0.17,0.31,0.00,0.00,,,15.1,44,0.300,6,7,-0.074,0.960,0,-1
30.63,DRY RUN,WAIT,0,,,,,84,0,0,0,0,92,CRUISE,,0.26,0.49,0.86,0.09,0.21,0.00,0.00,,,18.0,33,-0.279,6,7,0.027,0.974,0,0
30.68,DRY RUN,WAIT,0,,,,,84,0,0,0,-2,92,CRUISE,,0.33,0.51,0.82,0.05,0.15,0.00,0.00,,,18.2,32,0.505,5,5,-0.097,0.925,0,-2
30.74,DRY RUN,WAIT,0,,,,,84,0,0,0,3,92,CRUISE,,0.37,0.57,1.21,0.03,0.10,0.00,0.15,,,18.3,32,0.741,5,8,0.141,0.926,0,3
30.79,DRY RUN,WAIT,0,,,,,84,0,0,0,3,92,CRUISE,,0.40,0.76,1.41,0.16,0.07,0.00,0.27,,,18.0,33,0.105,5,8,0.205,0.955,0,3
30.85,DRY RUN,APPROACH,0,,,,,84,0,4,0,2,92,AVOID_LEFT,,0.50,0.85,1.51,0.27,0.05,0.00,0.33,,,18.1,32,-0.020,6,8,0.107,0.947,0,2
30.90,DRY RUN,APPROACH,0,,,,,84,0,6,0,-2,92,AVOID_LEFT,,0.61,0.89,1.55,0.15,0.44,0.00,0.16,,,18.1,33,-0.574,6,5,-0.130,0.943,0,-2
30.96,DRY RUN,APPROACH,0,,,,,84,0,8,0,1,92,CRUISE,,0.85,0.92,1.57,0.23,0.31,0.00,0.23,,,18.1,33,-0.103,5,8,0.048,0.965,0,1
31.01,DRY RUN,APPROACH,0,,,,,84,0,9,0,2,92,AVOID_LEFT,,0.97,1.09,1.80,0.28,0.21,0.04,0.39,,,18.0,33,0.586,5,8,0.148,0.977,0,2
31.07,DRY RUN,SCARED,0,,,,,84,0,-60,0,0,92,AVOID_LEFT,LEFT,1.03,1.25,2.96,0.64,0.15,0.15,1.00,,,18.2,33,-0.704,4,5,0.017,0.836,0,0
31.12,DRY RUN,SCARED,0,,,,,84,0,-60,0,0,92,AVOID_LEFT,LEFT,0.90,1.63,3.54,1.00,0.10,0.36,1.00,,,17.9,33,-0.986,3,2,-0.126,0.651,0,0
31.18,DRY RUN,SCARED,0,,,,,84,0,-60,0,0,92,AVOID_LEFT,LEFT,0.79,1.82,3.83,1.00,0.07,0.47,1.00,,,18.1,33,-1.186,2,1,-0.162,0.524,0,0
31.23,DRY RUN,SCARED,0,,,,,84,0,-60,0,0,92,AVOID_LEFT,LEFT,0.74,1.77,3.90,1.00,0.44,0.27,1.00,,,18.2,32,-1.513,2,0,-0.198,0.361,0,0
31.29,DRY RUN,SCARED,0,,,,,84,0,-60,0,0,92,AVOID_LEFT,LEFT,1.14,1.75,3.94,1.00,0.31,0.32,1.00,,,18.2,32,-2.416,2,0,-0.280,0.270,0,0
31.34,DRY RUN,SCARED,0,,,,,84,0,-60,0,0,92,AVOID_LEFT,LEFT,1.52,2.72,3.02,1.00,0.44,0.74,0.89,,,17.9,33,-0.135,5,6,-0.223,0.405,0,0
31.40,DRY RUN,SCARED,1,,,,,84,0,-60,0,0,92,ESCAPE,LEFT,3.94,3.20,1.55,1.00,0.44,1.00,0.98,,,19.1,30,0.944,6,8,-0.094,0.667,0,0
31.45,DRY RUN,SCARED,1,,,,,84,0,-60,0,0,92,ESCAPE,LEFT,5.14,2.89,0.88,1.00,0.31,1.00,0.89,,,17.7,34,-0.086,6,8,-0.092,0.814,0,0
31.51,DRY RUN,SCARED,1,freshripe,0.88,0.77,17.4,84,0,-60,0,0,92,ESCAPE,LEFT,3.99,2.02,0.55,1.00,0.21,1.00,0.51,,,19.2,30,0.598,5,7,-0.002,0.859,0,0
31.56,DRY RUN,SCARED,1,freshripe,0.88,0.77,17.4,84,0,-60,0,0,92,ESCAPE,LEFT,2.91,1.59,0.44,1.00,0.15,0.98,0.32,,,17.7,34,1.930,0,6,0.121,0.669,0,0
31.61,DRY RUN,SCARED,1,freshripe,0.82,0.86,17.0,84,0,-60,0,0,92,ESCAPE,LEFT,2.00,1.37,0.42,1.00,0.10,0.55,0.23,,,19.3,30,-0.079,6,7,0.090,0.768,0,0
31.67,DRY RUN,SCARED,1,freshripe,0.82,0.86,17.0,84,0,-60,0,0,92,ESCAPE,LEFT,1.54,1.21,0.44,0.98,0.07,0.33,0.17,,,17.9,33,-0.623,6,6,-0.021,0.818,0,0
31.72,DRY RUN,SCARED,1,freshripe,0.83,0.87,16.2,84,0,-60,0,0,92,ESCAPE,LEFT,1.31,0.79,0.42,0.70,0.05,0.23,0.00,,,19.3,30,-0.495,4,7,0.046,0.856,0,0
31.78,DRY RUN,WAIT,1,freshripe,0.83,0.87,16.2,84,0,-39,0,-1,92,ESCAPE,LEFT,1.88,0.58,0.44,0.56,0.04,0.52,0.00,,,18.0,33,-1.675,1,0,-0.083,0.587,0,-1
31.83,DRY RUN,WAIT,1,freshripe,0.83,0.94,16.2,84,0,-25,0,-1,92,ESCAPE,LEFT,2.55,0.53,0.52,0.72,0.03,0.86,0.00,,,19.5,30,-0.419,6,6,-0.152,0.631,0,-1
31.88,DRY RUN,WAIT,1,freshripe,0.83,0.94,16.2,84,0,-16,0,0,92,ESCAPE,LEFT,2.89,0.50,0.56,0.84,0.02,1.00,0.00,,,17.9,33,0.086,5,7,-0.132,0.755,0,0
31.94,DRY RUN,WAIT,1,freshripe,0.76,0.96,14.7,84,0,-10,0,0,92,ESCAPE,LEFT,1.57,0.39,0.35,0.73,0.01,0.38,0.00,,,19.4,30,-0.098,6,7,-0.064,0.873,0,0
31.99,DRY RUN,WAIT,1,freshripe,0.76,0.96,14.7,84,0,-6,0,-1,92,ESCAPE,LEFT,0.89,0.30,0.25,0.52,0.01,0.04,0.00,,,18.1,33,-0.285,6,5,-0.083,0.887,0,-1
32.04,DRY RUN,WAIT,1,freshripe,0.70,0.93,14.7,84,0,-4,0,1,92,ESCAPE,,0.57,0.26,0.20,0.29,0.01,0.00,0.00,,,19.6,29,0.722,4,8,0.079,0.914,0,1
32.10,DRY RUN,WAIT,1,freshripe,0.70,0.93,14.7,84,0,-2,0,3,92,ESCAPE,,0.44,0.26,0.23,0.17,0.00,0.00,0.00,,,18.3,32,1.037,3,6,0.176,0.815,0,3
32.15,DRY RUN,WAIT,1,freshripe,0.74,0.90,15.0,84,0,-1,0,2,92,ESCAPE,,0.49,0.39,0.20,0.09,0.00,0.00,0.00,,,19.3,29,-0.103,6,7,0.104,0.892,0,2
32.20,DRY RUN,WAIT,1,freshripe,0.74,0.90,15.0,84,0,-1,0,5,92,ESCAPE,,0.54,0.45,0.24,0.05,0.00,0.00,0.00,,,18.1,32,1.442,0,7,0.260,0.764,0,5
32.26,DRY RUN,WAIT,1,freshripe,0.81,0.82,16.3,84,0,0,0,5,92,ESCAPE,,0.57,0.53,0.20,0.03,0.87,0.00,0.00,,,19.6,29,0.114,5,7,0.262,0.859,0,5
32.31,DRY RUN,WAIT,1,freshripe,0.81,0.82,16.3,84,0,0,0,2,92,ESCAPE,,0.60,0.63,0.33,0.02,0.61,0.00,0.00,,,18.4,32,-0.639,5,5,0.110,0.860,0,2
32.36,DRY RUN,FEED,1,freshripe,0.83,0.97,15.4,84,0,0,0,3,92,ESCAPE,,1.20,0.72,0.41,0.01,0.87,0.00,0.00,,,19.6,29,0.362,5,7,0.167,0.913,0,3
32.42,DRY RUN,FEED,1,freshripe,0.83,0.97,15.4,84,0,0,0,3,91,ESCAPE,,1.50,0.73,0.57,0.01,0.61,0.04,0.00,,,18.2,32,0.122,6,7,0.162,0.962,0,3
32.47,DRY RUN,FEED,1,freshripe,0.82,0.92,15.4,84,0,0,0,1,91,ESCAPE,,1.18,0.88,0.66,0.00,0.43,0.00,0.00,,,19.4,29,-0.700,3,5,0.034,0.851,0,1
32.54,DRY RUN,FEED,1,freshripe,0.82,0.92,15.4,83,0,0,0,1,91,ESCAPE,,0.97,0.80,0.49,0.00,0.44,0.00,0.00,,,14.3,47,1.124,3,6,0.044,0.737,0,1
32.59,DRY RUN,FEED,1,ripe,0.85,0.49,15.8,83,0,0,0,2,91,ESCAPE,,0.81,0.62,0.27,0.00,0.31,0.00,0.00,,,19.4,29,0.846,4,7,0.097,0.724,0,2
32.64,DRY RUN,FEED,1,ripe,0.85,0.49,15.8,83,0,0,0,2,91,ESCAPE,,0.58,0.53,0.24,0.00,0.21,0.00,0.00,,,18.4,32,-0.005,6,7,0.116,0.842,0,2
32.69,DRY RUN,FEED,1,freshripe,0.79,0.97,15.9,82,0,0,0,2,91,ESCAPE,,0.47,0.46,0.15,0.00,0.15,0.00,0.00,,,19.7,29,0.072,6,8,0.113,0.898,0,2
32.75,DRY RUN,FEED,1,freshripe,0.79,0.97,15.9,82,0,0,0,1,91,ESCAPE,,0.39,0.38,0.08,0.00,0.10,0.00,0.00,,,18.1,32,0.271,5,6,0.027,0.901,0,1
32.80,DRY RUN,FEED,1,freshripe,0.84,0.95,15.9,82,0,0,0,4,91,ESCAPE,,0.35,0.39,0.04,0.00,0.07,0.00,0.00,,,19.5,29,-0.073,5,8,0.201,0.955,0,4
32.86,DRY RUN,FEED,1,freshripe,0.84,0.95,15.9,81,0,0,0,2,91,ESCAPE,,0.53,0.50,0.14,0.00,0.44,0.00,0.00,,,18.3,32,0.597,6,7,0.084,0.943,0,2
32.91,DRY RUN,FEED,1,freshripe,0.83,0.98,15.9,81,0,0,0,3,91,ESCAPE,,0.77,0.78,0.23,0.00,0.31,0.00,0.00,,,19.7,29,-0.158,6,8,0.137,0.969,0,3
32.96,DRY RUN,FEED,1,freshripe,0.83,0.98,15.9,81,0,0,0,-3,91,ESCAPE,,0.89,0.92,0.28,0.00,0.44,0.00,0.00,,,18.3,32,-0.465,6,6,-0.155,0.946,0,-3
33.01,DRY RUN,FEED,1,freshripe,0.85,0.96,15.2,80,0,0,0,-3,91,CRUISE,,0.79,0.98,0.14,0.00,0.31,0.00,0.00,,,19.7,29,0.335,6,6,-0.148,0.933,0,-3
33.07,DRY RUN,FEED,1,freshripe,0.85,0.96,15.2,80,0,0,0,-1,91,OPTOMOTOR,,0.72,0.98,0.07,0.00,0.21,0.00,0.00,,,18.2,32,0.028,5,8,-0.034,0.945,0,-1
33.12,DRY RUN,FEED,1,freshripe,0.85,0.97,15.0,80,0,0,0,1,91,CRUISE,,0.52,0.65,0.09,0.00,0.15,0.00,0.00,,,19.3,30,0.043,6,9,0.026,1.000,0,1
33.17,DRY RUN,FEED,1,freshripe,0.85,0.97,15.0,80,0,0,0,2,91,OPTOMOTOR,,0.42,0.49,0.10,0.00,0.44,0.00,0.00,,,18.2,32,0.412,5,6,0.114,0.932,0,2
33.23,DRY RUN,FEED,1,freshripe,0.85,0.91,14.9,79,0,0,0,4,91,OPTOMOTOR,,1.08,1.12,0.24,0.00,0.31,0.01,0.01,,,19.4,30,0.708,6,7,0.203,0.973,0,4
33.28,DRY RUN,FEED,1,freshripe,0.85,0.91,14.9,79,0,0,0,3,91,OPTOMOTOR,,1.59,1.57,0.65,0.00,0.44,0.18,0.17,,,18.0,33,2.224,0,2,0.138,0.728,0,3
33.33,DRY RUN,FEED,1,freshripe,0.88,0.99,15.1,79,0,0,0,2,91,CRUISE,,2.22,2.12,0.96,0.00,1.31,0.06,0.00,,,19.6,29,2.488,0,3,0.095,0.510,0,2
33.39,DRY RUN,FEED,1,freshripe,0.88,0.99,15.1,78,0,0,0,1,91,CRUISE,,2.54,2.39,1.27,0.41,0.92,0.41,0.34,,,18.0,33,-0.955,1,1,0.045,0.382,0,1
33.44,DRY RUN,SCARED,1,freshripe,0.73,0.98,14.8,78,0,-60,0,0,91,AVOID_RIGHT,RIGHT,2.70,2.53,1.39,0.60,0.87,0.51,0.43,,,19.3,30,0.201,5,8,-0.021,0.621,0,0
33.50,DRY RUN,SCARED,1,freshripe,0.73,0.98,14.8,78,0,-60,0,0,91,AVOID_RIGHT,RIGHT,3.06,2.10,1.46,0.97,0.87,0.70,0.22,,,17.8,33,-0.472,6,5,-0.114,0.745,0,0
33.55,DRY RUN,SCARED,1,freshripe,0.80,0.99,14.3,78,0,-60,0,0,91,AVOID_RIGHT,RIGHT,3.25,1.38,0.90,1.00,0.61,0.92,0.00,,,19.2,30,-0.666,2,3,-0.118,0.658,0,0
33.60,DRY RUN,SCARED,1,freshripe,0.80,0.99,14.3,78,0,-60,0,0,91,AVOID_RIGHT,RIGHT,4.16,1.02,0.62,1.00,0.43,1.00,0.00,,,18.0,33,1.628,0,5,0.050,0.523,0,0
33.66,DRY RUN,SCARED,1,freshripe,0.80,0.99,14.3,78,0,-60,0,0,91,AVOID_RIGHT,RIGHT,5.15,1.81,1.51,1.00,0.30,1.00,0.36,,,18.6,32,3.204,0,2,0.189,0.432,0,0
33.71,DRY RUN,SCARED,3,freshripe,0.36,0.59,15.8,78,0,-60,0,0,91,AVOID_RIGHT,RIGHT,5.65,2.21,2.34,1.00,0.21,1.00,0.67,,,19.0,31,2.026,0,2,0.269,0.353,0,0
33.76,DRY RUN,SCARED,0,,,,,78,0,-60,0,0,91,AVOID_RIGHT,RIGHT,3.90,2.40,3.34,1.00,0.44,1.00,1.00,,,18.1,33,1.603,0,6,0.431,0.370,0,0
33.82,DRY RUN,SCARED,0,,,,,78,0,-60,0,0,91,AVOID_RIGHT,RIGHT,2.45,2.32,3.58,1.00,0.44,0.61,1.00,,,18.2,33,-0.042,5,8,0.192,0.657,0,0
33.87,DRY RUN,SCARED,0,,,,,78,0,-60,0,0,91,AVOID_LEFT,RIGHT,2.31,2.19,3.69,1.00,0.31,0.60,1.00,,,18.1,33,-1.690,2,0,-0.085,0.436,0,0
33.93,DRY RUN,SCARED,0,,,,,78,0,-60,0,0,91,AVOID_LEFT,RIGHT,1.96,1.82,3.07,1.00,0.44,0.36,0.92,,,18.1,33,-1.100,2,0,-0.189,0.312,0,0
33.99,DRY RUN,SCARED,0,,,,,78,0,-60,0,0,91,AVOID_LEFT,RIGHT,1.78,1.47,2.60,1.00,0.31,0.34,0.75,,,18.2,32,-0.039,3,7,-0.072,0.452,0,0
34.04,DRY RUN,SCARED,0,,,,,78,0,-60,0,0,91,AVOID_LEFT,RIGHT,1.67,1.11,1.88,1.00,0.21,0.33,0.43,,,18.2,32,0.211,5,7,-0.073,0.627,0,0
34.09,DRY RUN,SCARED,0,,,,,78,0,-60,0,0,91,AVOID_LEFT,RIGHT,1.62,1.12,1.52,1.00,0.15,0.34,0.28,,,18.6,32,0.391,6,7,-0.068,0.772,0,0
34.15,DRY RUN,WAIT,0,,,,,78,0,-39,0,0,91,AVOID_LEFT,RIGHT,1.89,1.58,2.77,1.00,0.10,0.49,0.93,,,18.0,32,1.525,0,5,0.108,0.601,0,0
34.20,DRY RUN,WAIT,0,,,,,78,0,-25,0,0,91,AVOID_LEFT,RIGHT,2.28,1.80,3.40,1.00,0.07,0.70,1.00,,,18.1,32,0.568,6,7,0.086,0.715,0,0
34.26,DRY RUN,WAIT,0,,,,,78,0,-16,0,0,91,AVOID_LEFT,RIGHT,2.47,1.76,2.78,1.00,0.05,0.81,0.96,,,18.2,32,0.435,6,8,0.123,0.841,0,0
34.31,DRY RUN,WAIT,0,,,,,78,0,-10,0,0,91,AVOID_LEFT,RIGHT,1.37,1.32,1.67,1.00,0.04,0.27,0.42,,,18.3,32,0.593,1,6,0.213,0.764,0,0
34.37,DRY RUN,WAIT,0,,,,,78,0,-6,0,0,91,AVOID_LEFT,RIGHT,0.76,1.05,1.02,0.97,0.03,0.11,0.11,,,18.4,32,-0.088,5,8,0.304,0.878,0,0
34.43,DRY RUN,WAIT,0,,,,,78,0,-4,0,-1,91,AVOID_LEFT,RIGHT,0.51,0.88,0.79,0.54,0.02,0.03,0.03,,,15.2,43,-2.007,1,0,-0.079,0.556,0,-1
34.49,DRY RUN,WAIT,0,,,,,78,0,-2,0,-2,91,AVOID_LEFT,RIGHT,0.42,0.70,0.96,0.31,0.01,0.00,0.07,,,18.4,31,-0.617,6,7,-0.123,0.604,0,-2
34.54,DRY RUN,WAIT,0,,,,,78,0,-1,0,-1,91,AVOID_LEFT,RIGHT,0.60,0.71,1.77,0.39,0.01,0.00,0.48,,,18.3,32,-1.086,3,4,-0.111,0.602,0,-1
34.60,DRY RUN,WAIT,0,,,,,78,0,-1,0,-1,91,AVOID_LEFT,RIGHT,1.45,1.89,2.17,0.78,0.01,0.54,0.68,,,18.1,32,-2.674,2,0,-0.211,0.405,0,-1
34.65,DRY RUN,WAIT,0,,,,,78,0,0,0,0,91,AVOID_LEFT,RIGHT,2.35,2.48,2.38,1.00,0.00,0.84,0.84,,,17.9,33,-0.076,6,5,-0.245,0.481,0,0
34.71,DRY RUN,WAIT,1,freshripe,0.71,0.93,10.6,78,0,0,0,0,91,ESCAPE,RIGHT,2.80,2.77,1.80,1.00,0.00,1.00,0.98,,,18.9,31,-0.092,6,6,-0.190,0.686,0,0
34.76,DRY RUN,WAIT,1,freshripe,0.71,0.93,10.6,78,0,0,0,0,91,ESCAPE,RIGHT,5.32,1.64,1.05,1.00,0.00,1.00,0.42,,,17.9,33,-0.681,6,5,-0.222,0.782,0,0
34.82,DRY RUN,WAIT,1,freshripe,0.82,0.91,15.4,78,0,0,0,0,91,ESCAPE,RIGHT,3.90,1.08,0.67,1.00,0.00,1.00,0.14,,,19.1,30,-0.356,6,5,-0.215,0.821,0,0
34.87,DRY RUN,WAIT,1,freshripe,0.82,0.91,15.4,78,0,0,0,0,91,ESCAPE,RIGHT,6.24,0.72,0.48,1.00,0.00,1.00,0.00,,,18.0,33,-2.137,1,0,-0.207,0.538,0,0
34.92,DRY RUN,WAIT,1,freshripe,0.79,0.91,15.3,78,0,0,0,0,91,ESCAPE,RIGHT,3.38,0.54,0.42,1.00,0.44,1.00,0.00,,,19.2,30,-0.138,6,5,-0.238,0.599,0,0
34.98,DRY RUN,WAIT,1,freshripe,0.79,0.91,15.3,78,0,0,0,0,91,ESCAPE,RIGHT,1.90,0.45,0.54,0.84,0.31,0.40,0.00,,,18.2,32,1.182,0,5,-0.011,0.575,0,0
35.03,DRY RUN,WAIT,1,freshripe,0.80,0.73,16.5,78,0,0,0,-1,91,ESCAPE,RIGHT,1.16,0.56,0.87,0.47,0.21,0.07,0.00,,,19.6,29,-4.205,2,0,-0.130,0.419,0,-1
35.08,DRY RUN,WAIT,1,freshripe,0.80,0.73,16.5,78,0,0,0,-1,91,ESCAPE,RIGHT,2.48,0.68,1.14,0.46,0.15,0.76,0.10,,,18.0,32,-2.133,1,0,-0.127,0.255,0,-1
35.14,DRY RUN,WAIT,1,freshripe,0.85,0.96,15.8,78,0,0,0,0,91,ESCAPE,RIGHT,3.14,0.77,1.28,0.64,0.87,0.73,0.00,,,19.2,30,3.022,0,1,-0.009,0.177,0,0
35.19,DRY RUN,WAIT,1,freshripe,0.85,0.96,15.8,78,0,0,0,-1,91,ESCAPE,RIGHT,1.67,1.01,0.64,0.47,0.61,0.13,0.00,,,18.2,32,-0.331,6,7,-0.092,0.505,0,-1
35.24,DRY RUN,WAIT,1,freshripe,0.82,0.96,16.7,78,0,0,0,0,91,ESCAPE,,0.87,0.93,0.32,0.27,0.43,0.00,0.00,,,19.8,29,0.467,5,7,0.002,0.685,0,0
35.30,DRY RUN,WAIT,1,freshripe,0.82,0.96,16.7,78,0,0,0,1,91,ESCAPE,,0.54,0.69,0.16,0.15,0.30,0.00,0.00,,,18.2,32,1.244,0,3,0.049,0.600,0,1
35.35,DRY RUN,WAIT,2,freshripe,0.85,0.98,15.9,78,0,0,0,1,91,ESCAPE,,0.37,0.41,0.21,0.08,0.87,0.00,0.00,,,19.2,30,-0.402,5,6,0.071,0.676,0,1
35.40,DRY RUN,WAIT,2,freshripe,0.85,0.98,15.9,78,0,0,0,-1,91,ESCAPE,,0.41,0.32,0.38,0.05,0.61,0.00,0.00,,,18.4,32,-1.179,2,1,-0.062,0.538,0,-1
35.46,DRY RUN,WAIT,2,freshripe,0.82,0.99,15.7,78,0,0,0,-1,91,ESCAPE,,0.43,0.27,0.47,0.03,0.44,0.00,0.00,,,19.0,30,0.675,6,8,-0.040,0.699,0,-1
35.51,DRY RUN,WAIT,2,freshripe,0.82,0.99,15.7,78,0,0,0,0,91,ESCAPE,,0.47,0.32,0.46,0.01,0.31,0.00,0.00,,,18.5,32,0.243,6,7,-0.025,0.813,0,0
35.56,DRY RUN,FEED,2,freshripe,0.85,0.99,16.3,78,0,0,0,-2,91,ESCAPE,,0.48,0.43,0.44,0.01,0.44,0.00,0.00,,,19.0,30,-0.950,5,5,-0.080,0.763,0,-2
35.62,DRY RUN,FEED,2,freshripe,0.85,0.99,16.3,78,0,0,0,0,91,ESCAPE,,0.78,0.55,0.42,0.00,0.31,0.00,0.00,,,18.3,32,-0.193,6,7,0.003,0.863,0,0
35.67,DRY RUN,FEED,2,freshripe,0.82,0.96,15.9,78,0,0,0,-3,91,ESCAPE,,0.95,0.61,0.47,0.00,0.87,0.00,0.00,,,18.8,31,0.442,6,7,0.018,0.905,0,0
35.73,DRY RUN,FEED,2,freshripe,0.82,0.96,15.9,77,0,0,0,-5,91,ESCAPE,,1.07,0.88,0.60,0.00,0.61,0.00,0.00,,,18.0,33,-0.086,6,8,-0.019,0.948,0,0
35.78,DRY RUN,FEED,2,freshripe,0.82,0.98,15.6,77,0,0,0,-9,91,ESCAPE,,1.09,1.01,0.66,0.00,0.43,0.00,0.00,,,18.8,31,0.218,6,7,-0.098,0.968,0,-2
35.83,DRY RUN,FEED,2,freshripe,0.82,0.98,15.6,77,0,0,0,-9,91,ESCAPE,,0.62,0.65,0.34,0.00,0.30,0.00,0.00,,,18.1,32,0.117,6,6,-0.070,0.959,0,-1
35.89,DRY RUN,FEED,1,freshripe,0.75,0.99,16.4,76,0,0,0,-7,91,ESCAPE,,0.39,0.47,0.18,0.00,0.87,0.00,0.00,,,19.5,29,-0.068,6,7,-0.119,0.974,0,-2
35.94,DRY RUN,FEED,1,freshripe,0.75,0.99,16.4,76,0,0,0,-3,91,ESCAPE,,0.38,0.64,0.09,0.00,0.61,0.00,0.00,,,18.1,33,0.424,6,8,0.000,1.000,0,0
35.99,DRY RUN,FEED,2,freshripe,0.83,0.94,15.3,76,0,0,0,-5,91,ESCAPE,,0.38,0.73,0.04,0.00,0.43,0.00,0.00,,,18.9,31,-0.112,6,8,0.023,1.000,0,0
36.05,DRY RUN,FEED,2,freshripe,0.83,0.94,15.3,75,0,0,0,-7,91,ESCAPE,,0.36,0.63,0.02,0.00,0.30,0.00,0.00,,,18.4,32,0.183,6,8,0.000,1.000,0,0
36.10,DRY RUN,FEED,1,freshripe,0.85,0.96,16.3,75,0,0,0,-5,91,ESCAPE,,0.22,0.37,0.08,0.00,0.21,0.00,0.00,,,19.8,29,-0.318,6,7,-0.060,0.974,0,-1
36.15,DRY RUN,FEED,1,freshripe,0.85,0.96,16.3,75,0,0,0,-3,91,ESCAPE,,0.15,0.25,0.08,0.00,0.15,0.00,0.00,,,18.2,33,0.265,6,8,-0.012,1.000,0,0
36.21,DRY RUN,FEED,1,freshripe,0.85,0.96,16.3,74,0,0,0,-1,91,ESCAPE,,0.12,0.21,0.09,0.00,0.10,0.00,0.00,,,19.2,30,0.211,6,8,0.036,1.000,0,1
36.26,DRY RUN,FEED,2,freshripe,0.87,0.95,16.3,74,0,0,0,-1,91,ESCAPE,,0.11,0.20,0.09,0.00,0.07,0.00,0.00,,,19.6,29,0.285,6,8,0.000,1.000,0,0
36.31,DRY RUN,FEED,2,freshripe,0.87,0.95,16.3,74,0,0,0,0,91,CRUISE,,0.27,0.31,0.18,0.00,0.05,0.00,0.00,,,18.3,32,0.275,6,8,-0.016,0.982,0,0
36.36,DRY RUN,FEED,1,freshripe,0.87,0.95,17.0,73,0,0,0,1,91,CRUISE,,0.36,0.44,0.23,0.00,0.04,0.00,0.00,,,19.6,29,2.073,0,5,0.056,0.720,0,1
36.42,DRY RUN,FEED,1,freshripe,0.87,0.95,17.0,73,0,0,0,4,91,CRUISE,,1.15,1.41,0.47,0.00,0.02,0.29,0.29,,,18.2,32,1.793,0,6,0.191,0.591,0,4
36.47,DRY RUN,FEED,1,freshripe,0.81,0.96,15.4,73,0,0,0,4,91,AVOID_RIGHT,,2.40,1.90,0.69,0.15,2.18,0.00,0.00,,,19.3,30,1.810,0,2,0.257,0.456,0,4
36.53,DRY RUN,FEED,1,freshripe,0.81,0.96,15.4,72,0,0,0,6,91,AVOID_RIGHT,,3.45,2.14,0.81,0.32,1.53,0.56,0.00,,,17.8,33,1.672,0,7,0.413,0.433,0,6
36.58,DRY RUN,FEED,1,freshripe,0.36,0.75,18.7,72,0,0,0,3,91,AVOID_RIGHT,,4.74,1.97,0.86,0.59,1.07,1.00,0.05,,,19.2,30,0.561,4,7,0.309,0.539,0,3
36.63,DRY RUN,SCARED,0,,,,,72,0,-60,0,0,91,AVOID_RIGHT,RIGHT,5.39,1.88,3.21,0.96,1.31,1.00,0.55,,,18.1,33,0.791,3,7,0.297,0.680,0,0
36.69,DRY RUN,SCARED,0,,,,,72,0,-60,0,0,91,AVOID_RIGHT,RIGHT,4.45,2.39,4.39,1.00,0.92,1.00,1.00,,,18.1,33,1.158,1,7,0.341,0.621,0,0
36.74,DRY RUN,SCARED,0,,,,,72,0,-60,0,0,91,AVOID_RIGHT,RIGHT,3.66,2.65,4.38,1.00,0.64,1.00,1.00,,,18.1,32,-1.423,2,1,0.048,0.435,0,0
36.80,DRY RUN,SCARED,0,,,,,72,0,-60,0,0,91,AVOID_RIGHT,RIGHT,3.27,2.18,3.89,1.00,0.45,1.00,1.00,,,18.0,33,-0.378,5,8,-0.001,0.650,0,0
36.85,DRY RUN,SCARED,0,,,,,72,0,-60,0,0,91,CRUISE,RIGHT,3.07,1.95,2.39,1.00,0.31,0.98,0.64,,,18.2,32,-0.438,6,5,-0.105,0.762,0,0
36.91,DRY RUN,SCARED,0,,,,,72,0,-60,0,0,91,AVOID_RIGHT,RIGHT,3.16,1.88,1.64,1.00,0.22,1.00,0.43,,,18.0,33,-1.303,2,0,-0.209,0.567,0,0
36.97,DRY RUN,SCARED,0,,,,,72,0,-60,0,0,91,AVOID_RIGHT,RIGHT,2.39,2.26,1.48,1.00,0.15,0.72,0.65,,,18.1,32,-0.530,5,7,-0.187,0.705,0,0
37.02,DRY RUN,SCARED,0,,,,,72,0,-60,0,0,91,AVOID_RIGHT,RIGHT,1.81,2.04,1.40,1.00,0.11,0.57,0.57,,,18.5,32,-0.925,2,3,-0.159,0.607,0,0
37.07,DRY RUN,SCARED,0,,,,,72,0,-60,0,0,91,AVOID_RIGHT,RIGHT,1.32,2.20,2.67,1.00,0.08,0.66,0.90,,,18.1,33,-0.623,6,6,-0.170,0.728,0,0
37.13,DRY RUN,SCARED,0,,,,,72,0,-60,0,0,91,AVOID_RIGHT,RIGHT,1.08,1.92,2.67,1.00,0.05,0.53,0.91,,,18.1,32,-0.880,4,4,-0.159,0.662,0,0
37.18,DRY RUN,SCARED,0,,,,,72,0,-60,0,0,91,AVOID_LEFT,RIGHT,1.18,2.14,2.67,1.00,0.04,0.65,0.92,,,18.1,33,-1.293,2,1,-0.191,0.516,0,0
37.24,DRY RUN,SCARED,0,,,,,72,0,-60,0,0,91,AVOID_LEFT,RIGHT,1.23,1.80,2.30,1.00,0.44,0.28,0.53,,,18.2,32,-0.637,2,4,-0.153,0.447,0,0
37.31,DRY RUN,SCARED,0,,,,,72,0,-60,0,0,91,AVOID_LEFT,RIGHT,1.25,3.14,2.11,1.00,0.31,1.00,1.00,,,14.7,46,-2.033,2,0,-0.190,0.290,0,0
37.36,DRY RUN,WAIT,0,,,,,72,0,-39,0,0,91,AVOID_LEFT,RIGHT,2.07,3.95,3.07,1.00,0.21,1.00,1.00,,,17.7,34,-0.650,5,5,-0.208,0.397,0,0
37.42,DRY RUN,WAIT,1,freshripe,0.30,0.53,31.2,72,0,-25,0,0,91,AVOID_LEFT,RIGHT,2.47,5.06,3.55,1.00,0.15,1.00,1.00,,,19.0,31,-0.217,6,7,-0.160,0.672,0,0
37.47,DRY RUN,WAIT,1,freshripe,0.30,0.53,31.2,72,0,-16,0,0,91,AVOID_LEFT,RIGHT,2.53,4.91,1.81,1.00,0.10,1.00,1.00,,,17.7,34,0.639,5,5,-0.151,0.769,0,0
37.53,DRY RUN,WAIT,1,freshripe,0.81,0.99,15.9,72,0,-10,0,0,91,CRUISE,RIGHT,1.51,2.70,0.95,1.00,0.07,0.91,0.91,,,19.2,30,0.320,6,8,0.001,0.886,0,0
37.58,DRY RUN,WAIT,1,freshripe,0.81,0.99,15.9,72,0,-6,0,0,91,CRUISE,RIGHT,0.87,1.56,0.56,1.00,0.05,0.35,0.35,,,17.9,33,-1.082,3,4,-0.091,0.718,0,0
37.63,DRY RUN,WAIT,1,freshripe,0.85,0.89,15.5,72,0,-4,0,0,91,AVOID_LEFT,RIGHT,0.55,0.99,0.49,1.00,0.87,0.00,0.00,,,19.6,29,-1.928,1,0,-0.203,0.466,0,0
37.69,DRY RUN,WAIT,1,freshripe,0.85,0.89,15.5,72,0,-2,0,-2,91,AVOID_LEFT,RIGHT,0.62,1.05,0.51,0.63,0.61,0.00,0.00,,,18.4,32,-1.266,2,1,-0.220,0.362,0,-2
37.74,DRY RUN,WAIT,2,freshripe,0.90,0.90,17.3,72,0,-1,0,-2,91,OPTOMOTOR,RIGHT,1.14,1.77,0.51,0.35,0.87,0.05,0.05,,,19.0,30,0.437,5,6,-0.186,0.571,0,-2
37.79,DRY RUN,WAIT,2,freshripe,0.90,0.90,17.3,72,0,-1,0,-1,91,CRUISE,RIGHT,1.40,2.13,0.51,0.56,0.61,0.36,0.36,,,18.0,33,-0.174,6,7,-0.141,0.770,0,-1
37.85,DRY RUN,WAIT,1,freshripe,0.92,0.73,17.7,72,0,0,0,0,91,CRUISE,RIGHT,1.10,1.93,0.51,0.72,0.43,0.35,0.35,,,19.2,30,0.796,4,7,-0.049,0.800,0,0
37.90,DRY RUN,WAIT,1,freshripe,0.92,0.73,17.7,72,0,0,0,1,91,CRUISE,RIGHT,0.81,1.40,0.26,0.54,0.30,0.15,0.15,,,18.2,32,1.498,0,6,0.163,0.665,0,1
37.95,DRY RUN,WAIT,2,freshripe,0.91,0.90,17.0,72,0,0,0,1,91,CRUISE,RIGHT,0.67,1.14,0.13,0.31,0.44,0.00,0.00,,,19.0,30,-0.933,3,4,0.097,0.622,0,1
38.01,DRY RUN,WAIT,2,freshripe,0.91,0.90,17.0,72,0,0,0,0,91,CRUISE,,0.64,1.04,0.06,0.17,0.31,0.00,0.00,,,18.2,32,0.475,5,5,-0.026,0.713,0,0
38.06,DRY RUN,WAIT,1,freshripe,0.90,0.74,17.6,72,0,0,0,-1,91,CRUISE,,0.64,1.03,0.28,0.10,0.87,0.00,0.00,,,19.5,29,-0.725,5,7,-0.039,0.802,0,-1
38.12,DRY RUN,WAIT,1,freshripe,0.90,0.74,17.6,72,0,0,0,0,91,CRUISE,,0.97,1.39,0.85,0.05,0.61,0.00,0.00,,,18.2,32,0.028,6,7,0.007,0.899,0,0
38.17,DRY RUN,WAIT,2,freshripe,0.84,0.95,16.5,72,0,0,0,2,91,CRUISE,,1.13,1.57,1.13,0.03,0.43,0.17,0.17,,,18.6,31,0.935,5,7,0.113,0.878,0,2
38.22,DRY RUN,WAIT,2,freshripe,0.84,0.95,16.5,72,0,0,0,0,91,CRUISE,,0.78,0.98,0.72,0.02,0.30,0.00,0.00,,,18.2,33,0.106,6,6,-0.001,0.909,0,0
38.27,DRY RUN,WAIT,1,freshripe,0.85,0.96,16.4,72,0,0,0,1,91,CRUISE,,0.60,0.69,0.51,0.01,0.44,0.00,0.00,,,19.9,29,0.493,5,5,0.037,0.860,0,1
38.33,DRY RUN,FEED,1,freshripe,0.85,0.96,16.4,72,0,0,0,1,91,CRUISE,,0.69,0.53,0.47,0.01,0.31,0.00,0.00,,,18.4,32,0.826,3,8,0.196,0.880,0,4
38.38,DRY RUN,FEED,1,freshripe,0.78,0.98,15.2,72,0,0,0,0,91,CRUISE,,0.73,0.45,0.46,0.00,0.21,0.00,0.00,,,19.7,29,0.021,6,8,0.077,0.919,0,2
38.43,DRY RUN,FEED,1,freshripe,0.78,0.98,15.2,72,0,0,0,1,91,CRUISE,,0.75,0.43,0.37,0.00,0.15,0.00,0.00,,,18.4,32,0.902,2,5,0.082,0.822,0,2
38.48,DRY RUN,FEED,1,freshripe,0.80,0.89,16.4,71,0,0,0,3,91,CRUISE,,0.72,0.45,0.32,0.00,0.44,0.00,0.00,,,19.7,29,0.687,5,7,0.129,0.892,0,3
38.54,DRY RUN,FEED,1,freshripe,0.80,0.89,16.4,71,0,0,0,1,91,CRUISE,,0.53,0.46,0.30,0.00,0.31,0.00,0.00,,,18.2,32,0.230,5,7,0.052,0.903,0,1
38.59,DRY RUN,FEED,1,freshripe,0.85,0.90,15.7,71,0,0,0,1,91,CRUISE,,0.43,0.38,0.28,0.00,0.44,0.00,0.00,,,19.5,29,1.549,0,2,0.034,0.660,0,1
38.65,DRY RUN,FEED,1,freshripe,0.85,0.90,15.7,70,0,0,0,2,91,CRUISE,,0.38,0.33,0.25,0.00,0.31,0.00,0.00,,,18.4,32,0.307,6,7,0.096,0.791,0,2
38.70,DRY RUN,FEED,1,freshripe,0.88,0.96,15.3,70,0,0,0,-2,91,CRUISE,,0.46,0.23,0.25,0.00,0.21,0.00,0.00,,,19.6,29,-1.458,1,0,-0.116,0.564,0,-2
38.75,DRY RUN,FEED,1,freshripe,0.88,0.96,15.3,70,0,0,0,0,91,CRUISE,,0.50,0.19,0.28,0.00,0.15,0.00,0.00,,,18.5,31,0.691,3,8,-0.002,0.570,0,0
38.80,DRY RUN,FEED,1,freshripe,0.85,0.97,15.3,69,0,0,0,-1,91,CRUISE,,0.49,0.27,0.30,0.00,0.10,0.00,0.00,,,19.4,29,0.568,6,6,-0.067,0.736,0,-1
38.86,DRY RUN,FEED,1,freshripe,0.85,0.97,15.3,69,0,0,0,0,91,CRUISE,,0.40,0.31,0.30,0.00,0.07,0.00,0.00,,,18.3,32,0.150,6,7,-0.022,0.862,0,0
38.91,DRY RUN,FEED,1,freshripe,0.84,0.97,15.9,69,0,0,0,2,91,CRUISE,,0.36,0.30,0.23,0.00,0.05,0.00,0.00,,,19.6,29,0.459,6,8,0.076,0.924,0,2
38.96,DRY RUN,FEED,1,freshripe,0.84,0.97,15.9,68,0,0,0,3,91,CRUISE,,0.34,0.29,0.19,0.00,0.04,0.00,0.00,,,18.1,33,-0.390,6,8,0.160,0.959,0,3
39.01,DRY RUN,FEED,1,freshripe,0.89,0.92,15.7,68,0,0,0,-2,91,CRUISE,,0.32,0.24,0.17,0.00,0.03,0.00,0.00,,,19.5,29,-0.102,6,6,-0.078,0.954,0,-2
39.07,DRY RUN,FEED,1,freshripe,0.89,0.92,15.7,68,0,0,0,2,91,CRUISE,,0.24,0.17,0.16,0.00,0.02,0.00,0.00,,,18.4,32,0.115,5,7,0.076,0.938,0,2
39.12,DRY RUN,FEED,1,freshripe,0.86,0.92,15.6,67,0,0,0,0,91,CRUISE,,0.19,0.13,0.18,0.00,0.01,0.00,0.00,,,19.7,29,0.225,6,7,0.024,0.976,0,0
39.17,DRY RUN,FEED,1,freshripe,0.86,0.92,15.6,67,0,0,0,0,91,CRUISE,,0.46,0.33,0.19,0.00,0.01,0.00,0.00,,,18.1,33,0.251,6,7,0.020,0.969,0,0
39.23,DRY RUN,FEED,1,freshripe,0.85,0.96,15.8,67,0,0,0,0,91,CRUISE,,0.59,0.48,0.22,0.00,0.01,0.00,0.00,,,19.4,29,0.025,6,8,0.007,0.998,0,0
39.28,DRY RUN,FEED,1,freshripe,0.85,0.96,15.8,66,0,0,0,0,91,CRUISE,,0.62,0.55,0.23,0.00,0.00,0.00,0.00,,,18.1,33,-0.266,6,7,0.010,0.981,0,0
39.33,DRY RUN,FEED,1,freshripe,0.74,0.99,15.4,66,0,0,0,1,91,CRUISE,,0.51,0.43,0.19,0.00,0.00,0.00,0.00,,,19.4,30,0.313,6,7,0.074,0.986,0,1
39.39,DRY RUN,FEED,1,freshripe,0.74,0.99,15.4,66,0,0,0,-1,91,CRUISE,,0.30,0.26,0.14,0.00,0.00,0.00,0.00,,,18.2,32,-0.224,5,7,-0.046,0.941,0,-1
39.44,DRY RUN,FEED,1,freshripe,0.75,0.98,15.0,65,0,0,0,-1,91,CRUISE,,0.18,0.17,0.11,0.00,0.00,0.00,0.00,,,19.4,29,0.085,6,8,-0.030,0.983,0,-1
39.49,DRY RUN,FEED,1,freshripe,0.75,0.98,15.0,65,0,0,0,-4,91,OPTOMOTOR,,0.13,0.13,0.10,0.00,0.44,0.00,0.00,,,18.1,33,-0.666,5,5,-0.204,0.901,0,-4
39.55,DRY RUN,FEED,1,freshripe,0.74,0.96,15.1,65,0,0,0,-1,91,CRUISE,,0.81,0.72,0.32,0.00,0.31,0.00,0.00,,,19.5,29,0.152,6,8,-0.063,0.946,0,-1
39.60,DRY RUN,FEED,1,freshripe,0.74,0.96,15.1,64,0,0,0,1,91,CRUISE,,1.15,1.01,0.43,0.00,0.21,0.07,0.00,,,18.1,33,-0.210,6,8,0.054,0.971,0,1
39.65,DRY RUN,FEED,1,freshripe,0.76,0.81,15.7,64,0,0,0,0,91,CRUISE,,0.66,0.95,0.38,0.00,0.87,0.00,0.00,,,19.5,29,-0.362,6,8,0.017,1.000,0,0
39.71,DRY RUN,FEED,1,freshripe,0.76,0.81,15.7,64,0,0,0,-1,91,CRUISE,,0.41,0.92,0.27,0.00,0.61,0.00,0.00,,,18.3,32,-0.883,4,4,-0.057,0.874,0,-1
39.76,DRY RUN,FEED,1,freshripe,0.80,0.91,15.9,64,0,0,0,0,91,CRUISE,,0.49,0.90,0.29,0.00,0.43,0.00,0.00,,,19.5,29,-0.270,6,8,-0.023,0.945,0,0
39.81,DRY RUN,FEED,1,freshripe,0.80,0.91,15.9,63,0,0,0,-2,91,CRUISE,,2.11,1.05,0.30,0.00,0.87,0.22,0.00,,,17.9,33,0.141,6,7,-0.110,0.923,0,-2
39.87,DRY RUN,FEED,1,freshripe,0.78,0.96,15.8,63,0,0,0,2,91,AVOID_RIGHT,,3.84,1.69,0.76,0.26,1.75,0.65,0.00,,,19.3,30,2.703,0,6,0.123,0.777,0,2
39.92,DRY RUN,SCARED,1,freshripe,0.78,0.96,15.8,63,0,-60,0,1,91,AVOID_RIGHT,RIGHT,11.20,2.50,1.63,0.67,1.22,1.00,0.24,,,17.9,33,4.234,0,3,0.120,0.566,0,1
39.98,DRY RUN,SCARED,2,freshripe,0.42,0.79,15.8,63,0,-60,0,0,91,ESCAPE,RIGHT,14.88,3.01,2.06,1.00,0.87,1.00,0.67,,,18.4,32,2.998,0,2,0.188,0.428,0,0
40.03,DRY RUN,SCARED,0,,,,,63,0,-60,0,0,91,ESCAPE,RIGHT,9.58,3.26,2.28,1.00,0.61,1.00,0.92,,,18.1,33,0.259,6,8,0.130,0.651,0,0
40.10,DRY RUN,SCARED,0,,,,,63,0,-60,0,0,91,ESCAPE,RIGHT,6.57,3.38,1.82,1.00,0.43,1.00,1.00,,,15.3,43,2.151,0,5,0.148,0.547,0,0
40.15,DRY RUN,SCARED,0,,,,,63,0,-60,0,0,91,ESCAPE,RIGHT,4.49,3.82,2.46,1.00,0.44,1.00,1.00,,,17.9,33,1.859,0,2,0.218,0.418,0,0
40.21,DRY RUN,SCARED,0,,,,,63,0,-60,0,0,91,ESCAPE,RIGHT,3.46,3.56,3.99,1.00,0.31,1.00,1.00,,,18.1,33,-2.981,1,0,0.114,0.268,0,0
40.26,DRY RUN,SCARED,0,,,,,63,0,-60,0,0,91,ESCAPE,RIGHT,2.94,3.42,4.76,1.00,0.44,1.00,1.00,,,18.1,33,-1.107,2,1,-0.064,0.237,0,0
40.32,DRY RUN,SCARED,0,,,,,63,0,-60,0,0,91,ESCAPE,RIGHT,2.26,2.89,4.75,1.00,0.31,0.89,1.00,,,18.0,33,-2.103,2,0,-0.252,0.200,0,0
40.37,DRY RUN,SCARED,0,,,,,63,0,-60,0,0,91,ESCAPE,RIGHT,1.92,2.62,4.52,1.00,0.44,0.69,1.00,,,18.1,33,-1.554,2,0,-0.304,0.151,0,0
40.43,DRY RUN,SCARED,0,,,,,63,0,-60,0,0,91,ESCAPE,RIGHT,1.75,2.48,4.35,1.00,0.31,0.69,1.00,,,18.1,32,-0.645,6,5,-0.238,0.381,0,0
40.49,DRY RUN,SCARED,0,,,,,63,0,-60,0,0,91,ESCAPE,RIGHT,1.61,2.32,3.00,1.00,0.21,0.65,0.99,,,18.1,33,-0.451,6,5,-0.215,0.610,0,0
40.54,DRY RUN,SCARED,0,,,,,63,0,-60,0,0,91,ESCAPE,RIGHT,1.18,1.42,2.19,1.00,0.15,0.24,0.62,,,18.1,32,-0.938,5,5,-0.194,0.663,0,0
40.59,DRY RUN,SCARED,0,,,,,63,0,-60,0,0,91,ESCAPE,RIGHT,0.85,0.98,1.79,1.00,0.10,0.04,0.44,,,18.4,32,-1.493,1,0,-0.212,0.435,0,0
40.65,DRY RUN,WAIT,0,,,,,63,0,-39,0,0,91,ESCAPE,RIGHT,0.69,2.60,2.00,1.00,0.44,0.68,0.68,,,18.2,32,-3.690,2,0,-0.260,0.311,0,0
40.71,DRY RUN,WAIT,0,,,,,63,0,-25,0,0,91,ESCAPE,RIGHT,1.18,4.18,2.26,1.00,0.31,1.00,1.00,,,17.8,33,-2.330,1,0,-0.357,0.223,0,0
40.76,DRY RUN,WAIT,0,,,,,63,0,-16,0,0,91,ESCAPE,RIGHT,1.76,4.20,2.38,1.00,1.75,0.83,0.83,,,17.9,33,-1.950,0,0,-0.329,0.154,0,0
40.82,DRY RUN,WAIT,1,freshripe,0.65,0.96,11.9,63,0,-10,0,0,91,ESCAPE,RIGHT,4.08,3.33,1.83,1.00,1.22,1.00,0.66,,,18.9,31,-3.539,2,0,-0.369,0.153,0,0
40.87,DRY RUN,WAIT,1,freshripe,0.65,0.96,11.9,63,0,-6,0,0,91,ESCAPE,RIGHT,5.25,2.90,1.56,1.00,1.31,1.00,0.40,,,18.0,34,1.921,0,3,-0.094,0.158,0,0
40.92,DRY RUN,WAIT,1,freshripe,0.76,0.97,14.2,63,0,-4,0,0,91,ESCAPE,RIGHT,5.01,2.74,1.45,1.00,0.92,1.00,0.51,,,19.1,30,4.455,0,3,0.173,0.203,0,0
40.98,DRY RUN,WAIT,1,freshripe,0.76,0.97,14.2,63,0,-2,0,0,91,ESCAPE,RIGHT,3.79,2.72,1.40,1.00,0.64,1.00,0.64,,,17.7,34,-0.098,5,8,0.047,0.534,0,0
41.03,DRY RUN,WAIT,1,freshripe,0.75,0.96,12.8,63,0,-1,0,0,91,ESCAPE,RIGHT,3.12,2.71,1.37,1.00,0.45,0.94,0.73,,,19.0,30,-0.397,6,7,0.034,0.749,0,0
41.09,DRY RUN,WAIT,1,freshripe,0.75,0.96,12.8,63,0,-1,0,0,91,ESCAPE,RIGHT,1.97,1.99,1.01,1.00,1.31,0.00,0.00,,,18.1,32,2.112,0,5,0.185,0.631,0,0
41.14,DRY RUN,WAIT,1,freshripe,0.69,0.97,13.8,63,0,0,0,1,91,ESCAPE,RIGHT,1.39,1.08,0.51,0.83,0.92,0.00,0.00,,,19.1,30,0.255,6,8,0.251,0.751,0,1
41.19,DRY RUN,WAIT,1,freshripe,0.69,0.97,13.8,63,0,0,0,-1,91,ESCAPE,RIGHT,0.93,0.62,0.26,0.47,0.64,0.00,0.00,,,18.5,32,-1.984,2,0,-0.076,0.532,0,-1
41.24,DRY RUN,WAIT,1,freshripe,0.83,0.75,14.2,63,0,0,0,0,91,ESCAPE,,0.68,0.39,0.19,0.26,0.45,0.00,0.00,,,19.9,29,1.188,1,5,-0.006,0.428,0,0
41.30,DRY RUN,WAIT,1,freshripe,0.83,0.75,14.2,63,0,0,0,1,91,ESCAPE,,0.45,0.28,0.16,0.15,0.44,0.00,0.00,,,18.4,32,-0.469,4,5,0.035,0.570,0,1
41.35,DRY RUN,WAIT,1,freshripe,0.76,0.96,14.3,63,0,0,0,1,91,ESCAPE,,0.32,0.30,0.10,0.08,0.31,0.00,0.00,,,19.4,29,0.513,6,7,0.030,0.769,0,1
41.40,DRY RUN,WAIT,1,freshripe,0.76,0.96,14.3,63,0,0,0,-3,91,ESCAPE,,0.16,0.33,0.07,0.05,0.21,0.00,0.00,,,18.2,32,-1.534,2,0,-0.156,0.514,0,-3
41.46,DRY RUN,WAIT,1,freshripe,0.75,0.82,14.7,63,0,0,0,-3,91,ESCAPE,,0.08,0.34,0.18,0.03,0.44,0.00,0.00,,,19.7,29,-3.052,1,0,-0.166,0.308,0,-3
41.51,DRY RUN,WAIT,1,freshripe,0.75,0.82,14.7,63,0,0,0,-3,91,ESCAPE,,0.22,0.34,0.29,0.01,0.31,0.00,0.00,,,18.4,32,0.190,5,8,-0.134,0.464,0,-3
41.56,DRY RUN,FEED,1,freshripe,0.77,0.97,14.1,63,0,0,0,0,91,ESCAPE,,0.33,0.26,0.34,0.01,0.44,0.00,0.00,,,19.7,29,2.232,1,4,-0.017,0.500,0,0
41.61,DRY RUN,FEED,1,freshripe,0.77,0.97,14.1,63,0,0,0,3,91,CRUISE,,0.38,0.20,0.35,0.00,0.31,0.00,0.00,,,18.4,32,0.743,2,6,0.128,0.548,0,3
41.67,DRY RUN,FEED,1,freshripe,0.77,0.93,13.0,62,0,0,0,2,91,CRUISE,,0.41,0.18,0.35,0.00,0.21,0.00,0.00,,,19.8,28,-0.424,5,8,0.090,0.657,0,2
41.72,DRY RUN,FEED,1,freshripe,0.77,0.93,13.0,62,0,0,0,2,91,CRUISE,,0.32,0.16,0.35,0.00,0.15,0.00,0.00,,,18.2,32,0.026,6,8,0.107,0.823,0,2
41.77,DRY RUN,FEED,1,freshripe,0.79,0.99,12.8,62,0,0,0,3,91,CRUISE,,0.27,0.13,0.23,0.00,0.10,0.00,0.00,,,19.6,29,0.242,6,8,0.137,0.916,0,3
41.83,DRY RUN,FEED,1,freshripe,0.79,0.99,12.8,61,0,0,0,1,91,CRUISE,,0.25,0.10,0.11,0.00,0.07,0.00,0.00,,,18.3,32,0.119,6,8,0.069,0.926,0,1
41.88,DRY RUN,FEED,1,freshripe,0.78,0.82,13.1,61,0,0,0,0,91,CRUISE,,0.25,0.08,0.06,0.00,0.44,0.00,0.00,,,19.5,29,0.411,6,7,0.009,0.926,0,0
41.93,DRY RUN,FEED,1,freshripe,0.78,0.82,13.1,61,0,0,0,3,91,CRUISE,,0.24,0.10,0.03,0.00,0.31,0.00,0.00,,,18.3,32,1.510,0,4,0.128,0.726,0,3
41.98,DRY RUN,FEED,1,freshripe,0.75,0.98,12.9,60,0,0,0,2,91,CRUISE,,0.33,0.17,0.28,0.00,0.44,0.00,0.00,,,19.7,29,-0.330,5,7,0.106,0.824,0,2
42.04,DRY RUN,FEED,1,freshripe,0.75,0.98,12.9,60,0,0,0,2,91,CRUISE,,0.49,0.21,0.48,0.00,0.31,0.00,0.00,,,18.1,32,-0.631,5,7,0.086,0.878,0,2
42.09,DRY RUN,FEED,1,freshripe,0.69,0.98,12.5,60,0,0,0,0,91,CRUISE,,0.59,0.35,0.79,0.00,0.44,0.00,0.00,,,19.5,29,0.253,6,6,-0.011,0.909,0,0
42.14,DRY RUN,FEED,1,freshripe,0.69,0.98,12.5,59,0,0,0,1,91,CRUISE,,0.64,0.35,0.82,0.00,0.31,0.00,0.00,,,18.2,32,-0.029,6,7,0.071,0.946,0,1
42.19,DRY RUN,FEED,1,freshripe,0.73,0.96,12.6,59,0,0,0,1,91,CRUISE,,0.67,0.35,0.83,0.00,0.21,0.00,0.00,,,19.6,29,0.314,6,8,0.067,0.956,0,1
42.25,DRY RUN,FEED,1,freshripe,0.73,0.96,12.6,59,0,0,0,2,91,CRUISE,,0.44,0.22,0.45,0.00,0.15,0.00,0.00,,,18.4,32,-0.061,5,8,0.096,0.958,0,2
42.30,DRY RUN,FEED,1,freshripe,0.75,0.93,13.9,58,0,0,0,3,91,CRUISE,,0.30,0.12,0.25,0.00,0.10,0.00,0.00,,,19.7,29,-0.154,5,7,0.154,0.968,0,3
42.35,DRY RUN,FEED,1,freshripe,0.75,0.93,13.9,58,0,0,0,0,91,CRUISE,,0.23,0.07,0.16,0.00,0.07,0.00,0.00,,,18.2,32,0.073,6,6,-0.022,0.974,0,0
42.41,DRY RUN,FEED,1,freshripe,0.74,0.98,14.1,58,0,0,0,-3,91,CRUISE,,0.27,0.20,0.20,0.00,0.44,0.00,0.00,,,19.4,29,-1.211,2,0,-0.136,0.701,0,-3
42.46,DRY RUN,FEED,1,freshripe,0.74,0.98,14.1,58,0,0,0,-2,91,CRUISE,,0.35,0.27,0.28,0.00,0.31,0.00,0.00,,,18.5,32,0.196,6,8,-0.124,0.804,0,-2
42.52,DRY RUN,FEED,1,freshripe,0.81,0.98,13.0,57,0,0,0,0,91,CRUISE,,0.40,0.31,0.33,0.00,0.21,0.00,0.00,,,17.3,36,0.521,2,5,-0.008,0.786,0,0
42.57,DRY RUN,FEED,1,freshripe,0.81,0.98,13.0,57,0,0,0,2,91,CRUISE,,0.42,0.36,0.28,0.00,0.15,0.00,0.00,,,18.0,32,0.026,6,8,0.119,0.896,0,2
42.63,DRY RUN,FEED,1,freshripe,0.75,0.92,12.5,57,0,0,0,3,91,CRUISE,,0.46,0.35,0.26,0.00,0.44,0.00,0.00,,,19.3,30,0.377,6,7,0.138,0.952,0,3
42.68,DRY RUN,FEED,1,freshripe,0.75,0.92,12.5,56,0,0,0,-1,91,CRUISE,,0.64,0.35,0.47,0.00,0.31,0.00,0.00,,,18.3,32,0.026,6,7,-0.066,0.955,0,-1
42.73,DRY RUN,FEED,1,freshripe,0.69,0.94,12.7,56,0,0,0,0,91,CRUISE,,0.74,0.31,0.58,0.00,0.21,0.00,0.00,,,19.4,29,0.367,6,8,0.000,1.000,0,0
42.80,DRY RUN,FEED,1,freshripe,0.69,0.94,12.7,55,0,0,0,-4,91,CRUISE,,0.64,0.30,0.61,0.00,0.87,0.00,0.00,,,15.4,32,-0.591,6,5,-0.187,0.933,0,-4
42.85,DRY RUN,FEED,1,freshripe,0.75,0.96,13.8,55,0,0,0,0,91,CRUISE,,0.59,0.57,0.62,0.00,0.61,0.00,0.00,,,19.5,29,-0.181,5,7,-0.019,0.954,0,0
42.90,DRY RUN,FEED,1,freshripe,0.75,0.96,13.8,55,0,0,0,4,91,CRUISE,,0.62,0.88,0.63,0.00,0.87,0.00,0.00,,,18.2,32,0.830,4,8,0.211,0.937,0,4
42.95,DRY RUN,FEED,1,freshripe,0.70,0.97,12.8,55,0,0,0,-1,91,CRUISE,,1.51,1.58,1.11,0.00,0.61,0.08,0.08,,,19.5,29,-0.075,6,6,-0.045,0.928,0,-1
43.01,DRY RUN,FEED,1,freshripe,0.70,0.97,12.8,54,0,0,0,-1,91,CRUISE,,1.95,1.93,1.35,0.15,0.44,0.36,0.35,,,18.0,33,-0.505,6,5,-0.067,0.889,0,-1
43.06,DRY RUN,FEED,1,freshripe,0.78,0.99,13.8,54,0,0,2,0,91,AVOID_RIGHT,,1.27,1.42,1.28,0.23,0.31,0.16,0.16,,,19.4,30,-0.297,6,7,0.016,0.934,0,0
43.12,DRY RUN,FEED,1,freshripe,0.78,0.99,13.8,54,0,0,4,0,91,AVOID_RIGHT,,0.75,0.83,1.06,0.13,0.21,0.00,0.02,,,18.1,33,0.302,6,7,-0.016,0.974,0,0
43.17,DRY RUN,FEED,1,freshripe,0.78,0.94,13.0,53,0,0,5,-2,91,AVOID_RIGHT,,0.48,0.54,0.94,0.07,0.44,0.00,0.00,,,19.7,29,0.318,6,7,-0.086,0.982,0,-2
43.22,DRY RUN,FEED,1,freshripe,0.78,0.94,13.0,53,0,0,6,-2,91,CRUISE,,1.18,1.53,1.23,0.18,0.31,0.21,0.21,,,18.1,33,-0.510,6,5,-0.152,0.948,0,-2
43.27,DRY RUN,FEED,1,freshripe,0.79,0.91,13.0,53,0,0,7,-1,91,AVOID_RIGHT,,1.52,2.02,1.37,0.13,0.87,0.17,0.17,,,19.6,29,-0.430,6,7,-0.079,0.953,0,-1
43.33,DRY RUN,FEED,1,freshripe,0.79,0.91,13.0,52,0,0,8,-3,91,AVOID_RIGHT,,1.06,1.23,0.88,0.08,0.61,0.00,0.00,,,18.3,32,-1.636,1,0,-0.155,0.613,0,-3
43.38,DRY RUN,FEED,1,freshripe,0.67,0.96,15.5,52,0,0,8,-4,91,AVOID_RIGHT,,0.83,0.80,0.61,0.04,0.87,0.00,0.00,,,19.7,29,-0.920,5,5,-0.193,0.578,0,-4
43.43,DRY RUN,FEED,1,freshripe,0.67,0.96,15.5,52,0,0,8,-5,91,OPTOMOTOR,,0.71,0.62,0.49,0.02,0.61,0.00,0.00,,,18.3,32,-1.291,2,1,-0.233,0.440,0,-5
43.48,DRY RUN,FEED,1,freshripe,0.79,0.93,14.7,51,0,0,8,-5,91,OPTOMOTOR,,0.67,0.53,0.39,0.01,0.44,0.00,0.00,,,19.7,29,-0.693,5,4,-0.251,0.562,0,-5
43.54,DRY RUN,FEED,1,freshripe,0.79,0.93,14.7,51,0,0,8,-2,91,CRUISE,,0.50,0.51,0.35,0.01,0.31,0.00,0.00,,,18.4,32,0.820,3,7,-0.086,0.650,0,-2
43.59,DRY RUN,FEED,1,freshripe,0.64,0.92,15.6,51,0,0,5,-1,91,CRUISE,,0.69,0.50,0.27,0.00,0.44,0.00,0.00,,,19.7,28,1.001,0,8,0.115,0.633,0,2
43.64,DRY RUN,FEED,1,freshripe,0.64,0.92,15.6,50,0,0,3,-2,91,CRUISE,,0.65,0.50,0.23,0.00,0.31,0.00,0.00,,,18.4,32,0.863,4,7,0.152,0.738,0,3
43.69,DRY RUN,FEED,1,freshripe,0.78,0.90,14.7,50,0,0,2,-6,91,CRUISE,,0.62,0.56,0.24,0.00,0.44,0.00,0.00,,,19.7,29,-0.765,3,5,0.064,0.725,0,1
43.75,DRY RUN,FEED,1,freshripe,0.78,0.90,14.7,50,0,0,1,-7,91,CRUISE,,0.44,0.67,0.35,0.00,0.31,0.00,0.00,,,18.3,32,-0.372,6,8,0.045,0.847,0,1
43.80,DRY RUN,FEED,1,freshripe,0.74,0.97,14.8,49,0,0,0,-10,91,CRUISE,,0.32,0.96,0.41,0.00,0.87,0.00,0.00,,,19.8,29,-0.488,5,6,-0.050,0.829,0,-1
43.85,DRY RUN,FEED,1,freshripe,0.74,0.97,14.8,49,0,0,0,-12,91,CRUISE,,0.16,1.21,0.76,0.00,0.61,0.00,0.00,,,18.2,32,-0.635,4,5,-0.128,0.738,0,-3
43.91,DRY RUN,FEED,2,freshripe,0.84,0.90,15.9,49,0,0,0,-12,91,CRUISE,,0.08,1.34,0.94,0.00,0.43,0.05,0.05,,,18.8,31,-0.322,6,7,-0.105,0.850,0,-2
43.96,DRY RUN,FEED,2,freshripe,0.84,0.90,15.9,48,0,0,0,-12,91,CRUISE,,0.20,1.05,0.64,0.00,0.44,0.00,0.00,,,18.5,32,-0.309,6,6,-0.121,0.907,0,-2
44.02,DRY RUN,FEED,2,freshripe,0.84,0.90,15.9,48,0,0,0,-9,91,CRUISE,,0.27,0.90,0.50,0.00,0.31,0.00,0.00,,,18.8,31,-0.107,5,8,0.028,0.944,0,1
44.07,DRY RUN,FEED,2,freshripe,0.78,0.97,15.5,48,0,0,0,-7,91,CRUISE,,0.28,0.91,0.43,0.00,0.44,0.00,0.00,,,19.7,29,0.020,5,8,0.137,0.965,0,3
44.12,DRY RUN,FEED,2,freshripe,0.78,0.97,15.5,48,0,0,0,-16,91,CRUISE,,0.28,0.94,0.45,0.00,0.31,0.00,0.00,,,18.3,32,-1.257,2,0,-0.244,0.667,0,-5
44.17,DRY RUN,FEED,2,freshripe,0.79,0.97,16.1,47,0,0,0,-16,91,OPTOMOTOR,,0.35,0.95,0.57,0.00,0.21,0.00,0.00,,,18.8,31,-0.206,6,5,-0.252,0.771,0,-5
44.23,DRY RUN,FEED,2,freshripe,0.79,0.97,16.1,47,0,0,0,-15,91,CRUISE,,0.38,0.79,0.52,0.00,0.15,0.00,0.00,,,18.2,32,-0.466,6,7,-0.197,0.882,0,-4
44.28,DRY RUN,FEED,2,freshripe,0.85,0.98,17.4,47,0,0,0,-13,91,CRUISE,,0.44,0.62,0.64,0.00,0.44,0.00,0.00,,,19.0,30,-0.300,5,7,-0.054,0.926,0,-1
44.34,DRY RUN,FEED,2,freshripe,0.85,0.98,17.4,46,0,0,0,-13,91,CRUISE,,0.49,0.53,0.75,0.00,0.31,0.00,0.00,,,18.1,33,0.161,5,5,-0.035,0.926,0,-1
44.39,DRY RUN,FEED,2,freshripe,0.87,0.88,17.6,46,0,0,0,-13,91,CRUISE,,0.57,0.60,0.80,0.00,0.21,0.00,0.00,,,19.1,30,0.102,6,8,-0.026,0.974,0,-1
44.44,DRY RUN,FEED,2,freshripe,0.87,0.88,17.6,46,0,0,0,-17,91,CRUISE,,0.56,0.63,0.76,0.00,0.15,0.00,0.00,,,18.5,32,-0.296,6,5,-0.233,0.944,0,-5
44.50,DRY RUN,FEED,2,freshripe,0.82,0.87,17.8,45,0,0,0,-14,91,CRUISE,,0.47,0.53,0.60,0.00,0.10,0.00,0.00,,,18.6,32,-0.327,6,7,-0.124,0.979,0,-2
44.55,DRY RUN,FEED,2,freshripe,0.82,0.87,17.8,45,0,0,0,-13,91,CRUISE,,0.42,0.49,0.48,0.00,0.07,0.00,0.00,,,17.4,35,0.636,5,7,-0.030,0.937,0,-1
44.61,DRY RUN,FEED,2,freshripe,0.78,0.89,17.6,45,0,0,0,-7,91,CRUISE,,0.45,0.61,0.46,0.00,0.44,0.00,0.00,,,19.0,30,1.598,0,7,0.319,0.775,0,6
44.66,DRY RUN,FEED,2,freshripe,0.78,0.89,17.6,44,0,0,0,-6,91,OPTOMOTOR,,0.46,0.67,0.51,0.00,0.31,0.00,0.00,,,18.2,32,0.038,6,8,0.333,0.861,0,7
44.72,DRY RUN,FEED,2,freshripe,0.84,0.97,17.0,44,0,0,0,-7,91,OPTOMOTOR,,0.46,0.65,0.54,0.00,0.21,0.00,0.00,,,19.1,30,0.349,6,8,0.288,0.937,0,6
44.77,DRY RUN,FEED,2,freshripe,0.84,0.97,17.0,44,0,0,0,-9,91,OPTOMOTOR,,0.44,0.56,0.45,0.00,0.15,0.00,0.00,,,18.2,32,0.118,6,8,0.214,0.995,0,4
44.82,DRY RUN,FEED,2,freshripe,0.86,0.97,18.2,43,0,0,0,-9,91,CRUISE,,0.43,0.51,0.41,0.00,0.44,0.00,0.00,,,18.8,31,0.113,5,8,0.206,0.994,0,4
44.88,DRY RUN,FEED,2,freshripe,0.86,0.97,18.2,43,0,0,0,-10,91,CRUISE,,0.51,1.06,0.68,0.00,0.87,0.00,0.00,,,18.6,32,-0.497,5,7,0.102,0.945,0,2
44.93,DRY RUN,FEED,2,freshripe,0.81,0.98,18.9,43,0,0,0,-15,91,CRUISE,,0.69,1.80,1.13,0.00,0.61,0.19,0.19,,,19.1,30,-1.987,2,0,-0.155,0.627,0,-3
44.99,DRY RUN,SCARED,2,freshripe,0.81,0.98,18.9,43,0,-60,0,-1,91,CRUISE,RIGHT,1.90,2.77,1.78,0.78,0.44,0.77,0.77,,,17.9,33,-0.337,6,7,-0.159,0.715,0,-1
45.04,DRY RUN,SCARED,2,freshripe,0.84,0.89,19.9,43,0,-60,0,0,91,ESCAPE,RIGHT,2.51,3.25,2.10,1.00,0.31,1.00,1.00,,,18.5,32,1.039,3,6,0.033,0.689,0,0
45.10,DRY RUN,SCARED,2,freshripe,0.84,0.89,19.9,43,0,-60,0,0,91,ESCAPE,RIGHT,1.94,3.24,1.89,1.00,0.44,1.00,1.00,,,17.9,33,2.640,0,5,0.099,0.597,0,0
45.16,DRY RUN,SCARED,2,freshripe,0.92,0.95,19.7,43,0,-60,0,0,91,ESCAPE,RIGHT,1.61,2.89,1.55,1.00,0.31,0.89,0.89,,,15.5,42,0.330,6,8,0.146,0.761,0,0
45.22,DRY RUN,SCARED,2,freshripe,0.92,0.95,19.7,43,0,-60,0,0,91,ESCAPE,RIGHT,1.44,2.71,1.39,1.00,0.21,0.85,0.85,,,17.6,34,-0.435,5,6,0.099,0.838,0,0
45.27,DRY RUN,SCARED,2,freshripe,0.92,0.95,19.7,43,0,-60,0,0,91,ESCAPE,RIGHT,1.23,2.22,1.08,1.00,0.15,0.63,0.63,,,18.5,32,2.732,0,4,0.113,0.634,0,0
45.32,DRY RUN,SCARED,2,freshripe,0.88,0.98,20.7,43,0,-60,0,0,91,ESCAPE,RIGHT,0.96,1.72,0.91,1.00,0.10,0.41,0.41,,,19.3,30,-0.474,5,5,0.082,0.676,0,0
45.38,DRY RUN,SCARED,2,freshripe,0.88,0.98,20.7,43,0,-60,0,0,91,ESCAPE,RIGHT,0.82,1.72,0.82,1.00,0.07,0.42,0.42,,,18.0,33,-0.421,6,7,-0.023,0.786,0,0
45.43,DRY RUN,SCARED,2,freshripe,0.87,1.00,21.4,43,0,-60,0,0,91,ESCAPE,RIGHT,1.16,1.80,0.77,1.00,0.87,0.06,0.06,,,18.9,30,1.960,0,7,0.187,0.661,0,0
45.49,DRY RUN,SCARED,2,freshripe,0.87,1.00,21.4,43,0,-60,0,2,91,ESCAPE,RIGHT,1.39,1.86,0.99,0.60,0.61,0.22,0.22,,,18.3,32,0.619,5,7,0.264,0.701,0,2
45.54,DRY RUN,SCARED,2,freshripe,0.91,0.99,21.8,43,0,-60,0,0,91,ESCAPE,RIGHT,1.51,1.88,1.10,0.60,0.43,0.33,0.33,,,18.9,31,0.076,6,6,0.062,0.767,0,0
45.59,DRY RUN,SCARED,2,freshripe,0.91,0.99,21.8,43,0,-60,0,1,91,ESCAPE,RIGHT,1.16,1.32,1.02,0.45,0.44,0.04,0.04,,,18.3,32,-0.013,6,8,0.079,0.884,0,1
45.65,DRY RUN,SCARED,2,freshripe,0.92,0.99,22.3,43,0,-60,0,-2,91,ESCAPE,,0.88,1.00,0.96,0.25,0.31,0.00,0.00,,,19.0,30,-1.234,2,1,-0.118,0.698,0,-2
45.70,DRY RUN,WAIT,2,freshripe,0.92,0.99,22.3,43,0,-39,0,-1,91,ESCAPE,,0.73,0.79,0.92,0.14,0.21,0.00,0.00,,,18.4,32,-0.529,5,8,-0.078,0.784,0,-1
45.75,DRY RUN,WAIT,2,freshripe,0.92,0.99,23.0,43,0,-25,0,1,91,ESCAPE,,0.66,0.62,0.83,0.08,0.15,0.00,0.00,,,18.9,31,0.084,5,8,0.031,0.875,0,1
45.81,DRY RUN,WAIT,2,freshripe,0.92,0.99,23.0,43,0,-16,0,0,91,ESCAPE,,0.62,0.54,0.79,0.04,0.44,0.00,0.00,,,18.3,32,-0.360,6,7,0.014,0.926,0,0
45.86,DRY RUN,WAIT,2,freshripe,0.92,0.99,23.4,43,0,-10,0,4,91,ESCAPE,,0.62,0.72,0.80,0.03,0.31,0.00,0.00,,,19.0,30,1.419,0,5,0.217,0.760,0,4
45.92,DRY RUN,WAIT,2,freshripe,0.92,0.99,23.4,43,0,-6,0,6,91,ESCAPE,,0.62,0.82,0.81,0.01,0.44,0.00,0.00,,,18.4,32,0.981,2,7,0.282,0.671,0,6
45.97,DRY RUN,WAIT,2,freshripe,0.92,0.99,23.4,43,0,-4,0,3,91,ESCAPE,,0.58,0.60,0.82,0.01,0.31,0.00,0.00,,,19.1,30,-0.992,3,4,0.140,0.597,0,3
46.02,DRY RUN,FEED,2,freshripe,0.90,0.99,22.6,43,0,-2,0,-3,91,ESCAPE,,0.56,0.49,1.09,0.00,0.87,0.00,0.00,,,19.6,29,-0.657,6,8,0.066,0.760,0,1
46.07,DRY RUN,FEED,2,freshripe,0.90,0.99,22.6,42,0,-1,0,-6,91,ESCAPE,,1.21,1.15,1.23,0.00,0.61,0.00,0.00,,,18.3,32,0.409,6,7,0.053,0.847,0,1
46.13,DRY RUN,FEED,2,freshripe,0.90,0.99,22.6,42,0,-1,0,-9,91,ESCAPE,,1.53,1.48,1.41,0.00,0.87,0.00,0.00,,,19.2,31,0.024,6,7,0.009,0.882,0,0
46.18,DRY RUN,FEED,2,freshripe,0.87,0.97,22.7,42,0,0,0,-12,91,ESCAPE,,1.46,1.55,2.48,0.26,0.61,0.07,0.53,,,19.2,30,0.130,5,5,-0.145,0.845,0,-2
46.23,DRY RUN,SCARED,2,freshripe,0.87,0.97,22.7,42,0,-60,0,1,91,ESCAPE,LEFT,1.18,1.19,3.01,0.67,0.43,0.00,0.89,,,17.9,33,1.517,0,7,0.171,0.752,0,1
46.29,DRY RUN,SCARED,2,freshripe,0.89,0.98,21.5,42,0,-60,0,2,91,ESCAPE,LEFT,0.97,0.63,1.93,0.65,0.44,0.00,0.35,,,18.8,31,1.337,0,6,0.256,0.609,0,2
46.34,DRY RUN,SCARED,2,freshripe,0.89,0.98,21.5,42,0,-60,0,3,91,ESCAPE,LEFT,0.65,0.32,1.39,0.48,0.31,0.00,0.14,,,18.2,32,1.077,2,7,0.303,0.629,0,3
46.39,DRY RUN,SCARED,2,freshripe,0.88,0.97,20.3,42,0,-60,0,5,91,ESCAPE,,0.48,0.16,1.13,0.27,0.44,0.00,0.00,,,19.0,30,0.003,5,8,0.347,0.802,0,5
46.45,DRY RUN,SCARED,2,freshripe,0.88,0.97,20.3,42,0,-60,0,6,91,ESCAPE,,0.40,0.10,0.95,0.15,0.31,0.00,0.00,,,18.0,33,-0.094,6,9,0.333,0.895,0,6
46.50,DRY RUN,SCARED,2,freshripe,0.86,0.99,20.7,42,0,-60,0,5,91,ESCAPE,,0.62,0.37,0.87,0.08,1.75,0.00,0.00,,,19.0,30,2.347,0,4,0.251,0.666,0,5
46.56,DRY RUN,SCARED,0,,,,,42,0,-60,0,6,91,ESCAPE,,1.28,1.02,1.21,0.05,1.22,0.00,0.00,,,18.6,31,3.186,0,4,0.327,0.551,0,6
46.61,DRY RUN,SCARED,0,,,,,42,0,-60,0,3,91,ESCAPE,,1.61,1.40,1.38,0.03,0.87,0.00,0.00,,,18.7,31,-0.376,6,5,0.171,0.634,0,3
46.66,DRY RUN,SCARED,0,,,,,42,0,-60,0,5,91,OPTOMOTOR,,1.77,1.59,1.47,0.02,1.31,0.00,0.00,,,18.7,31,0.708,3,7,0.268,0.719,0,5
46.72,DRY RUN,SCARED,0,,,,,42,0,-60,0,1,91,OPTOMOTOR,,2.61,2.87,1.97,0.56,0.92,0.58,0.58,,,18.4,32,-0.126,5,5,0.132,0.796,0,1
46.77,DRY RUN,SCARED,0,,,,,42,0,-60,0,0,91,AVOID_RIGHT,RIGHT,3.71,3.51,2.22,0.99,1.31,0.80,0.70,,,17.9,33,-0.267,5,6,0.086,0.858,0,0
46.83,DRY RUN,SCARED,0,,,,,42,0,-60,0,0,91,AVOID_RIGHT,RIGHT,4.48,3.43,2.40,1.00,0.92,1.00,0.86,,,18.0,33,2.352,0,6,0.221,0.755,0,0
46.89,DRY RUN,SCARED,0,,,,,42,0,-60,0,0,91,AVOID_RIGHT,RIGHT,4.65,3.23,2.01,1.00,0.87,1.00,0.78,,,17.7,34,1.801,0,6,0.186,0.568,0,0
46.94,DRY RUN,WAIT,1,freshripe,0.83,0.79,16.8,42,0,-39,0,0,91,AVOID_RIGHT,RIGHT,3.23,2.13,1.35,1.00,0.61,0.91,0.36,,,19.1,30,0.989,3,6,0.175,0.577,0,0
46.99,DRY RUN,WAIT,1,freshripe,0.83,0.79,16.8,42,0,-25,0,0,91,AVOID_RIGHT,RIGHT,2.52,1.58,1.00,1.00,0.44,0.64,0.17,,,17.8,33,0.865,6,6,0.157,0.668,0,0
47.05,DRY RUN,WAIT,1,freshripe,0.77,0.88,16.4,42,0,-16,0,0,91,AVOID_RIGHT,RIGHT,2.21,1.92,0.79,1.00,0.31,0.55,0.41,,,19.2,30,-0.772,2,3,0.051,0.586,0,0
47.10,DRY RUN,WAIT,1,freshripe,0.77,0.88,16.4,42,0,-10,0,0,91,AVOID_RIGHT,RIGHT,2.05,2.08,0.68,1.00,0.44,0.42,0.42,,,17.9,33,-0.090,6,7,-0.024,0.721,0,0
47.15,DRY RUN,WAIT,1,freshripe,0.74,0.84,16.5,42,0,-6,0,0,91,AVOID_RIGHT,RIGHT,1.37,1.60,0.62,1.00,0.31,0.25,0.25,,,19.3,30,0.605,4,7,-0.015,0.758,0,0
47.21,DRY RUN,WAIT,1,freshripe,0.74,0.84,16.5,42,0,-4,0,1,91,AVOID_RIGHT,RIGHT,1.03,1.27,0.56,0.70,0.21,0.13,0.13,,,17.9,33,-0.097,5,8,0.111,0.875,0,1
47.26,DRY RUN,WAIT,1,freshripe,0.87,0.85,16.0,42,0,-2,0,3,91,AVOID_RIGHT,RIGHT,0.86,1.05,0.44,0.40,0.15,0.05,0.05,,,19.5,29,0.377,5,8,0.250,0.941,0,3
47.32,DRY RUN,WAIT,1,freshripe,0.87,0.85,16.0,42,0,-1,0,3,91,AVOID_RIGHT,,0.65,0.83,0.38,0.22,0.10,0.00,0.00,,,18.2,32,0.395,6,8,0.196,0.954,0,3
47.37,DRY RUN,WAIT,1,freshripe,0.81,0.81,16.2,42,0,-1,0,0,91,CRUISE,,0.50,0.71,0.35,0.12,0.07,0.00,0.00,,,19.4,29,-0.606,5,5,-0.018,0.885,0,0
47.42,DRY RUN,WAIT,1,freshripe,0.81,0.81,16.2,42,0,0,0,0,91,CRUISE,,0.42,0.64,0.33,0.07,0.44,0.00,0.00,,,18.1,32,0.031,6,8,0.019,0.951,0,0
47.47,DRY RUN,WAIT,1,freshripe,0.81,0.72,16.0,42,0,0,0,2,91,CRUISE,,0.36,0.69,0.34,0.04,0.31,0.00,0.00,,,19.4,29,0.025,6,9,0.129,0.993,0,2
47.53,DRY RUN,WAIT,1,freshripe,0.81,0.72,16.0,42,0,0,0,1,91,OPTOMOTOR,,0.33,0.71,0.44,0.02,0.21,0.00,0.00,,,18.2,32,-0.740,3,3,0.029,0.788,0,1
47.58,DRY RUN,WAIT,1,freshripe,0.81,0.81,16.1,42,0,0,0,0,91,CRUISE,,0.31,0.72,0.50,0.01,1.31,0.00,0.00,,,19.6,29,-0.828,3,4,-0.016,0.720,0,0
47.63,DRY RUN,APPROACH,1,freshripe,0.81,0.81,16.1,42,0,12,0,-4,91,CRUISE,,0.77,0.80,0.88,0.01,0.92,0.00,0.00,,,18.2,32,-2.193,2,0,-0.179,0.472,0,-4
47.69,DRY RUN,APPROACH,1,freshripe,0.77,0.92,15.6,42,0,20,0,-5,91,CRUISE,,1.00,0.84,1.06,0.00,0.64,0.00,0.00,,,19.8,28,0.560,6,5,-0.226,0.518,0,-5
47.74,DRY RUN,APPROACH,1,freshripe,0.77,0.92,15.6,42,0,25,0,-3,91,CRUISE,,0.84,0.53,1.00,0.00,0.45,0.00,0.00,,,18.1,32,-0.305,6,7,-0.148,0.726,0,-3
47.79,DRY RUN,APPROACH,1,freshripe,0.81,0.93,16.4,42,0,28,0,-2,91,CRUISE,,0.56,0.34,0.74,0.00,0.31,0.00,0.00,,,19.5,29,0.020,6,8,-0.112,0.847,0,-2
47.85,DRY RUN,APPROACH,1,freshripe,0.81,0.93,16.4,42,0,30,0,0,91,CRUISE,,0.37,0.20,0.46,0.00,0.22,0.00,0.00,,,18.3,32,0.070,5,7,-0.001,0.906,0,0
47.90,DRY RUN,APPROACH,1,freshripe,0.83,0.96,16.0,42,0,32,0,-2,91,CRUISE,,0.27,0.13,0.33,0.00,0.15,0.00,0.00,,,19.7,29,-0.056,6,6,-0.088,0.939,0,-2
47.95,DRY RUN,APPROACH,1,freshripe,0.83,0.96,16.0,42,0,33,0,-1,91,CRUISE,,0.33,0.11,0.26,0.00,0.11,0.00,0.00,,,18.3,32,-0.121,6,8,-0.054,0.981,0,-1
48.02,DRY RUN,APPROACH,1,freshripe,0.85,0.94,16.1,42,0,33,0,1,91,CRUISE,,0.36,0.17,0.34,0.00,0.08,0.00,0.00,,,14.8,46,0.731,6,8,0.059,0.991,0,1
48.08,DRY RUN,APPROACH,1,freshripe,0.85,0.94,16.1,42,0,34,0,-1,91,CRUISE,,0.36,0.22,0.38,0.00,0.05,0.00,0.00,,,17.9,33,-0.933,3,5,-0.062,0.810,0,-1
48.13,DRY RUN,APPROACH,1,freshripe,0.84,0.92,16.8,42,0,34,0,0,91,CRUISE,,0.36,0.24,0.40,0.00,0.04,0.00,0.00,,,19.6,29,-0.035,6,7,-0.019,0.876,0,0
48.18,DRY RUN,APPROACH,1,freshripe,0.84,0.92,16.8,42,0,34,0,-1,91,CRUISE,,0.49,0.38,0.36,0.00,0.03,0.00,0.00,,,18.5,32,-0.401,6,7,-0.049,0.927,0,-1
48.23,DRY RUN,APPROACH,1,freshripe,0.86,0.87,17.4,42,0,34,0,0,91,CRUISE,,0.81,0.45,0.63,0.00,0.02,0.00,0.00,,,19.6,29,-0.905,5,5,-0.024,0.827,0,0
48.29,DRY RUN,APPROACH,1,freshripe,0.86,0.87,17.4,42,0,34,0,-2,91,AVOID_RIGHT,,4.18,0.48,0.93,0.41,0.01,1.00,0.06,,,17.8,34,0.302,6,5,-0.166,0.818,0,-2
48.34,DRY RUN,SCARED,2,freshripe,0.73,0.98,16.2,42,0,-60,0,0,91,AVOID_RIGHT,RIGHT,5.86,0.49,1.08,0.64,0.44,1.00,0.00,,,18.6,31,1.134,2,5,0.022,0.723,0,0
48.40,DRY RUN,SCARED,0,,,,,42,0,-60,0,0,91,ESCAPE,RIGHT,5.44,0.58,0.89,0.78,0.31,1.00,0.00,,,18.2,32,0.729,4,5,0.022,0.736,0,0
48.45,DRY RUN,SCARED,0,,,,,42,0,-60,0,0,91,ESCAPE,RIGHT,4.73,0.79,0.73,0.82,0.21,1.00,0.00,,,18.1,32,3.166,0,4,0.075,0.533,0,0
48.51,DRY RUN,SCARED,0,,,,,42,0,-60,0,0,91,ESCAPE,RIGHT,4.37,1.85,0.72,1.00,0.15,1.00,0.45,,,18.1,33,1.344,0,4,0.240,0.462,0,0
48.56,DRY RUN,SCARED,0,,,,,42,0,-60,0,0,91,ESCAPE,RIGHT,3.20,2.87,2.26,1.00,0.10,1.00,0.98,,,17.7,34,2.601,0,4,0.397,0.436,0,0
48.62,DRY RUN,SCARED,0,,,,,42,0,-60,0,0,91,ESCAPE,RIGHT,2.62,3.38,3.78,1.00,0.07,1.00,1.00,,,18.1,33,3.524,0,6,0.544,0.446,0,0
48.67,DRY RUN,SCARED,0,,,,,42,0,-60,0,0,91,ESCAPE,RIGHT,2.64,2.88,4.86,1.00,0.05,1.00,1.00,,,18.3,32,2.309,0,3,0.453,0.351,0,0
48.73,DRY RUN,SCARED,0,,,,,42,0,-60,0,0,91,ESCAPE,RIGHT,2.66,2.12,5.40,1.00,0.44,0.71,1.00,,,18.0,33,0.522,6,8,0.187,0.608,0,0
48.78,DRY RUN,SCARED,0,,,,,42,0,-60,0,0,91,ESCAPE,RIGHT,2.66,1.46,5.67,1.00,0.31,0.78,1.00,,,18.1,32,-0.574,6,7,0.052,0.747,0,0
48.84,DRY RUN,SCARED,0,,,,,42,0,-60,0,0,91,ESCAPE,RIGHT,2.67,1.13,5.04,1.00,0.21,0.83,1.00,,,18.0,33,-1.747,2,0,-0.129,0.516,0,0
48.89,DRY RUN,SCARED,0,,,,,42,0,-60,0,0,91,ESCAPE,RIGHT,2.69,1.83,4.56,1.00,0.15,0.87,1.00,,,18.3,32,-1.991,2,0,-0.213,0.357,0,0
48.95,DRY RUN,SCARED,0,,,,,42,0,-60,0,0,91,ESCAPE,RIGHT,2.70,2.73,4.06,1.00,0.10,0.91,1.00,,,18.1,32,-0.607,4,3,-0.236,0.377,0,0
49.00,DRY RUN,SCARED,0,,,,,42,0,-60,0,0,91,ESCAPE,RIGHT,3.05,3.18,3.81,1.00,0.07,1.00,1.00,,,18.1,32,-2.203,0,0,-0.163,0.255,0,0
49.06,DRY RUN,WAIT,0,,,,,42,0,-39,0,0,91,ESCAPE,RIGHT,3.08,3.35,2.89,1.00,0.05,1.00,1.00,,,18.1,32,-0.908,2,3,-0.202,0.311,0,0
49.12,DRY RUN,WAIT,0,,,,,42,0,-25,0,0,91,ESCAPE,RIGHT,3.09,2.77,2.38,1.00,0.04,1.00,0.97,,,17.8,34,0.235,5,7,-0.154,0.590,0,0
49.17,DRY RUN,WAIT,1,rotten,0.46,0.52,14.0,42,0,-16,0,0,91,ESCAPE,RIGHT,2.89,2.01,1.88,1.00,0.03,1.00,0.59,,,19.2,30,-1.916,2,0,-0.167,0.427,0,0
49.22,DRY RUN,WAIT,1,rotten,0.46,0.52,14.0,42,0,-10,0,0,91,ESCAPE,RIGHT,2.66,1.63,1.61,1.00,0.87,0.50,0.00,,,17.9,33,-1.846,1,0,-0.210,0.288,0,0
49.28,DRY RUN,WAIT,1,freshripe,0.55,0.89,13.5,42,0,-6,0,0,91,ESCAPE,RIGHT,2.67,1.36,1.28,1.00,0.61,0.63,0.00,,,19.2,30,-0.012,6,7,-0.208,0.482,0,0
49.33,DRY RUN,WAIT,1,freshripe,0.55,0.89,13.5,42,0,-4,0,0,91,ESCAPE,RIGHT,2.73,1.22,1.11,0.93,0.87,0.53,0.00,,,18.0,33,2.784,0,5,-0.031,0.495,0,0
49.39,DRY RUN,WAIT,2,freshripe,0.48,0.50,13.2,42,0,-2,0,0,91,ESCAPE,RIGHT,2.93,1.73,2.13,0.93,0.87,0.63,0.23,,,18.6,31,1.472,0,1,0.031,0.326,0,0
49.44,DRY RUN,WAIT,2,freshripe,0.48,0.50,13.2,42,0,-1,0,0,91,ESCAPE,RIGHT,2.86,2.11,2.63,1.00,0.61,0.72,0.61,,,17.9,33,1.410,0,8,0.342,0.422,0,0
49.49,DRY RUN,WAIT,1,rotten,0.47,0.44,16.3,42,0,-1,0,0,91,ESCAPE,RIGHT,2.99,3.13,3.69,1.00,2.18,0.08,0.36,,,19.3,30,3.204,0,3,0.409,0.366,0,0
49.55,DRY RUN,WAIT,1,rotten,0.47,0.44,16.3,42,0,0,0,0,91,ESCAPE,RIGHT,3.81,3.79,4.55,1.00,1.53,0.74,1.00,,,18.0,34,1.956,0,5,0.504,0.387,0,0
49.60,DRY RUN,WAIT,1,rotten,0.30,0.55,14.8,42,0,0,0,0,91,ESCAPE,RIGHT,4.23,5.49,6.25,1.00,3.05,0.82,1.00,,,19.4,30,4.651,0,2,0.390,0.299,0,0
49.66,DRY RUN,WAIT,1,rotten,0.30,0.55,14.8,42,0,0,0,0,91,ESCAPE,RIGHT,3.28,4.97,5.82,1.00,2.14,1.00,1.00,,,17.8,33,2.361,0,1,0.353,0.259,0,0
49.72,DRY RUN,WAIT,1,freshripe,0.51,0.52,13.1,42,0,0,0,0,91,ESCAPE,RIGHT,2.50,4.43,4.95,1.00,1.75,0.94,1.00,,,15.4,43,4.285,0,3,0.372,0.274,0,0
49.78,DRY RUN,WAIT,1,freshripe,0.51,0.52,13.1,42,0,0,0,0,91,ESCAPE,RIGHT,2.42,3.18,2.98,1.00,1.31,0.54,0.54,,,17.8,33,6.529,0,3,0.383,0.283,0,0
49.83,DRY RUN,WAIT,1,freshripe,0.63,0.71,12.9,42,0,0,0,0,91,ESCAPE,RIGHT,2.43,2.23,1.99,1.00,0.92,0.36,0.26,,,19.2,30,-1.266,2,0,0.150,0.240,0,0
49.89,DRY RUN,WAIT,1,freshripe,0.63,0.71,12.9,42,0,0,0,0,91,ESCAPE,RIGHT,3.20,1.75,2.83,1.00,0.87,0.77,0.58,,,18.1,33,0.201,6,7,-0.075,0.526,0,0
49.94,DRY RUN,WAIT,1,freshripe,0.91,0.81,11.7,42,0,0,0,0,91,ESCAPE,RIGHT,3.59,1.51,3.25,1.00,0.61,1.00,0.92,,,18.9,31,1.289,0,6,0.178,0.539,0,0
49.99,DRY RUN,WAIT,1,freshripe,0.91,0.81,11.7,42,0,0,0,0,91,ESCAPE,RIGHT,2.19,1.47,3.19,1.00,2.62,0.00,0.00,,,18.1,32,1.360,0,6,0.327,0.475,0,0
50.04,DRY RUN,WAIT,1,freshripe,0.92,0.69,11.5,42,0,0,0,2,91,AVOID_RIGHT,RIGHT,1.49,1.86,3.16,0.80,1.83,0.00,0.26,,,19.5,29,1.837,0,5,0.407,0.406,0,2
50.10,DRY RUN,WAIT,1,freshripe,0.92,0.69,11.5,42,0,0,0,4,91,OPTOMOTOR,RIGHT,1.16,2.05,2.68,0.56,1.28,0.00,0.30,,,18.3,32,1.771,0,6,0.508,0.400,0,4
50.15,DRY RUN,WAIT,1,freshripe,0.91,0.61,11.2,42,0,0,0,2,91,OPTOMOTOR,RIGHT,1.02,1.26,2.10,0.39,0.90,0.00,0.20,,,19.6,29,0.251,5,5,0.150,0.559,0,2
50.21,DRY RUN,WAIT,1,freshripe,0.91,0.61,11.2,42,0,0,0,1,91,CRUISE,,0.96,0.87,1.81,0.29,2.18,0.00,0.00,,,18.2,32,0.450,6,6,0.075,0.744,0,1
50.26,DRY RUN,WAIT,1,freshripe,0.92,0.81,11.1,42,0,0,0,1,91,CRUISE,,1.02,0.70,2.43,0.16,1.53,0.00,0.05,,,19.7,29,-0.113,6,8,0.074,0.843,0,1
50.31,DRY RUN,WAIT,1,freshripe,0.92,0.81,11.1,42,0,0,0,0,91,CRUISE,,1.06,0.61,2.75,0.24,1.07,0.00,0.44,,,18.1,33,-0.784,6,6,-0.030,0.861,0,0
50.36,DRY RUN,WAIT,1,freshripe,0.93,0.68,10.6,42,0,0,0,2,90,OPTOMOTOR,,1.07,0.36,1.46,0.28,0.75,0.00,0.00,,,19.3,30,2.152,0,3,0.126,0.656,0,2
50.42,DRY RUN,WAIT,1,freshripe,0.93,0.68,10.6,42,0,0,0,2,90,CRUISE,,1.52,0.18,0.81,0.16,1.75,0.00,0.00,,,18.2,32,0.403,5,7,0.136,0.684,0,2
50.47,DRY RUN,WAIT,1,freshripe,0.91,0.96,10.2,42,0,0,0,0,90,CRUISE,,1.75,0.09,0.54,0.09,1.22,0.00,0.00,,,19.6,29,0.252,5,5,0.018,0.762,0,0
50.52,DRY RUN,APPROACH,1,freshripe,0.91,0.96,10.2,42,0,12,0,3,90,CRUISE,,1.97,0.04,0.73,0.05,1.31,0.00,0.00,,,18.3,32,-0.579,6,6,-0.049,0.843,0,-1
50.58,DRY RUN,APPROACH,1,freshripe,0.90,0.91,9.7,42,0,20,0,6,90,AVOID_RIGHT,,3.73,2.53,2.21,0.58,0.92,1.00,0.41,,,19.3,30,-3.384,2,0,-0.141,0.598,0,-1
50.63,DRY RUN,SCARED,1,freshripe,0.90,0.91,9.7,42,0,-60,0,0,90,AVOID_RIGHT,RIGHT,5.46,3.77,3.25,0.96,1.31,1.00,0.83,,,17.9,33,1.240,0,5,-0.041,0.461,0,0
50.68,DRY RUN,SCARED,1,freshripe,0.95,0.96,9.5,42,0,-60,0,0,90,AVOID_LEFT,RIGHT,6.33,3.80,4.93,1.00,0.92,1.00,1.00,,,19.2,30,2.066,0,3,0.141,0.402,0,0
50.74,DRY RUN,SCARED,1,freshripe,0.95,0.96,9.5,42,0,-60,0,0,90,AVOID_RIGHT,RIGHT,5.34,3.26,5.77,1.00,1.31,1.00,1.00,,,17.9,33,3.385,0,4,0.276,0.360,0,0
50.79,DRY RUN,SCARED,1,freshripe,0.89,0.88,8.7,42,0,-60,0,0,90,AVOID_RIGHT,RIGHT,4.48,2.81,3.82,1.00,0.92,1.00,1.00,,,19.0,30,1.240,2,7,0.341,0.503,0,0
50.85,DRY RUN,SCARED,1,freshripe,0.89,0.88,8.7,42,0,-60,0,0,90,AVOID_RIGHT,RIGHT,4.04,1.97,2.42,1.00,2.18,0.53,0.00,,,17.9,33,0.638,3,7,0.289,0.660,0,0
50.90,DRY RUN,SCARED,1,freshripe,0.91,0.97,8.7,42,0,-60,0,0,90,AVOID_RIGHT,RIGHT,3.83,1.37,1.61,1.00,1.53,0.75,0.00,,,19.3,30,0.803,6,7,0.222,0.777,0,0
50.96,DRY RUN,SCARED,1,freshripe,0.91,0.97,8.7,42,0,-60,0,0,90,AVOID_RIGHT,RIGHT,3.64,1.03,1.31,1.00,1.07,0.88,0.00,,,18.1,33,0.854,4,7,0.303,0.761,0,0
51.01,DRY RUN,SCARED,1,freshripe,0.94,0.76,8.8,42,0,-60,0,1,90,AVOID_RIGHT,RIGHT,1.96,0.90,1.06,0.85,0.75,0.21,0.00,,,19.4,29,1.715,2,6,0.273,0.738,0,1
51.06,DRY RUN,SCARED,1,freshripe,0.94,0.76,8.8,42,0,-60,0,2,90,AVOID_RIGHT,RIGHT,1.12,0.76,1.06,0.48,0.52,0.00,0.00,,,18.3,32,-0.324,5,7,0.182,0.759,0,2
51.11,DRY RUN,SCARED,1,freshripe,0.93,0.90,8.4,42,0,-60,0,2,90,AVOID_RIGHT,,0.75,0.77,1.30,0.27,0.87,0.00,0.00,,,19.6,29,-0.391,6,7,0.159,0.875,0,2
51.17,DRY RUN,SCARED,1,freshripe,0.93,0.90,8.4,42,0,-60,0,4,90,AVOID_RIGHT,,0.60,0.78,1.42,0.15,0.61,0.00,0.01,,,18.3,32,1.358,1,7,0.238,0.745,0,4
51.22,DRY RUN,SCARED,1,freshripe,0.93,0.78,8.6,42,0,-60,0,6,90,OPTOMOTOR,,0.53,0.78,1.49,0.08,0.87,0.00,0.00,,,19.6,29,0.957,3,7,0.312,0.739,0,6
51.27,DRY RUN,SCARED,1,freshripe,0.93,0.78,8.6,42,0,-60,0,3,90,OPTOMOTOR,,0.54,0.53,1.68,0.05,0.61,0.00,0.13,,,18.3,32,-0.455,5,6,0.165,0.812,0,3
51.32,DRY RUN,SCARED,1,freshripe,0.91,0.76,8.4,42,0,-60,0,4,90,OPTOMOTOR,,0.91,0.29,2.02,0.18,0.44,0.00,0.39,,,19.5,29,1.514,0,5,0.223,0.652,0,4
51.38,DRY RUN,WAIT,1,freshripe,0.91,0.76,8.4,42,0,-39,0,3,90,AVOID_LEFT,,1.09,0.17,2.19,0.48,0.31,0.00,0.54,,,17.9,33,0.049,5,7,0.266,0.753,0,3
51.43,DRY RUN,WAIT,1,freshripe,0.93,0.79,8.2,42,0,-25,0,4,90,AVOID_LEFT,,0.70,0.19,1.60,0.36,0.44,0.00,0.18,,,19.6,29,1.435,0,7,0.340,0.643,0,4
51.49,DRY RUN,WAIT,1,freshripe,0.93,0.79,8.2,42,0,-16,0,6,90,AVOID_LEFT,,0.51,0.51,0.88,0.20,0.31,0.00,0.00,,,18.3,32,0.523,5,8,0.357,0.767,0,6
51.54,DRY RUN,WAIT,1,freshripe,0.93,0.76,8.0,42,0,-10,0,1,90,AVOID_LEFT,,0.43,0.67,0.50,0.11,0.21,0.00,0.00,,,19.4,29,-0.850,2,2,0.050,0.637,0,1
51.59,DRY RUN,WAIT,1,freshripe,0.93,0.76,8.0,42,0,-6,0,-1,90,CRUISE,,0.45,0.41,0.32,0.06,0.15,0.00,0.00,,,18.3,32,-0.629,6,6,-0.059,0.730,0,-1
51.64,DRY RUN,WAIT,1,freshripe,0.93,0.79,8.1,42,0,-4,0,-3,90,CRUISE,,0.69,0.26,0.33,0.04,0.44,0.00,0.00,,,19.6,29,-1.890,2,0,-0.171,0.535,0,-3
51.70,DRY RUN,WAIT,1,freshripe,0.93,0.79,8.1,42,0,-2,0,-4,90,CRUISE,,0.87,0.19,0.39,0.02,0.31,0.00,0.00,,,18.4,32,-1.381,2,1,-0.198,0.372,0,-4
51.75,DRY RUN,WAIT,1,freshripe,0.91,0.60,8.0,42,0,-1,0,-4,90,CRUISE,,0.96,0.27,0.40,0.01,0.21,0.00,0.00,,,19.7,29,-0.739,4,4,-0.189,0.391,0,-4
51.80,DRY RUN,FEED,1,freshripe,0.91,0.60,8.0,42,0,-1,3,3,90,CRUISE,,1.12,0.46,0.41,0.01,0.15,0.08,0.00,,,18.3,33,-0.730,2,5,-0.128,0.497,0,-3
51.85,DRY RUN,FEED,1,freshripe,0.92,0.72,8.1,41,0,0,5,6,90,CRUISE,,1.24,0.64,0.41,0.00,0.87,0.00,0.00,,,19.6,29,-0.995,3,4,-0.135,0.527,0,-3
51.91,DRY RUN,FEED,1,freshripe,0.92,0.72,8.1,41,0,0,7,9,90,CRUISE,,1.59,1.20,1.40,0.00,0.61,0.09,0.00,,,18.3,32,-0.396,6,6,-0.127,0.697,0,-3
51.96,DRY RUN,FEED,1,freshripe,0.94,0.87,8.2,41,0,0,8,9,90,CRUISE,,1.77,1.48,1.90,0.15,0.44,0.27,0.33,,,19.4,30,-1.224,3,1,-0.239,0.626,0,-4
52.02,DRY RUN,FEED,1,freshripe,0.94,0.87,8.2,40,0,0,9,12,90,AVOID_RIGHT,,1.67,0.92,1.16,0.41,0.31,0.28,0.03,,,18.0,33,-0.257,6,8,-0.208,0.777,0,-2
52.07,DRY RUN,FEED,1,freshripe,0.92,0.73,8.1,40,0,0,9,13,90,CRUISE,,1.58,0.64,0.79,0.38,0.44,0.17,0.00,,,19.5,29,0.304,6,8,-0.077,0.876,0,-1
52.12,DRY RUN,FEED,1,freshripe,0.92,0.73,8.1,40,0,0,9,12,90,CRUISE,,0.93,0.70,0.90,0.21,0.31,0.00,0.00,,,18.0,33,0.408,6,7,-0.119,0.927,0,-2
52.17,DRY RUN,FEED,1,freshripe,0.93,0.70,8.1,40,0,0,9,14,90,CRUISE,,0.61,0.73,0.96,0.12,0.44,0.00,0.00,,,19.5,29,-0.095,6,8,-0.019,0.989,0,0
52.23,DRY RUN,FEED,1,freshripe,0.93,0.70,8.1,39,0,0,10,12,90,CRUISE,,1.04,0.53,0.64,0.07,0.31,0.00,0.00,,,18.2,32,0.236,6,6,-0.148,0.971,0,-3
52.29,DRY RUN,FEED,1,freshripe,0.92,0.52,8.2,39,0,0,10,14,90,CRUISE,,1.25,0.42,0.47,0.04,0.21,0.12,0.00,,,17.6,34,0.149,6,7,-0.033,0.981,0,-1
52.34,DRY RUN,FEED,1,freshripe,0.92,0.52,8.2,39,0,0,10,12,90,CRUISE,,0.76,0.34,0.40,0.02,0.44,0.00,0.00,,,18.0,33,-1.114,2,1,-0.159,0.752,0,-3
52.39,DRY RUN,FEED,1,freshripe,0.93,0.69,8.3,38,0,0,10,12,90,CRUISE,,0.51,0.30,0.40,0.01,0.31,0.00,0.00,,,19.3,30,0.698,6,7,-0.166,0.814,0,-3
52.45,DRY RUN,FEED,1,freshripe,0.93,0.69,8.3,38,0,0,10,15,90,CRUISE,,0.49,0.56,0.62,0.01,0.87,0.00,0.00,,,18.4,32,0.140,5,8,0.014,0.906,0,0
52.50,DRY RUN,FEED,1,freshripe,0.94,0.72,8.2,38,0,0,10,14,90,CRUISE,,1.32,0.70,0.72,0.00,0.61,0.00,0.00,,,19.6,29,-0.368,5,6,-0.055,0.892,0,-1
52.55,DRY RUN,FEED,1,freshripe,0.94,0.72,8.2,37,0,0,10,14,90,CRUISE,,1.73,0.76,0.78,0.00,0.44,0.25,0.00,,,18.0,33,-0.101,6,7,-0.063,0.950,0,-1
52.60,DRY RUN,FEED,1,freshripe,0.93,0.79,8.3,37,0,0,10,16,90,CRUISE,,1.59,0.38,0.64,0.00,0.31,0.24,0.00,,,19.6,29,0.160,6,8,0.054,0.973,0,1
52.66,DRY RUN,FEED,1,freshripe,0.93,0.79,8.3,37,0,0,10,15,90,CRUISE,,1.52,0.19,0.88,0.00,0.44,0.14,0.00,,,18.1,33,0.254,6,8,-0.005,0.958,0,0
52.71,DRY RUN,FEED,1,freshripe,0.94,0.76,7.9,36,0,0,10,17,90,CRUISE,,1.40,0.43,0.91,0.00,0.31,0.15,0.00,,,19.4,29,-0.463,5,8,0.086,0.916,0,2
52.77,DRY RUN,FEED,1,freshripe,0.94,0.76,7.9,36,0,0,10,17,90,CRUISE,,1.34,0.55,0.93,0.00,0.21,0.17,0.00,,,18.1,32,-0.165,6,7,0.077,0.964,0,2
52.82,DRY RUN,FEED,1,freshripe,0.95,0.82,7.9,36,0,0,10,14,90,AVOID_RIGHT,,0.86,0.36,0.52,0.00,0.15,0.00,0.00,,,19.5,29,0.342,6,7,0.018,0.990,0,0
52.87,DRY RUN,FEED,1,freshripe,0.95,0.82,7.9,35,0,0,11,16,90,AVOID_RIGHT,,0.54,0.23,0.31,0.00,0.10,0.00,0.00,,,18.3,32,-0.256,5,8,0.100,0.948,0,2
52.92,DRY RUN,FEED,1,freshripe,0.92,0.97,8.2,35,0,0,11,15,90,AVOID_RIGHT,,0.30,0.16,0.21,0.00,0.44,0.00,0.00,,,19.5,29,-0.138,6,8,0.052,0.987,0,1
52.98,DRY RUN,FEED,1,freshripe,0.92,0.97,8.2,35,0,0,11,16,90,CRUISE,,0.18,0.24,0.36,0.00,0.31,0.00,0.00,,,18.1,33,-0.061,5,6,0.046,0.965,0,1
53.03,DRY RUN,FEED,1,freshripe,0.94,0.91,8.2,34,0,0,10,13,90,CRUISE,,0.12,0.28,0.43,0.00,0.21,0.00,0.00,,,19.4,29,-0.364,6,7,-0.062,0.977,0,-1
53.09,DRY RUN,FEED,1,freshripe,0.94,0.91,8.2,34,0,0,10,14,90,CRUISE,,0.18,0.19,0.26,0.00,0.15,0.00,0.00,,,18.2,32,-0.185,6,8,0.000,1.000,0,0
53.14,DRY RUN,FEED,1,freshripe,0.94,0.91,8.0,34,0,0,10,15,90,CRUISE,,0.23,0.13,0.16,0.00,0.10,0.00,0.00,,,19.5,29,-0.282,6,7,0.033,1.000,0,1
53.19,DRY RUN,FEED,1,freshripe,0.94,0.91,8.0,33,0,0,10,16,90,CRUISE,,0.25,0.12,0.11,0.00,0.07,0.00,0.00,,,18.1,33,0.025,5,6,0.100,0.991,0,2
53.24,DRY RUN,FEED,1,freshripe,0.95,0.93,8.1,33,0,0,10,17,90,CRUISE,,0.28,0.13,0.12,0.00,0.05,0.00,0.00,,,19.4,29,-0.051,5,8,0.137,0.991,0,3
53.30,DRY RUN,FEED,1,freshripe,0.95,0.93,8.1,33,0,0,10,16,90,CRUISE,,0.29,0.15,0.20,0.00,0.04,0.00,0.00,,,18.1,33,-0.011,5,6,0.124,0.968,0,2
53.35,DRY RUN,FEED,1,freshripe,0.96,0.88,8.0,32,0,0,10,14,90,CRUISE,,0.30,0.17,0.23,0.00,0.03,0.00,0.00,,,19.6,29,-0.205,6,7,-0.018,0.979,0,0
53.40,DRY RUN,FEED,1,freshripe,0.96,0.88,8.0,32,0,0,10,15,90,CRUISE,,0.30,0.18,0.24,0.00,0.02,0.00,0.00,,,18.4,32,-0.358,5,7,0.058,0.937,0,1
53.46,DRY RUN,FEED,1,freshripe,0.96,0.80,8.0,32,0,0,11,17,90,CRUISE,,0.32,0.18,0.24,0.00,0.01,0.00,0.00,,,19.7,29,-0.226,5,8,0.154,0.961,0,3
53.51,DRY RUN,FEED,1,freshripe,0.96,0.80,8.0,31,0,0,11,16,90,CRUISE,,0.66,0.17,0.33,0.00,0.44,0.00,0.00,,,18.4,32,0.649,5,8,0.114,0.932,0,2
53.56,DRY RUN,FEED,1,freshripe,0.95,0.65,8.2,31,0,0,11,15,90,OPTOMOTOR,,0.84,0.15,0.97,0.00,0.31,0.00,0.00,,,19.6,29,1.432,1,2,0.041,0.710,0,1
53.62,DRY RUN,FEED,1,freshripe,0.95,0.65,8.2,31,0,0,10,13,90,CRUISE,,1.59,0.14,1.29,0.00,0.87,0.00,0.00,,,18.4,32,-0.177,5,5,-0.046,0.776,0,-1
53.67,DRY RUN,FEED,1,freshripe,0.94,0.84,8.3,31,0,0,10,13,90,CRUISE,,1.97,0.41,1.54,0.15,0.61,0.28,0.06,,,19.5,29,0.425,6,7,-0.035,0.871,0,-1
53.72,DRY RUN,FEED,1,freshripe,0.94,0.84,8.3,30,0,0,10,15,90,AVOID_RIGHT,,3.55,0.95,1.96,0.11,2.62,0.07,0.00,,,18.4,32,1.592,0,5,0.067,0.628,0,1
53.77,DRY RUN,SCARED,2,freshripe,0.90,0.82,7.9,30,0,-60,0,1,90,AVOID_RIGHT,RIGHT,4.35,1.83,3.07,0.61,1.83,0.86,0.22,,,18.7,31,1.659,0,5,0.161,0.492,0,1
53.83,DRY RUN,SCARED,2,freshripe,0.90,0.82,7.9,30,0,-60,0,0,90,ESCAPE,RIGHT,4.49,2.27,3.62,1.00,1.75,0.97,0.54,,,17.9,33,-3.826,1,0,0.054,0.296,0,0
53.88,DRY RUN,SCARED,1,freshripe,0.91,0.96,9.4,30,0,-60,0,0,90,ESCAPE,RIGHT,4.27,2.81,2.26,1.00,1.22,1.00,0.40,,,19.3,30,-3.444,0,0,0.031,0.181,0,0
53.94,DRY RUN,SCARED,1,freshripe,0.91,0.96,9.4,30,0,-60,0,0,90,ESCAPE,RIGHT,4.16,2.83,1.58,1.00,2.18,0.59,0.00,,,17.8,33,-0.452,5,7,-0.108,0.374,0,0
53.99,DRY RUN,SCARED,1,freshripe,0.92,0.92,10.2,30,0,-60,0,0,90,ESCAPE,RIGHT,4.21,2.96,1.76,1.00,1.53,0.94,0.32,,,19.2,30,-1.613,2,0,-0.205,0.306,0,0
54.05,DRY RUN,SCARED,1,freshripe,0.92,0.92,10.2,30,0,-60,0,0,90,ESCAPE,RIGHT,4.25,3.03,2.22,1.00,1.75,0.85,0.24,,,17.9,33,-1.999,2,0,-0.307,0.224,0,0
54.10,DRY RUN,SCARED,1,freshripe,0.90,0.56,10.2,30,0,-60,0,0,90,ESCAPE,RIGHT,6.11,3.86,2.29,1.00,1.22,1.00,0.92,,,19.0,30,-1.747,1,0,-0.327,0.160,0,0
54.15,DRY RUN,SCARED,1,freshripe,0.90,0.56,10.2,30,0,-60,0,0,90,ESCAPE,RIGHT,7.04,4.28,2.49,1.00,1.75,1.00,0.87,,,17.8,33,-0.940,2,1,-0.368,0.176,0,0
54.21,DRY RUN,SCARED,1,rotten,0.28,0.86,12.7,30,0,-60,0,0,90,ESCAPE,RIGHT,5.20,4.16,2.66,1.00,1.22,1.00,1.00,,,19.1,30,-1.010,2,3,-0.214,0.294,0,0
54.26,DRY RUN,SCARED,0,,,,,30,0,-60,0,0,90,ESCAPE,RIGHT,4.28,3.70,2.75,1.00,1.31,1.00,0.79,,,18.1,32,-1.740,0,0,-0.173,0.223,0,0
54.32,DRY RUN,SCARED,0,,,,,30,0,-60,0,0,90,ESCAPE,RIGHT,3.82,3.46,2.68,1.00,0.92,1.00,0.87,,,18.1,33,-1.086,3,1,-0.320,0.230,0,0
54.37,DRY RUN,SCARED,0,,,,,30,0,-60,0,0,90,ESCAPE,RIGHT,3.11,2.66,2.52,1.00,1.75,0.28,0.06,,,18.3,32,-1.549,2,0,-0.353,0.196,0,0
54.43,DRY RUN,SCARED,0,,,,,30,0,-60,0,0,90,ESCAPE,RIGHT,2.15,2.25,2.30,0.89,1.22,0.12,0.14,,,18.6,31,-0.454,5,7,-0.203,0.411,0,0
54.48,DRY RUN,WAIT,0,,,,,30,0,-39,0,-2,90,ESCAPE,RIGHT,1.54,2.05,2.20,0.52,0.86,0.20,0.27,,,18.1,33,-0.153,6,7,-0.178,0.665,0,-2
54.53,DRY RUN,WAIT,1,rotten,0.38,0.97,13.0,30,0,-25,0,-3,90,ESCAPE,RIGHT,1.36,1.49,1.54,0.39,0.87,0.00,0.00,,,19.7,29,-1.396,3,1,-0.277,0.594,0,-3
54.59,DRY RUN,WAIT,0,,,,,30,0,-16,0,-2,90,ESCAPE,,1.30,1.11,1.21,0.22,0.61,0.00,0.00,,,18.6,31,-0.107,5,7,-0.130,0.663,0,-2
54.64,DRY RUN,WAIT,0,,,,,30,0,-10,0,-3,90,ESCAPE,,1.27,1.02,1.05,0.12,0.44,0.02,0.00,,,18.7,31,-1.574,2,0,-0.176,0.454,0,-3
54.69,DRY RUN,WAIT,0,,,,,30,0,-6,0,-3,90,ESCAPE,,1.06,1.04,0.98,0.07,0.31,0.00,0.00,,,18.6,31,-0.818,1,3,-0.140,0.375,0,-3
54.75,DRY RUN,WAIT,0,,,,,30,0,-4,0,-3,90,ESCAPE,,0.96,1.05,0.94,0.04,0.87,0.00,0.00,,,18.3,32,-0.623,5,7,-0.146,0.597,0,-3
54.80,DRY RUN,WAIT,1,rotten,0.37,1.00,9.5,30,0,-2,0,-3,90,ESCAPE,,1.02,1.05,1.02,0.02,0.61,0.00,0.00,,,19.6,29,-0.910,5,5,-0.148,0.627,0,-3
54.85,DRY RUN,WAIT,1,rotten,0.37,1.00,9.5,30,0,-1,0,-2,90,ESCAPE,,1.15,1.61,1.09,0.01,0.43,0.19,0.19,,,18.1,33,0.612,6,8,-0.109,0.806,0,-2
54.91,DRY RUN,WAIT,1,freshripe,0.93,0.86,15.0,30,0,-1,0,-1,90,ESCAPE,,1.22,1.89,1.13,0.41,0.30,0.40,0.40,,,19.2,30,0.114,6,7,-0.045,0.873,0,-1
54.96,DRY RUN,WAIT,1,freshripe,0.93,0.86,15.0,30,0,0,0,0,90,ESCAPE,RIGHT,1.08,1.70,1.09,0.75,0.21,0.34,0.34,,,18.0,33,0.062,5,8,0.012,0.911,0,0
55.03,DRY RUN,WAIT,1,ripe,0.95,0.52,15.1,30,0,0,0,0,90,ESCAPE,RIGHT,1.01,1.54,1.06,0.86,0.15,0.30,0.30,,,15.2,44,0.042,6,7,-0.056,0.947,0,0
55.08,DRY RUN,WAIT,1,ripe,0.95,0.52,15.1,30,0,0,0,-2,90,ESCAPE,RIGHT,1.04,1.46,1.06,0.49,0.87,0.00,0.00,,,18.2,32,-1.105,3,2,-0.184,0.699,0,-2
55.13,DRY RUN,WAIT,1,ripe,0.92,0.59,16.5,30,0,0,0,-3,90,ESCAPE,,1.13,1.42,1.26,0.27,1.31,0.00,0.00,,,19.7,29,-0.804,6,5,-0.181,0.689,0,-3
55.19,DRY RUN,WAIT,1,ripe,0.92,0.59,16.5,30,0,0,0,-2,90,ESCAPE,,1.18,1.39,1.35,0.15,0.92,0.00,0.00,,,18.3,32,0.059,6,8,-0.113,0.841,0,-2
55.24,DRY RUN,WAIT,1,ripe,0.92,0.74,16.7,30,0,0,0,2,90,ESCAPE,,1.20,1.15,1.61,0.09,1.75,0.00,0.00,,,19.7,29,-0.148,5,8,0.091,0.907,0,2
55.29,DRY RUN,WAIT,1,ripe,0.92,0.74,16.7,30,0,0,0,-3,90,ESCAPE,,1.29,1.03,2.56,0.05,1.22,0.00,0.27,,,18.3,32,-2.928,2,0,-0.146,0.606,0,-3
55.34,DRY RUN,WAIT,1,freshripe,0.90,0.57,19.8,30,0,0,0,-4,90,ESCAPE,,1.85,1.66,3.03,0.03,2.62,0.00,0.00,,,19.7,29,-1.368,2,1,-0.209,0.427,0,-4
55.40,DRY RUN,WAIT,1,freshripe,0.90,0.57,19.8,30,0,0,0,-4,90,ESCAPE,,2.13,1.97,1.79,0.02,1.83,0.00,0.00,,,18.4,32,-1.154,2,1,-0.186,0.312,0,-4
55.45,DRY RUN,FEED,1,ripe,0.90,0.50,21.4,30,0,0,3,-4,90,OPTOMOTOR,,2.23,1.91,1.12,0.01,1.75,0.00,0.00,,,19.7,29,-0.636,5,7,-0.177,0.533,0,-4
55.50,DRY RUN,FEED,1,ripe,0.90,0.50,21.4,30,0,0,5,-2,90,CRUISE,,2.25,1.77,0.78,0.00,1.22,0.11,0.00,,,18.5,32,0.450,5,7,-0.097,0.701,0,-2
55.56,DRY RUN,FEED,1,freshripe,0.85,0.58,21.5,30,0,0,6,0,90,CRUISE,,2.06,1.41,0.70,0.00,0.86,0.20,0.00,,,19.3,30,1.580,0,4,0.021,0.571,0,0
55.61,DRY RUN,FEED,1,freshripe,0.85,0.58,21.5,29,0,0,7,0,90,CRUISE,,1.56,1.07,0.86,0.00,0.60,0.08,0.00,,,17.8,33,-0.206,6,8,0.018,0.746,0,0
55.66,DRY RUN,FEED,1,ripe,0.89,0.51,21.2,29,0,0,7,-2,90,CRUISE,,1.31,0.91,1.02,0.00,0.87,0.00,0.00,,,19.3,30,-0.857,4,4,-0.093,0.744,0,-2
55.72,DRY RUN,FEED,1,ripe,0.89,0.51,21.2,29,0,0,7,-3,90,CRUISE,,1.73,0.80,1.65,0.00,0.61,0.16,0.12,,,18.1,33,-0.226,5,6,-0.127,0.800,0,-3
55.77,DRY RUN,FEED,2,ripe,0.89,0.65,21.9,28,0,0,8,-2,90,CRUISE,,1.94,0.79,1.97,0.00,0.87,0.13,0.15,,,19.0,30,-0.333,5,7,-0.086,0.851,0,-2
55.83,DRY RUN,FEED,2,ripe,0.89,0.65,21.9,28,0,0,8,-4,90,CRUISE,,1.44,0.87,1.74,0.15,0.61,0.01,0.16,,,17.3,35,-0.638,6,5,-0.226,0.860,0,-4
55.89,DRY RUN,FEED,1,ripe,0.90,0.56,21.9,28,0,0,9,-3,90,CRUISE,,0.98,0.91,1.34,0.11,0.44,0.00,0.05,,,17.0,37,-0.081,6,7,-0.195,0.932,0,-3
55.97,DRY RUN,FEED,1,ripe,0.90,0.56,21.9,27,0,0,9,-1,90,CRUISE,,0.80,0.95,1.06,0.06,0.31,0.00,0.00,,,12.4,55,-0.487,5,7,-0.033,0.911,0,-1
56.05,DRY RUN,FEED,1,ripe,0.90,0.56,21.9,27,0,0,9,-2,90,CRUISE,,0.71,0.97,0.92,0.04,0.87,0.00,0.00,,,12.8,53,-0.441,6,7,-0.105,0.904,0,-2
56.10,DRY RUN,FEED,2,freshripe,0.91,0.56,22.0,26,0,0,9,-3,90,CRUISE,,1.41,1.29,1.38,0.02,0.61,0.00,0.00,,,18.3,32,-1.351,2,1,-0.157,0.666,0,-3
56.16,DRY RUN,FEED,2,freshripe,0.91,0.56,22.0,26,0,0,9,-4,90,OPTOMOTOR,,1.75,1.45,1.61,0.01,0.44,0.26,0.19,,,17.3,35,0.228,6,7,-0.189,0.780,0,-4
56.22,DRY RUN,FEED,1,freshripe,0.87,0.61,22.0,26,0,0,10,-1,90,CRUISE,,1.09,0.85,1.10,0.01,0.31,0.00,0.00,,,17.7,34,0.976,4,6,-0.073,0.758,0,-1
56.27,DRY RUN,FEED,1,freshripe,0.87,0.61,22.0,25,0,0,10,1,90,CRUISE,,0.64,0.55,0.55,0.00,0.21,0.00,0.00,,,17.7,34,0.351,5,8,0.065,0.875,0,1
56.32,DRY RUN,FEED,1,ripe,0.90,0.53,21.6,25,0,0,10,2,90,CRUISE,,0.41,0.45,0.28,0.00,0.15,0.00,0.00,,,19.0,30,0.446,5,8,0.095,0.912,0,2
56.38,DRY RUN,FEED,1,ripe,0.90,0.53,21.6,25,0,0,11,3,90,CRUISE,,0.28,0.39,0.21,0.00,0.10,0.00,0.00,,,16.6,38,-0.400,6,8,0.171,0.952,0,3
56.44,DRY RUN,FEED,1,ripe,0.90,0.53,21.6,24,0,0,11,1,90,CRUISE,,0.22,0.27,0.19,0.00,0.07,0.00,0.00,,,17.7,35,-0.018,6,7,0.029,0.970,0,1
56.50,DRY RUN,FEED,2,ripe,0.88,0.50,21.1,24,0,0,11,2,90,CRUISE,,0.18,0.19,0.17,0.00,0.05,0.00,0.00,,,18.3,32,0.064,6,7,0.085,0.980,0,2
56.56,DRY RUN,FEED,2,ripe,0.88,0.50,21.1,24,0,0,11,2,90,CRUISE,,0.17,0.16,0.08,0.00,0.44,0.00,0.00,,,16.2,39,-0.263,6,8,0.109,0.990,0,2
56.61,DRY RUN,FEED,1,freshripe,0.86,0.60,21.9,23,0,0,11,0,90,CRUISE,,0.23,0.15,0.04,0.00,0.31,0.00,0.00,,,18.6,32,0.243,6,7,-0.010,0.991,0,0
56.67,DRY RUN,FEED,1,freshripe,0.86,0.60,21.9,23,0,0,11,6,90,OPTOMOTOR,,0.34,0.25,0.06,0.00,6.11,0.00,0.00,,,16.6,38,1.275,1,6,0.299,0.848,0,6
56.73,DRY RUN,FEED,1,freshripe,0.85,0.52,21.9,23,0,0,11,1,90,OPTOMOTOR,,0.81,0.44,1.04,0.00,7.42,0.00,0.00,,,18.6,32,0.210,5,5,0.066,0.854,0,1
56.79,DRY RUN,FEED,1,freshripe,0.85,0.52,21.9,22,0,0,11,2,90,CRUISE,,2.06,0.64,2.32,0.00,5.19,0.00,0.00,,,16.5,38,2.700,0,4,0.118,0.628,0,2
56.84,DRY RUN,FEED,1,freshripe,0.85,0.52,21.9,22,0,0,11,5,90,CRUISE,,2.39,1.61,3.57,0.00,4.36,0.00,0.00,,,17.8,34,2.109,0,5,0.225,0.506,0,5
56.90,DRY RUN,FEED,2,freshripe,0.92,0.98,24.5,22,0,0,7,3,90,OPTOMOTOR,,2.85,2.32,4.19,0.00,3.05,0.00,0.17,,,18.4,32,-0.598,6,6,0.138,0.600,0,3
56.96,DRY RUN,FEED,2,freshripe,0.92,0.98,24.5,21,0,0,4,3,90,CRUISE,,5.01,2.45,4.50,0.00,4.80,0.00,0.00,,,16.5,38,2.888,0,4,0.154,0.542,0,3
57.01,DRY RUN,FEED,1,freshripe,0.48,0.99,21.0,21,0,0,8,6,90,AVOID_RIGHT,,6.09,2.31,4.13,0.26,3.36,0.96,0.00,,,18.2,33,1.177,0,7,0.431,0.539,0,6
57.07,DRY RUN,SCARED,1,freshripe,0.48,0.99,21.0,21,0,-60,0,1,90,AVOID_RIGHT,LEFT,4.70,1.57,5.36,0.93,2.35,0.78,1.00,,,16.3,39,1.964,0,8,0.601,0.556,0,1
57.13,DRY RUN,SCARED,1,freshripe,0.63,0.97,21.8,21,0,-60,0,0,90,AVOID_LEFT,LEFT,2.91,1.01,4.41,1.00,1.65,0.23,0.98,,,18.2,33,0.122,5,7,0.416,0.714,0,0
57.19,DRY RUN,SCARED,1,freshripe,0.63,0.97,21.8,21,0,-60,0,0,90,AVOID_LEFT,LEFT,2.02,0.59,2.71,1.00,1.15,0.03,0.38,,,16.4,38,0.019,6,7,0.332,0.850,0,0
57.24,DRY RUN,SCARED,1,freshripe,0.40,0.99,20.3,21,0,-60,0,1,90,ESCAPE,LEFT,1.08,0.34,1.41,0.72,0.81,0.00,0.00,,,18.7,31,0.052,6,7,0.258,0.926,0,1
57.30,DRY RUN,SCARED,1,freshripe,0.40,0.99,20.3,21,0,-60,0,2,90,ESCAPE,LEFT,0.60,0.22,0.75,0.40,0.56,0.00,0.00,,,16.7,37,0.049,6,7,0.205,0.970,0,2
57.36,DRY RUN,SCARED,1,freshripe,0.52,0.98,23.3,21,0,-60,0,3,90,ESCAPE,,0.35,0.14,0.43,0.23,0.40,0.00,0.00,,,18.4,32,0.018,6,7,0.172,0.980,0,3
57.42,DRY RUN,SCARED,1,freshripe,0.52,0.98,23.3,21,0,-60,0,2,90,ESCAPE,,0.26,0.10,0.26,0.13,0.28,0.00,0.00,,,16.2,39,-0.005,5,6,0.128,0.961,0,2
57.47,DRY RUN,SCARED,1,freshripe,0.52,0.98,23.3,21,0,-60,0,3,90,ESCAPE,,0.23,0.08,0.19,0.07,0.19,0.00,0.00,,,18.1,33,0.037,5,7,0.172,0.970,0,3
57.53,DRY RUN,SCARED,2,freshripe,0.56,0.97,20.1,21,0,-60,0,1,90,ESCAPE,,0.22,0.07,0.30,0.04,0.14,0.00,0.00,,,18.5,32,-0.007,6,7,0.058,0.994,0,1
57.59,DRY RUN,SCARED,2,freshripe,0.56,0.97,20.1,21,0,-60,0,-2,90,ESCAPE,,0.21,0.07,0.35,0.02,0.09,0.00,0.00,,,16.2,39,0.009,6,8,-0.078,0.984,0,-2
57.65,DRY RUN,SCARED,2,freshripe,0.56,0.97,20.1,21,0,-60,0,1,90,ESCAPE,,0.19,0.06,0.19,0.01,0.07,0.00,0.00,,,17.6,34,-0.009,5,7,0.050,0.983,0,1
57.70,DRY RUN,SCARED,2,freshripe,0.52,0.99,20.4,21,0,-60,0,0,90,ESCAPE,,0.11,0.05,0.12,0.01,0.05,0.00,0.00,,,18.4,32,0.019,6,7,0.000,1.000,0,0
57.76,DRY RUN,SCARED,2,freshripe,0.52,0.99,20.4,21,0,-60,0,1,90,ESCAPE,,0.07,0.04,0.09,0.00,0.03,0.00,0.00,,,16.6,38,-0.000,6,7,0.049,0.997,0,1
57.82,DRY RUN,WAIT,2,freshripe,0.52,0.99,20.4,21,0,-39,0,-3,90,ESCAPE,,0.05,0.04,0.08,0.00,0.02,0.00,0.00,,,17.5,35,0.290,6,7,-0.157,0.967,0,-3
57.88,DRY RUN,WAIT,2,freshripe,0.53,0.99,20.4,21,0,-25,0,0,90,ESCAPE,,0.25,0.46,0.55,0.00,0.02,0.00,0.00,,,17.9,33,-0.016,5,7,0.003,0.973,0,0
57.95,DRY RUN,WAIT,2,freshripe,0.53,0.99,20.4,21,0,-16,0,2,90,ESCAPE,,0.35,0.67,0.79,0.00,0.01,0.00,0.00,,,13.2,47,-0.012,5,8,0.122,0.996,0,2
58.01,DRY RUN,WAIT,2,freshripe,0.53,0.99,20.4,21,0,-10,0,3,90,ESCAPE,,0.21,0.61,0.91,0.00,0.01,0.00,0.05,,,16.5,38,-0.103,5,8,0.150,0.994,0,3
58.07,DRY RUN,WAIT,2,freshripe,0.49,0.98,22.5,21,0,-6,0,0,90,ESCAPE,,0.14,0.58,1.21,0.00,0.01,0.00,0.20,,,17.5,33,0.059,6,7,-0.024,0.979,0,0
58.14,DRY RUN,FEED,2,freshripe,0.49,0.98,22.5,21,0,-4,4,-1,90,ESCAPE,,0.11,0.63,1.37,0.26,0.00,0.00,0.28,,,14.5,44,-0.147,5,8,0.104,0.999,0,2
58.20,DRY RUN,FEED,2,freshripe,0.49,0.98,22.5,20,0,-2,7,-6,90,ESCAPE,,0.09,0.65,0.86,0.20,0.00,0.00,0.03,,,16.6,37,-0.071,6,7,0.015,1.000,0,0
58.25,DRY RUN,FEED,2,freshripe,0.58,0.97,20.0,20,0,-1,9,0,90,ESCAPE,,0.14,0.48,0.60,0.11,0.00,0.00,0.00,,,18.5,31,-0.082,6,8,0.000,1.000,0,0
58.31,DRY RUN,FEED,2,freshripe,0.58,0.97,20.0,20,0,-1,10,5,90,ESCAPE,,0.19,0.30,0.69,0.06,0.00,0.00,0.00,,,17.3,35,0.014,6,7,0.030,1.000,0,1
58.36,DRY RUN,FEED,1,freshripe,0.62,0.91,23.0,19,0,0,11,0,90,ESCAPE,,0.26,0.21,0.73,0.03,0.00,0.00,0.00,,,18.9,30,0.225,6,7,0.000,1.000,0,0
58.42,DRY RUN,FEED,1,freshripe,0.62,0.91,23.0,19,0,0,11,-5,90,ESCAPE,,0.30,0.15,0.60,0.02,0.00,0.00,0.00,,,17.9,33,-0.144,6,5,-0.049,0.976,0,-1
58.47,DRY RUN,FEED,1,freshripe,0.33,0.91,22.7,19,0,0,11,-6,90,ESCAPE,,0.22,0.10,0.53,0.01,0.00,0.00,0.00,,,19.2,30,-0.008,6,8,0.000,1.000,0,0
58.52,DRY RUN,FEED,0,,,,,19,0,0,7,-3,90,ESCAPE,,0.18,0.07,1.06,0.01,0.00,0.00,0.13,,,18.5,32,0.555,6,7,0.036,1.000,0,1
58.58,DRY RUN,FEED,0,,,,,19,0,0,5,1,90,ESCAPE,,0.92,0.17,2.69,0.41,0.00,0.06,0.94,,,18.4,32,0.904,3,8,0.240,0.947,0,3
58.63,DRY RUN,SCARED,0,,,,,19,0,-60,0,0,90,ESCAPE,LEFT,1.30,0.64,3.50,0.90,0.00,0.25,1.00,,,18.0,33,0.082,6,8,0.154,1.000,0,0
58.69,DRY RUN,SCARED,0,,,,,19,0,-60,0,0,90,ESCAPE,LEFT,0.95,0.88,3.09,1.00,0.00,0.07,1.00,,,18.1,33,0.048,5,9,0.168,1.000,0,0
58.76,DRY RUN,SCARED,0,,,,,19,0,-60,0,0,90,ESCAPE,LEFT,0.78,0.70,2.24,1.00,0.00,0.00,0.72,,,14.3,47,0.118,6,7,0.051,0.998,0,0
58.81,DRY RUN,SCARED,0,,,,,19,0,-60,0,1,90,ESCAPE,LEFT,0.58,0.61,1.27,0.82,0.00,0.00,0.24,,,18.6,32,0.391,5,8,0.201,0.981,0,1
58.87,DRY RUN,SCARED,0,,,,,19,0,-60,0,1,90,ESCAPE,LEFT,0.59,0.56,0.79,0.58,0.00,0.00,0.00,,,18.5,31,-0.038,6,7,0.071,1.000,0,1
58.92,DRY RUN,SCARED,0,,,,,19,0,-60,0,0,90,ESCAPE,LEFT,0.39,0.48,0.55,0.32,0.00,0.00,0.00,,,17.6,34,0.042,6,7,0.000,1.000,0,0
58.98,DRY RUN,SCARED,1,,,,,19,0,-60,0,-1,90,AVOID_LEFT,,0.24,0.30,0.33,0.18,0.00,0.00,0.00,,,19.3,29,-0.001,6,6,-0.039,0.998,0,-1
59.03,DRY RUN,SCARED,1,,,,,19,0,-60,0,0,90,AVOID_LEFT,,0.16,0.18,0.22,0.10,0.00,0.00,0.00,,,18.2,32,-0.030,6,8,0.024,1.000,0,0
59.08,DRY RUN,SCARED,2,freshripe,0.28,0.99,22.7,19,0,-60,0,2,90,CRUISE,,0.11,0.10,0.15,0.06,0.00,0.00,0.00,,,18.7,31,0.036,5,7,0.095,1.000,0,2
59.14,DRY RUN,SCARED,2,freshripe,0.28,0.99,22.7,19,0,-60,0,-2,90,CRUISE,,0.07,0.06,0.12,0.03,0.00,0.00,0.00,,,18.4,32,-0.004,6,6,-0.082,0.978,0,-2
59.19,DRY RUN,SCARED,2,freshripe,0.32,1.00,21.0,19,0,-60,0,0,90,CRUISE,,0.05,0.04,0.15,0.02,0.00,0.00,0.00,,,18.7,31,0.247,6,7,0.023,0.984,0,0
59.25,DRY RUN,SCARED,2,freshripe,0.32,1.00,21.0,19,0,-60,0,4,90,CRUISE,,0.08,0.04,0.22,0.01,10.04,0.00,0.00,,,18.3,32,-0.253,5,7,0.202,0.969,0,4
59.30,DRY RUN,SCARED,1,,,,,19,0,-60,0,1,90,CRUISE,,1.86,0.84,2.09,0.01,7.02,0.00,0.00,,,19.5,29,-0.079,6,8,0.072,1.000,0,1
59.35,DRY RUN,WAIT,0,,,,,19,0,-39,0,7,90,OPTOMOTOR,,2.92,1.24,3.68,0.00,4.92,0.00,0.00,,,18.5,31,0.966,2,7,0.329,0.899,0,7
59.41,DRY RUN,WAIT,0,,,,,19,0,-25,0,5,90,OPTOMOTOR,,3.44,0.99,4.48,0.00,3.44,0.00,0.12,,,18.2,32,0.026,6,8,0.238,0.959,0,5
59.46,DRY RUN,WAIT,1,freshripe,0.43,0.93,11.5,19,0,-16,0,3,90,CRUISE,,4.57,0.57,2.26,0.26,2.62,0.57,0.00,,,19.2,30,0.571,6,8,0.202,0.921,0,3
59.51,DRY RUN,WAIT,0,,,,,19,0,-10,0,1,90,AVOID_RIGHT,,5.13,0.37,1.16,0.52,1.83,1.00,0.00,,,18.2,32,-0.912,3,5,0.123,0.828,0,1
59.57,DRY RUN,WAIT,0,,,,,19,0,-6,0,0,90,AVOID_RIGHT,,3.91,0.48,0.65,0.54,2.62,0.25,0.00,,,18.0,33,0.234,6,6,0.048,0.895,0,0
59.62,DRY RUN,WAIT,1,freshripe,0.71,1.00,28.6,19,0,-4,0,1,90,AVOID_RIGHT,,3.31,1.19,2.32,0.45,1.83,0.34,0.00,,,19.4,30,0.462,5,7,0.069,0.919,0,1
59.68,DRY RUN,WAIT,1,freshripe,0.71,1.00,28.6,19,0,-2,0,2,90,AVOID_RIGHT,,3.64,1.71,3.15,0.45,1.75,0.55,0.30,,,17.8,33,1.543,0,6,0.213,0.789,0,2
59.73,DRY RUN,WAIT,1,freshripe,0.87,0.89,27.0,19,0,-1,0,1,90,AVOID_RIGHT,,3.80,1.96,1.71,0.51,1.75,0.63,0.00,,,19.3,29,5.586,0,3,0.132,0.558,0,1
59.80,DRY RUN,WAIT,1,freshripe,0.87,0.89,27.0,19,0,-1,0,2,90,AVOID_RIGHT,RIGHT,3.01,2.08,1.00,0.70,1.22,0.49,0.03,,,15.1,33,1.622,0,7,0.372,0.533,0,2
59.85,DRY RUN,WAIT,1,freshripe,0.85,0.91,23.5,19,0,0,0,4,90,AVOID_RIGHT,RIGHT,2.29,1.96,1.00,0.52,1.31,0.09,0.00,,,19.4,30,1.903,0,6,0.421,0.443,0,4
59.90,DRY RUN,WAIT,1,freshripe,0.85,0.91,23.5,19,0,0,0,7,90,AVOID_RIGHT,,1.86,1.23,1.09,0.29,0.92,0.07,0.00,,,18.1,32,1.065,1,7,0.508,0.488,0,7
59.95,DRY RUN,WAIT,1,freshripe,0.87,0.75,22.4,19,0,0,0,3,90,AVOID_RIGHT,,1.61,0.87,1.04,0.17,0.87,0.00,0.00,,,19.4,29,-0.631,5,7,0.183,0.647,0,3
60.01,DRY RUN,WAIT,1,freshripe,0.87,0.75,22.4,19,0,0,0,2,90,AVOID_RIGHT,,1.48,0.82,0.98,0.09,0.61,0.04,0.00,,,18.0,33,0.639,5,6,0.138,0.774,0,2
60.06,DRY RUN,WAIT,1,freshripe,0.86,0.77,21.2,19,0,0,0,2,90,CRUISE,,1.34,0.79,0.74,0.05,0.44,0.05,0.00,,,19.7,29,-0.767,2,5,0.080,0.726,0,2
60.12,DRY RUN,WAIT,1,freshripe,0.86,0.77,21.2,19,0,0,0,-2,90,CRUISE,,1.26,0.54,0.58,0.03,0.31,0.08,0.00,,,18.3,32,-1.272,2,1,-0.091,0.523,0,-2
60.17,DRY RUN,WAIT,1,freshripe,0.86,0.77,20.4,19,0,0,0,-3,90,CRUISE,,0.99,0.41,0.50,0.02,1.75,0.00,0.00,,,19.9,29,-2.854,2,0,-0.175,0.347,0,-3
60.22,DRY RUN,FEED,1,freshripe,0.86,0.77,20.4,19,0,0,0,0,90,OPTOMOTOR,,0.68,0.87,1.09,0.01,1.22,0.00,0.00,,,18.4,32,-1.433,2,1,-0.219,0.281,0,-4
60.27,DRY RUN,FEED,1,freshripe,0.85,0.88,20.1,19,0,0,0,3,90,OPTOMOTOR,,0.69,1.85,1.77,0.01,1.75,0.00,0.00,,,19.8,29,-0.333,6,8,-0.182,0.540,0,-4
60.33,DRY RUN,FEED,1,freshripe,0.85,0.88,20.1,18,0,0,0,8,90,CRUISE,,1.92,2.85,2.39,0.60,1.22,0.41,0.41,,,18.0,33,0.030,6,7,-0.134,0.723,0,-1
60.38,DRY RUN,FEED,1,freshripe,0.89,0.89,19.3,18,0,0,0,9,90,CRUISE,,3.14,3.35,3.28,0.45,2.18,0.18,0.18,,,19.4,30,0.853,4,7,0.027,0.760,0,0
60.43,DRY RUN,SCARED,1,freshripe,0.89,0.89,19.3,18,0,-60,0,0,90,AVOID_RIGHT,RIGHT,5.79,3.41,6.98,0.97,1.53,1.00,1.00,,,17.8,33,1.408,1,8,0.215,0.656,0,0
60.49,DRY RUN,SCARED,1,freshripe,0.88,0.98,17.3,18,0,-60,0,0,90,OPTOMOTOR,RIGHT,7.11,3.44,8.83,1.00,1.31,1.00,1.00,,,19.1,30,2.018,0,6,0.366,0.598,0,0
60.54,DRY RUN,SCARED,1,freshripe,0.88,0.98,17.3,18,0,-60,0,0,90,AVOID_LEFT,RIGHT,7.77,3.94,7.44,1.00,0.92,1.00,1.00,,,17.7,34,1.491,0,6,0.523,0.551,0,0
60.60,DRY RUN,SCARED,1,freshripe,0.47,0.79,9.2,18,0,-60,0,0,90,OPTOMOTOR,RIGHT,7.48,4.20,5.82,1.00,0.64,1.00,1.00,,,19.1,30,2.070,0,4,0.466,0.429,0,0
60.65,DRY RUN,SCARED,0,,,,,18,0,-60,0,0,90,ESCAPE,RIGHT,7.65,4.48,4.14,1.00,0.45,1.00,1.00,,,18.1,33,0.615,4,7,0.334,0.537,0,0
60.71,DRY RUN,SCARED,0,,,,,18,0,-60,0,0,90,ESCAPE,RIGHT,5.86,4.28,3.29,1.00,1.31,1.00,1.00,,,18.1,33,3.226,0,6,0.374,0.488,0,0
60.76,DRY RUN,SCARED,0,,,,,18,0,-60,0,0,90,ESCAPE,RIGHT,4.34,2.52,3.70,1.00,0.92,1.00,0.99,,,17.9,33,1.803,0,5,0.399,0.384,0,0
60.82,DRY RUN,SCARED,0,,,,,18,0,-60,0,0,90,ESCAPE,RIGHT,3.43,1.63,3.91,1.00,0.64,1.00,1.00,,,18.0,33,1.164,2,6,0.378,0.455,0,0
60.87,DRY RUN,SCARED,0,,,,,18,0,-60,0,0,90,ESCAPE,RIGHT,3.13,2.23,2.94,1.00,0.45,0.94,0.85,,,17.9,33,1.533,1,5,0.464,0.485,0,0
60.93,DRY RUN,SCARED,0,,,,,18,0,-60,0,0,90,ESCAPE,RIGHT,3.04,2.53,1.78,1.00,0.31,0.96,0.71,,,18.1,33,-0.939,3,5,0.203,0.540,0,0
61.00,DRY RUN,SCARED,0,,,,,18,0,-60,0,0,90,ESCAPE,RIGHT,2.99,1.38,1.87,1.00,0.87,0.66,0.10,,,14.2,48,-1.869,2,0,-0.086,0.413,0,0
61.05,DRY RUN,SCARED,0,,,,,18,0,-60,0,0,90,ESCAPE,RIGHT,2.97,0.80,1.84,1.00,0.61,0.78,0.21,,,18.2,32,-0.770,5,4,-0.169,0.447,0,0
61.11,DRY RUN,SCARED,0,,,,,18,0,-60,0,0,90,ESCAPE,RIGHT,3.14,2.03,1.90,1.00,3.05,0.00,0.00,,,18.1,32,-0.682,2,3,-0.146,0.404,0,0
61.16,DRY RUN,WAIT,0,,,,,18,0,-39,0,-1,90,ESCAPE,RIGHT,3.55,2.64,2.26,0.59,2.14,0.31,0.00,,,18.3,32,-1.462,1,0,-0.183,0.289,0,-1
61.22,DRY RUN,WAIT,0,,,,,18,0,-25,0,-2,90,ESCAPE,RIGHT,3.90,2.70,2.63,0.44,11.34,0.00,0.00,,,18.4,32,-0.996,4,3,-0.200,0.325,0,-2
61.27,DRY RUN,WAIT,0,,,,,18,0,-16,0,-4,90,ESCAPE,,4.83,2.72,2.81,0.25,7.94,0.00,0.00,,,18.4,32,-2.747,2,0,-0.288,0.235,0,-4
61.32,DRY RUN,WAIT,1,freshripe,0.28,0.89,22.4,18,0,-10,0,-6,90,ESCAPE,,5.29,2.74,4.14,0.14,6.98,0.00,0.00,,,19.6,29,-3.324,1,0,-0.367,0.180,0,-6
61.38,DRY RUN,WAIT,1,freshripe,0.28,0.89,22.4,18,0,-6,0,-6,90,ESCAPE,,5.52,2.57,5.63,0.08,4.89,0.00,0.00,,,18.4,32,-0.928,2,1,-0.346,0.201,0,-6
61.43,DRY RUN,WAIT,1,freshripe,0.49,0.98,35.4,18,0,-4,0,-3,90,ESCAPE,,4.95,2.48,5.55,0.44,3.42,0.37,0.66,,,19.3,30,-0.871,5,5,-0.235,0.447,0,-3
61.50,DRY RUN,WAIT,0,,,,,18,0,-2,0,-1,90,ESCAPE,,3.87,2.44,5.86,0.33,10.04,0.00,0.00,,,14.7,46,1.740,0,1,-0.109,0.357,0,-1
61.55,DRY RUN,WAIT,0,,,,,18,0,-1,0,2,90,ESCAPE,,3.11,2.26,4.67,0.19,7.02,0.00,0.00,,,18.3,32,2.368,0,3,0.127,0.358,0,2
61.60,DRY RUN,WAIT,1,freshripe,0.26,0.99,22.0,18,0,-1,0,2,90,ESCAPE,,2.95,1.79,4.07,0.11,4.92,0.00,0.00,,,19.8,29,0.247,5,8,0.121,0.578,0,2
61.66,DRY RUN,WAIT,1,freshripe,0.26,0.99,22.0,18,0,0,0,2,90,ESCAPE,,2.96,1.35,2.32,0.06,3.44,0.00,0.00,,,18.1,33,0.022,6,7,0.108,0.774,0,2
61.71,DRY RUN,WAIT,2,freshripe,0.52,0.98,16.4,18,0,0,0,3,90,ESCAPE,,2.97,0.90,1.21,0.03,2.41,0.00,0.00,,,18.8,31,0.011,5,8,0.152,0.869,0,3
61.77,DRY RUN,WAIT,2,freshripe,0.52,0.98,16.4,18,0,0,0,3,90,ESCAPE,,2.34,0.58,0.84,0.02,1.69,0.00,0.00,,,18.1,32,0.024,6,8,0.178,0.942,0,3
61.82,DRY RUN,WAIT,1,freshripe,0.69,0.98,19.0,18,0,0,0,3,90,ESCAPE,,1.24,0.34,0.66,0.01,1.18,0.00,0.00,,,19.5,29,0.049,5,8,0.163,0.950,0,3
61.88,DRY RUN,FEED,1,freshripe,0.69,0.98,19.0,18,0,0,4,2,90,ESCAPE,,0.69,0.21,0.61,0.01,0.83,0.00,0.00,,,17.6,34,0.017,6,7,0.088,0.983,0,2
61.93,DRY RUN,FEED,1,freshripe,0.66,0.97,18.7,18,0,0,7,0,90,ESCAPE,,0.42,0.14,0.67,0.00,0.58,0.00,0.00,,,19.1,30,0.011,6,7,0.011,1.000,0,0
61.98,DRY RUN,FEED,1,freshripe,0.66,0.97,18.7,17,0,0,9,-2,90,ESCAPE,,0.30,0.46,1.21,0.00,0.40,0.00,0.00,,,18.1,33,0.187,6,7,-0.099,0.983,0,-2
62.03,DRY RUN,FEED,1,freshripe,0.48,0.99,16.1,17,0,0,11,4,90,ESCAPE,,0.20,0.89,2.21,0.26,0.28,0.00,0.57,,,19.3,30,0.420,6,8,0.029,1.000,0,0
62.09,DRY RUN,FEED,1,freshripe,0.48,0.99,16.1,17,0,0,11,8,90,ESCAPE,,0.19,1.16,4.30,0.52,0.20,0.08,1.00,,,17.7,34,0.082,5,8,0.098,1.000,0,1
62.14,DRY RUN,SCARED,1,freshripe,0.48,0.99,16.1,17,0,-60,0,0,90,ESCAPE,LEFT,0.15,1.30,5.35,0.81,0.14,0.18,1.00,,,18.5,32,0.064,6,8,0.105,1.000,0,0
62.20,DRY RUN,SCARED,1,freshripe,0.48,0.99,16.1,17,0,-60,0,0,90,ESCAPE,LEFT,0.12,0.66,2.75,0.87,0.10,0.00,0.93,,,18.5,31,-0.058,5,6,0.029,0.953,0,0
62.25,DRY RUN,SCARED,4,rotten,0.48,0.57,16.5,17,0,-60,0,0,90,ESCAPE,LEFT,0.11,0.34,1.45,0.80,0.07,0.00,0.29,,,19.3,30,-0.015,5,7,0.116,0.966,0,0
62.31,DRY RUN,SCARED,4,rotten,0.48,0.57,16.5,17,0,-60,0,0,90,AVOID_LEFT,LEFT,0.09,0.18,0.77,0.60,0.05,0.00,0.00,,,18.1,32,-0.007,6,7,0.040,0.992,0,0
62.36,DRY RUN,SCARED,4,rotten,0.48,0.57,16.5,17,0,-60,0,1,90,AVOID_LEFT,LEFT,0.06,0.10,0.42,0.34,0.03,0.00,0.00,,,19.0,30,0.125,6,8,0.050,0.982,0,1
62.41,DRY RUN,SCARED,4,rotten,0.48,0.57,16.5,17,0,-60,0,0,90,AVOID_LEFT,,0.05,0.53,0.23,0.19,0.02,0.00,0.00,,,18.6,31,0.138,6,8,0.000,1.000,0,0
62.46,DRY RUN,SCARED,5,freshripe,0.44,0.95,15.8,17,0,-60,0,1,90,AVOID_LEFT,,0.10,0.74,0.13,0.11,0.02,0.00,0.00,,,19.1,30,0.168,5,8,0.081,0.994,0,1
62.52,DRY RUN,SCARED,5,freshripe,0.44,0.95,15.8,17,0,-60,0,-2,90,CRUISE,,0.12,0.62,0.07,0.06,0.01,0.00,0.00,,,17.8,33,-0.074,6,7,-0.090,0.979,0,-2
62.57,DRY RUN,SCARED,2,freshripe,0.51,0.66,16.0,17,0,-60,0,0,90,CRUISE,,0.07,0.34,0.05,0.03,0.01,0.00,0.00,,,18.6,31,-0.081,5,7,-0.013,0.966,0,0
62.63,DRY RUN,SCARED,2,freshripe,0.51,0.66,16.0,17,0,-60,0,0,90,CRUISE,,0.05,0.18,0.07,0.02,0.01,0.00,0.00,,,18.1,32,-0.026,6,7,0.002,1.000,0,0
62.68,DRY RUN,SCARED,2,freshripe,0.51,0.66,16.0,17,0,-60,0,-1,90,CRUISE,,0.04,0.10,0.08,0.01,0.00,0.00,0.00,,,19.0,30,-0.055,6,7,-0.028,1.000,0,-1
62.74,DRY RUN,SCARED,2,freshripe,0.51,0.66,16.0,17,0,-60,0,0,90,CRUISE,,0.04,0.07,0.09,0.01,0.00,0.00,0.00,,,18.8,31,-0.204,6,8,0.019,0.959,0,0
62.79,DRY RUN,SCARED,4,rotten,0.49,0.61,16.0,17,0,-60,0,-1,90,CRUISE,,0.04,1.21,0.74,0.00,0.00,0.20,0.20,,,19.3,30,-0.193,6,6,-0.067,0.940,0,-1
62.84,DRY RUN,SCARED,4,rotten,0.49,0.61,16.0,17,0,-60,0,-1,90,CRUISE,,0.04,1.77,1.06,0.52,0.00,0.49,0.49,,,17.8,33,-0.474,6,6,-0.146,0.958,0,-1
62.90,DRY RUN,WAIT,4,rotten,0.49,0.61,16.0,17,0,-39,0,0,90,CRUISE,RIGHT,0.05,1.61,0.58,0.70,0.00,0.41,0.41,,,18.8,31,-0.556,5,6,-0.025,0.921,0,0
62.95,DRY RUN,WAIT,3,freshripe,0.32,0.88,19.9,17,0,-25,0,-1,90,CRUISE,RIGHT,0.10,1.37,0.33,0.68,0.00,0.28,0.28,,,19.0,30,-0.620,5,5,-0.094,0.895,0,-1
63.00,DRY RUN,WAIT,3,freshripe,0.32,0.88,19.9,17,0,-16,0,0,90,CRUISE,RIGHT,0.12,0.85,0.46,0.49,0.00,0.02,0.02,,,18.1,32,-0.463,5,7,0.017,0.933,0,0
63.06,DRY RUN,WAIT,3,freshripe,0.32,0.88,19.9,17,0,-10,0,-1,90,CRUISE,,0.20,0.52,0.94,0.28,0.00,0.00,0.07,,,19.1,30,-0.290,6,7,-0.046,0.930,0,-1
63.11,DRY RUN,WAIT,3,freshripe,0.45,0.90,16.6,17,0,-6,0,1,90,CRUISE,,0.24,0.35,1.18,0.16,0.00,0.00,0.19,,,19.1,30,-0.224,5,7,0.074,0.953,0,1
63.16,DRY RUN,WAIT,3,freshripe,0.45,0.90,16.6,17,0,-4,0,-2,90,CRUISE,,0.16,0.24,0.70,0.09,0.00,0.00,0.00,,,18.2,33,0.025,6,8,-0.088,0.960,0,-2
63.22,DRY RUN,WAIT,1,freshripe,0.69,0.94,16.0,17,0,-2,0,0,90,CRUISE,,0.13,0.20,0.47,0.05,0.00,0.00,0.00,,,19.6,29,-0.034,6,9,0.000,1.000,0,0
63.27,DRY RUN,WAIT,1,freshripe,0.69,0.94,16.0,17,0,-1,0,1,90,CRUISE,,0.23,0.13,0.35,0.03,0.00,0.00,0.00,,,18.1,32,0.082,6,8,0.042,1.000,0,1
63.34,DRY RUN,WAIT,1,freshripe,0.63,0.97,18.9,17,0,-1,0,2,90,CRUISE,,0.29,0.09,0.30,0.02,0.00,0.00,0.00,,,15.2,44,0.257,5,7,0.097,0.982,0,2
