time_s,mode,state,bananas_seen,label,det_conf,cls_conf,size_pct,hunger,lr,fb,ud,yaw,battery,brain,escape_dir,loom_l,loom_c,loom_r,escape_level,wobble_floor,loom_in_l,loom_in_r,hand,self_moving,fps,brain_ms,dng02_rotation,dng02_l,dng02_r,dng02_steer,dng02_thrust,intended_yaw,dng02_yaw
8.92,FLYING,SCAN,0,,,,,100,0,0,0,10,43,ARMING,,0.00,0.00,0.00,0.00,0.00,0.00,0.00,,,0.0,0,0.000,0,0,0.000,0.000,10,0
9.07,FLYING,SCAN,0,,,,,100,0,0,0,17,43,ARMING,,0.00,0.03,0.01,0.00,0.00,0.00,0.00,,,6.7,0,2.793,0,0,0.000,0.000,17,0
9.10,FLYING,SCAN,0,,,,,100,0,0,0,21,43,ARMING,,0.02,0.09,0.01,0.00,0.00,0.00,0.00,,,41.6,0,0.841,0,0,0.000,0.000,21,0
9.12,FLYING,SCAN,0,,,,,100,0,0,0,24,43,ARMING,,0.03,0.10,0.01,0.00,0.00,0.00,0.00,,,40.0,0,0.839,0,0,0.000,0.000,24,0
9.16,FLYING,SCAN,0,,,,,100,0,0,0,26,43,ARMING,,0.06,0.11,0.01,0.00,0.00,0.00,0.00,,,29.0,0,1.059,0,0,0.000,0.000,26,0
9.19,FLYING,SCAN,0,,,,,100,0,0,0,27,43,ARMING,,0.07,0.11,0.02,0.00,0.00,0.00,0.00,,,29.2,0,0.885,0,0,0.000,0.000,27,0
9.22,FLYING,SCAN,0,,,,,100,0,0,0,28,43,ARMING,,0.04,0.18,0.16,0.00,0.00,0.00,0.00,,,29.7,0,0.843,0,0,0.000,0.000,28,0
9.26,FLYING,SCAN,0,,,,,100,0,0,0,29,43,ARMING,,0.02,0.22,0.23,0.00,0.00,0.00,0.00,,,29.6,0,0.818,0,0,0.000,0.000,29,0
9.29,FLYING,SCAN,0,,,,,100,0,0,0,29,43,ARMING,,0.01,0.23,0.27,0.00,0.00,0.00,0.00,,,29.9,0,0.570,0,0,0.000,0.000,29,0
9.33,FLYING,SCAN,0,,,,,100,0,0,0,29,43,ARMING,,0.00,0.24,0.25,0.00,0.00,0.00,0.00,,,29.9,0,0.113,0,0,0.000,0.000,29,0
9.36,FLYING,SCAN,0,,,,,100,0,0,0,29,43,ARMING,,0.00,0.24,0.24,0.00,0.00,0.00,0.00,,,26.0,0,0.038,0,0,0.000,0.000,29,0
9.39,FLYING,SCAN,0,,,,,100,0,0,0,29,43,ARMING,,0.13,0.24,0.24,0.00,0.00,0.00,0.00,,,39.4,0,-0.712,0,0,0.000,0.000,29,0
9.41,FLYING,SCAN,0,,,,,100,0,0,0,29,43,ARMING,,0.23,0.23,0.24,0.00,0.00,0.00,0.00,,,44.6,0,-1.019,0,0,0.000,0.000,29,0
9.46,FLYING,SCAN,0,,,,,100,0,0,0,29,43,ARMING,,0.37,0.23,0.24,0.00,0.00,0.00,0.00,,,22.3,0,0.279,0,0,0.000,0.000,29,0
9.49,FLYING,SCAN,0,,,,,100,0,0,0,29,43,ARMING,,0.43,0.26,0.27,0.00,0.00,0.00,0.00,,,29.7,0,-0.164,0,0,0.000,0.000,29,0
9.52,FLYING,SCAN,0,,,,,100,0,0,0,29,43,ARMING,,0.27,0.24,0.42,0.00,0.00,0.00,0.00,,,29.8,0,-0.865,0,0,0.000,0.000,29,0
9.56,FLYING,SCAN,0,,,,,100,0,0,0,29,43,ARMING,,0.19,0.24,0.50,0.00,0.00,0.00,0.00,,,29.5,0,-0.642,0,0,0.000,0.000,29,0
9.59,FLYING,SCAN,1,rotten,0.83,0.76,1.0,100,0,0,0,0,43,ARMING,,0.18,0.17,0.37,0.00,0.00,0.00,0.00,,,30.3,0,-0.524,0,0,0.000,0.000,0,0
9.63,FLYING,SCAN,1,rotten,0.83,0.76,1.0,100,0,0,0,0,43,ARMING,,0.17,0.13,0.30,0.00,0.00,0.00,0.00,,,27.5,0,-2.527,0,0,0.000,0.000,0,0
9.66,FLYING,SCAN,0,,,,,100,0,0,0,0,43,ARMING,,0.17,0.10,0.26,0.00,0.00,0.00,0.00,,,30.3,0,-2.606,0,0,0.000,0.000,0,0
9.69,FLYING,SCAN,0,,,,,100,0,0,0,0,43,ARMING,,0.30,0.08,0.24,0.00,0.00,0.00,0.00,,,29.9,0,-2.480,0,0,0.000,0.000,0,0
9.73,FLYING,SCAN,0,,,,,100,0,0,0,0,43,ARMING,,0.57,0.07,0.30,0.00,0.00,0.00,0.00,,,29.9,0,-2.548,0,0,0.000,0.000,0,0
9.76,FLYING,SCAN,0,,,,,100,0,0,0,0,43,ARMING,,0.71,0.06,0.33,0.00,0.00,0.00,0.00,,,30.2,0,-2.375,0,0,0.000,0.000,0,0
9.78,FLYING,SCAN,0,,,,,100,0,0,0,0,43,ARMING,,0.59,0.06,0.16,0.00,0.00,0.00,0.00,,,44.4,0,-1.332,0,0,0.000,0.000,0,0
9.83,FLYING,SCAN,0,,,,,100,0,0,0,0,43,ARMING,,0.50,0.06,0.08,0.00,0.00,0.00,0.00,,,22.7,0,-0.543,0,0,0.000,0.000,0,0
9.85,FLYING,SCAN,0,,,,,100,0,0,0,0,43,ARMING,,0.30,0.09,0.17,0.00,0.00,0.00,0.00,,,46.2,0,-0.384,0,0,0.000,0.000,0,0
9.89,FLYING,SCAN,0,,,,,100,0,0,0,0,43,ARMING,,0.20,0.11,0.21,0.00,0.00,0.00,0.00,,,22.4,0,-0.228,0,0,0.000,0.000,0,0
9.93,FLYING,SCAN,0,,,,,100,0,0,0,0,43,ARMING,,0.15,0.18,0.41,0.00,0.00,0.00,0.00,,,29.8,0,-0.139,0,0,0.000,0.000,0,0
9.96,FLYING,SCAN,0,,,,,100,0,0,0,0,43,ARMING,,0.25,0.23,0.52,0.00,0.00,0.00,0.00,,,30.7,0,-0.094,0,0,0.000,0.000,0,0
9.99,FLYING,SCAN,0,,,,,100,0,0,0,0,43,ARMING,,0.30,0.26,0.57,0.00,0.00,0.00,0.00,,,31.0,0,-0.056,0,0,0.000,0.000,0,0
10.03,FLYING,SCAN,0,,,,,100,0,0,0,0,43,ARMING,,0.22,0.15,0.30,0.00,0.00,0.00,0.00,,,29.5,0,-0.036,0,0,0.000,0.000,0,0
10.06,FLYING,SCAN,0,,,,,100,0,0,0,0,43,ARMING,,0.18,0.09,0.17,0.00,0.00,0.00,0.00,,,30.2,0,-0.033,0,0,0.000,0.000,0,0
10.09,FLYING,SCAN,0,,,,,100,0,0,0,0,43,ARMING,,0.16,0.06,0.10,0.00,0.00,0.00,0.00,,,30.2,0,-0.020,0,0,0.000,0.000,0,0
10.12,FLYING,SCAN,0,,,,,100,0,0,0,0,43,ARMING,,0.13,0.04,0.08,0.00,0.00,0.00,0.00,,,29.8,0,-0.007,0,0,0.000,0.000,0,0
10.15,FLYING,SCAN,0,,,,,100,0,0,0,0,43,ARMING,,0.11,0.04,0.06,0.00,0.00,0.00,0.00,,,45.2,0,-0.022,0,0,0.000,0.000,0,0
10.19,FLYING,SCAN,0,,,,,100,0,0,0,0,43,ARMING,,0.10,0.05,0.05,0.00,0.00,0.00,0.00,,,22.2,0,0.005,0,0,0.000,0.000,0,0
10.23,FLYING,SCAN,0,,,,,100,0,0,0,0,43,ARMING,,0.07,0.05,0.04,0.00,0.00,0.00,0.00,,,29.9,0,-0.024,0,0,0.000,0.000,0,0
10.25,FLYING,SCAN,0,,,,,100,0,0,0,0,43,ARMING,,0.06,0.03,0.05,0.00,0.00,0.00,0.00,,,43.0,0,-0.003,0,0,0.000,0.000,0,0
10.28,FLYING,APPROACH,1,rotten,0.56,0.76,0.7,100,0,0,7,0,43,ARMING,,0.06,0.03,0.05,0.00,0.00,0.00,0.00,,,30.4,0,-0.013,0,0,0.000,0.000,0,0
10.33,FLYING,APPROACH,1,rotten,0.56,0.76,0.7,100,0,5,11,-3,43,ARMING,,0.06,0.02,0.05,0.00,0.00,0.00,0.00,,,22.3,0,-0.006,0,0,0.000,0.000,-3,0
10.35,FLYING,APPROACH,1,rotten,0.56,0.76,0.7,100,0,8,14,-4,43,ARMING,,0.06,0.02,0.04,0.00,0.00,0.00,0.00,,,43.8,0,-0.154,0,0,0.000,0.000,-4,0
10.38,FLYING,APPROACH,1,rotten,0.56,0.76,0.7,100,0,10,16,-6,43,ARMING,,0.07,0.01,0.04,0.00,0.00,0.00,0.00,,,29.5,0,-0.287,0,0,0.000,0.000,-6,0
10.41,FLYING,APPROACH,1,rotten,0.56,0.76,0.7,100,0,12,17,-7,43,ARMING,,0.07,0.03,0.05,0.00,0.00,0.00,0.00,,,44.7,0,-0.286,0,0,0.000,0.000,-7,0
10.46,FLYING,APPROACH,1,rotten,0.56,0.76,0.7,100,0,13,18,-7,43,ARMING,,0.08,0.04,0.04,0.00,0.00,0.00,0.00,,,18.0,0,-0.753,0,0,0.000,0.000,-7,0
10.49,FLYING,APPROACH,1,rotten,0.56,0.76,0.7,100,0,13,19,-7,43,ARMING,,0.07,0.05,0.04,0.00,0.00,0.00,0.00,,,29.8,0,-0.465,0,0,0.000,0.000,-7,0
10.52,FLYING,APPROACH,1,rotten,0.56,0.76,0.7,100,0,14,19,-8,43,ARMING,,0.07,0.05,0.04,0.00,0.00,0.00,0.00,,,46.1,0,-0.304,0,0,0.000,0.000,-8,0
10.55,FLYING,APPROACH,1,rotten,0.56,0.76,0.7,100,0,14,19,-8,43,ARMING,,0.19,0.02,0.02,0.00,0.00,0.00,0.00,,,29.9,0,-0.547,0,0,0.000,0.000,-8,0
10.58,FLYING,APPROACH,1,rotten,0.56,0.76,0.7,100,0,14,19,-8,43,ARMING,,0.26,0.01,0.01,0.00,0.00,0.00,0.00,,,29.7,0,-0.590,0,0,0.000,0.000,-8,0
10.62,FLYING,APPROACH,1,rotten,0.56,0.76,0.7,100,0,14,19,-8,43,ARMING,,0.29,0.01,0.02,0.00,0.00,0.00,0.00,,,29.6,0,-0.512,0,0,0.000,0.000,-8,0
10.65,FLYING,APPROACH,1,rotten,0.56,0.76,0.7,100,0,14,19,-8,43,ARMING,,0.30,0.14,0.17,0.00,0.00,0.00,0.00,,,29.7,0,-0.543,0,0,0.000,0.000,-8,0
10.68,FLYING,APPROACH,1,rotten,0.56,0.76,0.7,100,0,14,19,-8,43,ARMING,,0.31,0.21,0.24,0.00,0.00,0.00,0.00,,,29.7,0,-0.529,0,0,0.000,0.000,-8,0
10.72,FLYING,APPROACH,1,rotten,0.56,0.76,0.7,100,0,14,19,-8,43,ARMING,,0.32,0.13,0.18,0.00,0.00,0.00,0.00,,,29.5,0,-0.515,0,0,0.000,0.000,-8,0
10.75,FLYING,APPROACH,1,rotten,0.56,0.76,0.7,100,0,14,19,-8,43,ARMING,,0.39,0.07,0.09,0.00,0.00,0.00,0.00,,,29.8,0,-0.538,0,0,0.000,0.000,-8,0
10.79,FLYING,APPROACH,1,rotten,0.56,0.76,0.7,100,0,14,19,-8,43,ARMING,,0.43,0.04,0.05,0.00,0.00,0.00,0.00,,,29.5,0,-0.527,0,0,0.000,0.000,-8,0
10.82,FLYING,APPROACH,1,rotten,0.88,0.87,1.2,100,0,14,19,-9,43,ARMING,,0.38,0.07,0.06,0.00,0.00,0.00,0.00,,,30.2,0,-0.527,0,0,0.000,0.000,-9,0
10.85,FLYING,APPROACH,1,rotten,0.88,0.87,1.2,100,0,14,19,-10,43,ARMING,,0.35,0.16,0.20,0.00,0.00,0.00,0.00,,,29.5,0,-0.569,0,0,0.000,0.000,-10,0
10.89,FLYING,APPROACH,1,rotten,0.88,0.87,1.2,100,0,14,19,-11,43,ARMING,,0.35,0.21,0.28,0.00,0.00,0.00,0.00,,,29.8,0,-0.658,0,0,0.000,0.000,-11,0
10.92,FLYING,APPROACH,1,rotten,0.66,0.75,1.0,100,0,14,19,-11,43,ARMING,,0.37,0.19,0.31,0.00,0.00,0.00,0.00,,,30.5,0,-0.706,0,0,0.000,0.000,-11,0
10.95,FLYING,APPROACH,1,rotten,0.66,0.75,1.0,100,0,14,19,-11,43,CRUISE,,0.45,0.16,0.29,0.00,0.00,0.00,0.00,,,29.5,0,-0.833,0,0,0.000,0.000,-11,0
11.15,FLYING,APPROACH,1,rotten,0.24,0.64,1.1,100,0,14,19,-13,43,CRUISE,,0.00,0.00,0.00,0.00,0.00,0.00,0.00,,yes,5.1,170,0.000,6,8,-0.116,0.425,-11,-2
11.20,FLYING,APPROACH,1,rotten,0.24,0.64,1.1,100,0,14,19,-14,43,CRUISE,,0.29,0.07,0.11,0.00,0.87,0.00,0.00,,yes,17.9,34,-11.885,2,0,-0.135,0.406,-11,-3
11.26,FLYING,APPROACH,1,rotten,0.39,0.57,0.8,100,0,14,18,-15,43,CRUISE,,0.47,0.16,0.27,0.00,0.87,0.00,0.00,,yes,19.3,29,-4.702,2,0,-0.198,0.281,-11,-4
11.31,FLYING,APPROACH,0,,,,,100,0,14,12,-13,43,OPTOMOTOR,,0.52,0.21,0.28,0.00,0.61,0.00,0.00,,yes,18.2,32,-2.962,2,0,-0.311,0.210,-7,-6
11.36,FLYING,APPROACH,0,,,,,100,0,14,7,-11,43,OPTOMOTOR,,0.63,0.23,0.28,0.00,0.44,0.00,0.00,,yes,18.4,32,-4.344,1,0,-0.352,0.166,-4,-7
11.42,FLYING,APPROACH,0,,,,,100,0,14,5,-11,43,OPTOMOTOR,,0.83,0.18,0.24,0.00,0.31,0.00,0.00,,yes,18.4,32,-2.794,2,0,-0.382,0.160,-3,-8
11.47,FLYING,APPROACH,0,,,,,100,0,14,3,-9,43,OPTOMOTOR,,0.93,0.15,0.22,0.00,0.87,0.00,0.00,,yes,18.6,32,-0.844,6,4,-0.359,0.310,-2,-7
11.53,FLYING,APPROACH,0,,,,,100,0,14,2,-6,43,OPTOMOTOR,,0.70,0.20,0.28,0.00,0.61,0.00,0.00,,yes,18.4,32,-0.429,6,7,-0.267,0.565,-1,-5
11.58,FLYING,APPROACH,0,,,,,100,0,14,1,-4,43,OPTOMOTOR,,0.58,0.23,0.32,0.00,0.43,0.00,0.00,,yes,18.5,31,-0.156,5,6,-0.214,0.714,0,-4
11.64,FLYING,APPROACH,0,,,,,100,0,14,0,-4,43,CRUISE,,0.60,0.19,0.24,0.00,0.30,0.00,0.00,,yes,18.2,32,-0.009,6,7,-0.179,0.836,0,-4
11.70,FLYING,APPROACH,0,,,,,100,0,14,0,-4,43,OPTOMOTOR,,0.90,0.12,0.15,0.00,1.31,0.00,0.00,,yes,16.1,39,-0.015,6,8,-0.199,0.895,0,-4
11.75,FLYING,APPROACH,0,,,,,100,0,14,0,-4,43,CRUISE,,1.67,0.08,0.07,0.00,0.92,0.00,0.00,,yes,19.8,29,0.006,6,6,-0.211,0.890,0,-4
11.80,FLYING,APPROACH,0,,,,,100,0,14,0,-2,43,CRUISE,,2.05,0.05,0.04,0.00,0.64,0.25,0.00,,yes,18.3,32,0.068,6,8,-0.107,0.968,0,-2
11.86,FLYING,APPROACH,0,,,,,100,0,14,0,3,43,OPTOMOTOR,,1.33,0.04,0.02,0.00,0.45,0.00,0.00,,yes,18.2,32,0.813,3,8,0.144,0.926,0,3
11.91,FLYING,APPROACH,0,,,,,100,0,14,0,3,43,CRUISE,,0.94,0.03,0.01,0.00,0.31,0.00,0.00,,yes,18.4,32,0.181,6,8,0.136,0.974,0,3
11.97,FLYING,APPROACH,0,,,,,100,0,14,0,3,43,OPTOMOTOR,,0.75,0.02,0.00,0.00,0.22,0.00,0.00,,yes,18.4,32,0.372,6,7,0.134,0.982,0,3
12.02,FLYING,APPROACH,0,,,,,100,0,14,0,3,43,CRUISE,,0.66,0.01,0.05,0.00,1.75,0.00,0.00,,yes,18.3,32,0.276,5,8,0.156,1.000,0,3
12.08,FLYING,APPROACH,0,,,,,100,0,14,0,1,43,CRUISE,,1.11,0.46,0.35,0.00,1.31,0.00,0.00,,yes,18.3,32,0.153,6,8,0.044,1.000,0,1
12.13,FLYING,APPROACH,1,freshripe,0.27,0.80,1.1,100,0,14,4,-6,43,CRUISE,,1.42,0.68,0.49,0.00,0.92,0.00,0.00,,yes,19.5,29,0.323,5,6,-0.062,0.945,-5,-1
12.18,FLYING,APPROACH,0,,,,,100,0,14,3,-4,43,CRUISE,,1.64,0.35,0.36,0.00,0.87,0.00,0.00,,yes,18.3,32,-0.213,6,8,-0.039,0.985,-3,-1
12.24,FLYING,APPROACH,0,,,,,100,0,14,2,0,43,CRUISE,,1.75,0.18,0.19,0.00,0.61,0.11,0.00,,yes,18.0,33,-0.163,5,8,0.090,1.000,-2,2
12.29,FLYING,APPROACH,1,,,,,100,0,14,1,-3,43,CRUISE,,1.30,0.10,0.11,0.00,0.43,0.00,0.00,,yes,19.5,29,-0.052,6,6,-0.080,0.979,-1,-2
12.35,FLYING,APPROACH,1,,,,,100,0,14,0,-1,43,CRUISE,,0.81,0.11,0.13,0.00,0.30,0.00,0.00,,yes,17.7,34,-0.025,6,8,0.000,1.000,-1,0
12.40,FLYING,APPROACH,1,rotten,0.38,0.78,1.1,100,0,14,5,-6,43,CRUISE,,0.52,0.11,0.14,0.00,0.21,0.00,0.00,,yes,19.4,29,0.078,6,7,0.000,1.000,-6,0
12.45,FLYING,APPROACH,1,rotten,0.38,0.78,1.1,100,0,14,8,-6,43,CRUISE,,0.38,0.12,0.14,0.00,0.15,0.00,0.00,,yes,18.2,33,-0.519,2,5,0.138,0.908,-9,3
12.50,FLYING,APPROACH,1,rotten,0.33,0.83,1.2,100,0,14,10,-13,43,CRUISE,,0.32,0.13,0.13,0.00,0.10,0.00,0.00,,yes,19.4,29,-0.938,3,1,-0.099,0.730,-11,-2
12.56,FLYING,APPROACH,1,rotten,0.33,0.83,1.2,100,0,14,12,-17,43,CRUISE,,0.31,0.14,0.14,0.00,1.31,0.00,0.00,,yes,18.4,32,-1.275,3,1,-0.188,0.544,-13,-4
12.61,FLYING,APPROACH,1,rotten,0.44,0.67,1.1,100,0,14,13,-17,43,OPTOMOTOR,,0.71,0.08,0.19,0.00,0.92,0.00,0.00,,yes,19.6,29,-1.713,1,0,-0.222,0.354,-13,-4
12.66,FLYING,APPROACH,1,rotten,0.44,0.67,1.1,100,0,14,13,-19,43,OPTOMOTOR,,0.91,0.05,0.22,0.00,1.31,0.00,0.00,,yes,18.1,32,-3.080,2,0,-0.310,0.266,-13,-6
12.72,FLYING,APPROACH,1,,,,,100,0,14,8,-16,43,OPTOMOTOR,,0.64,0.15,0.30,0.00,0.92,0.00,0.00,,yes,19.5,29,-4.555,2,0,-0.401,0.202,-8,-8
12.77,FLYING,APPROACH,1,,,,,100,0,14,5,-12,43,OPTOMOTOR,,0.49,0.20,0.33,0.00,0.64,0.00,0.00,,yes,18.1,33,-2.306,1,0,-0.371,0.161,-5,-7
12.82,FLYING,APPROACH,1,rotten,0.24,0.47,1.2,100,0,14,9,-17,43,OPTOMOTOR,,0.33,0.16,0.30,0.00,0.45,0.00,0.00,,yes,19.5,29,-3.148,2,0,-0.392,0.158,-9,-8
12.88,FLYING,APPROACH,1,rotten,0.24,0.47,1.2,100,0,14,11,-19,43,OPTOMOTOR,,0.26,0.13,0.25,0.00,0.44,0.00,0.00,,yes,18.2,32,-2.186,2,0,-0.367,0.141,-12,-7
12.93,FLYING,APPROACH,1,freshripe,0.55,0.54,1.2,100,0,14,12,-19,43,OPTOMOTOR,,0.62,0.12,0.23,0.00,0.31,0.00,0.00,,yes,19.5,29,-3.395,1,0,-0.265,0.098,-14,-5
12.98,FLYING,APPROACH,1,freshripe,0.55,0.54,1.2,100,0,14,13,-22,43,OPTOMOTOR,,0.80,0.14,0.22,0.00,0.44,0.00,0.00,,yes,18.4,32,-2.406,2,0,-0.295,0.108,-16,-6
13.03,FLYING,APPROACH,1,rotten,0.52,0.79,1.2,100,0,14,14,-23,43,OPTOMOTOR,,0.82,0.15,0.22,0.00,0.31,0.00,0.00,,yes,19.7,29,-2.040,2,0,-0.312,0.113,-17,-6
13.09,FLYING,APPROACH,1,rotten,0.52,0.79,1.2,100,0,14,14,-24,43,OPTOMOTOR,,0.83,0.19,0.21,0.00,0.87,0.00,0.00,,yes,18.2,32,-2.357,2,0,-0.322,0.116,-18,-6
13.14,FLYING,APPROACH,1,freshripe,0.40,0.77,1.2,100,0,14,15,-25,43,OPTOMOTOR,,0.88,0.22,0.12,0.00,0.61,0.00,0.00,,yes,19.6,29,-2.378,2,0,-0.327,0.118,-18,-7
13.20,FLYING,APPROACH,1,freshripe,0.40,0.77,1.2,100,0,14,15,-26,43,OPTOMOTOR,,0.91,0.24,0.06,0.00,0.43,0.00,0.00,,yes,18.0,33,-2.533,2,0,-0.330,0.119,-19,-7
13.26,FLYING,APPROACH,1,freshripe,0.43,0.53,1.2,100,0,14,15,-25,43,OPTOMOTOR,,1.02,0.27,0.03,0.00,1.31,0.00,0.00,,yes,16.1,40,-1.772,1,0,-0.320,0.115,-19,-6
13.31,FLYING,APPROACH,1,freshripe,0.43,0.53,1.2,100,0,14,15,-23,43,OPTOMOTOR,,0.86,0.23,0.02,0.00,0.92,0.00,0.00,,yes,18.0,33,3.468,0,1,-0.181,0.098,-19,-4
13.36,FLYING,APPROACH,1,freshripe,0.23,0.63,1.3,100,0,14,15,-15,43,CRUISE,,0.99,0.21,0.01,0.00,1.75,0.00,0.00,,yes,19.5,29,3.682,0,6,0.215,0.212,-19,4
13.42,FLYING,APPROACH,1,freshripe,0.23,0.63,1.3,100,0,14,15,-12,43,OPTOMOTOR,,1.06,0.12,0.00,0.00,1.22,0.00,0.00,,yes,18.0,33,1.871,0,3,0.327,0.248,-19,7
13.47,FLYING,APPROACH,1,freshripe,0.72,0.63,1.3,100,0,14,15,-16,43,OPTOMOTOR,,1.09,0.07,0.02,0.00,1.75,0.00,0.00,,yes,19.4,29,-0.919,2,3,0.133,0.278,-19,3
13.53,FLYING,APPROACH,1,freshripe,0.72,0.63,1.3,100,0,14,15,-18,43,CRUISE,,0.97,0.08,0.01,0.00,1.22,0.00,0.00,,yes,18.0,33,-1.981,0,0,0.033,0.242,-19,1
13.58,FLYING,APPROACH,2,rotten,0.48,0.74,1.1,100,0,14,15,-21,43,CRUISE,,0.90,0.09,0.01,0.00,0.87,0.00,0.00,,yes,18.8,31,0.259,6,5,-0.149,0.461,-18,-3
13.64,FLYING,APPROACH,0,,,,,100,0,14,9,-14,43,CRUISE,,0.87,0.09,0.01,0.00,0.61,0.00,0.00,,yes,18.2,32,-0.994,4,5,-0.134,0.560,-11,-3
13.69,FLYING,APPROACH,0,,,,,100,0,14,6,-6,43,CRUISE,,0.86,0.07,0.00,0.00,0.87,0.00,0.00,,yes,18.3,32,0.765,2,6,0.045,0.625,-7,1
13.75,FLYING,APPROACH,0,,,,,100,0,14,4,-5,43,CRUISE,,0.85,0.05,0.00,0.00,0.61,0.00,0.00,,yes,17.7,34,0.329,6,6,0.024,0.767,-5,0
13.80,FLYING,APPROACH,0,,,,,100,0,14,2,-1,43,CRUISE,,0.84,0.04,0.03,0.00,1.31,0.00,0.00,,yes,17.9,33,2.923,0,4,0.114,0.579,-3,2
13.86,FLYING,APPROACH,0,,,,,100,0,14,1,4,43,CRUISE,,0.88,0.09,0.20,0.00,0.92,0.00,0.00,,yes,18.2,32,4.129,0,7,0.296,0.517,-2,6
13.91,FLYING,APPROACH,0,,,,,100,0,14,1,8,43,OPTOMOTOR,,0.84,0.12,0.29,0.00,0.64,0.00,0.00,,yes,18.5,32,1.798,0,7,0.470,0.496,-1,9
13.97,FLYING,APPROACH,0,,,,,100,0,14,0,11,43,OPTOMOTOR,,0.83,0.27,0.19,0.00,0.45,0.00,0.00,,yes,18.3,32,2.846,0,5,0.554,0.460,0,11
14.02,FLYING,APPROACH,0,,,,,100,0,14,0,11,43,OPTOMOTOR,,0.64,0.35,0.10,0.00,0.31,0.00,0.00,,yes,18.4,32,0.930,1,7,0.544,0.512,0,11
14.08,FLYING,APPROACH,0,,,,,100,0,14,0,10,43,OPTOMOTOR,,0.53,0.35,0.06,0.00,0.87,0.00,0.00,,yes,18.3,32,1.265,1,6,0.481,0.550,0,10
14.13,FLYING,APPROACH,0,,,,,100,0,14,0,8,43,OPTOMOTOR,,0.49,0.35,0.18,0.00,0.61,0.00,0.00,,yes,18.2,32,1.766,0,5,0.385,0.448,0,8
14.18,FLYING,APPROACH,0,,,,,100,0,14,0,5,43,OPTOMOTOR,,0.66,0.52,0.24,0.00,1.31,0.00,0.00,,yes,18.3,32,0.926,4,5,0.267,0.524,0,5
14.24,FLYING,APPROACH,0,,,,,100,0,14,0,4,43,CRUISE,,0.78,0.68,0.12,0.00,0.92,0.00,0.00,,yes,18.3,32,0.101,5,8,0.207,0.729,0,4
14.29,FLYING,APPROACH,0,,,,,100,0,14,0,4,43,OPTOMOTOR,,0.85,0.76,0.06,0.00,0.64,0.00,0.00,,yes,18.4,31,0.048,6,7,0.202,0.844,0,4
14.35,FLYING,APPROACH,0,,,,,100,0,14,0,5,43,OPTOMOTOR,,0.50,0.57,0.03,0.00,0.45,0.00,0.00,,yes,18.6,32,0.008,6,7,0.247,0.938,0,5
14.40,FLYING,APPROACH,0,,,,,100,0,14,0,2,43,CRUISE,,0.32,0.46,0.03,0.00,0.31,0.00,0.00,,yes,18.4,32,0.057,6,7,0.110,0.933,0,2
14.46,FLYING,APPROACH,0,,,,,100,0,14,0,4,43,CRUISE,,0.20,0.24,0.02,0.00,0.22,0.00,0.00,,yes,18.4,32,0.065,5,8,0.210,0.973,0,4
14.51,FLYING,APPROACH,0,,,,,100,0,14,0,6,43,CRUISE,,0.15,0.14,0.04,0.00,0.44,0.00,0.00,,yes,18.4,32,1.450,1,7,0.282,0.800,0,6
14.57,FLYING,APPROACH,0,,,,,100,0,14,0,6,43,OPTOMOTOR,,0.56,0.36,0.31,0.00,0.31,0.00,0.00,,yes,17.8,33,0.467,5,7,0.293,0.865,0,6
14.62,FLYING,APPROACH,1,rotten,0.40,0.73,1.0,100,0,15,4,2,43,CRUISE,,0.76,0.48,0.44,0.00,0.21,0.00,0.00,,yes,19.6,29,0.781,4,7,0.203,0.854,-2,4
14.67,FLYING,APPROACH,1,rotten,0.40,0.73,1.0,100,0,15,6,2,43,OPTOMOTOR,,0.43,0.51,0.25,0.00,0.15,0.00,0.00,,yes,18.4,33,0.210,6,8,0.246,0.948,-3,5
14.72,FLYING,APPROACH,1,,,,,100,0,15,4,1,43,OPTOMOTOR,,0.26,0.51,0.14,0.00,0.10,0.00,0.00,,yes,19.2,30,0.202,6,7,0.135,0.967,-2,3
14.78,FLYING,APPROACH,1,,,,,100,0,15,2,-3,43,CRUISE,,0.17,0.45,0.08,0.00,0.07,0.00,0.00,,yes,18.0,33,-0.143,6,6,-0.095,0.959,-1,-2
14.83,FLYING,APPROACH,1,freshripe,0.32,0.59,1.1,100,0,15,6,-3,43,CRUISE,,0.12,0.35,0.08,0.00,0.05,0.00,0.00,,yes,18.2,33,-0.067,6,7,0.016,0.974,-3,0
14.89,FLYING,APPROACH,1,freshripe,0.32,0.59,1.1,100,0,15,8,-6,43,CRUISE,,0.09,0.22,0.07,0.00,0.04,0.00,0.00,,yes,18.1,32,-0.338,5,5,-0.058,0.939,-5,-1
14.94,FLYING,APPROACH,1,freshripe,0.43,0.59,1.0,100,0,15,9,-10,43,OPTOMOTOR,,0.07,0.14,0.06,0.00,0.03,0.00,0.00,,yes,19.4,29,-0.580,6,7,-0.216,0.934,-6,-4
15.00,FLYING,APPROACH,1,freshripe,0.43,0.59,1.0,100,0,15,10,-9,43,CRUISE,,0.07,0.10,0.04,0.00,0.44,0.00,0.00,,yes,18.1,33,-0.662,5,5,-0.151,0.845,-6,-3
15.05,FLYING,APPROACH,1,rotten,0.53,0.68,0.9,100,0,15,10,-10,43,OPTOMOTOR,,0.41,0.27,0.02,0.00,0.31,0.00,0.00,,yes,19.8,29,-0.782,3,5,-0.148,0.785,-7,-3
15.10,FLYING,APPROACH,1,rotten,0.53,0.68,0.9,100,0,15,11,-10,43,CRUISE,,0.58,0.35,0.01,0.00,0.44,0.00,0.00,,yes,18.3,32,-0.813,3,4,-0.143,0.718,-7,-3
15.15,FLYING,APPROACH,1,rotten,0.48,0.51,1.1,100,0,15,11,-11,43,CRUISE,,0.65,0.40,0.12,0.00,0.31,0.00,0.00,,yes,19.5,29,-0.888,5,4,-0.177,0.676,-7,-4
15.21,FLYING,APPROACH,1,rotten,0.48,0.51,1.1,100,0,15,11,-10,43,CRUISE,,0.69,0.69,0.50,0.00,0.87,0.00,0.00,,yes,18.3,32,-0.804,5,6,-0.170,0.733,-7,-3
15.26,FLYING,APPROACH,1,rotten,0.57,0.71,1.1,100,0,15,12,-10,43,OPTOMOTOR,,0.71,0.84,0.69,0.00,0.61,0.00,0.00,,yes,19.6,29,-0.697,3,5,-0.140,0.637,-7,-3
15.31,FLYING,APPROACH,1,rotten,0.57,0.71,1.1,100,0,15,12,-10,43,CRUISE,,1.13,0.76,0.69,0.00,0.87,0.00,0.00,,yes,18.1,33,-0.246,6,8,-0.100,0.811,-8,-2
15.37,FLYING,APPROACH,1,rotten,0.28,0.84,1.2,100,0,15,12,-5,43,CRUISE,,1.45,0.71,0.34,0.00,0.61,0.00,0.00,,yes,19.5,29,1.179,1,7,0.164,0.709,-8,3
15.42,FLYING,APPROACH,1,rotten,0.28,0.84,1.2,100,0,15,12,-6,43,CRUISE,,1.61,1.09,0.17,0.00,0.87,0.00,0.00,,yes,18.2,32,0.211,6,7,0.098,0.833,-8,2
15.47,FLYING,APPROACH,1,rotten,0.33,0.55,1.0,100,0,15,12,-2,43,CRUISE,,1.61,1.28,0.09,0.00,0.61,0.04,0.00,,yes,19.3,30,0.949,1,7,0.271,0.764,-7,5
15.53,FLYING,APPROACH,1,rotten,0.33,0.55,1.0,100,0,15,12,-1,43,OPTOMOTOR,,1.17,1.44,0.04,0.00,0.44,0.04,0.04,,yes,18.0,33,1.494,0,5,0.297,0.654,-7,6
15.58,FLYING,APPROACH,1,freshripe,0.48,0.71,0.9,100,0,15,12,-3,43,OPTOMOTOR,,0.66,1.91,0.14,0.15,0.31,0.34,0.34,,yes,19.7,29,1.610,0,3,0.260,0.483,-7,4
15.63,FLYING,APPROACH,0,,,,,100,0,15,7,-2,43,AVOID_RIGHT,,0.40,2.14,0.18,0.41,0.44,0.39,0.39,,yes,18.5,32,0.368,5,7,0.139,0.601,-4,2
15.69,FLYING,APPROACH,0,,,,,100,0,15,5,-1,43,AVOID_RIGHT,,0.33,1.20,0.09,0.53,0.31,0.00,0.00,,yes,18.2,32,1.942,0,3,0.243,0.524,-3,2
15.74,FLYING,APPROACH,0,,,,,100,0,15,3,4,43,AVOID_RIGHT,,0.31,0.71,0.05,0.30,0.87,0.00,0.00,,yes,18.3,32,0.756,3,8,0.350,0.591,-1,5
15.79,FLYING,APPROACH,1,rotten,0.29,0.91,0.7,100,0,15,5,5,43,OPTOMOTOR,,0.35,0.46,0.07,0.17,0.61,0.00,0.00,,yes,19.5,29,1.365,0,5,0.390,0.528,-1,6
15.85,FLYING,APPROACH,1,rotten,0.29,0.91,0.7,100,0,15,7,5,43,OPTOMOTOR,,0.44,0.38,0.10,0.09,0.43,0.00,0.00,,yes,18.1,32,0.191,5,8,0.270,0.731,0,5
15.90,FLYING,APPROACH,1,freshripe,0.28,0.55,1.2,100,0,15,8,2,43,OPTOMOTOR,,0.49,0.37,0.15,0.05,0.44,0.00,0.00,,yes,19.4,29,0.561,5,5,0.094,0.788,0,2
15.95,FLYING,APPROACH,0,,,,,100,0,15,5,2,43,CRUISE,,0.65,0.47,0.46,0.03,0.31,0.00,0.00,,yes,18.4,32,0.619,5,6,0.090,0.839,0,2
16.01,FLYING,APPROACH,0,,,,,100,0,15,3,1,43,CRUISE,,0.73,0.52,0.61,0.02,0.21,0.00,0.00,,yes,18.8,31,0.252,6,7,0.071,0.892,0,1
16.06,FLYING,APPROACH,0,,,,,100,0,15,2,3,43,CRUISE,,0.60,0.41,0.42,0.01,0.15,0.00,0.00,,yes,18.2,32,0.370,6,7,0.136,0.936,0,3
16.12,FLYING,APPROACH,0,,,,,100,0,15,1,2,43,CRUISE,,0.54,0.35,0.23,0.01,0.44,0.00,0.00,,yes,18.5,32,0.411,6,7,0.110,0.946,0,2
16.17,FLYING,APPROACH,0,,,,,100,0,15,1,0,43,CRUISE,,0.51,0.64,0.13,0.00,0.31,0.00,0.00,,yes,18.3,32,0.168,6,8,0.001,0.971,0,0
16.23,FLYING,APPROACH,0,,,,,100,0,15,0,0,43,CRUISE,,0.49,0.79,0.07,0.00,0.87,0.00,0.00,,yes,18.5,31,0.386,6,7,-0.024,0.995,0,0
16.28,FLYING,APPROACH,0,,,,,100,0,15,0,-1,43,CRUISE,,0.49,0.56,0.13,0.00,0.61,0.00,0.00,,yes,18.0,33,0.171,6,8,-0.036,0.998,0,-1
16.34,FLYING,APPROACH,0,,,,,100,0,15,0,1,43,CRUISE,,0.52,0.44,0.17,0.00,0.87,0.00,0.00,,yes,18.3,32,0.314,5,7,0.055,0.991,0,1
16.40,FLYING,APPROACH,0,,,,,100,0,15,0,0,43,CRUISE,,1.20,0.77,0.54,0.00,0.61,0.00,0.00,,yes,15.5,42,0.154,6,8,0.000,1.000,0,0
16.45,FLYING,APPROACH,1,freshripe,0.32,0.64,1.1,100,0,15,4,0,43,CRUISE,,1.53,0.93,0.73,0.00,0.43,0.09,0.00,,yes,19.4,30,0.081,6,8,-0.001,1.000,0,0
16.51,FLYING,APPROACH,0,,,,,100,0,15,2,-2,43,CRUISE,,0.84,0.69,0.37,0.00,0.30,0.00,0.00,,yes,18.3,32,0.050,6,7,-0.085,0.972,0,-2
16.56,FLYING,APPROACH,0,,,,,100,0,15,1,-2,43,CRUISE,,0.49,0.57,0.18,0.00,0.87,0.00,0.00,,yes,18.5,32,0.062,6,7,-0.104,0.981,0,-2
16.62,FLYING,APPROACH,0,,,,,100,0,15,1,-1,43,CRUISE,,0.37,0.82,0.27,0.00,0.87,0.00,0.00,,yes,18.2,32,0.255,6,7,-0.040,1.000,0,-1
16.67,FLYING,APPROACH,0,,,,,100,0,15,0,1,43,CRUISE,,0.65,0.94,0.56,0.00,0.61,0.00,0.00,,yes,18.1,33,0.696,5,7,0.074,0.963,0,1
16.72,FLYING,APPROACH,0,,,,,100,0,15,0,3,43,CRUISE,,0.79,0.85,0.70,0.00,0.43,0.00,0.00,,yes,18.5,31,0.379,5,8,0.160,0.976,0,3
16.78,FLYING,APPROACH,0,,,,,100,0,15,0,1,43,CRUISE,,0.65,0.76,0.37,0.00,0.30,0.00,0.00,,yes,18.2,32,0.097,6,7,0.046,0.998,0,1
16.83,FLYING,APPROACH,0,,,,,100,0,15,0,2,43,CRUISE,,0.42,0.50,0.19,0.00,0.21,0.00,0.00,,yes,18.2,32,0.218,6,8,0.076,1.000,0,2
16.89,FLYING,APPROACH,0,,,,,100,0,15,0,2,43,CRUISE,,0.30,0.36,0.09,0.00,0.44,0.00,0.00,,yes,18.3,32,0.246,5,8,0.124,1.000,0,2
16.94,FLYING,APPROACH,0,,,,,100,0,15,0,3,43,CRUISE,,0.32,0.49,0.05,0.00,0.31,0.00,0.00,,yes,18.4,32,0.112,5,8,0.151,0.989,0,3
17.00,FLYING,APPROACH,0,,,,,100,0,15,0,1,43,CRUISE,,0.33,0.55,0.02,0.00,0.87,0.00,0.00,,yes,18.5,32,0.285,6,8,0.041,1.000,0,1
17.05,FLYING,APPROACH,0,,,,,100,0,15,0,2,43,CRUISE,,0.25,0.62,0.01,0.00,0.61,0.00,0.00,,yes,18.4,32,0.250,5,9,0.104,1.000,0,2
17.11,FLYING,APPROACH,0,,,,,100,0,15,0,0,43,CRUISE,,0.21,0.66,0.01,0.00,0.43,0.00,0.00,,yes,18.3,32,0.100,6,8,0.015,1.000,0,0
17.16,FLYING,APPROACH,0,,,,,100,0,15,0,-2,43,CRUISE,,0.19,0.44,0.00,0.00,0.30,0.00,0.00,,yes,18.5,31,0.167,6,7,-0.095,0.984,0,-2
17.22,FLYING,APPROACH,0,,,,,100,0,15,0,0,43,CRUISE,,0.21,0.33,0.00,0.00,0.44,0.00,0.00,,yes,18.3,32,0.077,6,7,-0.005,0.987,0,0
17.27,FLYING,APPROACH,1,freshripe,0.27,0.68,0.7,100,0,15,3,0,43,CRUISE,,0.27,0.39,0.18,0.00,0.31,0.00,0.00,,yes,19.3,30,0.123,6,9,0.000,1.000,0,0
17.32,FLYING,APPROACH,1,freshripe,0.27,0.68,0.7,100,0,15,6,-1,43,CRUISE,,0.49,0.44,0.35,0.00,0.21,0.00,0.00,,yes,18.1,32,0.135,5,6,-0.038,0.966,0,-1
17.37,FLYING,APPROACH,1,rotten,0.60,0.55,0.8,100,0,15,8,0,43,CRUISE,,0.60,0.47,0.44,0.00,0.44,0.00,0.00,,yes,19.8,29,0.080,6,8,0.000,1.000,0,0
17.43,FLYING,APPROACH,1,rotten,0.60,0.55,0.8,100,0,15,9,2,43,CRUISE,,0.31,0.48,0.22,0.00,0.31,0.00,0.00,,yes,18.1,32,0.233,5,7,0.078,0.998,0,2
17.49,FLYING,APPROACH,1,rotten,0.28,0.90,0.8,100,0,15,10,0,43,CRUISE,,0.17,0.43,0.11,0.00,0.21,0.00,0.00,,yes,16.3,29,0.151,6,8,0.000,1.000,0,0
17.54,FLYING,APPROACH,0,,,,,100,0,15,6,2,43,CRUISE,,0.10,0.29,0.06,0.00,0.15,0.00,0.00,,yes,18.6,31,0.054,5,8,0.081,1.000,0,2
17.60,FLYING,APPROACH,0,,,,,100,0,15,4,3,43,CRUISE,,0.07,0.22,0.03,0.00,0.44,0.00,0.00,,yes,18.2,32,0.147,5,7,0.127,1.000,0,3
17.65,FLYING,APPROACH,0,,,,,100,0,15,2,3,43,CRUISE,,0.06,0.60,0.01,0.00,0.31,0.00,0.00,,yes,18.4,32,0.165,5,7,0.153,0.994,0,3
17.71,FLYING,APPROACH,0,,,,,100,0,15,1,1,43,CRUISE,,0.07,0.79,0.01,0.00,0.44,0.00,0.00,,yes,18.0,33,0.081,6,8,0.042,0.998,0,1
17.76,FLYING,APPROACH,1,rotten,0.31,0.60,1.0,100,0,15,5,0,43,CRUISE,,0.10,0.80,0.00,0.00,0.31,0.00,0.00,,yes,19.5,29,0.105,6,6,0.020,0.976,0,0
17.82,FLYING,APPROACH,1,rotten,0.31,0.60,1.0,100,0,15,7,1,43,CRUISE,,0.12,0.71,0.01,0.00,0.44,0.00,0.00,,yes,17.9,33,0.064,6,8,0.038,0.974,0,1
17.87,FLYING,APPROACH,1,freshripe,0.46,0.57,0.7,100,0,15,9,1,43,CRUISE,,0.10,0.53,0.05,0.00,0.31,0.00,0.00,,yes,19.5,29,0.028,5,6,0.038,0.958,0,1
17.93,FLYING,APPROACH,1,freshripe,0.46,0.57,0.7,100,0,15,10,0,43,CRUISE,,0.09,0.44,0.18,0.00,0.21,0.00,0.00,,yes,17.2,36,0.017,6,8,0.017,0.992,0,0
17.98,FLYING,APPROACH,1,rotten,0.41,0.47,0.8,100,0,15,10,0,43,CRUISE,,0.30,0.48,0.37,0.00,0.15,0.00,0.00,,yes,19.2,30,-0.030,6,7,0.000,1.000,0,0
18.03,FLYING,APPROACH,1,rotten,0.41,0.47,0.8,100,0,15,11,1,43,CRUISE,,0.40,0.50,0.47,0.00,0.10,0.00,0.00,,yes,18.0,33,-0.035,5,7,0.066,0.996,0,1
18.08,FLYING,APPROACH,1,freshripe,0.41,0.51,0.8,100,0,15,11,-4,43,CRUISE,,0.29,0.37,0.35,0.00,0.07,0.00,0.00,,yes,19.5,29,-0.030,6,5,-0.196,0.956,0,-4
18.14,FLYING,APPROACH,0,,,,,100,0,15,7,-1,43,CRUISE,,0.23,0.30,0.29,0.00,0.44,0.00,0.00,,yes,18.4,32,-0.011,6,7,-0.045,0.972,0,-1
18.19,FLYING,APPROACH,0,,,,,100,0,15,4,0,43,CRUISE,,0.42,0.35,0.41,0.00,0.31,0.00,0.00,,yes,18.3,32,-0.011,6,8,0.000,1.000,0,0
18.25,FLYING,APPROACH,0,,,,,100,0,15,3,1,43,CRUISE,,0.52,0.38,0.47,0.00,0.21,0.00,0.00,,yes,18.2,32,0.010,5,7,0.056,0.986,0,1
18.30,FLYING,APPROACH,0,,,,,100,0,15,2,0,43,CRUISE,,0.31,0.39,0.28,0.00,0.44,0.00,0.00,,yes,18.5,32,0.121,6,8,-0.004,0.965,0,0
18.36,FLYING,APPROACH,0,,,,,100,0,15,1,2,43,CRUISE,,0.16,0.90,0.17,0.00,0.31,0.00,0.00,,yes,18.3,32,0.459,6,8,0.087,0.982,0,2
18.41,FLYING,APPROACH,0,,,,,100,0,15,0,2,43,CRUISE,,0.09,1.15,0.11,0.00,0.21,0.01,0.01,,yes,18.6,32,0.279,6,8,0.107,0.991,0,2
18.46,FLYING,APPROACH,0,,,,,100,0,15,0,0,43,CRUISE,,0.09,0.85,0.09,0.00,0.15,0.00,0.00,,yes,18.3,32,0.226,6,7,-0.009,0.992,0,0
18.52,FLYING,APPROACH,0,,,,,100,0,15,0,-3,43,CRUISE,,0.10,0.70,0.09,0.00,0.10,0.00,0.00,,yes,17.9,33,0.220,6,6,-0.142,0.973,0,-3
18.57,FLYING,APPROACH,1,,,,,100,0,15,0,-2,43,OPTOMOTOR,,0.13,0.57,0.08,0.00,0.07,0.00,0.00,,yes,19.6,29,0.090,6,8,-0.103,0.986,0,-2
18.63,FLYING,APPROACH,1,,,,,100,0,15,0,-1,43,CRUISE,,0.16,0.58,0.08,0.00,0.87,0.00,0.00,,yes,18.2,32,0.144,6,8,-0.066,0.979,0,-1
18.68,FLYING,APPROACH,1,freshripe,0.32,0.85,0.8,100,0,15,4,1,43,CRUISE,,0.19,1.01,0.08,0.00,0.61,0.00,0.00,,yes,19.3,30,0.184,6,8,0.052,0.990,0,1
18.73,FLYING,APPROACH,0,,,,,100,0,15,2,0,43,CRUISE,,0.21,1.22,0.09,0.00,0.44,0.00,0.00,,yes,18.5,31,0.049,5,7,0.004,0.958,0,0
18.79,FLYING,APPROACH,0,,,,,100,0,15,1,3,43,CRUISE,,0.13,1.29,0.09,0.00,0.31,0.03,0.03,,yes,18.2,32,0.104,5,8,0.145,0.987,0,3
18.84,FLYING,APPROACH,0,,,,,100,0,15,1,1,43,CRUISE,,0.08,1.20,0.09,0.00,0.87,0.00,0.00,,yes,18.5,31,0.012,6,8,0.038,1.000,0,1
18.90,FLYING,APPROACH,0,,,,,100,0,15,0,-2,43,CRUISE,,0.06,1.16,0.08,0.00,0.61,0.00,0.00,,yes,18.1,32,0.112,6,5,-0.113,0.978,0,-2
18.95,FLYING,APPROACH,1,,,,,100,0,15,0,0,43,CRUISE,,0.05,1.16,0.10,0.00,1.31,0.00,0.00,,yes,19.7,29,0.356,5,7,0.024,0.979,0,0
19.00,FLYING,APPROACH,1,,,,,100,0,15,0,0,43,CRUISE,,0.25,1.51,0.19,0.00,0.92,0.00,0.00,,yes,18.1,32,0.261,6,7,-0.006,0.999,0,0
19.05,FLYING,APPROACH,1,freshripe,0.25,0.88,0.8,100,0,15,4,1,43,CRUISE,,0.35,1.68,0.23,0.00,0.64,0.06,0.06,,yes,19.4,29,0.311,6,8,0.047,1.000,0,1
19.11,FLYING,APPROACH,0,,,,,100,0,15,2,0,43,CRUISE,,0.20,1.01,0.24,0.00,0.45,0.00,0.00,,yes,18.4,32,0.054,6,8,0.000,1.000,0,0
19.16,FLYING,APPROACH,0,,,,,100,0,15,1,0,43,CRUISE,,0.13,0.67,0.25,0.00,0.87,0.00,0.00,,yes,18.3,32,-0.058,6,7,0.000,1.000,0,0
19.22,FLYING,APPROACH,0,,,,,100,0,15,1,0,43,CRUISE,,0.09,0.75,0.23,0.00,0.61,0.00,0.00,,yes,18.4,32,-0.070,6,8,0.000,1.000,0,0
19.27,FLYING,APPROACH,0,,,,,100,0,15,0,0,43,CRUISE,,0.08,0.79,0.23,0.00,0.43,0.00,0.00,,yes,18.3,32,-0.036,6,8,0.000,1.000,0,0
19.33,FLYING,APPROACH,0,,,,,100,0,15,0,0,43,CRUISE,,0.08,0.65,0.22,0.00,0.44,0.00,0.00,,yes,18.2,32,-0.097,5,8,0.011,0.990,0,0
19.38,FLYING,APPROACH,0,,,,,100,0,15,0,-4,43,CRUISE,,0.08,0.58,0.16,0.00,0.31,0.00,0.00,,yes,18.4,32,-0.049,6,6,-0.201,0.958,0,-4
19.44,FLYING,APPROACH,0,,,,,100,0,15,0,-1,43,CRUISE,,0.07,0.55,0.11,0.00,0.21,0.00,0.00,,yes,17.3,35,-0.054,6,7,-0.059,0.973,0,-1
19.49,FLYING,APPROACH,0,,,,,100,0,15,0,0,43,CRUISE,,0.07,0.35,0.08,0.00,0.15,0.00,0.00,,yes,19.1,29,0.036,5,6,-0.017,0.957,0,0
19.55,FLYING,APPROACH,0,,,,,100,0,15,0,0,43,CRUISE,,0.07,0.21,0.07,0.00,0.10,0.00,0.00,,yes,18.4,32,-0.018,6,8,0.013,1.000,0,0
19.60,FLYING,APPROACH,0,,,,,100,0,15,0,1,43,CRUISE,,0.06,0.14,0.06,0.00,0.07,0.00,0.00,,yes,18.3,32,0.022,6,7,0.034,0.986,0,1
19.66,FLYING,APPROACH,0,,,,,100,0,15,0,0,43,CRUISE,,0.06,0.10,0.06,0.00,0.44,0.00,0.00,,yes,18.4,32,0.166,6,8,-0.016,0.965,0,0
19.71,FLYING,APPROACH,0,,,,,100,0,15,0,-2,43,CRUISE,,0.15,0.22,0.14,0.00,0.31,0.00,0.00,,yes,18.1,32,0.214,6,6,-0.086,0.943,0,-2
19.76,FLYING,APPROACH,2,,,,,100,0,15,0,0,43,CRUISE,,0.19,0.32,0.18,0.00,0.44,0.00,0.00,,yes,18.9,31,0.526,5,7,-0.011,0.946,0,0
19.82,FLYING,APPROACH,0,,,,,100,0,15,0,0,43,CRUISE,,0.11,0.58,0.13,0.00,0.31,0.00,0.00,,yes,18.4,32,0.326,5,6,0.010,0.942,0,0
19.87,FLYING,APPROACH,0,,,,,100,0,15,0,0,43,CRUISE,,0.07,0.71,0.09,0.00,0.21,0.00,0.00,,yes,18.3,32,0.155,6,7,-0.019,0.979,0,0
19.93,FLYING,APPROACH,0,,,,,100,0,15,0,4,43,CRUISE,,0.05,0.74,0.07,0.00,0.44,0.00,0.00,,yes,18.4,32,0.348,5,7,0.183,0.965,0,4
19.98,FLYING,APPROACH,1,,,,,100,0,15,0,1,43,CRUISE,,0.03,0.76,0.06,0.00,0.31,0.00,0.00,,yes,19.4,30,0.274,6,8,0.069,1.000,0,1
20.03,FLYING,APPROACH,1,,,,,100,0,15,0,2,43,CRUISE,,0.02,0.77,0.07,0.00,0.44,0.00,0.00,,yes,18.3,33,0.071,5,7,0.120,0.984,0,2
20.08,FLYING,APPROACH,1,rotten,0.40,0.59,1.2,100,0,15,3,0,43,CRUISE,,0.13,0.60,0.15,0.00,0.31,0.00,0.00,,yes,19.6,30,0.105,6,8,0.024,1.000,0,0
20.14,FLYING,APPROACH,1,rotten,0.40,0.59,1.2,100,0,15,6,-2,43,CRUISE,,0.18,0.47,0.19,0.00,0.21,0.00,0.00,,yes,18.2,32,0.008,6,7,-0.109,0.980,0,-2
20.19,FLYING,APPROACH,1,freshripe,0.28,0.61,1.3,100,0,15,8,0,43,CRUISE,,0.14,0.33,0.13,0.00,0.15,0.00,0.00,,yes,19.3,30,0.073,5,7,0.022,0.980,0,0
20.25,FLYING,APPROACH,1,freshripe,0.28,0.61,1.3,100,0,15,9,-3,43,CRUISE,,0.09,0.26,0.09,0.00,0.44,0.00,0.00,,yes,18.2,32,0.038,6,5,-0.172,0.962,0,-3
20.30,FLYING,APPROACH,1,rotten,0.22,0.54,1.1,100,0,15,10,-4,43,CRUISE,,0.05,0.55,0.06,0.00,0.31,0.00,0.00,,yes,19.5,29,0.089,6,6,-0.214,0.956,0,-4
20.35,FLYING,APPROACH,1,rotten,0.22,0.54,1.1,100,0,15,10,-1,43,CRUISE,,0.03,0.69,0.05,0.00,0.21,0.00,0.00,,yes,18.1,33,0.088,5,7,-0.053,0.967,0,-1
20.40,FLYING,APPROACH,1,rotten,0.63,0.68,1.1,100,0,15,10,-2,43,CRUISE,,0.04,0.49,0.05,0.00,0.15,0.00,0.00,,yes,19.3,30,0.032,6,7,-0.104,0.978,0,-2
20.46,FLYING,APPROACH,1,rotten,0.63,0.68,1.1,100,0,15,11,-3,43,CRUISE,,0.05,0.35,0.05,0.00,0.10,0.00,0.00,,yes,18.3,32,0.041,6,5,-0.161,0.946,0,-3
20.51,FLYING,APPROACH,1,freshripe,0.68,0.62,1.3,100,0,15,11,-2,43,CRUISE,,0.06,0.25,0.05,0.00,0.07,0.00,0.00,,yes,19.3,30,0.072,6,7,-0.097,0.981,0,-2
20.57,FLYING,APPROACH,1,freshripe,0.68,0.62,1.3,100,0,15,11,-3,43,CRUISE,,0.06,0.20,0.05,0.00,0.05,0.00,0.00,,yes,18.2,32,0.031,6,6,-0.143,0.952,0,-3
20.62,FLYING,APPROACH,1,freshripe,0.43,0.73,1.1,100,0,15,11,-1,43,CRUISE,,0.06,0.18,0.06,0.00,0.44,0.00,0.00,,yes,19.4,29,0.019,6,7,-0.133,0.941,2,-3
20.67,FLYING,APPROACH,1,freshripe,0.43,0.73,1.1,100,0,15,11,2,43,CRUISE,,0.03,0.55,0.17,0.00,0.31,0.00,0.00,,yes,18.0,33,0.218,6,8,-0.050,0.954,3,-1
20.72,FLYING,APPROACH,1,freshripe,0.54,0.93,1.1,100,0,15,11,3,43,CRUISE,,0.02,0.73,0.23,0.00,0.21,0.00,0.00,,yes,19.6,29,0.301,6,6,-0.043,0.952,4,-1
20.78,FLYING,APPROACH,1,freshripe,0.54,0.93,1.1,100,0,15,11,4,43,CRUISE,,0.04,0.61,0.15,0.00,0.15,0.00,0.00,,yes,17.9,33,0.364,5,7,0.014,0.950,4,0
20.83,FLYING,APPROACH,1,freshripe,0.52,0.92,1.1,100,0,15,11,4,43,CRUISE,,0.05,0.45,0.11,0.00,0.10,0.00,0.00,,yes,19.4,29,0.421,6,6,-0.069,0.935,5,-1
20.89,FLYING,APPROACH,1,freshripe,0.52,0.92,1.1,100,0,15,11,1,43,CRUISE,,0.06,0.37,0.09,0.00,0.07,0.00,0.00,,yes,18.2,32,0.462,6,5,-0.207,0.936,5,-4
20.94,FLYING,APPROACH,1,freshripe,0.48,0.79,1.2,100,0,15,11,3,43,CRUISE,,0.06,0.30,0.08,0.00,0.05,0.00,0.00,,yes,18.2,33,0.528,5,7,0.001,0.928,3,0
21.00,FLYING,APPROACH,1,freshripe,0.48,0.79,1.2,100,0,15,11,2,43,CRUISE,,0.06,0.27,0.08,0.00,0.04,0.00,0.00,,yes,18.0,33,0.296,6,7,-0.024,0.970,2,0
21.05,FLYING,APPROACH,1,freshripe,0.37,0.72,1.5,100,0,15,11,1,43,CRUISE,,0.07,0.27,0.10,0.00,0.03,0.00,0.00,,yes,19.5,29,0.178,6,8,0.013,0.970,1,0
21.10,FLYING,APPROACH,1,freshripe,0.37,0.72,1.5,100,0,15,11,0,43,CRUISE,,0.07,0.33,0.11,0.00,0.44,0.00,0.00,,yes,18.0,33,0.081,5,7,-0.017,0.947,0,0
21.16,FLYING,APPROACH,1,rotten,0.36,0.50,1.2,100,0,15,11,3,43,CRUISE,,0.07,0.67,0.10,0.00,0.31,0.00,0.00,,yes,19.2,29,-0.030,5,8,0.154,0.981,0,3
21.21,FLYING,APPROACH,1,rotten,0.36,0.50,1.2,100,0,15,11,3,43,CRUISE,,0.06,0.83,0.09,0.00,0.44,0.00,0.00,,yes,18.2,33,-0.005,5,7,0.135,0.967,0,3
21.26,FLYING,APPROACH,1,freshripe,0.28,0.78,1.0,100,0,15,10,-2,43,CRUISE,,0.03,0.88,0.19,0.00,0.31,0.00,0.00,,yes,19.5,30,-0.014,6,6,-0.095,0.959,0,-2
21.32,FLYING,APPROACH,1,freshripe,0.28,0.78,1.0,100,0,15,10,1,43,CRUISE,,0.02,0.87,0.25,0.00,0.44,0.00,0.00,,yes,18.4,32,-0.076,5,7,0.047,0.969,0,1
21.37,FLYING,APPROACH,1,rotten,0.21,0.58,1.3,100,0,15,10,0,43,CRUISE,,0.11,0.60,0.27,0.00,0.31,0.00,0.00,,yes,19.1,30,-0.260,6,8,0.018,0.998,0,0
21.42,FLYING,APPROACH,1,rotten,0.21,0.58,1.3,100,0,15,10,-3,43,CRUISE,,0.16,0.47,0.26,0.00,0.44,0.00,0.00,,yes,18.1,33,-0.748,5,6,-0.138,0.929,0,-3
21.48,FLYING,APPROACH,1,freshripe,0.20,0.93,1.1,100,0,15,10,-4,43,CRUISE,,0.14,0.80,0.17,0.00,0.31,0.00,0.00,,yes,19.5,29,-0.445,6,5,-0.189,0.904,0,-4
21.53,FLYING,APPROACH,1,freshripe,0.20,0.93,1.1,100,0,15,10,-4,43,CRUISE,,0.12,0.97,0.12,0.00,0.44,0.00,0.00,,yes,18.1,32,-1.065,5,4,-0.215,0.795,0,-4
21.58,FLYING,APPROACH,1,freshripe,0.20,0.77,1.3,100,0,15,9,-5,43,OPTOMOTOR,,0.07,0.72,0.18,0.00,0.31,0.00,0.00,,yes,19.5,29,-1.877,2,0,-0.262,0.514,0,-5
21.64,FLYING,APPROACH,1,freshripe,0.20,0.77,1.3,100,0,15,9,-6,43,OPTOMOTOR,,0.04,0.52,0.20,0.00,0.44,0.00,0.00,,yes,18.2,32,-1.028,4,1,-0.318,0.413,0,-6
21.69,FLYING,APPROACH,1,,,,,100,0,15,6,-6,43,OPTOMOTOR,,0.02,0.42,0.19,0.00,0.31,0.00,0.00,,yes,19.5,29,-2.029,2,0,-0.309,0.299,0,-6
21.74,FLYING,APPROACH,1,,,,,100,0,15,4,-5,43,OPTOMOTOR,,0.01,0.37,0.18,0.00,0.44,0.00,0.00,,yes,18.3,32,-0.779,5,5,-0.262,0.402,0,-5
21.79,FLYING,APPROACH,1,freshripe,0.40,0.89,1.4,100,0,15,5,-4,43,OPTOMOTOR,,0.16,0.36,0.19,0.00,0.31,0.00,0.00,,yes,19.5,30,-1.151,3,4,-0.222,0.431,0,-4
21.85,FLYING,APPROACH,1,freshripe,0.40,0.89,1.4,100,0,15,6,-3,43,CRUISE,,0.25,0.35,0.22,0.00,0.44,0.00,0.00,,yes,18.2,32,-0.466,6,8,-0.155,0.639,0,-3
21.90,FLYING,APPROACH,1,freshripe,0.49,0.84,1.3,100,0,15,7,-3,43,CRUISE,,0.34,0.34,0.23,0.00,0.31,0.00,0.00,,yes,19.5,29,-0.983,2,2,-0.150,0.507,0,-3
21.96,FLYING,APPROACH,1,freshripe,0.49,0.84,1.3,100,0,15,7,-5,43,CRUISE,,0.39,0.33,0.22,0.00,0.87,0.00,0.00,,yes,18.2,32,-1.630,2,0,-0.226,0.352,0,-5
22.01,FLYING,APPROACH,2,freshripe,0.54,0.93,1.4,100,0,15,8,-5,43,OPTOMOTOR,,0.22,0.55,0.19,0.00,0.61,0.00,0.00,,yes,18.9,31,-0.962,5,5,-0.228,0.432,0,-5
22.06,FLYING,APPROACH,2,freshripe,0.54,0.93,1.4,100,0,15,8,-5,43,OPTOMOTOR,,0.14,0.66,0.18,0.00,0.44,0.00,0.00,,yes,18.1,33,-2.090,2,0,-0.269,0.310,0,-5
22.12,FLYING,APPROACH,2,freshripe,0.35,0.82,1.5,100,0,15,8,-7,43,OPTOMOTOR,,0.84,0.64,0.21,0.00,0.31,0.00,0.00,,yes,18.9,31,-2.373,1,0,-0.368,0.222,0,-7
22.17,FLYING,APPROACH,2,freshripe,0.35,0.82,1.5,100,0,15,8,-8,43,OPTOMOTOR,,1.19,0.64,0.23,0.00,1.31,0.00,0.00,,yes,18.1,33,-1.288,2,0,-0.416,0.192,0,-8
22.22,FLYING,APPROACH,1,freshripe,0.41,0.90,1.2,100,0,15,8,-8,43,OPTOMOTOR,,1.21,0.71,0.24,0.00,0.92,0.00,0.00,,yes,19.5,29,-2.493,2,0,-0.413,0.189,0,-8
22.28,FLYING,APPROACH,1,freshripe,0.41,0.90,1.2,100,0,15,8,-8,43,OPTOMOTOR,,0.96,0.75,0.21,0.00,0.64,0.00,0.00,,yes,18.2,32,-1.161,2,1,-0.390,0.206,0,-8
22.33,FLYING,APPROACH,2,freshripe,0.28,0.87,1.5,100,0,15,8,-7,43,OPTOMOTOR,,0.83,0.56,0.27,0.00,0.87,0.00,0.00,,yes,18.9,31,-2.298,1,0,-0.372,0.164,0,-7
22.39,FLYING,APPROACH,2,freshripe,0.28,0.87,1.5,100,0,15,8,-7,43,OPTOMOTOR,,0.92,0.46,0.36,0.00,0.61,0.00,0.00,,yes,18.3,32,-2.382,1,0,-0.343,0.140,0,-7
22.44,FLYING,APPROACH,1,freshripe,0.54,0.86,1.4,100,0,15,8,-8,43,OPTOMOTOR,,0.96,0.40,0.40,0.00,0.44,0.00,0.00,,yes,19.4,29,-2.148,2,0,-0.339,0.131,-1,-7
22.49,FLYING,APPROACH,1,freshripe,0.54,0.86,1.4,100,0,15,8,-9,43,OPTOMOTOR,,0.75,0.36,0.32,0.00,0.31,0.00,0.00,,yes,18.2,32,-1.030,2,1,-0.375,0.160,-2,-7
22.55,FLYING,APPROACH,1,freshripe,0.37,0.80,1.6,100,0,15,8,-12,43,OPTOMOTOR,,0.57,0.30,0.25,0.00,0.21,0.00,0.00,,yes,17.9,34,-1.171,2,1,-0.390,0.190,-4,-8
22.60,FLYING,APPROACH,1,freshripe,0.37,0.80,1.6,100,0,15,8,-12,43,OPTOMOTOR,,0.48,0.19,0.20,0.00,0.15,0.00,0.00,,yes,18.0,33,-2.796,2,0,-0.331,0.145,-5,-7
22.66,FLYING,APPROACH,1,rotten,0.55,0.64,1.5,100,0,15,8,-11,43,OPTOMOTOR,,0.59,0.14,0.16,0.00,1.31,0.00,0.00,,yes,19.5,29,-3.231,1,0,-0.282,0.115,-5,-6
22.71,FLYING,APPROACH,1,rotten,0.55,0.64,1.5,100,0,15,8,-13,43,OPTOMOTOR,,0.79,0.22,0.14,0.00,0.92,0.00,0.00,,yes,18.3,32,-1.856,2,0,-0.342,0.131,-6,-7
22.76,FLYING,APPROACH,1,freshripe,0.61,0.83,1.6,100,0,15,5,-13,43,OPTOMOTOR,,0.88,0.26,0.13,0.00,0.64,0.00,0.00,,yes,19.4,29,-3.115,0,0,-0.276,0.103,-7,-6
22.82,FLYING,APPROACH,1,freshripe,0.61,0.83,1.6,100,0,15,3,-13,43,OPTOMOTOR,,0.93,0.22,0.15,0.00,0.45,0.00,0.00,,yes,18.2,32,-3.075,1,0,-0.289,0.105,-7,-6
22.87,FLYING,APPROACH,1,freshripe,0.56,0.83,1.5,100,0,15,2,-14,43,OPTOMOTOR,,0.78,0.19,0.16,0.00,0.44,0.00,0.00,,yes,19.6,29,-1.919,2,0,-0.309,0.112,-8,-6
22.92,FLYING,APPROACH,1,freshripe,0.56,0.83,1.5,100,0,15,1,-16,43,OPTOMOTOR,,0.68,0.17,0.17,0.00,0.31,0.00,0.00,,yes,18.1,32,-3.417,2,0,-0.358,0.130,-9,-7
22.97,FLYING,APPROACH,1,freshripe,0.62,0.74,1.9,100,0,15,3,-18,43,OPTOMOTOR,,0.59,0.15,0.17,0.00,0.87,0.00,0.00,,yes,19.8,29,-2.577,2,0,-0.385,0.140,-10,-8
23.03,FLYING,APPROACH,1,freshripe,0.62,0.74,1.9,100,0,15,5,-18,43,OPTOMOTOR,,0.47,0.13,0.16,0.00,0.61,0.00,0.00,,yes,18.3,32,-4.501,1,0,-0.350,0.126,-11,-7
23.08,FLYING,APPROACH,2,freshripe,0.55,0.69,2.2,100,0,15,6,-17,43,OPTOMOTOR,,0.41,0.12,0.15,0.00,0.44,0.00,0.00,,yes,19.0,30,-4.667,1,0,-0.256,0.090,-12,-5
23.13,FLYING,APPROACH,2,freshripe,0.55,0.69,2.2,100,0,15,6,-19,43,OPTOMOTOR,,0.45,0.12,0.16,0.00,0.31,0.00,0.00,,yes,18.4,32,-2.830,2,0,-0.328,0.117,-12,-7
23.19,FLYING,APPROACH,1,freshripe,0.70,0.82,2.0,100,0,15,4,-19,43,OPTOMOTOR,,0.47,0.11,0.17,0.00,0.44,0.00,0.00,,yes,19.4,29,-3.971,1,0,-0.318,0.114,-13,-6
23.24,FLYING,APPROACH,1,freshripe,0.70,0.82,2.0,100,0,15,2,-20,43,OPTOMOTOR,,0.46,0.11,0.18,0.00,0.31,0.00,0.00,,yes,18.3,32,-2.368,1,0,-0.313,0.112,-14,-6
23.29,FLYING,APPROACH,1,freshripe,0.79,0.73,2.1,100,0,15,1,-20,43,OPTOMOTOR,,0.39,0.10,0.19,0.00,0.44,0.00,0.00,,yes,19.4,29,-3.086,1,0,-0.235,0.082,-15,-5
23.35,FLYING,APPROACH,1,freshripe,0.79,0.73,2.1,100,0,15,1,-22,43,OPTOMOTOR,,0.35,0.10,0.23,0.00,1.31,0.00,0.00,,yes,18.2,32,-2.300,2,0,-0.316,0.113,-16,-6
23.40,FLYING,APPROACH,2,freshripe,0.74,0.62,2.3,100,0,15,3,-21,43,OPTOMOTOR,,0.43,0.20,0.39,0.00,0.92,0.00,0.00,,yes,19.1,31,-2.695,0,0,-0.224,0.078,-17,-4
23.45,FLYING,APPROACH,2,freshripe,0.74,0.62,2.3,100,0,15,5,-22,43,OPTOMOTOR,,0.47,0.24,0.47,0.00,0.64,0.00,0.00,,yes,18.2,32,-1.943,1,0,-0.260,0.091,-17,-5
23.51,FLYING,APPROACH,1,freshripe,0.73,0.99,2.2,100,0,15,6,-25,43,OPTOMOTOR,,0.43,0.16,0.30,0.00,0.45,0.00,0.00,,yes,19.3,30,-1.748,2,0,-0.330,0.118,-18,-7
23.56,FLYING,APPROACH,1,freshripe,0.73,0.99,2.2,100,0,15,6,-25,43,OPTOMOTOR,,0.41,0.12,0.21,0.00,0.44,0.00,0.00,,yes,18.2,32,-1.653,2,0,-0.369,0.133,-18,-7
23.61,FLYING,APPROACH,1,freshripe,0.74,0.65,1.8,100,0,15,4,-25,43,OPTOMOTOR,,0.67,0.11,0.17,0.00,0.31,0.00,0.00,,yes,19.3,29,-1.661,1,0,-0.341,0.123,-18,-7
23.67,FLYING,APPROACH,1,freshripe,0.74,0.65,1.8,100,0,15,2,-24,43,OPTOMOTOR,,0.81,0.11,0.13,0.00,0.87,0.00,0.00,,yes,18.0,33,-1.745,2,0,-0.338,0.121,-17,-7
23.72,FLYING,APPROACH,2,freshripe,0.52,0.59,1.9,100,0,15,1,-24,43,OPTOMOTOR,,1.10,0.06,0.07,0.00,0.61,0.00,0.00,,yes,18.8,31,-1.374,2,1,-0.337,0.140,-17,-7
23.78,FLYING,APPROACH,2,freshripe,0.52,0.59,1.9,100,0,15,1,-21,43,OPTOMOTOR,,1.24,0.04,0.03,0.00,0.87,0.00,0.00,,yes,18.1,32,-0.322,6,7,-0.210,0.456,-17,-4
23.83,FLYING,APPROACH,2,freshripe,0.60,0.69,2.9,100,0,15,0,-17,43,CRUISE,,1.08,0.06,0.02,0.00,0.61,0.00,0.00,,yes,18.8,31,2.813,2,6,0.003,0.552,-17,0
23.89,FLYING,APPROACH,2,freshripe,0.60,0.69,2.9,100,0,15,0,-14,43,CRUISE,,1.00,0.59,0.05,0.00,0.87,0.00,0.00,,yes,18.1,33,3.117,0,4,0.173,0.473,-17,3
23.94,FLYING,APPROACH,2,freshripe,0.55,0.83,1.9,100,0,15,0,-13,43,OPTOMOTOR,,1.22,0.86,0.07,0.00,1.31,0.00,0.00,,yes,18.6,31,0.666,5,6,0.157,0.605,-16,3
23.99,FLYING,APPROACH,2,freshripe,0.55,0.83,1.9,100,0,15,0,-11,43,CRUISE,,1.34,1.08,0.08,0.00,0.92,0.00,0.00,,yes,18.3,33,3.532,0,4,0.201,0.488,-15,4
24.05,FLYING,APPROACH,2,rotten,0.67,0.61,2.8,100,0,15,0,-10,43,OPTOMOTOR,,1.00,1.19,0.09,0.00,0.64,0.00,0.00,,yes,18.8,31,0.620,6,7,0.184,0.623,-14,4
24.11,FLYING,APPROACH,2,rotten,0.67,0.61,2.8,100,0,15,0,-9,43,CRUISE,,0.82,1.24,0.10,0.00,0.87,0.00,0.00,,yes,15.3,43,2.631,0,5,0.176,0.517,-13,4
24.17,FLYING,APPROACH,2,rotten,0.67,0.61,2.8,100,0,15,0,-9,43,OPTOMOTOR,,0.74,1.12,0.05,0.00,0.87,0.00,0.00,,yes,18.7,31,1.911,0,1,0.208,0.382,-13,4
24.22,FLYING,APPROACH,2,rotten,0.71,0.83,2.8,100,0,15,0,-5,43,OPTOMOTOR,,0.76,1.07,0.03,0.00,0.61,0.00,0.00,,yes,19.3,30,1.933,0,2,0.308,0.324,-11,6
24.27,FLYING,APPROACH,2,rotten,0.71,0.83,2.8,100,0,15,0,-7,43,OPTOMOTOR,,0.77,1.20,0.01,0.00,0.43,0.00,0.00,,yes,18.2,32,0.282,5,8,0.146,0.574,-10,3
24.33,FLYING,APPROACH,2,rotten,0.59,0.64,3.0,100,0,15,0,-6,43,OPTOMOTOR,,0.64,1.37,0.01,0.00,0.87,0.00,0.00,,yes,17.8,34,1.557,0,3,0.151,0.552,-9,3
24.39,FLYING,APPROACH,2,rotten,0.59,0.64,3.0,100,0,15,0,1,43,OPTOMOTOR,,0.54,1.45,0.01,0.00,0.61,0.00,0.00,,yes,17.1,32,1.323,1,7,0.380,0.563,-7,8
24.44,FLYING,APPROACH,2,rotten,0.70,0.79,3.1,100,0,15,0,5,43,OPTOMOTOR,,0.48,1.50,0.02,0.00,0.87,0.00,0.00,,yes,18.8,31,1.504,0,6,0.513,0.517,-5,10
24.50,FLYING,APPROACH,2,rotten,0.70,0.79,3.1,100,0,15,0,4,42,OPTOMOTOR,,0.40,1.04,0.04,0.00,0.61,0.00,0.00,,yes,18.3,32,0.583,5,8,0.347,0.696,-3,7
24.55,FLYING,APPROACH,2,freshripe,0.65,0.72,3.1,100,0,15,0,4,42,OPTOMOTOR,,0.36,0.80,0.07,0.00,0.87,0.00,0.00,,yes,18.6,31,1.596,0,4,0.308,0.597,-2,6
24.60,FLYING,APPROACH,2,freshripe,0.65,0.72,3.1,100,0,15,0,7,42,OPTOMOTOR,,0.39,0.68,0.08,0.00,0.61,0.00,0.00,,yes,18.1,32,0.728,1,7,0.379,0.632,-1,8
24.66,FLYING,APPROACH,1,freshripe,0.53,0.56,3.4,100,0,15,0,5,42,OPTOMOTOR,,0.41,0.67,0.09,0.00,0.43,0.00,0.00,,yes,19.2,30,1.717,0,5,0.260,0.551,0,5
24.71,FLYING,APPROACH,1,freshripe,0.53,0.56,3.4,100,0,15,0,8,42,OPTOMOTOR,,0.26,0.68,0.14,0.00,0.30,0.00,0.00,,yes,18.0,33,0.842,3,8,0.411,0.620,0,8
24.77,FLYING,APPROACH,2,freshripe,0.71,0.54,3.5,100,0,15,0,8,42,OPTOMOTOR,,0.19,0.70,0.17,0.00,0.87,0.00,0.00,,yes,18.8,31,1.392,1,6,0.424,0.583,0,8
24.82,FLYING,APPROACH,2,freshripe,0.71,0.54,3.5,100,0,15,0,8,42,OPTOMOTOR,,0.36,0.74,0.19,0.00,0.61,0.00,0.00,,yes,18.1,32,1.121,3,7,0.418,0.604,0,8
24.87,FLYING,APPROACH,1,rotten,0.59,0.88,3.7,100,0,15,0,5,42,OPTOMOTOR,,0.44,0.75,0.20,0.00,0.44,0.00,0.00,,yes,19.4,29,0.396,4,5,0.242,0.698,0,5
24.94,FLYING,APPROACH,1,rotten,0.59,0.88,3.7,100,0,15,0,3,42,CRUISE,,0.40,0.60,0.48,0.00,0.31,0.00,0.00,,yes,14.9,32,0.703,5,7,0.127,0.765,0,3
24.99,FLYING,APPROACH,2,freshripe,0.73,0.65,4.1,100,0,15,0,3,42,CRUISE,,0.32,0.52,0.62,0.00,0.21,0.00,0.00,,yes,19.2,30,0.581,5,7,0.146,0.860,0,3
25.05,FLYING,APPROACH,2,freshripe,0.73,0.65,4.1,100,0,15,0,4,42,CRUISE,,0.28,0.52,0.67,0.00,0.87,0.00,0.00,,yes,18.4,32,0.163,5,7,0.186,0.913,0,4
25.10,FLYING,APPROACH,1,freshripe,0.69,0.82,4.1,100,0,15,0,4,42,CRUISE,,0.78,0.52,0.34,0.00,0.61,0.00,0.00,,yes,19.6,29,0.195,6,8,0.197,0.967,0,4
25.15,FLYING,APPROACH,1,freshripe,0.69,0.82,4.1,100,0,15,0,3,42,CRUISE,,1.03,0.52,0.17,0.00,0.43,0.00,0.00,,yes,18.4,32,0.289,6,8,0.142,0.968,0,3
25.21,FLYING,APPROACH,2,freshripe,0.45,0.85,3.9,100,0,15,0,1,42,CRUISE,,0.58,0.46,0.28,0.00,0.30,0.00,0.00,,yes,18.4,32,0.300,6,8,0.051,1.000,0,1
25.26,FLYING,APPROACH,2,freshripe,0.45,0.85,3.9,100,0,15,0,0,42,CRUISE,,0.33,0.43,0.33,0.00,0.21,0.00,0.00,,yes,18.3,33,0.765,6,7,0.000,1.000,0,0
25.31,FLYING,FEED,2,freshripe,0.61,0.88,4.0,100,0,9,2,1,42,CRUISE,,0.18,0.47,0.50,0.00,0.15,0.00,0.00,,yes,18.5,31,0.363,6,8,0.041,1.000,0,1
25.37,FLYING,FEED,2,freshripe,0.61,0.88,4.0,100,0,6,4,1,42,CRUISE,,0.10,0.51,0.59,0.00,0.10,0.00,0.00,,yes,18.1,33,0.757,5,5,0.067,0.940,0,1
25.42,FLYING,FEED,2,freshripe,0.61,0.88,4.0,99,0,4,5,4,42,CRUISE,,0.06,0.61,0.66,0.00,0.07,0.00,0.00,,yes,18.9,31,1.289,0,6,0.210,0.758,0,4
25.48,FLYING,FEED,3,freshripe,0.70,0.73,4.1,99,0,2,3,3,42,CRUISE,,0.04,0.66,0.69,0.00,0.44,0.00,0.00,,yes,16.0,29,0.543,4,7,0.148,0.808,0,3
25.54,FLYING,FEED,0,,,,,99,0,1,2,4,42,CRUISE,,0.31,0.94,0.45,0.00,0.44,0.00,0.00,,yes,18.5,31,0.432,5,7,0.176,0.884,0,4
25.59,FLYING,FEED,0,,,,,99,0,1,1,1,42,CRUISE,,0.44,0.77,0.33,0.00,0.31,0.00,0.00,,yes,18.1,32,1.553,0,3,0.049,0.712,0,1
25.65,FLYING,FEED,2,freshripe,0.26,0.66,4.4,99,0,0,1,4,42,CRUISE,,0.41,0.93,0.28,0.00,0.21,0.00,0.00,,yes,19.0,31,0.940,1,6,0.218,0.648,0,4
25.70,FLYING,FEED,2,freshripe,0.26,0.66,4.4,98,0,0,0,5,42,OPTOMOTOR,,0.24,1.02,0.59,0.00,0.15,0.03,0.03,,yes,18.1,32,2.007,0,4,0.229,0.527,0,5
25.76,FLYING,FEED,2,freshripe,0.26,0.66,4.4,98,0,0,0,7,42,OPTOMOTOR,,0.16,1.06,0.75,0.00,0.44,0.00,0.00,,yes,16.2,39,1.945,0,6,0.338,0.454,0,7
25.81,FLYING,FEED,2,rotten,0.55,0.70,5.2,98,0,0,0,9,42,OPTOMOTOR,,0.13,1.04,0.72,0.00,0.31,0.00,0.00,,yes,19.8,29,1.887,0,3,0.428,0.398,0,9
25.87,FLYING,FEED,2,rotten,0.55,0.70,5.2,97,0,0,0,7,42,OPTOMOTOR,,0.13,0.89,0.66,0.00,0.44,0.00,0.00,,yes,18.0,33,1.010,3,6,0.332,0.525,0,7
25.92,FLYING,FEED,2,rotten,0.55,0.70,5.2,97,0,0,0,9,42,OPTOMOTOR,,0.14,0.71,0.51,0.00,0.31,0.00,0.00,,yes,18.9,31,1.949,0,7,0.450,0.472,0,9
25.97,FLYING,FEED,3,freshripe,0.85,0.73,4.9,97,0,0,0,7,42,OPTOMOTOR,,0.14,0.53,0.42,0.00,0.87,0.00,0.00,,yes,19.8,29,0.861,3,6,0.334,0.509,0,7
26.03,FLYING,FEED,3,freshripe,0.85,0.73,4.9,96,0,0,0,7,42,OPTOMOTOR,,0.15,0.44,0.34,0.00,0.61,0.00,0.00,,yes,18.1,33,1.495,0,5,0.359,0.453,0,7
26.08,FLYING,FEED,2,freshripe,0.81,0.88,5.0,96,0,0,0,8,42,OPTOMOTOR,,0.15,0.39,0.29,0.00,0.44,0.00,0.00,,yes,19.1,31,1.085,1,5,0.391,0.441,0,8
26.14,FLYING,FEED,2,freshripe,0.81,0.88,5.0,96,0,0,0,4,42,OPTOMOTOR,,0.14,0.32,0.91,0.00,0.31,0.00,0.00,,yes,18.2,32,0.405,5,7,0.192,0.677,0,4
26.19,FLYING,FEED,2,freshripe,0.81,0.99,5.4,95,0,0,0,6,42,CRUISE,,0.12,0.26,1.22,0.00,0.21,0.00,0.10,,yes,18.9,31,0.734,4,6,0.130,0.758,3,3
26.24,FLYING,FEED,2,freshripe,0.81,0.99,5.4,95,0,0,0,10,42,CRUISE,,0.09,0.22,0.99,0.00,0.15,0.00,0.02,,yes,17.9,33,0.769,5,8,0.231,0.875,5,5
26.30,FLYING,FEED,2,freshripe,0.81,0.99,5.4,95,0,0,0,9,42,CRUISE,,0.07,0.24,0.87,0.00,0.87,0.00,0.00,,yes,18.7,31,1.721,0,4,0.118,0.611,7,2
26.35,FLYING,FEED,3,freshripe,0.81,0.96,5.7,94,0,0,0,14,42,OPTOMOTOR,,0.11,0.76,1.06,0.00,0.61,0.00,0.00,,yes,19.3,30,1.985,0,5,0.294,0.540,8,6
26.40,FLYING,FEED,3,freshripe,0.81,0.96,5.7,94,0,0,0,17,42,OPTOMOTOR,,0.13,1.02,1.15,0.00,0.43,0.00,0.00,,yes,18.1,33,1.479,0,6,0.406,0.475,9,8
26.46,FLYING,FEED,1,freshripe,0.88,0.92,5.3,94,0,0,0,20,42,OPTOMOTOR,,0.09,0.63,0.95,0.00,0.30,0.00,0.00,,yes,19.4,29,1.971,0,5,0.522,0.449,10,10
26.51,FLYING,FEED,1,freshripe,0.88,0.92,5.3,93,0,0,0,22,42,OPTOMOTOR,,0.06,0.44,0.71,0.00,0.44,0.00,0.00,,yes,18.3,32,1.512,0,7,0.563,0.429,11,11
26.56,FLYING,FEED,2,freshripe,0.86,0.90,5.4,93,0,0,0,24,41,OPTOMOTOR,,0.05,0.34,0.48,0.00,0.44,0.00,0.00,,yes,18.7,31,1.691,0,6,0.626,0.456,11,13
26.62,FLYING,FEED,2,freshripe,0.86,0.90,5.4,93,0,0,0,27,41,OPTOMOTOR,,0.06,0.37,0.37,0.00,0.31,0.00,0.00,,yes,18.1,32,1.279,0,8,0.741,0.495,12,15
26.67,FLYING,FEED,1,freshripe,0.73,0.97,4.5,93,0,0,0,25,41,OPTOMOTOR,,0.07,0.35,0.38,0.00,0.44,0.00,0.00,,yes,19.1,30,1.307,0,8,0.656,0.460,12,13
26.73,FLYING,FEED,1,freshripe,0.73,0.97,4.5,92,0,0,0,24,41,OPTOMOTOR,,0.09,0.37,0.51,0.00,0.31,0.00,0.00,,yes,18.2,32,1.129,1,6,0.603,0.492,12,12
26.78,FLYING,FEED,2,freshripe,0.72,0.81,5.9,92,0,0,0,24,41,OPTOMOTOR,,0.07,0.38,0.61,0.00,0.87,0.00,0.00,,yes,18.9,30,1.222,0,4,0.577,0.439,12,12
26.84,FLYING,FEED,2,freshripe,0.72,0.81,5.9,92,0,0,0,24,41,OPTOMOTOR,,0.03,0.40,0.69,0.00,0.61,0.00,0.00,,yes,18.1,32,1.305,0,7,0.615,0.452,12,12
26.89,FLYING,FEED,1,freshripe,0.83,0.96,5.9,91,0,0,0,24,41,OPTOMOTOR,,0.02,0.43,0.73,0.00,0.44,0.00,0.00,,yes,19.3,30,1.236,0,6,0.599,0.455,12,12
26.94,FLYING,FEED,1,freshripe,0.83,0.96,5.9,91,0,0,0,19,41,OPTOMOTOR,,0.04,0.48,0.74,0.00,0.31,0.00,0.00,,yes,18.2,32,0.685,6,8,0.350,0.652,12,7
26.99,FLYING,FEED,1,freshripe,0.84,0.71,5.6,91,0,0,0,11,41,CRUISE,,0.11,0.50,0.74,0.00,0.87,0.00,0.00,,yes,19.4,29,-1.569,2,0,-0.030,0.433,12,-1
27.05,FLYING,FEED,1,freshripe,0.84,0.71,5.6,90,0,0,0,10,41,CRUISE,,0.15,0.46,0.62,0.00,0.61,0.00,0.00,,yes,18.2,32,-0.343,5,5,-0.107,0.521,12,-2
27.10,FLYING,FEED,1,freshripe,0.83,0.92,5.8,90,0,0,0,8,41,CRUISE,,0.19,0.41,0.57,0.00,1.31,0.00,0.00,,yes,19.5,29,-2.553,2,0,-0.186,0.374,12,-4
27.15,FLYING,FEED,1,freshripe,0.83,0.92,5.8,90,0,0,0,8,41,CRUISE,,0.22,0.41,0.71,0.00,0.92,0.00,0.00,,yes,18.3,33,-2.412,1,0,-0.172,0.229,11,-3
27.21,FLYING,FEED,2,freshripe,0.79,0.84,6.2,89,0,0,2,4,41,OPTOMOTOR,,0.43,0.48,0.78,0.00,0.64,0.00,0.00,,yes,19.2,30,-0.081,5,7,-0.164,0.401,7,-3
27.26,FLYING,FEED,2,freshripe,0.79,0.84,6.2,89,0,0,4,0,41,OPTOMOTOR,,0.54,0.52,0.62,0.00,0.45,0.00,0.00,,yes,18.1,32,-0.606,6,7,-0.189,0.631,4,-4
27.32,FLYING,FEED,2,freshripe,0.79,0.92,6.3,89,0,0,6,0,41,CRUISE,,0.41,0.53,0.53,0.00,0.44,0.00,0.00,,yes,18.9,31,0.010,6,8,-0.155,0.765,3,-3
27.38,FLYING,FEED,2,freshripe,0.79,0.92,6.3,88,0,0,7,1,41,CRUISE,,0.33,0.63,0.55,0.00,0.31,0.00,0.00,,yes,15.6,42,0.347,6,7,-0.053,0.865,2,-1
27.43,FLYING,FEED,1,freshripe,0.84,0.86,6.4,88,0,0,7,0,41,CRUISE,,0.31,0.68,0.56,0.00,0.44,0.00,0.00,,yes,19.0,30,0.522,5,5,-0.068,0.878,1,-1
27.49,FLYING,FEED,1,freshripe,0.84,0.86,6.4,88,0,0,8,1,41,CRUISE,,0.41,0.71,0.28,0.00,0.44,0.00,0.00,,yes,18.0,33,0.321,6,8,0.045,0.933,0,1
27.54,FLYING,FEED,2,rotten,0.83,0.50,6.0,87,0,0,8,0,41,CRUISE,,0.46,0.60,0.14,0.00,0.31,0.00,0.00,,yes,18.9,31,0.106,6,8,0.024,0.978,0,0
27.60,FLYING,FEED,2,rotten,0.83,0.50,6.0,87,0,0,8,1,41,CRUISE,,0.62,0.50,0.35,0.00,0.44,0.00,0.00,,yes,18.0,33,0.443,5,7,0.051,0.965,0,1
27.65,FLYING,FEED,1,rotten,0.53,0.76,5.8,87,0,0,8,1,41,CRUISE,,0.70,0.45,0.52,0.00,0.87,0.00,0.00,,yes,19.4,29,0.599,5,6,0.045,0.953,0,1
27.70,FLYING,FEED,1,rotten,0.53,0.76,5.8,86,0,0,8,3,41,CRUISE,,1.01,0.92,1.07,0.00,0.61,0.00,0.00,,,18.3,32,0.341,5,7,0.126,0.966,0,3
27.75,FLYING,FEED,2,rotten,0.74,0.63,6.0,86,0,0,9,4,41,CRUISE,,1.17,1.16,1.34,0.00,1.31,0.00,0.00,,,18.9,31,0.775,6,8,0.210,0.968,0,4
27.81,FLYING,FEED,2,rotten,0.74,0.63,6.0,86,0,0,9,4,41,CRUISE,,1.25,1.15,0.67,0.00,0.92,0.00,0.00,,yes,18.2,32,0.350,5,8,0.204,0.979,0,4
27.86,FLYING,FEED,1,freshripe,0.63,0.61,5.5,85,0,0,10,3,41,CRUISE,,1.27,1.14,0.33,0.00,0.64,0.00,0.00,,yes,19.4,29,0.637,6,8,0.171,0.975,0,3
27.92,FLYING,FEED,1,freshripe,0.63,0.61,5.5,85,0,0,10,0,41,CRUISE,,1.10,0.89,0.65,0.00,0.45,0.00,0.00,,yes,18.3,32,0.436,6,7,0.011,0.983,0,0
27.97,FLYING,FEED,2,freshripe,0.74,0.81,6.2,85,0,0,11,1,41,CRUISE,,0.99,0.77,0.81,0.00,1.31,0.00,0.00,,yes,18.6,31,-0.135,6,8,0.033,0.977,0,1
28.02,FLYING,FEED,2,freshripe,0.74,0.81,6.2,84,0,0,12,0,41,CRUISE,,0.68,0.79,0.60,0.00,0.92,0.00,0.00,,yes,18.1,33,0.029,6,8,0.001,1.000,0,0
28.08,FLYING,FEED,2,freshripe,0.73,0.82,6.1,84,0,0,12,2,41,CRUISE,,0.52,0.80,0.50,0.00,0.64,0.00,0.00,,yes,18.7,31,-0.190,5,6,-0.038,0.960,3,-1
28.13,FLYING,FEED,2,freshripe,0.73,0.82,6.1,84,0,0,12,2,41,CRUISE,,0.37,0.91,0.45,0.00,1.31,0.00,0.00,,yes,17.9,33,0.192,6,6,-0.129,0.969,5,-3
28.19,FLYING,FEED,1,rotten,0.68,0.53,7.0,83,0,0,13,2,41,CRUISE,,0.20,1.46,0.62,0.00,0.92,0.00,0.00,,yes,19.3,29,0.299,6,7,-0.067,0.965,3,-1
28.24,FLYING,FEED,1,rotten,0.68,0.53,7.0,83,0,0,13,1,41,CRUISE,,0.11,1.73,0.70,0.00,0.64,0.14,0.14,,yes,18.0,33,0.195,6,8,-0.027,0.996,2,-1
28.29,FLYING,FEED,1,rotten,0.77,0.96,7.3,83,0,0,14,4,41,CRUISE,,0.11,1.30,0.60,0.00,0.45,0.02,0.02,,yes,19.3,29,0.053,5,8,0.167,0.980,1,3
28.35,FLYING,FEED,1,rotten,0.77,0.96,7.3,82,0,0,14,1,41,CRUISE,,0.11,1.08,0.55,0.00,0.44,0.00,0.00,,yes,18.2,33,-0.000,6,7,0.050,1.000,0,1
28.40,FLYING,FEED,1,rotten,0.77,0.96,7.3,82,0,0,14,2,41,CRUISE,,0.11,0.98,0.50,0.00,0.31,0.00,0.00,,yes,19.0,31,-0.034,6,7,0.078,0.997,0,2
28.45,FLYING,FEED,2,rotten,0.52,0.67,7.2,82,0,0,14,3,41,CRUISE,,0.10,0.67,0.67,0.00,0.44,0.00,0.00,,yes,19.5,29,-0.096,5,8,0.125,0.995,0,3
28.51,FLYING,FEED,2,rotten,0.52,0.67,7.2,81,0,0,14,3,41,CRUISE,,0.05,0.48,0.96,0.00,0.31,0.00,0.00,,yes,18.2,32,0.192,4,6,0.127,0.936,0,3
28.56,FLYING,FEED,2,rotten,0.29,0.54,16.6,81,0,0,16,4,41,OPTOMOTOR,,0.02,0.38,1.39,0.00,0.87,0.00,0.00,,yes,18.9,31,-0.175,6,8,0.201,0.980,0,4
28.62,FLYING,FEED,2,rotten,0.29,0.54,16.6,81,0,0,16,1,41,CRUISE,,0.01,0.33,1.60,0.00,0.61,0.00,0.09,,yes,17.9,33,-0.011,6,9,0.072,1.000,0,1
28.67,FLYING,FEED,1,freshripe,0.71,0.88,5.8,81,0,0,16,4,41,CRUISE,,0.01,0.37,1.61,0.00,1.31,0.00,0.00,,yes,19.5,29,-0.734,4,4,0.032,0.900,3,1
28.72,FLYING,FEED,1,freshripe,0.71,0.88,5.8,80,0,0,15,2,41,CRUISE,,0.22,0.54,1.46,0.00,0.92,0.00,0.00,,yes,18.2,32,-1.944,1,0,-0.172,0.554,5,-3
28.77,FLYING,FEED,1,freshripe,0.77,0.80,5.8,80,0,0,15,1,41,CRUISE,,0.32,0.62,0.97,0.00,0.64,0.00,0.00,,yes,19.4,29,-0.269,6,7,-0.116,0.646,3,-2
28.83,FLYING,FEED,1,freshripe,0.77,0.80,5.8,80,0,0,15,-1,41,CRUISE,,0.39,0.55,0.72,0.00,0.45,0.00,0.00,,yes,18.0,33,-0.733,4,5,-0.129,0.678,2,-3
28.88,FLYING,FEED,1,rotten,0.79,0.59,7.9,79,0,0,15,0,41,CRUISE,,0.43,0.47,0.44,0.00,0.87,0.00,0.00,,yes,19.4,29,-0.148,6,8,-0.040,0.849,1,-1
28.94,FLYING,FEED,1,rotten,0.79,0.59,7.9,79,0,0,15,-1,41,CRUISE,,0.65,0.43,0.39,0.00,0.61,0.00,0.00,,yes,15.5,42,0.023,5,5,-0.098,0.854,1,-2
29.00,FLYING,FEED,1,freshripe,0.84,0.49,7.3,79,0,0,15,-1,41,CRUISE,,0.76,0.41,0.37,0.00,0.44,0.00,0.00,,yes,18.9,30,-0.084,6,7,-0.071,0.929,0,-1
29.05,FLYING,FEED,1,freshripe,0.84,0.49,7.3,78,0,0,15,-2,41,CRUISE,,0.78,0.49,0.59,0.00,0.31,0.00,0.00,,yes,18.0,33,-0.186,5,5,-0.082,0.914,0,-2
29.11,FLYING,FEED,1,freshripe,0.84,0.49,7.3,78,0,0,14,-2,41,CRUISE,,0.66,0.54,0.90,0.00,0.44,0.00,0.00,,yes,18.9,30,-0.125,6,7,-0.087,0.963,0,-2
29.16,FLYING,FEED,2,freshripe,0.72,0.53,7.4,78,0,0,14,-4,41,CRUISE,,0.58,0.48,1.06,0.00,0.44,0.00,0.00,,yes,19.4,29,-0.178,6,7,-0.181,0.961,0,-4
29.21,FLYING,FEED,2,freshripe,0.72,0.53,7.4,77,0,0,14,0,41,CRUISE,,0.54,0.38,0.91,0.00,0.31,0.00,0.00,,yes,18.3,32,0.020,5,7,-0.012,0.970,0,0
29.27,FLYING,FEED,2,freshripe,0.65,0.74,7.1,77,0,0,13,0,41,CRUISE,,0.52,0.33,0.83,0.00,0.21,0.00,0.00,,yes,18.7,31,0.179,6,8,-0.007,0.999,0,0
29.32,FLYING,FEED,2,freshripe,0.65,0.74,7.1,77,0,0,13,2,41,CRUISE,,0.55,0.72,0.99,0.00,0.15,0.00,0.02,,yes,18.1,33,0.444,5,9,0.079,1.000,0,2
29.37,FLYING,FEED,2,rotten,0.67,0.56,7.3,76,0,0,12,-1,41,CRUISE,,0.52,1.09,1.07,0.00,0.44,0.00,0.00,,yes,18.6,31,0.232,6,6,-0.059,0.986,0,-1
29.43,FLYING,FEED,2,rotten,0.67,0.56,7.3,76,0,0,12,1,41,CRUISE,,0.48,1.35,0.71,0.00,0.31,0.12,0.12,,yes,17.9,33,0.587,5,7,0.067,0.984,0,1
29.48,FLYING,FEED,2,freshripe,0.63,0.60,7.0,76,0,0,11,0,41,CRUISE,,0.46,1.65,0.52,0.15,0.44,0.21,0.21,,yes,18.6,31,0.185,6,8,0.002,1.000,0,0
29.54,FLYING,FEED,2,freshripe,0.63,0.60,7.0,75,0,0,11,0,40,AVOID_RIGHT,,0.41,1.80,0.77,0.58,0.31,0.35,0.35,,yes,17.7,33,0.043,6,8,0.000,1.000,0,0
29.59,FLYING,FEED,1,rotten,0.35,0.72,7.2,75,0,0,10,3,40,AVOID_RIGHT,,0.38,2.13,0.90,0.44,1.31,0.01,0.01,,yes,19.4,29,0.091,6,7,-0.028,0.984,3,0
29.65,FLYING,FEED,1,rotten,0.35,0.72,7.2,75,0,0,9,4,40,AVOID_RIGHT,,0.57,2.29,0.57,0.33,0.92,0.29,0.29,,yes,18.0,33,0.349,5,6,-0.116,0.935,6,-2
29.70,FLYING,FEED,1,freshripe,0.78,0.67,6.8,74,0,0,6,8,40,CRUISE,,0.67,2.37,0.40,0.71,0.64,0.46,0.46,,yes,19.1,30,0.839,4,8,0.132,0.941,7,1
29.76,FLYING,FEED,1,freshripe,0.78,0.67,6.8,74,0,0,4,9,40,ESCAPE,,0.49,1.78,0.20,0.68,0.45,0.26,0.26,,yes,17.7,34,1.748,0,5,0.183,0.696,8,1
29.81,FLYING,FEED,2,rotten,0.73,0.59,6.7,74,0,0,2,11,40,ESCAPE,,0.34,1.35,0.10,0.53,0.87,0.00,0.00,,yes,18.6,31,1.184,2,7,0.300,0.649,8,3
29.87,FLYING,FEED,2,rotten,0.73,0.59,6.7,73,0,0,1,13,40,ESCAPE,,0.26,0.77,0.29,0.30,0.61,0.00,0.00,,yes,18.1,33,0.835,5,7,0.287,0.780,9,4
29.92,FLYING,FEED,2,freshripe,0.74,0.60,6.2,73,0,0,1,13,40,ESCAPE,,0.21,0.43,0.60,0.17,0.87,0.00,0.00,,yes,18.7,31,0.877,5,6,0.217,0.835,9,4
29.97,FLYING,FEED,2,freshripe,0.74,0.60,6.2,73,0,0,0,12,40,ESCAPE,,0.10,0.21,0.79,0.09,0.61,0.00,0.00,,yes,17.9,33,0.951,5,6,0.168,0.866,9,3
30.03,FLYING,FEED,2,freshripe,0.71,0.56,6.0,72,0,0,0,14,40,ESCAPE,,0.05,0.11,0.88,0.05,0.43,0.00,0.00,,yes,18.8,31,0.970,2,7,0.283,0.816,9,5
30.08,FLYING,FEED,2,freshripe,0.71,0.56,6.0,72,0,0,0,17,40,ESCAPE,,0.06,0.08,0.95,0.03,1.31,0.00,0.00,,yes,18.1,32,1.086,1,8,0.425,0.803,9,8
30.14,FLYING,FEED,2,freshripe,0.71,0.56,6.0,72,0,0,0,16,40,ESCAPE,,0.54,0.27,1.11,0.02,0.92,0.00,0.00,,yes,18.8,31,1.128,1,6,0.355,0.685,9,7
30.19,FLYING,FEED,3,rotten,0.77,0.53,6.0,71,0,0,0,14,40,ESCAPE,,0.78,0.37,1.20,0.01,1.31,0.00,0.00,,yes,19.4,30,0.990,4,6,0.259,0.691,9,5
30.24,FLYING,FEED,3,rotten,0.77,0.53,6.0,71,0,0,0,12,40,ESCAPE,,0.62,0.21,1.31,0.01,0.92,0.00,0.00,,yes,18.4,32,0.108,6,6,0.173,0.804,9,3
30.30,FLYING,FEED,3,rotten,0.77,0.53,6.0,71,0,0,0,10,40,ESCAPE,,0.55,0.13,1.36,0.00,0.64,0.00,0.00,,yes,18.8,31,-0.353,6,7,0.051,0.872,9,1
30.35,FLYING,FEED,3,freshripe,0.75,0.81,5.5,70,0,0,0,10,40,ESCAPE,,0.51,0.31,0.90,0.00,0.45,0.00,0.00,,yes,19.1,30,0.366,5,7,0.062,0.906,9,1
30.40,FLYING,FEED,3,freshripe,0.75,0.81,5.5,70,0,0,0,12,40,ESCAPE,,0.47,0.40,0.67,0.00,0.44,0.00,0.00,,yes,17.9,33,0.353,5,8,0.160,0.944,9,3
30.46,FLYING,FEED,3,freshripe,0.75,0.81,5.5,70,0,0,0,10,40,ESCAPE,,0.35,0.28,0.73,0.00,0.31,0.00,0.00,,yes,16.4,39,0.049,5,7,0.070,0.931,9,1
30.52,FLYING,FEED,3,rotten,0.85,0.51,5.5,69,0,0,0,5,40,ESCAPE,,0.29,0.22,0.76,0.00,0.44,0.00,0.00,,yes,18.7,31,0.181,6,7,-0.033,0.958,6,-1
30.57,FLYING,FEED,3,rotten,0.85,0.51,5.5,69,0,0,0,8,40,ESCAPE,,0.34,0.48,0.66,0.00,0.31,0.00,0.00,,yes,17.9,33,0.191,5,8,0.177,0.959,4,4
30.63,FLYING,FEED,1,rotten,0.74,0.71,5.0,69,0,0,3,5,40,ESCAPE,,0.37,0.61,0.61,0.00,0.87,0.00,0.00,,yes,19.2,30,-0.226,5,8,0.163,0.959,2,3
30.68,FLYING,FEED,1,rotten,0.74,0.71,5.0,68,0,0,5,2,40,ESCAPE,,0.36,0.68,0.56,0.00,0.61,0.00,0.00,,yes,18.2,32,-0.035,6,9,0.073,1.000,1,1
30.73,FLYING,FEED,2,freshripe,0.78,0.56,4.9,68,0,0,6,1,40,ESCAPE,,0.36,0.72,0.56,0.00,0.87,0.00,0.00,,yes,18.9,31,-0.017,6,7,0.000,1.000,1,0
30.79,FLYING,FEED,2,freshripe,0.78,0.56,4.9,68,0,0,7,-1,40,ESCAPE,,0.40,0.48,0.75,0.00,0.61,0.00,0.00,,yes,18.0,33,-0.236,5,5,-0.026,0.964,0,-1
30.84,FLYING,FEED,2,freshripe,0.78,0.56,4.9,67,0,0,8,1,40,ESCAPE,,0.43,0.36,0.84,0.00,0.87,0.00,0.00,,yes,18.9,31,-0.147,6,7,0.054,0.976,0,1
30.89,FLYING,FEED,3,freshripe,0.73,0.52,5.0,67,0,0,8,0,40,ESCAPE,,0.44,0.74,0.90,0.00,0.61,0.00,0.00,,yes,19.0,30,-0.219,6,6,-0.015,0.993,0,0
30.95,FLYING,FEED,3,freshripe,0.73,0.52,5.0,67,0,0,8,2,40,ESCAPE,,0.33,0.93,0.72,0.00,0.43,0.00,0.00,,yes,17.9,33,-0.330,5,8,0.087,0.993,0,2
31.00,FLYING,FEED,3,freshripe,0.73,0.52,5.0,67,0,0,8,0,40,ESCAPE,,0.27,1.03,0.64,0.00,1.31,0.00,0.00,,yes,18.9,31,0.043,6,7,0.005,1.000,0,0
31.06,FLYING,FEED,3,freshripe,0.80,0.79,5.2,66,0,0,9,-3,40,ESCAPE,,0.59,1.55,0.35,0.00,0.92,0.00,0.00,,yes,19.1,30,0.177,6,5,-0.129,0.977,0,-3
31.11,FLYING,FEED,3,freshripe,0.80,0.79,5.2,66,0,0,9,-1,40,ESCAPE,,0.74,1.82,0.21,0.00,1.31,0.00,0.00,,yes,18.1,32,0.162,6,7,-0.054,0.998,0,-1
31.17,FLYING,FEED,2,freshripe,0.80,0.58,5.1,66,0,0,8,-3,40,ESCAPE,,0.39,1.95,1.39,0.00,0.92,0.12,0.12,,yes,18.6,31,0.417,6,6,-0.145,0.962,0,-3
31.22,FLYING,FEED,2,freshripe,0.80,0.58,5.1,65,0,0,8,2,40,ESCAPE,,0.22,2.02,1.97,0.15,0.64,0.29,0.29,,yes,18.1,33,0.332,5,8,0.088,0.990,0,2
31.27,FLYING,FEED,2,freshripe,0.80,0.58,5.1,65,0,0,8,-4,40,ESCAPE,,0.30,1.68,1.70,0.08,0.45,0.22,0.22,,yes,18.4,32,0.027,6,5,-0.196,0.953,0,-4
31.33,FLYING,FEED,3,rotten,0.86,0.64,4.9,65,0,0,5,-4,40,ESCAPE,,0.38,1.27,1.36,0.05,0.87,0.00,0.00,,yes,19.4,30,0.276,6,5,-0.184,0.932,0,-4
31.38,FLYING,FEED,3,rotten,0.86,0.64,4.9,64,0,0,3,-2,40,AVOID_RIGHT,,0.41,0.83,0.82,0.03,0.61,0.00,0.00,,yes,18.0,33,0.443,6,7,-0.111,0.944,0,-2
31.44,FLYING,FEED,3,rotten,0.86,0.64,4.9,64,0,0,2,-3,40,AVOID_RIGHT,,0.43,0.61,0.54,0.01,0.87,0.00,0.00,,yes,18.7,31,0.353,6,7,-0.150,0.965,0,-3
31.49,FLYING,FEED,3,freshripe,0.82,0.84,5.0,64,0,0,1,0,40,CRUISE,,0.44,1.32,0.74,0.01,0.61,0.00,0.00,,yes,19.0,30,0.249,6,7,-0.016,0.977,0,0
31.54,FLYING,FEED,3,freshripe,0.82,0.84,5.0,63,0,0,1,-2,40,OPTOMOTOR,,0.44,1.74,0.99,0.00,0.87,0.03,0.03,,yes,18.0,33,0.092,6,8,-0.123,0.974,0,-2
31.60,FLYING,FEED,3,freshripe,0.82,0.84,5.0,63,0,0,0,-1,40,CRUISE,,0.31,1.94,1.34,0.15,0.61,0.27,0.27,,yes,18.9,31,0.269,6,7,-0.071,0.968,0,-1
31.65,FLYING,FEED,3,freshripe,0.35,0.61,10.5,63,0,0,3,4,40,AVOID_RIGHT,,0.23,2.05,1.52,0.49,0.43,0.41,0.41,,yes,18.9,30,0.050,6,8,-0.013,0.969,4,0
31.71,FLYING,FEED,3,freshripe,0.35,0.61,10.5,62,0,0,5,6,40,AVOID_RIGHT,,0.19,2.03,1.54,0.82,0.30,0.46,0.46,,yes,17.9,33,0.460,6,7,-0.030,0.994,6,0
31.76,FLYING,FEED,3,freshripe,0.35,0.61,10.5,62,0,0,6,9,40,AVOID_RIGHT,,0.17,1.78,1.42,0.57,1.31,0.00,0.00,,,18.7,31,0.664,5,7,0.095,0.931,8,1
31.81,FLYING,FEED,3,rotten,0.71,0.76,5.3,62,0,0,4,6,40,CRUISE,,0.30,1.51,0.96,0.32,1.31,0.00,0.00,,yes,19.2,30,0.810,5,6,0.037,0.905,5,1
31.87,FLYING,FEED,3,rotten,0.71,0.76,5.3,61,0,0,2,4,40,CRUISE,,0.36,1.09,0.73,0.18,0.92,0.00,0.00,,yes,18.1,33,-0.001,6,8,0.068,0.963,3,1
31.92,FLYING,FEED,3,rotten,0.71,0.76,5.3,61,0,0,1,0,40,CRUISE,,0.64,0.67,0.70,0.10,0.64,0.00,0.00,,yes,19.2,31,-2.311,2,0,-0.117,0.637,2,-2
31.98,FLYING,FEED,3,freshripe,0.75,0.73,5.3,61,0,0,1,-2,40,CRUISE,,0.88,0.67,0.77,0.06,1.75,0.00,0.00,,yes,16.5,38,-2.482,0,0,-0.168,0.387,1,-3
32.03,FLYING,FEED,3,freshripe,0.75,0.73,5.3,60,0,0,0,-4,40,CRUISE,,0.99,0.77,0.81,0.03,1.22,0.00,0.00,,yes,18.1,32,-5.921,2,0,-0.198,0.256,0,-4
32.09,FLYING,FEED,3,freshripe,0.75,0.73,5.3,60,0,0,0,-6,40,OPTOMOTOR,,1.93,1.01,0.83,0.02,1.75,0.00,0.00,,yes,18.9,30,-4.967,1,0,-0.308,0.192,0,-6
32.14,FLYING,FEED,3,rotten,0.83,0.91,5.6,60,0,0,0,-8,40,OPTOMOTOR,,2.39,1.14,0.86,0.01,1.22,0.19,0.00,,yes,19.2,30,-1.375,2,0,-0.386,0.175,0,-8
32.19,FLYING,FEED,3,rotten,0.83,0.91,5.6,59,0,0,0,-7,40,OPTOMOTOR,,1.64,0.84,0.88,0.01,0.87,0.00,0.00,,yes,17.9,33,-0.953,3,2,-0.340,0.237,0,-7
32.25,FLYING,FEED,2,rotten,0.49,0.96,5.0,59,0,0,0,-4,40,OPTOMOTOR,,1.09,0.68,0.76,0.00,0.61,0.00,0.00,,yes,19.2,30,-0.396,6,7,-0.211,0.510,0,-4
32.30,FLYING,FEED,2,rotten,0.49,0.96,5.0,59,0,0,0,-3,40,OPTOMOTOR,,0.87,0.50,0.62,0.00,1.75,0.00,0.00,,yes,18.0,33,-0.135,5,8,-0.162,0.692,0,-3
32.36,FLYING,FEED,2,rotten,0.49,0.96,5.0,58,0,0,0,-2,40,CRUISE,,0.76,0.41,0.46,0.00,1.22,0.00,0.00,,yes,19.0,31,-0.175,6,8,-0.098,0.843,0,-2
32.41,FLYING,FEED,3,freshripe,0.68,0.78,4.3,58,0,0,0,-1,40,CRUISE,,0.71,0.53,0.38,0.00,2.18,0.00,0.00,,,18.9,30,0.006,6,7,-0.039,0.894,0,-1
32.46,FLYING,FEED,3,freshripe,0.68,0.78,4.3,58,0,0,0,0,39,CRUISE,,0.69,0.60,1.32,0.00,1.53,0.00,0.00,,,18.4,32,2.901,0,1,-0.005,0.622,0,0
32.52,FLYING,FEED,2,freshripe,0.72,0.83,2.7,57,0,0,0,0,39,CRUISE,,0.78,0.89,1.81,0.00,2.62,0.00,0.00,,,18.9,31,3.284,0,2,0.007,0.417,0,0
32.57,FLYING,FEED,2,freshripe,0.72,0.83,2.7,57,0,0,0,3,39,CRUISE,,0.70,1.97,2.05,0.00,1.83,0.00,0.00,,,18.2,32,5.243,0,3,0.169,0.363,0,3
32.62,FLYING,FEED,2,freshripe,0.72,0.83,2.7,57,0,0,0,6,39,OPTOMOTOR,,0.45,2.50,1.46,0.00,1.31,0.20,0.20,,,18.7,31,4.498,0,3,0.290,0.319,0,6
32.68,FLYING,FEED,3,freshripe,0.57,0.93,2.7,56,0,0,0,5,39,AVOID_RIGHT,,0.25,2.50,1.16,0.37,0.92,0.39,0.39,,,18.9,30,2.218,0,7,0.423,0.342,0,5
32.73,FLYING,FEED,3,freshripe,0.57,0.93,2.7,56,0,0,0,5,39,OPTOMOTOR,,0.15,2.04,1.19,0.28,2.18,0.00,0.00,,,18.1,33,4.973,0,3,0.365,0.278,0,5
32.78,FLYING,FEED,1,freshripe,0.69,0.88,2.6,56,0,0,0,5,39,OPTOMOTOR,,0.24,1.81,1.20,0.16,2.18,0.00,0.00,,,19.5,29,5.985,0,1,0.324,0.233,0,5
32.84,FLYING,FEED,1,freshripe,0.69,0.88,2.6,56,0,0,0,7,39,OPTOMOTOR,,0.29,1.70,1.15,0.09,1.53,0.00,0.00,,,18.2,32,2.587,0,6,0.371,0.274,0,7
32.89,FLYING,FEED,1,freshripe,0.71,0.85,3.4,55,0,0,0,9,39,OPTOMOTOR,,0.34,1.12,1.13,0.05,1.07,0.00,0.00,,,19.5,29,4.358,0,5,0.451,0.335,0,9
32.94,FLYING,FEED,1,freshripe,0.71,0.85,3.4,55,0,0,0,8,39,OPTOMOTOR,,0.36,0.66,1.44,0.03,0.75,0.00,0.00,,yes,18.2,32,1.968,0,5,0.420,0.313,0,8
33.00,FLYING,FEED,2,freshripe,0.77,0.76,4.0,55,0,0,0,9,39,OPTOMOTOR,,0.41,0.43,1.63,0.02,2.18,0.00,0.00,,yes,18.9,31,4.288,0,3,0.451,0.333,0,9
33.05,FLYING,FEED,2,freshripe,0.77,0.76,4.0,54,0,0,0,10,39,OPTOMOTOR,,0.56,0.72,2.12,0.01,1.53,0.00,0.00,,yes,18.2,32,3.508,0,7,0.517,0.378,0,10
33.10,FLYING,FEED,1,freshripe,0.74,0.58,3.8,54,0,0,0,9,39,OPTOMOTOR,,0.71,0.88,2.36,0.00,1.31,0.00,0.13,,yes,19.3,29,1.791,0,5,0.457,0.337,0,9
33.16,FLYING,FEED,1,freshripe,0.74,0.58,3.8,54,0,0,0,6,39,OPTOMOTOR,,0.79,1.12,2.20,0.15,0.92,0.00,0.24,,yes,18.4,33,2.850,0,1,0.351,0.252,0,6
33.21,FLYING,FEED,2,freshripe,0.66,0.73,3.9,53,0,0,0,4,39,OPTOMOTOR,,0.72,1.25,1.76,0.09,1.75,0.00,0.00,,yes,18.8,31,0.729,4,5,0.237,0.413,0,4
33.27,FLYING,FEED,2,freshripe,0.66,0.73,3.9,53,0,0,0,1,39,CRUISE,,0.62,1.39,1.54,0.05,1.22,0.00,0.00,,yes,18.3,32,0.685,3,5,0.074,0.571,0,1
33.32,FLYING,FEED,2,freshripe,0.22,0.85,4.1,53,0,0,0,2,39,CRUISE,,0.58,1.26,1.53,0.03,1.75,0.00,0.00,,yes,18.9,31,-0.190,5,8,0.106,0.756,0,2
33.37,FLYING,FEED,0,,,,,53,0,0,0,2,39,CRUISE,,1.76,1.65,1.83,0.02,1.22,0.00,0.00,,yes,18.6,31,-0.056,6,7,0.117,0.859,0,2
33.43,FLYING,FEED,0,,,,,53,0,0,0,0,39,CRUISE,,2.36,1.84,1.70,0.01,0.86,0.35,0.09,,yes,18.4,32,0.198,6,7,0.006,0.874,0,0
33.48,FLYING,FEED,0,,,,,53,0,0,0,0,39,AVOID_RIGHT,,1.33,2.32,1.64,0.52,0.60,0.46,0.46,,yes,18.1,33,0.265,6,7,0.045,0.940,0,0
33.55,FLYING,FEED,0,,,,,53,0,0,0,0,39,ESCAPE,,0.82,2.55,1.02,0.82,0.87,0.44,0.44,,yes,14.3,47,-0.052,6,7,0.094,0.963,0,0
33.60,FLYING,FEED,1,rotten,0.23,0.42,0.5,52,0,0,0,4,39,ESCAPE,,0.58,1.79,0.71,0.61,0.61,0.19,0.19,,yes,19.4,30,-0.374,6,8,0.017,0.952,4,0
33.66,FLYING,FEED,0,,,,,52,0,0,0,1,39,ESCAPE,,0.47,1.25,1.16,0.46,0.43,0.01,0.01,,yes,18.2,32,-0.348,5,7,-0.064,0.922,2,-1
33.71,FLYING,FEED,0,,,,,52,0,0,0,-1,39,ESCAPE,,0.40,0.87,1.69,0.34,0.44,0.00,0.23,,yes,18.4,32,-0.159,5,5,-0.116,0.896,1,-2
33.77,FLYING,FEED,0,,,,,52,0,0,0,1,39,ESCAPE,,0.37,0.69,1.95,0.40,0.31,0.00,0.42,,,17.8,33,-0.069,6,7,-0.029,0.938,1,0
33.82,FLYING,FEED,1,freshripe,0.48,0.87,2.2,52,0,0,0,-2,39,ESCAPE,,0.35,0.52,2.00,0.58,0.21,0.00,0.49,,,19.2,30,0.169,6,5,-0.189,0.938,0,-2
33.88,FLYING,FEED,1,freshripe,0.48,0.87,2.2,52,0,0,0,-1,39,ESCAPE,,0.31,0.40,2.03,0.59,0.15,0.00,0.54,,,18.1,33,-0.004,6,6,-0.130,0.943,0,-1
33.93,FLYING,FEED,1,freshripe,0.47,0.85,2.1,51,0,0,0,0,39,ESCAPE,,0.29,0.33,1.31,0.59,0.10,0.00,0.20,,,19.4,30,-0.178,6,8,-0.012,0.998,0,0
33.98,FLYING,FEED,1,freshripe,0.47,0.85,2.1,51,0,0,0,1,39,ESCAPE,,0.28,0.31,0.95,0.33,0.07,0.00,0.04,,,17.9,33,-0.188,6,9,0.048,1.000,0,1
34.04,FLYING,FEED,1,freshripe,0.37,0.98,2.2,51,0,0,0,0,39,ESCAPE,,0.37,0.31,0.72,0.19,0.05,0.00,0.00,,,19.5,29,-0.088,6,6,0.000,1.000,0,0
34.09,FLYING,FEED,1,freshripe,0.37,0.98,2.2,50,0,0,0,-2,39,ESCAPE,,0.42,0.32,0.58,0.10,0.04,0.00,0.00,,,18.1,33,-0.218,6,5,-0.107,0.960,0,-2
34.14,FLYING,FEED,1,freshripe,0.41,0.78,2.3,50,0,0,0,-1,39,ESCAPE,,0.54,0.37,0.51,0.06,0.44,0.00,0.00,,,19.6,29,-0.112,6,7,-0.064,0.988,0,-1
34.20,FLYING,FEED,1,freshripe,0.41,0.78,2.3,50,0,0,0,1,39,ESCAPE,,0.60,0.39,0.47,0.03,0.31,0.00,0.00,,,18.0,33,-0.313,6,8,0.038,1.000,0,1
34.25,FLYING,FEED,2,freshripe,0.67,0.95,2.1,49,0,0,0,0,39,ESCAPE,,0.40,0.44,0.45,0.02,0.21,0.00,0.00,,,18.7,31,0.098,6,7,-0.007,1.000,0,0
34.31,FLYING,FEED,0,,,,,49,0,0,0,0,39,ESCAPE,,0.27,0.46,1.05,0.01,0.15,0.00,0.05,,,18.4,32,-0.068,6,7,-0.010,0.983,0,0
34.36,FLYING,FEED,0,,,,,49,0,0,0,-3,39,ESCAPE,,0.19,0.52,1.34,0.15,0.10,0.00,0.22,,,18.5,32,0.583,6,6,-0.154,0.968,0,-3
34.42,FLYING,FEED,0,,,,,49,0,0,0,-1,39,ESCAPE,,0.14,0.77,1.36,0.11,0.44,0.00,0.06,,,17.9,33,0.703,6,6,-0.077,0.931,0,-1
34.47,FLYING,FEED,1,,,,,49,0,0,0,3,39,ESCAPE,,0.24,1.18,1.21,0.06,0.31,0.04,0.05,,,19.7,29,0.494,5,7,0.137,0.924,0,3
34.52,FLYING,FEED,1,,,,,49,0,0,0,6,38,ESCAPE,,0.42,1.39,1.13,0.04,0.44,0.08,0.08,,,18.2,32,1.013,1,6,0.299,0.811,0,6
34.57,FLYING,FEED,2,freshripe,0.49,0.73,2.0,49,0,0,0,4,38,ESCAPE,,0.69,1.28,1.19,0.02,0.31,0.09,0.09,,,18.9,31,0.494,6,7,0.219,0.819,0,4
34.63,FLYING,FEED,2,freshripe,0.49,0.73,2.0,49,0,0,0,3,38,ESCAPE,,0.85,1.22,1.22,0.01,0.44,0.00,0.00,,,18.3,33,1.103,3,6,0.146,0.790,0,3
34.68,FLYING,FEED,2,rotten,0.47,0.54,2.0,48,0,0,0,4,38,ESCAPE,,0.99,1.19,2.08,0.27,0.31,0.04,0.49,,,18.7,31,1.139,0,5,0.248,0.697,0,4
34.74,FLYING,FEED,2,rotten,0.47,0.54,2.0,48,0,0,0,2,38,ESCAPE,,1.06,1.17,2.52,0.56,0.44,0.00,0.64,,,17.7,33,0.583,5,7,0.243,0.764,0,2
34.79,FLYING,FEED,1,freshripe,0.66,0.81,1.9,48,0,0,0,3,38,ESCAPE,,1.09,1.36,1.98,0.57,0.31,0.13,0.44,,,19.2,30,1.207,0,5,0.321,0.626,0,3
34.85,FLYING,FEED,1,freshripe,0.66,0.81,1.9,47,0,0,0,2,38,ESCAPE,,1.02,1.45,1.71,0.47,0.44,0.11,0.24,,,18.2,32,0.698,5,5,0.146,0.714,0,2
34.90,FLYING,FEED,1,freshripe,0.69,0.76,1.9,47,0,0,0,5,38,ESCAPE,,0.69,1.18,1.16,0.35,0.31,0.04,0.04,,,19.8,29,2.597,0,5,0.138,0.555,3,2
34.95,FLYING,FEED,1,freshripe,0.69,0.76,1.9,47,0,0,0,10,38,ESCAPE,,0.53,1.04,1.27,0.20,1.31,0.00,0.00,,,18.1,33,1.779,0,5,0.312,0.493,5,5
35.01,FLYING,FEED,2,rotten,0.52,0.87,1.9,47,0,0,0,15,38,ESCAPE,,0.45,1.12,1.32,0.11,0.92,0.00,0.00,,yes,18.9,31,3.480,0,5,0.388,0.416,8,7
35.07,FLYING,FEED,2,rotten,0.52,0.87,1.9,46,0,0,0,18,38,ESCAPE,,0.49,1.19,1.41,0.06,0.64,0.00,0.00,,yes,16.1,40,3.626,0,5,0.470,0.387,9,9
35.12,FLYING,FEED,1,rotten,0.68,0.53,1.9,46,0,0,0,20,38,ESCAPE,,0.50,1.22,1.45,0.04,0.45,0.00,0.10,,yes,19.0,30,2.695,0,4,0.455,0.351,11,9
35.17,FLYING,FEED,1,rotten,0.68,0.53,1.9,45,0,0,0,20,38,OPTOMOTOR,,0.47,1.22,1.58,0.02,0.44,0.00,0.17,,yes,18.2,32,3.853,0,4,0.415,0.317,12,8
35.23,FLYING,FEED,1,freshripe,0.70,0.87,1.9,45,0,0,0,19,38,OPTOMOTOR,,0.45,1.22,1.70,0.16,0.31,0.06,0.30,,yes,19.2,30,4.386,0,1,0.380,0.283,13,6
35.28,FLYING,FEED,1,freshripe,0.70,0.87,1.9,45,0,0,0,20,38,AVOID_LEFT,,0.34,1.17,1.77,0.22,0.44,0.00,0.26,,yes,17.8,33,2.745,0,5,0.382,0.283,14,6
35.33,FLYING,FEED,1,freshripe,0.79,0.78,1.8,45,0,0,0,22,38,AVOID_LEFT,,0.36,0.98,1.89,0.16,0.87,0.00,0.11,,yes,19.3,30,4.022,0,5,0.419,0.312,15,7
35.39,FLYING,FEED,1,freshripe,0.79,0.78,1.8,44,0,0,0,24,38,AVOID_LEFT,,0.37,0.84,1.32,0.09,0.61,0.00,0.00,,yes,18.2,32,2.823,0,4,0.415,0.309,16,8
35.44,FLYING,FEED,1,freshripe,0.69,0.58,1.9,44,0,0,0,25,38,OPTOMOTOR,,0.42,0.68,1.65,0.05,0.87,0.00,0.00,,yes,19.4,29,2.310,0,4,0.413,0.307,17,8
35.50,FLYING,FEED,1,freshripe,0.69,0.58,1.9,44,0,0,0,28,38,OPTOMOTOR,,0.45,0.60,1.64,0.03,0.61,0.00,0.11,,yes,18.1,32,2.065,1,7,0.537,0.411,18,10
35.55,FLYING,FEED,1,freshripe,0.52,0.91,1.8,43,0,0,0,28,38,OPTOMOTOR,,0.46,0.36,1.63,0.02,1.75,0.00,0.00,,yes,19.4,29,2.310,0,5,0.531,0.398,18,10
35.60,FLYING,FEED,1,freshripe,0.52,0.91,1.8,43,0,0,0,27,38,OPTOMOTOR,,1.09,0.23,1.25,0.01,1.22,0.00,0.00,,yes,18.1,32,2.089,0,1,0.396,0.300,19,8
35.65,FLYING,FEED,1,freshripe,0.46,0.92,2.0,43,0,0,0,27,38,OPTOMOTOR,,1.40,0.18,1.06,0.01,0.86,0.00,0.00,,yes,19.4,29,2.300,0,5,0.409,0.307,19,8
35.71,FLYING,FEED,1,freshripe,0.46,0.92,2.0,42,0,0,0,28,38,OPTOMOTOR,,1.56,0.26,1.10,0.00,1.31,0.00,0.00,,yes,18.3,32,1.642,0,5,0.438,0.326,19,9
35.76,FLYING,FEED,2,freshripe,0.53,0.95,2.1,42,0,0,0,24,38,OPTOMOTOR,,1.28,0.34,1.49,0.00,0.92,0.00,0.00,,yes,18.8,31,-0.948,2,5,0.257,0.403,19,5
35.82,FLYING,FEED,2,freshripe,0.53,0.95,2.1,42,0,0,0,20,38,CRUISE,,1.14,0.55,1.72,0.00,0.64,0.00,0.14,,yes,18.1,33,0.286,6,7,0.036,0.618,19,1
35.87,FLYING,FEED,1,freshripe,0.57,0.90,2.2,41,0,0,0,17,38,CRUISE,,0.78,1.61,1.87,0.15,0.45,0.18,0.31,,yes,19.3,30,-1.567,1,0,-0.095,0.481,19,-2
35.92,FLYING,FEED,1,freshripe,0.57,0.90,2.2,41,0,0,0,16,38,CRUISE,,0.59,2.32,1.94,0.11,1.75,0.00,0.00,,yes,18.2,32,-2.512,1,0,-0.169,0.318,19,-3
35.98,FLYING,FEED,1,freshripe,0.63,0.74,2.4,41,0,0,0,15,38,CRUISE,,0.97,2.67,1.97,0.34,1.22,0.32,0.32,,yes,19.3,29,-0.104,4,7,-0.131,0.432,17,-2
36.03,FLYING,FEED,1,freshripe,0.63,0.74,2.4,40,0,0,0,15,38,AVOID_RIGHT,,1.16,2.49,2.11,0.60,0.87,0.41,0.41,,yes,17.8,33,-1.918,2,0,-0.207,0.381,17,-2
36.08,FLYING,FEED,1,rotten,0.48,0.72,2.6,40,0,0,0,15,38,AVOID_LEFT,,0.66,2.40,2.56,1.00,0.61,0.50,0.57,,yes,19.4,30,-1.193,2,1,-0.237,0.300,15,0
36.14,FLYING,FEED,1,rotten,0.48,0.72,2.6,40,0,0,0,13,38,AVOID_LEFT,,0.41,2.75,3.52,1.00,0.43,0.76,1.00,,yes,17.8,33,-0.298,4,5,-0.209,0.384,13,0
36.19,FLYING,FEED,1,rotten,0.36,0.53,2.7,39,0,0,0,8,38,AVOID_LEFT,,0.30,2.92,4.01,1.00,1.75,0.19,0.73,,yes,19.0,30,-2.216,2,0,-0.225,0.283,8,0
36.25,FLYING,FEED,1,rotten,0.36,0.53,2.7,39,0,0,0,5,38,AVOID_LEFT,,0.45,2.05,4.25,1.00,1.31,0.00,1.00,,yes,17.8,33,-0.696,6,5,-0.237,0.426,5,0
36.30,FLYING,FEED,1,freshripe,0.30,0.66,2.6,39,0,0,0,3,38,AVOID_LEFT,,0.85,1.62,4.03,1.00,1.31,0.00,0.96,,yes,19.1,30,-2.418,2,0,-0.277,0.306,3,0
36.36,FLYING,FEED,1,freshripe,0.30,0.66,2.6,38,0,0,0,2,38,AVOID_LEFT,,1.04,1.55,3.92,1.00,0.92,0.00,1.00,,yes,17.7,34,-2.698,0,0,-0.346,0.201,2,0
36.41,FLYING,FEED,1,rotten,0.31,0.66,2.7,38,0,0,0,0,38,AVOID_LEFT,,0.90,1.52,2.35,0.83,1.31,0.00,0.12,,yes,19.2,30,-1.451,2,0,-0.366,0.166,1,-1
36.47,FLYING,FEED,1,rotten,0.31,0.66,2.7,38,0,0,0,-3,38,AVOID_LEFT,,0.82,1.29,1.56,0.47,0.92,0.00,0.00,,yes,18.1,33,-4.537,1,0,-0.340,0.141,1,-4
36.52,FLYING,FEED,1,rotten,0.58,0.77,2.8,37,0,0,0,-5,37,AVOID_LEFT,,0.88,1.18,1.27,0.26,1.75,0.00,0.00,,yes,19.5,29,-3.574,1,0,-0.325,0.127,0,-5
36.57,FLYING,FEED,1,rotten,0.58,0.77,2.8,37,0,0,0,-5,37,AVOID_LEFT,,1.03,1.12,1.45,0.15,1.22,0.00,0.00,,yes,18.3,32,-2.479,1,0,-0.316,0.119,0,-5
36.63,FLYING,FEED,1,freshripe,0.24,0.93,2.7,37,0,0,0,-7,37,AVOID_LEFT,,1.11,1.09,1.54,0.08,2.18,0.00,0.00,,yes,16.7,39,-3.595,2,0,-0.362,0.134,0,-7
36.69,FLYING,FEED,1,freshripe,0.24,0.93,2.7,36,0,0,0,-7,37,AVOID_LEFT,,1.41,0.97,1.10,0.05,1.53,0.00,0.00,,yes,18.3,32,-3.117,2,0,-0.387,0.142,0,-7
36.74,FLYING,FEED,1,freshripe,0.24,0.66,2.9,36,0,0,-3,-8,37,OPTOMOTOR,,2.04,0.91,0.81,0.03,1.07,0.08,0.00,,yes,19.7,30,-1.316,2,0,-0.401,0.147,0,-8
36.79,FLYING,FEED,1,freshripe,0.24,0.66,2.9,36,0,0,-5,-5,37,OPTOMOTOR,,2.29,0.88,0.67,0.16,0.75,0.37,0.00,,,18.4,32,-2.149,1,0,-0.285,0.116,0,-5
36.84,FLYING,FEED,1,freshripe,0.27,0.58,2.8,35,0,0,-6,-7,37,AVOID_RIGHT,,2.47,1.34,0.75,0.35,0.52,0.58,0.01,,,19.0,30,-1.006,2,1,-0.344,0.151,-3,-4
36.90,FLYING,SCARED,1,freshripe,0.27,0.58,2.8,35,0,-60,0,-2,37,AVOID_RIGHT,RIGHT,2.59,1.57,0.83,0.61,0.37,0.71,0.20,,,17.9,33,-2.575,0,0,-0.202,0.085,0,-2
36.95,FLYING,SCARED,1,freshripe,0.20,0.87,3.0,35,0,-60,0,-3,37,AVOID_RIGHT,,2.66,1.59,1.04,0.45,1.75,0.06,0.00,,yes,19.5,29,-1.804,2,0,-0.260,0.100,0,-3
37.01,FLYING,SCARED,1,freshripe,0.20,0.87,3.0,35,0,-60,0,-3,37,AVOID_RIGHT,,2.69,1.10,1.50,0.34,1.22,0.33,0.00,,yes,18.0,33,-0.805,5,5,-0.232,0.290,0,-3
37.06,FLYING,SCARED,1,freshripe,0.26,0.69,3.8,35,0,-60,0,-3,37,AVOID_RIGHT,,2.49,0.93,1.73,0.34,0.87,0.41,0.03,,yes,19.1,30,-1.232,2,1,-0.256,0.263,0,-3
37.11,FLYING,SCARED,1,freshripe,0.26,0.69,3.8,35,0,-60,0,-4,37,AVOID_RIGHT,,1.96,0.85,1.85,0.26,0.61,0.27,0.22,,yes,18.0,33,-0.542,6,6,-0.239,0.549,0,-4
37.17,FLYING,SCARED,1,freshripe,0.24,0.76,3.3,35,0,-60,0,-4,37,AVOID_RIGHT,,1.65,0.80,1.50,0.14,0.44,0.21,0.13,,yes,19.4,29,-1.840,2,0,-0.245,0.404,0,-4
37.22,FLYING,SCARED,1,freshripe,0.24,0.76,3.3,35,0,-60,0,-4,37,AVOID_RIGHT,,1.54,0.61,1.91,0.21,0.31,0.22,0.40,,yes,18.0,33,-1.293,2,1,-0.259,0.313,0,-4
37.27,FLYING,SCARED,1,rotten,0.27,0.78,3.9,35,0,-60,0,-6,37,AVOID_LEFT,,1.83,0.51,2.88,0.16,2.18,0.00,0.00,,yes,19.3,29,-1.788,2,0,-0.360,0.229,0,-6
37.33,FLYING,SCARED,1,rotten,0.27,0.78,3.9,35,0,-60,0,-5,37,AVOID_LEFT,,2.07,1.17,3.37,0.36,1.75,0.00,0.41,,yes,18.0,33,-1.254,3,2,-0.366,0.267,0,-5
37.38,FLYING,SCARED,1,freshripe,0.34,0.59,2.9,35,0,-60,0,-4,37,AVOID_LEFT,,2.40,1.51,3.17,0.47,1.22,0.19,0.57,,yes,18.5,32,-0.865,1,0,-0.353,0.169,0,-4
37.44,FLYING,SCARED,1,freshripe,0.34,0.59,2.9,35,0,-60,0,-2,37,ESCAPE,,3.02,1.10,1.96,0.65,0.86,0.68,0.15,,yes,17.8,34,-0.737,1,0,-0.257,0.129,0,-2
37.49,FLYING,SCARED,2,,,,,35,0,-60,0,-1,37,ESCAPE,,3.63,0.90,1.17,0.77,0.60,1.00,0.00,,yes,18.6,31,-0.898,2,1,-0.262,0.158,0,-1
37.55,FLYING,SCARED,0,,,,,35,0,-60,0,-1,37,ESCAPE,,3.95,1.76,0.78,0.87,0.44,1.00,0.26,,yes,17.9,33,-1.341,2,0,-0.310,0.156,0,-1
37.60,FLYING,WAIT,0,,,,,35,0,-39,0,0,37,ESCAPE,,4.10,2.19,0.61,1.00,0.31,1.00,0.54,,yes,17.6,34,-0.434,4,5,-0.199,0.302,0,0
37.66,FLYING,WAIT,1,freshripe,0.37,0.61,1.8,35,0,-25,0,0,37,ESCAPE,,3.57,2.40,0.52,1.00,0.87,0.95,0.36,,yes,19.1,30,-0.195,4,6,-0.093,0.475,0,0
37.71,FLYING,WAIT,1,freshripe,0.37,0.61,1.8,35,0,-16,0,0,37,ESCAPE,,2.82,1.78,0.34,1.00,0.61,0.70,0.18,,yes,18.0,34,-0.119,4,5,-0.071,0.640,0,0
37.76,FLYING,WAIT,1,freshripe,0.43,0.78,1.5,35,0,-10,0,0,37,ESCAPE,,2.35,1.40,0.23,0.95,0.43,0.56,0.09,,yes,19.4,30,0.120,5,7,-0.030,0.761,0,0
37.82,FLYING,WAIT,1,freshripe,0.43,0.78,1.5,35,0,-6,0,0,37,ESCAPE,,2.11,1.14,0.17,0.94,0.30,0.51,0.02,,yes,17.9,33,0.079,4,7,0.029,0.795,0,0
37.87,FLYING,WAIT,1,freshripe,0.32,0.88,1.2,35,0,-4,0,-1,37,ESCAPE,,2.00,0.83,0.17,0.64,0.44,0.38,0.00,,yes,19.4,29,-0.032,4,5,-0.094,0.776,0,-1
37.93,FLYING,WAIT,1,freshripe,0.32,0.88,1.2,35,0,-2,0,-1,37,ESCAPE,,1.50,0.61,0.19,0.50,0.31,0.20,0.00,,yes,18.0,33,-0.158,4,5,-0.099,0.795,0,-1
37.98,FLYING,WAIT,1,freshripe,0.73,0.55,1.0,35,0,-1,0,0,37,ESCAPE,,1.17,0.49,0.20,0.38,0.87,0.00,0.00,,yes,19.3,29,-0.126,6,7,-0.027,0.895,0,0
38.03,FLYING,WAIT,1,freshripe,0.73,0.55,1.0,35,0,-1,0,-1,37,ESCAPE,,0.88,0.40,0.15,0.21,0.61,0.00,0.00,,yes,18.3,32,-0.463,6,7,-0.049,0.881,0,-1
38.09,FLYING,WAIT,1,rotten,0.28,0.71,1.5,35,0,0,0,-1,37,ESCAPE,,0.74,0.35,0.13,0.12,0.87,0.00,0.00,,yes,19.4,29,-0.355,6,8,-0.036,0.906,0,-1
38.15,FLYING,WAIT,1,rotten,0.28,0.71,1.5,35,0,0,0,2,37,ESCAPE,,0.83,0.55,0.39,0.07,0.87,0.00,0.00,,yes,16.4,38,-0.099,6,8,0.123,0.963,0,2
38.20,FLYING,WAIT,0,,,,,35,0,0,0,0,37,ESCAPE,,0.88,0.64,0.51,0.04,0.61,0.00,0.00,,yes,19.5,30,-0.157,4,5,0.005,0.899,0,0
38.25,FLYING,WAIT,0,,,,,35,0,0,0,1,37,ESCAPE,,0.90,0.69,0.57,0.02,0.44,0.00,0.00,,yes,18.7,32,-0.092,5,8,0.057,0.926,0,1
38.31,FLYING,WAIT,0,,,,,35,0,0,0,1,37,ESCAPE,,0.66,0.55,0.46,0.01,0.31,0.00,0.00,,yes,18.4,32,-0.168,6,7,0.028,0.969,0,1
38.36,FLYING,APPROACH,0,,,,,35,0,12,0,3,37,ESCAPE,,0.49,0.47,0.30,0.01,0.44,0.00,0.00,,yes,18.6,32,-0.196,4,8,0.154,0.946,0,3
38.41,FLYING,APPROACH,0,,,,,35,0,20,0,1,37,ESCAPE,,0.39,0.39,0.15,0.00,0.31,0.00,0.00,,yes,18.1,32,-0.095,5,7,0.066,0.933,0,1
38.47,FLYING,APPROACH,0,,,,,35,0,25,0,-1,37,ESCAPE,,0.34,0.35,0.08,0.00,0.87,0.00,0.00,,yes,18.5,31,-0.207,5,5,-0.064,0.873,0,-1
38.52,FLYING,APPROACH,0,,,,,35,0,28,0,1,36,ESCAPE,,0.54,0.52,0.04,0.00,0.61,0.00,0.00,,yes,18.5,31,-0.364,5,7,0.034,0.920,0,1
38.58,FLYING,APPROACH,0,,,,,35,0,30,0,0,36,ESCAPE,,0.65,0.67,0.02,0.00,0.87,0.00,0.00,,yes,18.3,32,-0.317,6,8,0.005,0.928,0,0
38.63,FLYING,APPROACH,0,,,,,35,0,32,0,4,36,ESCAPE,,0.42,0.86,0.24,0.00,0.61,0.00,0.00,,yes,18.4,32,-0.472,5,8,0.186,0.971,0,4
38.69,FLYING,WAIT,0,,,,,35,0,0,0,1,36,ESCAPE,,0.31,0.95,0.40,0.00,0.44,0.00,0.00,,yes,18.3,32,-0.231,5,6,0.059,0.942,0,1
38.74,FLYING,WAIT,0,,,,,35,0,0,0,3,36,ESCAPE,,0.38,0.72,0.48,0.00,0.31,0.00,0.00,,yes,18.5,31,-0.088,5,8,0.154,0.964,0,3
38.79,FLYING,WAIT,0,,,,,35,0,0,0,-3,36,ESCAPE,,0.42,0.60,0.52,0.00,0.87,0.00,0.00,,yes,18.4,32,-0.542,6,7,-0.126,0.948,0,-3
38.85,FLYING,WAIT,0,,,,,35,0,0,0,-1,36,ESCAPE,,1.17,1.38,0.65,0.00,0.61,0.00,0.00,,yes,18.4,32,-0.256,6,7,-0.065,0.953,0,-1
38.90,FLYING,WAIT,0,,,,,35,0,0,0,-2,36,ESCAPE,,1.54,1.77,0.89,0.00,0.87,0.05,0.05,,yes,18.4,31,-0.929,1,2,-0.085,0.751,0,-2
38.96,FLYING,WAIT,0,,,,,35,0,0,0,-5,36,ESCAPE,,1.16,1.31,0.84,0.00,0.61,0.00,0.00,,yes,18.6,31,-1.073,3,2,-0.229,0.647,0,-5
39.01,FLYING,WAIT,0,,,,,35,0,0,0,-4,36,ESCAPE,,0.96,0.83,0.61,0.00,0.43,0.00,0.00,,yes,18.4,32,-0.155,6,7,-0.205,0.755,0,-4
39.07,FLYING,WAIT,0,,,,,35,0,0,0,-3,36,CRUISE,,0.97,0.58,0.31,0.00,1.75,0.00,0.00,,yes,18.3,32,-0.319,6,7,-0.133,0.844,0,-3
39.12,FLYING,WAIT,0,,,,,35,0,0,0,-2,36,CRUISE,,1.35,0.46,0.15,0.00,1.22,0.00,0.00,,yes,18.4,32,-0.283,6,7,-0.096,0.923,0,-2
39.17,FLYING,WAIT,0,,,,,35,0,0,0,-1,36,CRUISE,,1.54,0.39,0.08,0.00,1.75,0.00,0.00,,yes,18.3,32,-0.157,5,5,-0.059,0.925,0,-1
39.23,FLYING,WAIT,0,,,,,35,0,0,0,-1,36,CRUISE,,1.16,0.20,0.04,0.00,1.22,0.00,0.00,,yes,18.4,32,-0.309,6,7,-0.064,0.969,0,-1
39.28,FLYING,WAIT,0,,,,,35,0,0,0,-2,36,CRUISE,,0.97,0.10,0.02,0.00,1.31,0.00,0.00,,,18.3,32,-0.128,6,7,-0.092,0.950,0,-2
39.34,FLYING,WAIT,0,,,,,35,0,0,0,3,36,CRUISE,,1.50,0.05,0.01,0.00,0.92,0.00,0.00,,,18.2,32,1.355,1,7,0.150,0.802,0,3
39.39,FLYING,WAIT,0,,,,,35,0,0,0,3,36,CRUISE,,1.76,0.02,0.00,0.00,1.75,0.00,0.00,,,18.3,32,4.043,0,6,0.171,0.608,0,3
39.45,FLYING,WAIT,0,,,,,35,0,0,0,5,36,OPTOMOTOR,,1.22,0.69,0.00,0.00,1.22,0.00,0.00,,,18.3,32,4.498,0,4,0.267,0.490,0,5
39.50,FLYING,WAIT,0,,,,,35,0,0,0,5,36,OPTOMOTOR,,0.96,1.03,0.00,0.00,1.31,0.00,0.00,,,18.5,31,2.122,0,2,0.270,0.357,0,5
39.56,FLYING,WAIT,0,,,,,35,0,0,0,7,36,OPTOMOTOR,,0.86,0.92,0.03,0.00,0.92,0.00,0.00,,,18.4,32,2.716,0,4,0.343,0.306,0,7
39.61,FLYING,WAIT,0,,,,,35,0,0,0,9,36,OPTOMOTOR,,0.82,0.87,0.04,0.00,1.31,0.00,0.00,,,18.5,31,1.177,0,5,0.456,0.353,0,9
39.67,FLYING,WAIT,0,,,,,35,0,0,0,9,36,OPTOMOTOR,,0.51,1.39,0.06,0.00,0.92,0.00,0.00,,yes,15.9,40,1.632,0,2,0.464,0.351,0,9
39.72,FLYING,WAIT,0,,,,,35,0,0,0,11,36,OPTOMOTOR,,0.34,1.64,0.11,0.00,0.64,0.10,0.10,,yes,19.5,29,1.099,0,6,0.559,0.427,0,11
39.78,FLYING,WAIT,0,,,,,35,0,0,0,3,36,OPTOMOTOR,,0.26,1.21,0.12,0.00,0.45,0.00,0.00,,yes,18.7,32,0.345,6,6,0.142,0.612,0,3
39.83,FLYING,WAIT,0,,,,,35,0,0,0,2,36,CRUISE,,0.21,0.80,0.12,0.00,0.31,0.00,0.00,,yes,18.3,32,0.182,6,7,0.117,0.764,0,2
39.89,FLYING,WAIT,0,,,,,35,0,0,0,1,36,CRUISE,,0.20,0.60,0.13,0.00,1.31,0.00,0.00,,yes,18.3,32,0.118,6,7,0.059,0.864,0,1
39.94,FLYING,WAIT,0,,,,,35,0,0,0,3,36,CRUISE,,0.61,0.78,0.16,0.00,0.92,0.00,0.00,,yes,18.3,32,0.208,6,8,0.140,0.925,0,3
40.00,FLYING,WAIT,0,,,,,35,0,0,0,2,36,CRUISE,,0.81,0.87,0.17,0.00,0.87,0.00,0.00,,yes,18.4,31,0.163,6,7,0.113,0.969,0,2
40.05,FLYING,WAIT,0,,,,,35,0,0,0,4,36,OPTOMOTOR,,0.91,0.76,0.08,0.00,0.61,0.00,0.00,,yes,18.3,32,0.454,5,7,0.214,0.960,0,4
40.11,FLYING,WAIT,0,,,,,35,0,0,0,2,36,CRUISE,,0.93,0.53,0.04,0.00,0.43,0.00,0.00,,yes,18.4,32,4.412,0,2,0.075,0.650,0,2
40.16,FLYING,WAIT,0,,,,,35,0,0,0,4,36,OPTOMOTOR,,0.54,0.59,0.02,0.00,1.75,0.00,0.00,,yes,18.4,32,5.180,0,3,0.188,0.523,0,4
40.21,FLYING,WAIT,0,,,,,35,0,0,0,6,36,CRUISE,,0.34,0.61,0.01,0.00,1.22,0.00,0.00,,yes,18.5,32,2.947,0,6,0.291,0.437,0,6
40.27,FLYING,WAIT,0,,,,,35,0,0,0,8,36,OPTOMOTOR,,0.24,0.62,0.01,0.00,1.31,0.00,0.00,,yes,18.0,33,5.699,0,6,0.398,0.389,0,8
40.32,FLYING,WAIT,0,,,,,35,0,0,0,9,36,OPTOMOTOR,,0.20,0.62,0.00,0.00,0.92,0.00,0.00,,yes,18.7,32,5.351,0,4,0.467,0.367,0,9
40.38,FLYING,WAIT,0,,,,,35,0,0,0,8,36,OPTOMOTOR,,0.18,0.62,0.00,0.00,1.31,0.00,0.00,,yes,18.1,33,2.361,0,1,0.422,0.326,0,8
40.43,FLYING,WAIT,0,,,,,35,0,0,0,7,36,OPTOMOTOR,,0.27,0.77,0.00,0.00,0.92,0.00,0.00,,yes,18.6,32,6.177,0,3,0.347,0.255,0,7
40.49,FLYING,WAIT,0,,,,,35,0,0,0,7,36,OPTOMOTOR,,0.32,0.84,0.04,0.00,0.64,0.00,0.00,,yes,18.2,32,2.007,0,3,0.339,0.243,0,7
40.54,FLYING,WAIT,0,,,,,35,0,0,0,8,36,OPTOMOTOR,,0.32,0.88,0.06,0.00,0.45,0.00,0.00,,yes,19.1,30,1.589,0,5,0.406,0.304,0,8
40.59,FLYING,WAIT,0,,,,,35,0,0,0,8,36,OPTOMOTOR,,0.24,0.68,0.23,0.00,0.31,0.00,0.00,,yes,18.3,32,2.741,0,5,0.415,0.309,0,8
40.65,FLYING,WAIT,0,,,,,35,0,0,0,9,36,OPTOMOTOR,,0.29,0.58,0.35,0.00,1.31,0.00,0.00,,yes,18.0,33,2.380,0,7,0.455,0.336,0,9
40.70,FLYING,WAIT,0,,,,,35,0,0,0,8,36,OPTOMOTOR,,0.31,0.58,0.40,0.00,0.92,0.00,0.00,,yes,18.1,33,1.452,0,2,0.422,0.313,0,8
40.76,FLYING,APPROACH,1,rotten,0.69,0.82,0.5,35,0,12,0,8,36,OPTOMOTOR,,0.32,0.62,0.70,0.00,0.64,0.00,0.00,,yes,19.5,29,2.237,0,5,0.424,0.315,0,8
40.81,FLYING,APPROACH,1,rotten,0.69,0.82,0.5,35,0,20,0,7,36,OPTOMOTOR,,0.29,0.64,1.32,0.00,0.45,0.00,0.00,,yes,18.6,32,0.810,3,6,0.365,0.435,0,7
40.86,FLYING,APPROACH,1,rotten,0.69,0.82,0.5,35,0,25,0,3,36,OPTOMOTOR,,0.26,0.44,1.63,0.00,0.31,0.00,0.18,,yes,18.2,32,0.747,6,7,0.170,0.679,0,3
40.92,FLYING,APPROACH,1,rotten,0.69,0.82,0.5,35,0,28,0,3,36,CRUISE,,0.25,0.34,1.01,0.00,0.22,0.00,0.00,,yes,18.0,33,-0.062,6,8,0.157,0.835,0,3
40.98,FLYING,APPROACH,1,rotten,0.69,0.82,0.5,35,0,30,0,1,36,CRUISE,,0.24,0.51,0.70,0.00,1.75,0.00,0.00,,yes,18.3,32,-0.149,5,6,0.062,0.866,0,1
41.03,FLYING,APPROACH,1,rotten,0.69,0.82,0.5,35,0,32,0,1,36,CRUISE,,0.42,1.21,1.49,0.00,1.22,0.00,0.00,,yes,17.9,33,-0.292,6,7,0.035,0.921,0,1
41.08,FLYING,APPROACH,1,rotten,0.69,0.82,0.5,35,0,33,0,-3,36,CRUISE,,0.51,1.55,1.88,0.00,0.87,0.00,0.00,,yes,18.6,31,-0.814,3,2,-0.132,0.771,0,-3
41.14,FLYING,APPROACH,1,rotten,0.69,0.82,0.5,35,0,33,0,-3,36,CRUISE,,0.25,1.15,1.60,0.00,0.61,0.00,0.00,,yes,18.3,32,-1.680,2,0,-0.168,0.558,0,-3
41.19,FLYING,APPROACH,1,rotten,0.69,0.82,0.5,35,0,34,0,-4,36,OPTOMOTOR,,0.13,0.95,1.39,0.00,1.31,0.00,0.00,,yes,18.4,32,-3.743,0,0,-0.185,0.342,0,-4
41.26,FLYING,APPROACH,1,rotten,0.69,0.82,0.5,35,0,34,0,-5,36,CRUISE,,0.20,1.42,1.28,0.00,0.92,0.00,0.00,,yes,16.3,39,-2.001,2,0,-0.260,0.245,0,-5
41.31,FLYING,APPROACH,1,rotten,0.63,0.66,0.6,35,0,34,0,-3,36,OPTOMOTOR,,0.83,1.65,1.24,0.00,1.31,0.00,0.00,,yes,19.0,29,-4.816,1,0,-0.276,0.157,3,-6
41.36,FLYING,APPROACH,1,rotten,0.63,0.66,0.6,35,0,34,0,0,36,OPTOMOTOR,,1.15,1.61,1.27,0.00,0.92,0.00,0.00,,yes,18.1,32,-5.827,1,0,-0.300,0.136,6,-6
41.41,FLYING,APPROACH,1,,,,,35,0,34,0,-3,36,OPTOMOTOR,,1.13,1.58,1.24,0.00,0.64,0.00,0.00,,yes,19.4,29,-3.834,1,0,-0.303,0.124,3,-6
41.47,FLYING,APPROACH,0,,,,,35,0,34,0,-6,36,OPTOMOTOR,,0.66,1.41,0.97,0.00,0.45,0.00,0.00,,yes,18.2,32,-1.194,3,1,-0.402,0.175,2,-8
41.52,FLYING,APPROACH,0,,,,,35,0,34,0,-6,35,OPTOMOTOR,,0.33,1.33,0.70,0.00,0.31,0.00,0.00,,yes,18.3,32,-1.597,1,0,-0.361,0.160,1,-7
41.58,FLYING,APPROACH,0,,,,,35,0,34,0,-7,35,OPTOMOTOR,,0.17,1.29,0.56,0.00,0.87,0.00,0.00,,yes,18.5,32,-1.099,2,0,-0.387,0.157,1,-8
41.63,FLYING,APPROACH,0,,,,,35,0,34,0,-5,35,OPTOMOTOR,,0.45,1.39,0.57,0.00,0.61,0.00,0.00,,yes,18.4,32,-0.089,6,7,-0.244,0.480,0,-5
41.69,FLYING,APPROACH,0,,,,,35,0,34,0,-3,35,OPTOMOTOR,,0.66,1.44,0.58,0.00,1.31,0.00,0.00,,yes,18.2,32,-0.233,5,8,-0.125,0.718,0,-3
41.74,FLYING,APPROACH,0,,,,,35,0,34,0,-3,35,CRUISE,,0.77,1.15,0.29,0.00,0.92,0.00,0.00,,yes,18.2,32,-0.176,6,7,-0.148,0.824,0,-3
41.80,FLYING,APPROACH,0,,,,,35,0,34,0,0,35,CRUISE,,0.88,1.00,0.14,0.00,0.87,0.00,0.00,,yes,18.4,32,-0.259,5,8,-0.009,0.898,0,0
41.85,FLYING,APPROACH,0,,,,,35,0,27,0,2,35,CRUISE,,1.08,1.02,0.07,0.00,0.61,0.00,0.00,,yes,18.4,32,-0.318,5,8,0.108,0.939,0,2
41.91,FLYING,APPROACH,0,,,,,35,0,23,0,0,35,CRUISE,,1.19,1.03,0.04,0.00,0.43,0.00,0.00,,yes,18.4,32,-0.190,6,6,0.002,0.929,0,0
41.96,FLYING,APPROACH,0,,,,,35,0,20,0,3,35,CRUISE,,0.94,1.00,0.06,0.00,0.30,0.00,0.00,,yes,18.2,32,-0.369,4,8,0.165,0.938,0,3
42.02,FLYING,APPROACH,0,,,,,35,0,18,0,0,35,CRUISE,,0.82,0.98,0.08,0.00,1.31,0.00,0.00,,yes,18.2,32,-0.173,6,7,-0.011,0.947,0,0
42.07,FLYING,APPROACH,0,,,,,35,0,17,0,-5,35,CRUISE,,0.47,1.26,0.34,0.00,0.92,0.00,0.00,,yes,18.4,32,-1.041,4,1,-0.225,0.771,0,-5
42.12,FLYING,APPROACH,0,,,,,35,0,16,0,-5,35,OPTOMOTOR,,0.30,1.41,0.48,0.00,0.64,0.00,0.00,,yes,18.4,32,-3.290,2,0,-0.251,0.515,0,-5
42.18,FLYING,APPROACH,0,,,,,35,0,15,0,-6,35,OPTOMOTOR,,1.46,1.27,0.35,0.00,1.31,0.00,0.00,,yes,18.3,32,-1.667,2,0,-0.282,0.356,0,-6
42.23,FLYING,APPROACH,0,,,,,35,0,15,0,-7,35,OPTOMOTOR,,2.05,1.06,0.27,0.00,0.92,0.10,0.00,,yes,18.3,32,-3.479,2,0,-0.375,0.267,0,-7
42.29,FLYING,APPROACH,0,,,,,35,0,15,0,-6,35,AVOID_RIGHT,,2.21,0.90,0.23,0.15,0.64,0.32,0.00,,yes,18.3,32,-3.162,1,0,-0.356,0.169,0,-6
42.34,FLYING,APPROACH,0,,,,,35,0,15,0,-7,35,AVOID_RIGHT,,1.97,0.69,0.23,0.11,0.45,0.30,0.00,,yes,18.6,32,-1.410,2,0,-0.384,0.162,0,-7
42.40,FLYING,APPROACH,0,,,,,35,0,15,0,-6,35,AVOID_RIGHT,,1.50,0.62,0.24,0.21,0.87,0.00,0.00,,yes,18.0,33,-2.517,1,0,-0.350,0.139,0,-6
42.45,FLYING,APPROACH,1,rotten,0.28,0.88,1.0,35,0,15,0,-9,35,AVOID_RIGHT,,1.26,0.58,0.21,0.12,0.61,0.00,0.00,,yes,19.4,29,-2.257,1,0,-0.331,0.126,-3,-6
42.50,FLYING,APPROACH,1,rotten,0.28,0.88,1.0,35,0,15,0,-13,35,AVOID_RIGHT,,1.33,0.56,0.19,0.07,0.44,0.00,0.00,,yes,18.3,32,-1.299,4,0,-0.435,0.176,-5,-8
42.56,FLYING,APPROACH,1,rotten,0.49,0.85,1.0,35,0,15,0,-15,35,OPTOMOTOR,,1.44,0.45,0.26,0.04,0.31,0.11,0.00,,yes,19.4,29,-2.480,1,0,-0.360,0.147,-8,-7
42.61,FLYING,APPROACH,1,rotten,0.49,0.85,1.0,35,0,15,0,-15,35,OPTOMOTOR,,1.50,0.40,0.31,0.02,0.44,0.07,0.00,,yes,18.3,32,-1.783,0,0,-0.286,0.111,-9,-6
42.66,FLYING,APPROACH,1,freshripe,0.34,0.60,1.2,35,0,15,0,-18,35,OPTOMOTOR,,0.93,0.37,0.33,0.01,0.31,0.00,0.00,,yes,19.4,29,-2.343,2,0,-0.345,0.129,-11,-7
42.72,FLYING,APPROACH,1,freshripe,0.34,0.60,1.2,35,0,15,0,-20,35,OPTOMOTOR,,0.65,0.34,0.30,0.01,0.44,0.00,0.00,,yes,18.4,32,-1.859,2,0,-0.378,0.140,-12,-8
42.77,FLYING,APPROACH,1,,,,,35,0,15,0,-13,35,OPTOMOTOR,,0.74,0.32,0.18,0.00,0.31,0.00,0.00,,yes,19.5,29,-1.469,0,0,-0.296,0.107,-7,-6
42.82,FLYING,APPROACH,0,,,,,35,0,15,0,-12,35,OPTOMOTOR,,0.87,0.28,0.12,0.00,0.44,0.00,0.00,,yes,18.3,32,-1.043,2,1,-0.350,0.160,-5,-7
42.88,FLYING,APPROACH,0,,,,,35,0,15,0,-7,35,OPTOMOTOR,,1.11,0.20,0.09,0.00,0.31,0.00,0.00,,yes,16.6,35,-0.694,4,7,-0.177,0.343,-3,-4
42.93,FLYING,APPROACH,1,rotten,0.26,0.60,1.3,35,0,15,0,-10,35,OPTOMOTOR,,1.22,0.15,0.05,0.00,0.44,0.00,0.00,,yes,19.0,30,-0.635,4,6,-0.171,0.541,-7,-3
42.99,FLYING,APPROACH,1,rotten,0.26,0.60,1.3,35,0,15,0,-13,35,OPTOMOTOR,,1.28,0.13,0.02,0.00,0.44,0.00,0.00,,yes,18.2,32,-0.059,5,7,-0.159,0.691,-10,-3
43.04,FLYING,APPROACH,1,rotten,0.30,0.89,1.4,35,0,15,0,-13,35,CRUISE,,1.30,0.14,0.01,0.00,0.31,0.03,0.00,,yes,19.3,29,-0.388,6,7,-0.108,0.837,-11,-2
43.10,FLYING,APPROACH,1,rotten,0.30,0.89,1.4,35,0,15,0,-14,35,CRUISE,,1.16,0.17,0.01,0.00,0.87,0.00,0.00,,yes,18.3,32,0.427,5,7,-0.074,0.872,-13,-1
43.15,FLYING,APPROACH,1,rotten,0.63,0.70,1.6,35,0,15,0,-14,35,CRUISE,,1.00,0.25,0.07,0.00,0.61,0.00,0.00,,yes,19.4,29,0.424,5,6,-0.029,0.829,-13,-1
43.20,FLYING,APPROACH,1,rotten,0.63,0.70,1.6,35,0,15,0,-14,35,CRUISE,,0.92,0.33,0.11,0.00,0.44,0.00,0.00,,yes,18.3,32,-0.457,6,7,-0.038,0.872,-13,-1
43.25,FLYING,APPROACH,1,freshripe,0.49,0.57,1.4,35,0,15,0,-14,35,CRUISE,,0.67,0.37,0.06,0.00,0.31,0.00,0.00,,yes,19.5,29,0.400,5,7,-0.047,0.863,-13,-1
43.31,FLYING,APPROACH,1,freshripe,0.49,0.57,1.4,35,0,15,0,-12,35,CRUISE,,0.50,0.39,0.04,0.00,0.44,0.00,0.00,,yes,18.4,32,-0.478,6,7,0.036,0.919,-13,1
43.36,FLYING,APPROACH,1,freshripe,0.62,0.69,1.6,35,0,15,0,-16,35,CRUISE,,0.42,0.39,0.02,0.00,0.31,0.00,0.00,,yes,19.2,30,0.068,6,7,-0.141,0.923,-13,-3
43.41,FLYING,APPROACH,1,freshripe,0.62,0.69,1.6,35,0,15,0,-16,35,CRUISE,,0.44,0.40,0.03,0.00,0.21,0.00,0.00,,yes,18.2,32,-0.683,5,5,-0.126,0.867,-13,-3
43.47,FLYING,APPROACH,1,rotten,0.55,0.76,1.5,35,0,15,0,-14,35,CRUISE,,0.51,0.65,0.14,0.00,0.15,0.00,0.00,,yes,19.5,29,0.230,4,5,-0.113,0.846,-12,-2
43.52,FLYING,APPROACH,1,rotten,0.55,0.76,1.5,35,0,15,0,-14,35,CRUISE,,0.58,0.82,0.19,0.00,0.87,0.00,0.00,,yes,18.1,33,0.222,6,5,-0.110,0.872,-12,-2
43.57,FLYING,APPROACH,1,freshripe,0.77,0.81,1.6,35,0,15,0,-16,34,CRUISE,,1.00,0.94,0.14,0.00,0.61,0.00,0.00,,yes,19.5,29,-0.589,6,5,-0.194,0.858,-12,-4
43.63,FLYING,APPROACH,1,freshripe,0.77,0.81,1.6,35,0,15,0,-12,34,CRUISE,,1.22,1.01,0.11,0.00,0.44,0.00,0.00,,yes,17.9,33,0.327,5,8,-0.016,0.874,-12,0
43.68,FLYING,APPROACH,1,freshripe,0.48,0.55,1.8,35,0,15,0,-11,34,CRUISE,,1.08,0.77,0.10,0.00,0.31,0.00,0.00,,yes,19.4,29,-0.605,6,7,-0.018,0.854,-11,0
43.73,FLYING,APPROACH,1,freshripe,0.48,0.55,1.8,35,0,15,0,-12,34,CRUISE,,1.02,0.66,0.09,0.00,0.21,0.00,0.00,,yes,18.3,32,0.332,4,5,-0.027,0.824,-11,-1
43.79,FLYING,APPROACH,1,freshripe,0.67,0.78,1.7,35,0,15,0,-13,34,CRUISE,,1.02,0.71,0.11,0.00,0.44,0.00,0.00,,yes,19.5,29,0.453,6,5,-0.086,0.802,-11,-2
43.84,FLYING,APPROACH,1,freshripe,0.67,0.78,1.7,35,0,15,0,-13,34,CRUISE,,1.16,0.74,0.13,0.00,0.31,0.00,0.00,,yes,18.2,32,-0.330,6,6,-0.120,0.838,-11,-2
43.89,FLYING,APPROACH,1,rotten,0.52,0.59,1.8,35,0,15,0,-14,34,CRUISE,,1.28,0.65,0.11,0.00,0.44,0.00,0.00,,yes,19.5,29,0.110,6,5,-0.207,0.867,-10,-4
43.95,FLYING,APPROACH,1,rotten,0.52,0.59,1.8,35,0,15,0,-13,34,CRUISE,,1.33,0.57,0.09,0.00,0.31,0.05,0.00,,yes,18.2,32,-0.645,5,6,-0.175,0.841,-10,-3
44.00,FLYING,APPROACH,2,rotten,0.35,0.67,1.8,35,0,15,0,-13,34,CRUISE,,1.41,0.56,0.09,0.00,0.44,0.03,0.00,,yes,19.2,31,-0.385,5,5,-0.174,0.850,-10,-3
44.05,FLYING,APPROACH,2,rotten,0.35,0.67,1.8,35,0,15,0,-12,34,OPTOMOTOR,,1.76,0.81,0.15,0.00,0.31,0.26,0.00,,yes,18.0,33,-0.026,5,6,-0.161,0.860,-9,-3
44.11,FLYING,APPROACH,1,rotten,0.55,0.50,2.0,35,0,15,0,-10,34,OPTOMOTOR,,1.93,0.93,0.18,0.15,0.44,0.29,0.00,,yes,19.3,30,-0.060,4,7,-0.070,0.865,-9,-1
44.16,FLYING,APPROACH,1,rotten,0.55,0.50,2.0,35,0,15,0,-8,34,AVOID_RIGHT,,1.60,1.04,0.14,0.11,0.31,0.18,0.00,,yes,18.1,33,1.615,0,4,0.081,0.692,-9,1
44.21,FLYING,APPROACH,1,freshripe,0.45,0.74,2.2,35,0,15,0,-6,34,AVOID_RIGHT,,1.35,1.09,0.12,0.06,0.87,0.00,0.00,,yes,19.3,30,2.270,0,3,0.170,0.547,-9,3
44.27,FLYING,APPROACH,1,freshripe,0.45,0.74,2.2,35,0,15,0,-3,34,AVOID_RIGHT,,1.02,1.82,0.15,0.04,0.61,0.14,0.14,,yes,18.1,33,0.936,3,7,0.331,0.613,-9,6
44.32,FLYING,APPROACH,1,freshripe,0.39,0.84,2.2,35,0,15,0,-3,34,OPTOMOTOR,,0.84,2.18,0.17,0.02,1.31,0.00,0.00,,yes,19.7,29,2.469,0,3,0.261,0.431,-8,5
44.37,FLYING,APPROACH,1,freshripe,0.39,0.84,2.2,35,0,15,0,-4,34,OPTOMOTOR,,0.70,1.55,0.10,0.01,0.92,0.00,0.00,,yes,18.2,32,0.708,6,7,0.143,0.619,-7,3
44.44,FLYING,APPROACH,1,freshripe,0.72,0.87,2.3,35,0,15,0,0,34,CRUISE,,0.56,1.24,0.07,0.01,0.64,0.00,0.00,,yes,15.4,43,3.077,0,4,0.184,0.496,-4,4
44.50,FLYING,APPROACH,1,freshripe,0.72,0.87,2.3,35,0,15,0,2,34,OPTOMOTOR,,0.57,0.99,0.12,0.00,0.87,0.00,0.00,,yes,17.8,33,0.614,5,8,0.255,0.670,-3,5
44.55,FLYING,APPROACH,1,freshripe,0.58,0.97,2.4,35,0,15,0,5,34,OPTOMOTOR,,0.63,0.82,0.17,0.00,0.61,0.00,0.00,,yes,19.3,29,1.704,0,5,0.340,0.587,-2,7
44.60,FLYING,APPROACH,1,freshripe,0.58,0.97,2.4,35,0,15,0,6,34,OPTOMOTOR,,0.66,0.74,0.20,0.00,0.44,0.00,0.00,,yes,18.2,32,0.671,5,8,0.333,0.721,-1,7
44.65,FLYING,APPROACH,1,freshripe,0.68,0.96,3.7,35,0,15,0,7,34,OPTOMOTOR,,0.64,0.69,0.39,0.00,0.31,0.00,0.00,,yes,19.7,29,1.546,0,6,0.343,0.606,0,7
44.71,FLYING,APPROACH,1,freshripe,0.68,0.96,3.7,35,0,15,0,9,34,OPTOMOTOR,,0.60,0.67,0.49,0.00,0.44,0.00,0.00,,yes,18.3,32,0.768,2,8,0.451,0.661,0,9
44.76,FLYING,APPROACH,1,freshripe,0.58,0.94,3.7,35,0,15,0,6,34,OPTOMOTOR,,0.57,0.67,0.51,0.00,0.31,0.00,0.00,,yes,19.5,29,0.998,2,5,0.301,0.663,0,6
44.81,FLYING,APPROACH,1,freshripe,0.58,0.94,3.7,35,0,15,0,6,34,OPTOMOTOR,,0.55,0.67,0.52,0.00,0.21,0.00,0.00,,yes,18.4,32,0.487,5,8,0.313,0.793,0,6
44.87,FLYING,APPROACH,1,freshripe,0.58,0.72,3.0,35,0,15,0,3,34,CRUISE,,0.52,0.68,0.48,0.00,0.15,0.00,0.00,,yes,19.2,30,0.221,6,7,0.130,0.866,0,3
44.92,FLYING,APPROACH,1,freshripe,0.58,0.72,3.0,35,0,15,0,4,34,CRUISE,,0.50,0.64,0.49,0.00,0.10,0.00,0.00,,yes,18.2,32,0.748,5,8,0.224,0.907,0,4
44.97,FLYING,APPROACH,1,freshripe,0.58,0.72,3.0,35,0,15,0,2,34,CRUISE,,0.50,0.59,0.46,0.00,0.87,0.00,0.00,,yes,19.1,30,0.594,5,7,0.094,0.868,0,2
45.03,FLYING,APPROACH,3,freshripe,0.68,0.67,4.6,35,0,14,0,2,34,CRUISE,,0.60,0.57,0.26,0.00,0.61,0.00,0.00,,yes,19.1,30,1.851,0,3,0.101,0.646,0,2
45.08,FLYING,APPROACH,3,freshripe,0.68,0.67,4.6,35,0,14,0,5,34,OPTOMOTOR,,0.73,0.56,0.15,0.00,0.44,0.00,0.00,,yes,18.1,32,2.313,0,4,0.239,0.540,0,5
45.13,FLYING,APPROACH,2,freshripe,0.65,0.80,4.9,35,0,14,0,8,34,OPTOMOTOR,,0.80,0.69,0.34,0.00,0.31,0.00,0.00,,yes,18.9,30,1.358,0,7,0.416,0.537,0,8
45.19,FLYING,APPROACH,2,freshripe,0.65,0.80,4.9,35,0,13,0,9,34,OPTOMOTOR,,0.81,0.86,0.59,0.00,0.87,0.00,0.00,,yes,18.2,32,3.357,0,3,0.466,0.460,0,9
45.24,FLYING,APPROACH,2,freshripe,0.68,0.89,5.0,35,0,13,0,9,34,OPTOMOTOR,,0.82,0.95,1.12,0.00,0.61,0.00,0.00,,yes,18.8,31,2.040,0,3,0.458,0.373,0,9
45.30,FLYING,APPROACH,2,freshripe,0.68,0.89,5.0,35,0,12,0,9,34,OPTOMOTOR,,0.82,0.99,1.38,0.00,1.31,0.00,0.00,,yes,18.2,32,4.458,0,6,0.438,0.339,0,9
45.35,FLYING,APPROACH,2,freshripe,0.59,0.56,6.2,35,0,11,0,11,34,OPTOMOTOR,,0.79,0.86,0.86,0.00,0.92,0.00,0.00,,yes,19.0,30,4.025,0,3,0.461,0.348,2,9
45.40,FLYING,APPROACH,2,freshripe,0.59,0.56,6.2,35,0,11,0,11,34,OPTOMOTOR,,0.70,0.74,0.61,0.00,1.31,0.00,0.00,,yes,18.2,32,1.857,0,3,0.378,0.282,3,8
45.46,FLYING,APPROACH,2,freshripe,0.51,0.85,6.6,35,0,10,0,14,34,OPTOMOTOR,,0.72,0.68,0.50,0.00,0.92,0.00,0.00,,yes,18.9,31,2.704,0,7,0.471,0.349,5,9
45.51,FLYING,APPROACH,2,freshripe,0.51,0.85,6.6,35,0,10,0,17,34,OPTOMOTOR,,0.66,0.77,0.66,0.00,0.87,0.00,0.00,,yes,18.1,32,1.338,0,5,0.494,0.363,7,10
45.56,FLYING,APPROACH,2,freshripe,0.68,0.85,6.8,35,0,10,0,19,34,OPTOMOTOR,,0.57,0.89,0.74,0.00,0.61,0.00,0.00,,yes,19.2,31,1.636,0,7,0.562,0.410,8,11
45.62,FLYING,APPROACH,2,freshripe,0.68,0.85,6.8,35,0,10,0,15,34,OPTOMOTOR,,0.49,1.11,0.84,0.00,0.43,0.00,0.00,,yes,18.2,32,0.669,5,7,0.291,0.603,9,6
45.67,FLYING,FEED,2,freshripe,0.56,0.57,10.0,35,0,6,0,15,34,OPTOMOTOR,,0.43,1.56,0.83,0.00,0.30,0.19,0.19,,yes,18.7,31,0.485,5,6,0.194,0.749,11,4
45.73,FLYING,FEED,2,freshripe,0.56,0.57,10.0,35,0,4,0,14,34,AVOID_RIGHT,,0.40,1.78,0.89,0.15,0.44,0.25,0.25,,yes,17.8,33,0.461,5,7,0.202,0.851,11,3
45.78,FLYING,FEED,2,freshripe,0.61,0.88,10.5,35,0,2,0,12,34,AVOID_RIGHT,,0.51,1.89,0.91,0.43,0.31,0.38,0.38,,yes,18.9,31,-0.157,4,6,0.109,0.856,11,1
45.84,FLYING,FEED,2,freshripe,0.61,0.88,10.5,34,0,1,0,12,34,ESCAPE,,0.79,1.62,0.93,0.62,0.44,0.18,0.18,,yes,17.9,33,0.556,6,7,0.156,0.915,11,1
45.89,FLYING,FEED,2,freshripe,0.28,0.99,40.4,34,0,-2,0,13,34,ESCAPE,,2.43,1.42,0.95,0.52,0.31,0.66,0.16,,yes,18.8,32,-0.372,1,3,-0.040,0.691,13,0
45.95,FLYING,FEED,2,freshripe,0.28,0.99,40.4,34,0,-5,0,14,34,ESCAPE,,3.25,1.33,0.94,0.70,0.44,1.00,0.04,,yes,18.0,33,-0.492,2,5,-0.036,0.580,14,0
46.00,FLYING,FEED,2,freshripe,0.28,0.99,40.4,34,0,-6,0,15,34,ESCAPE,,3.49,1.28,0.95,0.81,1.31,0.69,0.00,,yes,18.4,32,-1.698,1,0,-0.114,0.374,15,0
46.06,FLYING,FEED,2,freshripe,0.28,0.99,40.4,33,0,-7,0,16,34,ESCAPE,,3.61,1.89,0.97,0.86,0.92,0.95,0.08,,yes,15.9,40,-1.559,1,0,-0.173,0.258,16,0
46.12,FLYING,FEED,4,freshripe,0.64,0.91,11.8,33,0,-5,0,14,34,ESCAPE,,3.67,2.31,0.97,1.00,0.87,1.00,0.32,,yes,19.3,30,-0.776,3,4,-0.172,0.322,14,0
46.17,FLYING,FEED,4,freshripe,0.64,0.91,11.8,32,0,-3,0,13,34,ESCAPE,,3.40,2.40,0.83,1.00,0.61,1.00,0.50,,yes,17.8,33,0.209,6,8,-0.153,0.591,13,0
46.23,FLYING,FEED,2,freshripe,0.59,0.99,11.9,32,0,-2,0,8,34,ESCAPE,,2.88,2.45,0.72,1.00,0.87,0.60,0.39,,yes,18.4,31,-0.834,5,5,-0.204,0.681,8,0
46.28,FLYING,FEED,2,freshripe,0.59,0.99,11.9,32,0,-1,0,5,34,ESCAPE,,2.11,2.13,0.58,1.00,0.61,0.36,0.36,,yes,17.7,34,-0.379,5,5,-0.197,0.760,5,0
46.33,FLYING,FEED,1,freshripe,0.76,0.97,13.2,32,0,0,0,3,34,ESCAPE,,1.72,1.69,0.51,1.00,0.44,0.24,0.23,,yes,19.1,30,-0.103,3,4,-0.103,0.718,3,0
46.39,FLYING,FEED,1,freshripe,0.76,0.97,13.2,31,0,0,0,2,34,ESCAPE,,2.57,1.75,0.95,0.95,0.31,0.73,0.32,,yes,17.8,33,1.636,0,7,0.140,0.609,2,0
46.44,FLYING,FEED,1,freshripe,0.66,0.97,13.9,31,0,0,0,1,34,ESCAPE,,2.99,1.85,1.40,0.94,0.87,0.66,0.09,,yes,19.0,30,-2.771,2,0,-0.048,0.381,1,0
46.50,FLYING,FEED,1,freshripe,0.66,0.97,13.9,31,0,0,0,0,34,ESCAPE,,2.12,1.92,1.62,0.85,0.61,0.35,0.25,,yes,17.9,33,-0.804,4,2,-0.181,0.357,1,-1
46.55,FLYING,FEED,2,freshripe,0.58,0.99,12.3,30,0,0,0,-1,34,ESCAPE,,1.68,1.93,0.87,0.59,1.31,0.00,0.00,,yes,18.9,31,-0.323,6,7,-0.140,0.621,0,-1
46.61,FLYING,FEED,2,freshripe,0.58,0.99,12.3,30,0,0,0,-1,34,ESCAPE,,1.73,1.90,0.49,0.33,0.92,0.09,0.09,,yes,18.0,32,-0.585,5,7,-0.053,0.736,0,-1
46.66,FLYING,FEED,2,freshripe,0.69,0.98,15.7,30,0,0,0,-3,34,ESCAPE,,1.76,1.63,0.37,0.19,0.87,0.04,0.00,,yes,18.8,31,-1.937,2,0,-0.164,0.509,0,-3
46.72,FLYING,FEED,2,freshripe,0.69,0.98,15.7,29,0,0,0,-3,34,ESCAPE,,1.78,1.49,0.35,0.11,0.61,0.18,0.04,,yes,18.2,32,-3.050,1,0,-0.171,0.306,0,-3
46.77,FLYING,FEED,2,freshripe,0.70,0.99,14.8,29,0,0,0,-5,34,ESCAPE,,1.82,1.51,0.30,0.06,0.43,0.30,0.14,,yes,19.2,31,-1.898,1,0,-0.251,0.220,0,-5
46.82,FLYING,FEED,2,freshripe,0.70,0.99,14.8,29,0,0,0,-6,34,ESCAPE,,1.85,1.52,0.32,0.18,1.31,0.00,0.00,,,17.9,33,-3.901,2,0,-0.391,0.190,0,-6
46.88,FLYING,FEED,1,freshripe,0.68,0.99,13.7,28,0,0,0,-6,34,ESCAPE,,1.86,1.10,0.90,0.10,0.92,0.07,0.00,,,19.4,29,-2.745,1,0,-0.356,0.155,0,-6
46.93,FLYING,FEED,1,freshripe,0.68,0.99,13.7,28,0,0,0,-5,34,ESCAPE,,2.22,0.90,1.18,0.06,1.75,0.00,0.00,,,18.2,32,-4.167,0,0,-0.284,0.116,0,-5
46.98,FLYING,FEED,1,freshripe,0.34,0.97,8.9,28,0,0,0,-7,34,ESCAPE,,2.44,1.28,1.49,0.03,1.22,0.21,0.00,,,19.8,29,-2.329,2,0,-0.343,0.132,0,-7
47.04,FLYING,FEED,1,freshripe,0.34,0.97,8.9,27,0,0,0,-6,34,ESCAPE,,2.51,2.03,1.38,0.16,0.87,0.42,0.18,,,18.1,32,-4.342,2,0,-0.339,0.127,0,-6
47.09,FLYING,SCARED,1,freshripe,0.34,0.99,9.5,27,0,-60,0,-2,34,ESCAPE,RIGHT,2.04,2.41,1.32,0.61,0.61,0.50,0.50,,,19.4,30,-3.620,0,0,-0.237,0.086,0,-2
47.14,FLYING,SCARED,1,freshripe,0.34,0.99,9.5,27,0,-60,0,-3,34,ESCAPE,,1.75,1.58,1.22,0.46,0.87,0.04,0.00,,yes,18.0,33,-0.850,4,4,-0.257,0.244,0,-3
47.20,FLYING,SCARED,1,freshripe,0.22,0.86,9.6,27,0,-60,0,-5,34,ESCAPE,,1.67,1.11,0.75,0.26,0.61,0.13,0.00,,yes,19.3,29,-2.443,2,0,-0.361,0.233,0,-5
47.25,FLYING,SCARED,1,freshripe,0.22,0.86,9.6,27,0,-60,0,-6,34,ESCAPE,,2.10,0.88,0.51,0.15,0.87,0.21,0.00,,yes,18.4,32,-1.592,1,0,-0.353,0.164,0,-6
47.30,FLYING,SCARED,1,freshripe,0.54,0.99,11.4,27,0,-60,0,-3,34,ESCAPE,,2.31,0.84,0.39,0.32,0.61,0.45,0.00,,yes,19.3,30,-0.753,3,4,-0.211,0.269,0,-3
47.36,FLYING,SCARED,1,freshripe,0.54,0.99,11.4,27,0,-60,0,-4,34,ESCAPE,,2.34,0.82,0.30,0.33,0.87,0.34,0.00,,yes,17.8,33,-2.231,2,0,-0.287,0.218,0,-4
47.41,FLYING,SCARED,1,freshripe,0.52,0.79,13.7,27,0,-60,0,-6,34,ESCAPE,,1.45,0.62,0.16,0.25,0.61,0.02,0.00,,yes,19.4,29,-1.561,2,0,-0.401,0.189,0,-6
47.46,FLYING,SCARED,1,freshripe,0.52,0.79,13.7,27,0,-60,0,-7,34,AVOID_RIGHT,,1.01,0.52,0.09,0.14,2.18,0.00,0.00,,yes,18.1,33,-3.404,2,0,-0.405,0.173,0,-7
47.52,FLYING,SCARED,1,freshripe,0.62,0.88,13.7,27,0,-60,0,-7,34,AVOID_RIGHT,,2.52,1.05,0.12,0.08,1.53,0.10,0.00,,yes,19.6,29,-3.642,2,0,-0.377,0.150,0,-7
47.57,FLYING,SCARED,0,,,,,27,0,-60,0,-8,34,OPTOMOTOR,,3.27,1.71,0.13,0.04,2.18,0.15,0.00,,yes,18.4,31,-1.361,2,0,-0.396,0.151,0,-8
47.63,FLYING,SCARED,0,,,,,27,0,-60,0,-4,34,OPTOMOTOR,,3.37,2.10,0.14,0.28,1.53,0.52,0.00,,yes,17.3,35,-1.097,0,0,-0.306,0.114,0,-4
47.68,FLYING,SCARED,0,,,,,27,0,-60,0,-4,34,AVOID_RIGHT,,3.41,2.29,0.16,0.45,1.07,0.77,0.21,,yes,17.8,34,-1.425,2,0,-0.356,0.131,0,-4
47.74,FLYING,SCARED,1,freshripe,0.41,0.71,11.7,27,0,-60,0,-2,34,AVOID_RIGHT,,2.67,2.27,0.19,0.64,0.87,0.50,0.30,,yes,18.8,31,-3.605,1,0,-0.334,0.121,0,-2
47.79,FLYING,WAIT,1,freshripe,0.41,0.71,11.7,27,0,-39,0,-1,34,AVOID_RIGHT,,2.29,1.99,0.30,0.76,0.61,0.44,0.29,,yes,18.0,33,-3.340,0,0,-0.272,0.097,0,-1
47.84,FLYING,WAIT,1,freshripe,0.56,0.92,9.8,27,0,-25,0,-3,34,AVOID_RIGHT,,2.10,1.81,0.65,0.57,0.87,0.22,0.07,,yes,19.3,30,-2.028,2,0,-0.299,0.107,0,-3
47.90,FLYING,WAIT,0,,,,,27,0,-16,0,-4,34,AVOID_RIGHT,,2.16,1.73,0.94,0.47,0.61,0.38,0.16,,yes,18.4,32,-0.848,2,1,-0.352,0.160,0,-4
47.95,FLYING,WAIT,0,,,,,27,0,-10,0,-1,34,AVOID_RIGHT,,2.81,1.68,1.09,0.72,0.43,0.79,0.23,,yes,17.8,33,0.588,2,7,-0.106,0.391,0,-1
48.01,FLYING,WAIT,2,rotten,0.27,0.72,20.5,27,0,-6,0,0,34,AVOID_RIGHT,,3.14,1.48,0.54,0.81,0.44,0.95,0.12,,yes,18.3,32,0.214,5,7,-0.059,0.649,0,0
48.07,FLYING,WAIT,2,rotten,0.27,0.72,20.5,27,0,-4,0,0,34,AVOID_RIGHT,,1.97,1.38,0.27,0.76,0.31,0.43,0.14,,yes,17.9,33,0.596,5,8,0.099,0.742,0,0
48.12,FLYING,WAIT,2,freshripe,0.55,0.96,7.1,27,0,-2,0,1,34,AVOID_RIGHT,,1.38,1.33,0.14,0.58,0.87,0.00,0.00,,yes,18.7,31,0.459,5,8,0.085,0.809,0,1
48.17,FLYING,WAIT,2,freshripe,0.55,0.96,7.1,27,0,-1,0,0,34,AVOID_RIGHT,,1.29,1.18,0.07,0.32,0.61,0.00,0.00,,yes,17.9,33,0.168,6,7,0.026,0.860,0,0
48.23,FLYING,WAIT,1,freshripe,0.72,0.72,5.5,27,0,-1,0,1,34,AVOID_RIGHT,,1.48,1.48,0.03,0.18,2.18,0.00,0.00,,yes,19.3,30,-0.001,5,7,0.039,0.899,0,1
48.28,FLYING,WAIT,1,freshripe,0.72,0.72,5.5,27,0,0,0,1,34,AVOID_RIGHT,,3.20,1.84,1.77,0.23,1.53,0.43,0.00,,yes,17.9,33,0.238,5,7,0.034,0.892,0,1
48.33,FLYING,WAIT,1,freshripe,0.58,0.86,5.1,27,0,0,0,0,34,AVOID_RIGHT,,4.05,2.02,2.63,0.54,1.75,0.75,0.04,,yes,19.1,30,0.779,5,7,0.006,0.903,0,0
48.39,FLYING,WAIT,1,freshripe,0.58,0.86,5.1,27,0,0,0,2,34,AVOID_RIGHT,,2.86,1.65,2.02,0.45,1.22,0.42,0.00,,yes,17.9,33,3.627,0,6,0.188,0.737,0,2
48.44,FLYING,WAIT,2,freshripe,0.35,0.73,4.3,27,0,0,0,1,34,AVOID_RIGHT,,2.23,1.30,1.68,0.34,1.31,0.06,0.00,,yes,18.9,31,4.209,0,1,0.103,0.505,0,1
48.50,FLYING,WAIT,2,freshripe,0.35,0.73,4.3,27,0,0,0,3,34,AVOID_RIGHT,,1.92,1.01,0.84,0.19,0.92,0.10,0.00,,yes,18.1,32,2.212,0,2,0.173,0.380,0,3
48.55,FLYING,WAIT,1,freshripe,0.68,0.57,1.9,27,0,0,0,8,34,AVOID_RIGHT,,1.76,0.87,0.42,0.11,0.64,0.16,0.00,,yes,19.4,29,3.845,0,8,0.442,0.438,0,8
48.61,FLYING,WAIT,1,freshripe,0.68,0.57,1.9,27,0,0,0,8,34,AVOID_RIGHT,,1.50,0.49,0.21,0.06,1.31,0.00,0.00,,,18.0,32,1.800,0,4,0.451,0.365,0,8
48.66,FLYING,WAIT,1,freshripe,0.32,0.69,2.0,27,0,0,0,8,34,OPTOMOTOR,,1.18,0.42,0.11,0.03,0.92,0.00,0.00,,,19.4,29,2.759,0,2,0.389,0.301,0,8
48.71,FLYING,WAIT,1,freshripe,0.32,0.69,2.0,27,0,0,0,9,34,OPTOMOTOR,,0.98,0.38,0.22,0.02,0.87,0.00,0.00,,,18.2,32,0.893,2,7,0.461,0.456,0,9
48.76,FLYING,WAIT,1,rotten,0.31,0.69,1.7,27,0,0,0,5,34,OPTOMOTOR,,0.71,0.41,0.32,0.01,0.61,0.00,0.00,,yes,19.4,29,0.996,5,8,0.244,0.605,0,5
48.82,FLYING,APPROACH,1,rotten,0.31,0.69,1.7,27,0,12,0,2,34,CRUISE,,0.64,0.45,0.37,0.01,0.44,0.00,0.00,,yes,18.2,32,0.006,6,8,0.209,0.793,-2,4
48.87,FLYING,APPROACH,2,rotten,0.24,0.93,2.7,27,0,20,0,2,34,CRUISE,,0.51,0.45,0.20,0.00,0.31,0.00,0.00,,yes,18.9,30,-0.273,6,8,0.235,0.885,-3,5
48.93,FLYING,APPROACH,2,rotten,0.24,0.93,2.7,27,0,25,0,-2,34,CRUISE,,0.44,0.52,0.12,0.00,0.87,0.00,0.00,,yes,18.1,32,-0.325,5,6,0.091,0.894,-4,2
48.98,FLYING,APPROACH,2,rotten,0.25,0.87,2.9,27,0,28,0,-3,34,CRUISE,,0.41,0.67,0.17,0.00,0.61,0.00,0.00,,yes,18.9,31,-0.577,5,6,0.072,0.913,-4,1
49.04,FLYING,APPROACH,2,rotten,0.25,0.87,2.9,27,0,30,0,-7,34,CRUISE,,0.39,0.75,0.21,0.00,0.87,0.00,0.00,,yes,18.0,33,-3.940,0,0,-0.103,0.571,-5,-2
49.09,FLYING,APPROACH,2,rotten,0.24,0.90,2.4,27,0,32,0,-9,34,CRUISE,,0.39,0.57,0.32,0.00,0.61,0.00,0.00,,yes,18.8,31,-4.853,2,0,-0.185,0.374,-5,-4
49.14,FLYING,APPROACH,2,rotten,0.24,0.90,2.4,27,0,33,0,-11,34,OPTOMOTOR,,0.37,0.46,0.42,0.00,1.75,0.00,0.00,,yes,18.2,32,-2.187,1,0,-0.232,0.258,-6,-5
49.20,FLYING,APPROACH,1,rotten,0.21,0.69,1.7,27,0,33,0,-13,34,OPTOMOTOR,,0.36,0.41,0.51,0.00,1.22,0.00,0.00,,yes,18.1,33,-2.996,2,0,-0.350,0.198,-6,-7
49.25,FLYING,APPROACH,1,rotten,0.21,0.69,1.7,27,0,34,0,-12,34,OPTOMOTOR,,0.45,0.38,0.55,0.00,0.87,0.00,0.00,,yes,18.2,32,-1.914,0,0,-0.264,0.125,-7,-5
49.31,FLYING,APPROACH,1,rotten,0.28,0.51,1.4,27,0,34,0,-13,34,OPTOMOTOR,,0.53,0.33,0.54,0.00,0.61,0.00,0.00,,yes,19.5,29,-1.024,2,1,-0.314,0.171,-7,-6
49.36,FLYING,APPROACH,0,,,,,27,0,34,0,-8,34,OPTOMOTOR,,0.67,0.31,0.53,0.00,0.87,0.00,0.00,,yes,18.4,31,-0.745,5,5,-0.216,0.373,-4,-4
49.41,FLYING,APPROACH,0,,,,,27,0,34,0,-7,34,OPTOMOTOR,,0.79,0.54,0.57,0.00,0.61,0.00,0.00,,yes,18.1,32,-0.422,5,5,-0.207,0.587,-3,-4
49.47,FLYING,APPROACH,2,rotten,0.36,0.50,2.3,27,0,34,0,-6,34,CRUISE,,0.85,0.66,0.58,0.00,0.87,0.00,0.00,,yes,19.0,30,-0.247,5,7,-0.123,0.759,-4,-2
49.52,FLYING,APPROACH,2,rotten,0.36,0.50,2.3,27,0,34,0,-8,33,CRUISE,,0.88,0.71,0.29,0.00,0.87,0.00,0.00,,yes,18.2,32,-0.452,6,7,-0.106,0.833,-6,-2
49.58,FLYING,APPROACH,2,,,,,27,0,34,0,-6,33,CRUISE,,0.85,0.45,0.15,0.00,0.61,0.00,0.00,,yes,18.8,31,-0.746,4,5,-0.135,0.783,-3,-3
49.63,FLYING,APPROACH,2,,,,,27,0,34,0,-6,33,CRUISE,,0.83,0.26,0.09,0.00,0.43,0.00,0.00,,yes,18.3,32,-0.394,6,5,-0.191,0.837,-2,-4
49.68,FLYING,APPROACH,1,rotten,0.22,0.85,2.3,27,0,34,0,-5,33,CRUISE,,0.46,0.17,0.11,0.00,0.30,0.00,0.00,,yes,19.9,29,-0.362,6,7,-0.062,0.905,-4,-1
49.74,FLYING,APPROACH,1,rotten,0.22,0.85,2.3,27,0,34,0,-8,33,CRUISE,,0.27,0.12,0.08,0.00,0.21,0.00,0.00,,yes,17.9,33,-0.508,5,6,-0.102,0.891,-6,-2
49.79,FLYING,APPROACH,1,rotten,0.36,0.94,2.2,27,0,34,0,-10,33,CRUISE,,0.17,0.11,0.09,0.00,0.15,0.00,0.00,,yes,19.5,30,-0.849,6,5,-0.187,0.840,-6,-4
49.84,FLYING,APPROACH,1,rotten,0.36,0.94,2.2,27,0,34,0,-12,33,CRUISE,,0.14,0.13,0.09,0.00,0.87,0.00,0.00,,yes,18.3,32,-0.738,6,4,-0.239,0.792,-7,-5
49.89,FLYING,APPROACH,1,rotten,0.39,0.92,2.2,27,0,34,0,-10,33,CRUISE,,0.43,0.58,0.26,0.00,0.61,0.00,0.00,,yes,19.5,29,-1.024,2,2,-0.165,0.608,-7,-3
49.95,FLYING,APPROACH,1,rotten,0.39,0.92,2.2,27,0,34,0,-11,33,CRUISE,,0.57,0.80,0.34,0.00,0.43,0.00,0.00,,yes,18.3,32,-0.971,3,3,-0.173,0.514,-8,-3
50.00,FLYING,APPROACH,1,rotten,0.56,0.69,2.1,27,0,34,0,-12,33,CRUISE,,0.52,0.51,0.23,0.00,0.30,0.00,0.00,,yes,19.9,29,-1.059,2,1,-0.203,0.389,-8,-4
50.05,FLYING,APPROACH,1,rotten,0.56,0.69,2.1,27,0,34,0,-13,33,OPTOMOTOR,,0.50,0.36,0.16,0.00,0.87,0.00,0.00,,yes,18.2,32,-1.182,3,1,-0.264,0.352,-8,-5
50.10,FLYING,APPROACH,1,rotten,0.32,0.60,2.3,27,0,34,0,-14,33,OPTOMOTOR,,1.05,0.36,0.12,0.00,0.61,0.00,0.00,,yes,19.6,29,-1.084,4,2,-0.292,0.413,-8,-6
50.16,FLYING,APPROACH,1,rotten,0.32,0.60,2.3,27,0,27,0,-14,33,OPTOMOTOR,,1.32,0.37,0.10,0.00,0.44,0.00,0.00,,yes,18.4,32,-1.188,3,1,-0.295,0.352,-8,-6
50.21,FLYING,APPROACH,1,rotten,0.21,0.94,2.2,27,0,23,0,-15,33,OPTOMOTOR,,1.46,0.40,0.10,0.00,0.31,0.07,0.00,,yes,19.5,29,-1.223,2,1,-0.283,0.298,-9,-6
50.26,FLYING,APPROACH,1,rotten,0.21,0.94,2.2,27,0,20,0,-15,33,OPTOMOTOR,,1.53,0.42,0.12,0.00,0.44,0.05,0.00,,yes,18.2,32,-1.121,2,1,-0.295,0.268,-9,-6
50.31,FLYING,APPROACH,1,rotten,0.22,0.74,2.7,27,0,18,0,-15,33,OPTOMOTOR,,1.15,0.38,0.20,0.00,0.31,0.00,0.00,,yes,19.8,29,-1.340,2,1,-0.301,0.251,-9,-6
50.37,FLYING,APPROACH,1,rotten,0.22,0.74,2.7,27,0,17,0,-14,33,OPTOMOTOR,,0.95,0.32,0.24,0.00,1.75,0.00,0.00,,yes,18.2,32,-0.715,5,5,-0.242,0.375,-9,-5
50.42,FLYING,APPROACH,1,rotten,0.25,0.58,2.2,27,0,16,0,-11,33,CRUISE,,0.88,0.29,0.18,0.00,1.22,0.00,0.00,,yes,19.5,30,4.520,0,6,-0.037,0.483,-10,-1
50.49,FLYING,APPROACH,1,rotten,0.25,0.58,2.2,27,0,15,0,-7,33,CRUISE,,1.12,0.39,0.15,0.00,0.87,0.00,0.00,,yes,15.5,32,0.716,4,8,0.141,0.601,-10,3
50.54,FLYING,APPROACH,1,rotten,0.33,0.92,2.7,27,0,15,0,-6,33,CRUISE,,1.25,0.54,0.14,0.00,1.75,0.00,0.00,,yes,19.3,30,0.605,5,7,0.156,0.767,-9,3
50.59,FLYING,APPROACH,1,rotten,0.33,0.92,2.7,27,0,15,0,-6,33,OPTOMOTOR,,1.60,1.04,0.07,0.00,1.22,0.00,0.00,,yes,18.4,32,2.926,0,2,0.151,0.599,-9,3
50.64,FLYING,APPROACH,1,rotten,0.21,0.79,2.8,27,0,15,0,-5,33,OPTOMOTOR,,1.77,1.22,0.03,0.00,0.87,0.00,0.00,,yes,19.6,29,0.611,6,7,0.195,0.699,-9,4
50.70,FLYING,APPROACH,1,rotten,0.21,0.79,2.8,27,0,15,0,-5,33,CRUISE,,1.28,1.38,0.06,0.00,0.61,0.00,0.00,,yes,18.1,32,1.989,0,5,0.186,0.560,-9,4
50.75,FLYING,APPROACH,1,,,,,27,0,15,0,3,33,OPTOMOTOR,,0.97,1.39,0.11,0.00,0.44,0.02,0.02,,yes,19.5,29,1.536,0,7,0.424,0.535,-5,8
50.81,FLYING,APPROACH,1,,,,,27,0,15,0,3,33,OPTOMOTOR,,0.62,1.38,0.10,0.00,0.31,0.07,0.07,,yes,15.5,42,0.538,6,8,0.300,0.682,-3,6
50.87,FLYING,APPROACH,1,,,,,27,0,15,0,4,33,OPTOMOTOR,,0.43,1.01,0.09,0.00,0.44,0.00,0.00,,yes,18.6,31,1.737,0,5,0.292,0.565,-2,6
50.92,FLYING,APPROACH,2,rotten,0.53,0.86,3.1,27,0,15,0,5,33,OPTOMOTOR,,0.32,0.83,0.09,0.00,0.31,0.00,0.00,,yes,19.7,29,1.375,0,5,0.400,0.499,-3,8
50.97,FLYING,APPROACH,2,rotten,0.53,0.86,3.1,27,0,15,0,-1,33,OPTOMOTOR,,0.26,0.74,0.08,0.00,0.44,0.00,0.00,,yes,18.2,32,0.266,6,5,0.143,0.634,-4,3
51.03,FLYING,APPROACH,1,rotten,0.51,0.97,2.5,27,0,15,0,1,33,CRUISE,,0.40,0.69,0.06,0.00,0.31,0.00,0.00,,yes,19.2,30,0.309,5,7,0.165,0.786,-2,3
51.08,FLYING,APPROACH,1,rotten,0.51,0.97,2.5,27,0,15,0,2,33,CRUISE,,0.59,0.60,0.04,0.00,0.44,0.00,0.00,,yes,18.2,32,-0.000,6,8,0.170,0.895,-1,3
51.13,FLYING,APPROACH,2,rotten,0.33,0.93,3.3,27,0,15,0,0,33,CRUISE,,0.76,0.55,0.03,0.00,0.31,0.00,0.00,,yes,19.2,31,0.223,5,6,0.079,0.885,-2,2
51.19,FLYING,APPROACH,2,rotten,0.33,0.93,3.3,27,0,15,0,-3,33,CRUISE,,0.84,0.56,0.03,0.00,0.21,0.00,0.00,,yes,18.2,33,0.049,6,7,0.021,0.904,-3,0
51.24,FLYING,APPROACH,1,rotten,0.45,0.98,2.1,27,0,15,0,-3,33,CRUISE,,0.61,0.58,0.09,0.00,0.15,0.00,0.00,,yes,19.4,29,0.070,6,7,-0.033,0.942,-2,-1
51.29,FLYING,APPROACH,1,rotten,0.45,0.98,2.1,27,0,15,0,5,33,OPTOMOTOR,,0.50,0.59,0.12,0.00,0.44,0.00,0.00,,yes,18.0,33,1.034,2,7,0.290,0.859,-1,6
51.35,FLYING,APPROACH,1,rotten,0.56,0.97,2.9,27,0,15,0,7,33,OPTOMOTOR,,0.41,0.59,0.13,0.00,0.31,0.00,0.00,,yes,19.5,29,1.314,0,7,0.389,0.717,-1,8
51.40,FLYING,APPROACH,1,rotten,0.56,0.97,2.9,27,0,15,0,6,33,OPTOMOTOR,,0.45,0.60,0.11,0.00,0.44,0.00,0.00,,yes,18.2,32,0.535,6,7,0.296,0.809,0,6
51.45,FLYING,APPROACH,2,rotten,0.50,0.93,3.3,27,0,15,0,7,33,OPTOMOTOR,,0.51,0.62,0.14,0.00,0.31,0.00,0.00,,yes,18.9,30,1.470,0,8,0.372,0.665,0,7
51.51,FLYING,APPROACH,2,rotten,0.50,0.93,3.3,27,0,15,0,7,33,OPTOMOTOR,,0.60,0.63,0.15,0.00,0.44,0.00,0.00,,yes,18.4,32,0.903,3,6,0.331,0.632,0,7
51.56,FLYING,APPROACH,1,freshripe,0.30,0.62,3.4,27,0,15,0,7,33,OPTOMOTOR,,0.66,0.65,0.19,0.00,0.44,0.00,0.00,,yes,19.4,29,1.864,0,5,0.340,0.537,0,7
51.61,FLYING,APPROACH,1,freshripe,0.30,0.62,3.4,27,0,15,0,10,33,OPTOMOTOR,,0.67,0.71,0.32,0.00,0.31,0.00,0.00,,yes,18.2,32,0.879,1,7,0.509,0.583,0,10
51.67,FLYING,APPROACH,2,freshripe,0.41,0.51,3.6,27,0,15,0,5,33,OPTOMOTOR,,0.73,0.91,0.38,0.00,1.31,0.00,0.00,,yes,18.9,31,2.107,0,3,0.257,0.471,0,5
51.72,FLYING,APPROACH,2,freshripe,0.41,0.51,3.6,27,0,15,0,7,33,OPTOMOTOR,,0.84,1.01,0.26,0.00,0.92,0.00,0.00,,yes,18.2,33,2.248,0,5,0.373,0.418,0,7
51.78,FLYING,APPROACH,2,freshripe,0.55,0.52,4.5,27,0,15,0,7,33,OPTOMOTOR,,0.90,0.98,0.20,0.00,0.64,0.00,0.00,,yes,18.9,30,1.135,2,7,0.371,0.478,0,7
51.83,FLYING,APPROACH,2,freshripe,0.55,0.52,4.5,27,0,15,0,9,33,OPTOMOTOR,,0.55,0.89,0.17,0.00,0.45,0.00,0.00,,yes,18.0,33,2.454,0,5,0.460,0.422,0,9
51.88,FLYING,APPROACH,2,freshripe,0.55,0.52,4.5,27,0,15,0,9,33,OPTOMOTOR,,0.37,0.85,0.30,0.00,0.31,0.00,0.00,,yes,18.8,31,1.999,0,3,0.448,0.352,0,9
51.94,FLYING,APPROACH,3,freshripe,0.46,0.82,5.3,27,0,13,0,10,33,OPTOMOTOR,,0.24,0.97,0.74,0.00,0.22,0.00,0.00,,yes,19.3,29,1.020,1,6,0.514,0.432,0,10
51.99,FLYING,APPROACH,3,freshripe,0.46,0.82,5.3,27,0,12,0,9,33,OPTOMOTOR,,0.18,1.03,0.96,0.00,0.44,0.00,0.00,,yes,18.1,32,1.964,0,6,0.464,0.457,0,9
52.04,FLYING,APPROACH,3,freshripe,0.46,0.82,5.3,27,0,12,0,7,33,OPTOMOTOR,,0.21,0.86,0.62,0.00,0.31,0.00,0.00,,yes,18.7,31,0.694,6,8,0.341,0.625,0,7
52.10,FLYING,APPROACH,3,freshripe,0.42,0.61,3.9,27,0,13,2,5,33,OPTOMOTOR,,0.22,0.78,0.44,0.00,0.21,0.00,0.00,,yes,19.4,29,1.073,4,7,0.260,0.662,0,5
52.15,FLYING,APPROACH,3,freshripe,0.42,0.61,3.9,27,0,13,4,5,33,OPTOMOTOR,,0.22,0.80,0.70,0.00,0.15,0.00,0.00,,yes,18.2,32,0.565,5,7,0.268,0.730,0,5
52.20,FLYING,APPROACH,2,rotten,0.71,0.82,5.9,27,0,12,6,4,33,CRUISE,,0.22,0.81,0.84,0.00,0.10,0.00,0.00,,yes,18.8,31,0.143,5,8,0.222,0.830,0,4
52.26,FLYING,APPROACH,2,rotten,0.71,0.82,5.9,27,0,11,7,3,33,CRUISE,,0.27,0.81,0.83,0.00,0.07,0.00,0.00,,yes,18.5,32,0.223,6,7,0.134,0.901,0,3
52.31,FLYING,APPROACH,2,freshripe,0.69,0.71,4.8,27,0,12,8,4,33,CRUISE,,0.34,0.81,0.82,0.00,0.05,0.00,0.00,,yes,18.8,31,0.215,5,7,0.180,0.936,0,4
52.37,FLYING,APPROACH,2,freshripe,0.69,0.71,4.8,27,0,13,8,4,33,OPTOMOTOR,,0.44,0.83,0.79,0.00,0.44,0.00,0.00,,yes,18.4,32,0.109,5,7,0.206,0.956,0,4
52.42,FLYING,APPROACH,2,freshripe,0.77,0.83,4.7,27,0,13,8,3,33,CRUISE,,0.59,1.08,0.57,0.00,0.31,0.00,0.00,,yes,18.8,31,0.172,5,6,0.137,0.948,0,3
52.50,FLYING,APPROACH,2,freshripe,0.77,0.83,4.7,27,0,13,8,3,33,OPTOMOTOR,,0.66,1.20,0.47,0.00,0.21,0.04,0.04,,yes,13.0,33,0.033,6,7,0.159,0.967,0,3
52.55,FLYING,APPROACH,2,freshripe,0.57,0.75,4.6,27,0,14,5,2,33,CRUISE,,0.57,0.96,0.46,0.00,0.15,0.00,0.00,,yes,19.2,30,0.047,6,7,0.033,0.950,1,1
52.60,FLYING,APPROACH,2,freshripe,0.57,0.75,4.6,27,0,14,3,3,33,CRUISE,,0.52,0.83,0.51,0.00,0.10,0.00,0.00,,yes,18.0,33,0.190,6,8,0.015,0.987,3,0
52.66,FLYING,APPROACH,2,freshripe,0.57,0.75,4.6,27,0,14,2,8,33,CRUISE,,0.49,0.77,0.57,0.00,0.07,0.00,0.00,,yes,18.5,31,0.816,3,8,0.228,0.923,3,5
52.71,FLYING,FEED,3,freshripe,0.41,0.70,7.4,27,0,9,1,9,33,OPTOMOTOR,,0.44,0.82,0.60,0.00,0.05,0.00,0.00,,yes,19.0,30,1.090,1,7,0.329,0.844,2,7
52.77,FLYING,FEED,3,freshripe,0.41,0.70,7.4,27,0,6,0,5,33,OPTOMOTOR,,0.41,1.01,0.61,0.00,0.44,0.00,0.00,,yes,18.2,32,0.662,5,6,0.194,0.842,1,4
52.82,FLYING,FEED,3,freshripe,0.41,0.70,7.4,27,0,4,0,4,33,OPTOMOTOR,,0.50,1.10,0.56,0.00,0.31,0.00,0.00,,yes,18.8,31,1.187,0,4,0.166,0.664,1,3
52.87,FLYING,FEED,3,freshripe,0.72,0.91,6.6,26,0,2,0,3,33,OPTOMOTOR,,0.54,1.15,0.54,0.00,0.21,0.05,0.05,,yes,19.0,30,0.723,4,6,0.172,0.751,0,3
52.93,FLYING,FEED,3,freshripe,0.72,0.91,6.6,26,0,1,0,5,33,CRUISE,,0.31,1.31,0.74,0.00,0.15,0.17,0.17,,yes,18.0,33,1.030,0,7,0.250,0.713,0,5
52.98,FLYING,FEED,2,freshripe,0.55,0.58,6.5,26,0,1,0,6,33,OPTOMOTOR,,0.19,1.39,0.83,0.00,0.44,0.07,0.07,,yes,18.8,31,1.038,0,6,0.300,0.673,0,6
53.03,FLYING,FEED,2,freshripe,0.55,0.58,6.5,25,0,0,0,6,33,OPTOMOTOR,,0.30,1.24,0.79,0.00,0.31,0.06,0.06,,yes,18.2,32,0.747,5,7,0.291,0.736,0,6
53.09,FLYING,FEED,2,freshripe,0.67,0.65,6.3,25,0,0,0,4,33,OPTOMOTOR,,0.36,1.01,0.72,0.00,0.44,0.00,0.00,,yes,18.9,31,2.228,0,2,0.195,0.567,0,4
53.14,FLYING,FEED,2,freshripe,0.67,0.65,6.3,25,0,0,0,6,33,CRUISE,,0.38,0.90,0.59,0.00,0.44,0.00,0.00,,yes,18.2,32,1.319,0,7,0.322,0.481,0,6
53.20,FLYING,FEED,2,freshripe,0.64,0.51,9.0,24,0,0,0,10,33,OPTOMOTOR,,0.34,0.70,0.63,0.00,0.31,0.00,0.00,,yes,18.7,31,2.854,0,4,0.478,0.461,0,10
53.25,FLYING,FEED,2,freshripe,0.64,0.51,9.0,24,0,0,0,9,33,OPTOMOTOR,,0.40,0.51,0.77,0.00,0.44,0.00,0.00,,yes,18.2,32,3.381,0,4,0.430,0.350,0,9
53.30,FLYING,FEED,2,freshripe,0.65,0.97,6.7,24,0,0,0,13,33,OPTOMOTOR,,0.47,0.39,0.91,0.00,0.31,0.00,0.00,,yes,18.8,31,1.745,0,6,0.524,0.397,3,10
53.36,FLYING,FEED,2,freshripe,0.65,0.97,6.7,23,0,0,0,14,33,OPTOMOTOR,,0.50,0.36,0.98,0.00,0.87,0.00,0.00,,yes,18.0,33,3.845,0,1,0.412,0.314,6,8
53.41,FLYING,FEED,2,freshripe,0.65,0.97,6.7,23,0,0,0,15,33,OPTOMOTOR,,0.48,0.39,1.01,0.00,0.61,0.00,0.00,,yes,18.9,31,4.193,0,2,0.419,0.315,7,8
53.46,FLYING,FEED,3,freshripe,0.53,0.61,7.6,23,0,0,0,19,33,OPTOMOTOR,,0.47,0.41,1.01,0.00,0.44,0.00,0.00,,yes,19.3,29,2.459,0,5,0.506,0.373,9,10
53.52,FLYING,FEED,3,freshripe,0.53,0.61,7.6,22,0,0,0,19,33,OPTOMOTOR,,0.47,0.49,1.01,0.00,0.31,0.00,0.00,,yes,18.2,32,4.253,0,1,0.443,0.329,10,9
53.57,FLYING,FEED,3,freshripe,0.53,0.61,7.6,22,0,0,0,19,33,OPTOMOTOR,,0.45,0.53,0.78,0.00,0.44,0.00,0.00,,yes,18.8,31,2.828,0,3,0.402,0.300,11,8
53.62,FLYING,FEED,3,rotten,0.63,0.64,10.5,22,0,0,0,21,33,OPTOMOTOR,,0.43,0.57,0.63,0.00,0.31,0.00,0.00,,yes,19.1,29,4.341,0,7,0.468,0.345,12,9
53.68,FLYING,FEED,3,rotten,0.63,0.64,10.5,21,0,0,0,21,33,OPTOMOTOR,,0.42,0.62,0.56,0.00,0.87,0.00,0.00,,yes,18.1,32,2.987,0,2,0.361,0.261,14,7
53.73,FLYING,FEED,2,rotten,0.83,0.65,9.0,21,0,0,0,24,33,OPTOMOTOR,,0.36,0.64,1.06,0.00,0.61,0.00,0.00,,yes,18.9,31,4.589,0,7,0.397,0.295,16,8
53.79,FLYING,FEED,2,rotten,0.83,0.65,9.0,21,0,0,0,25,33,OPTOMOTOR,,0.33,0.65,1.31,0.00,0.87,0.00,0.00,,yes,18.2,32,4.214,0,4,0.387,0.285,17,8
53.84,FLYING,FEED,2,freshripe,0.78,0.92,8.9,21,0,0,0,27,33,OPTOMOTOR,,0.35,0.69,1.04,0.00,0.61,0.00,0.00,,yes,18.9,31,3.036,0,3,0.450,0.332,18,9
53.90,FLYING,FEED,2,freshripe,0.78,0.92,8.9,20,0,0,0,28,33,OPTOMOTOR,,0.45,0.71,0.82,0.00,0.43,0.00,0.00,,yes,18.1,32,4.087,0,6,0.509,0.373,18,10
53.95,FLYING,FEED,1,freshripe,0.66,0.77,9.0,20,0,0,0,30,33,OPTOMOTOR,,0.55,0.73,0.70,0.00,0.30,0.00,0.00,,yes,19.4,29,2.998,0,4,0.529,0.386,19,11
54.00,FLYING,FEED,1,freshripe,0.66,0.77,9.0,20,0,0,0,29,33,OPTOMOTOR,,0.60,0.77,0.61,0.00,0.87,0.00,0.00,,yes,18.1,32,3.669,0,5,0.484,0.356,19,10
54.06,FLYING,FEED,2,freshripe,0.66,0.72,10.0,19,0,0,0,27,33,OPTOMOTOR,,0.52,0.79,0.57,0.00,0.61,0.00,0.00,,yes,19.1,31,3.349,0,3,0.404,0.300,19,8
54.11,FLYING,FEED,2,freshripe,0.66,0.72,10.0,19,0,0,0,26,33,OPTOMOTOR,,0.49,0.66,0.57,0.00,0.87,0.00,0.00,,yes,16.7,37,2.543,0,3,0.355,0.255,19,7
54.17,FLYING,FEED,2,freshripe,0.66,0.72,10.0,19,0,0,0,26,33,OPTOMOTOR,,0.47,0.59,0.57,0.00,0.61,0.00,0.00,,yes,18.6,31,2.664,0,5,0.353,0.253,19,7
54.22,FLYING,FEED,2,rotten,0.83,0.51,9.9,18,0,0,0,27,33,OPTOMOTOR,,0.43,0.53,0.48,0.00,0.43,0.00,0.00,,yes,19.5,29,2.189,0,4,0.377,0.276,19,8
54.27,FLYING,FEED,2,rotten,0.83,0.51,9.9,18,0,0,0,26,33,OPTOMOTOR,,0.39,0.54,0.44,0.00,0.44,0.00,0.00,,yes,18.2,32,2.018,0,3,0.371,0.270,19,7
54.33,FLYING,FEED,1,freshripe,0.84,0.56,10.6,18,0,0,0,27,33,OPTOMOTOR,,0.37,0.80,0.54,0.00,0.31,0.00,0.00,,yes,19.4,29,1.915,0,5,0.392,0.290,19,8
54.38,FLYING,FEED,1,freshripe,0.84,0.56,10.6,17,0,0,0,27,33,OPTOMOTOR,,0.37,0.93,0.81,0.00,0.21,0.00,0.00,,yes,18.3,32,1.638,0,3,0.379,0.278,19,8
54.43,FLYING,FEED,1,freshripe,0.83,0.76,11.0,17,0,0,0,26,33,OPTOMOTOR,,0.27,0.99,1.17,0.00,0.15,0.02,0.11,,yes,19.3,30,1.843,0,3,0.372,0.271,19,7
54.49,FLYING,FEED,1,freshripe,0.83,0.76,11.0,17,0,0,0,28,33,OPTOMOTOR,,0.22,1.02,1.49,0.00,0.44,0.00,0.13,,yes,18.1,33,1.594,0,6,0.459,0.338,19,9
54.54,FLYING,FEED,1,freshripe,0.85,0.68,10.8,16,0,0,0,25,32,OPTOMOTOR,,0.33,1.71,1.65,0.30,0.31,0.30,0.30,,yes,19.4,29,1.717,0,3,0.452,0.333,19,6
54.59,FLYING,FEED,1,freshripe,0.85,0.68,10.8,16,0,0,0,24,32,OPTOMOTOR,,0.41,2.06,1.63,0.37,0.87,0.19,0.19,,yes,18.3,33,1.661,0,3,0.406,0.302,19,5
54.65,FLYING,FEED,1,freshripe,0.73,0.76,10.4,16,0,0,0,22,32,AVOID_RIGHT,,0.73,2.20,1.61,0.68,0.61,0.39,0.39,,yes,19.3,30,1.655,0,5,0.499,0.366,19,3
54.70,FLYING,FEED,1,freshripe,0.73,0.76,10.4,15,0,0,0,21,32,ESCAPE,,1.09,2.27,1.60,0.79,0.44,0.52,0.52,,yes,18.0,33,1.537,0,4,0.460,0.339,19,2
54.75,FLYING,FEED,1,freshripe,0.80,0.93,10.0,15,0,0,0,19,32,ESCAPE,,1.40,2.35,1.46,1.00,0.31,0.62,0.62,,yes,19.0,30,2.140,0,3,0.411,0.305,19,0
54.81,FLYING,FEED,1,freshripe,0.80,0.93,10.0,15,0,0,0,20,32,ESCAPE,,1.77,2.39,1.36,0.84,1.31,0.14,0.14,,yes,18.2,32,3.186,0,3,0.425,0.315,19,1
54.86,FLYING,FEED,1,freshripe,0.87,0.52,9.4,14,0,0,0,22,32,ESCAPE,,2.48,1.79,1.34,0.62,0.92,0.38,0.04,,yes,19.1,30,0.700,4,8,0.352,0.492,19,3
54.92,FLYING,FEED,1,freshripe,0.87,0.52,9.4,14,0,0,0,23,32,ESCAPE,,3.36,1.49,1.63,0.61,0.87,0.84,0.00,,yes,17.8,33,1.089,0,6,0.490,0.463,19,4
54.97,FLYING,FEED,1,rotten,0.47,0.74,5.7,14,0,0,0,19,32,ESCAPE,,3.28,1.68,1.95,0.86,0.61,0.93,0.27,,yes,19.0,30,0.011,3,4,0.136,0.551,19,0
55.03,FLYING,FEED,1,rotten,0.47,0.74,5.7,13,0,0,0,19,32,ESCAPE,,2.32,1.84,1.94,0.94,0.43,0.55,0.36,,yes,18.1,33,-0.773,4,5,0.042,0.668,19,0
55.08,FLYING,FEED,1,freshripe,0.81,0.98,9.1,13,0,0,0,19,32,ESCAPE,,1.46,2.10,2.10,0.94,1.31,0.00,0.00,,yes,19.3,30,1.030,1,6,0.129,0.638,19,0
55.13,FLYING,FEED,1,freshripe,0.81,0.98,9.1,13,0,0,0,20,32,ESCAPE,,1.42,2.33,2.47,0.68,0.92,0.31,0.38,,yes,18.0,33,1.000,2,7,0.232,0.645,19,1
55.19,FLYING,FEED,1,freshripe,0.76,0.79,5.9,12,0,0,0,20,32,ESCAPE,,1.09,2.34,3.64,0.81,1.31,0.12,0.77,,yes,19.1,30,-0.199,5,7,0.215,0.749,19,1
55.24,FLYING,FEED,1,freshripe,0.76,0.79,5.9,12,0,0,0,20,32,ESCAPE,,2.01,2.23,3.27,0.86,0.92,0.26,0.78,,yes,17.9,33,1.036,0,7,0.274,0.670,19,1
55.29,FLYING,FEED,1,freshripe,0.80,0.90,8.9,12,0,0,0,19,32,ESCAPE,,1.39,1.63,3.09,0.89,0.87,0.00,0.71,,yes,19.1,30,0.294,6,5,0.132,0.773,19,0
55.35,FLYING,FEED,1,freshripe,0.80,0.90,8.9,11,0,0,0,19,32,ESCAPE,,1.54,1.32,2.92,0.91,0.61,0.07,0.75,,yes,17.8,33,0.588,4,8,0.231,0.835,19,0
55.40,FLYING,FEED,1,freshripe,0.87,0.73,9.5,11,0,0,0,19,32,ESCAPE,,1.62,1.17,2.84,0.68,1.31,0.00,0.36,,yes,19.2,30,-1.239,2,0,-0.025,0.637,19,0
55.46,FLYING,FEED,1,freshripe,0.87,0.73,9.5,11,0,0,0,18,32,ESCAPE,,1.76,1.20,2.86,0.65,0.92,0.02,0.57,,yes,17.9,33,-1.068,1,0,-0.134,0.420,19,-1
55.51,FLYING,FEED,1,rotten,0.82,0.92,11.9,11,0,0,0,19,32,ESCAPE,,2.50,1.42,2.87,0.88,0.87,0.41,0.60,,yes,19.4,30,-0.806,4,5,-0.136,0.465,19,0
55.57,FLYING,FEED,1,rotten,0.82,0.92,11.9,10,0,0,0,19,32,ESCAPE,,2.50,1.54,2.84,1.00,0.61,0.54,0.71,,yes,17.6,34,-2.732,0,0,-0.137,0.319,19,0
55.62,FLYING,DONE,1,rotten,0.90,0.70,12.0,10,5,0,0,12,32,ESCAPE,,2.50,2.35,2.82,1.00,1.31,0.20,0.36,,yes,17.4,35,0.032,1,6,-0.040,0.356,12,0
55.68,FLYING,DONE,1,rotten,0.90,0.70,12.0,10,8,0,0,8,32,ESCAPE,,2.44,2.76,2.67,1.00,0.92,0.52,0.52,,yes,17.8,33,-0.111,6,7,-0.101,0.591,8,0
55.73,FLYING,DONE,1,rotten,0.86,0.57,11.9,10,10,0,0,4,32,ESCAPE,,2.41,2.28,2.59,0.82,1.31,0.15,0.24,,yes,19.3,29,-2.647,2,0,-0.179,0.457,5,-1
55.79,FLYING,DONE,1,rotten,0.86,0.57,11.9,10,12,0,0,1,32,ESCAPE,,2.22,2.04,2.25,0.50,0.92,0.25,0.26,,yes,17.9,33,-2.737,2,0,-0.242,0.324,3,-2
55.84,FLYING,DONE,1,freshripe,0.85,0.77,12.3,10,13,0,0,-2,32,ESCAPE,,2.12,1.55,2.07,0.37,1.75,0.00,0.00,,yes,19.4,29,-1.953,1,0,-0.328,0.230,2,-4
55.89,FLYING,DONE,1,freshripe,0.85,0.77,12.3,10,13,0,0,-6,32,ESCAPE,,2.07,1.08,2.29,0.21,1.22,0.03,0.14,,yes,18.2,32,-2.963,2,0,-0.413,0.196,1,-7
55.95,FLYING,DONE,1,rotten,0.88,0.68,10.2,10,14,0,0,-1,32,ESCAPE,,1.96,0.85,2.46,0.35,0.87,0.14,0.39,,yes,19.0,30,1.260,0,3,-0.089,0.182,0,-1
56.00,FLYING,DONE,1,rotten,0.88,0.68,10.2,10,14,0,0,-1,32,ESCAPE,,1.90,0.96,2.49,0.61,0.61,0.25,0.54,,yes,18.1,33,-1.790,1,0,-0.071,0.179,0,-1
56.05,FLYING,DONE,1,freshripe,0.82,0.85,12.2,10,14,0,0,-2,32,ESCAPE,,1.81,1.49,2.33,0.60,0.87,0.07,0.33,,yes,19.2,30,-0.573,6,5,-0.232,0.353,0,-2
56.11,FLYING,DONE,1,freshripe,0.82,0.85,12.2,10,14,0,0,-1,32,ESCAPE,,1.83,1.76,1.20,0.51,0.61,0.21,0.17,,yes,17.9,33,0.524,5,8,-0.122,0.619,0,-1
56.16,FLYING,DONE,1,rotten,0.79,0.51,11.1,10,14,0,0,0,32,ESCAPE,,1.98,3.44,0.60,1.00,0.44,1.00,1.00,,yes,19.0,31,1.378,1,6,0.015,0.596,0,0
56.22,FLYING,DONE,1,rotten,0.79,0.51,11.1,10,14,0,0,0,32,ESCAPE,,2.19,2.28,0.34,1.00,0.31,0.59,0.59,,yes,17.7,34,0.986,1,7,0.191,0.617,0,0
56.27,FLYING,DONE,1,freshripe,0.83,0.94,11.0,10,14,0,0,0,32,ESCAPE,,2.16,1.70,0.24,1.00,0.21,0.57,0.34,,yes,18.8,31,0.363,6,7,0.167,0.795,0,0
56.33,FLYING,DONE,1,freshripe,0.83,0.94,11.0,10,14,0,0,0,32,AVOID_RIGHT,,2.32,1.38,0.20,1.00,0.44,0.54,0.07,,yes,18.1,33,0.187,6,7,0.178,0.882,0,0
56.38,FLYING,DONE,1,freshripe,0.87,0.85,10.0,10,14,0,0,0,32,AVOID_RIGHT,,3.02,1.22,0.10,1.00,0.31,0.96,0.06,,yes,19.2,30,0.136,5,6,0.084,0.878,0,0
56.44,FLYING,DONE,1,freshripe,0.87,0.85,10.0,10,14,0,0,0,32,AVOID_RIGHT,,3.37,1.14,0.05,1.00,0.44,1.00,0.00,,yes,17.6,34,1.087,3,8,0.164,0.832,0,0
56.49,FLYING,DONE,1,freshripe,0.85,0.65,8.7,10,14,0,0,0,31,AVOID_RIGHT,,3.32,0.86,0.49,0.98,0.31,1.00,0.00,,yes,19.4,30,2.115,0,3,0.065,0.554,0,0
56.54,FLYING,DONE,1,freshripe,0.85,0.65,8.7,10,14,0,0,0,31,AVOID_RIGHT,,3.05,0.69,0.71,0.96,0.21,1.00,0.00,,yes,17.8,33,0.958,2,7,0.250,0.612,0,0
56.60,FLYING,DONE,1,rotten,0.79,0.91,10.0,10,14,0,0,0,31,AVOID_RIGHT,,2.04,0.63,0.92,0.87,0.15,0.54,0.00,,yes,19.2,30,0.962,3,5,0.175,0.612,0,0
56.65,FLYING,DONE,1,rotten,0.79,0.91,10.0,10,14,0,0,2,31,AVOID_RIGHT,,1.53,0.68,1.09,0.60,0.44,0.15,0.00,,yes,17.9,33,0.960,0,7,0.308,0.635,0,2
56.70,FLYING,DONE,1,freshripe,0.78,0.90,10.3,10,14,0,0,3,31,AVOID_RIGHT,,1.36,1.30,1.17,0.34,0.31,0.13,0.10,,yes,19.5,29,-0.113,2,6,0.226,0.624,0,3
56.76,FLYING,DONE,1,freshripe,0.78,0.90,10.3,10,14,0,0,3,31,AVOID_RIGHT,,1.32,1.74,1.22,0.44,0.21,0.36,0.36,,yes,18.3,33,1.350,0,6,0.287,0.623,0,3
56.81,FLYING,DONE,1,rotten,0.79,0.58,10.3,10,14,0,0,0,31,AVOID_RIGHT,,1.26,2.66,1.16,1.00,0.15,0.85,0.85,,yes,18.7,31,0.774,6,8,0.357,0.718,0,0
56.87,FLYING,DONE,1,rotten,0.79,0.58,10.3,10,14,0,0,0,31,AVOID_RIGHT,,1.26,3.43,0.86,1.00,0.87,0.88,0.88,,yes,17.8,33,0.002,5,8,0.324,0.795,0,0
56.92,FLYING,DONE,1,rotten,0.81,0.93,9.2,10,14,0,0,0,31,AVOID_LEFT,,1.45,3.98,0.71,1.00,0.61,1.00,1.00,,yes,19.0,30,-0.751,5,5,0.129,0.767,0,0
56.98,FLYING,DONE,1,rotten,0.81,0.93,9.2,10,14,0,0,0,31,AVOID_RIGHT,,1.81,4.10,0.76,1.00,0.44,1.00,1.00,,yes,17.7,34,-1.033,4,1,-0.130,0.670,0,0
57.03,FLYING,DONE,1,rotten,0.82,0.94,11.4,10,14,0,0,0,31,CRUISE,,1.72,3.75,1.29,1.00,0.31,1.00,1.00,,yes,19.0,31,-1.829,0,0,-0.175,0.405,0,0
57.09,FLYING,DONE,1,rotten,0.82,0.94,11.4,10,14,0,0,0,31,AVOID_LEFT,,1.01,2.83,2.23,1.00,0.44,0.80,0.80,,yes,15.9,40,-1.428,1,0,-0.214,0.276,0,0
57.15,FLYING,DONE,1,rotten,0.81,0.57,10.9,10,9,0,0,0,31,AVOID_LEFT,,0.66,1.92,2.69,1.00,0.31,0.41,0.79,,yes,18.9,30,-0.678,5,6,-0.201,0.408,0,0
57.20,FLYING,DONE,1,rotten,0.81,0.57,10.9,10,6,0,0,0,31,AVOID_LEFT,,0.54,1.47,3.33,1.00,0.44,0.12,1.00,,yes,18.0,33,-1.587,2,0,-0.258,0.325,0,0
57.25,FLYING,DONE,1,rotten,0.75,0.78,9.4,10,4,0,0,0,31,AVOID_LEFT,,0.48,1.25,3.32,1.00,0.31,0.07,1.00,,yes,19.0,30,-1.248,2,1,-0.261,0.283,0,0
57.31,FLYING,DONE,1,rotten,0.75,0.78,9.4,10,2,0,0,0,31,AVOID_LEFT,,0.38,1.07,3.32,1.00,0.44,0.00,1.00,,yes,17.9,33,-0.515,6,7,-0.235,0.507,0,0
57.36,FLYING,DONE,1,rotten,0.75,0.59,7.2,10,1,0,0,0,31,AVOID_LEFT,,0.31,0.99,2.52,1.00,0.31,0.00,0.71,,yes,19.1,30,-0.902,5,5,-0.239,0.619,0,0
57.42,FLYING,DONE,1,rotten,0.75,0.59,7.2,10,1,0,0,-1,31,AVOID_LEFT,,0.27,0.93,1.78,0.82,0.44,0.00,0.27,,yes,18.2,32,-1.073,2,2,-0.207,0.539,0,-1
57.47,FLYING,DONE,2,rotten,0.46,0.82,9.6,10,0,0,0,-2,31,AVOID_LEFT,,0.35,0.86,1.38,0.46,0.31,0.00,0.14,,yes,18.7,31,-0.548,6,6,-0.223,0.675,0,-2
57.52,FLYING,DONE,2,rotten,0.46,0.82,9.6,10,0,0,0,-3,31,AVOID_LEFT,,0.44,0.86,1.15,0.26,0.44,0.00,0.00,,yes,18.2,32,-1.230,2,1,-0.169,0.537,0,-3
57.58,FLYING,DONE,1,rotten,0.73,0.78,7.4,10,0,0,0,-4,31,AVOID_LEFT,,0.48,0.90,1.03,0.15,0.31,0.00,0.00,,yes,19.9,29,-1.211,2,0,-0.240,0.398,0,-4
57.63,FLYING,DONE,1,rotten,0.73,0.78,7.4,10,0,0,0,-4,31,AVOID_LEFT,,0.64,0.99,0.97,0.08,0.21,0.00,0.00,,yes,18.2,32,-0.600,5,5,-0.232,0.558,0,-4
57.68,FLYING,DONE,1,rotten,0.70,0.78,10.2,10,0,0,0,-4,31,OPTOMOTOR,,0.82,1.03,0.99,0.05,0.15,0.04,0.04,,yes,19.4,29,-1.300,2,1,-0.221,0.428,0,-4
57.74,FLYING,DONE,1,rotten,0.70,0.78,10.2,10,0,0,0,-4,31,OPTOMOTOR,,0.99,1.06,1.00,0.03,0.10,0.08,0.08,,yes,17.8,33,-0.654,5,7,-0.199,0.627,0,-4
57.79,FLYING,DONE,2,rotten,0.73,0.51,9.2,10,0,0,0,-3,31,CRUISE,,1.14,1.08,1.08,0.01,0.44,0.00,0.00,,,19.2,31,-1.433,0,0,-0.174,0.410,0,-3
57.84,FLYING,DONE,2,rotten,0.73,0.51,9.2,10,0,0,0,-4,31,OPTOMOTOR,,1.25,1.45,1.25,0.01,0.31,0.17,0.17,,,18.3,32,-1.325,2,1,-0.219,0.317,0,-4
57.90,FLYING,DONE,1,rotten,0.55,0.84,8.6,10,0,0,0,-4,31,OPTOMOTOR,,1.31,1.63,1.33,0.15,0.21,0.31,0.31,,,19.4,29,-0.589,5,5,-0.220,0.512,0,-4
57.95,FLYING,DONE,1,rotten,0.55,0.84,8.6,10,0,0,0,-3,31,AVOID_RIGHT,,1.31,1.05,1.01,0.26,0.15,0.18,0.05,,,18.1,33,-1.073,2,2,-0.180,0.436,0,-3
58.00,FLYING,DONE,2,rotten,0.73,0.94,9.4,10,0,0,0,-2,31,AVOID_RIGHT,,1.29,0.77,0.85,0.15,0.87,0.00,0.00,,,18.9,31,-0.453,6,8,-0.127,0.670,0,-2
58.06,FLYING,DONE,2,rotten,0.73,0.94,9.4,10,0,0,0,-1,31,CRUISE,,0.97,0.72,0.80,0.08,0.61,0.00,0.00,,,18.3,32,-0.853,2,5,-0.055,0.668,0,-1
58.11,FLYING,DONE,1,rotten,0.81,0.92,10.9,10,0,0,0,-1,31,CRUISE,,0.82,0.70,0.77,0.05,0.43,0.00,0.00,,,19.4,29,-0.575,5,8,-0.036,0.767,0,-1
58.17,FLYING,DONE,1,rotten,0.81,0.92,10.9,10,0,0,0,-1,31,CRUISE,,0.72,0.54,0.67,0.03,0.30,0.00,0.00,,,18.2,32,-0.237,5,6,-0.046,0.827,0,-1
58.22,FLYING,DONE,1,freshripe,0.77,0.69,8.4,10,0,0,0,-2,31,CRUISE,,0.57,0.38,0.61,0.01,0.87,0.00,0.00,,,19.4,29,-0.734,5,5,-0.114,0.814,0,-2
58.27,FLYING,DONE,1,freshripe,0.77,0.69,8.4,10,0,0,0,-1,31,CRUISE,,0.41,0.29,0.64,0.01,0.61,0.00,0.00,,,18.4,32,-0.590,4,7,-0.056,0.811,0,-1
58.32,FLYING,DONE,1,freshripe,0.80,0.72,9.6,10,0,0,0,-4,31,CRUISE,,0.33,0.25,0.66,0.00,0.87,0.00,0.00,,,19.6,29,-1.266,2,0,-0.209,0.551,0,-4
58.38,FLYING,DONE,1,freshripe,0.80,0.72,9.6,10,0,0,0,-4,31,OPTOMOTOR,,0.29,0.47,0.44,0.00,0.61,0.00,0.00,,,18.0,33,-0.648,5,5,-0.219,0.644,0,-4
58.43,FLYING,DONE,1,rotten,0.77,0.83,8.9,10,0,0,0,-4,31,CRUISE,,0.33,0.58,0.31,0.00,0.44,0.00,0.00,,,19.4,29,-1.627,2,0,-0.220,0.501,0,-4
58.48,FLYING,DONE,1,rotten,0.77,0.83,8.9,10,0,0,0,-5,31,OPTOMOTOR,,0.51,0.37,0.16,0.00,0.31,0.00,0.00,,,18.4,32,-0.451,6,7,-0.227,0.659,0,-5
58.54,FLYING,DONE,1,rotten,0.79,0.53,8.8,10,0,0,0,-4,31,CRUISE,,0.59,0.27,0.09,0.00,0.44,0.00,0.00,,,19.5,29,-0.393,6,5,-0.197,0.766,0,-4
58.59,FLYING,DONE,1,rotten,0.79,0.53,8.8,10,0,0,0,-4,31,OPTOMOTOR,,0.56,0.56,0.10,0.00,0.31,0.00,0.00,,,18.4,32,-0.827,2,2,-0.192,0.651,0,-4
58.65,FLYING,DONE,1,rotten,0.69,0.87,10.4,10,0,0,0,-2,31,CRUISE,,0.53,0.89,0.13,0.00,0.44,0.00,0.00,,,17.4,35,-0.316,6,8,-0.110,0.805,0,-2
58.70,FLYING,DONE,1,rotten,0.69,0.87,10.4,10,0,0,0,-2,31,CRUISE,,0.53,1.08,0.14,0.00,0.31,0.00,0.00,,,17.9,33,-0.257,6,8,-0.096,0.877,0,-2
58.75,FLYING,DONE,1,rotten,0.78,0.92,8.2,10,0,0,0,0,31,CRUISE,,0.62,1.26,0.14,0.00,0.21,0.12,0.12,,,19.3,30,0.142,6,8,-0.020,0.961,0,0
58.81,FLYING,DONE,1,rotten,0.78,0.92,8.2,10,0,0,0,2,31,CRUISE,,1.65,1.52,0.15,0.00,0.87,0.00,0.00,,,18.1,32,0.004,6,8,0.079,0.980,0,2
58.86,FLYING,DONE,1,rotten,0.82,0.80,10.0,10,0,0,0,-1,31,AVOID_RIGHT,,2.17,2.35,0.17,0.41,0.61,0.47,0.47,,,19.1,30,-0.164,6,6,-0.095,0.937,0,-1
58.92,FLYING,DONE,1,rotten,0.82,0.80,10.0,10,0,0,0,0,31,ESCAPE,RIGHT,2.56,2.76,0.17,1.00,0.43,0.77,0.77,,,18.0,34,-0.298,6,8,0.005,0.995,0,0
58.97,FLYING,DONE,1,rotten,0.78,0.76,12.2,10,0,0,0,0,31,ESCAPE,RIGHT,2.61,2.14,0.11,1.00,0.30,0.76,0.52,,,19.0,30,-0.654,6,5,-0.226,0.913,0,0
59.03,FLYING,DONE,1,rotten,0.78,0.76,12.2,10,0,0,0,0,31,ESCAPE,RIGHT,2.79,1.45,0.08,1.00,0.87,0.56,0.00,,,17.8,33,-0.971,3,2,-0.229,0.709,0,0
59.08,FLYING,DONE,1,rotten,0.87,0.77,11.3,10,0,0,0,0,31,ESCAPE,RIGHT,2.94,0.95,0.21,0.96,0.61,0.77,0.00,,,19.1,30,-1.101,2,1,-0.232,0.499,0,0
59.13,FLYING,DONE,1,rotten,0.87,0.77,11.3,10,0,0,0,0,31,ESCAPE,RIGHT,3.07,0.70,0.27,0.95,0.44,0.91,0.00,,,18.2,33,-0.432,6,8,-0.187,0.691,0,0
59.19,FLYING,DONE,1,rotten,0.87,0.87,10.6,10,0,0,0,0,31,ESCAPE,RIGHT,3.13,0.67,0.14,0.94,0.31,1.00,0.00,,,19.5,30,-0.835,2,4,-0.112,0.632,0,0
59.24,FLYING,DONE,1,rotten,0.87,0.87,10.6,10,0,0,0,0,31,ESCAPE,RIGHT,2.73,0.68,0.07,0.94,0.44,0.75,0.00,,,17.9,33,-0.416,5,7,-0.086,0.771,0,0
59.29,FLYING,DONE,1,rotten,0.90,0.86,10.4,10,0,0,0,0,31,ESCAPE,RIGHT,2.07,0.71,0.12,0.79,0.31,0.48,0.00,,,19.3,30,-0.701,6,7,-0.098,0.853,0,0
59.35,FLYING,DONE,1,rotten,0.90,0.86,10.4,10,0,0,0,1,31,ESCAPE,RIGHT,1.74,0.73,0.14,0.56,0.87,0.03,0.00,,,18.1,33,-0.224,6,8,0.074,0.933,0,1
59.40,FLYING,DONE,1,rotten,0.92,0.92,10.0,10,0,0,0,2,31,ESCAPE,RIGHT,1.47,0.38,0.16,0.31,0.61,0.03,0.00,,,19.7,29,-0.338,5,8,0.167,0.959,0,2
59.45,FLYING,DONE,1,rotten,0.92,0.92,10.0,10,0,0,0,3,31,ESCAPE,,1.26,0.21,0.16,0.18,0.44,0.01,0.00,,,18.2,32,-0.282,6,8,0.170,0.978,0,3
59.51,FLYING,DONE,2,rotten,0.90,0.73,10.1,10,0,0,0,1,30,ESCAPE,,1.07,0.50,0.11,0.10,0.31,0.00,0.00,,,18.9,31,-0.127,6,8,0.071,0.961,0,1
59.56,FLYING,DONE,2,rotten,0.90,0.73,10.1,10,0,0,0,2,30,ESCAPE,,1.07,0.64,0.07,0.06,0.21,0.03,0.00,,,18.1,33,-0.285,6,7,0.109,0.975,0,2
59.61,FLYING,DONE,1,rotten,0.85,0.71,10.3,10,0,0,0,4,30,ESCAPE,,1.21,0.71,0.04,0.03,0.15,0.13,0.00,,,19.5,30,-0.555,6,8,0.205,0.973,0,4
59.67,FLYING,DONE,1,rotten,0.85,0.71,10.3,10,0,0,0,0,30,ESCAPE,,1.37,0.75,0.03,0.02,0.44,0.07,0.00,,,18.0,33,0.397,3,5,-0.005,0.786,0,0
59.72,FLYING,DONE,1,rotten,0.89,0.59,9.8,10,0,0,0,2,30,ESCAPE,,1.36,1.03,0.03,0.01,0.31,0.13,0.00,,,19.5,29,1.934,0,6,0.117,0.628,0,2
59.77,FLYING,DONE,1,rotten,0.89,0.59,9.8,10,0,0,0,5,30,ESCAPE,,1.29,1.28,0.38,0.01,0.21,0.14,0.13,,,18.4,32,1.409,0,7,0.238,0.515,0,5
59.83,FLYING,DONE,1,rotten,0.89,0.59,9.8,10,0,0,0,3,30,ESCAPE,,0.99,1.29,0.55,0.15,0.15,0.17,0.17,,,19.0,31,-0.916,2,3,0.181,0.486,0,3
59.88,FLYING,DONE,2,rotten,0.86,0.71,9.9,10,0,0,0,-1,30,ESCAPE,,0.84,1.34,0.64,0.23,0.10,0.22,0.22,,,19.8,29,-1.743,2,0,-0.060,0.340,0,-1
59.93,FLYING,DONE,2,rotten,0.86,0.71,9.9,10,0,0,0,-2,30,ESCAPE,,1.13,1.37,0.62,0.28,0.07,0.25,0.25,,,18.4,33,-1.885,2,0,-0.141,0.244,0,-2
59.99,FLYING,DONE,2,rotten,0.84,0.94,10.4,10,0,0,0,-2,30,ESCAPE,,1.39,1.51,0.75,0.42,0.05,0.33,0.33,,,18.6,32,0.028,6,8,-0.159,0.447,0,-2
60.04,FLYING,DONE,2,rotten,0.84,0.94,10.4,10,0,0,0,-1,30,ESCAPE,,1.90,1.58,0.72,0.50,0.44,0.33,0.17,,,17.9,33,-0.126,5,7,-0.110,0.667,0,-1
60.11,FLYING,DONE,2,rotten,0.85,0.99,10.0,10,0,0,0,-1,30,ESCAPE,,2.37,1.08,0.70,0.54,0.31,0.63,0.00,,,14.9,46,-0.035,6,7,-0.079,0.823,0,-1
60.17,FLYING,DONE,2,rotten,0.85,0.99,10.0,10,0,0,0,-1,30,ESCAPE,,2.61,0.65,0.35,0.40,1.31,0.25,0.00,,,17.8,33,-0.043,6,8,-0.053,0.873,0,-1
60.22,FLYING,DONE,1,rotten,0.88,0.66,10.3,10,0,0,0,1,30,ESCAPE,,2.73,0.42,0.18,0.43,0.92,0.51,0.00,,,19.2,30,-0.116,5,8,0.064,0.926,0,1
60.27,FLYING,DONE,1,rotten,0.88,0.66,10.3,10,0,0,0,1,30,ESCAPE,,2.45,0.32,0.09,0.50,0.64,0.50,0.00,,,18.0,33,-0.145,6,8,0.056,0.974,0,1
60.32,FLYING,DONE,1,rotten,0.88,0.61,10.6,10,0,0,0,0,30,ESCAPE,,1.65,0.34,0.12,0.53,0.45,0.20,0.00,,,19.4,30,-0.482,6,6,0.017,0.963,0,0
60.38,FLYING,DONE,1,rotten,0.88,0.61,10.6,10,0,0,0,0,30,ESCAPE,,1.26,0.46,0.17,0.30,0.31,0.07,0.00,,,18.5,32,-0.691,4,5,0.019,0.842,0,0
60.43,FLYING,DONE,1,freshripe,0.88,0.55,10.7,10,0,0,0,-2,30,ESCAPE,,1.05,0.76,0.30,0.17,0.44,0.00,0.00,,,19.7,29,-0.273,6,5,-0.098,0.870,0,-2
60.48,FLYING,DONE,1,freshripe,0.88,0.55,10.7,10,0,0,0,1,30,ESCAPE,,1.12,1.03,0.37,0.09,0.31,0.01,0.00,,,18.0,33,1.209,3,7,0.061,0.780,0,1
60.54,FLYING,DONE,1,rotten,0.88,0.67,10.7,10,0,0,0,2,30,CRUISE,,0.98,1.17,0.97,0.05,0.21,0.08,0.08,,,19.4,29,0.521,5,7,0.084,0.840,0,2
60.59,FLYING,DONE,1,rotten,0.88,0.67,10.7,10,0,0,0,-1,30,CRUISE,,0.67,1.24,1.07,0.03,0.44,0.00,0.00,,,18.2,32,-2.007,0,0,-0.043,0.558,0,-1
60.64,FLYING,LAND,1,freshripe,0.61,0.61,11.5,10,0,0,0,-3,30,CRUISE,,0.51,1.61,1.54,0.16,0.31,0.25,0.25,,,19.3,30,-0.976,5,3,-0.174,0.510,0,-3
